{"type": "FeatureCollection", "features": [{"id": "Gama", "type": "Feature", "properties": {"ra_nome": "Gama", "ra_numero": 2.0, "cod_subdistrito": 53001080507, "populacao": 145659}, "geometry": {"type": "Polygon", "coordinates": [[[-48.253709225367295, -15.975912628126899], [-48.2473312385577, -15.975503499838], [-48.2457250113387, -15.9731262937516], [-48.2460588724857, -15.9723628966377], [-48.2432255338167, -15.9730556753132], [-48.241300356670095, -15.9716672966907], [-48.2401776609897, -15.9719008922976], [-48.2401609473189, -15.970862912378701], [-48.2380599567297, -15.9725286503483], [-48.232591592659695, -15.971924795000401], [-48.2293768746532, -15.970492479217802], [-48.2283821018166, -15.971247728135602], [-48.2252251163412, -15.9712048216242], [-48.2237565195911, -15.9697101021418], [-48.2230117222978, -15.9706421459939], [-48.2213728139849, -15.970522252451198], [-48.2206851584099, -15.9694220779993], [-48.2185617775122, -15.969526094571698], [-48.2161356779031, -15.9674407443731], [-48.2147753686601, -15.967406911927597], [-48.2145534252035, -15.9661282107576], [-48.2044872959619, -15.964301201431397], [-48.2006642039281, -15.962218387034], [-48.1985675373122, -15.963937884377497], [-48.195543748959395, -15.962637585335099], [-48.1931570582706, -15.9638557520039], [-48.192111995435894, -15.9606842117379], [-48.189370034346496, -15.9581427253306], [-48.187101988833795, -15.953644015518298], [-48.1870470253962, -15.9479839500536], [-48.184130829944095, -15.9466818435121], [-48.1730429036974, -15.9472857778093], [-48.170785907812295, -15.9393845185406], [-48.164077627337, -15.9427520170971], [-48.164758156614, -15.9406925064552], [-48.166263408359, -15.9396862598167], [-48.1564067948825, -15.9364270720494], [-48.153395799671095, -15.9469445372207], [-48.1448652137018, -15.9425639071586], [-48.143685274025195, -15.943140920816898], [-48.143291213297395, -15.9505412952425], [-48.1339414395057, -15.9557157346334], [-48.1215810988763, -15.9795214023458], [-48.117513843803, -15.9751048697315], [-48.120794069694, -15.969052998703498], [-48.1220885156632, -15.968745283794998], [-48.1225299708343, -15.9660392085388], [-48.124065309733005, -15.9658634228624], [-48.122235206972796, -15.9612310361454], [-48.1227418731021, -15.960266610625], [-48.121847937032, -15.959728813590003], [-48.122867008346496, -15.9581610405831], [-48.122305685532005, -15.9559661114216], [-48.1202163794611, -15.954660117992002], [-48.1200617073188, -15.953768488093097], [-48.1165064073927, -15.9528900019066], [-48.1140683355208, -15.951110445611], [-48.112112251659795, -15.9514186325081], [-48.103841355338496, -15.9420574480865], [-48.1021271440327, -15.937269605966899], [-48.0945037871233, -15.932277730616699], [-48.0902503565657, -15.926000233770502], [-48.0872776593053, -15.925473979742602], [-48.086642801896595, -15.927036104339898], [-48.0836218480174, -15.927503713745901], [-48.081710459273005, -15.926691320815298], [-48.0775856391451, -15.929575658067101], [-48.077663118129195, -15.9388214695378], [-48.0539652561668, -15.9526026912826], [-48.0495184885682, -15.953287870571298], [-48.044184206857196, -15.951779556432399], [-48.0407721059697, -15.949218181507398], [-48.038254752148, -15.9453576330193], [-48.015221430941494, -15.9725204390634], [-48.0104966780279, -15.975896001046499], [-48.0045693413821, -15.9779802019691], [-48.0070886752219, -15.986195153840898], [-48.010264207224196, -15.991722065251402], [-48.011724188806596, -15.997146550302398], [-48.0161012430317, -16.0001732878691], [-48.018148235816, -16.002699933092], [-48.026799855730495, -16.008546726678098], [-48.0398157114833, -16.020308858712898], [-48.0436743979608, -16.0195137098544], [-48.045406498281096, -16.020509456748798], [-48.0481655580046, -16.027097905221], [-48.049244216500696, -16.0276062755447], [-48.049589441013296, -16.0299219403997], [-48.0508494286931, -16.0308791928875], [-48.053864577516, -16.0364796562543], [-48.0539579796113, -16.0374075316754], [-48.0507065600152, -16.035887714572898], [-48.0476626074886, -16.0368051257235], [-48.0404061449543, -16.0463148624289], [-48.0371825833341, -16.048494560300398], [-48.038588343738695, -16.0499990178394], [-48.2786060124863, -16.050261166208198], [-48.277481415770005, -16.048923764735], [-48.278664623451796, -16.044846711021798], [-48.2775319962077, -16.0439845405276], [-48.2785904161075, -16.0417959687225], [-48.276963986687, -16.0410975883661], [-48.2771936553947, -16.039166496374], [-48.2758725639619, -16.036913779896498], [-48.2734859062766, -16.0356500790895], [-48.274160205138, -16.0343718366369], [-48.271891407674595, -16.0317666171265], [-48.2729704198498, -16.0305275993436], [-48.272195008058496, -16.027618779449398], [-48.271415493559395, -16.0273438980208], [-48.2721909053506, -16.0256289661226], [-48.271288309614796, -16.0250792032653], [-48.2725232246897, -16.0240822452479], [-48.2699056970557, -16.0223057727314], [-48.270681108847, -16.0199220994472], [-48.2700287782924, -16.0188759089351], [-48.2702853457632, -16.0164089372838], [-48.2716667137229, -16.0154620318276], [-48.271202544381595, -16.0146042468849], [-48.2722459970608, -16.0135533674962], [-48.2713436518613, -16.0096506316746], [-48.272435378152096, -16.0089228141475], [-48.271091143739696, -16.007920208370198], [-48.2688854110299, -16.0025172772376], [-48.2677936847391, -16.0012101763726], [-48.2662229356882, -16.0012547366293], [-48.2654059976475, -15.996869264692798], [-48.262624520096004, -15.9948003161724], [-48.2639257437815, -15.992685199679899], [-48.2616347862503, -15.9897210221723], [-48.2627953371049, -15.988992537869597], [-48.261705122665695, -15.985445572920002], [-48.259399093045495, -15.984712064587598], [-48.258198349953396, -15.983290264189899], [-48.2590775551463, -15.982315602433198], [-48.258781137395594, -15.980336134741798], [-48.260112505259094, -15.9800497650504], [-48.2604742353956, -15.9789545265815], [-48.2565554350972, -15.977052193888001], [-48.253750365002006, -15.977130784872799], [-48.253709225367295, -15.975912628126899]]]}}, {"id": "Taguatinga", "type": "Feature", "properties": {"ra_nome": "Taguatinga", "ra_numero": 3.0, "cod_subdistrito": 53001080508, "populacao": 205670}, "geometry": {"type": "Polygon", "coordinates": [[[-48.061975966000595, -15.738452892238698], [-48.0573520536161, -15.740511714541299], [-48.0527146407575, -15.744335723834402], [-48.049913292376296, -15.748352114893597], [-48.047625516866695, -15.753673803209901], [-48.0171866385599, -15.751555502101], [-48.006304798805395, -15.754129155400799], [-48.0056562966918, -15.755492602854302], [-48.007199350673005, -15.7629893693681], [-48.0059778123591, -15.772383194676399], [-48.0066606987682, -15.775434903298299], [-48.0045644837693, -15.7836630710048], [-48.00299423274184, -15.786311335035256], [-48.0257425605541, -15.790427571468001], [-48.044411132280096, -15.791011152137097], [-48.05345760466479, -15.792243724557698], [-48.0580568405839, -15.805352658127498], [-48.0585299672942, -15.8129454121026], [-48.0564989431945, -15.821758007658], [-48.05198335402601, -15.8321188390214], [-48.048030259156796, -15.8315690996085], [-48.0456579992672, -15.8326652860504], [-48.0432730910726, -15.836839226732797], [-48.0424098979045, -15.836407561119001], [-48.0402022845855, -15.840614236293002], [-48.0375506790491, -15.843593429892698], [-48.0356316039517, -15.8475855413093], [-48.0374468348724, -15.8494961852634], [-48.041036336732795, -15.851144675561198], [-48.027919921887495, -15.875625239041199], [-48.0426275989279, -15.873522341486598], [-48.045797794794595, -15.874042168353899], [-48.0371385611573, -15.868228696918198], [-48.039946202801495, -15.863055761410001], [-48.044504772629196, -15.8632723757322], [-48.048075341708696, -15.8594685503591], [-48.050886462492095, -15.8609782556721], [-48.054067955457796, -15.856558926786], [-48.060608111462, -15.858930144316], [-48.0647309517846, -15.857282627824999], [-48.0678516570109, -15.851633590915], [-48.0690934870566, -15.851974738461898], [-48.0725178323571, -15.8470097917989], [-48.074519299757696, -15.847884113581602], [-48.07532958471253, -15.84358939835173], [-48.0796934986965, -15.846071979886], [-48.0828403719964, -15.8468800893437], [-48.0832491803103, -15.8483917293881], [-48.088638026834396, -15.852089550395], [-48.0934438991561, -15.837670313656], [-48.088038208912, -15.835846123349299], [-48.093405783192495, -15.821804216948003], [-48.092532049495794, -15.8214962905049], [-48.0940464446875, -15.816908128970397], [-48.101537405105, -15.8053534323632], [-48.102297798370095, -15.8058939891928], [-48.1076172508917, -15.798902699710501], [-48.1085728141177, -15.7996054325696], [-48.112422161392495, -15.794522456544197], [-48.1110314689708, -15.794039342706101], [-48.1083323174691, -15.790282064416502], [-48.11190076798102, -15.77041362009798], [-48.1008124992832, -15.765868014032101], [-48.098796979224005, -15.7653641340173], [-48.097358196576096, -15.765891064040302], [-48.0960684492838, -15.764952317593298], [-48.0941627507305, -15.7649071945258], [-48.0886367994425, -15.761355914997397], [-48.0819140528859, -15.759365440002197], [-48.0775394378308, -15.7569713390858], [-48.073161467091595, -15.7589835609525], [-48.068696598932, -15.759000197376599], [-48.0667498796343, -15.7572451230429], [-48.065731086339596, -15.7543615125114], [-48.0686390806492, -15.746992984642999], [-48.0724333326598, -15.740952943416698], [-48.07245748981317, -15.73656226465434], [-48.061975966000595, -15.738452892238698]]]}}, {"id": "Sobradinho", "type": "Feature", "properties": {"ra_nome": "Sobradinho", "ra_numero": 5.0, "cod_subdistrito": 53001080510, "populacao": 65569}, "geometry": {"type": "Polygon", "coordinates": [[[-47.7630554749272, -15.711468309932402], [-47.7732571992959, -15.7055081389905], [-47.777163090660295, -15.6998155754546], [-47.7810207285129, -15.6982780931901], [-47.7824583337338, -15.696489605716001], [-47.7857812958865, -15.6945831523193], [-47.7870218945684, -15.689553944087498], [-47.794763078328195, -15.6816519075918], [-47.7956415877576, -15.6793503001735], [-47.7978787256695, -15.677146916592799], [-47.7982399034057, -15.6738259519833], [-47.7999373538644, -15.671427158355002], [-47.8060039512619, -15.6669462402063], [-47.808207097567454, -15.66710572288423], [-47.80613762411932, -15.665996902637158], [-47.804096629070095, -15.666341565081199], [-47.804714729156295, -15.6642288742148], [-47.8090351923977, -15.666302737724902], [-47.8119593421291, -15.663296470055197], [-47.812911849818, -15.659834675883399], [-47.8144937112243, -15.6574730785278], [-47.8155738056262, -15.6571056237313], [-47.8165527559649, -15.654850013813402], [-47.815107852782596, -15.653069552087297], [-47.815013780770094, -15.6500109433305], [-47.8120035370038, -15.6447211069906], [-47.8122556131507, -15.643427843736097], [-47.8180370360343, -15.6417171465847], [-47.817846892632495, -15.6400819133291], [-47.8189814149299, -15.6376670921262], [-47.8221613196948, -15.634415221748101], [-47.8179483024468, -15.631189540238003], [-47.8145360051521, -15.622995924166], [-47.8184353504579, -15.6158004106123], [-47.819596305917, -15.611973424760198], [-47.8302477342734, -15.6028463579225], [-47.8339688573792, -15.602643873811], [-47.834167521035795, -15.5996218939581], [-47.835837059842, -15.5983191188256], [-47.837055784966005, -15.5931156592053], [-47.8421708243624, -15.590848984306197], [-47.8470897107593, -15.5863480425052], [-47.8504461273595, -15.5851134984683], [-47.850692069594174, -15.584266226221912], [-47.846879605056, -15.578818618981499], [-47.847372274844496, -15.5736013722449], [-47.8434649925968, -15.568762632408797], [-47.8473127011904, -15.565674022716099], [-47.8461877221634, -15.5637904641282], [-47.8476983343099, -15.5584714313192], [-47.849854395683195, -15.555309721314899], [-47.853431789854, -15.552468259150102], [-47.852777176729795, -15.548502129892], [-47.854229116747895, -15.545025299737597], [-47.8560116782501, -15.5437748722525], [-47.858069720268006, -15.544329793987197], [-47.859225499549396, -15.542756030989299], [-47.8588691849777, -15.541238007856299], [-47.8568722630163, -15.542343121098197], [-47.855553037063395, -15.540576568956899], [-47.852765037889, -15.539978684714601], [-47.8529494841699, -15.536663669562898], [-47.8562971117401, -15.534207203503302], [-47.8609526941288, -15.535476222922101], [-47.8622459545065, -15.5345536184588], [-47.860845855193794, -15.533202674066299], [-47.860804862901794, -15.5298951116078], [-47.8581745016416, -15.5280859630149], [-47.858185877949005, -15.5266137419259], [-47.8566893108441, -15.525015651368799], [-47.8570078976178, -15.523529516161], [-47.8552536177264, -15.522898371094598], [-47.855569649568395, -15.5217671938432], [-47.856758468070495, -15.521245158368899], [-47.8551646803568, -15.5207681704594], [-47.8562930441627, -15.5200500414552], [-47.857301033219, -15.5172201800677], [-47.856882197196, -15.5118981304165], [-47.858922667868896, -15.512215802912399], [-47.8581802567872, -15.511670000808499], [-47.857750035042095, -15.508970743522699], [-47.855642307573, -15.5076207603793], [-47.8559085589842, -15.504902551955498], [-47.8528994117041, -15.500255798903098], [-47.7705898470283, -15.500255951743299], [-47.7702259950881, -15.508773766711599], [-47.771096281369196, -15.5091512109963], [-47.7710516870146, -15.5081763458307], [-47.771605445929396, -15.5085667916475], [-47.7710276209502, -15.510353290083398], [-47.772548699911, -15.5113999365279], [-47.771107363052096, -15.5140914165731], [-47.7731893222441, -15.514652332724697], [-47.7729796732186, -15.5139504941574], [-47.7741343473919, -15.514902377740402], [-47.771855561940896, -15.514741337675899], [-47.7722270449906, -15.515910793699002], [-47.770976825819396, -15.515411684426802], [-47.7703631629095, -15.5168915557416], [-47.7684912433077, -15.517195026240099], [-47.7680912406372, -15.5189160707739], [-47.7668510936629, -15.519238700682399], [-47.768031726603695, -15.520804447478701], [-47.7657725416734, -15.520372155521697], [-47.7660352531622, -15.521768781895599], [-47.7644193350595, -15.5194859363762], [-47.7640206331974, -15.5202586289982], [-47.7618484300018, -15.520050999222999], [-47.7620252131404, -15.5243750005669], [-47.7629069740194, -15.524625881010797], [-47.7630584510596, -15.523901443709299], [-47.7642291975953, -15.5252054139405], [-47.763650079822696, -15.528102828677001], [-47.7619788072782, -15.528376650916597], [-47.761948028581095, -15.5272570982369], [-47.7607424297209, -15.5275883016487], [-47.7603948613058, -15.5268791415656], [-47.7602238214794, -15.528452809766097], [-47.759354633464795, -15.527605666115202], [-47.7599744725761, -15.528681724174797], [-47.758811376964495, -15.530818742418397], [-47.7577537060332, -15.5302358724893], [-47.757536335557, -15.5286670594688], [-47.7565510234364, -15.5283361671175], [-47.7559549631491, -15.5292558267544], [-47.7553148382034, -15.5293902693218], [-47.7552760950627, -15.528577891153398], [-47.753773332826896, -15.529617252175697], [-47.7545097465351, -15.531405385985702], [-47.7536679745947, -15.532698415047602], [-47.7529859947585, -15.532345657284301], [-47.7531967091838, -15.5334810351113], [-47.7523660496165, -15.533364959215302], [-47.7512485913408, -15.535076887025097], [-47.7508365636893, -15.535903924015802], [-47.751566464413095, -15.5367076801667], [-47.749953640310096, -15.539012856038001], [-47.7519005985236, -15.540614286833701], [-47.752028607358895, -15.5427441969576], [-47.7529826037066, -15.542181342248199], [-47.7538177576086, -15.543760506213799], [-47.755076011331894, -15.543943479382301], [-47.7566541562517, -15.546877137360799], [-47.756604280485796, -15.549144738365001], [-47.754648889734, -15.550912331900198], [-47.7560739103388, -15.554443998116], [-47.7591153793355, -15.555598109641398], [-47.7594838496802, -15.557029542375197], [-47.7634260049679, -15.559138691382698], [-47.7643430446107, -15.558106595427502], [-47.7662037823835, -15.558670289319702], [-47.766331462771795, -15.5601408540066], [-47.767355397988595, -15.5608324592913], [-47.7666309634944, -15.564770356030898], [-47.7645639652096, -15.564877612174497], [-47.7626026469242, -15.567458216885797], [-47.7624490589533, -15.569420030162], [-47.763535697623496, -15.571248857583699], [-47.7601654569457, -15.573404588861699], [-47.760258430685695, -15.578000577866598], [-47.760954068176595, -15.579427892289297], [-47.7650680855431, -15.581038040564799], [-47.7660108654402, -15.583184759998499], [-47.765930201747004, -15.585859156992301], [-47.7678668736221, -15.587264398089003], [-47.774923631007795, -15.6002497041994], [-47.7514451203394, -15.6312720565612], [-47.7419895427891, -15.6753031595941], [-47.744710786064196, -15.676488318006898], [-47.746345325592195, -15.6791592650677], [-47.7469055273779, -15.684173887078199], [-47.746386411076195, -15.686266746057397], [-47.7411783656069, -15.6891861667447], [-47.7399375963008, -15.6911435626616], [-47.731253472339596, -15.6984596934561], [-47.7212520015842, -15.6969768400756], [-47.7189151988543, -15.697728491327597], [-47.7167097803303, -15.697204981779], [-47.7156647857439, -15.6983469689775], [-47.7093584555356, -15.7003400618693], [-47.703509645872, -15.700195767930298], [-47.701264852630004, -15.699239049453201], [-47.6971829516504, -15.6994520688444], [-47.6898797320632, -15.703091749806598], [-47.6853812682415, -15.7034000126678], [-47.679912847495395, -15.7054181389537], [-47.678001587159095, -15.707284153976298], [-47.675553288239, -15.707088365647197], [-47.6745904096989, -15.709755631708799], [-47.6741936518399, -15.708938561450699], [-47.6728857073879, -15.7105984425579], [-47.6759193357939, -15.713695447488899], [-47.6758536548596, -15.7148794702478], [-47.6738596652932, -15.716845834320901], [-47.6755618139172, -15.717231419134102], [-47.6764670077279, -15.718710629184299], [-47.675110448058, -15.720443382780399], [-47.6765065518511, -15.721311413842002], [-47.6766183805686, -15.722520354554899], [-47.674173029172195, -15.722062606881499], [-47.6761928772752, -15.7237087915693], [-47.676776864016496, -15.725580319674], [-47.675791269246496, -15.726802726742198], [-47.676307863399096, -15.7277989601877], [-47.6746087630032, -15.727720451505098], [-47.6737231926979, -15.729239688020398], [-47.675328196748396, -15.730177414181899], [-47.674443257931, -15.730965038794698], [-47.6757029478708, -15.732593441220516], [-47.677421844645394, -15.7321552812229], [-47.678469681136896, -15.733837749969299], [-47.6794748879133, -15.7339735246305], [-47.687702367192, -15.729115929491298], [-47.6900207625828, -15.726644156747], [-47.692832122088795, -15.7259230228376], [-47.699055938978496, -15.727074447102497], [-47.7015438889081, -15.728417413110897], [-47.702922835368895, -15.728046269969099], [-47.7033727869474, -15.726247836268298], [-47.7087092281488, -15.727425326919201], [-47.710234367818, -15.7267587850796], [-47.7137328903991, -15.728078200959102], [-47.718098538611095, -15.727000511580298], [-47.7193611526773, -15.7253879276505], [-47.7220447230603, -15.726850134079397], [-47.725231673934594, -15.726897037873199], [-47.7290556465027, -15.728142579829], [-47.733313980941396, -15.726279956718699], [-47.7370953612138, -15.727916272972399], [-47.7401940009442, -15.728054380677797], [-47.7429819907265, -15.727278724074298], [-47.7451206786305, -15.724328234122899], [-47.7484392043999, -15.723555774756598], [-47.752897957551696, -15.7188220256739], [-47.7581873815129, -15.716656260127499], [-47.7630554749272, -15.711468309932402]]]}}, {"id": "Planaltina", "type": "Feature", "properties": {"ra_nome": "Planaltina", "ra_numero": 6.0, "cod_subdistrito": 53001080511, "populacao": 190495}, "geometry": {"type": "Polygon", "coordinates": [[[-47.679912847495395, -15.7054181389537], [-47.6853812682415, -15.7034000126678], [-47.6898797320632, -15.703091749806598], [-47.6971829516504, -15.6994520688444], [-47.701264852630004, -15.699239049453201], [-47.703509645872, -15.700195767930298], [-47.7093584555356, -15.7003400618693], [-47.7156647857439, -15.6983469689775], [-47.7167097803303, -15.697204981779], [-47.7189151988543, -15.697728491327597], [-47.7212520015842, -15.6969768400756], [-47.731253472339596, -15.6984596934561], [-47.7399375963008, -15.6911435626616], [-47.7411783656069, -15.6891861667447], [-47.746386411076195, -15.686266746057397], [-47.7469055273779, -15.684173887078199], [-47.746345325592195, -15.6791592650677], [-47.744710786064196, -15.676488318006898], [-47.7419895427891, -15.6753031595941], [-47.7514451203394, -15.6312720565612], [-47.774923631007795, -15.6002497041994], [-47.7678668736221, -15.587264398089003], [-47.765930201747004, -15.585859156992301], [-47.7660108654402, -15.583184759998499], [-47.7650680855431, -15.581038040564799], [-47.760954068176595, -15.579427892289297], [-47.760258430685695, -15.578000577866598], [-47.7601654569457, -15.573404588861699], [-47.763535697623496, -15.571248857583699], [-47.7624490589533, -15.569420030162], [-47.7626026469242, -15.567458216885797], [-47.7645639652096, -15.564877612174497], [-47.7666309634944, -15.564770356030898], [-47.767355397988595, -15.5608324592913], [-47.766331462771795, -15.5601408540066], [-47.7662037823835, -15.558670289319702], [-47.7643430446107, -15.558106595427502], [-47.7634260049679, -15.559138691382698], [-47.7594838496802, -15.557029542375197], [-47.7591153793355, -15.555598109641398], [-47.7560739103388, -15.554443998116], [-47.754648889734, -15.550912331900198], [-47.756604280485796, -15.549144738365001], [-47.7566541562517, -15.546877137360799], [-47.755076011331894, -15.543943479382301], [-47.7538177576086, -15.543760506213799], [-47.7529826037066, -15.542181342248199], [-47.752028607358895, -15.5427441969576], [-47.7519005985236, -15.540614286833701], [-47.749953640310096, -15.539012856038001], [-47.751566464413095, -15.5367076801667], [-47.7508365636893, -15.535903924015802], [-47.7512485913408, -15.535076887025097], [-47.7523660496165, -15.533364959215302], [-47.7531967091838, -15.5334810351113], [-47.7529859947585, -15.532345657284301], [-47.7536679745947, -15.532698415047602], [-47.7545097465351, -15.531405385985702], [-47.753773332826896, -15.529617252175697], [-47.7552760950627, -15.528577891153398], [-47.7553148382034, -15.5293902693218], [-47.7559549631491, -15.5292558267544], [-47.7565510234364, -15.5283361671175], [-47.757536335557, -15.5286670594688], [-47.7577537060332, -15.5302358724893], [-47.758811376964495, -15.530818742418397], [-47.7599744725761, -15.528681724174797], [-47.759354633464795, -15.527605666115202], [-47.7602238214794, -15.528452809766097], [-47.7603948613058, -15.5268791415656], [-47.7607424297209, -15.5275883016487], [-47.761948028581095, -15.5272570982369], [-47.7619788072782, -15.528376650916597], [-47.763650079822696, -15.528102828677001], [-47.7642291975953, -15.5252054139405], [-47.7630584510596, -15.523901443709299], [-47.7629069740194, -15.524625881010797], [-47.7620252131404, -15.5243750005669], [-47.7618484300018, -15.520050999222999], [-47.7640206331974, -15.5202586289982], [-47.7644193350595, -15.5194859363762], [-47.7660352531622, -15.521768781895599], [-47.7657725416734, -15.520372155521697], [-47.768031726603695, -15.520804447478701], [-47.7668510936629, -15.519238700682399], [-47.7680912406372, -15.5189160707739], [-47.7684912433077, -15.517195026240099], [-47.7703631629095, -15.5168915557416], [-47.770976825819396, -15.515411684426802], [-47.7722270449906, -15.515910793699002], [-47.771855561940896, -15.514741337675899], [-47.7741343473919, -15.514902377740402], [-47.7729796732186, -15.5139504941574], [-47.7731893222441, -15.514652332724697], [-47.771107363052096, -15.5140914165731], [-47.772548699911, -15.5113999365279], [-47.7710276209502, -15.510353290083398], [-47.771605445929396, -15.5085667916475], [-47.7710516870146, -15.5081763458307], [-47.771096281369196, -15.5091512109963], [-47.7702259950881, -15.508773766711599], [-47.7705898470283, -15.500255951743299], [-47.4173382098612, -15.500256607694402], [-47.4176579673402, -15.546389540624599], [-47.415823881302195, -15.5465343205767], [-47.4140245867181, -15.548545106718], [-47.4111739436093, -15.5472618830388], [-47.4083265764148, -15.548181052931797], [-47.406283419643096, -15.546936814687001], [-47.402520605327396, -15.5478288665584], [-47.4021424588331, -15.550336299089297], [-47.4006620201527, -15.5515711160499], [-47.3994730487604, -15.550617432811798], [-47.399044741868096, -15.551453222490197], [-47.3986165631256, -15.5532655832835], [-47.399466976245, -15.5572493375491], [-47.396137241921096, -15.5586208107036], [-47.3941831527403, -15.5580720171288], [-47.393953138064695, -15.5609870787939], [-47.393189197437195, -15.562217683157598], [-47.391445691305, -15.562635929412801], [-47.3913164321903, -15.5644341981657], [-47.3903289197159, -15.564949923518702], [-47.3897657784728, -15.567188343109002], [-47.3887206889713, -15.567561950849], [-47.3854000937261, -15.566434375702702], [-47.3845893588503, -15.5675733186759], [-47.3806178927253, -15.566899904286101], [-47.3803850161399, -15.569258508158], [-47.3793309485254, -15.5691786612052], [-47.379268333955196, -15.573618682203001], [-47.3781739449003, -15.574329750406001], [-47.3779810519084, -15.575872145613499], [-47.3765166710184, -15.576667609704497], [-47.3712106636171, -15.577725841330299], [-47.368302664838005, -15.5792667693872], [-47.3658414210254, -15.5780700307575], [-47.3649225029617, -15.578565045037301], [-47.3641768390234, -15.577666030852098], [-47.3640901022043, -15.578312905050598], [-47.3621029909395, -15.577905127640397], [-47.3613607077829, -15.5802375883135], [-47.3594810311998, -15.5796082015684], [-47.3593004799806, -15.5803662990685], [-47.357819913458, -15.580488778007197], [-47.355053002575296, -15.579129862699597], [-47.349709231633895, -15.580740895784], [-47.3492808320124, -15.579705631139799], [-47.3471881009377, -15.579353953551399], [-47.3418825999073, -15.5833629965035], [-47.336660923506095, -15.5855723156672], [-47.334538025709, -15.587752257732497], [-47.331949359419795, -15.587567421672802], [-47.329805473620794, -15.586405747043699], [-47.327493090114295, -15.589727773983599], [-47.3250117240435, -15.588561493798], [-47.324660330212396, -15.5893078344348], [-47.3242069043327, -15.588607947559499], [-47.3247772637166, -15.588020104185498], [-47.3235079895218, -15.587545664983901], [-47.323441103688396, -15.5864884464705], [-47.320840739534695, -15.5865890863448], [-47.3179199032255, -15.5892805277028], [-47.3166215167228, -15.592442704652901], [-47.3172273696759, -15.5936026604031], [-47.3156172437661, -15.594737186177401], [-47.316415015405695, -15.595306078199199], [-47.315974838631696, -15.5971157922239], [-47.317935005332096, -15.597185469396699], [-47.3179402633712, -15.597902745141003], [-47.320031287317, -15.597588867624099], [-47.321675114318396, -15.598788437032697], [-47.32223913821, -15.598048885723099], [-47.3229732433433, -15.601074867549197], [-47.323517763682396, -15.6010040621091], [-47.3227391855116, -15.6033034105618], [-47.3236062471615, -15.6038950260806], [-47.323354440679296, -15.605540136758098], [-47.3253066606192, -15.607296535046], [-47.324762038230396, -15.608186763851801], [-47.3256345099253, -15.609338440104498], [-47.3252146485429, -15.6101324883584], [-47.3262991596076, -15.610411907691397], [-47.325854993475296, -15.6111998905161], [-47.3265120162999, -15.611100779715999], [-47.3283354096044, -15.6133291939366], [-47.3279181427085, -15.6150131009752], [-47.3290904841353, -15.616297994987], [-47.328305721206, -15.617881906952], [-47.329105392139496, -15.618195044643699], [-47.3283447310415, -15.619437204123], [-47.330368438768396, -15.620903676996598], [-47.3309284032716, -15.622523905783801], [-47.3300546652763, -15.6237419765725], [-47.331683094124, -15.627922014835299], [-47.333728810788, -15.6297577106604], [-47.3331251012995, -15.631111146065798], [-47.3336940784379, -15.6315468693212], [-47.3329319999417, -15.631325655697799], [-47.3329258870613, -15.633112553944201], [-47.3309087984052, -15.6358677823312], [-47.3311907121345, -15.638451304701698], [-47.3294646694093, -15.639825701109599], [-47.329676439549196, -15.6447787656554], [-47.3290540644064, -15.646300433653698], [-47.3272155074803, -15.6474610008354], [-47.326960524445, -15.648987797518599], [-47.3284939282929, -15.6496969611273], [-47.3278811649661, -15.6507514523679], [-47.329011236587796, -15.650835205034099], [-47.326890662714796, -15.652372792855498], [-47.3272280610161, -15.654750652336498], [-47.3295513461387, -15.655960942386397], [-47.3281465476831, -15.6563209906067], [-47.329057282231496, -15.6572057024799], [-47.328130681351595, -15.6578840933479], [-47.3296244032914, -15.657964874876097], [-47.3280045835455, -15.6590996439244], [-47.3281835640697, -15.6606597712784], [-47.326702127926396, -15.6615185134247], [-47.3270824464621, -15.663549806068398], [-47.3285230852243, -15.663879597345499], [-47.3275288177702, -15.6643491133411], [-47.3278128687819, -15.665470862994198], [-47.3265824194645, -15.6655056271232], [-47.3284605565201, -15.667001610830699], [-47.3261439867103, -15.669360707478699], [-47.32763982461, -15.6711841850935], [-47.326853377114006, -15.6718104952914], [-47.3276358133951, -15.6728049800127], [-47.3267318547845, -15.6774627400769], [-47.3280658055119, -15.6760229362978], [-47.327928941165595, -15.6776867018696], [-47.3288946196299, -15.6774867025616], [-47.327827212700896, -15.6788306219382], [-47.3288984146271, -15.6801228655962], [-47.331798300602095, -15.6808391008378], [-47.331427467843696, -15.683411496103899], [-47.329059219843295, -15.684514522862], [-47.3287953270035, -15.6834476750333], [-47.3280546637789, -15.683591979506499], [-47.3284361565607, -15.685818481352602], [-47.3277464428125, -15.687413149053299], [-47.3294454132266, -15.688139476570498], [-47.3279361845769, -15.6888484827383], [-47.322678452858696, -15.688607182116199], [-47.321707128421004, -15.6892200891628], [-47.3215438909225, -15.687238790534698], [-47.320038946838004, -15.6882467353054], [-47.319377325061595, -15.687465962570297], [-47.3195803467017, -15.6890086784033], [-47.3177534017955, -15.690738256493901], [-47.3181670004427, -15.6925949427499], [-47.316569990301595, -15.6923923417298], [-47.3172632363586, -15.6933299841723], [-47.3159424963011, -15.6952122862201], [-47.313855909408005, -15.6950148556798], [-47.3126661587881, -15.697351990783], [-47.313651609278295, -15.698646118488497], [-47.3131326387131, -15.6999299748216], [-47.314086514423295, -15.700656172260402], [-47.314160554853004, -15.703249148902003], [-47.3135252283286, -15.7038096848463], [-47.3145588756539, -15.705073479387599], [-47.3134817571234, -15.7062376747207], [-47.3144134099255, -15.706314532806699], [-47.3132391393306, -15.7070524327363], [-47.3139895683957, -15.7094982097803], [-47.315424330752094, -15.710104561721401], [-47.3138978610413, -15.711246423496199], [-47.315882607363, -15.713186732051001], [-47.3156209595517, -15.7160299010527], [-47.317262073713295, -15.7164867854505], [-47.316522641496796, -15.717658255753497], [-47.3183851230756, -15.7171533358569], [-47.3186945347779, -15.718202546074899], [-47.3196628339191, -15.7178868964051], [-47.3195450276521, -15.719343575204197], [-47.320749062547, -15.718842018142297], [-47.3203242099704, -15.7206931469402], [-47.3209596001032, -15.721699134013399], [-47.3207406635671, -15.723037635272497], [-47.318365490527796, -15.724561679177299], [-47.319352565889595, -15.726558609053697], [-47.3181843978039, -15.727513305197801], [-47.318726891975004, -15.7283043644328], [-47.317671871139495, -15.7291205348312], [-47.3170961563307, -15.731655355702497], [-47.3182986298797, -15.731750083566899], [-47.3183237858568, -15.7329820950505], [-47.3191056045147, -15.732255554571799], [-47.319268212685, -15.7354908136595], [-47.3178827845994, -15.7343166329788], [-47.317552608338595, -15.735965289770599], [-47.316697168611, -15.735711483295], [-47.3172144955657, -15.736913872189097], [-47.3163248578528, -15.736276469981599], [-47.3154651242044, -15.7372911221758], [-47.3149409487052, -15.7368838207586], [-47.3125601629511, -15.7399084867388], [-47.313597436286, -15.741391756060697], [-47.3134136657481, -15.7427100076692], [-47.3150040099664, -15.743112311887199], [-47.3140480715922, -15.7450250921016], [-47.3149761737158, -15.747160882992798], [-47.314407025795, -15.747727057065799], [-47.3159421709178, -15.747699902648], [-47.3164434629049, -15.7460855639207], [-47.317394848027696, -15.7488733692845], [-47.3188435123937, -15.749691819234698], [-47.3178613013038, -15.7504385671381], [-47.3185456669787, -15.752134247469701], [-47.319086595908495, -15.751876432223899], [-47.3199445762869, -15.7530047114783], [-47.3194914489647, -15.754669135102098], [-47.320273701522005, -15.7553708964029], [-47.3226901758923, -15.7544164141797], [-47.3211216033737, -15.7567594624627], [-47.3229747669927, -15.758523064013897], [-47.323820850969895, -15.7581915126731], [-47.3244949442636, -15.762009418703], [-47.3260527567531, -15.761097485553801], [-47.325829843120005, -15.7631488330853], [-47.3270357161055, -15.764343822174899], [-47.3265573411783, -15.7652622972059], [-47.3274639174292, -15.7654070898172], [-47.3267092458144, -15.7664757778076], [-47.328543339777895, -15.766064980055198], [-47.328015754705696, -15.767821457066502], [-47.329370165436096, -15.7670688680951], [-47.329809643571004, -15.769199852140199], [-47.328485216046005, -15.7696377335333], [-47.3282522749794, -15.7713802172778], [-47.3288700115763, -15.7735165223439], [-47.329792698164795, -15.7723728493062], [-47.3307227144485, -15.7724432925041], [-47.3291902102662, -15.774105738812999], [-47.331344489310695, -15.773950762982], [-47.3303858178622, -15.7751291577842], [-47.3313710533303, -15.7784784198008], [-47.3308463448168, -15.779832850195302], [-47.3320056097729, -15.7796325107554], [-47.3330675324862, -15.781362008998897], [-47.3336869663156, -15.781030131414699], [-47.3348266992399, -15.781975519835797], [-47.3362750482562, -15.7815181921455], [-47.336567594922, -15.783029175369197], [-47.3356713635211, -15.7835501389084], [-47.3354611770215, -15.7852372699596], [-47.336701006176696, -15.784737909309799], [-47.3368070915459, -15.786097314262301], [-47.3376408922436, -15.7850132848277], [-47.337581384042394, -15.786739449241601], [-47.339076259919395, -15.788382942716499], [-47.3389212602053, -15.790648568651699], [-47.3400380730821, -15.790566080486201], [-47.3389739096846, -15.791252386593497], [-47.3399966287101, -15.792481764974399], [-47.3393501020593, -15.793056070101201], [-47.3395856294483, -15.794959738686398], [-47.3405908054891, -15.794254187918302], [-47.3412798520851, -15.7954311394725], [-47.3414079191108, -15.794153236481298], [-47.3417225080769, -15.795059583414599], [-47.3425083093954, -15.794994198058301], [-47.3420347541362, -15.798033866563797], [-47.3441144955737, -15.796004054900598], [-47.3451993014058, -15.7972724816126], [-47.3450399379024, -15.798666358268399], [-47.3460747120439, -15.797938780988597], [-47.3447242234762, -15.800095348902301], [-47.345135022925895, -15.801656525086099], [-47.3456063259629, -15.800612513730297], [-47.3462510036886, -15.801497216884298], [-47.3456012973383, -15.802929815878397], [-47.346797102114294, -15.803947688177201], [-47.347624389130196, -15.8027841897033], [-47.347972863587195, -15.8039548543849], [-47.349556479200395, -15.8038898463968], [-47.3495296707209, -15.805447611980298], [-47.3481896506865, -15.805842441681397], [-47.3493854216336, -15.8062080354727], [-47.3485683667427, -15.806883589608399], [-47.348631818371295, -15.808177487511797], [-47.350258787211004, -15.807823814385099], [-47.3500741992085, -15.810100592460302], [-47.351184931404696, -15.8106143485101], [-47.350876894282095, -15.811896908668201], [-47.3527173263574, -15.8126520912279], [-47.3531106288412, -15.8140634643194], [-47.3523092788939, -15.8146458134842], [-47.3531212443429, -15.8149812091312], [-47.3544559346158, -15.814122050671001], [-47.3551494911278, -15.815997220433797], [-47.3531774977374, -15.816940085273398], [-47.3531515878575, -15.8182494003433], [-47.3550856410336, -15.8170106294304], [-47.3562176547242, -15.818873806860502], [-47.354943031616, -15.820328573563101], [-47.3570023361659, -15.819671120090698], [-47.354630195259595, -15.8214368320899], [-47.3554499811034, -15.823250098317697], [-47.3581212652165, -15.822012325014397], [-47.3571333874959, -15.823650992102001], [-47.3587694449178, -15.823831053418097], [-47.3595479510306, -15.823209177346001], [-47.3590311106787, -15.822576996866], [-47.3606958049133, -15.8213663994493], [-47.360453873350096, -15.823595914730099], [-47.3630348721817, -15.8250304180057], [-47.362391836865, -15.8272715292124], [-47.3639881873029, -15.8278061114843], [-47.3663086049488, -15.827291164689298], [-47.3672467868038, -15.82804158647], [-47.3667829664558, -15.830042252313799], [-47.3659805328861, -15.8302118137085], [-47.366536160313395, -15.833369446014999], [-47.365018594504, -15.8339153965201], [-47.3663409734909, -15.8345586397554], [-47.365423030288596, -15.835068236043599], [-47.366297379253695, -15.8373054412566], [-47.367204258167, -15.8354453840392], [-47.368177949543394, -15.8357157053564], [-47.3678993084857, -15.837350281751402], [-47.3670251146892, -15.837290268350001], [-47.3669126177708, -15.8379672371122], [-47.367304238167, -15.838819379540501], [-47.3681031053985, -15.8380210849646], [-47.3681122097221, -15.840082533730902], [-47.3703977879954, -15.841289776876199], [-47.3684132915021, -15.8419727597019], [-47.3694196362718, -15.844638516052001], [-47.372093492689096, -15.846241246054099], [-47.3728805314955, -15.8455460499761], [-47.372232763107796, -15.8452188886079], [-47.373752063548004, -15.8445698748362], [-47.3774332927699, -15.846923493378402], [-47.3774937570563, -15.8461097800732], [-47.3800434780774, -15.8469219347884], [-47.381045724882696, -15.845555841641799], [-47.382270787815095, -15.845533340920701], [-47.3831817543081, -15.8468151635618], [-47.3855401291535, -15.845786450782901], [-47.387083837484894, -15.856899124991301], [-47.4240072929468, -15.864302974843401], [-47.4532111777958, -15.857659533448698], [-47.465430115721695, -15.8633291933929], [-47.517817196479896, -15.853105877603001], [-47.520085370420794, -15.853603411027299], [-47.5554571449825, -15.872853365550698], [-47.604373154478296, -15.858576600226002], [-47.62103909861741, -15.863009093804148], [-47.642047349730795, -15.789347863251798], [-47.6645706154124, -15.748445896688699], [-47.6604466687455, -15.727306585239399], [-47.6600107754176, -15.7276487965075], [-47.6604466687453, -15.727306585239399], [-47.6624876016351, -15.726992645224598], [-47.6646967255181, -15.727354051234201], [-47.6703864469522, -15.7308792788993], [-47.6737633966792, -15.734098516717598], [-47.6759221516959, -15.734234607880097], [-47.674667399914, -15.7332745300813], [-47.6757617104781, -15.732384979805797], [-47.674443257931, -15.730965038794698], [-47.6754008898913, -15.7303210372471], [-47.6736734823269, -15.7288699773958], [-47.6746087630032, -15.727720451505098], [-47.676307863399096, -15.7277989601877], [-47.675791269246496, -15.726802726742198], [-47.676776864016496, -15.725580319674], [-47.6761928772752, -15.7237087915693], [-47.674173029172195, -15.722062606881499], [-47.6766183805686, -15.722520354554899], [-47.6765065518511, -15.721311413842002], [-47.675110448058, -15.720443382780399], [-47.6764670077279, -15.718710629184299], [-47.6755618139172, -15.717231419134102], [-47.6738596652932, -15.716845834320901], [-47.6758536548596, -15.7148794702478], [-47.6759480556431, -15.7138305782722], [-47.674304614474195, -15.711366865841], [-47.6728857073879, -15.7105984425579], [-47.6741936518399, -15.708938561450699], [-47.6745904096989, -15.709755631708799], [-47.675553288239, -15.707088365647197], [-47.678001587159095, -15.707284153976298], [-47.679912847495395, -15.7054181389537]]]}}, {"id": "Cruzeiro", "type": "Feature", "properties": {"ra_nome": "Cruzeiro", "ra_numero": 11.0, "cod_subdistrito": 53001080517, "populacao": 33334}, "geometry": {"type": "Polygon", "coordinates": [[[-47.9463997444496, -15.8000793453004], [-47.9384672792374, -15.7772041076141], [-47.9292410419018, -15.780121889427297], [-47.9334765142157, -15.792675790516402], [-47.933386222790496, -15.799459020778299], [-47.932408022792394, -15.801155662299601], [-47.9329942476718, -15.803627193207301], [-47.9375377503428, -15.806476872126598], [-47.9404167534479, -15.8023197803111], [-47.9463997444496, -15.8000793453004]]]}}, {"id": "Samambaia", "type": "Feature", "properties": {"ra_nome": "Samambaia", "ra_numero": 12.0, "cod_subdistrito": 53001080518, "populacao": 254439}, "geometry": {"type": "Polygon", "coordinates": [[[-48.207828080369495, -15.894796638809098], [-48.208225550989596, -15.892921364901198], [-48.20671668797759, -15.8937743860463], [-48.205831603411895, -15.891494310652398], [-48.2039536601406, -15.8921451366272], [-48.20216867837469, -15.8914132192761], [-48.20200958497409, -15.889438349907799], [-48.200324255219286, -15.8879916871071], [-48.2002272436292, -15.884336600404197], [-48.198761167594796, -15.8828234692153], [-48.19796536477239, -15.8832325002296], [-48.1977249385712, -15.8806539142672], [-48.196017584676795, -15.879162382766001], [-48.1966629166231, -15.8785569596077], [-48.1947874458224, -15.876219220820698], [-48.194830812400696, -15.8751893308777], [-48.1917076852376, -15.872644274238098], [-48.192514767131286, -15.871648250654097], [-48.189449546338, -15.8709982860094], [-48.1886389547919, -15.8694573294814], [-48.18539382352009, -15.867392465379599], [-48.183364664151, -15.864399933382597], [-48.1838856158697, -15.864041245313999], [-48.182211738216196, -15.860665022700001], [-48.177844853317495, -15.862039993629597], [-48.17817507407909, -15.860739037698298], [-48.17682857045659, -15.857200551434197], [-48.17552192106369, -15.857445370274696], [-48.17428359320789, -15.855669010315896], [-48.17200318149159, -15.855479750136798], [-48.1678072808581, -15.8526343953863], [-48.165074319155195, -15.853226737199599], [-48.1638076242202, -15.8517063611771], [-48.16254039906789, -15.852776219635096], [-48.16135658908469, -15.852472131736299], [-48.1586294210711, -15.854871925719], [-48.1551336357676, -15.854496157266198], [-48.15366037690649, -15.855099774047599], [-48.152565884673294, -15.854111848621297], [-48.15080091163739, -15.8541659365046], [-48.1498724455807, -15.855832095967198], [-48.14603548444019, -15.856952885863098], [-48.14527825407319, -15.858555595248898], [-48.143524667960094, -15.859107861005398], [-48.14351897449869, -15.860141224250597], [-48.1423512441546, -15.860934407363196], [-48.135290201697, -15.864395608174998], [-48.132404794911594, -15.863110147836998], [-48.13107295416759, -15.864519890064098], [-48.1302197460777, -15.864116903782001], [-48.12455434048759, -15.867602747437399], [-48.1212697755704, -15.865546401227], [-48.1201760730432, -15.866979741996698], [-48.1131013910324, -15.867767891093699], [-48.1105296924016, -15.8663873162213], [-48.109390985068, -15.8634872750077], [-48.10972119635859, -15.8620288373372], [-48.105569842970894, -15.857447468475598], [-48.102808423307295, -15.8574870761502], [-48.095562564454596, -15.853906904637299], [-48.08935699109709, -15.852469607248498], [-48.08324918031029, -15.848391729388098], [-48.0828403719964, -15.8468800893437], [-48.0796934986965, -15.846071979885998], [-48.0753301361579, -15.843590099662798], [-48.074519299757696, -15.847884113581596], [-48.07251783235709, -15.8470097917989], [-48.06909348705659, -15.851974738461898], [-48.06785165701089, -15.851633590915], [-48.0647309517846, -15.857282627825], [-48.060608111462, -15.858930144315998], [-48.054067955457796, -15.856558926786], [-48.0508864624921, -15.860978255672098], [-48.048075341708696, -15.8594685503591], [-48.044504772629196, -15.863272375732198], [-48.0399462028015, -15.86305576141], [-48.03713856115729, -15.868228696918198], [-48.05843986746079, -15.881771365608898], [-48.1609133741757, -15.912809694091099], [-48.163921914871196, -15.915621800858], [-48.166299766885395, -15.923606451562696], [-48.169985520087394, -15.922533173555397], [-48.172248313427886, -15.919238627576298], [-48.17442828673269, -15.918077971862498], [-48.1784709488704, -15.919059394607999], [-48.1799934467467, -15.9225676286518], [-48.181819938661, -15.9235849820124], [-48.18336441811519, -15.923176459289898], [-48.18728705326579, -15.919766260707899], [-48.1891708676525, -15.919745618925297], [-48.2003142220538, -15.9241259379758], [-48.2122597451081, -15.9317826090419], [-48.219203459027796, -15.934909274051499], [-48.2210348076119, -15.934134748101297], [-48.2226766187951, -15.936004428019201], [-48.2243305576117, -15.933988013826498], [-48.226302403048194, -15.9339385502357], [-48.2263972082638, -15.932797280927701], [-48.228444794823695, -15.931332952542398], [-48.2290409341417, -15.932265032081098], [-48.2299204586152, -15.931852320245499], [-48.2304717715541, -15.9333929049999], [-48.233147957913395, -15.933969980225699], [-48.2337873778733, -15.935275612923899], [-48.2346308351452, -15.934882995672098], [-48.235334660822296, -15.936093823154698], [-48.240144845069295, -15.9379378996301], [-48.2419447292843, -15.9374308262885], [-48.242147508365896, -15.938356021552998], [-48.2414313740628, -15.938647500778199], [-48.2433143675483, -15.9403026504814], [-48.243250543649005, -15.9415635494052], [-48.2441380476336, -15.941861310510097], [-48.245829730015195, -15.940257824177], [-48.245712323804696, -15.9424778293802], [-48.25288854909739, -15.9429116658863], [-48.2516611409187, -15.937028962258598], [-48.25243890938489, -15.935928616365498], [-48.25469031475009, -15.9367316524182], [-48.25589291807829, -15.932183024381597], [-48.258270128500286, -15.932073852208], [-48.2591348140558, -15.9293718054216], [-48.25839605281749, -15.924959970000497], [-48.25921486494789, -15.9246496689908], [-48.25841559249949, -15.9232263006195], [-48.2594454407738, -15.921937788279099], [-48.2577729003866, -15.918839378515898], [-48.2581342049878, -15.918337380436], [-48.25370234361769, -15.916815357171], [-48.2550896951054, -15.915891621342798], [-48.25417912773359, -15.915083810805399], [-48.2554414632977, -15.912771646076699], [-48.2549336035009, -15.911533442136896], [-48.25379045755689, -15.910819415240798], [-48.2531839994096, -15.9117403922552], [-48.2525966143306, -15.909853359923499], [-48.250627904992896, -15.908745493619598], [-48.24682688398339, -15.9092541259398], [-48.24706693426059, -15.907119885415497], [-48.246438043092695, -15.907580751870597], [-48.24259522260449, -15.9049030095828], [-48.2410282825568, -15.9048091801732], [-48.23999633101529, -15.903524621914197], [-48.2403684942379, -15.902643305507898], [-48.238590092796, -15.903852683529], [-48.2367821280084, -15.903627015283497], [-48.23578090942789, -15.902685040847], [-48.236793772120095, -15.901559390356496], [-48.23635868520029, -15.899958899248197], [-48.23701341274099, -15.899253914306797], [-48.23565842675529, -15.900041621154898], [-48.2351356741723, -15.899092468225], [-48.23525026957209, -15.900769992607], [-48.23186677485809, -15.900721362947], [-48.231633142910596, -15.901754076130398], [-48.2305288106746, -15.9005969378184], [-48.2306679757517, -15.9015428177857], [-48.2284687869803, -15.901819481856698], [-48.227888881743795, -15.901142008232899], [-48.22880016213689, -15.900306811309001], [-48.22652022388999, -15.899907542807899], [-48.22646855329279, -15.9011181001401], [-48.22410491550909, -15.900909651303298], [-48.22485331736179, -15.9021443723415], [-48.224380932527396, -15.9024222768726], [-48.2218919400859, -15.9001391736433], [-48.22054145859629, -15.9012788322907], [-48.21962297112229, -15.898259024423698], [-48.218638918547995, -15.8991494421551], [-48.2173715907154, -15.897362668464798], [-48.21293598165559, -15.8975731704709], [-48.21195469227089, -15.895583474402098], [-48.21041850036859, -15.896193162584598], [-48.210913409279, -15.896745562725698], [-48.21039946867839, -15.8970511407855], [-48.207828080369495, -15.894796638809098]]]}}, {"id": "Santa Maria", "type": "Feature", "properties": {"ra_nome": "Santa Maria", "ra_numero": 13.0, "cod_subdistrito": 53001080525, "populacao": 133369}, "geometry": {"type": "Polygon", "coordinates": [[[-48.0539579796113, -16.0374075316754], [-48.0508494286931, -16.0308791928875], [-48.049589441013296, -16.0299219403997], [-48.049244216500696, -16.0276062755447], [-48.0481655580046, -16.027097905221], [-48.046427576331794, -16.023808782477598], [-48.045406498281096, -16.020509456748798], [-48.0435924232309, -16.0195239027028], [-48.0398157114833, -16.020308858712898], [-48.026799855730495, -16.008546726678098], [-48.018148235816, -16.002699933092], [-48.0161012430317, -16.0001732878691], [-48.011724188806596, -15.997146550302398], [-48.010264207224196, -15.991722065251402], [-48.0070886752219, -15.986195153840898], [-48.00456934138228, -15.97798020196968], [-47.997676779531595, -15.978268716131097], [-47.9788999669261, -15.974721950557097], [-47.9727705527514, -15.974501542352199], [-47.9666195415614, -15.9755755035841], [-47.943342121025495, -15.983422522099199], [-47.935893304885596, -15.9839436985579], [-47.929247465889596, -15.9827574921361], [-47.876563054876, -15.963129642321599], [-47.8365082878951, -15.930080210207102], [-47.83235226852317, -15.928211029227873], [-47.817486685464196, -15.9606601094054], [-47.818921279255, -15.971697058399801], [-47.818974193017496, -15.983751219693], [-47.815215941100696, -15.9879909179481], [-47.8030332668912, -16.007160839193002], [-47.8002700248973, -16.0136271203966], [-47.8017841105415, -16.0252304912134], [-47.8145411913222, -16.049930154564198], [-48.038588343738695, -16.0499990178394], [-48.0371825833341, -16.048494560300398], [-48.0404061449543, -16.0463148624289], [-48.0476626074886, -16.0368051257235], [-48.0507065600152, -16.035887714572898], [-48.0539579796113, -16.0374075316754]]]}}, {"id": "Recanto das Emas", "type": "Feature", "properties": {"ra_nome": "Recanto das Emas", "ra_numero": 15.0, "cod_subdistrito": 53001080520, "populacao": 149707}, "geometry": {"type": "Polygon", "coordinates": [[[-48.240258421457, -15.937928099897597], [-48.235334660822296, -15.936093823154698], [-48.2346308351452, -15.934882995672098], [-48.2337873778733, -15.935275612923899], [-48.233147957913395, -15.933969980225699], [-48.2304717715541, -15.9333929049999], [-48.2299204586152, -15.931852320245499], [-48.2290409341417, -15.932265032081098], [-48.228444794823695, -15.931332952542398], [-48.2263972082638, -15.932797280927701], [-48.226302403048194, -15.9339385502357], [-48.2243305576117, -15.933988013826498], [-48.2226766187951, -15.936004428019201], [-48.2210348076119, -15.934134748101297], [-48.219203459027796, -15.934909274051499], [-48.2122597451081, -15.9317826090419], [-48.2003142220538, -15.9241259379758], [-48.188606904345, -15.919620350328199], [-48.1866425307083, -15.920104243567001], [-48.1833644181152, -15.9231764592899], [-48.181819938661, -15.9235849820124], [-48.1799934467467, -15.9225676286518], [-48.1784709488704, -15.919059394608], [-48.1744282867327, -15.918077971862498], [-48.1722483134279, -15.919238627576297], [-48.1699855200874, -15.922533173555399], [-48.166299766885395, -15.9236064515627], [-48.163921914871196, -15.915621800858], [-48.1609133741757, -15.912809694091099], [-48.0603702186299, -15.882460652126497], [-48.0426756571165, -15.937436305557398], [-48.038254752148, -15.9453576330193], [-48.0407721059697, -15.949218181507398], [-48.044184206857196, -15.951779556432399], [-48.0495184885682, -15.953287870571298], [-48.0539652561668, -15.9526026912826], [-48.077663118129195, -15.9388214695378], [-48.0775856391451, -15.929575658067101], [-48.0785898042408, -15.9287584767623], [-48.081710459273005, -15.926691320815298], [-48.0836218480174, -15.927503713745901], [-48.086545992599895, -15.9270555489699], [-48.0872776593053, -15.925473979742602], [-48.0891319550718, -15.925537711474497], [-48.0906938114209, -15.926499514416498], [-48.0945037871233, -15.932277730616699], [-48.1021271440327, -15.937269605966899], [-48.103841355338496, -15.9420574480865], [-48.112112251659795, -15.9514186325081], [-48.1140683355208, -15.951110445611], [-48.1165064073927, -15.9528900019066], [-48.1200617073188, -15.953768488093097], [-48.1202163794611, -15.954660117992002], [-48.122365977890595, -15.9560645556569], [-48.122867008346496, -15.9581610405831], [-48.121847937032, -15.959728813590003], [-48.1227418731021, -15.960266610625], [-48.122235206972796, -15.9612310361454], [-48.124065309733005, -15.9658634228624], [-48.1225299708343, -15.9660392085388], [-48.1220885156632, -15.968745283794998], [-48.120794069694, -15.969052998703498], [-48.117513843803, -15.9751048697315], [-48.1215810988763, -15.9795214023458], [-48.1339414395057, -15.9557157346334], [-48.143291213297395, -15.9505412952425], [-48.143685274025195, -15.943140920816898], [-48.1448652137018, -15.9425639071586], [-48.153395799671095, -15.9469445372207], [-48.1564067948825, -15.9364270720494], [-48.166263408359, -15.9396862598167], [-48.164758156614, -15.9406925064552], [-48.164077627337, -15.9427520170971], [-48.170785907812295, -15.9393845185406], [-48.1730429036974, -15.9472857778093], [-48.184130829944095, -15.9466818435121], [-48.1870470253962, -15.9479839500536], [-48.187101988833795, -15.953644015518298], [-48.189370034346496, -15.9581427253306], [-48.192111995435894, -15.9606842117379], [-48.1931570582706, -15.9638557520039], [-48.195543748959395, -15.962637585335099], [-48.1985675373122, -15.963937884377497], [-48.2006642039281, -15.962218387034], [-48.2044872959619, -15.964301201431397], [-48.2145534252035, -15.9661282107576], [-48.2147753686601, -15.967406911927597], [-48.2161356779031, -15.9674407443731], [-48.2185617775122, -15.969526094571698], [-48.2206851584099, -15.9694220779993], [-48.221487106536, -15.970547624976001], [-48.2231222330621, -15.9706043766554], [-48.2237565195911, -15.9697101021418], [-48.2252251163412, -15.9712048216242], [-48.2283821018166, -15.971247728135602], [-48.2293768746532, -15.970492479217802], [-48.232591592659695, -15.971924795000401], [-48.2380599567297, -15.9725286503483], [-48.2401609473189, -15.970862912378701], [-48.2401776609897, -15.9719008922976], [-48.241300356670095, -15.9716672966907], [-48.2432255338167, -15.9730556753132], [-48.2460588724857, -15.9723628966377], [-48.2457250113387, -15.9731262937516], [-48.2473312385577, -15.975503499838], [-48.253566646164195, -15.9758696461616], [-48.253750365002006, -15.977130784872799], [-48.2565554350972, -15.977052193888001], [-48.259345706157895, -15.9784453917759], [-48.2578969081726, -15.976387247418199], [-48.259218227976795, -15.976568112486499], [-48.259534741846196, -15.974000833323199], [-48.2580526530924, -15.972980955299398], [-48.260469211365496, -15.9689416354418], [-48.2601979137631, -15.966987287898698], [-48.257967244588, -15.9651987333348], [-48.2574196253536, -15.9637116205514], [-48.256083233460394, -15.963169025346701], [-48.2576406826592, -15.961450807198199], [-48.255199004237795, -15.962129051204201], [-48.255897344362396, -15.9601546075424], [-48.2542343905404, -15.956607642592699], [-48.2527673738757, -15.957044733174397], [-48.2532195365462, -15.9557585815779], [-48.2514307121349, -15.954871808434001], [-48.2524558936329, -15.948584149226699], [-48.2533828600697, -15.948432360951497], [-48.253627574090096, -15.947340908888402], [-48.2530872531749, -15.9466224430741], [-48.250732973347496, -15.948164670091101], [-48.2502123346136, -15.947398269477299], [-48.251020585739596, -15.9438705044058], [-48.252665959210596, -15.944640843931898], [-48.2528885490974, -15.942911665886301], [-48.245712323804696, -15.9424778293802], [-48.245829730015195, -15.940257824177], [-48.244010651110194, -15.941899253064399], [-48.2432437592188, -15.9415567649749], [-48.2426801489582, -15.939370168236401], [-48.2414627834621, -15.9387427340767], [-48.242147508365896, -15.938356021552998], [-48.2419447292843, -15.9374308262885], [-48.240258421457, -15.937928099897597]]]}}, {"id": "Lago Sul", "type": "Feature", "properties": {"ra_nome": "Lago Sul", "ra_numero": 16.0, "cod_subdistrito": 53001080523, "populacao": 30553}, "geometry": {"type": "Polygon", "coordinates": [[[-47.9110071905559, -15.9038868479142], [-47.9105404659729, -15.9001093492743], [-47.9056789589444, -15.890647576408497], [-47.906442979202296, -15.885634366162101], [-47.9056678092568, -15.883432299821001], [-47.9060471639879, -15.881155490330697], [-47.9229452296334, -15.884268021169397], [-47.9354109201915, -15.893132151650398], [-47.9401019434573, -15.8955501879237], [-47.946602274332, -15.89423721328], [-47.9519133294259, -15.8844855407577], [-47.9563585722739, -15.8812097364547], [-47.9562135322062, -15.880132608098801], [-47.9486315277733, -15.875773808461897], [-47.935827894499496, -15.869627877313], [-47.9366051753409, -15.8669502548988], [-47.9323304723959, -15.851315841219002], [-47.925409904927, -15.850853610200899], [-47.9248999450583, -15.851716736307], [-47.9196496418133, -15.851556898139199], [-47.9113846279985, -15.846698930668797], [-47.907095694903894, -15.8458521295776], [-47.9036627175069, -15.8435909417988], [-47.902870911718395, -15.844076366747897], [-47.8981972192299, -15.840596132109003], [-47.8922186261466, -15.8409219596529], [-47.8851144402517, -15.835754472641197], [-47.883186839865395, -15.8285735803482], [-47.8808522843267, -15.828507815013598], [-47.8793345850803, -15.825969723739798], [-47.8768530280322, -15.824575794188599], [-47.871878269457, -15.824534709694799], [-47.8707938049141, -15.8265254780976], [-47.8718366126798, -15.8273488564234], [-47.871850204811395, -15.8283989343681], [-47.8705524003988, -15.829969426794497], [-47.866088139981095, -15.827815928154699], [-47.862808154544695, -15.828211466401898], [-47.8585075711919, -15.8270761264779], [-47.8554661375496, -15.827323913360901], [-47.854725196458006, -15.829302417856299], [-47.8612381732573, -15.834969248155002], [-47.868253188430195, -15.8445937236612], [-47.869813155718695, -15.8479596270162], [-47.868170816283296, -15.850084199731002], [-47.8687210525304, -15.852209562639898], [-47.8746629572495, -15.857594390231098], [-47.8715681578932, -15.8588598941348], [-47.8687502152422, -15.8559208527547], [-47.868833669280896, -15.854637367253801], [-47.8698053409955, -15.8541368236413], [-47.8674155900345, -15.8533828044232], [-47.866922489023494, -15.852097922146301], [-47.865335188363495, -15.852669816613597], [-47.8624244586091, -15.852084512021799], [-47.8588973947537, -15.8531421713266], [-47.858459791288794, -15.851514430703098], [-47.8638766581841, -15.8496728007672], [-47.8615047548659, -15.846124831765497], [-47.858143237684196, -15.8442256435356], [-47.853621655562, -15.839792856492199], [-47.8515397648076, -15.8392362507284], [-47.8488082446901, -15.8401697500278], [-47.843556736316, -15.839015521830001], [-47.840930030272496, -15.839439830503299], [-47.8379879301505, -15.833069637129801], [-47.8338492633059, -15.8310416903759], [-47.8313752602365, -15.830692202953498], [-47.8278976650062, -15.8323994759667], [-47.825489156279595, -15.8324304430282], [-47.827388344509394, -15.829616149573901], [-47.8270378621195, -15.827732561566199], [-47.8231472055806, -15.825281621846003], [-47.8212340419215, -15.8219288586491], [-47.8174877337132, -15.8210169195743], [-47.8163635302615, -15.821522533522899], [-47.8192915402225, -15.817537861856598], [-47.8181904676974, -15.810372357938801], [-47.818927070071396, -15.809037778318299], [-47.8173152217438, -15.807598388849001], [-47.8170094877667, -15.805694655211498], [-47.813388113586, -15.806017154185197], [-47.815372415103695, -15.8030643025058], [-47.8122454223766, -15.7973897304098], [-47.809739253476195, -15.7955855324551], [-47.8103968178526, -15.794396094725501], [-47.809090838537195, -15.793085516891399], [-47.8024459285324, -15.792730340293897], [-47.803485244222, -15.794377700650601], [-47.8015032826552, -15.7940466073031], [-47.801052627821, -15.794823756966098], [-47.7985637525862, -15.795227878739198], [-47.7985221017863, -15.797287562856399], [-47.797608485686496, -15.7957640021496], [-47.796998853730095, -15.7965395183713], [-47.7957530861935, -15.795959486259399], [-47.7953938833682, -15.797237532245099], [-47.794640033456005, -15.795937683769598], [-47.7921106723989, -15.796131067603001], [-47.791005964861, -15.7953251158693], [-47.7892840681939, -15.7958620230943], [-47.789349397688, -15.7998775290354], [-47.785870259183795, -15.8022502516865], [-47.793292210575295, -15.819218807547399], [-47.7974916782677, -15.826388961975798], [-47.8150801058503, -15.849286467276897], [-47.8204518920456, -15.864071123545399], [-47.8226599947133, -15.8716160279385], [-47.8232160163471, -15.876621475975], [-47.822794292000296, -15.881618707894201], [-47.819596558196395, -15.8949522328811], [-47.8199187753064, -15.903808775900501], [-47.8220978191043, -15.9101863774343], [-47.83235226852317, -15.928211029227873], [-47.8365082878951, -15.930080210207102], [-47.876563054876, -15.963129642321599], [-47.9314733587805, -15.9833263067185], [-47.941843026777796, -15.983679519119798], [-47.9558596971141, -15.979325569408202], [-47.956617304378895, -15.969938478694498], [-47.9576125862477, -15.9682697722776], [-47.9599398622594, -15.9674626531502], [-47.965916505123396, -15.968056851280801], [-47.967515630695196, -15.966825010341498], [-47.9685953483624, -15.962723923058299], [-47.9697193731595, -15.9612928958937], [-47.9714623543428, -15.9606838428098], [-47.976107003063895, -15.9612136694763], [-47.9795880137793, -15.959282525551702], [-47.983784408358495, -15.9525036262335], [-47.9804126604936, -15.9512414430782], [-47.9733787841832, -15.952201526536701], [-47.9703394542168, -15.9511038836598], [-47.9642161716762, -15.9505651945232], [-47.95912288185209, -15.946288580390274], [-47.9509277103169, -15.9439684136812], [-47.947875875262, -15.9443597914093], [-47.9456321568125, -15.9418831929974], [-47.9431711403485, -15.9418836668511], [-47.937618499171, -15.937065025665598], [-47.9358897405593, -15.936718343366698], [-47.9307720568342, -15.9311266792436], [-47.930742135273896, -15.927505195205201], [-47.930058648899895, -15.927424181512697], [-47.9294058757584, -15.925590853765001], [-47.929229532144895, -15.920129865162599], [-47.927840950599496, -15.917809845799802], [-47.9267946301482, -15.913426235900701], [-47.9235336468464, -15.912368732839697], [-47.922766129725005, -15.910562761217701], [-47.9213698478278, -15.909910501645799], [-47.913030000236695, -15.908297512326302], [-47.9110071905559, -15.9038868479142]]]}}, {"id": "Plano Piloto", "type": "Feature", "properties": {"ra_nome": "Plano Piloto", "ra_numero": 1.0, "cod_subdistrito": 53001080506, "populacao": 220393}, "geometry": {"type": "Polygon", "coordinates": [[[-47.8911683128848, -15.840335033399697], [-47.8933121787305, -15.8410785039396], [-47.8981972192299, -15.840596132109003], [-47.902870911718395, -15.844076366747897], [-47.9036627175069, -15.8435909417988], [-47.907095694903894, -15.8458521295776], [-47.9113846279985, -15.846698930668797], [-47.9196496418133, -15.851556898139199], [-47.923167603773095, -15.851744137135798], [-47.9248999450583, -15.851716736307], [-47.925409904927, -15.850853610200899], [-47.9323304723959, -15.851315841219002], [-47.9315355059095, -15.845085547898599], [-47.9407115735617, -15.844475598934402], [-47.9533318473729, -15.840555743432601], [-47.9486483929025, -15.810135700812914], [-47.9396824844423, -15.810931279212099], [-47.927435320548796, -15.8065931667936], [-47.913560534056195, -15.798218165033502], [-47.9175068275736, -15.796962740896], [-47.913520166879294, -15.7851064428712], [-47.9384672792374, -15.7772041076141], [-47.9357000924414, -15.770265971977297], [-47.916935800281095, -15.740065040647899], [-47.919588498827096, -15.7400248379849], [-47.9212394725215, -15.7426757568566], [-47.921209150667195, -15.744085815965398], [-47.927941919871195, -15.740242863869602], [-47.9424256220002, -15.7479624107584], [-47.963400474272795, -15.748915169926201], [-47.969655794903694, -15.7526768346473], [-47.9728356189964, -15.7558933420253], [-47.9738407131997, -15.7554972556469], [-47.9767947016286, -15.7590337338698], [-47.979316807659394, -15.766492439496599], [-47.9757989746114, -15.7726685376564], [-47.9763175756583, -15.775423767066297], [-47.9756379098394, -15.7781818508013], [-47.974452169906, -15.779492099806099], [-47.9780676225732, -15.782837390207002], [-48.004922287018594, -15.754590710184901], [-48.0171866385599, -15.751555502101], [-48.047625516866695, -15.753673803209901], [-48.0508549504481, -15.7467793096493], [-48.0553157582967, -15.741870896904098], [-48.061975966000595, -15.738452892238698], [-48.075861203628, -15.7353174071255], [-48.0819971691134, -15.731456271528499], [-48.085227157545496, -15.727439880479299], [-48.0865507203143, -15.723128029893202], [-48.0896717885472, -15.677169048810901], [-48.0758474580051, -15.6303558628628], [-48.0709351116979, -15.625034154363398], [-48.04515837576, -15.612680455517001], [-48.027817402685, -15.592106487437102], [-48.012800182407595, -15.5790967957489], [-48.0080551885399, -15.577932380151099], [-48.002754352821796, -15.5793424569661], [-47.9585022457768, -15.6128478952272], [-47.883708500419004, -15.6677441984471], [-47.8595169427103, -15.6882270339798], [-47.8833275791335, -15.700460782594499], [-47.899743988275006, -15.712910774439399], [-47.9097089783332, -15.7285227454814], [-47.90433057374369, -15.727102956955699], [-47.8970308622323, -15.727786982486798], [-47.895301819195005, -15.728766466973298], [-47.894727004355495, -15.730219598887702], [-47.8935564474281, -15.729431636302198], [-47.8899406285046, -15.729696332376498], [-47.884545846558005, -15.728837600302297], [-47.879930463017004, -15.73075896544], [-47.8753994301907, -15.737981898480799], [-47.8724655752497, -15.7410721030582], [-47.865577871845296, -15.7433927213436], [-47.863290220815, -15.7455631345349], [-47.8627847290461, -15.7473579065931], [-47.8593838079083, -15.747944438607497], [-47.8520442648026, -15.750966721930501], [-47.8465523066934, -15.7548225924793], [-47.8451731144834, -15.757233852056402], [-47.8450725253429, -15.759718708879602], [-47.841959002085595, -15.761250403185501], [-47.840510468690006, -15.763384115869801], [-47.8358706045697, -15.765727086562901], [-47.834605831107005, -15.768940586148098], [-47.8348183665726, -15.771881963045498], [-47.8336110073708, -15.773252364896202], [-47.8319058304149, -15.773635819860202], [-47.82921965105219, -15.7697241629177], [-47.828091533456096, -15.762884173001199], [-47.8269668193497, -15.7606590532556], [-47.827203471750096, -15.759229052703697], [-47.8288494126088, -15.757816867519201], [-47.8298737479035, -15.755554793465402], [-47.827580464132694, -15.750960624483698], [-47.8340985260489, -15.746369354451001], [-47.8401298348008, -15.7442136443552], [-47.8444306648656, -15.7388021030069], [-47.84781693073369, -15.737367093776001], [-47.8527710151391, -15.732949346955001], [-47.853568091767094, -15.731069492857097], [-47.8558424018946, -15.730678472225199], [-47.8558833167586, -15.728936612165798], [-47.859520352698155, -15.72582245762402], [-47.85858978828949, -15.7252359816944], [-47.8588422043217, -15.724489053242298], [-47.8570676628998, -15.7245800100621], [-47.8541064679602, -15.727337802945199], [-47.8527847587759, -15.727322836564097], [-47.8520263700988, -15.7292292741879], [-47.851545135459396, -15.728088626726501], [-47.8476035976899, -15.729612199997499], [-47.8460923458736, -15.733307578972601], [-47.8440238910514, -15.7348337356607], [-47.8408154544185, -15.735110384379801], [-47.8385276675233, -15.734128704507798], [-47.838008200967, -15.73627584495], [-47.8359121540035, -15.7373350140237], [-47.836721073278696, -15.738740037991002], [-47.8356112588653, -15.741951504526003], [-47.83268565083, -15.7409277536067], [-47.832122095683495, -15.742372604957097], [-47.8301335901169, -15.7437476791738], [-47.8289080604718, -15.742661792256799], [-47.8275933074166, -15.744214161542098], [-47.8240646407396, -15.745551396180597], [-47.8210692700584, -15.749193668806901], [-47.8220714059612, -15.751257866718799], [-47.8211509639087, -15.752407727521899], [-47.8162974156854, -15.7516748590092], [-47.8198284937842, -15.7586112518844], [-47.8191909758771, -15.7600554759119], [-47.813771840150096, -15.763716260755798], [-47.8188029574275, -15.764910274861998], [-47.8172033016215, -15.7711715800092], [-47.8173631657584, -15.774104662084799], [-47.8110457229759, -15.779212441143398], [-47.8100868728927, -15.781605471627701], [-47.8066866685143, -15.785300608988], [-47.8064652502111, -15.787521584386699], [-47.7980213617286, -15.7905114675271], [-47.795123261600494, -15.788351639835897], [-47.7937299575133, -15.789836474848599], [-47.7942994832716, -15.7907314438974], [-47.7906890967681, -15.7902059885846], [-47.789522249827, -15.7886067417125], [-47.78910168223619, -15.790653239819902], [-47.7865824527577, -15.7819916997766], [-47.7839024271458, -15.784200038373397], [-47.782801680732, -15.789379298469298], [-47.783399346966696, -15.796189009536299], [-47.78587025918111, -15.802250251680546], [-47.789349397688, -15.7998775290354], [-47.7895132209596, -15.7957055465054], [-47.794640033456005, -15.795937683769598], [-47.7953938833682, -15.797237532245099], [-47.7957530861935, -15.795959486259399], [-47.796998853730095, -15.7965395183713], [-47.797608485686496, -15.7957640021496], [-47.7985221017863, -15.797287562856399], [-47.7985637525862, -15.795227878739198], [-47.801052627821, -15.794823756966098], [-47.8015032826552, -15.7940466073031], [-47.803485244222, -15.794377700650601], [-47.8024459285324, -15.792730340293897], [-47.809090838537195, -15.793085516891399], [-47.8103968178526, -15.794396094725501], [-47.809739253476195, -15.7955855324551], [-47.8122454223766, -15.7973897304098], [-47.815372415103695, -15.8030643025058], [-47.813388113586, -15.806017154185197], [-47.8170094877667, -15.805694655211498], [-47.8173152217438, -15.807598388849001], [-47.818927070071396, -15.809037778318299], [-47.8181904676974, -15.810372357938801], [-47.8192915402225, -15.817537861856598], [-47.8163635302615, -15.821522533522899], [-47.8174877337132, -15.8210169195743], [-47.8212340419215, -15.8219288586491], [-47.8231472055806, -15.825281621846003], [-47.8270378621195, -15.827732561566199], [-47.827388344509394, -15.829616149573901], [-47.825452368129895, -15.832218911167299], [-47.8257618020472, -15.832707295195199], [-47.8313752602365, -15.830692202953498], [-47.8338492633059, -15.8310416903759], [-47.8379879301505, -15.833069637129801], [-47.840930030272496, -15.839439830503299], [-47.843556736316, -15.839015521830001], [-47.8488082446901, -15.8401697500278], [-47.85206859446, -15.8392454477658], [-47.854650656108, -15.840519839480802], [-47.858143237684196, -15.8442256435356], [-47.8615047548659, -15.846124831765497], [-47.8638766581841, -15.8496728007672], [-47.858459791288794, -15.851514430703098], [-47.8588973947537, -15.8531421713266], [-47.8624244586091, -15.852084512021799], [-47.865335188363495, -15.852669816613597], [-47.866872824866796, -15.8520805180277], [-47.8674155900345, -15.8533828044232], [-47.8698053409955, -15.8541368236413], [-47.868833669280896, -15.854637367253801], [-47.8687502152422, -15.8559208527547], [-47.8710081056659, -15.858508125793698], [-47.872345751068195, -15.8589293220968], [-47.8746629572495, -15.857594390231098], [-47.8690907769769, -15.8529542235718], [-47.868170816283296, -15.850084199731002], [-47.869813155718695, -15.8479596270162], [-47.868253188430195, -15.8445937236612], [-47.8612381732573, -15.834969248155002], [-47.854725196458006, -15.829302417856299], [-47.8554661375496, -15.827323913360901], [-47.8585075711919, -15.8270761264779], [-47.862808154544695, -15.828211466401898], [-47.866088139981095, -15.827815928154699], [-47.8705524003988, -15.829969426794497], [-47.871850204811395, -15.8283989343681], [-47.8718366126798, -15.8273488564234], [-47.8707938049141, -15.8265254780976], [-47.871878269457, -15.824534709694799], [-47.8769983572163, -15.824628050999499], [-47.8793345850803, -15.825969723739798], [-47.8808522843267, -15.828507815013598], [-47.883186839865395, -15.8285735803482], [-47.8851144402517, -15.835754472641197], [-47.8911683128848, -15.840335033399697]]]}}, {"id": "Brazlandia", "type": "Feature", "properties": {"ra_nome": "Brazlandia", "ra_numero": 4.0, "cod_subdistrito": 53001080509, "populacao": 53534}, "geometry": {"type": "Polygon", "coordinates": [[[-48.027233041109895, -15.591518565651498], [-48.0459576423958, -15.6133014467266], [-48.0709351116979, -15.625034154363398], [-48.074909886532495, -15.628837261181799], [-48.076666182389594, -15.632389468592098], [-48.0896717885472, -15.677169048810901], [-48.0862126921559, -15.724884915752998], [-48.084477016649295, -15.728791718522999], [-48.0819971691134, -15.731456271528499], [-48.077319254832496, -15.7345580054564], [-48.0724574898131, -15.7365622646535], [-48.0724333326598, -15.740952943416698], [-48.0686390806492, -15.746992984642999], [-48.0657715178042, -15.7541435203143], [-48.0664854789124, -15.756826158724799], [-48.068064869988795, -15.758595736762697], [-48.072794338001295, -15.759060980486598], [-48.0775394378308, -15.7569713390858], [-48.0819140528859, -15.759365440002197], [-48.0886367994425, -15.761355914997397], [-48.0941627507305, -15.7649071945258], [-48.0960684492838, -15.764952317593298], [-48.097358196576096, -15.765891064040302], [-48.098796979224005, -15.7653641340173], [-48.1008124992832, -15.765868014032101], [-48.114178323911595, -15.771443990250699], [-48.120254662117794, -15.771030407391102], [-48.1209996978452, -15.7699846466195], [-48.124628823931396, -15.769923934101602], [-48.1256302440067, -15.7687995336976], [-48.1315589263126, -15.771406472016501], [-48.132315779372895, -15.7706436121859], [-48.131997420546, -15.769622461231497], [-48.1337513974794, -15.7697125627863], [-48.1346277692331, -15.7678625397898], [-48.141608253058, -15.7676041864039], [-48.148347849357, -15.7689917503479], [-48.1508603325681, -15.7679782877717], [-48.1582129310781, -15.767127075280497], [-48.158357077728695, -15.765167383019199], [-48.1575423319375, -15.764256487103498], [-48.159106036592696, -15.763148230406202], [-48.1598549954566, -15.760683750901098], [-48.1633214604689, -15.756832685391199], [-48.1647131070066, -15.7565341139522], [-48.167288918234696, -15.7536749128837], [-48.1722103353206, -15.750654157769599], [-48.1739047395865, -15.750886723061003], [-48.1747295383692, -15.7528687077833], [-48.1823582881446, -15.748497558427601], [-48.1887654542641, -15.7476966626627], [-48.2073862807989, -15.7519013654284], [-48.2138263644601, -15.7505647285733], [-48.2132102406269, -15.748025458298498], [-48.2144842705403, -15.7430193550187], [-48.2197795712843, -15.742303057008698], [-48.215378676285695, -15.742394972264197], [-48.215927991682, -15.740816063948301], [-48.2136826280353, -15.7403276619423], [-48.212191503699295, -15.7371168724928], [-48.2135605092829, -15.7297186385986], [-48.2108366991514, -15.7194647164341], [-48.2130258201518, -15.7172185667796], [-48.2135708919393, -15.714232495020001], [-48.2178269052627, -15.7106904475152], [-48.222954247986095, -15.708888920710699], [-48.225439923512496, -15.7099239346691], [-48.2275009381937, -15.709132764184998], [-48.227471004326794, -15.7085200429988], [-48.231709535586894, -15.709834645133599], [-48.233550955465695, -15.708664010242], [-48.2361555273218, -15.7089083417301], [-48.237161157824296, -15.707832758701201], [-48.2376990307885, -15.708532292281799], [-48.2402815999778, -15.706604181550599], [-48.2414268511306, -15.7046434282582], [-48.240404977457295, -15.70312042139], [-48.2392521129971, -15.697202755907501], [-48.2397972589618, -15.6954222780306], [-48.2414562718785, -15.6939367483794], [-48.2406645367277, -15.692842949797], [-48.241329643955495, -15.6869933999466], [-48.2346104384201, -15.666804952567], [-48.2351784584112, -15.661101413399699], [-48.2341510202654, -15.657167792932198], [-48.2364556607468, -15.6511763821192], [-48.2354194748197, -15.648517026759597], [-48.2349513449182, -15.642638728189699], [-48.229603648771295, -15.637611912354298], [-48.2289565874962, -15.634581748349602], [-48.2269102989111, -15.6331631976727], [-48.2257726834576, -15.6303670681862], [-48.2209645289664, -15.627733989680497], [-48.217210260363295, -15.622986359734], [-48.2111774290437, -15.622721893485798], [-48.2034353349174, -15.624385375726398], [-48.2003478918244, -15.623155368870528], [-48.200268612355195, -15.6218647065954], [-48.1990307299181, -15.621983215893001], [-48.1973843683504, -15.605686482972697], [-48.1993843349294, -15.603497820677301], [-48.200544392541595, -15.500255153363], [-48.035719034603595, -15.500255459426299], [-48.0340010777658, -15.504350133229702], [-48.0394597433367, -15.5169710554505], [-48.039655260870894, -15.519767616679498], [-48.038789154837595, -15.525549624181098], [-48.035575032915695, -15.531020835555099], [-48.0346359098494, -15.531575554660701], [-48.0323699841547, -15.5305682896502], [-48.0317476085959, -15.531506927166099], [-48.0336753007335, -15.534162290629899], [-48.042127218129295, -15.541928863915201], [-48.0436363069315, -15.545050399454698], [-48.0436870592587, -15.5477405806756], [-48.0418855106332, -15.550519558920099], [-48.0358666188857, -15.554160365574598], [-48.034081747509696, -15.556370193386897], [-48.0336112100727, -15.559031459257898], [-48.0353174611981, -15.563513840198498], [-48.0347104939965, -15.5656351974205], [-48.0244964816189, -15.573369983224898], [-48.0170860911446, -15.5824430674851], [-48.027233041109895, -15.591518565651498]]]}}, {"id": "Paranoa", "type": "Feature", "properties": {"ra_nome": "Paranoa", "ra_numero": 7.0, "cod_subdistrito": 53001080512, "populacao": 65533}, "geometry": {"type": "Polygon", "coordinates": [[[-47.5554571449825, -15.872853365550801], [-47.520085370420794, -15.853603411027299], [-47.517817196479896, -15.853105877603001], [-47.467316675002, -15.8631270274777], [-47.464059863597, -15.863082830041598], [-47.456199577460595, -15.858519960221498], [-47.4532111777958, -15.857659533448698], [-47.4225872307835, -15.864183371084598], [-47.387083837484894, -15.856899124991301], [-47.3855401291535, -15.845786450782901], [-47.3831817543081, -15.8468151635618], [-47.382270787815095, -15.845533340920701], [-47.381045724882696, -15.845555841641799], [-47.3800434780774, -15.8469219347884], [-47.377493757056314, -15.846109780073302], [-47.3772613254873, -15.8469073127254], [-47.3735274788153, -15.8445181317334], [-47.372232763107796, -15.8452188886079], [-47.3728805314955, -15.8455460499761], [-47.372093492689096, -15.846241246054099], [-47.369278112526494, -15.846106272590298], [-47.3689795036003, -15.8473887443685], [-47.3707643111509, -15.8472635224511], [-47.3713268164649, -15.8482005081813], [-47.370700303673004, -15.8488948478194], [-47.3687992966251, -15.8488207881999], [-47.3694015980414, -15.8498892397243], [-47.3680525674303, -15.852170609393598], [-47.3684642093427, -15.8537750531828], [-47.3708543957695, -15.854814902155601], [-47.3697076212915, -15.855395689163702], [-47.3694719881681, -15.857595320495001], [-47.370684870662195, -15.8598748537148], [-47.369913848255, -15.861144432253], [-47.3744771554101, -15.8643556627314], [-47.3735889609071, -15.8653419707058], [-47.370867921160595, -15.8649941795265], [-47.3714709418315, -15.868272304419799], [-47.3734030317222, -15.869391199106001], [-47.3726278442387, -15.870624698884498], [-47.3715941048524, -15.870741729805099], [-47.3720854927104, -15.872533187202498], [-47.3738208140335, -15.872945972313799], [-47.3721943122698, -15.874094859887599], [-47.376814467786595, -15.881404946540599], [-47.3797177463918, -15.8805608683132], [-47.3807764699216, -15.881295410191301], [-47.3771947177137, -15.883025056630299], [-47.3788757232392, -15.884208973860398], [-47.378311797592396, -15.885548576999602], [-47.3790949777193, -15.886821863601702], [-47.3786421566762, -15.8880843606356], [-47.3779030956512, -15.8873092568058], [-47.3773446711089, -15.887767092939002], [-47.378148884399, -15.891465743081799], [-47.376526721813896, -15.891244191434799], [-47.3760117996406, -15.8925462144113], [-47.3766446656251, -15.893577246104998], [-47.3757221054564, -15.895143024666798], [-47.3773885359642, -15.896348782396599], [-47.374787033676, -15.896976727884699], [-47.3758123455077, -15.8982171619868], [-47.375607428458295, -15.8997660142599], [-47.372479857935005, -15.8998175543654], [-47.374939586714895, -15.9067285358389], [-47.3722750446931, -15.906470550893799], [-47.370843193165, -15.907760960146398], [-47.3672724435839, -15.908005211798502], [-47.3653813634576, -15.9094659459288], [-47.3671316758592, -15.911529980245302], [-47.368217319614395, -15.9100880050037], [-47.3678741157149, -15.912189442637098], [-47.3664042986753, -15.912794572969], [-47.369175342198595, -15.917431084263], [-47.3682064359, -15.917763327000902], [-47.3689319466325, -15.918807811828602], [-47.367282221729596, -15.9199181170704], [-47.3690468117057, -15.920402839514802], [-47.3663290632259, -15.920958438698499], [-47.364493902057895, -15.919549394042898], [-47.362099546848, -15.921733826763502], [-47.3623445594413, -15.9236842791164], [-47.3612213486075, -15.924397610434799], [-47.3612391504887, -15.925600735363298], [-47.362696954554394, -15.925874759781399], [-47.362519111605, -15.926793651242697], [-47.3616327243299, -15.9268422051414], [-47.3625408161162, -15.9280102829854], [-47.362171303039005, -15.929145378154299], [-47.364405395991795, -15.9300116375465], [-47.362596310364296, -15.9317948881398], [-47.3658184906869, -15.9306104435918], [-47.3661315357751, -15.931350498678697], [-47.3650382892422, -15.9333481457357], [-47.367963405406, -15.933104644041501], [-47.369144503645, -15.935332974301001], [-47.372244806777296, -15.935456067668397], [-47.373645740445, -15.9368417970176], [-47.372890265287495, -15.9385773889548], [-47.3716108170199, -15.9364865808548], [-47.3701242770335, -15.936316833661499], [-47.3725279655189, -15.9405597927199], [-47.369078160394295, -15.9411334541539], [-47.370425359763004, -15.941678739215599], [-47.3708070666872, -15.942934764470003], [-47.3699444229388, -15.943102347001497], [-47.3698776510654, -15.9453660660961], [-47.3684243764479, -15.947080416217299], [-47.3704610296712, -15.947255856685599], [-47.3706273779504, -15.945917917484797], [-47.3715155121021, -15.9469642010634], [-47.370545757173595, -15.951047340389598], [-47.372459461667496, -15.9537048053189], [-47.371893449195596, -15.955754497840099], [-47.3750142950437, -15.956643354554199], [-47.3743302089255, -15.9584179180059], [-47.373253533602394, -15.958415335542], [-47.3732790151181, -15.959944484029998], [-47.3785024645517, -15.962306087827601], [-47.3771096390486, -15.9632889966895], [-47.3766540317702, -15.9651956472011], [-47.375404162074005, -15.966415741278102], [-47.3763485928586, -15.968828808669798], [-47.379020242419095, -15.968115877683298], [-47.3788439416699, -15.9701296971898], [-47.3769474411977, -15.971297409733902], [-47.37920949554, -15.973640151930502], [-47.3790714571918, -15.974227428221901], [-47.3781050661226, -15.9739988652602], [-47.377816995302695, -15.975602549740099], [-47.3791148496183, -15.9778981942508], [-47.376213085107004, -15.978441778189298], [-47.3755397501209, -15.9806437194767], [-47.374452445871796, -15.9795667280871], [-47.3736340484656, -15.980318265309597], [-47.374123263885195, -15.98130286576], [-47.376503928970195, -15.982126314854797], [-47.3757270908803, -15.984230401427899], [-47.3772363318893, -15.986366965401098], [-47.376432248546195, -15.986887356802901], [-47.3753009863877, -15.985919941086099], [-47.3756378624062, -15.9877943807689], [-47.3732164959498, -15.994349207816699], [-47.3702275693104, -15.994700482084898], [-47.3701531231412, -16.001522579500698], [-47.3693296395261, -16.0028715751617], [-47.366721725675596, -16.0010663599323], [-47.3652601991393, -16.0010636148279], [-47.3652783917422, -16.0041716498943], [-47.363742364728004, -16.0054935492109], [-47.3614998782582, -16.0067164397861], [-47.3591725598506, -16.0056271055569], [-47.3604476896549, -16.007705739443598], [-47.359720691656, -16.0082316793368], [-47.3556821020811, -16.0083246985256], [-47.3544423938885, -16.0071181616539], [-47.3514959544141, -16.006459701563898], [-47.3494342410218, -16.0071803037347], [-47.3487011218718, -16.006092271942002], [-47.3479614421955, -16.007212073497698], [-47.3483599508011, -16.0087578473599], [-47.346249865317695, -16.0089766432421], [-47.3459539302041, -16.0113598817547], [-47.339465238355395, -16.0123232060273], [-47.338419750624006, -16.0136028963101], [-47.338637958185004, -16.0149627636727], [-47.341121285765496, -16.0155072030839], [-47.3411545139537, -16.0162740807345], [-47.339745138729796, -16.0168922843765], [-47.3410457396756, -16.01805244609], [-47.3408231950978, -16.0197929078097], [-47.3362786556321, -16.0174232813353], [-47.3369927689372, -16.0189656468532], [-47.3363896657986, -16.0200056433327], [-47.3335069848112, -16.0220177570173], [-47.3308868019175, -16.0222419684198], [-47.330444717135094, -16.0246033087889], [-47.3286830996311, -16.0255697548209], [-47.329288058402, -16.0274734692724], [-47.3267235448034, -16.027618743739698], [-47.325678157864196, -16.029618661031], [-47.325132115763004, -16.0293035916038], [-47.3254061032457, -16.0271006579417], [-47.3221446537897, -16.0261493227685], [-47.3225851337241, -16.0267710903826], [-47.321513429479296, -16.028599037491198], [-47.322304209036695, -16.031174065736298], [-47.319174649758494, -16.0314662986982], [-47.318427173496595, -16.034073341166298], [-47.3204113402089, -16.0347265341492], [-47.320733767890594, -16.0356430348439], [-47.318729431474495, -16.036685348425898], [-47.3187505905037, -16.0376881165047], [-47.317443950567295, -16.0364141662729], [-47.3133164050674, -16.0350974710265], [-47.3100061879047, -16.036273509190398], [-47.312674911950396, -16.0421106635699], [-47.311536205942595, -16.042832126233698], [-47.309285313622695, -16.041683526704798], [-47.308500262475796, -16.0420920341778], [-47.310182982992394, -16.0445196495372], [-47.308494525516004, -16.0456743504987], [-47.3099748633718, -16.0484860083475], [-47.3083869870584, -16.0502642626437], [-47.6173597727465, -16.050263276563], [-47.614365252895794, -16.0141662616638], [-47.5961036450588, -15.9856736424336], [-47.5879014086932, -15.971374646570299], [-47.5885754148592, -15.967663183644099], [-47.606445494267696, -15.9388054766069], [-47.6082025727301, -15.937302892561197], [-47.610492750357196, -15.936814509030699], [-47.618802996155296, -15.939405347679598], [-47.6294235232696, -15.9474683442924], [-47.631664298857096, -15.9544229583323], [-47.6367743624386, -15.959879161278], [-47.6424816374484, -15.963087873074699], [-47.6485332295296, -15.9686044123061], [-47.6511368547476, -15.9691504027167], [-47.653543654339295, -15.968642023822401], [-47.658967409339695, -15.963778991872601], [-47.6619849898366, -15.9623055773794], [-47.663696280746095, -15.9595476735628], [-47.663305472893796, -15.958730587274498], [-47.6621850966939, -15.9587263826021], [-47.6615253146878, -15.9564855423125], [-47.6597951103548, -15.9556127446274], [-47.6598302606117, -15.9546729679873], [-47.6607314805093, -15.953912165305498], [-47.662513475731004, -15.954179164386401], [-47.663864643926395, -15.952509574416], [-47.664954309669895, -15.953227691734302], [-47.666709900537796, -15.9519956548087], [-47.6689145930078, -15.945474270660899], [-47.6668231748401, -15.943973747988702], [-47.666480453713795, -15.942830913089898], [-47.6693071427028, -15.943184288902401], [-47.668368789285594, -15.941055307145898], [-47.668361214943296, -15.9381560984812], [-47.669748808273596, -15.9371995753173], [-47.6683928655737, -15.9342628727881], [-47.6712349026022, -15.9307051585576], [-47.669918868035005, -15.929095684372799], [-47.671654814708894, -15.929074180730199], [-47.6721852234722, -15.927604410946197], [-47.6744080780339, -15.928127808181499], [-47.676628230588, -15.9301956948064], [-47.6772707171777, -15.9271168216069], [-47.675479447668295, -15.9240952506117], [-47.6774379524054, -15.923538054466299], [-47.6807086042493, -15.918891091905797], [-47.6813203422145, -15.921313104455201], [-47.6823382801826, -15.9214178645411], [-47.6825115002935, -15.9165384199489], [-47.6847755599212, -15.914694825634498], [-47.682506810419, -15.9143617610402], [-47.6804628544484, -15.911415620743199], [-47.6818393827595, -15.9113352958281], [-47.6822033043644, -15.9099217771839], [-47.684686545759895, -15.909674135581898], [-47.6858919503901, -15.9116100518034], [-47.688070450640296, -15.911673248794099], [-47.686980229173, -15.9092210900724], [-47.6877506705467, -15.906510931742899], [-47.6887153261165, -15.9062008637474], [-47.688389058247004, -15.908336476606198], [-47.6894117946489, -15.908883719412001], [-47.6915822340503, -15.904006497654398], [-47.6921060034012, -15.9045057577767], [-47.691642124339396, -15.9059747206434], [-47.692910029916, -15.907268543165799], [-47.694267547420495, -15.906881294161002], [-47.6932013933314, -15.9048262790587], [-47.6968902964692, -15.905421498327499], [-47.6964356241757, -15.903521438107001], [-47.6988376168148, -15.9031391824299], [-47.6976551387271, -15.901744977656602], [-47.6975469432858, -15.8995154410987], [-47.6999782464285, -15.8999998779869], [-47.6991169809434, -15.897355257538901], [-47.702828158053, -15.897597869630697], [-47.7006039964404, -15.894789668507798], [-47.7015974042952, -15.894334683179498], [-47.703079776821596, -15.8956167338791], [-47.704133744309004, -15.8923610907047], [-47.7072344883098, -15.8942008894445], [-47.7068251879168, -15.891586772617401], [-47.709435450844396, -15.891852106425798], [-47.7082344637519, -15.889564036121598], [-47.7120556628562, -15.887854249268202], [-47.7114067887958, -15.886092147671], [-47.7093296261426, -15.885765953996899], [-47.7105779215795, -15.883998120602898], [-47.709515802678695, -15.8837043536607], [-47.7093715738825, -15.881926882697], [-47.7077268005624, -15.8803578792014], [-47.7084741757442, -15.877485411266502], [-47.7098974286669, -15.877702407686002], [-47.7098602283143, -15.875128790000598], [-47.710999325207695, -15.8760899549182], [-47.7126286601833, -15.875527611018], [-47.713084760548, -15.876551520546801], [-47.713712445860196, -15.876037860765], [-47.7145061158231, -15.878096191504099], [-47.7165577071043, -15.877293688108102], [-47.7168096807335, -15.878338214403898], [-47.7183974110639, -15.877044772177799], [-47.7194164907503, -15.877393230794299], [-47.7199563638544, -15.876248432505498], [-47.7202586596368, -15.8768046019622], [-47.721324217509896, -15.8760325233782], [-47.7221073116403, -15.8767994015369], [-47.7220694745445, -15.8755896172723], [-47.723448598530496, -15.8748135829428], [-47.724360882529695, -15.875623984357299], [-47.7254192724908, -15.874526835008199], [-47.7270771456635, -15.875255572016801], [-47.7277746337095, -15.8742442498835], [-47.7307712123036, -15.8741974014503], [-47.731072829939095, -15.8731007523141], [-47.7318942499953, -15.873605187121097], [-47.7323080107805, -15.872380676472497], [-47.7366553253247, -15.871883160978497], [-47.721998946334296, -15.858001806745602], [-47.714487660228095, -15.8366551286402], [-47.708886856189395, -15.8031805189005], [-47.7110810808316, -15.8002342532956], [-47.711507256375896, -15.7981153602024], [-47.7127273677894, -15.797849445085797], [-47.714920081752695, -15.799654521587499], [-47.7173742592765, -15.7971447849202], [-47.718143190304595, -15.7979032955938], [-47.717181574091, -15.7985187299705], [-47.7173331530109, -15.799831740220599], [-47.7207251207944, -15.800747571183601], [-47.722820491567695, -15.798234091571297], [-47.726593766924296, -15.799513666884398], [-47.7260822937644, -15.7958031257832], [-47.7268900513839, -15.7950722974608], [-47.7282593928721, -15.796364709652002], [-47.7301595465102, -15.7967108914889], [-47.729074843421195, -15.794956903515201], [-47.729488774984794, -15.794058362060598], [-47.734521437655296, -15.7932259943306], [-47.7358753932841, -15.7956108025405], [-47.740712242905005, -15.793121647694198], [-47.7425788572754, -15.793516392115597], [-47.7438369191459, -15.7926263863039], [-47.7476183349375, -15.7941191633292], [-47.746306900406296, -15.790044908516501], [-47.7469367969631, -15.7888012665968], [-47.748438857983004, -15.788995080921898], [-47.750231640490796, -15.7905940491045], [-47.7534780304372, -15.790852468204697], [-47.757540609538594, -15.788459678506198], [-47.7607040205397, -15.790916178172399], [-47.7628651498824, -15.7915811410471], [-47.7636547932961, -15.7905005763758], [-47.7648600385064, -15.792682485808298], [-47.7692936656659, -15.795516646557797], [-47.776430190287, -15.796946623293298], [-47.7766332521406, -15.7995780223628], [-47.7821124526187, -15.799032732626399], [-47.7838847729428, -15.7977672225905], [-47.7828042843449, -15.7898563653348], [-47.7834163679615, -15.785663199523798], [-47.7859159924447, -15.782167910647598], [-47.7951639815378, -15.781214315304599], [-47.7976333320415, -15.7824920998401], [-47.8015491835522, -15.786943790124], [-47.803312574595395, -15.7873682322203], [-47.8046324531837, -15.786642034759597], [-47.8058741157545, -15.7833070814625], [-47.8129859507024, -15.772896944626597], [-47.8127062429696, -15.769500288591], [-47.808475048141396, -15.7641768147743], [-47.813417330564, -15.758330453044499], [-47.81055530230492, -15.757303566551114], [-47.80747497919555, -15.758735980178018], [-47.787378406153294, -15.7614629534656], [-47.7614176279207, -15.7523233351014], [-47.758161319550695, -15.751950272981697], [-47.7539661306822, -15.753159421382097], [-47.7389467494393, -15.762344494253998], [-47.732981684440006, -15.762916230671602], [-47.7294139695196, -15.761290117003098], [-47.7046601667902, -15.743869338000799], [-47.6907847475373, -15.736752254661397], [-47.6874424054098, -15.735899312344298], [-47.680326945419395, -15.7357520884966], [-47.677445571504094, -15.734134612818599], [-47.674218566759, -15.7343187383189], [-47.664982867118695, -15.727486038563198], [-47.6604466687455, -15.727306585239399], [-47.6645706154124, -15.748445896688699], [-47.642047349730795, -15.789347863251798], [-47.6210390986176, -15.8630090938042], [-47.604373154478296, -15.858576600226002], [-47.5554571449825, -15.872853365550801]]]}}, {"id": "Nucleo Bandeirante", "type": "Feature", "properties": {"ra_nome": "Nucleo Bandeirante", "ra_numero": 8.0, "cod_subdistrito": 53001080514, "populacao": 25334}, "geometry": {"type": "Polygon", "coordinates": [[[-47.959035742824696, -15.876628829923899], [-47.9673521636008, -15.875252468971597], [-47.9694099837378, -15.877535936067298], [-47.9707918641021, -15.877246047582402], [-47.970775571654, -15.883674649976001], [-47.976358342119795, -15.8833107055299], [-47.9786234948078, -15.881628784966697], [-47.980002745717, -15.879061662080499], [-48.000251396493596, -15.879977471158798], [-48.000498445031695, -15.8772514229021], [-47.9839099020176, -15.875489669216199], [-47.960254408008694, -15.8638374207417], [-47.958766611775296, -15.8627280605231], [-47.9625202596434, -15.8603920611253], [-47.9615313601678, -15.853968754490001], [-47.9567656083052, -15.854669198819598], [-47.9555457965006, -15.8487113520019], [-47.9546927490375, -15.8488658506973], [-47.959035742824696, -15.876628829923899]]]}}, {"id": "Ceilandia", "type": "Feature", "properties": {"ra_nome": "Ceilandia", "ra_numero": 9.0, "cod_subdistrito": 53001080515, "populacao": 348000}, "geometry": {"type": "Polygon", "coordinates": [[[-48.2307238325496, -15.901298220043799], [-48.2300968154566, -15.900829107480797], [-48.231633142910596, -15.901754076130402], [-48.2318667748581, -15.900721362947001], [-48.2344734716037, -15.901025393796003], [-48.2352899221206, -15.900679116548002], [-48.234998090588896, -15.899175783471001], [-48.2356584267553, -15.9000416211549], [-48.237013412741, -15.899253914306797], [-48.2363586852003, -15.8999588992482], [-48.236793772120095, -15.9015593903565], [-48.235780909427895, -15.902685040847002], [-48.2367821280084, -15.9036270152835], [-48.238590092796, -15.903852683529001], [-48.2403684942379, -15.9026433055079], [-48.2399963310153, -15.9035246219142], [-48.2410282825568, -15.9048091801732], [-48.2425952226045, -15.9049030095828], [-48.246438043092695, -15.907580751870599], [-48.247066934260594, -15.9071198854155], [-48.246826883983395, -15.909254125939798], [-48.250627904992896, -15.908745493619602], [-48.2525966143306, -15.909853359923499], [-48.2531839994096, -15.911740392255197], [-48.253790457556896, -15.9108194152408], [-48.254933603500895, -15.911533442136902], [-48.2554414632977, -15.912771646076697], [-48.2541791277336, -15.915083810805399], [-48.2550896951054, -15.915891621342798], [-48.2537023436177, -15.916815357170998], [-48.2581342049878, -15.918337380436], [-48.2577729003866, -15.9188393785159], [-48.259445440773796, -15.921937788279097], [-48.258415592499496, -15.923226300619499], [-48.2592148649479, -15.9246496689908], [-48.258396052817496, -15.924959970000499], [-48.2591348140558, -15.929371805421367], [-48.260899191203, -15.929278204251402], [-48.2611775203522, -15.928027243053998], [-48.2640293263635, -15.928491551003397], [-48.265065909251796, -15.931486060333999], [-48.2682714895927, -15.9331271230066], [-48.269687835335496, -15.931723477088], [-48.2763539859734, -15.931409505284199], [-48.274801196155295, -15.9279198849913], [-48.277177759567095, -15.9266001208014], [-48.2766458457822, -15.925630644773697], [-48.2758016362833, -15.925805691239297], [-48.2754774933234, -15.9245897297304], [-48.276868659094895, -15.924053039910001], [-48.2754883347544, -15.923441266997198], [-48.2762328168976, -15.9227146728207], [-48.2751876416879, -15.922081296451498], [-48.274463245378, -15.922994656200597], [-48.274308785192396, -15.9218855623536], [-48.272001635153096, -15.9221005633237], [-48.271806964204295, -15.921191750417798], [-48.2729919451335, -15.9199917286739], [-48.2705331798579, -15.9199389919172], [-48.2701008551685, -15.919193426698198], [-48.2707763379072, -15.9193752678902], [-48.270947303423696, -15.9177066868842], [-48.269826451213696, -15.917236701970499], [-48.2708561703487, -15.915800512760399], [-48.2696176016332, -15.912968711739701], [-48.2708597903251, -15.911711368688298], [-48.269842998684695, -15.911075321619197], [-48.2742292586117, -15.9098491612074], [-48.2754267741826, -15.907422093135601], [-48.2773222915918, -15.9075652290943], [-48.2747482878559, -15.9052730015756], [-48.274280401833, -15.903495064060099], [-48.2764104718416, -15.902989972962201], [-48.2758151080892, -15.901459706072897], [-48.2767087163272, -15.899832613842099], [-48.2759308942896, -15.899168903546801], [-48.2744976563245, -15.899909488431799], [-48.2738655967178, -15.899164519025001], [-48.274413137459895, -15.897593581304898], [-48.276057688527096, -15.8968917866926], [-48.2754194690448, -15.895495553945798], [-48.273017301284895, -15.895629619068599], [-48.273666846804396, -15.894245121123399], [-48.276525999284495, -15.8926771426663], [-48.2751247353421, -15.890492751700597], [-48.2737928122749, -15.890229383331597], [-48.2739006683572, -15.8876955279019], [-48.2717899439171, -15.883661502300802], [-48.273347763853096, -15.882184595776199], [-48.2740792374521, -15.8790074122452], [-48.274929934175695, -15.878965751751299], [-48.2750973177531, -15.8807435089059], [-48.2757363480346, -15.8802042365932], [-48.2758463939918, -15.8777119479013], [-48.2750269925933, -15.876606971255201], [-48.277109431056495, -15.875874533066098], [-48.2777859411641, -15.872354323156099], [-48.278551734880494, -15.8717701223022], [-48.2770624396401, -15.871525132327399], [-48.2759570685044, -15.8699667782862], [-48.278203345204496, -15.8684939675408], [-48.2804718123928, -15.8689117674002], [-48.2791771246688, -15.867343822613797], [-48.2805841220083, -15.8666615462864], [-48.279342879662295, -15.8647971291694], [-48.2791540135433, -15.863225928276298], [-48.2803047919922, -15.862721064397599], [-48.2788913115622, -15.8616637341109], [-48.2791590594138, -15.8600684689512], [-48.280639221693896, -15.861440941585002], [-48.281663722404396, -15.859844339531302], [-48.281419816790795, -15.858270640578901], [-48.2803850506276, -15.858128487171001], [-48.2805547987153, -15.856881518080598], [-48.2816018754221, -15.857497092489398], [-48.281782970764596, -15.8556812580301], [-48.2835847558125, -15.855890832416499], [-48.282459192911396, -15.8547260499658], [-48.283938400553396, -15.8542180548292], [-48.284275183606795, -15.8533163844868], [-48.2823112714673, -15.853021691210499], [-48.2857805854922, -15.8438725741459], [-48.2836240812496, -15.842009368541197], [-48.285247629479, -15.8399794836157], [-48.285085910844295, -15.836722371972801], [-48.2818812832658, -15.831615335640297], [-48.280835479499196, -15.824080497428898], [-48.278584164614, -15.8222784067901], [-48.275377520193096, -15.817069240344297], [-48.271825961438594, -15.8154693356711], [-48.271192613127894, -15.812820474686099], [-48.2699871527602, -15.8134592151295], [-48.2695528176802, -15.811970731505099], [-48.2682355253288, -15.8128790084644], [-48.2681275935923, -15.808759159268797], [-48.2673137137063, -15.8083045514578], [-48.2663031074201, -15.809161585905699], [-48.266832682969195, -15.806891345345699], [-48.264754604346, -15.809019246452598], [-48.2641307368639, -15.806644161470599], [-48.262139630853895, -15.8058423299344], [-48.2613173451378, -15.806568948262198], [-48.2612778382519, -15.805622827075899], [-48.2589560173589, -15.803958783692899], [-48.259089967525796, -15.802878474157302], [-48.257587967739894, -15.803097043444001], [-48.2565467993595, -15.8018609977281], [-48.2505067263658, -15.802072714247101], [-48.249183792663295, -15.8007066291796], [-48.249441238931794, -15.802088121832101], [-48.248592155195794, -15.802380377035199], [-48.2481759108748, -15.800808561974002], [-48.2490250790662, -15.800026340977002], [-48.248915692812595, -15.7988020684886], [-48.2473504323953, -15.7987343680818], [-48.246988027036295, -15.800356374412198], [-48.2462213888551, -15.800139829835299], [-48.246763096098796, -15.797744280113701], [-48.246104704299796, -15.797180487213097], [-48.24527847331, -15.7977155210413], [-48.2449767390511, -15.797058706666], [-48.2429309134712, -15.7972811177746], [-48.242142571301, -15.799494693726798], [-48.2408692605923, -15.7988779187168], [-48.241269214926895, -15.793109992384199], [-48.240633908779195, -15.7927722704948], [-48.2401203585319, -15.7939814017326], [-48.238505981147895, -15.7924489973862], [-48.236881657628295, -15.7892447109572], [-48.237911497547294, -15.786692830141002], [-48.2368412767475, -15.785042035559197], [-48.2325229965995, -15.784156858358699], [-48.233091755884296, -15.781387866935699], [-48.2324719445935, -15.7774746563798], [-48.2304974250885, -15.774659669584297], [-48.2309869768279, -15.773843128088297], [-48.227100574172496, -15.7728787189594], [-48.2248007933934, -15.7692322632034], [-48.2228445461378, -15.768102745486798], [-48.2246329557615, -15.764361228106399], [-48.2195381987669, -15.765648204407002], [-48.218451677906195, -15.764485513089701], [-48.2164692086763, -15.756667808089102], [-48.2148608278586, -15.754523939909697], [-48.2138263644601, -15.7505647285733], [-48.207386280799, -15.7519013654286], [-48.18876545426491, -15.747696662662836], [-48.182358288146396, -15.748497558427601], [-48.174729538371004, -15.7528687077833], [-48.1739047395865, -15.750886723061003], [-48.172480870455495, -15.750620934156501], [-48.167288918234696, -15.7536749128837], [-48.1597689663979, -15.760805203689898], [-48.159106036592696, -15.763148230406202], [-48.1575423319375, -15.764256487103498], [-48.158357077728695, -15.765167383019199], [-48.158153370982696, -15.767146472356298], [-48.1508603325681, -15.7679782877717], [-48.148347849357, -15.7689917503479], [-48.141608253058, -15.7676041864039], [-48.1346277692331, -15.7678625397898], [-48.1337513974794, -15.7697125627863], [-48.131997420546, -15.769622461231497], [-48.132315779372895, -15.7706436121859], [-48.1315589263126, -15.771406472016501], [-48.1256302440067, -15.7687995336976], [-48.124628823931396, -15.769923934101602], [-48.1209996978452, -15.7699846466195], [-48.120254662117794, -15.771030407391102], [-48.114178323911595, -15.771443990250699], [-48.11190076798102, -15.77041362009798], [-48.1083323174691, -15.790282064416502], [-48.1110314689708, -15.794039342706101], [-48.112422161392495, -15.794522456544197], [-48.1085728141177, -15.7996054325696], [-48.1076172508917, -15.798902699710501], [-48.102297798370095, -15.8058939891928], [-48.101537405105, -15.8053534323632], [-48.0940464446875, -15.816908128970397], [-48.092532049495794, -15.8214962905049], [-48.093405783192495, -15.821804216948003], [-48.088038208912, -15.835846123349299], [-48.0934438991561, -15.837670313656], [-48.088638026834396, -15.852089550395], [-48.095562564454596, -15.853906904637299], [-48.102808423307295, -15.8574870761502], [-48.1055698429709, -15.8574474684756], [-48.1097211963586, -15.862028837337197], [-48.109390985068, -15.8634872750077], [-48.1105296924016, -15.8663873162213], [-48.113218111730795, -15.867775240230099], [-48.1201760730432, -15.8669797419967], [-48.1212697755704, -15.865546401227], [-48.1245543404876, -15.8676027474374], [-48.1302197460777, -15.864116903782003], [-48.1310729541676, -15.864519890064098], [-48.1324047949116, -15.863110147837], [-48.135290201697, -15.864395608175], [-48.1423512441546, -15.860934407363198], [-48.143518974498704, -15.86014122425067], [-48.1435246679601, -15.8591078610054], [-48.1452782540732, -15.858555595248902], [-48.1460354844402, -15.856952885863102], [-48.1498724455807, -15.855832095967198], [-48.1499241185808, -15.8547808303365], [-48.1510144164401, -15.8541004616985], [-48.1525658846733, -15.854111848621299], [-48.1536603769065, -15.855099774047599], [-48.1551336357676, -15.854496157266198], [-48.1586294210711, -15.854871925719001], [-48.1613565890847, -15.852472131736299], [-48.1625403990679, -15.8527762196351], [-48.1636111998017, -15.8516892807929], [-48.165074319155195, -15.853226737199599], [-48.1687780160279, -15.852967462878599], [-48.168949371562, -15.853910396935898], [-48.1720031814916, -15.8554797501368], [-48.174283593207896, -15.855669010315898], [-48.1755219210637, -15.8574453702747], [-48.1768285704566, -15.857200551434198], [-48.1781750740791, -15.860739037698298], [-48.177844853317495, -15.8620399936296], [-48.182211738216196, -15.860665022700003], [-48.1838856158697, -15.864041245313999], [-48.183364664151, -15.864399933382598], [-48.1853938235201, -15.867392465379599], [-48.1886389547919, -15.8694573294814], [-48.189449546338004, -15.8709982860094], [-48.192569824756696, -15.871710637415001], [-48.191707685237596, -15.8726442742381], [-48.194830812400696, -15.875189330877697], [-48.1947874458224, -15.8762192208207], [-48.1966629166231, -15.878556959607698], [-48.196017584676795, -15.879162382766003], [-48.1977249385712, -15.8806539142672], [-48.1979653647724, -15.883232500229601], [-48.198761167594796, -15.882823469215298], [-48.2002272436292, -15.884336600404197], [-48.2003242552193, -15.8879916871071], [-48.2020095849741, -15.889438349907799], [-48.2022438446865, -15.8915114176963], [-48.2039536601406, -15.892145136627198], [-48.205831603411895, -15.891494310652398], [-48.2067166879776, -15.8937743860463], [-48.208225550989596, -15.892921364901198], [-48.2078012401005, -15.8947514026867], [-48.210399468678396, -15.8970511407855], [-48.210913409279, -15.8967455627257], [-48.2104185003686, -15.896193162584597], [-48.2119546922709, -15.8955834744021], [-48.2129359816556, -15.8975731704709], [-48.217371590715395, -15.8973626684648], [-48.218638918548, -15.899149442155098], [-48.2196229711223, -15.898259024423702], [-48.2206513341341, -15.901322334510601], [-48.2218010068967, -15.900113445868799], [-48.2223347714598, -15.9011166466862], [-48.2232399668109, -15.900958680652097], [-48.2232922184836, -15.902014208135501], [-48.224603323168196, -15.90243701131], [-48.224104915509095, -15.900909651303298], [-48.2264685532928, -15.901118100140097], [-48.22652022389, -15.8999075428079], [-48.2288001621369, -15.900306811309], [-48.227888881743795, -15.9011420082329], [-48.2284687869803, -15.9018194818567], [-48.2307238325496, -15.901298220043799]]]}}, {"id": "Guara", "type": "Feature", "properties": {"ra_nome": "Guara", "ra_numero": 10.0, "cod_subdistrito": 53001080516, "populacao": 137819}, "geometry": {"type": "Polygon", "coordinates": [[[-48.0063907078846, -15.814974794402799], [-47.9950414847367, -15.810862697886199], [-47.99220604936949, -15.8109056048738], [-47.9915079240239, -15.806150683752001], [-47.9842990678308, -15.807164034722398], [-47.982631245684004, -15.803866724102], [-47.9795954814388, -15.8025449496479], [-47.9681440342794, -15.8049169409783], [-47.968481615340295, -15.8070818046932], [-47.948613201804, -15.8099172574546], [-47.9546927490375, -15.8488658506973], [-47.9555457965006, -15.8487113520019], [-47.9567656083052, -15.854669198819598], [-47.9615313601678, -15.853968754490001], [-47.962520259649004, -15.860392061127698], [-47.958766611775296, -15.8627280605231], [-47.962326629475896, -15.864318394403197], [-47.963392343707795, -15.862635263865702], [-47.966479425236, -15.860960186584299], [-47.9717845128149, -15.861564832740498], [-47.971930137447195, -15.8592931625591], [-47.9775054456444, -15.8581721065274], [-47.979533082367595, -15.8529331035065], [-47.9815482292178, -15.850408426213399], [-47.9825058076583, -15.849939560085797], [-47.984286058418796, -15.850625161343098], [-47.9855472355549, -15.847922691505003], [-47.9884051655016, -15.8474757467843], [-47.9895424744496, -15.846290065065897], [-47.9899075553956, -15.841286308571597], [-47.9916013828328, -15.839943874499598], [-47.9933362043658, -15.832985206413499], [-47.9953933374765, -15.8312088990401], [-47.9952099776584, -15.8280211193434], [-47.996537487024, -15.825498067320002], [-47.996020530264396, -15.823512623828801], [-48.000179954613294, -15.8201627470636], [-48.000473850090195, -15.817979333358199], [-48.003122639895295, -15.818034684219], [-48.003627323916795, -15.819118969962599], [-48.010708863301396, -15.822107448167198], [-48.0116561896022, -15.820006215637097], [-48.007721975992496, -15.8183710171934], [-48.006620291385595, -15.8170363187372], [-48.005535478738096, -15.817211264392597], [-48.0063907078846, -15.814974794402799]]]}}, {"id": "Sao Sebastiao", "type": "Feature", "properties": {"ra_nome": "Sao Sebastiao", "ra_numero": 14.0, "cod_subdistrito": 53001080530, "populacao": 118853}, "geometry": {"type": "Polygon", "coordinates": [[[-47.652549847452796, -15.9689704057364], [-47.648059596682195, -15.968375405468397], [-47.6424816374484, -15.963087873074699], [-47.6369388269908, -15.9600397274531], [-47.631795916495, -15.954638125055599], [-47.6304170320742, -15.9490549351757], [-47.628449540748896, -15.946595063008001], [-47.6181620229655, -15.938997645639699], [-47.610492750357196, -15.936814509030699], [-47.6083936251342, -15.937210255640899], [-47.6065536224228, -15.938650616623098], [-47.588452172629005, -15.967881448074799], [-47.5879014086932, -15.971374646570299], [-47.588971427294595, -15.9741347678686], [-47.614365252895794, -16.0141662616638], [-47.6173597727465, -16.050263276563], [-47.8145411913222, -16.049930154564198], [-47.8017841105415, -16.0252304912134], [-47.8002700248973, -16.0136271203966], [-47.8030332668912, -16.007160839193002], [-47.815215941100696, -15.9879909179481], [-47.818974193017496, -15.983751219693], [-47.8186988485432, -15.971626063270001], [-47.817486685464196, -15.9606601094054], [-47.8323522685222, -15.928211029227601], [-47.822847395071896, -15.9116315058762], [-47.8201158321991, -15.9048346751435], [-47.819596558196395, -15.8949522328811], [-47.822615248945795, -15.8824957777998], [-47.810131129103596, -15.885438305750402], [-47.8022441835759, -15.881282711951899], [-47.796949476087, -15.875919845052302], [-47.7941154976623, -15.874839057809298], [-47.7899470049418, -15.8750951711591], [-47.78671556249, -15.8770692415945], [-47.7846407165396, -15.879517662159497], [-47.7786986213152, -15.882143692345698], [-47.7772039104159, -15.884717881575499], [-47.774091724244, -15.8857862652275], [-47.771723966672894, -15.8894683534074], [-47.7677265928236, -15.892599980322498], [-47.767840196332095, -15.895356327515499], [-47.766489470289095, -15.896903752098702], [-47.7624865719691, -15.8945436908144], [-47.763337196177396, -15.891633584005001], [-47.7606437143655, -15.894813266079701], [-47.755927963656, -15.890399195379901], [-47.7532795997666, -15.8897371044075], [-47.7509252914233, -15.8876257579282], [-47.7503961543259, -15.8849271271371], [-47.7516720423971, -15.883295939505299], [-47.7512239002072, -15.876134117656797], [-47.7521441565263, -15.873354203425102], [-47.7488446694029, -15.8690748595019], [-47.745685895079895, -15.869831251707602], [-47.742871780914, -15.869435677142697], [-47.7416971586147, -15.8682227516929], [-47.7401012043051, -15.870692510966599], [-47.737757486121005, -15.87051445846], [-47.7364301013552, -15.871994390970897], [-47.7323080107805, -15.872380676472497], [-47.7318942499953, -15.873605187121097], [-47.731072829939095, -15.8731007523141], [-47.7307712123036, -15.8741974014503], [-47.7277746337095, -15.8742442498835], [-47.7270771456635, -15.875255572016801], [-47.7254192724908, -15.874526835008199], [-47.724360882529695, -15.875623984357299], [-47.723448598530496, -15.8748135829428], [-47.7220694745445, -15.8755896172723], [-47.7221073116403, -15.8767994015369], [-47.721324217509896, -15.8760325233782], [-47.7202586596368, -15.8768046019622], [-47.7199563638544, -15.876248432505498], [-47.7194164907503, -15.877393230794299], [-47.7183974110639, -15.877044772177799], [-47.7168096807335, -15.878338214403898], [-47.7165577071043, -15.877293688108102], [-47.7145061158231, -15.878096191504099], [-47.713712445860196, -15.876037860765], [-47.713084760548, -15.876551520546801], [-47.7126286601833, -15.875527611018], [-47.710999325207695, -15.8760899549182], [-47.7098602283143, -15.875128790000598], [-47.7098974286669, -15.877702407686002], [-47.7084741757442, -15.877485411266502], [-47.707688355222295, -15.880132563588798], [-47.7093715738825, -15.881926882697], [-47.709515802678695, -15.8837043536607], [-47.7105779215795, -15.883998120602898], [-47.7093296261426, -15.885765953996899], [-47.7114067887958, -15.886092147671], [-47.7120212990383, -15.8879449990474], [-47.7083728856256, -15.889381663699998], [-47.7096288521751, -15.891452278926302], [-47.7068251879168, -15.891586772617401], [-47.7072344883098, -15.8942008894445], [-47.704133744309004, -15.8923610907047], [-47.703079776821596, -15.8956167338791], [-47.7015974042952, -15.894334683179498], [-47.7006039964404, -15.894789668507798], [-47.702828158053, -15.897597869630697], [-47.6991169809434, -15.897355257538901], [-47.6999782464285, -15.8999998779869], [-47.6975469432858, -15.8995154410987], [-47.6976551387271, -15.901744977656602], [-47.6988376168148, -15.9031391824299], [-47.6964356241757, -15.903521438107001], [-47.6968902964692, -15.905421498327499], [-47.6932013933314, -15.9048262790587], [-47.694267547420495, -15.906881294161002], [-47.692910029916, -15.907268543165799], [-47.691642124339396, -15.9059747206434], [-47.6921060034012, -15.9045057577767], [-47.6915822340503, -15.904006497654398], [-47.689600542890005, -15.908754919858499], [-47.688402781834895, -15.9083814656302], [-47.6887153261165, -15.9062008637474], [-47.687515459754096, -15.906929331855002], [-47.686980229173, -15.9092210900724], [-47.688070450640296, -15.911673248794099], [-47.6858919503901, -15.9116100518034], [-47.684686545759895, -15.909674135581898], [-47.6822033043644, -15.9099217771839], [-47.6818393827595, -15.9113352958281], [-47.6804628544484, -15.911415620743199], [-47.682506810419, -15.9143617610402], [-47.6847755599212, -15.914694825634498], [-47.6825115002935, -15.9165384199489], [-47.6823382801826, -15.9214178645411], [-47.6813203422145, -15.921313104455201], [-47.6807086042493, -15.918891091905797], [-47.6774379524054, -15.923538054466299], [-47.675479447668295, -15.9240952506117], [-47.6772707171777, -15.9271168216069], [-47.676628230588, -15.9301956948064], [-47.6744080780339, -15.928127808181499], [-47.6721852234722, -15.927604410946197], [-47.671654814708894, -15.929074180730199], [-47.669918868035005, -15.929095684372799], [-47.6712349026022, -15.9307051585576], [-47.6683928655737, -15.9342628727881], [-47.669748808273596, -15.9371995753173], [-47.668361214943296, -15.9381560984812], [-47.668368789285594, -15.941055307145898], [-47.6693071427028, -15.943184288902401], [-47.666480453713795, -15.942830913089898], [-47.6668231748401, -15.943973747988702], [-47.6689145930078, -15.945474270660899], [-47.666709900537796, -15.9519956548087], [-47.664954309669895, -15.953227691734302], [-47.663864643926395, -15.952509574416], [-47.662513475731004, -15.954179164386401], [-47.6607314805093, -15.953912165305498], [-47.6598302606117, -15.9546729679873], [-47.6597951103548, -15.9556127446274], [-47.6615253146878, -15.9564855423125], [-47.6621850966939, -15.9587263826021], [-47.6634388479297, -15.958855386560199], [-47.6635100612284, -15.9604351250034], [-47.6619849898366, -15.9623055773794], [-47.659153336618495, -15.9636412123544], [-47.6546502570636, -15.967950959461001], [-47.652549847452796, -15.9689704057364]]]}}, {"id": "Sudoeste/Octogonal", "type": "Feature", "properties": {"ra_nome": "Sudoeste/Octogonal", "ra_numero": 22.0, "cod_subdistrito": 53001080535, "populacao": 55631}, "geometry": {"type": "Polygon", "coordinates": [[[-47.9463997444496, -15.8000793453004], [-47.9404167534479, -15.8023197803111], [-47.9375377503428, -15.806476872126598], [-47.9329942476718, -15.803627193207301], [-47.932408022792394, -15.801155662299601], [-47.933386222790496, -15.799459020778299], [-47.9334765142157, -15.792675790516402], [-47.9292410419018, -15.780121889427297], [-47.913520166879294, -15.7851064428712], [-47.917508599866196, -15.796968117130499], [-47.9136889659407, -15.798446028054402], [-47.927435320548796, -15.8065931667936], [-47.9408333998461, -15.811191605315399], [-47.9486483929025, -15.810135700812898], [-47.9463997444496, -15.8000793453004]]]}}, {"id": "Park Way", "type": "Feature", "properties": {"ra_nome": "Park Way", "ra_numero": 24.0, "cod_subdistrito": 53001080542, "populacao": 21988}, "geometry": {"type": "MultiPolygon", "coordinates": [[[[-47.9838082781682, -15.924880995578697], [-47.9816859915666, -15.921580742136001], [-47.9820243634669, -15.9171398563852], [-47.9838552325065, -15.914035304598697], [-47.9845552453481, -15.909691217844202], [-47.986282517649, -15.9069131730073], [-47.9857356600817, -15.9049521976207], [-47.987587597032004, -15.902967065650003], [-47.987852605165195, -15.899595224153302], [-47.987196728315595, -15.8988728557795], [-47.9892052323818, -15.894483578028598], [-47.9885474731933, -15.8856432859219], [-47.987898590352295, -15.884383324239698], [-47.984209897939095, -15.8820460688112], [-47.982914422258496, -15.882271642357798], [-47.9792809662779, -15.8806861151918], [-47.976358342119795, -15.8833107055299], [-47.970775571654, -15.883674649976001], [-47.9707918641021, -15.87724604758291], [-47.9694099837378, -15.877535936067298], [-47.9674801003659, -15.8753048941478], [-47.9663978619755, -15.875161716371498], [-47.959035742824696, -15.876628829923899], [-47.958803824769895, -15.8745347821719], [-47.9565229594866, -15.874378432535499], [-47.9525396768586, -15.872240710099598], [-47.9350086183402, -15.861058069560999], [-47.9366378693409, -15.8671809292323], [-47.935827894499496, -15.869627877313], [-47.9562135322062, -15.880132608098801], [-47.9563585722739, -15.8812097364547], [-47.9519133294259, -15.8844855407577], [-47.946602274332, -15.89423721328], [-47.9401019434606, -15.895550187925197], [-47.940445784382796, -15.896266735650899], [-47.9229452296334, -15.884268021169397], [-47.9060471639879, -15.881155490330697], [-47.9056678092568, -15.883432299821001], [-47.906442979202296, -15.885634366162101], [-47.9056789589444, -15.890647576408497], [-47.9105404659729, -15.9001093492743], [-47.9110693711511, -15.904509115589002], [-47.9122733397004, -15.9073645803508], [-47.913030000236695, -15.908297512326302], [-47.9213698478278, -15.909910501645799], [-47.922766129725005, -15.910562761217701], [-47.9235336468464, -15.912368732839697], [-47.9267946301482, -15.913426235900701], [-47.927840950599496, -15.917809845799802], [-47.929229532144895, -15.920129865162599], [-47.9294058757584, -15.925590853765001], [-47.930058648899895, -15.927424181512697], [-47.930742135273896, -15.927505195205201], [-47.9307720568342, -15.9311266792436], [-47.9358897405593, -15.936718343366698], [-47.937618499171, -15.937065025665598], [-47.9431711403485, -15.9418836668511], [-47.9456321568125, -15.9418831929974], [-47.947875875262, -15.9443597914093], [-47.9509277103169, -15.9439684136812], [-47.9591228818513, -15.946288580389599], [-47.9642161716762, -15.9505651945232], [-47.9703394542168, -15.9511038836598], [-47.9733787841832, -15.952201526536701], [-47.980412660490096, -15.951241443076498], [-47.9847341374968, -15.9525231954275], [-47.9837844083621, -15.952503626235199], [-47.978345149356, -15.9603966470466], [-47.9755969830018, -15.961238427731699], [-47.9714623543428, -15.9606838428098], [-47.969313337770295, -15.961624656516598], [-47.967833573475595, -15.966174902619699], [-47.966342347117, -15.967858785237297], [-47.964262653659794, -15.968284627230899], [-47.9592862443157, -15.9674923630567], [-47.9576125862477, -15.9682697722776], [-47.956617304378895, -15.969938478694498], [-47.9558596971141, -15.979325569408202], [-47.9682427061291, -15.975141281215599], [-47.974285634089696, -15.974422746582198], [-47.997676779531595, -15.978268716131097], [-48.0042056229997, -15.9780567742608], [-48.009126809841796, -15.9765421652852], [-48.013158348197194, -15.974235984261199], [-48.0207636408543, -15.966143472077698], [-47.999721329401694, -15.947334245900699], [-48.0015840836176, -15.9454481371885], [-47.999474305708695, -15.941522441345397], [-47.9965630579239, -15.9380503242638], [-47.983827594743005, -15.9284566102989], [-47.9838082781682, -15.924880995578697]]], [[[-47.995450650504004, -15.827322485420003], [-47.9952786466558, -15.8315418641094], [-47.9933362043658, -15.832985206413499], [-47.9916013828328, -15.839943874499598], [-47.9899075553956, -15.841286308571597], [-47.9896605888733, -15.8461236311053], [-47.9884051655016, -15.8474757467843], [-47.9855472355549, -15.847922691505003], [-47.984286058418796, -15.850625161343098], [-47.9825058076583, -15.849939560085797], [-47.9815482292178, -15.850408426213399], [-47.979533082367595, -15.8529331035065], [-47.9775054456444, -15.8581721065274], [-47.971930137447195, -15.8592931625591], [-47.9717845128149, -15.861564832740498], [-47.9666780722213, -15.8609199203035], [-47.963392343707795, -15.862635263865702], [-47.962428437236596, -15.864273954611999], [-47.960254408008694, -15.8638374207417], [-47.9839099020176, -15.875489669216199], [-47.996565786455896, -15.876919478869398], [-47.9945602924469, -15.866813597147498], [-47.9862510835271, -15.8645269162883], [-48.003094111245694, -15.847777583231998], [-48.0071355841261, -15.8497981662317], [-48.0109127784231, -15.841591943551899], [-48.0057203625938, -15.8392980387925], [-48.0141934597793, -15.8211617111164], [-48.011656189608495, -15.8200062156399], [-48.010708863301396, -15.822107448167198], [-48.003627323916795, -15.819118969962599], [-48.003122639895295, -15.818034684219], [-48.0008195469799, -15.817763492152897], [-48.000179954613294, -15.8201627470636], [-47.996142045990496, -15.8232469368859], [-47.9964633418314, -15.8260335603778], [-47.995450650504004, -15.827322485420003]]]]}}, {"id": "Riacho Fundo", "type": "Feature", "properties": {"ra_nome": "Riacho Fundo", "ra_numero": 17.0, "cod_subdistrito": 53001080513, "populacao": 47154}, "geometry": {"type": "Polygon", "coordinates": [[[-48.0045107622329, -15.8981312071268], [-48.0056717472773, -15.902086173375698], [-48.009319609119004, -15.9059744755253], [-48.0125540088384, -15.906720896549201], [-48.0139335905052, -15.908335588922998], [-48.0152363259581, -15.9120586234751], [-48.0179811018525, -15.914754111731998], [-48.0222545406382, -15.917384898240599], [-48.0269185981037, -15.922078958497], [-48.0315648109517, -15.9238758427357], [-48.0386257376902, -15.929481804808397], [-48.0413046443856, -15.925966738363897], [-48.04202591837445, -15.926454473384833], [-48.0481117185374, -15.906894257741097], [-48.0384463601075, -15.9039879635625], [-48.039067987454494, -15.902096054245698], [-48.040165716274196, -15.9023865481373], [-48.0451618168013, -15.894056654833799], [-48.0528345864308, -15.8891054547351], [-48.054000562166195, -15.885692954531397], [-48.053668770635596, -15.881020223808697], [-48.054323132760004, -15.8796687415735], [-48.045797794794595, -15.874042168353899], [-48.043462492001694, -15.873503228956801], [-48.013176647736, -15.878156929897798], [-48.000498445031695, -15.8772514229021], [-48.000251396493596, -15.879977471158798], [-47.980002745717, -15.879061662080499], [-47.9792809662779, -15.8806861151918], [-47.9866569902989, -15.883486613090003], [-47.9881745014753, -15.884815584999], [-47.9887965540773, -15.8873465100188], [-47.9910994569947, -15.887000867516898], [-47.9949820016514, -15.888902976805698], [-48.001822279691496, -15.8944972768698], [-48.0045107622329, -15.8981312071268]]]}}, {"id": "Lago Norte", "type": "Feature", "properties": {"ra_nome": "Lago Norte", "ra_numero": 18.0, "cod_subdistrito": 53001080521, "populacao": 37135}, "geometry": {"type": "Polygon", "coordinates": [[[-47.853568091767094, -15.731069492857097], [-47.8475561416505, -15.737587246835897], [-47.8444306648656, -15.7388021030069], [-47.8401298348008, -15.7442136443552], [-47.8340985260489, -15.746369354451001], [-47.8275804641327, -15.750960624483698], [-47.8298737479035, -15.755554793465402], [-47.8288494126088, -15.757816867519201], [-47.827203471750096, -15.759229052703697], [-47.8269668193497, -15.7606590532556], [-47.8280915334561, -15.762884173001199], [-47.8292196510522, -15.7697241629177], [-47.8319058304149, -15.773635819860198], [-47.8336110073708, -15.773252364896202], [-47.8348183665726, -15.771881963045498], [-47.834605831107005, -15.768940586148098], [-47.8358706045697, -15.765727086562901], [-47.84051046869, -15.763384115869801], [-47.841959002085595, -15.761250403185498], [-47.84507252534289, -15.759718708879602], [-47.845173114483394, -15.757233852056402], [-47.8465523066934, -15.754822592479297], [-47.8520442648026, -15.750966721930501], [-47.8593838079083, -15.747944438607497], [-47.8627847290461, -15.7473579065931], [-47.863290220814996, -15.7455631345349], [-47.865577871845296, -15.7433927213436], [-47.8724655752497, -15.7410721030582], [-47.8753994301907, -15.737981898480799], [-47.879930463017, -15.73075896544], [-47.884545846558005, -15.728837600302297], [-47.8899406285046, -15.729696332376498], [-47.8935564474281, -15.729431636302198], [-47.894727004355495, -15.730219598887698], [-47.895301819195, -15.728766466973298], [-47.8970308622323, -15.727786982486798], [-47.90433057374369, -15.727102956955699], [-47.90970897833319, -15.7285227454814], [-47.899743988275006, -15.712910774439399], [-47.8833275791335, -15.700460782594499], [-47.8603087377008, -15.688576339151801], [-47.8595169427103, -15.6882270339798], [-47.850954947811196, -15.692678412827002], [-47.8378569837164, -15.692919506543701], [-47.8349381505946, -15.693838702626698], [-47.793866499059604, -15.721898175862298], [-47.790908108743295, -15.7253557307514], [-47.77814065598443, -15.758354438626329], [-47.785267814393194, -15.760987594961078], [-47.78933054507843, -15.761526334599466], [-47.8074749791956, -15.758735980178002], [-47.811725757230874, -15.757364799200445], [-47.813417330564, -15.758330453044499], [-47.8090514795445, -15.762819195191899], [-47.8084891012893, -15.7643569015882], [-47.8123068125592, -15.768855200900198], [-47.8132037136634, -15.771250021309298], [-47.8127422736187, -15.773521523759598], [-47.8037988065669, -15.7872534532748], [-47.800926844633196, -15.786558948509], [-47.798088110877096, -15.782938865548097], [-47.795709531959695, -15.781378896471402], [-47.7865824527577, -15.7819916997766], [-47.7891016822362, -15.790653239819902], [-47.789522249827, -15.7886067417125], [-47.7906890967681, -15.7902059885846], [-47.794299483271594, -15.790731443897398], [-47.7937299575133, -15.789836474848599], [-47.795123261600494, -15.788351639835897], [-47.7980213617286, -15.790511467527097], [-47.8064652502111, -15.787521584386699], [-47.806686668514295, -15.785300608988], [-47.8100868728927, -15.781605471627701], [-47.8110457229759, -15.779212441143398], [-47.8173631657584, -15.774104662084799], [-47.8172033016215, -15.7711715800092], [-47.8188029574275, -15.764910274861998], [-47.813771840150096, -15.763716260755798], [-47.8191909758771, -15.7600554759119], [-47.8198284937842, -15.7586112518844], [-47.8162974156854, -15.7516748590092], [-47.82115096390869, -15.752407727521902], [-47.822071405961196, -15.751257866718799], [-47.821069270058395, -15.749193668806901], [-47.8240646407396, -15.745551396180597], [-47.8275933074166, -15.744214161542098], [-47.8289080604718, -15.742661792256799], [-47.8301335901169, -15.743747679173799], [-47.832122095683495, -15.742372604957097], [-47.83268565083, -15.7409277536067], [-47.8356112588653, -15.741951504526], [-47.836721073278696, -15.738740037991], [-47.835912154003495, -15.7373350140237], [-47.838008200967, -15.73627584495], [-47.838527667523294, -15.734128704507798], [-47.840637944731604, -15.735085604547], [-47.8438497824164, -15.734917287123], [-47.8460923458736, -15.733307578972601], [-47.8476035976899, -15.729612199997499], [-47.851545135459396, -15.728088626726501], [-47.8520263700988, -15.7292292741879], [-47.8527847587759, -15.727322836564097], [-47.85410646796019, -15.727337802945199], [-47.857067662899794, -15.7245800100621], [-47.858962382207295, -15.724550694806698], [-47.8592711851789, -15.726352997988199], [-47.8576031627585, -15.726950052080399], [-47.8558833167586, -15.728936612165798], [-47.8558424018946, -15.730678472225199], [-47.853568091767094, -15.731069492857097]], [[-47.8749383083177, -15.7116422029987], [-47.8720239636312, -15.709651974275799], [-47.8726297203541, -15.707970619862001], [-47.8768782292709, -15.707440011136201], [-47.8825295621596, -15.704710189688798], [-47.8831563656477, -15.706247111844299], [-47.882212314786194, -15.7066981500834], [-47.8828727806361, -15.708308568805002], [-47.8814915572532, -15.7088511547049], [-47.8820707752471, -15.711441083313899], [-47.8794898938506, -15.712401730344101], [-47.8781945929595, -15.7121144763036], [-47.8782036182234, -15.714083088326099], [-47.876831986986396, -15.714927361665598], [-47.872954213788596, -15.715259167504197], [-47.872370990641095, -15.7135880235934], [-47.8749383083177, -15.7116422029987]]]}}, {"id": "Riacho Fundo II", "type": "Feature", "properties": {"ra_nome": "Riacho Fundo II", "ra_numero": 21.0, "cod_subdistrito": 53001080541, "populacao": 88478}, "geometry": {"type": "Polygon", "coordinates": [[[-47.9837767907568, -15.924773071231002], [-47.983827594743005, -15.9284566102989], [-47.9965630579239, -15.9380503242638], [-47.999474305708695, -15.941522441345397], [-48.0015840836176, -15.9454481371885], [-47.999721329401694, -15.947334245900699], [-48.0207636408543, -15.966143472077698], [-48.0377372848735, -15.946024789972098], [-48.0416883181597, -15.9397263116195], [-48.0603702186299, -15.882460652126497], [-48.054323132760004, -15.8796687415735], [-48.053668770635596, -15.881020223808697], [-48.054000562166195, -15.885692954531397], [-48.0528345864308, -15.8891054547351], [-48.0451618168013, -15.894056654833799], [-48.040165716274196, -15.9023865481373], [-48.039067987454494, -15.902096054245698], [-48.0384463601075, -15.9039879635625], [-48.0481117185374, -15.906894257741097], [-48.0420259183747, -15.926454473385], [-48.0413046443856, -15.925966738363897], [-48.0386257376902, -15.929481804808397], [-48.0315648109517, -15.9238758427357], [-48.0269185981037, -15.922078958497], [-48.0222545406382, -15.917384898240599], [-48.0179811018525, -15.914754111731998], [-48.0152363259581, -15.9120586234751], [-48.0139335905051, -15.908335588922998], [-48.0125540088384, -15.906720896549201], [-48.009319609119004, -15.9059744755253], [-48.0056717472773, -15.902086173375698], [-48.004326110840495, -15.8976834694405], [-48.0029276698592, -15.8967845498173], [-48.001822279691496, -15.8944972768698], [-47.9949820016514, -15.888902976805698], [-47.9907720218854, -15.8869511272739], [-47.9887965540773, -15.8873465100188], [-47.9892052323818, -15.894483578028598], [-47.987196728315595, -15.8988728557795], [-47.987852605165195, -15.899595224153302], [-47.987617628145095, -15.902858290135901], [-47.9857356600817, -15.9049521976207], [-47.986282517649, -15.9069131730073], [-47.9845552453481, -15.909691217844202], [-47.9838552325065, -15.914035304598697], [-47.9820243634669, -15.9171398563852], [-47.9816859915666, -15.921580742136001], [-47.9837767907568, -15.924773071231002]]]}}, {"id": "Candangolandia", "type": "Feature", "properties": {"ra_nome": "Candangolandia", "ra_numero": 19.0, "cod_subdistrito": 53001080519, "populacao": 16886}, "geometry": {"type": "Polygon", "coordinates": [[[-47.9584405417913, -15.874589964396499], [-47.9533318473729, -15.840555743432601], [-47.9407115735617, -15.844475598934402], [-47.9315355059095, -15.845085547898599], [-47.931948211778796, -15.849592253752498], [-47.9350086183402, -15.861058069560999], [-47.9525396768586, -15.872240710099598], [-47.9565229594866, -15.874378432535499], [-47.9584405417913, -15.874589964396499]]]}}, {"id": "Varjao", "type": "Feature", "properties": {"ra_nome": "Varjao", "ra_numero": 23.0, "cod_subdistrito": 53001080543, "populacao": 9520}, "geometry": {"type": "Polygon", "coordinates": [[[-47.876767022727, -15.714927592785001], [-47.878203618223395, -15.714083088326099], [-47.878194592959495, -15.7121144763036], [-47.8794898938506, -15.712401730344101], [-47.882070775247094, -15.71144108331387], [-47.8814915572532, -15.7088511547049], [-47.8828727806361, -15.708308568805], [-47.882212314786194, -15.7066981500834], [-47.8831563656477, -15.706247111844299], [-47.8825295621596, -15.7047101896888], [-47.8768782292709, -15.707440011136201], [-47.8723795439675, -15.7081927761323], [-47.8720239636312, -15.709651974275799], [-47.8749383083198, -15.711642202998597], [-47.872370990642494, -15.7135880235934], [-47.8729542137886, -15.715259167504193], [-47.876767022727, -15.714927592785001]]]}}, {"id": "SIA", "type": "Feature", "properties": {"ra_nome": "SIA", "ra_numero": 29.0, "cod_subdistrito": 53001080533, "populacao": 2286}, "geometry": {"type": "Polygon", "coordinates": [[[-47.948613201804, -15.8099172574546], [-47.968481615340295, -15.8070818046932], [-47.9681440342794, -15.8049169409783], [-47.9712373651006, -15.804343351726901], [-47.971852705249695, -15.796195448767099], [-47.971212541381, -15.7952155580484], [-47.9701745089517, -15.7955657491862], [-47.9689763691447, -15.792152886505397], [-47.9780676225732, -15.782837390207002], [-47.974436575832, -15.779501577065501], [-47.9756379098392, -15.7781818508013], [-47.9763175756581, -15.775423767066297], [-47.975798974611095, -15.7726685376564], [-47.979325820089095, -15.766790310817699], [-47.9768495399873, -15.759149472972197], [-47.9738407131997, -15.7554972556469], [-47.9728356189962, -15.7558933420252], [-47.969655794903694, -15.7526768346473], [-47.963400474272795, -15.748915169926201], [-47.9424256220002, -15.7479624107584], [-47.927941919871195, -15.740242863869602], [-47.921209150667195, -15.744085815965398], [-47.9212394725215, -15.7426757568566], [-47.919588498827096, -15.7400248379849], [-47.916935800281095, -15.740065040647899], [-47.936131111749795, -15.771035611089198], [-47.947257121659796, -15.802623167300599], [-47.948613201804, -15.8099172574546]]]}}, {"id": "Fercal", "type": "Feature", "properties": {"ra_nome": "Fercal", "ra_numero": 31.0, "cod_subdistrito": 53001080539, "populacao": 8801}, "geometry": {"type": "Polygon", "coordinates": [[[-47.875578533419, -15.613836608881897], [-47.8784979784274, -15.6138590393007], [-47.8810660407837, -15.612913220601097], [-47.884982233626005, -15.600648099219898], [-47.8862215652593, -15.598518588593802], [-47.8883720318668, -15.597578204531198], [-47.887949480005005, -15.594616212094401], [-47.8863475650198, -15.594536115630799], [-47.8868066482558, -15.5937164011305], [-47.885020179199, -15.593157292575599], [-47.8850094445976, -15.592378550221499], [-47.8899485831166, -15.593582985093699], [-47.896362978530895, -15.590601438832497], [-47.9009546093123, -15.5936483734729], [-47.9035605831513, -15.5940338839009], [-47.918793169362296, -15.589632800820599], [-47.9265401519601, -15.5865180670123], [-47.932704839184694, -15.5807123243108], [-47.9356257922123, -15.578951219161798], [-47.9383242224733, -15.5736657243733], [-47.9441449413673, -15.5747636696023], [-47.9468142096174, -15.573594599624101], [-47.9494849327171, -15.575532866891098], [-47.9512144592729, -15.5752992580485], [-47.9540955397989, -15.5707670368025], [-47.955624132248005, -15.565539561174399], [-47.950923809043594, -15.5580016920559], [-47.952033725709796, -15.553786745307399], [-47.950435718372695, -15.551079150156701], [-47.959436138306295, -15.541299471497299], [-47.9646327195403, -15.538163813042999], [-47.9670536220179, -15.531790114040698], [-47.970140792855396, -15.5296074564728], [-47.969166354184196, -15.525043088928799], [-47.9732523133494, -15.520033110246999], [-47.9743663290313, -15.506263096230901], [-47.9756975589159, -15.5028452439418], [-47.979026417989495, -15.500255564698499], [-47.8528994117041, -15.500255798903098], [-47.8559085589842, -15.504902551955498], [-47.855642307573, -15.5076207603793], [-47.857750035042095, -15.508970743522699], [-47.8581802567872, -15.511670000808499], [-47.858922667868896, -15.512215802912399], [-47.856882197196, -15.5118981304165], [-47.857301033219, -15.5172201800677], [-47.8562930441627, -15.5200500414552], [-47.8551646803568, -15.5207681704594], [-47.856758468070495, -15.521245158368899], [-47.855569649568395, -15.5217671938432], [-47.8552536177264, -15.522898371094598], [-47.8570078976178, -15.523529516161], [-47.8566893108441, -15.525015651368799], [-47.858185877949005, -15.5266137419259], [-47.8581745016416, -15.5280859630149], [-47.860804862901794, -15.5298951116078], [-47.860845855193794, -15.533202674066299], [-47.8622459545065, -15.5345536184588], [-47.8609526941288, -15.535476222922101], [-47.8562971117401, -15.534207203503302], [-47.8529494841699, -15.536663669562898], [-47.852765037889, -15.539978684714601], [-47.855553037063395, -15.540576568956899], [-47.8568722630163, -15.542343121098197], [-47.8588691849777, -15.541238007856299], [-47.859225499549396, -15.542756030989299], [-47.858069720268006, -15.544329793987197], [-47.8560116782501, -15.5437748722525], [-47.854229116747895, -15.545025299737597], [-47.852777176729795, -15.548502129892], [-47.853431789854, -15.552468259150102], [-47.849854395683195, -15.555309721314899], [-47.8476983343099, -15.5584714313192], [-47.8461877221634, -15.5637904641282], [-47.847312701190496, -15.5656740227162], [-47.8434649925968, -15.568762632408797], [-47.847372274844496, -15.5736013722449], [-47.846879605056, -15.578818618981499], [-47.853742506819, -15.588570602646298], [-47.861958107558195, -15.5915156781499], [-47.8620348883902, -15.594666516779702], [-47.8579991241769, -15.5935991939047], [-47.8564847998881, -15.595176749110001], [-47.8573070352304, -15.599081035251498], [-47.8594625651956, -15.598136332521301], [-47.8632086391343, -15.5992903760355], [-47.8612341090015, -15.6086728538614], [-47.875578533419, -15.613836608881897]]]}}, {"id": "Vicente Pires", "type": "Feature", "properties": {"ra_nome": "Vicente Pires", "ra_numero": 30.0, "cod_subdistrito": 53001080537, "populacao": 78152}, "geometry": {"type": "Polygon", "coordinates": [[[-47.97134852234, -15.803799146608002], [-47.9795954814388, -15.8025449496479], [-47.982631245684004, -15.803866724102], [-47.9842990678308, -15.807164034722398], [-47.9915079240239, -15.806150683752001], [-47.99220604936949, -15.8109056048738], [-47.995845098788394, -15.8110744352601], [-48.0167900683877, -15.818814191018399], [-48.0345170685044, -15.829366437338896], [-48.05198335402601, -15.8321188390214], [-48.05689425308, -15.820728378470399], [-48.0585299672942, -15.8129454121026], [-48.0579184148652, -15.804726643309897], [-48.05345760466479, -15.792243724557698], [-48.044411132280096, -15.791011152137097], [-48.0257425605541, -15.790427571468001], [-48.0042441135669, -15.786338676432099], [-47.997265544346696, -15.786292835575399], [-47.9891889433487, -15.787432570743498], [-47.9776352938262, -15.7917738481999], [-47.971212541381, -15.7952155580484], [-47.971852705249695, -15.796195448767099], [-47.97134852234, -15.803799146608002]]]}}, {"id": "SCIA", "type": "Feature", "properties": {"ra_nome": "SCIA", "ra_numero": 25.0, "cod_subdistrito": 53001080534, "populacao": 42186}, "geometry": {"type": "Polygon", "coordinates": [[[-48.0059778123591, -15.772383194676399], [-48.007199350673005, -15.7629893693681], [-48.005777829370196, -15.757632221584597], [-48.0061239445489, -15.754194862407001], [-48.0035728816501, -15.755616429985599], [-47.9691931263027, -15.7917977466399], [-47.9701745089517, -15.7955657491862], [-47.9865327555813, -15.788126874020799], [-47.993737795688496, -15.786620656879297], [-48.00299423273991, -15.786311335038716], [-48.0045644837693, -15.7836630710048], [-48.0066303758902, -15.775661070972399], [-48.0059778123591, -15.772383194676399]]]}}, {"id": "Sobradinho II", "type": "Feature", "properties": {"ra_nome": "Sobradinho II", "ra_numero": 26.0, "cod_subdistrito": 53001080544, "populacao": 100775}, "geometry": {"type": "Polygon", "coordinates": [[[-47.8506920695946, -15.584266226222518], [-47.8502275101864, -15.5854510691034], [-47.8470897107593, -15.5863480425052], [-47.8421708243624, -15.590848984306197], [-47.837055784966005, -15.5931156592053], [-47.835837059842, -15.5983191188256], [-47.834167521035795, -15.5996218939581], [-47.8339688573792, -15.602643873811], [-47.8302477342734, -15.6028463579225], [-47.819596305917, -15.611973424760198], [-47.8184353504602, -15.6158004106123], [-47.814536005152135, -15.62299592416608], [-47.8179483024468, -15.631189540238003], [-47.8221613196948, -15.634415221748101], [-47.8189814149299, -15.6376670921262], [-47.817846892632495, -15.6400819133291], [-47.8180370360503, -15.641717146584398], [-47.81225561315086, -15.643427843740282], [-47.8120035370038, -15.6447211069906], [-47.815013780770094, -15.6500109433305], [-47.815107852782596, -15.653069552087297], [-47.8165527559649, -15.654850013813402], [-47.8155738056262, -15.6571056237313], [-47.8144937112243, -15.6574730785278], [-47.812911849818, -15.659834675883399], [-47.8119593421291, -15.663296470055197], [-47.8090351923977, -15.666302737724902], [-47.804714729156295, -15.6642288742148], [-47.8040966290706, -15.66634156508116], [-47.806137624124695, -15.665996902636902], [-47.808207097567696, -15.6671057228841], [-47.8060039512619, -15.6669462402063], [-47.7999373538644, -15.671427158355002], [-47.7982399034057, -15.6738259519833], [-47.7978787256695, -15.677146916592799], [-47.7956415877576, -15.6793503001735], [-47.794763078328195, -15.6816519075918], [-47.7870218945684, -15.689553944087498], [-47.7857812958865, -15.6945831523193], [-47.7824583337338, -15.696489605716001], [-47.7810207285129, -15.6982780931901], [-47.777163090660295, -15.6998155754546], [-47.7732571992959, -15.7055081389905], [-47.7701902748219, -15.706789820608698], [-47.7686132842291, -15.708764265103797], [-47.7634728250779, -15.710888613793399], [-47.7581873815129, -15.716656260127499], [-47.752897957551696, -15.7188220256739], [-47.7508731291636, -15.721004339628097], [-47.7563058590871, -15.722472522715199], [-47.7568669084017, -15.724147040726901], [-47.760094135504296, -15.726400085296198], [-47.7663443694697, -15.727560299600299], [-47.768841014537, -15.730481039354798], [-47.7612962264205, -15.73926058137], [-47.7675749076722, -15.739534018644902], [-47.774048976233196, -15.741224064250499], [-47.7723813408825, -15.7455406155705], [-47.7817623426427, -15.7489928106717], [-47.790908108743295, -15.7253557307514], [-47.792898902919, -15.7226134874201], [-47.834938150594596, -15.693838702626698], [-47.83785698371639, -15.692919506543701], [-47.850954947811196, -15.692678412827002], [-47.8595169427103, -15.6882270339798], [-47.883708500419004, -15.6677441984471], [-47.9585022457768, -15.6128478952272], [-48.002754352821796, -15.5793424569661], [-48.0058700719257, -15.578175575911002], [-48.0094747232859, -15.578027796339901], [-48.013574343798595, -15.579508774304099], [-48.017086091144094, -15.582443067484657], [-48.0244964816189, -15.573369983224898], [-48.0347104939965, -15.5656351974205], [-48.0353174611981, -15.563513840198498], [-48.0336112100727, -15.559031459257898], [-48.034081747509696, -15.556370193386897], [-48.0358666188857, -15.554160365574598], [-48.0418855106332, -15.550519558920099], [-48.0436870592587, -15.5477405806756], [-48.0436363069315, -15.545050399454698], [-48.042127218129295, -15.541928863915201], [-48.0336753007335, -15.534162290629899], [-48.0317476085959, -15.531506927166099], [-48.0323699841547, -15.5305682896502], [-48.0346359098494, -15.531575554660701], [-48.035575032915695, -15.531020835555099], [-48.038789154837595, -15.525549624181098], [-48.039655260870894, -15.519767616679498], [-48.0394597433367, -15.5169710554505], [-48.0340010777658, -15.504350133229702], [-48.035719034603595, -15.500255459426299], [-47.979026417989495, -15.500255564698499], [-47.9765803428448, -15.501929413831498], [-47.9752455035124, -15.503859118610201], [-47.973741769285496, -15.508953518113897], [-47.9732523133494, -15.520033110246999], [-47.969166354184196, -15.525043088928799], [-47.970140792855396, -15.5296074564728], [-47.9670536220179, -15.531790114040698], [-47.9646327195403, -15.538163813042999], [-47.959436138306295, -15.541299471497299], [-47.950435718372695, -15.551079150156701], [-47.952033725709796, -15.553786745307399], [-47.950923809043594, -15.5580016920559], [-47.955624132248005, -15.565539561174399], [-47.9540955397989, -15.5707670368025], [-47.9512144592729, -15.5752992580485], [-47.9494849327171, -15.575532866891098], [-47.9468142096174, -15.573594599624101], [-47.9441449413673, -15.5747636696023], [-47.9383242224733, -15.5736657243733], [-47.9356257922123, -15.578951219161798], [-47.932704839184694, -15.5807123243108], [-47.9265401519601, -15.5865180670123], [-47.918793169362296, -15.589632800820599], [-47.9035605831513, -15.5940338839009], [-47.9009546093123, -15.5936483734729], [-47.896362978530895, -15.590601438832497], [-47.8899485831166, -15.593582985093699], [-47.8850094445976, -15.592378550221499], [-47.885020179199, -15.593157292575599], [-47.8868066482558, -15.5937164011305], [-47.8863475650198, -15.594536115630799], [-47.887949480005005, -15.594616212094401], [-47.888461938421, -15.597211271877399], [-47.8862215652593, -15.598518588593802], [-47.884982233626005, -15.600648099219898], [-47.8810660407837, -15.612913220601097], [-47.8766311748076, -15.6141473090698], [-47.8612341090015, -15.6086728538614], [-47.8632086391343, -15.5992903760355], [-47.8594625651956, -15.598136332521301], [-47.8573070352304, -15.599081035251498], [-47.8564847998881, -15.595176749110001], [-47.8579991241769, -15.5935991939047], [-47.8620348883902, -15.594666516779702], [-47.861958107558195, -15.5915156781499], [-47.853742506819, -15.588570602646298], [-47.8506920695946, -15.584266226222518]]]}}, {"id": "Jardim Botanico", "type": "Feature", "properties": {"ra_nome": "Jardim Botanico", "ra_numero": 27.0, "cod_subdistrito": 53001080540, "populacao": 55170}, "geometry": {"type": "Polygon", "coordinates": [[[-47.718135497374895, -15.797549420827199], [-47.7164122811201, -15.7977032794213], [-47.714920081752695, -15.799654521587499], [-47.7118196020837, -15.7978956026641], [-47.708886856189395, -15.8031805189005], [-47.714487660228095, -15.8366551286402], [-47.721998946334296, -15.858001806745602], [-47.736719036505896, -15.871362526161699], [-47.737757486121005, -15.87051445846], [-47.7401012043051, -15.870692510966599], [-47.7416971586147, -15.8682227516929], [-47.742871780914, -15.869435677142697], [-47.746709237789396, -15.869801738228198], [-47.7484881881972, -15.8689891389837], [-47.7501203594368, -15.870045510751599], [-47.7521441565263, -15.873354203425102], [-47.7512239002072, -15.876134117656797], [-47.7516720423971, -15.883295939505299], [-47.7504269929282, -15.8855508142448], [-47.7509252914233, -15.8876257579282], [-47.7532795997666, -15.8897371044075], [-47.755927963656, -15.890399195379901], [-47.7606437143655, -15.894813266079701], [-47.763337196177396, -15.891633584005001], [-47.7624865719691, -15.8945436908144], [-47.766489470289095, -15.896903752098702], [-47.767840196332095, -15.895356327515499], [-47.7677265928236, -15.892599980322498], [-47.771723966672894, -15.8894683534074], [-47.774091724244, -15.8857862652275], [-47.7772039104159, -15.884717881575499], [-47.7786986213152, -15.882143692345698], [-47.7846407165396, -15.879517662159497], [-47.78671556249, -15.8770692415945], [-47.7908111465761, -15.874911220607798], [-47.7941154976623, -15.874839057809298], [-47.796949476087, -15.875919845052302], [-47.8022441835759, -15.881282711951899], [-47.810131129103596, -15.885438305750402], [-47.822615248945795, -15.8824957777998], [-47.8232160163471, -15.876621475975], [-47.8226599947133, -15.8716160279385], [-47.8162774266036, -15.851520837501502], [-47.7958639947369, -15.8240824968274], [-47.7838847729428, -15.7977672225905], [-47.7821124526187, -15.799032732626399], [-47.7766332521406, -15.7995780223628], [-47.776430190287, -15.796946623293298], [-47.7692936656659, -15.795516646557797], [-47.7648600385064, -15.792682485808298], [-47.7636547932961, -15.7905005763758], [-47.7628651498824, -15.7915811410471], [-47.7607040205397, -15.790916178172399], [-47.757540609538594, -15.788459678506198], [-47.7534780304372, -15.790852468204697], [-47.750231640490796, -15.7905940491045], [-47.748438857983004, -15.788995080921898], [-47.7469367969631, -15.7888012665968], [-47.746306900406296, -15.790044908516501], [-47.7476183349375, -15.7941191633292], [-47.7438369191459, -15.7926263863039], [-47.7425788572754, -15.793516392115597], [-47.740712242905005, -15.793121647694198], [-47.7358753932841, -15.7956108025405], [-47.7349907063676, -15.793533711519], [-47.732690520384494, -15.7933413882763], [-47.7291210009995, -15.794333776208797], [-47.730228782877596, -15.7963031662143], [-47.7298056717436, -15.796833978364202], [-47.726443861460695, -15.795141533828199], [-47.726593766924296, -15.799513666884398], [-47.722820491567695, -15.798234091571297], [-47.7214049925013, -15.800411190679002], [-47.719797170192095, -15.800688136148501], [-47.7173331530109, -15.799831740220599], [-47.717181574091, -15.7985187299705], [-47.718135497374895, -15.797549420827199]]]}}, {"id": "Itapoa", "type": "Feature", "properties": {"ra_nome": "Itapoa", "ra_numero": 28.0, "cod_subdistrito": 53001080538, "populacao": 71298}, "geometry": {"type": "Polygon", "coordinates": [[[-47.722403461973094, -15.726899847459899], [-47.7193611526773, -15.7253879276505], [-47.718098538611095, -15.727000511580298], [-47.713456770867495, -15.7280707986156], [-47.710234367818, -15.7267587850796], [-47.7087092281488, -15.727425326919201], [-47.703652994736295, -15.7262118474578], [-47.702922835368895, -15.728046269969099], [-47.7015438889081, -15.728417413110897], [-47.699055938978496, -15.727074447102497], [-47.692832122088795, -15.7259230228376], [-47.6900207625828, -15.726644156747], [-47.6851554630245, -15.730878767322901], [-47.6818745231989, -15.731995781115698], [-47.6805712849662, -15.7338805626783], [-47.678552631654, -15.7339053752983], [-47.677421844645394, -15.7321552812229], [-47.674667399914, -15.7332745300813], [-47.680326945419395, -15.7357520884966], [-47.6874424054098, -15.735899312344298], [-47.6907847475373, -15.736752254661397], [-47.7046601667902, -15.743869338000799], [-47.7211778063377, -15.7555496199567], [-47.7233520418513, -15.757039788251099], [-47.727914423444005, -15.7602521920855], [-47.7294139695196, -15.761290117003098], [-47.732981684440006, -15.762916230671602], [-47.7389467494393, -15.762344494253998], [-47.7539661306822, -15.753159421382097], [-47.7577569551393, -15.7519824891177], [-47.7614176279207, -15.7523233351014], [-47.778140655984394, -15.758354438626398], [-47.7817623426427, -15.7489928106717], [-47.7723813408825, -15.7455406155705], [-47.774048976233196, -15.741224064250499], [-47.7675749076722, -15.739534018644902], [-47.7612962264205, -15.73926058137], [-47.768841014537, -15.730481039354798], [-47.7657882796024, -15.727086871288797], [-47.7600941355042, -15.726400085296198], [-47.7568669084017, -15.724147040726901], [-47.756305859087, -15.722472522715199], [-47.751815932462975, -15.720989665719904], [-47.7508731291636, -15.721004339628097], [-47.7480021056299, -15.723850297599702], [-47.744876390293896, -15.7244685912812], [-47.742686261941, -15.7274775298201], [-47.7401940009442, -15.728054380677797], [-47.7370953612138, -15.727916272972399], [-47.733313980941396, -15.726279956718699], [-47.7290556465027, -15.728142579829], [-47.725231673934594, -15.726897037873199], [-47.722403461973094, -15.726899847459899]], [[-47.7278660907659, -15.7602176393665], [-47.727866093814, -15.7602176369439], [-47.727866093817696, -15.760217636948601], [-47.7278660907659, -15.7602176393665]]]}}, {"id": "Aguas Claras", "type": "Feature", "properties": {"ra_nome": "Aguas Claras", "ra_numero": 20.0, "cod_subdistrito": 53001080536, "populacao": 152560}, "geometry": {"type": "Polygon", "coordinates": [[[-48.013176647736, -15.878156929897798], [-48.027919921887495, -15.875625239041199], [-48.041036336732795, -15.851144675561198], [-48.0374468348724, -15.8494961852634], [-48.0356316039517, -15.8475855413093], [-48.0424098979045, -15.836407561119001], [-48.0432730910726, -15.836839226732797], [-48.0452757393798, -15.833070031813499], [-48.048030259156796, -15.8315690996085], [-48.0345170685044, -15.829366437338896], [-48.017391053309794, -15.819081295428198], [-48.0063907078846, -15.814974794402799], [-48.005535478738096, -15.817211264392597], [-48.006620291385595, -15.8170363187372], [-48.010434442114004, -15.8199551561288], [-48.0141934597793, -15.8211617111164], [-48.0057203625938, -15.8392980387925], [-48.0109127784231, -15.841591943551899], [-48.0071355841261, -15.8497981662317], [-48.003094111245694, -15.847777583231998], [-47.9862510835271, -15.8645269162883], [-47.9945602924469, -15.866813597147498], [-47.996565786455896, -15.876919478869398], [-48.013176647736, -15.878156929897798]]]}}]}