{"type": "FeatureCollection", "features": [{"type": "Feature", "geometry": {"type": "Polygon", "coordinates": [[[-48.77, -16.2894], [-48.766, -16.2925], [-48.7572, -16.2857], [-48.7458, -16.2844], [-48.7323, -16.2868], [-48.7167, -16.28], [-48.7042, -16.2901], [-48.6902, -16.2923], [-48.6761, -16.2853], [-48.6642, -16.2905], [-48.6529, -16.2912], [-48.6403, -16.2841], [-48.6294, -16.285], [-48.6223, -16.2978], [-48.6184, -16.3092], [-48.6059, -16.3122], [-48.5847, -16.3328], [-48.5767, -16.3285], [-48.5651, -16.3296], [-48.5585, -16.3333], [-48.5539, -16.3429], [-48.5487, -16.3458], [-48.5387, -16.3404], [-48.5323, -16.3437], [-48.516, -16.3394], [-48.5206, -16.3336], [-48.5036, -16.3297], [-48.4951, -16.3198], [-48.4946, -16.3048], [-48.4886, -16.3058], [-48.4849, -16.2983], [-48.4749, -16.2969], [-48.4613, -16.2888], [-48.4514, -16.2864], [-48.4441, -16.2917], [-48.4335, -16.2846], [-48.4206, -16.2889], [-48.4116, -16.2867], [-48.4139, -16.2691], [-48.4223, -16.2647], [-48.422, -16.2445], [-48.4255, -16.2359], [-48.4365, -16.2282], [-48.4411, -16.2176], [-48.4429, -16.2068], [-48.4572, -16.204], [-48.4623, -16.2001], [-48.478, -16.2013], [-48.4904, -16.197], [-48.5033, -16.195], [-48.5155, -16.1982], [-48.5168, -16.1879], [-48.5308, -16.1817], [-48.5336, -16.1732], [-48.543, -16.169], [-48.5607, -16.1707], [-48.5735, -16.1634], [-48.5888, -16.1489], [-48.6129, -16.1428], [-48.6234, -16.1503], [-48.6506, -16.1446], [-48.667, -16.1544], [-48.6767, -16.1468], [-48.6833, -16.1468], [-48.693, -16.1333], [-48.702, -16.128], [-48.7027, -16.1237], [-48.7121, -16.1177], [-48.7216, -16.0972], [-48.7319, -16.0928], [-48.7433, -16.0804], [-48.7573, -16.0713], [-48.7726, -16.0482], [-48.7818, -16.0405], [-48.7895, -16.0236], [-48.7922, -16.0128], [-48.9067, -15.9894], [-48.9129, -16.003], [-48.9135, -16.0182], [-48.8978, -16.032], [-48.9025, -16.0458], [-48.9046, -16.0656], [-48.9162, -16.0906], [-48.9399, -16.1345], [-48.9344, -16.1489], [-48.9238, -16.1591], [-48.929, -16.1704], [-48.9335, -16.1923], [-48.9468, -16.2019], [-48.9509, -16.2119], [-48.9591, -16.2204], [-48.9552, -16.2315], [-48.9423, -16.2356], [-48.9292, -16.2228], [-48.9078, -16.2286], [-48.8972, -16.2371], [-48.8723, -16.2373], [-48.8614, -16.234], [-48.8484, -16.2269], [-48.8282, -16.2343], [-48.8239, -16.2543], [-48.8164, -16.2571], [-48.8034, -16.2685], [-48.7891, -16.2682], [-48.7794, -16.2761], [-48.7714, -16.2783], [-48.77, -16.2894]]]}, "properties": {"cod_ibge": 5200100, "municipio": "Abadiania"}, "id": "5200100"}, {"type": "Feature", "geometry": {"type": "Polygon", "coordinates": [[[-47.772, -14.6416], [-47.7777, -14.6663], [-47.7791, -14.6785], [-47.7914, -14.6954], [-47.8084, -14.6934], [-47.8222, -14.7165], [-47.8236, -14.7239], [-47.8334, -14.7325], [-47.8345, -14.7409], [-47.8425, -14.7495], [-47.8524, -14.756], [-47.8556, -14.764], [-47.8671, -14.7731], [-47.8817, -14.7758], [-47.8942, -14.7806], [-47.9008, -14.7927], [-47.9074, -14.7983], [-47.922, -14.7931], [-47.9456, -14.8003], [-47.9501, -14.8038], [-47.9583, -14.8022], [-47.9664, -14.8065], [-47.9699, -14.8125], [-47.9887, -14.8224], [-48.0035, -14.8048], [-48.026, -14.821], [-48.0314, -14.8311], [-48.0403, -14.8388], [-48.0342, -14.8491], [-48.0426, -14.8603], [-48.0539, -14.8558], [-48.0606, -14.8592], [-48.0687, -14.8827], [-48.0797, -14.8986], [-48.075, -14.9094], [-48.0581, -14.9103], [-48.0549, -14.9195], [-48.0466, -14.9228], [-48.0423, -14.9359], [-48.0455, -14.9427], [-48.0436, -14.9495], [-48.0376, -14.9524], [-48.0362, -14.9622], [-48.0479, -14.9632], [-48.0511, -14.9676], [-48.0492, -14.9819], [-48.0573, -14.9887], [-48.0561, -15.0027], [-48.0626, -15.0239], [-48.0578, -15.0298], [-48.0562, -15.0524], [-48.0616, -15.0542], [-48.06, -15.0626], [-48.0728, -15.0766], [-48.0829, -15.0835], [-48.0752, -15.0876], [-48.0744, -15.0933], [-48.0856, -15.0997], [-48.0881, -15.11], [-48.0965, -15.111], [-48.0903, -15.1207], [-48.0932, -15.1296], [-48.0902, -15.1363], [-48.0789, -15.1415], [-48.0724, -15.1483], [-48.0496, -15.1368], [-48.0348, -15.1385], [-48.0255, -15.1342], [-48.0152, -15.1334], [-48.0129, -15.1256], [-47.9948, -15.1198], [-47.9877, -15.1033], [-47.9656, -15.1019], [-47.9604, -15.0938], [-47.9533, -15.0946], [-47.9489, -15.0865], [-47.9338, -15.0826], [-47.9253, -15.0774], [-47.9162, -15.0806], [-47.9124, -15.0882], [-47.8884, -15.0899], [-47.8796, -15.0928], [-47.8713, -15.0902], [-47.8534, -15.0899], [-47.8539, -15.0989], [-47.8398, -15.0909], [-47.8293, -15.0969], [-47.8234, -15.097], [-47.8092, -15.0887], [-47.8043, -15.0801], [-47.7924, -15.0735], [-47.7838, -15.0745], [-47.7779, -15.0665], [-47.7765, -15.0589], [-47.7692, -15.054], [-47.7618, -15.0413], [-47.7437, -15.039], [-47.7317, -15.0294], [-47.7147, -15.0202], [-47.707, -15.0196], [-47.7029, -15.0252], [-47.6894, -15.0293], [-47.6782, -15.0389], [-47.5709, -15.0471], [-47.5759, -15.032], [-47.5755, -15.0161], [-47.5717, -15.0105], [-47.5757, -14.9936], [-47.5746, -14.9781], [-47.5715, -14.9737], [-47.573, -14.9612], [-47.5642, -14.9466], [-47.564, -14.9378], [-47.5558, -14.9353], [-47.5479, -14.926], [-47.54, -14.9314], [-47.5313, -14.93], [-47.5165, -14.9234], [-47.4991, -14.9077], [-47.4921, -14.8759], [-47.4912, -14.8488], [-47.4893, -14.8401], [-47.4775, -14.817], [-47.4732, -14.8074], [-47.4791, -14.7998], [-47.4892, -14.7949], [-47.5023, -14.7924], [-47.5279, -14.7701], [-47.5332, -14.7537], [-47.5346, -14.7371], [-47.5434, -14.7306], [-47.5573, -14.7325], [-47.5616, -14.7474], [-47.5673, -14.7558], [-47.5742, -14.7571], [-47.5845, -14.7749], [-47.595, -14.7798], [-47.6101, -14.7902], [-47.6267, -14.8144], [-47.6348, -14.8308], [-47.6479, -14.8328], [-47.6404, -14.7574], [-47.6336, -14.7532], [-47.6314, -14.7444], [-47.6397, -14.7357], [-47.6428, -14.7276], [-47.6551, -14.7173], [-47.659, -14.71], [-47.6655, -14.7085], [-47.6789, -14.732], [-47.6859, -14.7327], [-47.6935, -14.7439], [-47.706, -14.6703], [-47.7147, -14.6631], [-47.7179, -14.6533], [-47.7332, -14.6495], [-47.7473, -14.6517], [-47.7541, -14.6494], [-47.7605, -14.6391], [-47.772, -14.6416]]]}, "properties": {"cod_ibge": 5200175, "municipio": "Agua Fria de Goias"}, "id": "5200175"}, {"type": "Feature", "geometry": {"type": "Polygon", "coordinates": [[[-48.2818, -15.8306], [-48.2807, -15.8239], [-48.2678, -15.8084], [-48.2567, -15.8018], [-48.243, -15.7973], [-48.2323, -15.784], [-48.2319, -15.7784], [-48.2173, -15.7676], [-48.2088, -15.7497], [-48.208, -15.7179], [-48.2111, -15.7129], [-48.2227, -15.7081], [-48.2315, -15.7097], [-48.2412, -15.7056], [-48.2392, -15.6969], [-48.2413, -15.6867], [-48.2346, -15.6669], [-48.2349, -15.66], [-48.252, -15.6592], [-48.2996, -15.7095], [-48.3027, -15.7055], [-48.312, -15.71], [-48.3126, -15.7171], [-48.3221, -15.7185], [-48.3272, -15.7133], [-48.334, -15.7219], [-48.3492, -15.7258], [-48.3522, -15.7382], [-48.3504, -15.7541], [-48.3547, -15.7626], [-48.3561, -15.7745], [-48.3504, -15.792], [-48.3756, -15.8122], [-48.3777, -15.8215], [-48.3632, -15.8185], [-48.3515, -15.8241], [-48.339, -15.8225], [-48.3286, -15.8262], [-48.3218, -15.8343], [-48.3135, -15.8218], [-48.3043, -15.8251], [-48.2893, -15.8257], [-48.2818, -15.8306]]]}, "properties": {"cod_ibge": 5200258, "municipio": "Aguas Lindas de Goias"}, "id": "5200258"}, {"type": "Feature", "geometry": {"type": "Polygon", "coordinates": [[[-48.6129, -16.1428], [-48.5888, -16.1489], [-48.5735, -16.1634], [-48.5607, -16.1707], [-48.543, -16.169], [-48.5336, -16.1732], [-48.5308, -16.1817], [-48.5168, -16.1879], [-48.5155, -16.1982], [-48.5033, -16.195], [-48.4904, -16.197], [-48.478, -16.2013], [-48.4623, -16.2001], [-48.4572, -16.204], [-48.4429, -16.2068], [-48.4411, -16.2176], [-48.4365, -16.2282], [-48.4255, -16.2359], [-48.422, -16.2445], [-48.4223, -16.2647], [-48.4139, -16.2691], [-48.4116, -16.2867], [-48.3969, -16.2946], [-48.3969, -16.3025], [-48.3766, -16.3035], [-48.3743, -16.3096], [-48.3667, -16.3135], [-48.367, -16.3229], [-48.3558, -16.3186], [-48.3487, -16.3206], [-48.3387, -16.3172], [-48.3271, -16.3265], [-48.3236, -16.3182], [-48.3191, -16.2994], [-48.3204, -16.285], [-48.3291, -16.2603], [-48.3366, -16.2534], [-48.344, -16.251], [-48.348, -16.2437], [-48.3631, -16.2416], [-48.3736, -16.212], [-48.3722, -16.199], [-48.3589, -16.1881], [-48.3533, -16.1805], [-48.3571, -16.1705], [-48.3504, -16.1519], [-48.3516, -16.1323], [-48.3553, -16.1291], [-48.3503, -16.1188], [-48.3527, -16.1076], [-48.3581, -16.0989], [-48.3692, -16.0723], [-48.3668, -16.0652], [-48.3673, -16.0488], [-48.3651, -16.0271], [-48.366, -16.0167], [-48.3708, -16.0101], [-48.3719, -15.9975], [-48.3863, -15.9836], [-48.3926, -15.983], [-48.4014, -15.9758], [-48.4082, -15.9771], [-48.4239, -15.9877], [-48.4509, -15.9702], [-48.459, -15.9589], [-48.4751, -15.9504], [-48.4836, -15.9394], [-48.4905, -15.934], [-48.5052, -15.932], [-48.5285, -15.9331], [-48.538, -15.9165], [-48.5421, -15.9136], [-48.5724, -15.9147], [-48.5907, -15.9206], [-48.6033, -15.9379], [-48.6145, -15.9396], [-48.6287, -15.9279], [-48.6282, -15.9405], [-48.6406, -15.9545], [-48.6496, -15.9682], [-48.6494, -15.9873], [-48.6353, -16.0014], [-48.6239, -16.0331], [-48.6186, -16.0552], [-48.6171, -16.0779], [-48.6205, -16.1062], [-48.6193, -16.1138], [-48.6228, -16.1274], [-48.6179, -16.1392], [-48.6129, -16.1428]]]}, "properties": {"cod_ibge": 5200308, "municipio": "Alexania"}, "id": "5200308"}, {"type": "Feature", "geometry": {"type": "Polygon", "coordinates": [[[-47.1141, -14.097], [-47.1265, -14.0877], [-47.1244, -14.081], [-47.1301, -14.0722], [-47.1335, -14.0578], [-47.1415, -14.0505], [-47.1431, -14.0352], [-47.1497, -14.0158], [-47.1609, -14.0056], [-47.164, -13.9978], [-47.1723, -13.9873], [-47.1807, -13.9843], [-47.1943, -13.9657], [-47.1844, -13.9546], [-47.1756, -13.9531], [-47.1735, -13.9394], [-47.1747, -13.9209], [-47.1714, -13.915], [-47.1789, -13.8997], [-47.1844, -13.8941], [-47.1834, -13.8818], [-47.1929, -13.8813], [-47.1877, -13.8723], [-47.1981, -13.8616], [-47.2161, -13.867], [-47.2268, -13.8782], [-47.2382, -13.876], [-47.244, -13.8832], [-47.2505, -13.8984], [-47.2399, -13.9065], [-47.245, -13.9207], [-47.2422, -13.9425], [-47.2491, -13.9479], [-47.2521, -13.9581], [-47.2584, -13.9644], [-47.264, -13.9769], [-47.5048, -13.9602], [-47.5416, -14.0021], [-47.5506, -14.0163], [-47.5518, -14.0279], [-47.561, -14.0368], [-47.5686, -14.0339], [-47.572, -14.042], [-47.5809, -14.0405], [-47.5915, -14.0563], [-47.6077, -14.0467], [-47.6215, -14.0524], [-47.6243, -14.0576], [-47.6317, -14.0566], [-47.6444, -14.0618], [-47.6549, -14.0635], [-47.6625, -14.0709], [-47.6708, -14.0671], [-47.6992, -14.0692], [-47.7064, -14.0799], [-47.7176, -14.0892], [-47.7216, -14.0867], [-47.7284, -14.0962], [-47.7378, -14.0983], [-47.756, -14.0942], [-47.7657, -14.0983], [-47.7815, -14.1161], [-47.7882, -14.1208], [-47.7947, -14.1328], [-47.8075, -14.1457], [-47.8212, -14.1442], [-47.8331, -14.157], [-47.8388, -14.158], [-47.8466, -14.165], [-47.8635, -14.1758], [-47.8798, -14.1755], [-47.8855, -14.1781], [-47.8997, -14.1701], [-47.932, -14.1771], [-47.903, -14.2356], [-47.8393, -14.331], [-47.834, -14.3342], [-47.837, -14.3425], [-47.8293, -14.3451], [-47.8277, -14.3509], [-47.8268, -14.3538], [-47.8101, -14.3549], [-47.8118, -14.3738], [-47.8091, -14.3797], [-47.7988, -14.3844], [-47.7976, -14.3911], [-47.7896, -14.3891], [-47.7895, -14.3974], [-47.7815, -14.3978], [-47.7793, -14.4141], [-47.7711, -14.4061], [-47.7634, -14.4107], [-47.7534, -14.411], [-47.7437, -14.406], [-47.742, -14.4114], [-47.7337, -14.4118], [-47.7227, -14.4312], [-47.7243, -14.4396], [-47.7211, -14.447], [-47.7074, -14.4566], [-47.7051, -14.4626], [-47.6825, -14.4651], [-47.6723, -14.4576], [-47.6602, -14.4587], [-47.6482, -14.4386], [-47.636, -14.4341], [-47.6284, -14.4357], [-47.6155, -14.4268], [-47.607, -14.432], [-47.5972, -14.4272], [-47.5902, -14.4349], [-47.5823, -14.4382], [-47.5815, -14.4475], [-47.573, -14.448], [-47.5661, -14.4533], [-47.5536, -14.4546], [-47.5469, -14.4485], [-47.5516, -14.444], [-47.5496, -14.4248], [-47.5376, -14.4277], [-47.5263, -14.4262], [-47.5162, -14.4322], [-47.501, -14.4252], [-47.4949, -14.4253], [-47.4817, -14.4181], [-47.4764, -14.4065], [-47.4754, -14.398], [-47.4672, -14.3849], [-47.4651, -14.3631], [-47.4587, -14.3528], [-47.4441, -14.342], [-47.4339, -14.342], [-47.4252, -14.3233], [-47.4108, -14.3244], [-47.4003, -14.3226], [-47.3895, -14.3138], [-47.3911, -14.2841], [-47.3977, -14.2706], [-47.3939, -14.2595], [-47.3973, -14.2574], [-47.4082, -14.2373], [-47.4033, -14.2231], [-47.421, -14.2127], [-47.4312, -14.2111], [-47.4387, -14.2023], [-47.4496, -14.1845], [-47.446, -14.1796], [-47.4493, -14.1675], [-47.4547, -14.1614], [-47.4542, -14.1464], [-47.4437, -14.1489], [-47.4428, -14.1602], [-47.4289, -14.1646], [-47.4245, -14.163], [-47.4115, -14.1676], [-47.4045, -14.1634], [-47.4018, -14.147], [-47.3913, -14.1428], [-47.3864, -14.1368], [-47.3619, -14.1322], [-47.3565, -14.1383], [-47.3453, -14.141], [-47.3365, -14.147], [-47.3253, -14.1616], [-47.3083, -14.1562], [-47.2863, -14.1597], [-47.272, -14.1475], [-47.2468, -14.1419], [-47.2373, -14.1419], [-47.2237, -14.1455], [-47.2201, -14.1422], [-47.2037, -14.15], [-47.1949, -14.1416], [-47.1935, -14.1364], [-47.1755, -14.148], [-47.1603, -14.1361], [-47.1548, -14.1233], [-47.1424, -14.1149], [-47.1347, -14.1175], [-47.1288, -14.106], [-47.1141, -14.097]]]}, "properties": {"cod_ibge": 5200605, "municipio": "Alto Paraiso de Goias"}, "id": "5200605"}, {"type": "Feature", "geometry": {"type": "Polygon", "coordinates": [[[-46.4582, -14.4776], [-46.4646, -14.4718], [-46.4785, -14.4702], [-46.481, -14.4794], [-46.4932, -14.4758], [-46.4994, -14.4844], [-46.5065, -14.487], [-46.5111, -14.4756], [-46.5224, -14.4797], [-46.5289, -14.4787], [-46.5426, -14.4864], [-46.5507, -14.4829], [-46.5593, -14.4736], [-46.5644, -14.4724], [-46.5765, -14.4836], [-46.5807, -14.477], [-46.589, -14.4817], [-46.5977, -14.4798], [-46.6019, -14.4885], [-46.612, -14.4858], [-46.6157, -14.494], [-46.6228, -14.4979], [-46.6301, -14.5067], [-46.6461, -14.5135], [-46.651, -14.5015], [-46.6659, -14.4981], [-46.6753, -14.4904], [-46.6895, -14.4984], [-46.692, -14.4857], [-46.697, -14.484], [-46.7, -14.4685], [-46.7089, -14.4696], [-46.7183, -14.4665], [-46.7198, -14.4568], [-46.7103, -14.4456], [-46.7163, -14.4379], [-46.712, -14.4283], [-46.7269, -14.4164], [-46.7322, -14.4083], [-46.7158, -14.3993], [-46.7198, -14.3947], [-46.7279, -14.3981], [-46.7316, -14.3912], [-46.7394, -14.3753], [-46.7573, -14.3829], [-46.7598, -14.39], [-46.7702, -14.3855], [-46.784, -14.391], [-46.7858, -14.3856], [-46.797, -14.3771], [-46.803, -14.378], [-46.8146, -14.3734], [-46.8126, -14.3642], [-46.8079, -14.3606], [-46.8157, -14.3503], [-46.8166, -14.3438], [-46.8297, -14.3417], [-46.8331, -14.3523], [-46.8444, -14.3483], [-46.8474, -14.3392], [-46.859, -14.3327], [-46.8648, -14.3405], [-46.8733, -14.3371], [-46.8775, -14.3196], [-46.8823, -14.3166], [-46.9013, -14.3304], [-46.8888, -14.3513], [-46.8882, -14.3573], [-46.879, -14.361], [-46.8817, -14.3697], [-46.8755, -14.3817], [-46.8812, -14.393], [-46.876, -14.396], [-46.8874, -14.4126], [-46.8872, -14.4367], [-46.8715, -14.4374], [-46.862, -14.4462], [-46.8601, -14.4577], [-46.8627, -14.4623], [-46.8614, -14.4781], [-46.8517, -14.4891], [-46.858, -14.4907], [-46.8729, -14.5021], [-46.8673, -14.5095], [-46.8686, -14.5161], [-46.8596, -14.5201], [-46.8465, -14.53], [-46.8507, -14.5435], [-46.8425, -14.5448], [-46.8401, -14.5496], [-46.8289, -14.5535], [-46.8084, -14.5647], [-46.8006, -14.5634], [-46.7923, -14.5682], [-46.7751, -14.5825], [-46.7688, -14.5739], [-46.7619, -14.5796], [-46.7548, -14.5802], [-46.7484, -14.5983], [-46.7362, -14.598], [-46.7384, -14.6088], [-46.7306, -14.6065], [-46.7295, -14.6002], [-46.7163, -14.597], [-46.7077, -14.6037], [-46.7036, -14.6145], [-46.7041, -14.6221], [-46.6875, -14.6388], [-46.6824, -14.6522], [-46.6857, -14.6671], [-46.6846, -14.6725], [-46.6886, -14.6871], [-46.678, -14.7099], [-46.6692, -14.7209], [-46.675, -14.7273], [-46.6674, -14.7385], [-46.6688, -14.7606], [-46.6648, -14.7686], [-46.6509, -14.7767], [-46.6404, -14.7768], [-46.6309, -14.7803], [-46.6332, -14.7882], [-46.6295, -14.7974], [-46.6208, -14.805], [-46.6197, -14.8187], [-46.6116, -14.8244], [-46.6045, -14.8238], [-46.5943, -14.8137], [-46.5873, -14.8129], [-46.5743, -14.8162], [-46.5605, -14.815], [-46.5577, -14.807], [-46.5659, -14.792], [-46.5638, -14.7834], [-46.5432, -14.7687], [-46.5442, -14.753], [-46.5371, -14.7475], [-46.5224, -14.7451], [-46.5103, -14.7383], [-46.5074, -14.7263], [-46.5097, -14.7161], [-46.5034, -14.7041], [-46.5049, -14.6952], [-46.4997, -14.6879], [-46.4962, -14.6756], [-46.4994, -14.6645], [-46.4863, -14.6442], [-46.4631, -14.6261], [-46.4507, -14.6242], [-46.443, -14.6351], [-46.4292, -14.6333], [-46.4206, -14.6344], [-46.4127, -14.616], [-46.4019, -14.6033], [-46.3943, -14.6006], [-46.3893, -14.5896], [-46.369, -14.5823], [-46.3705, -14.575], [-46.3808, -14.5692], [-46.3785, -14.5577], [-46.3882, -14.5403], [-46.3817, -14.5329], [-46.3762, -14.5186], [-46.3858, -14.5078], [-46.3792, -14.4894], [-46.3867, -14.4801], [-46.3979, -14.476], [-46.4026, -14.4826], [-46.4138, -14.4881], [-46.4209, -14.4822], [-46.4261, -14.4919], [-46.434, -14.4837], [-46.4434, -14.4848], [-46.4582, -14.4776]]]}, "properties": {"cod_ibge": 5200803, "municipio": "Alvorada do Norte"}, "id": "5200803"}, {"type": "Feature", "geometry": {"type": "Polygon", "coordinates": [[[-48.95, -14.6812], [-48.9447, -14.6837], [-48.9477, -14.6966], [-48.9389, -14.7043], [-48.9325, -14.7046], [-48.9233, -14.7115], [-48.922, -14.7208], [-48.9119, -14.7357], [-48.8984, -14.7381], [-48.891, -14.7457], [-48.8928, -14.7563], [-48.8986, -14.7622], [-48.8926, -14.7719], [-48.8938, -14.7822], [-48.9026, -14.8017], [-48.9065, -14.8049], [-48.9125, -14.8333], [-48.9219, -14.8418], [-48.9331, -14.8449], [-48.9453, -14.8534], [-48.9484, -14.865], [-48.9772, -14.8894], [-48.9711, -14.8976], [-48.9728, -14.9074], [-48.9855, -14.9075], [-48.9925, -14.9132], [-48.9979, -14.9255], [-49.0157, -14.9402], [-49.0194, -14.9497], [-49.0297, -14.959], [-49.0321, -14.9665], [-49.043, -14.9764], [-49.041, -14.9827], [-49.0468, -15.0011], [-49.0286, -15.0075], [-49.0279, -15.0162], [-49.0223, -15.0236], [-49.0092, -15.0307], [-49.0022, -15.0285], [-48.9951, -15.0356], [-48.996, -15.0489], [-49.0036, -15.0627], [-49.0051, -15.0741], [-49.0267, -15.0784], [-49.0325, -15.0892], [-49.0378, -15.0918], [-49.0448, -15.1015], [-49.0471, -15.1122], [-49.0552, -15.1147], [-49.0592, -15.1236], [-49.072, -15.1268], [-49.0813, -15.1505], [-49.0675, -15.1433], [-49.0607, -15.1477], [-49.0491, -15.1431], [-49.0382, -15.1314], [-49.0301, -15.1332], [-49.022, -15.1306], [-49.0066, -15.1155], [-49.0015, -15.1366], [-48.9784, -15.1342], [-48.9714, -15.1421], [-48.9726, -15.1541], [-48.9694, -15.1613], [-48.9602, -15.1583], [-48.9473, -15.1614], [-48.9401, -15.1585], [-48.9315, -15.1613], [-48.9207, -15.1593], [-48.9089, -15.167], [-48.8839, -15.1406], [-48.8843, -15.1239], [-48.8669, -15.1066], [-48.8675, -15.0977], [-48.852, -15.0884], [-48.8553, -15.0761], [-48.8549, -15.0648], [-48.8456, -15.0557], [-48.8329, -15.0398], [-48.8294, -15.0223], [-48.8165, -15.0141], [-48.8068, -15.0049], [-48.8035, -14.9965], [-48.8087, -14.9878], [-48.8051, -14.9772], [-48.8069, -14.9716], [-48.806, -14.9537], [-48.8023, -14.945], [-48.7937, -14.9374], [-48.7981, -14.9297], [-48.7943, -14.9196], [-48.7867, -14.9158], [-48.7829, -14.9091], [-48.7727, -14.9078], [-48.7686, -14.8963], [-48.7622, -14.889], [-48.765, -14.8681], [-48.7573, -14.8628], [-48.7614, -14.8498], [-48.747, -14.8455], [-48.7492, -14.834], [-48.7406, -14.8277], [-48.7427, -14.8167], [-48.7392, -14.8121], [-48.7306, -14.8112], [-48.7251, -14.8046], [-48.7144, -14.8044], [-48.7278, -14.7802], [-48.7185, -14.7688], [-48.7122, -14.7667], [-48.7212, -14.7523], [-48.7137, -14.7415], [-48.7192, -14.7358], [-48.7124, -14.7304], [-48.7157, -14.724], [-48.7225, -14.7222], [-48.7315, -14.707], [-48.73, -14.6943], [-48.7247, -14.6868], [-48.7267, -14.6756], [-48.738, -14.6772], [-48.7399, -14.667], [-48.7458, -14.6618], [-48.7546, -14.6602], [-48.7666, -14.6441], [-48.774, -14.6447], [-48.7798, -14.6542], [-48.7746, -14.6595], [-48.7828, -14.6677], [-48.8006, -14.6608], [-48.8087, -14.667], [-48.8169, -14.6649], [-48.8184, -14.6776], [-48.8263, -14.686], [-48.8333, -14.6828], [-48.8569, -14.6901], [-48.8604, -14.6889], [-48.8716, -14.6952], [-48.8829, -14.6911], [-48.8806, -14.6812], [-48.8974, -14.6776], [-48.9054, -14.6717], [-48.9142, -14.6737], [-48.9245, -14.6808], [-48.9394, -14.6776], [-48.95, -14.6812]]]}, "properties": {"cod_ibge": 5203203, "municipio": "Barro Alto"}, "id": "5203203"}, {"type": "Feature", "geometry": {"type": "Polygon", "coordinates": [[[-46.9525, -15.9166], [-46.8249, -15.8857], [-46.8144, -15.8872], [-46.8069, -15.8792], [-46.8062, -15.8706], [-46.8055, -15.8594], [-46.8169, -15.8397], [-46.8232, -15.8246], [-46.821, -15.8169], [-46.8223, -15.8052], [-46.8137, -15.7933], [-46.8131, -15.7872], [-46.8208, -15.7657], [-46.8265, -15.7544], [-46.8278, -15.7287], [-46.8425, -15.7147], [-46.8497, -15.6926], [-46.8558, -15.6818], [-46.8525, -15.6711], [-46.8526, -15.653], [-46.859, -15.6396], [-46.8545, -15.6281], [-46.8549, -15.6183], [-46.8743, -15.614], [-46.8826, -15.6101], [-46.8908, -15.6175], [-46.9049, -15.6188], [-46.9123, -15.6237], [-46.9185, -15.635], [-46.9232, -15.6368], [-46.9337, -15.6496], [-46.9467, -15.6478], [-46.9617, -15.6595], [-46.9709, -15.6578], [-46.9765, -15.6526], [-46.9984, -15.6521], [-47.0037, -15.6454], [-47.0031, -15.638], [-47.0099, -15.6346], [-47.0147, -15.62], [-47.0154, -15.5949], [-47.018, -15.5775], [-47.0149, -15.5732], [-47.0186, -15.5593], [-47.0196, -15.5459], [-47.0469, -15.536], [-47.0558, -15.544], [-47.0668, -15.5492], [-47.0712, -15.5555], [-47.0906, -15.5564], [-47.103, -15.5587], [-47.1156, -15.5764], [-47.1267, -15.5859], [-47.1491, -15.5967], [-47.1639, -15.5988], [-47.1677, -15.6022], [-47.1783, -15.5988], [-47.1808, -15.6119], [-47.1767, -15.6229], [-47.1677, -15.6324], [-47.1614, -15.6504], [-47.1513, -15.6562], [-47.131, -15.6716], [-47.1265, -15.6825], [-47.1263, -15.6946], [-47.1221, -15.6982], [-47.1155, -15.7177], [-47.1156, -15.7291], [-47.1029, -15.7379], [-47.1022, -15.7497], [-47.1047, -15.7591], [-47.1107, -15.7652], [-47.1138, -15.7799], [-47.1112, -15.7915], [-47.119, -15.8007], [-47.1186, -15.8132], [-47.1207, -15.8291], [-47.1189, -15.8323], [-47.119, -15.8552], [-47.1128, -15.8604], [-47.1189, -15.8684], [-47.1154, -15.876], [-47.1184, -15.8923], [-47.1162, -15.8983], [-47.1247, -15.9087], [-47.1288, -15.918], [-47.1346, -15.9201], [-47.1366, -15.9274], [-47.1316, -15.934], [-47.1354, -15.9489], [-47.1248, -15.9456], [-47.1067, -15.9583], [-47.096, -15.9565], [-47.0888, -15.9611], [-47.0767, -15.9579], [-47.0741, -15.9538], [-47.0565, -15.9378], [-47.0351, -15.9346], [-47.0205, -15.9288], [-46.9843, -15.924], [-46.9525, -15.9166]]]}, "properties": {"cod_ibge": 5204003, "municipio": "Cabeceiras"}, "id": "5204003"}, {"type": "Feature", "geometry": {"type": "Polygon", "coordinates": [[[-47.3929, -13.2624], [-47.3995, -13.2618], [-47.4172, -13.2708], [-47.4215, -13.2864], [-47.4326, -13.2886], [-47.4378, -13.2791], [-47.4364, -13.2668], [-47.4539, -13.2517], [-47.4511, -13.2424], [-47.4329, -13.2384], [-47.4319, -13.2329], [-47.4401, -13.223], [-47.4505, -13.2225], [-47.4652, -13.2272], [-47.4835, -13.2226], [-47.488, -13.2121], [-47.4775, -13.1872], [-47.4848, -13.1827], [-47.5088, -13.19], [-47.5214, -13.1824], [-47.5344, -13.1854], [-47.5406, -13.1917], [-47.5578, -13.1869], [-47.565, -13.1803], [-47.5657, -13.1578], [-47.5687, -13.1439], [-47.561, -13.1248], [-47.5687, -13.1169], [-47.5861, -13.1143], [-47.5931, -13.1155], [-47.5999, -13.1102], [-47.6171, -13.1036], [-47.6463, -13.1205], [-47.6454, -13.1505], [-47.6546, -13.1548], [-47.6683, -13.166], [-47.6545, -13.1787], [-47.6543, -13.1858], [-47.6642, -13.1967], [-47.6606, -13.2056], [-47.6668, -13.2084], [-47.6608, -13.2194], [-47.6543, -13.2193], [-47.6529, -13.2297], [-47.6561, -13.2325], [-47.6462, -13.2424], [-47.6476, -13.25], [-47.6397, -13.2643], [-47.6484, -13.2748], [-47.6551, -13.2758], [-47.655, -13.286], [-47.6585, -13.295], [-47.6582, -13.3058], [-47.6541, -13.3119], [-47.6561, -13.3232], [-47.6489, -13.3441], [-47.6501, -13.3488], [-47.6364, -13.3655], [-47.6285, -13.3658], [-47.6241, -13.3761], [-47.6268, -13.3856], [-47.6377, -13.3898], [-47.6428, -13.4054], [-47.6485, -13.4071], [-47.6553, -13.4185], [-47.6556, -13.4287], [-47.671, -13.4413], [-47.6764, -13.4519], [-47.6771, -13.4659], [-47.6797, -13.4682], [-47.7982, -13.329], [-47.8082, -13.3248], [-47.8097, -13.32], [-47.8236, -13.3117], [-47.8441, -13.3183], [-47.8606, -13.3139], [-47.8741, -13.3205], [-47.8855, -13.3203], [-47.8931, -13.3082], [-47.9024, -13.3115], [-47.9039, -13.3019], [-47.9092, -13.2978], [-47.9186, -13.2987], [-47.9234, -13.2917], [-47.9297, -13.2947], [-47.9373, -13.2906], [-47.9441, -13.3047], [-47.966, -13.3135], [-47.9705, -13.3119], [-47.9712, -13.3009], [-47.9779, -13.2958], [-47.981, -13.2843], [-47.9887, -13.2764], [-47.9983, -13.2744], [-48.0049, -13.2776], [-48.0171, -13.2781], [-48.0329, -13.2744], [-48.0307, -13.2571], [-48.0372, -13.2537], [-48.0503, -13.2567], [-48.055, -13.2515], [-48.0532, -13.2455], [-48.0625, -13.2357], [-48.0763, -13.2463], [-48.072, -13.2675], [-48.0768, -13.2674], [-48.0791, -13.2853], [-48.0994, -13.2931], [-48.105, -13.2881], [-48.1198, -13.2974], [-48.1405, -13.3028], [-48.1431, -13.3062], [-48.1562, -13.3079], [-48.1699, -13.3003], [-48.1708, -13.3116], [-48.1651, -13.3233], [-48.1642, -13.3337], [-48.1665, -13.358], [-48.1711, -13.3659], [-48.1666, -13.3729], [-48.148, -13.3793], [-48.1464, -13.3985], [-48.1433, -13.4104], [-48.1478, -13.4242], [-48.1483, -13.4397], [-48.1614, -13.449], [-48.1716, -13.4475], [-48.1755, -13.4391], [-48.1758, -13.4283], [-48.1822, -13.4193], [-48.1901, -13.427], [-48.1921, -13.4463], [-48.1897, -13.4559], [-48.1988, -13.4711], [-48.1898, -13.4784], [-48.179, -13.4819], [-48.1648, -13.4763], [-48.1563, -13.4859], [-48.1577, -13.4956], [-48.1441, -13.5033], [-48.1325, -13.5042], [-48.1296, -13.5096], [-48.1303, -13.5195], [-48.1359, -13.5272], [-48.1411, -13.5476], [-48.133, -13.5482], [-48.1222, -13.5405], [-48.1068, -13.5406], [-48.0919, -13.5479], [-48.0949, -13.5575], [-48.1074, -13.5621], [-48.11, -13.567], [-48.1083, -13.5803], [-48.1108, -13.5936], [-48.1113, -13.6174], [-48.117, -13.6185], [-48.1203, -13.6284], [-48.1095, -13.6346], [-48.1066, -13.6436], [-48.0931, -13.6593], [-48.0958, -13.6838], [-48.0807, -13.6814], [-48.0753, -13.69], [-48.0673, -13.6924], [-48.0653, -13.7022], [-48.0577, -13.702], [-48.0569, -13.7166], [-48.052, -13.7207], [-48.0526, -13.7287], [-48.0598, -13.7336], [-48.0542, -13.7392], [-48.0457, -13.7406], [-48.039, -13.7461], [-48.0277, -13.7441], [-48.0283, -13.7522], [-48.023, -13.7572], [-48.0277, -13.7708], [-48.0156, -13.7837], [-48.0203, -13.8037], [-48.0236, -13.8046], [-48.0285, -13.8174], [-48.0188, -13.8131], [-48.0078, -13.8179], [-48.006, -13.8259], [-47.9981, -13.8341], [-47.9773, -13.8435], [-47.974, -13.8492], [-47.9594, -13.8532], [-47.9553, -13.8619], [-47.9585, -13.8671], [-47.9517, -13.874], [-47.9479, -13.8848], [-47.9495, -13.8927], [-47.9649, -13.9065], [-47.9573, -13.9172], [-47.9604, -13.9389], [-47.9459, -13.9435], [-47.9303, -13.9565], [-47.9351, -13.966], [-47.9309, -13.9721], [-47.9238, -13.9716], [-47.9226, -13.9818], [-47.9271, -13.9928], [-47.9208, -13.9941], [-47.9097, -14.0118], [-47.914, -14.0212], [-47.9218, -14.0237], [-47.9267, -14.0352], [-47.913, -14.046], [-47.9071, -14.04], [-47.8982, -14.0468], [-47.9009, -14.0637], [-47.8981, -14.0673], [-47.8974, -14.0822], [-47.8927, -14.0866], [-47.8984, -14.093], [-47.918, -14.0985], [-47.9143, -14.1055], [-47.9036, -14.1117], [-47.9037, -14.117], [-47.9134, -14.1198], [-47.9113, -14.1289], [-47.9149, -14.1375], [-47.9158, -14.1482], [-47.9075, -14.1534], [-47.8997, -14.1701], [-47.8855, -14.1781], [-47.8798, -14.1755], [-47.8635, -14.1758], [-47.8466, -14.165], [-47.8388, -14.158], [-47.8331, -14.157], [-47.8212, -14.1442], [-47.8075, -14.1457], [-47.7947, -14.1328], [-47.7882, -14.1208], [-47.7815, -14.1161], [-47.7657, -14.0983], [-47.756, -14.0942], [-47.7378, -14.0983], [-47.7284, -14.0962], [-47.7216, -14.0867], [-47.7176, -14.0892], [-47.7064, -14.0799], [-47.6992, -14.0692], [-47.6708, -14.0671], [-47.6625, -14.0709], [-47.6549, -14.0635], [-47.6444, -14.0618], [-47.6317, -14.0566], [-47.6243, -14.0576], [-47.6215, -14.0524], [-47.6077, -14.0467], [-47.5915, -14.0563], [-47.5809, -14.0405], [-47.572, -14.042], [-47.5686, -14.0339], [-47.561, -14.0368], [-47.5518, -14.0279], [-47.5506, -14.0163], [-47.5416, -14.0021], [-47.5048, -13.9602], [-47.264, -13.9769], [-47.2797, -13.9654], [-47.2795, -13.9521], [-47.2904, -13.9443], [-47.3009, -13.9464], [-47.3082, -13.9397], [-47.3186, -13.9469], [-47.3356, -13.9373], [-47.3355, -13.9301], [-47.3271, -13.9204], [-47.3292, -13.916], [-47.3209, -13.9031], [-47.3097, -13.892], [-47.3125, -13.8833], [-47.3089, -13.8667], [-47.3152, -13.849], [-47.3142, -13.8382], [-47.3206, -13.8369], [-47.3261, -13.8269], [-47.3422, -13.8197], [-47.3483, -13.8201], [-47.3535, -13.8116], [-47.3537, -13.8047], [-47.3422, -13.7941], [-47.3398, -13.786], [-47.3311, -13.7843], [-47.3223, -13.7744], [-47.3169, -13.7724], [-47.315, -13.7616], [-47.306, -13.7502], [-47.2955, -13.7415], [-47.286, -13.7421], [-47.2788, -13.7257], [-47.2912, -13.7303], [-47.2987, -13.73], [-47.3068, -13.7346], [-47.3119, -13.7309], [-47.329, -13.7327], [-47.3265, -13.7192], [-47.3341, -13.7086], [-47.3329, -13.7032], [-47.3239, -13.6936], [-47.3182, -13.6785], [-47.3074, -13.665], [-47.3134, -13.6508], [-47.321, -13.6478], [-47.3242, -13.6321], [-47.3149, -13.6205], [-47.3108, -13.6189], [-47.306, -13.6082], [-47.2917, -13.5902], [-47.2927, -13.5791], [-47.2786, -13.5691], [-47.2793, -13.565], [-47.2694, -13.5548], [-47.2668, -13.5432], [-47.26, -13.5342], [-47.2564, -13.5224], [-47.2577, -13.5141], [-47.2533, -13.5006], [-47.2552, -13.4938], [-47.2496, -13.4864], [-47.2511, -13.481], [-47.2593, -13.4806], [-47.2674, -13.4656], [-47.2741, -13.4485], [-47.2725, -13.4322], [-47.2827, -13.43], [-47.2893, -13.421], [-47.2968, -13.4177], [-47.3031, -13.4099], [-47.3118, -13.4041], [-47.3225, -13.3881], [-47.3298, -13.381], [-47.3307, -13.3752], [-47.3275, -13.3602], [-47.336, -13.3587], [-47.3405, -13.3523], [-47.3524, -13.3465], [-47.3522, -13.3356], [-47.3465, -13.321], [-47.3472, -13.3161], [-47.3632, -13.3045], [-47.3728, -13.2943], [-47.3771, -13.2837], [-47.3713, -13.2734], [-47.375, -13.268], [-47.3929, -13.2624]]]}, "properties": {"cod_ibge": 5205307, "municipio": "Cavalcante"}, "id": "5205307"}, {"type": "Feature", "geometry": {"type": "Polygon", "coordinates": [[[-47.9636, -16.1047], [-47.9522, -16.1247], [-47.9398, -16.1327], [-47.9248, -16.1299], [-47.9116, -16.1344], [-47.9034, -16.1421], [-47.8898, -16.149], [-47.8753, -16.1501], [-47.8625, -16.1581], [-47.8571, -16.1701], [-47.8599, -16.1833], [-47.8531, -16.1975], [-47.8501, -16.209], [-47.8418, -16.2214], [-47.8383, -16.2309], [-47.826, -16.2362], [-47.8232, -16.2419], [-47.8109, -16.2509], [-47.7939, -16.2534], [-47.7874, -16.2444], [-47.7821, -16.2425], [-47.786, -16.232], [-47.776, -16.2313], [-47.7735, -16.2259], [-47.7628, -16.2197], [-47.7568, -16.2101], [-47.7421, -16.1946], [-47.7353, -16.18], [-47.7324, -16.1662], [-47.7321, -16.1607], [-47.7253, -16.151], [-47.7273, -16.1466], [-47.7269, -16.1314], [-47.7231, -16.1035], [-47.7233, -16.0921], [-47.6982, -16.083], [-47.6914, -16.0837], [-47.6831, -16.07], [-47.6829, -16.0623], [-47.688, -16.0534], [-47.6836, -16.0498], [-47.8314, -16.05], [-47.9386, -16.0499], [-47.948, -16.0746], [-47.9579, -16.0858], [-47.9643, -16.0975], [-47.9636, -16.1047]]]}, "properties": {"cod_ibge": 5205497, "municipio": "Cidade Ocidental"}, "id": "5205497"}, {"type": "Feature", "geometry": {"type": "Polygon", "coordinates": [[[-48.8564, -15.8016], [-48.856, -15.8136], [-48.848, -15.818], [-48.836, -15.8324], [-48.8049, -15.8264], [-48.7982, -15.8267], [-48.7832, -15.8196], [-48.777, -15.8238], [-48.7789, -15.8304], [-48.7625, -15.8548], [-48.7456, -15.8617], [-48.7179, -15.8651], [-48.7098, -15.8539], [-48.6746, -15.862], [-48.6658, -15.8587], [-48.6626, -15.8495], [-48.6694, -15.8359], [-48.6802, -15.8322], [-48.6845, -15.8221], [-48.6967, -15.8149], [-48.6996, -15.8072], [-48.696, -15.8011], [-48.6856, -15.7974], [-48.6736, -15.7826], [-48.6674, -15.7684], [-48.6465, -15.7658], [-48.6404, -15.7557], [-48.6226, -15.7533], [-48.5868, -15.7638], [-48.576, -15.764], [-48.5605, -15.7803], [-48.5523, -15.7808], [-48.5439, -15.7904], [-48.5427, -15.8003], [-48.524, -15.8138], [-48.5111, -15.8135], [-48.507, -15.8192], [-48.4984, -15.8215], [-48.4956, -15.8283], [-48.4818, -15.829], [-48.4693, -15.8273], [-48.4621, -15.8296], [-48.4606, -15.8487], [-48.462, -15.8647], [-48.4546, -15.8903], [-48.4459, -15.8951], [-48.4208, -15.9134], [-48.4179, -15.9134], [-48.4174, -15.904], [-48.4107, -15.8974], [-48.4051, -15.8747], [-48.3938, -15.8678], [-48.3879, -15.8555], [-48.388, -15.8458], [-48.3816, -15.835], [-48.3777, -15.8215], [-48.3756, -15.8122], [-48.3504, -15.792], [-48.3561, -15.7745], [-48.3547, -15.7626], [-48.3504, -15.7541], [-48.3522, -15.7382], [-48.3492, -15.7258], [-48.334, -15.7219], [-48.3272, -15.7133], [-48.3221, -15.7185], [-48.3126, -15.7171], [-48.312, -15.71], [-48.3027, -15.7055], [-48.2996, -15.7095], [-48.252, -15.6592], [-48.2515, -15.6525], [-48.2573, -15.6459], [-48.268, -15.6409], [-48.2888, -15.637], [-48.3003, -15.6265], [-48.3148, -15.6229], [-48.3268, -15.6248], [-48.3387, -15.6327], [-48.3516, -15.631], [-48.3655, -15.6185], [-48.3749, -15.6131], [-48.3839, -15.6145], [-48.3848, -15.6291], [-48.3912, -15.634], [-48.3915, -15.6427], [-48.4016, -15.6545], [-48.4138, -15.6541], [-48.4163, -15.6509], [-48.4331, -15.6436], [-48.4379, -15.6395], [-48.4512, -15.6364], [-48.4804, -15.6198], [-48.4908, -15.6214], [-48.5176, -15.6103], [-48.5343, -15.6091], [-48.5481, -15.5993], [-48.546, -15.5827], [-48.5581, -15.5809], [-48.5651, -15.5757], [-48.5763, -15.5563], [-48.5831, -15.5533], [-48.5798, -15.546], [-48.5883, -15.5423], [-48.5961, -15.5342], [-48.5911, -15.52], [-48.5798, -15.5075], [-48.58, -15.4814], [-48.5722, -15.4756], [-48.5615, -15.4726], [-48.5537, -15.4564], [-48.5611, -15.4481], [-48.568, -15.4463], [-48.5709, -15.4358], [-48.5613, -15.4292], [-48.5649, -15.4224], [-48.5582, -15.4184], [-48.565, -15.4104], [-48.5595, -15.4001], [-48.5674, -15.3947], [-48.5651, -15.3863], [-48.5699, -15.378], [-48.5864, -15.3715], [-48.5928, -15.3647], [-48.6024, -15.3612], [-48.618, -15.3588], [-48.6304, -15.3613], [-48.6408, -15.3678], [-48.6596, -15.3699], [-48.6719, -15.3865], [-48.6935, -15.4013], [-48.7043, -15.3959], [-48.7122, -15.4032], [-48.7194, -15.4221], [-48.7227, -15.442], [-48.7302, -15.456], [-48.7302, -15.4639], [-48.7381, -15.4639], [-48.7479, -15.4731], [-48.7395, -15.4828], [-48.7387, -15.4889], [-48.7459, -15.496], [-48.7525, -15.4894], [-48.7688, -15.4874], [-48.7791, -15.4959], [-48.7957, -15.4982], [-48.8098, -15.506], [-48.814, -15.5176], [-48.8193, -15.5296], [-48.8255, -15.5337], [-48.8308, -15.5425], [-48.8234, -15.5487], [-48.8135, -15.5453], [-48.7987, -15.5493], [-48.7921, -15.5547], [-48.7939, -15.5631], [-48.8039, -15.574], [-48.7918, -15.5854], [-48.7971, -15.5959], [-48.8055, -15.605], [-48.8189, -15.6135], [-48.829, -15.6248], [-48.8225, -15.6334], [-48.8114, -15.633], [-48.8096, -15.6431], [-48.8141, -15.6532], [-48.8085, -15.6674], [-48.8135, -15.6715], [-48.815, -15.6797], [-48.8252, -15.6902], [-48.8314, -15.6896], [-48.8325, -15.7102], [-48.8311, -15.7202], [-48.8363, -15.7256], [-48.8283, -15.7383], [-48.8168, -15.7494], [-48.8226, -15.7577], [-48.8234, -15.7755], [-48.8315, -15.7841], [-48.8313, -15.7962], [-48.8367, -15.8033], [-48.8564, -15.8016]]]}, "properties": {"cod_ibge": 5205513, "municipio": "Cocalzinho de Goias"}, "id": "5205513"}, {"type": "Feature", "geometry": {"type": "Polygon", "coordinates": [[[-48.9067, -15.9894], [-48.7922, -16.0128], [-48.7895, -16.0236], [-48.7818, -16.0405], [-48.7726, -16.0482], [-48.7573, -16.0713], [-48.7433, -16.0804], [-48.7319, -16.0928], [-48.7216, -16.0972], [-48.7121, -16.1177], [-48.7027, -16.1237], [-48.702, -16.128], [-48.693, -16.1333], [-48.6833, -16.1468], [-48.6767, -16.1468], [-48.667, -16.1544], [-48.6506, -16.1446], [-48.6234, -16.1503], [-48.6129, -16.1428], [-48.6179, -16.1392], [-48.6228, -16.1274], [-48.6193, -16.1138], [-48.6205, -16.1062], [-48.6171, -16.0779], [-48.6186, -16.0552], [-48.6239, -16.0331], [-48.6353, -16.0014], [-48.6494, -15.9873], [-48.6496, -15.9682], [-48.6406, -15.9545], [-48.6282, -15.9405], [-48.6287, -15.9279], [-48.6145, -15.9396], [-48.6033, -15.9379], [-48.5907, -15.9206], [-48.5724, -15.9147], [-48.5421, -15.9136], [-48.538, -15.9165], [-48.5285, -15.9331], [-48.5052, -15.932], [-48.4905, -15.934], [-48.4836, -15.9394], [-48.4751, -15.9504], [-48.459, -15.9589], [-48.4509, -15.9702], [-48.4239, -15.9877], [-48.4082, -15.9771], [-48.4225, -15.9482], [-48.4178, -15.9424], [-48.419, -15.9296], [-48.4143, -15.9222], [-48.4179, -15.9134], [-48.4208, -15.9134], [-48.4459, -15.8951], [-48.4546, -15.8903], [-48.462, -15.8647], [-48.4606, -15.8487], [-48.4621, -15.8296], [-48.4693, -15.8273], [-48.4818, -15.829], [-48.4956, -15.8283], [-48.4984, -15.8215], [-48.507, -15.8192], [-48.5111, -15.8135], [-48.524, -15.8138], [-48.5427, -15.8003], [-48.5439, -15.7904], [-48.5523, -15.7808], [-48.5605, -15.7803], [-48.576, -15.764], [-48.5868, -15.7638], [-48.6226, -15.7533], [-48.6404, -15.7557], [-48.6465, -15.7658], [-48.6674, -15.7684], [-48.6736, -15.7826], [-48.6856, -15.7974], [-48.696, -15.8011], [-48.6996, -15.8072], [-48.6967, -15.8149], [-48.6845, -15.8221], [-48.6802, -15.8322], [-48.6694, -15.8359], [-48.6626, -15.8495], [-48.6658, -15.8587], [-48.6746, -15.862], [-48.7098, -15.8539], [-48.7179, -15.8651], [-48.7456, -15.8617], [-48.7625, -15.8548], [-48.7789, -15.8304], [-48.777, -15.8238], [-48.7832, -15.8196], [-48.7982, -15.8267], [-48.8049, -15.8264], [-48.836, -15.8324], [-48.848, -15.818], [-48.856, -15.8136], [-48.8564, -15.8016], [-48.8623, -15.8122], [-48.855, -15.8241], [-48.8454, -15.8308], [-48.844, -15.8413], [-48.8637, -15.8432], [-48.8709, -15.8488], [-48.8677, -15.8626], [-48.8684, -15.8741], [-48.8749, -15.879], [-48.8957, -15.8763], [-48.9014, -15.8845], [-48.9008, -15.8937], [-48.9037, -15.9088], [-48.8985, -15.9215], [-48.8982, -15.9352], [-48.9016, -15.9497], [-48.8905, -15.9576], [-48.8977, -15.9641], [-48.8965, -15.9794], [-48.9067, -15.9894]]]}, "properties": {"cod_ibge": 5205802, "municipio": "Corumba de Goias"}, "id": "5205802"}, {"type": "Feature", "geometry": {"type": "Polygon", "coordinates": [[[-47.8925, -16.9181], [-47.8817, -16.9261], [-47.8717, -16.9225], [-47.8321, -16.9246], [-47.8295, -16.9208], [-47.8068, -16.9169], [-47.8044, -16.9233], [-47.786, -16.9245], [-47.7723, -16.9184], [-47.7439, -16.9295], [-47.7336, -16.9291], [-47.7157, -16.9212], [-47.7119, -16.9167], [-47.697, -16.9128], [-47.6915, -16.9075], [-47.6845, -16.9411], [-47.6871, -16.9517], [-47.6963, -16.9595], [-47.6965, -16.9826], [-47.7, -16.9928], [-47.6989, -16.9996], [-47.705, -17.0091], [-47.7079, -17.02], [-47.7161, -17.0241], [-47.7187, -17.0329], [-47.7092, -17.0438], [-47.7116, -17.0521], [-47.6965, -17.065], [-47.6937, -17.0777], [-47.6798, -17.0844], [-47.665, -17.0882], [-47.6547, -17.0974], [-47.6595, -17.1027], [-47.6436, -17.1271], [-47.6382, -17.1449], [-47.621, -17.1573], [-47.6121, -17.1585], [-47.6047, -17.1663], [-47.5982, -17.1659], [-47.5895, -17.1775], [-47.5875, -17.1874], [-47.5818, -17.1892], [-47.5779, -17.1994], [-47.5718, -17.2001], [-47.5707, -17.2113], [-47.5624, -17.2133], [-47.544, -17.2294], [-47.5383, -17.2324], [-47.5292, -17.2502], [-47.5256, -17.2678], [-47.5263, -17.2754], [-47.522, -17.286], [-47.5106, -17.2868], [-47.5012, -17.2951], [-47.5003, -17.3097], [-47.506, -17.3247], [-47.5108, -17.3261], [-47.511, -17.3306], [-47.4984, -17.336], [-47.4943, -17.3462], [-47.4868, -17.3495], [-47.4759, -17.3451], [-47.464, -17.3558], [-47.4613, -17.3465], [-47.4405, -17.3465], [-47.4543, -17.3319], [-47.451, -17.325], [-47.4379, -17.3179], [-47.4242, -17.324], [-47.4217, -17.316], [-47.4294, -17.308], [-47.4212, -17.3039], [-47.4195, -17.2924], [-47.4255, -17.2836], [-47.4328, -17.2835], [-47.4345, -17.2762], [-47.428, -17.2715], [-47.4171, -17.2695], [-47.416, -17.2574], [-47.4111, -17.2492], [-47.3989, -17.2426], [-47.3842, -17.2478], [-47.3809, -17.2379], [-47.3845, -17.2259], [-47.3757, -17.2221], [-47.3661, -17.2218], [-47.3573, -17.1946], [-47.3485, -17.1762], [-47.352, -17.1665], [-47.3339, -17.1653], [-47.3265, -17.1542], [-47.3035, -17.146], [-47.2931, -17.1394], [-47.2827, -17.1441], [-47.2834, -17.1306], [-47.2753, -17.1215], [-47.2775, -17.111], [-47.2749, -17.1058], [-47.267, -17.1084], [-47.2605, -17.1004], [-47.2482, -17.0986], [-47.2425, -17.0875], [-47.2252, -17.0775], [-47.1981, -17.0723], [-47.1959, -17.0604], [-47.1859, -17.059], [-47.1781, -17.0408], [-47.1616, -17.0382], [-47.1594, -17.0296], [-47.1466, -17.0323], [-47.1403, -17.0186], [-47.132, -17.0112], [-47.1436, -17.0003], [-47.1435, -16.9907], [-47.1342, -16.9898], [-47.1297, -16.9858], [-47.1295, -16.9752], [-47.143, -16.9717], [-47.1462, -16.9675], [-47.1575, -16.9644], [-47.1545, -16.9529], [-47.1673, -16.9526], [-47.1595, -16.9433], [-47.1696, -16.939], [-47.1743, -16.9295], [-47.1682, -16.9282], [-47.1606, -16.9197], [-47.1682, -16.9139], [-47.1747, -16.9174], [-47.1807, -16.9018], [-47.1962, -16.9048], [-47.1951, -16.8953], [-47.2031, -16.8929], [-47.2011, -16.8815], [-47.2084, -16.8747], [-47.2096, -16.8636], [-47.2021, -16.8628], [-47.2002, -16.8571], [-47.2062, -16.8518], [-47.2064, -16.8384], [-47.1997, -16.8287], [-47.2126, -16.8278], [-47.2138, -16.8115], [-47.2199, -16.8096], [-47.2211, -16.8025], [-47.2174, -16.7923], [-47.2205, -16.788], [-47.2197, -16.7781], [-47.2312, -16.775], [-47.2365, -16.7553], [-47.2341, -16.7433], [-47.2279, -16.7404], [-47.2321, -16.7333], [-47.2241, -16.7298], [-47.2257, -16.7205], [-47.2297, -16.7115], [-47.2462, -16.7005], [-47.2459, -16.6835], [-47.258, -16.685], [-47.259, -16.6772], [-47.25, -16.6755], [-47.2518, -16.6645], [-47.2625, -16.6543], [-47.2738, -16.6619], [-47.2877, -16.6423], [-47.288, -16.6326], [-47.2957, -16.6352], [-47.2987, -16.6244], [-47.3058, -16.6263], [-47.319, -16.6133], [-47.3165, -16.6048], [-47.3338, -16.6084], [-47.3473, -16.5908], [-47.3576, -16.5869], [-47.3654, -16.5933], [-47.3738, -16.5932], [-47.3775, -16.5784], [-47.3866, -16.5777], [-47.4022, -16.5706], [-47.4104, -16.5734], [-47.4119, -16.5633], [-47.4055, -16.5552], [-47.4137, -16.5467], [-47.4209, -16.5498], [-47.431, -16.549], [-47.4347, -16.5417], [-47.4418, -16.5408], [-47.4414, -16.5284], [-47.4595, -16.5041], [-47.454, -16.4889], [-47.4567, -16.4777], [-47.455, -16.466], [-47.4459, -16.4581], [-47.4289, -16.437], [-47.4244, -16.4202], [-47.4236, -16.4027], [-47.4272, -16.3989], [-47.4201, -16.3832], [-47.4121, -16.3804], [-47.3976, -16.3681], [-47.3957, -16.3626], [-47.3803, -16.3475], [-47.3754, -16.3374], [-47.3655, -16.3299], [-47.3593, -16.3152], [-47.3527, -16.3074], [-47.3555, -16.2942], [-47.3476, -16.2869], [-47.3516, -16.2754], [-47.3441, -16.2652], [-47.3343, -16.2586], [-47.3335, -16.2483], [-47.322, -16.2314], [-47.3285, -16.222], [-47.329, -16.211], [-47.3226, -16.2091], [-47.3283, -16.2036], [-47.3325, -16.1907], [-47.332, -16.1717], [-47.345, -16.1641], [-47.3419, -16.1565], [-47.3457, -16.1475], [-47.3504, -16.1481], [-47.3523, -16.1338], [-47.3434, -16.1305], [-47.3415, -16.1218], [-47.3366, -16.1195], [-47.332, -16.1007], [-47.3371, -16.0936], [-47.3329, -16.0867], [-47.3208, -16.091], [-47.3126, -16.0888], [-47.3082, -16.0788], [-47.3111, -16.0654], [-47.3048, -16.061], [-47.3085, -16.05], [-47.511, -16.0499], [-47.6836, -16.0498], [-47.688, -16.0534], [-47.6829, -16.0623], [-47.6831, -16.07], [-47.6914, -16.0837], [-47.6982, -16.083], [-47.7233, -16.0921], [-47.7231, -16.1035], [-47.7269, -16.1314], [-47.7273, -16.1466], [-47.7253, -16.151], [-47.7321, -16.1607], [-47.7324, -16.1662], [-47.6584, -16.167], [-47.6551, -16.1769], [-47.6566, -16.1934], [-47.6597, -16.2036], [-47.6564, -16.2169], [-47.6615, -16.226], [-47.6648, -16.24], [-47.6637, -16.2471], [-47.651, -16.2657], [-47.6468, -16.2675], [-47.6412, -16.2829], [-47.6496, -16.2978], [-47.6537, -16.327], [-47.6479, -16.3717], [-47.651, -16.3825], [-47.6674, -16.4049], [-47.6756, -16.4199], [-47.6872, -16.4249], [-47.6978, -16.4406], [-47.698, -16.4476], [-47.7045, -16.457], [-47.715, -16.4638], [-47.718, -16.4705], [-47.72, -16.4879], [-47.7192, -16.5128], [-47.717, -16.5209], [-47.72, -16.5346], [-47.7373, -16.5524], [-47.7483, -16.5564], [-47.7548, -16.5557], [-47.7757, -16.5676], [-47.7787, -16.5575], [-47.7761, -16.5381], [-47.7781, -16.5332], [-47.7894, -16.524], [-47.803, -16.5393], [-47.8, -16.5476], [-47.805, -16.5608], [-47.8001, -16.5647], [-47.8022, -16.5776], [-47.809, -16.5843], [-47.8044, -16.6009], [-47.8109, -16.6036], [-47.8111, -16.611], [-47.8214, -16.6152], [-47.8195, -16.6345], [-47.8326, -16.6472], [-47.8373, -16.6469], [-47.8459, -16.6584], [-47.8549, -16.6649], [-47.8672, -16.6801], [-47.866, -16.687], [-47.8716, -16.6963], [-47.8803, -16.7045], [-47.876, -16.7161], [-47.883, -16.7233], [-47.8865, -16.7367], [-47.8832, -16.7442], [-47.8879, -16.7526], [-47.88, -16.769], [-47.8866, -16.7923], [-47.8781, -16.7989], [-47.8895, -16.8042], [-47.9025, -16.8132], [-47.9012, -16.8177], [-47.8908, -16.8235], [-47.8984, -16.8278], [-47.893, -16.8358], [-47.8892, -16.8471], [-47.8931, -16.8614], [-47.8881, -16.869], [-47.8939, -16.8829], [-47.8863, -16.8812], [-47.8879, -16.8941], [-47.8963, -16.8979], [-47.8859, -16.906], [-47.8947, -16.9104], [-47.8925, -16.9181]]]}, "properties": {"cod_ibge": 5206206, "municipio": "Cristalina"}, "id": "5206206"}, {"type": "Feature", "geometry": {"type": "Polygon", "coordinates": [[[-47.1108, -14.6767], [-47.1018, -14.6828], [-47.1032, -14.7021], [-47.1115, -14.7086], [-47.1086, -14.7174], [-47.0952, -14.7254], [-47.0993, -14.74], [-47.0945, -14.7459], [-47.0962, -14.7596], [-47.104, -14.7598], [-47.1154, -14.7727], [-47.1123, -14.7836], [-47.1044, -14.7872], [-47.1058, -14.795], [-47.0984, -14.8044], [-47.0815, -14.8016], [-47.0785, -14.8092], [-47.0731, -14.8112], [-47.0674, -14.8231], [-47.0721, -14.8299], [-47.0704, -14.841], [-47.0654, -14.8456], [-47.0678, -14.8536], [-47.0638, -14.8619], [-47.063, -14.8761], [-47.0581, -14.8887], [-47.0591, -14.8945], [-47.0538, -14.903], [-46.9843, -14.9106], [-46.9495, -15.0001], [-46.9251, -15.0575], [-46.9181, -15.049], [-46.9083, -15.0459], [-46.8945, -15.0351], [-46.8642, -15.0204], [-46.8569, -15.0103], [-46.8299, -15.0093], [-46.8206, -15.0108], [-46.8033, -15.0169], [-46.7859, -15.0184], [-46.7683, -15.024], [-46.7585, -15.0303], [-46.7265, -15.0384], [-46.7083, -15.0495], [-46.6958, -15.0551], [-46.6817, -15.0586], [-46.6702, -15.0674], [-46.6564, -15.0815], [-46.641, -15.0876], [-46.6254, -15.0895], [-46.6106, -15.084], [-46.6003, -15.0878], [-46.588, -15.0811], [-46.5775, -15.0841], [-46.5652, -15.0733], [-46.5513, -15.0639], [-46.532, -15.0564], [-46.5261, -15.0564], [-46.5338, -15.0444], [-46.5596, -15.0261], [-46.5645, -15.0134], [-46.5645, -15.0055], [-46.5709, -14.9979], [-46.5654, -14.9884], [-46.5673, -14.975], [-46.5773, -14.9546], [-46.5786, -14.946], [-46.5871, -14.935], [-46.5852, -14.9222], [-46.5946, -14.9094], [-46.5917, -14.9001], [-46.5969, -14.8962], [-46.5988, -14.8795], [-46.6029, -14.8766], [-46.6041, -14.8626], [-46.6073, -14.8554], [-46.6151, -14.8484], [-46.6101, -14.8358], [-46.6204, -14.8309], [-46.6197, -14.8187], [-46.6208, -14.805], [-46.6295, -14.7974], [-46.6332, -14.7882], [-46.6309, -14.7803], [-46.6404, -14.7768], [-46.6509, -14.7767], [-46.6648, -14.7686], [-46.6688, -14.7606], [-46.6674, -14.7385], [-46.675, -14.7273], [-46.6692, -14.7209], [-46.678, -14.7099], [-46.6886, -14.6871], [-46.6846, -14.6725], [-46.6857, -14.6671], [-46.6824, -14.6522], [-46.6875, -14.6388], [-46.7041, -14.6221], [-46.7036, -14.6145], [-46.7077, -14.6037], [-46.7163, -14.597], [-46.7295, -14.6002], [-46.7306, -14.6065], [-46.7384, -14.6088], [-46.7362, -14.598], [-46.7484, -14.5983], [-46.7548, -14.5802], [-46.7619, -14.5796], [-46.7688, -14.5739], [-46.7751, -14.5825], [-46.7923, -14.5682], [-46.8006, -14.5634], [-46.8084, -14.5647], [-46.8289, -14.5535], [-46.8401, -14.5496], [-46.8425, -14.5448], [-46.8507, -14.5435], [-46.8465, -14.53], [-46.8596, -14.5201], [-46.8686, -14.5161], [-46.8673, -14.5095], [-46.8729, -14.5021], [-46.858, -14.4907], [-46.8517, -14.4891], [-46.8614, -14.4781], [-46.8627, -14.4623], [-46.8601, -14.4577], [-46.862, -14.4462], [-46.8715, -14.4374], [-46.8872, -14.4367], [-46.8874, -14.4126], [-46.876, -14.396], [-46.8812, -14.393], [-46.8755, -14.3817], [-46.8817, -14.3697], [-46.879, -14.361], [-46.8882, -14.3573], [-46.8888, -14.3513], [-46.9013, -14.3304], [-46.9122, -14.3212], [-46.9228, -14.3162], [-46.9263, -14.3087], [-46.9323, -14.3062], [-46.9303, -14.2946], [-46.9367, -14.2911], [-46.9366, -14.2804], [-46.9448, -14.2665], [-46.9399, -14.2634], [-46.9447, -14.2526], [-46.9571, -14.2498], [-46.9618, -14.2382], [-46.9581, -14.232], [-46.9745, -14.2266], [-46.9779, -14.2218], [-46.9752, -14.2119], [-46.9817, -14.2015], [-46.9917, -14.1947], [-46.987, -14.1886], [-46.9763, -14.1929], [-46.9822, -14.1787], [-46.9732, -14.1697], [-46.9677, -14.1608], [-46.9609, -14.1589], [-46.9593, -14.1473], [-46.9527, -14.1436], [-46.9451, -14.1444], [-46.9457, -14.1344], [-46.9335, -14.1237], [-46.9307, -14.1152], [-46.9376, -14.103], [-46.9472, -14.0951], [-46.9605, -14.0889], [-46.9673, -14.0955], [-46.9764, -14.089], [-46.9912, -14.0925], [-46.9944, -14.0821], [-47.0074, -14.0898], [-47.031, -14.0887], [-47.0398, -14.0978], [-47.0462, -14.0989], [-47.0594, -14.1101], [-47.0683, -14.129], [-47.0787, -14.1355], [-47.0827, -14.1414], [-47.0842, -14.1684], [-47.0934, -14.1747], [-47.1038, -14.1855], [-47.1208, -14.1935], [-47.131, -14.2049], [-47.1323, -14.2128], [-47.1388, -14.225], [-47.1414, -14.2383], [-47.1399, -14.2546], [-47.1706, -14.2643], [-47.1778, -14.2867], [-47.1745, -14.2931], [-47.1744, -14.3036], [-47.1873, -14.3261], [-47.1819, -14.3497], [-47.1865, -14.3559], [-47.1904, -14.3679], [-47.1907, -14.3772], [-47.1869, -14.3884], [-47.1886, -14.4041], [-47.1851, -14.4071], [-47.1854, -14.4172], [-47.1805, -14.4237], [-47.1831, -14.4398], [-47.1773, -14.4441], [-47.1758, -14.452], [-47.1566, -14.4677], [-47.1569, -14.4772], [-47.1531, -14.4907], [-47.1539, -14.5017], [-47.1489, -14.5144], [-47.1501, -14.5272], [-47.1456, -14.5396], [-47.1408, -14.536], [-47.1125, -14.5426], [-47.1067, -14.5406], [-47.0936, -14.5456], [-47.0974, -14.5571], [-47.0962, -14.5639], [-47.0872, -14.564], [-47.0809, -14.5744], [-47.0899, -14.582], [-47.081, -14.5993], [-47.0857, -14.6034], [-47.0787, -14.6135], [-47.0843, -14.6158], [-47.101, -14.6318], [-47.0904, -14.6302], [-47.0865, -14.6353], [-47.0864, -14.6468], [-47.0959, -14.6461], [-47.1029, -14.6505], [-47.101, -14.6619], [-47.109, -14.6688], [-47.1108, -14.6767]]]}, "properties": {"cod_ibge": 5207907, "municipio": "Flores de Goias"}, "id": "5207907"}, {"type": "Feature", "geometry": {"type": "Polygon", "coordinates": [[[-47.4927, -15.5019], [-47.4184, -15.5018], [-47.4184, -15.5457], [-47.4063, -15.5469], [-47.3939, -15.5584], [-47.3898, -15.5672], [-47.3807, -15.5669], [-47.3779, -15.576], [-47.3608, -15.5801], [-47.3476, -15.5793], [-47.3348, -15.5876], [-47.3273, -15.5897], [-47.3217, -15.5865], [-47.316, -15.5971], [-47.3222, -15.5985], [-47.3284, -15.6192], [-47.3339, -15.6295], [-47.3266, -15.6528], [-47.3272, -15.6753], [-47.3315, -15.6835], [-47.3185, -15.6902], [-47.3125, -15.6972], [-47.3139, -15.7111], [-47.3207, -15.7186], [-47.3136, -15.7382], [-47.3149, -15.7464], [-47.3294, -15.7671], [-47.3284, -15.7722], [-47.336, -15.7814], [-47.3404, -15.795], [-47.3542, -15.8141], [-47.3572, -15.824], [-47.3664, -15.8274], [-47.368, -15.8519], [-47.3722, -15.8745], [-47.3789, -15.8873], [-47.3748, -15.9067], [-47.3672, -15.9081], [-47.369, -15.919], [-47.362, -15.9218], [-47.3623, -15.9294], [-47.3736, -15.9371], [-47.3698, -15.9455], [-47.3731, -15.9588], [-47.3769, -15.9619], [-47.3784, -15.9784], [-47.3702, -16.0012], [-47.3604, -16.0078], [-47.3479, -16.0074], [-47.3353, -16.0205], [-47.3225, -16.0265], [-47.3169, -16.0362], [-47.31, -16.0363], [-47.301, -16.0179], [-47.2903, -16.0147], [-47.2869, -16.0093], [-47.2784, -16.0089], [-47.2666, -16.0123], [-47.2597, -16.0185], [-47.2388, -16.0136], [-47.2264, -16.016], [-47.2107, -16.0036], [-47.2072, -15.9955], [-47.2094, -15.9901], [-47.1937, -15.9827], [-47.1786, -15.9777], [-47.1703, -15.9711], [-47.1717, -15.9541], [-47.1595, -15.9411], [-47.155, -15.9415], [-47.1468, -15.9322], [-47.1366, -15.9274], [-47.1346, -15.9201], [-47.1288, -15.918], [-47.1247, -15.9087], [-47.1162, -15.8983], [-47.1184, -15.8923], [-47.1154, -15.876], [-47.1189, -15.8684], [-47.1128, -15.8604], [-47.119, -15.8552], [-47.1189, -15.8323], [-47.1207, -15.8291], [-47.1186, -15.8132], [-47.119, -15.8007], [-47.1112, -15.7915], [-47.1138, -15.7799], [-47.1107, -15.7652], [-47.1047, -15.7591], [-47.1022, -15.7497], [-47.1029, -15.7379], [-47.1156, -15.7291], [-47.1155, -15.7177], [-47.1221, -15.6982], [-47.1263, -15.6946], [-47.1265, -15.6825], [-47.131, -15.6716], [-47.1513, -15.6562], [-47.1614, -15.6504], [-47.1677, -15.6324], [-47.1767, -15.6229], [-47.1808, -15.6119], [-47.1783, -15.5988], [-47.1677, -15.6022], [-47.1639, -15.5988], [-47.1491, -15.5967], [-47.1267, -15.5859], [-47.1156, -15.5764], [-47.103, -15.5587], [-47.0906, -15.5564], [-47.0712, -15.5555], [-47.0668, -15.5492], [-47.0558, -15.544], [-47.0469, -15.536], [-47.0196, -15.5459], [-47.0186, -15.5593], [-47.0149, -15.5732], [-47.018, -15.5775], [-47.0154, -15.5949], [-47.0147, -15.62], [-47.0099, -15.6346], [-47.0031, -15.638], [-47.0037, -15.6454], [-46.9984, -15.6521], [-46.9765, -15.6526], [-46.9709, -15.6578], [-46.9617, -15.6595], [-46.9467, -15.6478], [-46.9337, -15.6496], [-46.9232, -15.6368], [-46.9185, -15.635], [-46.9123, -15.6237], [-46.9049, -15.6188], [-46.8908, -15.6175], [-46.8826, -15.6101], [-46.8888, -15.6056], [-46.8971, -15.5932], [-46.9177, -15.59], [-46.9337, -15.5763], [-46.9461, -15.5633], [-46.9491, -15.5546], [-46.9442, -15.5182], [-46.9324, -15.4832], [-46.9333, -15.4602], [-46.9305, -15.4431], [-46.9119, -15.4115], [-46.8907, -15.4], [-46.8856, -15.3935], [-46.8709, -15.3884], [-46.8495, -15.3732], [-46.8507, -15.3685], [-46.8687, -15.3636], [-46.8678, -15.3573], [-46.8572, -15.3492], [-46.848, -15.3468], [-46.8359, -15.3265], [-46.8372, -15.3213], [-46.8578, -15.3037], [-46.8737, -15.2854], [-46.8854, -15.2906], [-46.9006, -15.3007], [-46.9149, -15.3021], [-46.918, -15.3054], [-46.9296, -15.3066], [-46.9413, -15.3145], [-46.9502, -15.3021], [-46.9526, -15.292], [-46.9597, -15.2825], [-46.9643, -15.2827], [-46.9698, -15.2694], [-46.9881, -15.2579], [-47.0003, -15.2373], [-46.9994, -15.2219], [-47.0107, -15.2148], [-47.0188, -15.1974], [-47.0176, -15.1822], [-47.0085, -15.1731], [-47.0157, -15.1592], [-47.0256, -15.1503], [-47.0321, -15.1266], [-47.0385, -15.1248], [-47.0483, -15.0897], [-47.056, -15.0865], [-47.0678, -15.0734], [-47.0722, -15.0616], [-47.078, -15.0638], [-47.0989, -15.0841], [-47.1215, -15.1088], [-47.1256, -15.1227], [-47.133, -15.1179], [-47.1339, -15.1092], [-47.1386, -15.1049], [-47.1497, -15.0754], [-47.1549, -15.0727], [-47.1647, -15.0507], [-47.1703, -15.0475], [-47.1724, -15.0312], [-47.186, -15.0123], [-47.1828, -14.9955], [-47.1719, -14.9896], [-47.1686, -14.9833], [-47.1734, -14.9754], [-47.187, -14.9691], [-47.1979, -14.9686], [-47.2005, -14.9638], [-47.216, -14.9543], [-47.2117, -14.9479], [-47.2166, -14.9391], [-47.2128, -14.933], [-47.2094, -14.9142], [-47.2104, -14.9046], [-47.2298, -14.9031], [-47.2345, -14.8996], [-47.2297, -14.8917], [-47.2276, -14.8779], [-47.2146, -14.8708], [-47.2186, -14.8632], [-47.2173, -14.8549], [-47.2057, -14.8499], [-47.2125, -14.8407], [-47.2133, -14.828], [-47.2092, -14.8256], [-47.2196, -14.8107], [-47.2181, -14.802], [-47.2131, -14.7986], [-47.214, -14.7906], [-47.2041, -14.7868], [-47.1873, -14.7601], [-47.1809, -14.7586], [-47.1779, -14.745], [-47.1709, -14.7421], [-47.1679, -14.7276], [-47.1597, -14.7269], [-47.155, -14.7147], [-47.148, -14.7112], [-47.1497, -14.7038], [-47.146, -14.6959], [-47.1318, -14.6904], [-47.1326, -14.6789], [-47.1237, -14.6834], [-47.1186, -14.6729], [-47.1108, -14.6767], [-47.109, -14.6688], [-47.101, -14.6619], [-47.1029, -14.6505], [-47.0959, -14.6461], [-47.0864, -14.6468], [-47.0865, -14.6353], [-47.0904, -14.6302], [-47.101, -14.6318], [-47.0843, -14.6158], [-47.0787, -14.6135], [-47.0857, -14.6034], [-47.081, -14.5993], [-47.0899, -14.582], [-47.0809, -14.5744], [-47.0872, -14.564], [-47.0962, -14.5639], [-47.0974, -14.5571], [-47.0936, -14.5456], [-47.1067, -14.5406], [-47.1125, -14.5426], [-47.1408, -14.536], [-47.1456, -14.5396], [-47.1572, -14.5506], [-47.1711, -14.5433], [-47.1847, -14.5438], [-47.1859, -14.5601], [-47.1936, -14.5694], [-47.1946, -14.5777], [-47.2005, -14.5784], [-47.2011, -14.5898], [-47.2065, -14.5959], [-47.2036, -14.6065], [-47.215, -14.6059], [-47.2176, -14.6207], [-47.2156, -14.6264], [-47.2242, -14.6291], [-47.2318, -14.6394], [-47.2305, -14.648], [-47.2311, -14.6729], [-47.235, -14.6774], [-47.2344, -14.6879], [-47.2472, -14.7008], [-47.2623, -14.7019], [-47.2683, -14.6979], [-47.2823, -14.6943], [-47.291, -14.7027], [-47.2915, -14.7114], [-47.2973, -14.7128], [-47.2982, -14.7252], [-47.3045, -14.7306], [-47.304, -14.7393], [-47.31, -14.752], [-47.3161, -14.7466], [-47.3231, -14.7525], [-47.3111, -14.7601], [-47.3148, -14.7672], [-47.3258, -14.7739], [-47.3351, -14.766], [-47.3395, -14.7735], [-47.3505, -14.7711], [-47.3572, -14.7762], [-47.3558, -14.7926], [-47.3604, -14.8032], [-47.3761, -14.8121], [-47.3871, -14.8149], [-47.4048, -14.8229], [-47.4123, -14.8234], [-47.4209, -14.8297], [-47.4276, -14.8306], [-47.4523, -14.817], [-47.4775, -14.817], [-47.4893, -14.8401], [-47.4912, -14.8488], [-47.4921, -14.8759], [-47.4991, -14.9077], [-47.5165, -14.9234], [-47.5313, -14.93], [-47.54, -14.9314], [-47.5479, -14.926], [-47.5558, -14.9353], [-47.564, -14.9378], [-47.5642, -14.9466], [-47.573, -14.9612], [-47.5715, -14.9737], [-47.5746, -14.9781], [-47.5757, -14.9936], [-47.5717, -15.0105], [-47.5755, -15.0161], [-47.5759, -15.032], [-47.5709, -15.0471], [-47.5694, -15.0744], [-47.5582, -15.0886], [-47.5553, -15.0955], [-47.5544, -15.1093], [-47.5474, -15.1261], [-47.5409, -15.1353], [-47.5347, -15.1489], [-47.5314, -15.1622], [-47.5264, -15.1728], [-47.5253, -15.1831], [-47.5278, -15.2074], [-47.5079, -15.2334], [-47.5052, -15.2471], [-47.5062, -15.2581], [-47.5108, -15.2677], [-47.5167, -15.2728], [-47.5327, -15.2805], [-47.5389, -15.2912], [-47.5229, -15.293], [-47.5161, -15.2906], [-47.4961, -15.292], [-47.4854, -15.2991], [-47.4823, -15.3125], [-47.475, -15.326], [-47.4715, -15.3463], [-47.4741, -15.3537], [-47.4734, -15.3664], [-47.4625, -15.3739], [-47.464, -15.3807], [-47.4762, -15.3905], [-47.4804, -15.3974], [-47.4801, -15.4073], [-47.4869, -15.4221], [-47.4886, -15.4402], [-47.4861, -15.4471], [-47.4883, -15.4582], [-47.4865, -15.479], [-47.4927, -15.5019]]]}, "properties": {"cod_ibge": 5208004, "municipio": "Formosa"}, "id": "5208004"}, {"type": "Feature", "geometry": {"type": "Polygon", "coordinates": [[[-49.0813, -15.1505], [-49.0838, -15.1592], [-49.093, -15.1622], [-49.0993, -15.1569], [-49.1269, -15.1605], [-49.1588, -15.1588], [-49.1624, -15.1456], [-49.1881, -15.135], [-49.1854, -15.1238], [-49.1746, -15.1126], [-49.1777, -15.1054], [-49.1779, -15.0917], [-49.1727, -15.0891], [-49.1744, -15.0812], [-49.1664, -15.0627], [-49.166, -15.0558], [-49.1552, -15.0466], [-49.1533, -15.0348], [-49.1489, -15.0305], [-49.1532, -15.0221], [-49.1426, -15.0048], [-49.1346, -14.9988], [-49.2903, -14.9908], [-49.2921, -15.0128], [-49.2897, -15.0181], [-49.2955, -15.0243], [-49.2921, -15.0352], [-49.2953, -15.045], [-49.3024, -15.0529], [-49.3032, -15.0658], [-49.307, -15.0794], [-49.313, -15.0787], [-49.302, -15.1021], [-49.3125, -15.1229], [-49.3128, -15.1355], [-49.3063, -15.1458], [-49.3049, -15.155], [-49.3083, -15.1727], [-49.3186, -15.1886], [-49.318, -15.2035], [-49.3235, -15.2132], [-49.324, -15.2287], [-49.322, -15.2335], [-49.3277, -15.2502], [-49.3378, -15.2619], [-49.3431, -15.2764], [-49.3449, -15.2992], [-49.3551, -15.3277], [-49.3406, -15.3439], [-49.3269, -15.3416], [-49.3235, -15.3436], [-49.303, -15.3291], [-49.2956, -15.3268], [-49.282, -15.3288], [-49.2774, -15.339], [-49.2624, -15.3403], [-49.2618, -15.3509], [-49.2703, -15.3555], [-49.286, -15.3715], [-49.2807, -15.3841], [-49.275, -15.3883], [-49.2859, -15.4033], [-49.2976, -15.4102], [-49.2921, -15.4191], [-49.2927, -15.425], [-49.2822, -15.4379], [-49.2678, -15.4415], [-49.2678, -15.4491], [-49.2557, -15.4524], [-49.2527, -15.4587], [-49.2366, -15.4548], [-49.2275, -15.4648], [-49.2216, -15.4831], [-49.2177, -15.4877], [-49.2257, -15.4936], [-49.2298, -15.5045], [-49.2245, -15.5093], [-49.2294, -15.5159], [-49.2245, -15.5237], [-49.2304, -15.5407], [-49.2256, -15.543], [-49.2388, -15.5537], [-49.2382, -15.5595], [-49.2292, -15.5641], [-49.2254, -15.5725], [-49.2116, -15.5672], [-49.2061, -15.5789], [-49.1999, -15.5827], [-49.1981, -15.5917], [-49.1865, -15.6022], [-49.1819, -15.5965], [-49.169, -15.5903], [-49.1576, -15.5903], [-49.1432, -15.584], [-49.1286, -15.5733], [-49.118, -15.554], [-49.1019, -15.538], [-49.0957, -15.541], [-49.0872, -15.5379], [-49.1092, -15.5266], [-49.1016, -15.5222], [-49.0938, -15.5246], [-49.082, -15.5171], [-49.0811, -15.5113], [-49.0823, -15.5071], [-49.0803, -15.4879], [-49.0913, -15.482], [-49.0905, -15.4678], [-49.074, -15.4568], [-49.0722, -15.4494], [-49.0787, -15.445], [-49.0673, -15.4313], [-49.0736, -15.4225], [-49.0729, -15.4115], [-49.076, -15.4065], [-49.0705, -15.3956], [-49.0855, -15.3821], [-49.0847, -15.3736], [-49.0769, -15.3622], [-49.0818, -15.3576], [-49.0775, -15.3433], [-49.0689, -15.3364], [-49.0677, -15.3294], [-49.0616, -15.3225], [-49.0604, -15.3068], [-49.0423, -15.3015], [-49.0388, -15.2926], [-49.0299, -15.2803], [-49.0152, -15.2826], [-48.9995, -15.2657], [-48.9902, -15.262], [-48.9846, -15.264], [-48.9756, -15.2609], [-48.9497, -15.2593], [-48.9399, -15.2606], [-48.9239, -15.2475], [-48.9185, -15.2394], [-48.9178, -15.2235], [-48.9209, -15.2169], [-48.9148, -15.2108], [-48.9146, -15.1878], [-48.9078, -15.1765], [-48.9089, -15.167], [-48.9207, -15.1593], [-48.9315, -15.1613], [-48.9401, -15.1585], [-48.9473, -15.1614], [-48.9602, -15.1583], [-48.9694, -15.1613], [-48.9726, -15.1541], [-48.9714, -15.1421], [-48.9784, -15.1342], [-49.0015, -15.1366], [-49.0066, -15.1155], [-49.022, -15.1306], [-49.0301, -15.1332], [-49.0382, -15.1314], [-49.0491, -15.1431], [-49.0607, -15.1477], [-49.0675, -15.1433], [-49.0813, -15.1505]]]}, "properties": {"cod_ibge": 5208608, "municipio": "Goianesia"}, "id": "5208608"}, {"type": "Feature", "geometry": {"type": "Polygon", "coordinates": [[[-47.7324, -16.1662], [-47.7353, -16.18], [-47.7421, -16.1946], [-47.7568, -16.2101], [-47.7628, -16.2197], [-47.7735, -16.2259], [-47.776, -16.2313], [-47.786, -16.232], [-47.7821, -16.2425], [-47.7874, -16.2444], [-47.7939, -16.2534], [-47.8109, -16.2509], [-47.8232, -16.2419], [-47.826, -16.2362], [-47.8383, -16.2309], [-47.8418, -16.2214], [-47.8501, -16.209], [-47.8531, -16.1975], [-47.8599, -16.1833], [-47.8571, -16.1701], [-47.8625, -16.1581], [-47.8753, -16.1501], [-47.8898, -16.149], [-47.9034, -16.1421], [-47.9116, -16.1344], [-47.9248, -16.1299], [-47.9398, -16.1327], [-47.9522, -16.1247], [-47.9636, -16.1047], [-47.9685, -16.1139], [-47.9629, -16.1228], [-47.9787, -16.1305], [-47.9944, -16.1312], [-48.0019, -16.1369], [-48.0009, -16.1406], [-48.0085, -16.1604], [-48.0169, -16.169], [-48.0198, -16.1842], [-48.0235, -16.1889], [-48.028, -16.2036], [-48.1406, -16.1692], [-48.1492, -16.179], [-48.1491, -16.1865], [-48.1742, -16.2145], [-48.1768, -16.2285], [-48.1824, -16.2431], [-48.1886, -16.2504], [-48.1913, -16.2698], [-48.1962, -16.2859], [-48.2032, -16.2922], [-48.2018, -16.3125], [-48.2095, -16.3141], [-48.2226, -16.3243], [-48.241, -16.3253], [-48.2466, -16.3169], [-48.2608, -16.3146], [-48.2606, -16.3227], [-48.2686, -16.3258], [-48.2732, -16.3182], [-48.2843, -16.3196], [-48.2977, -16.3133], [-48.3057, -16.3222], [-48.3236, -16.3182], [-48.3271, -16.3265], [-48.3387, -16.3172], [-48.3487, -16.3206], [-48.3558, -16.3186], [-48.367, -16.3229], [-48.3667, -16.3135], [-48.3743, -16.3096], [-48.3867, -16.3182], [-48.3979, -16.3223], [-48.4011, -16.3267], [-48.4028, -16.3443], [-48.3969, -16.3578], [-48.4012, -16.3841], [-48.3815, -16.3937], [-48.3755, -16.4007], [-48.3581, -16.4033], [-48.3582, -16.4141], [-48.35, -16.4242], [-48.3416, -16.4441], [-48.3277, -16.4531], [-48.3093, -16.4518], [-48.301, -16.4582], [-48.3003, -16.4642], [-48.2912, -16.469], [-48.2874, -16.4833], [-48.2699, -16.4892], [-48.2512, -16.5349], [-48.2484, -16.5496], [-48.2407, -16.5772], [-48.2207, -16.6105], [-48.2082, -16.6249], [-48.2025, -16.6352], [-48.1951, -16.6425], [-48.1897, -16.6554], [-48.1943, -16.6666], [-48.1884, -16.682], [-48.1855, -16.7069], [-48.1946, -16.7192], [-48.1978, -16.7299], [-48.1946, -16.7338], [-48.191, -16.7384], [-48.1791, -16.7342], [-48.1713, -16.7365], [-48.1568, -16.7353], [-48.1517, -16.7317], [-48.1457, -16.7419], [-48.14, -16.7397], [-48.1304, -16.7441], [-48.1196, -16.743], [-48.1124, -16.7492], [-48.1053, -16.7474], [-48.1, -16.7565], [-48.1049, -16.7653], [-48.0871, -16.7709], [-48.0882, -16.7759], [-48.0799, -16.7855], [-48.0814, -16.7967], [-48.0738, -16.8027], [-48.0807, -16.8129], [-48.0781, -16.8259], [-48.0811, -16.8339], [-48.0765, -16.841], [-48.0832, -16.8545], [-48.0816, -16.8738], [-48.0776, -16.8789], [-48.0848, -16.8842], [-48.0874, -16.8931], [-48.0779, -16.9085], [-48.0793, -16.9203], [-48.0744, -16.9299], [-48.065, -16.9327], [-48.0519, -16.9269], [-48.0342, -16.9224], [-48.0162, -16.9283], [-48.0065, -16.9345], [-48.0064, -16.9439], [-48.0028, -16.9506], [-47.9268, -17.0011], [-47.9181, -17.0039], [-47.9219, -16.9942], [-47.9216, -16.9832], [-47.9105, -16.9743], [-47.8993, -16.9513], [-47.9054, -16.9437], [-47.9018, -16.9368], [-47.9103, -16.9248], [-47.9027, -16.9181], [-47.8925, -16.9181], [-47.8947, -16.9104], [-47.8859, -16.906], [-47.8963, -16.8979], [-47.8879, -16.8941], [-47.8863, -16.8812], [-47.8939, -16.8829], [-47.8881, -16.869], [-47.8931, -16.8614], [-47.8892, -16.8471], [-47.893, -16.8358], [-47.8984, -16.8278], [-47.8908, -16.8235], [-47.9012, -16.8177], [-47.9025, -16.8132], [-47.8895, -16.8042], [-47.8781, -16.7989], [-47.8866, -16.7923], [-47.88, -16.769], [-47.8879, -16.7526], [-47.8832, -16.7442], [-47.8865, -16.7367], [-47.883, -16.7233], [-47.876, -16.7161], [-47.8803, -16.7045], [-47.8716, -16.6963], [-47.866, -16.687], [-47.8672, -16.6801], [-47.8549, -16.6649], [-47.8459, -16.6584], [-47.8373, -16.6469], [-47.8326, -16.6472], [-47.8195, -16.6345], [-47.8214, -16.6152], [-47.8111, -16.611], [-47.8109, -16.6036], [-47.8044, -16.6009], [-47.809, -16.5843], [-47.8022, -16.5776], [-47.8001, -16.5647], [-47.805, -16.5608], [-47.8, -16.5476], [-47.803, -16.5393], [-47.7894, -16.524], [-47.7781, -16.5332], [-47.7761, -16.5381], [-47.7787, -16.5575], [-47.7757, -16.5676], [-47.7548, -16.5557], [-47.7483, -16.5564], [-47.7373, -16.5524], [-47.72, -16.5346], [-47.717, -16.5209], [-47.7192, -16.5128], [-47.72, -16.4879], [-47.718, -16.4705], [-47.715, -16.4638], [-47.7045, -16.457], [-47.698, -16.4476], [-47.6978, -16.4406], [-47.6872, -16.4249], [-47.6756, -16.4199], [-47.6674, -16.4049], [-47.651, -16.3825], [-47.6479, -16.3717], [-47.6537, -16.327], [-47.6496, -16.2978], [-47.6412, -16.2829], [-47.6468, -16.2675], [-47.651, -16.2657], [-47.6637, -16.2471], [-47.6648, -16.24], [-47.6615, -16.226], [-47.6564, -16.2169], [-47.6597, -16.2036], [-47.6566, -16.1934], [-47.6551, -16.1769], [-47.6584, -16.167], [-47.7324, -16.1662]]]}, "properties": {"cod_ibge": 5212501, "municipio": "Luziania"}, "id": "5212501"}, {"type": "Feature", "geometry": {"type": "Polygon", "coordinates": [[[-48.0902, -15.1363], [-48.0932, -15.1296], [-48.0903, -15.1207], [-48.0965, -15.111], [-48.0881, -15.11], [-48.0856, -15.0997], [-48.0744, -15.0933], [-48.0752, -15.0876], [-48.0829, -15.0835], [-48.0728, -15.0766], [-48.06, -15.0626], [-48.0616, -15.0542], [-48.0562, -15.0524], [-48.0578, -15.0298], [-48.0626, -15.0239], [-48.0561, -15.0027], [-48.0573, -14.9887], [-48.0492, -14.9819], [-48.0511, -14.9676], [-48.0479, -14.9632], [-48.0362, -14.9622], [-48.0376, -14.9524], [-48.0436, -14.9495], [-48.0455, -14.9427], [-48.0423, -14.9359], [-48.0466, -14.9228], [-48.0549, -14.9195], [-48.0581, -14.9103], [-48.075, -14.9094], [-48.0797, -14.8986], [-48.0853, -14.8877], [-48.0808, -14.8645], [-48.089, -14.8553], [-48.1006, -14.8488], [-48.1168, -14.8504], [-48.1257, -14.8462], [-48.1376, -14.8468], [-48.1439, -14.852], [-48.1558, -14.8486], [-48.1632, -14.8531], [-48.1704, -14.8483], [-48.1843, -14.8486], [-48.2062, -14.8648], [-48.2169, -14.8678], [-48.2352, -14.8816], [-48.2558, -14.8748], [-48.2684, -14.884], [-48.2803, -14.8885], [-48.2868, -14.9004], [-48.305, -14.8995], [-48.3215, -14.9013], [-48.3251, -14.8977], [-48.3373, -14.9121], [-48.3577, -14.9105], [-48.3559, -14.9172], [-48.3609, -14.9228], [-48.3712, -14.9277], [-48.3722, -14.9406], [-48.3847, -14.9447], [-48.3964, -14.9395], [-48.4043, -14.9416], [-48.4132, -14.9347], [-48.4239, -14.9389], [-48.4475, -14.9569], [-48.4604, -14.9567], [-48.4663, -14.9629], [-48.474, -14.9641], [-48.4795, -14.9742], [-48.4778, -14.9805], [-48.4825, -14.9877], [-48.4985, -14.9836], [-48.5014, -14.9985], [-48.5086, -15.0105], [-48.5236, -15.0171], [-48.5323, -15.0112], [-48.5462, -15.0073], [-48.564, -15.0125], [-48.5729, -15.0052], [-48.5724, -14.9996], [-48.5824, -14.9955], [-48.5863, -14.9992], [-48.5947, -14.9937], [-48.6053, -14.9954], [-48.611, -15.0024], [-48.606, -15.0099], [-48.606, -15.0173], [-48.6231, -15.022], [-48.6241, -15.0287], [-48.6321, -15.0313], [-48.6379, -15.0238], [-48.6438, -15.0295], [-48.6356, -15.0342], [-48.6534, -15.0431], [-48.6521, -15.0519], [-48.6556, -15.0585], [-48.6473, -15.0756], [-48.6497, -15.0789], [-48.6431, -15.0887], [-48.6538, -15.1008], [-48.6383, -15.1104], [-48.6308, -15.1089], [-48.627, -15.1143], [-48.6288, -15.125], [-48.6195, -15.1344], [-48.6182, -15.1452], [-48.6071, -15.1528], [-48.5997, -15.1554], [-48.5865, -15.1537], [-48.5839, -15.1627], [-48.5719, -15.16], [-48.554, -15.1734], [-48.5444, -15.1751], [-48.5343, -15.1714], [-48.5313, -15.1621], [-48.5217, -15.1617], [-48.4978, -15.1498], [-48.4958, -15.1304], [-48.4874, -15.1289], [-48.4888, -15.119], [-48.4796, -15.1174], [-48.4673, -15.1114], [-48.459, -15.1042], [-48.4532, -15.1052], [-48.4453, -15.0992], [-48.438, -15.101], [-48.4278, -15.0968], [-48.4206, -15.0879], [-48.4134, -15.1021], [-48.4029, -15.1047], [-48.4008, -15.0986], [-48.3852, -15.099], [-48.3656, -15.09], [-48.3566, -15.1041], [-48.3523, -15.0996], [-48.3421, -15.0966], [-48.3393, -15.1073], [-48.3286, -15.1022], [-48.3245, -15.1118], [-48.3181, -15.1042], [-48.3027, -15.1068], [-48.2862, -15.1005], [-48.2723, -15.1074], [-48.2688, -15.1137], [-48.256, -15.1212], [-48.2433, -15.1229], [-48.2341, -15.1279], [-48.232, -15.1196], [-48.2228, -15.1163], [-48.2127, -15.1169], [-48.2086, -15.1234], [-48.1989, -15.1262], [-48.182, -15.1417], [-48.1687, -15.1397], [-48.1618, -15.1462], [-48.1491, -15.1378], [-48.1459, -15.1431], [-48.1302, -15.136], [-48.1194, -15.1403], [-48.1153, -15.1537], [-48.1073, -15.1475], [-48.1015, -15.1397], [-48.0902, -15.1363]]]}, "properties": {"cod_ibge": 5213053, "municipio": "Mimoso de Goias"}, "id": "5213053"}, {"type": "Feature", "geometry": {"type": "Polygon", "coordinates": [[[-48.3187, -13.9392], [-48.3246, -13.9531], [-48.323, -13.9663], [-48.3177, -13.9729], [-48.321, -13.9774], [-48.3375, -13.9723], [-48.3576, -13.9754], [-48.3664, -13.9835], [-48.3839, -13.9928], [-48.3894, -14.0006], [-48.3985, -14.0056], [-48.4257, -14.012], [-48.4294, -14.0207], [-48.4365, -14.0231], [-48.442, -14.0166], [-48.4494, -14.0141], [-48.474, -14.0201], [-48.4731, -14.0352], [-48.482, -14.0438], [-48.4838, -14.0625], [-48.4982, -14.067], [-48.5015, -14.0771], [-48.4951, -14.0796], [-48.5007, -14.1085], [-48.512, -14.1127], [-48.5219, -14.1251], [-48.5284, -14.1246], [-48.5371, -14.1149], [-48.5419, -14.1153], [-48.5495, -14.1287], [-48.5596, -14.13], [-48.5674, -14.1348], [-48.575, -14.145], [-48.5756, -14.1512], [-48.5822, -14.1649], [-48.5951, -14.1673], [-48.5987, -14.1722], [-48.5958, -14.1814], [-48.6019, -14.1871], [-48.615, -14.1789], [-48.6243, -14.1827], [-48.6292, -14.1782], [-48.6721, -14.1721], [-48.6834, -14.1667], [-48.6883, -14.1532], [-48.6982, -14.1526], [-48.7079, -14.1613], [-48.7189, -14.1486], [-48.7188, -14.1322], [-48.7228, -14.1281], [-48.7259, -14.1253], [-48.746, -14.1241], [-48.7546, -14.1198], [-48.7635, -14.1197], [-48.7681, -14.1254], [-48.7636, -14.1424], [-48.7701, -14.1501], [-48.782, -14.149], [-48.7941, -14.1395], [-48.8003, -14.1452], [-48.801, -14.1586], [-48.8103, -14.1709], [-48.826, -14.1775], [-48.834, -14.1746], [-48.8406, -14.1679], [-48.8418, -14.16], [-48.849, -14.1582], [-48.8602, -14.1745], [-48.8689, -14.1843], [-48.8795, -14.1887], [-48.8766, -14.1983], [-48.8835, -14.2132], [-48.8904, -14.2084], [-48.8946, -14.2148], [-48.894, -14.2302], [-48.9037, -14.2387], [-48.9245, -14.2495], [-48.929, -14.2548], [-48.9422, -14.251], [-48.9487, -14.2523], [-48.9526, -14.2598], [-48.9532, -14.2725], [-48.9577, -14.2762], [-48.9649, -14.2926], [-48.9895, -14.3069], [-49.0047, -14.306], [-49.0142, -14.3144], [-49.0167, -14.3206], [-49.0084, -14.3313], [-49.0011, -14.3318], [-48.989, -14.3371], [-48.9845, -14.3445], [-48.9842, -14.3552], [-48.9805, -14.3627], [-48.9927, -14.3899], [-48.9798, -14.4061], [-48.9776, -14.4165], [-48.9836, -14.4288], [-48.9844, -14.4373], [-48.9927, -14.4552], [-49.002, -14.4623], [-49.0243, -14.4706], [-49.0269, -14.4843], [-49.0207, -14.4928], [-49.0245, -14.4985], [-49.037, -14.5009], [-49.0504, -14.4993], [-49.0523, -14.5063], [-49.0429, -14.5196], [-49.0406, -14.5278], [-49.0084, -14.5364], [-49.0056, -14.557], [-49.0092, -14.5601], [-49.0239, -14.5608], [-49.0277, -14.5642], [-49.0381, -14.5635], [-49.0399, -14.5767], [-49.0262, -14.5866], [-49.011, -14.5755], [-49.0063, -14.5814], [-49.0088, -14.5959], [-48.999, -14.5935], [-48.9925, -14.5844], [-48.9846, -14.5935], [-48.9803, -14.6093], [-48.974, -14.6216], [-48.9804, -14.6252], [-48.9906, -14.6239], [-48.9907, -14.6305], [-48.9816, -14.6466], [-48.9699, -14.6442], [-48.97, -14.6541], [-48.9661, -14.6586], [-48.9498, -14.6618], [-48.9579, -14.6758], [-48.95, -14.6812], [-48.9394, -14.6776], [-48.9245, -14.6808], [-48.9142, -14.6737], [-48.9054, -14.6717], [-48.8974, -14.6776], [-48.8806, -14.6812], [-48.8829, -14.6911], [-48.8716, -14.6952], [-48.8604, -14.6889], [-48.8569, -14.6901], [-48.8333, -14.6828], [-48.8263, -14.686], [-48.8184, -14.6776], [-48.8169, -14.6649], [-48.8087, -14.667], [-48.8006, -14.6608], [-48.7828, -14.6677], [-48.7746, -14.6595], [-48.7798, -14.6542], [-48.774, -14.6447], [-48.7666, -14.6441], [-48.7546, -14.6602], [-48.7458, -14.6618], [-48.7399, -14.667], [-48.738, -14.6772], [-48.7267, -14.6756], [-48.7247, -14.6868], [-48.73, -14.6943], [-48.7315, -14.707], [-48.7225, -14.7222], [-48.7157, -14.724], [-48.7124, -14.7304], [-48.7192, -14.7358], [-48.7137, -14.7415], [-48.7212, -14.7523], [-48.7122, -14.7667], [-48.7185, -14.7688], [-48.7278, -14.7802], [-48.7144, -14.8044], [-48.7251, -14.8046], [-48.7306, -14.8112], [-48.7392, -14.8121], [-48.7427, -14.8167], [-48.7406, -14.8277], [-48.7492, -14.834], [-48.747, -14.8455], [-48.7614, -14.8498], [-48.7573, -14.8628], [-48.7495, -14.8634], [-48.7507, -14.8731], [-48.7381, -14.8805], [-48.7438, -14.8862], [-48.7525, -14.9124], [-48.7455, -14.9218], [-48.7503, -14.9295], [-48.7443, -14.9373], [-48.7346, -14.943], [-48.7252, -14.9421], [-48.7217, -14.952], [-48.704, -14.9473], [-48.6853, -14.9597], [-48.6825, -14.965], [-48.6957, -14.9733], [-48.6981, -14.9818], [-48.6744, -14.9795], [-48.6682, -14.9843], [-48.6563, -14.9691], [-48.6398, -14.9688], [-48.6433, -14.976], [-48.6407, -14.9846], [-48.6329, -14.9855], [-48.6338, -14.9999], [-48.627, -14.9981], [-48.6265, -14.9877], [-48.6161, -14.9894], [-48.6197, -15.001], [-48.611, -15.0024], [-48.6053, -14.9954], [-48.5947, -14.9937], [-48.5863, -14.9992], [-48.5824, -14.9955], [-48.5724, -14.9996], [-48.5729, -15.0052], [-48.564, -15.0125], [-48.5462, -15.0073], [-48.5323, -15.0112], [-48.5236, -15.0171], [-48.5086, -15.0105], [-48.5014, -14.9985], [-48.4985, -14.9836], [-48.4825, -14.9877], [-48.4778, -14.9805], [-48.4795, -14.9742], [-48.474, -14.9641], [-48.4663, -14.9629], [-48.4604, -14.9567], [-48.4475, -14.9569], [-48.4239, -14.9389], [-48.4132, -14.9347], [-48.4043, -14.9416], [-48.3964, -14.9395], [-48.3847, -14.9447], [-48.3722, -14.9406], [-48.3712, -14.9277], [-48.3609, -14.9228], [-48.3559, -14.9172], [-48.3577, -14.9105], [-48.3373, -14.9121], [-48.3251, -14.8977], [-48.3215, -14.9013], [-48.305, -14.8995], [-48.2868, -14.9004], [-48.2803, -14.8885], [-48.2684, -14.884], [-48.2558, -14.8748], [-48.2352, -14.8816], [-48.2169, -14.8678], [-48.2062, -14.8648], [-48.1843, -14.8486], [-48.1704, -14.8483], [-48.1632, -14.8531], [-48.1558, -14.8486], [-48.1439, -14.852], [-48.1376, -14.8468], [-48.1257, -14.8462], [-48.1168, -14.8504], [-48.1006, -14.8488], [-48.089, -14.8553], [-48.0808, -14.8645], [-48.0853, -14.8877], [-48.0797, -14.8986], [-48.0687, -14.8827], [-48.0606, -14.8592], [-48.0539, -14.8558], [-48.0426, -14.8603], [-48.0342, -14.8491], [-48.0403, -14.8388], [-48.0314, -14.8311], [-48.026, -14.821], [-48.0035, -14.8048], [-47.9887, -14.8224], [-47.9699, -14.8125], [-47.9664, -14.8065], [-47.9583, -14.8022], [-47.9501, -14.8038], [-47.9456, -14.8003], [-47.922, -14.7931], [-47.9074, -14.7983], [-47.9008, -14.7927], [-47.8942, -14.7806], [-47.8817, -14.7758], [-47.8671, -14.7731], [-47.8556, -14.764], [-47.8524, -14.756], [-47.8425, -14.7495], [-47.8345, -14.7409], [-47.8334, -14.7325], [-47.8236, -14.7239], [-47.8222, -14.7165], [-47.8084, -14.6934], [-47.7914, -14.6954], [-47.7791, -14.6785], [-47.7777, -14.6663], [-47.772, -14.6416], [-47.7754, -14.6389], [-47.7765, -14.6243], [-47.7699, -14.6151], [-47.7659, -14.5987], [-47.7721, -14.5764], [-47.7722, -14.5676], [-47.7671, -14.5545], [-47.77, -14.5498], [-47.7622, -14.5438], [-47.7666, -14.5348], [-47.772, -14.5339], [-47.7898, -14.5215], [-47.8068, -14.5198], [-47.8074, -14.5131], [-47.8235, -14.5033], [-47.8294, -14.4864], [-47.8277, -14.48], [-47.8358, -14.4564], [-47.8412, -14.4293], [-47.8507, -14.4085], [-47.8597, -14.404], [-47.8576, -14.3956], [-47.8638, -14.3785], [-47.8352, -14.3624], [-47.8354, -14.3511], [-47.8277, -14.3509], [-47.8293, -14.3451], [-47.837, -14.3425], [-47.834, -14.3342], [-47.8393, -14.331], [-47.8482, -14.333], [-47.8603, -14.3392], [-47.8676, -14.3388], [-47.8689, -14.3519], [-47.8748, -14.3519], [-47.8776, -14.3433], [-47.884, -14.3419], [-47.8923, -14.3337], [-47.914, -14.332], [-47.9136, -14.3198], [-47.9195, -14.3151], [-47.9258, -14.3039], [-47.9255, -14.2982], [-47.9116, -14.2976], [-47.9084, -14.2828], [-47.9185, -14.2825], [-47.9225, -14.2753], [-47.9399, -14.2861], [-47.9543, -14.2821], [-47.9582, -14.2721], [-47.967, -14.2692], [-47.9687, -14.261], [-47.9786, -14.2628], [-48.0002, -14.2539], [-48.0089, -14.2455], [-48.0199, -14.2419], [-48.0267, -14.2328], [-48.0429, -14.2326], [-48.0535, -14.22], [-48.0517, -14.2133], [-48.0658, -14.2147], [-48.0682, -14.209], [-48.0854, -14.1912], [-48.0954, -14.1904], [-48.1058, -14.1824], [-48.128, -14.1692], [-48.1203, -14.1543], [-48.1372, -14.1409], [-48.1423, -14.1261], [-48.148, -14.1301], [-48.1631, -14.1181], [-48.1635, -14.1097], [-48.1686, -14.1045], [-48.1748, -14.0891], [-48.172, -14.0854], [-48.1715, -14.0672], [-48.1844, -14.0592], [-48.1808, -14.0505], [-48.1831, -14.0416], [-48.1947, -14.0316], [-48.192, -14.0258], [-48.2015, -14.0189], [-48.2114, -14.0225], [-48.2196, -14.0126], [-48.2138, -14.0034], [-48.2215, -13.9966], [-48.2454, -13.9936], [-48.2487, -13.9827], [-48.254, -13.9766], [-48.2497, -13.9699], [-48.2512, -13.961], [-48.2636, -13.9532], [-48.278, -13.9471], [-48.2811, -13.9392], [-48.2884, -13.9438], [-48.2933, -13.9408], [-48.309, -13.945], [-48.3187, -13.9392]]]}, "properties": {"cod_ibge": 5214606, "municipio": "Niquelandia"}, "id": "5214606"}, {"type": "Feature", "geometry": {"type": "Polygon", "coordinates": [[[-48.1406, -16.1692], [-48.028, -16.2036], [-48.0235, -16.1889], [-48.0198, -16.1842], [-48.0169, -16.169], [-48.0085, -16.1604], [-48.0009, -16.1406], [-48.0019, -16.1369], [-48.0044, -16.1234], [-48.0097, -16.1133], [-48.0239, -16.1023], [-48.0309, -16.0873], [-48.0252, -16.0739], [-48.0243, -16.0586], [-48.0178, -16.0497], [-48.0181, -16.0497], [-48.0848, -16.0497], [-48.0884, -16.0565], [-48.1008, -16.0694], [-48.1163, -16.0734], [-48.1409, -16.0894], [-48.1475, -16.0958], [-48.1513, -16.1083], [-48.1481, -16.1185], [-48.1505, -16.1305], [-48.1467, -16.1367], [-48.1443, -16.1631], [-48.1406, -16.1692]]]}, "properties": {"cod_ibge": 5215231, "municipio": "Novo Gama"}, "id": "5215231"}, {"type": "Feature", "geometry": {"type": "Polygon", "coordinates": [[[-48.252, -15.6592], [-48.2349, -15.66], [-48.2342, -15.6419], [-48.2182, -15.6233], [-48.1997, -15.6229], [-48.2, -15.5023], [-48.0744, -15.5022], [-48.0543, -15.5022], [-48.0523, -15.4956], [-48.0458, -15.4928], [-48.0494, -15.4836], [-48.0423, -15.4698], [-48.0331, -15.4652], [-48.0109, -15.4595], [-47.9978, -15.4496], [-47.9937, -15.4511], [-47.9798, -15.4444], [-47.963, -15.4429], [-47.9565, -15.4398], [-47.9511, -15.4255], [-47.9496, -15.4072], [-47.9392, -15.3969], [-47.9385, -15.3897], [-47.9294, -15.3795], [-47.9246, -15.358], [-47.9338, -15.35], [-47.9446, -15.3458], [-47.9517, -15.3368], [-47.959, -15.3352], [-47.968, -15.3275], [-47.9707, -15.3096], [-47.9691, -15.3017], [-47.9727, -15.297], [-47.9694, -15.2873], [-47.9721, -15.283], [-47.9956, -15.2712], [-47.9901, -15.2679], [-48.003, -15.243], [-48.013, -15.2369], [-48.0115, -15.2249], [-48.0181, -15.2147], [-48.0264, -15.2066], [-48.0352, -15.211], [-48.0411, -15.2052], [-48.0722, -15.1949], [-48.0762, -15.1971], [-48.0853, -15.1901], [-48.0941, -15.1636], [-48.1009, -15.1586], [-48.1073, -15.1475], [-48.1153, -15.1537], [-48.1194, -15.1403], [-48.1302, -15.136], [-48.1459, -15.1431], [-48.1491, -15.1378], [-48.1618, -15.1462], [-48.1687, -15.1397], [-48.182, -15.1417], [-48.1989, -15.1262], [-48.2086, -15.1234], [-48.2127, -15.1169], [-48.2228, -15.1163], [-48.232, -15.1196], [-48.2341, -15.1279], [-48.2433, -15.1229], [-48.256, -15.1212], [-48.2688, -15.1137], [-48.2723, -15.1074], [-48.2862, -15.1005], [-48.3027, -15.1068], [-48.3181, -15.1042], [-48.3245, -15.1118], [-48.3286, -15.1022], [-48.3393, -15.1073], [-48.3421, -15.0966], [-48.3523, -15.0996], [-48.3566, -15.1041], [-48.3656, -15.09], [-48.3852, -15.099], [-48.4008, -15.0986], [-48.4029, -15.1047], [-48.4134, -15.1021], [-48.4206, -15.0879], [-48.4278, -15.0968], [-48.438, -15.101], [-48.4453, -15.0992], [-48.4532, -15.1052], [-48.459, -15.1042], [-48.4673, -15.1114], [-48.4796, -15.1174], [-48.4888, -15.119], [-48.4874, -15.1289], [-48.4958, -15.1304], [-48.4978, -15.1498], [-48.5217, -15.1617], [-48.5313, -15.1621], [-48.5343, -15.1714], [-48.5444, -15.1751], [-48.554, -15.1734], [-48.5719, -15.16], [-48.5839, -15.1627], [-48.5865, -15.1537], [-48.5997, -15.1554], [-48.6071, -15.1528], [-48.6094, -15.1636], [-48.6179, -15.1722], [-48.6096, -15.1818], [-48.5992, -15.1834], [-48.5971, -15.1942], [-48.5885, -15.197], [-48.5885, -15.2072], [-48.5835, -15.2248], [-48.5785, -15.2296], [-48.5688, -15.2324], [-48.562, -15.241], [-48.5702, -15.2468], [-48.5691, -15.2574], [-48.5714, -15.2657], [-48.5834, -15.2733], [-48.5915, -15.2866], [-48.586, -15.301], [-48.5895, -15.3127], [-48.5826, -15.3172], [-48.5791, -15.3414], [-48.5796, -15.3484], [-48.5718, -15.3589], [-48.5866, -15.3579], [-48.5928, -15.3647], [-48.5864, -15.3715], [-48.5699, -15.378], [-48.5651, -15.3863], [-48.5674, -15.3947], [-48.5595, -15.4001], [-48.565, -15.4104], [-48.5582, -15.4184], [-48.5649, -15.4224], [-48.5613, -15.4292], [-48.5709, -15.4358], [-48.568, -15.4463], [-48.5611, -15.4481], [-48.5537, -15.4564], [-48.5615, -15.4726], [-48.5722, -15.4756], [-48.58, -15.4814], [-48.5798, -15.5075], [-48.5911, -15.52], [-48.5961, -15.5342], [-48.5883, -15.5423], [-48.5798, -15.546], [-48.5831, -15.5533], [-48.5763, -15.5563], [-48.5651, -15.5757], [-48.5581, -15.5809], [-48.546, -15.5827], [-48.5481, -15.5993], [-48.5343, -15.6091], [-48.5176, -15.6103], [-48.4908, -15.6214], [-48.4804, -15.6198], [-48.4512, -15.6364], [-48.4379, -15.6395], [-48.4331, -15.6436], [-48.4163, -15.6509], [-48.4138, -15.6541], [-48.4016, -15.6545], [-48.3915, -15.6427], [-48.3912, -15.634], [-48.3848, -15.6291], [-48.3839, -15.6145], [-48.3749, -15.6131], [-48.3655, -15.6185], [-48.3516, -15.631], [-48.3387, -15.6327], [-48.3268, -15.6248], [-48.3148, -15.6229], [-48.3003, -15.6265], [-48.2888, -15.637], [-48.268, -15.6409], [-48.2573, -15.6459], [-48.2515, -15.6525], [-48.252, -15.6592]]]}, "properties": {"cod_ibge": 5215603, "municipio": "Padre Bernardo"}, "id": "5215603"}, {"type": "Feature", "geometry": {"type": "Polygon", "coordinates": [[[-48.814, -15.5176], [-48.8203, -15.5078], [-48.8338, -15.5099], [-48.8469, -15.5196], [-48.8515, -15.5164], [-48.866, -15.5134], [-48.8701, -15.5202], [-48.8953, -15.5228], [-48.8978, -15.5298], [-48.9071, -15.5328], [-48.9175, -15.5311], [-48.9287, -15.5226], [-48.9371, -15.5113], [-48.9452, -15.5145], [-48.9574, -15.5114], [-48.9738, -15.5242], [-48.9751, -15.5298], [-48.9932, -15.5375], [-48.9985, -15.5439], [-48.9963, -15.5543], [-49.0123, -15.5634], [-49.0185, -15.5719], [-49.0249, -15.5582], [-49.0247, -15.5526], [-49.0304, -15.5405], [-49.0348, -15.5387], [-49.0398, -15.5279], [-49.0459, -15.5224], [-49.0596, -15.5184], [-49.0662, -15.5105], [-49.0734, -15.5141], [-49.0811, -15.5113], [-49.082, -15.5171], [-49.0938, -15.5246], [-49.1016, -15.5222], [-49.1092, -15.5266], [-49.0872, -15.5379], [-49.0957, -15.541], [-49.1019, -15.538], [-49.118, -15.554], [-49.1286, -15.5733], [-49.1432, -15.584], [-49.1576, -15.5903], [-49.169, -15.5903], [-49.1819, -15.5965], [-49.1865, -15.6022], [-49.1878, -15.6098], [-49.1761, -15.6123], [-49.1742, -15.6199], [-49.1672, -15.6271], [-49.1473, -15.6158], [-49.1428, -15.622], [-49.1272, -15.6245], [-49.1832, -15.7705], [-49.2162, -15.8565], [-49.2144, -15.869], [-49.2079, -15.8737], [-49.2047, -15.885], [-49.199, -15.8874], [-49.1971, -15.8969], [-49.2008, -15.9021], [-49.1969, -15.9104], [-49.1968, -15.9291], [-49.1793, -15.9351], [-49.1774, -15.9517], [-49.1797, -15.9592], [-49.1719, -15.9685], [-49.1517, -15.9803], [-49.1539, -15.9859], [-49.1436, -15.995], [-49.1358, -15.9954], [-49.1339, -16.0021], [-49.1394, -16.0141], [-49.15, -16.0299], [-49.1439, -16.0455], [-49.1331, -16.0497], [-49.1442, -16.0575], [-49.1442, -16.0662], [-49.1519, -16.0777], [-49.1508, -16.0868], [-49.1689, -16.0947], [-49.1763, -16.1103], [-49.184, -16.1171], [-49.1819, -16.1252], [-49.1648, -16.1377], [-49.163, -16.1325], [-49.1487, -16.133], [-49.1403, -16.1302], [-49.1273, -16.1308], [-49.1193, -16.1345], [-49.1122, -16.1436], [-49.1015, -16.1466], [-49.0999, -16.1374], [-49.0912, -16.1345], [-49.0822, -16.14], [-49.0771, -16.1368], [-49.0651, -16.1369], [-49.0633, -16.1293], [-49.0576, -16.127], [-49.0476, -16.1303], [-49.044, -16.1353], [-49.0213, -16.1377], [-49.0119, -16.1416], [-49.006, -16.1315], [-48.9992, -16.1329], [-48.9894, -16.1276], [-48.964, -16.126], [-48.9399, -16.1345], [-48.9162, -16.0906], [-48.9046, -16.0656], [-48.9025, -16.0458], [-48.8978, -16.032], [-48.9135, -16.0182], [-48.9129, -16.003], [-48.9067, -15.9894], [-48.8965, -15.9794], [-48.8977, -15.9641], [-48.8905, -15.9576], [-48.9016, -15.9497], [-48.8982, -15.9352], [-48.8985, -15.9215], [-48.9037, -15.9088], [-48.9008, -15.8937], [-48.9014, -15.8845], [-48.8957, -15.8763], [-48.8749, -15.879], [-48.8684, -15.8741], [-48.8677, -15.8626], [-48.8709, -15.8488], [-48.8637, -15.8432], [-48.844, -15.8413], [-48.8454, -15.8308], [-48.855, -15.8241], [-48.8623, -15.8122], [-48.8564, -15.8016], [-48.8367, -15.8033], [-48.8313, -15.7962], [-48.8315, -15.7841], [-48.8234, -15.7755], [-48.8226, -15.7577], [-48.8168, -15.7494], [-48.8283, -15.7383], [-48.8363, -15.7256], [-48.8311, -15.7202], [-48.8325, -15.7102], [-48.8314, -15.6896], [-48.8252, -15.6902], [-48.815, -15.6797], [-48.8135, -15.6715], [-48.8085, -15.6674], [-48.8141, -15.6532], [-48.8096, -15.6431], [-48.8114, -15.633], [-48.8225, -15.6334], [-48.829, -15.6248], [-48.8189, -15.6135], [-48.8055, -15.605], [-48.7971, -15.5959], [-48.7918, -15.5854], [-48.8039, -15.574], [-48.7939, -15.5631], [-48.7921, -15.5547], [-48.7987, -15.5493], [-48.8135, -15.5453], [-48.8234, -15.5487], [-48.8308, -15.5425], [-48.8255, -15.5337], [-48.8193, -15.5296], [-48.814, -15.5176]]]}, "properties": {"cod_ibge": 5217302, "municipio": "Pirenopolis"}, "id": "5217302"}, {"type": "Feature", "geometry": {"type": "Polygon", "coordinates": [[[-47.4927, -15.5019], [-47.4865, -15.479], [-47.4883, -15.4582], [-47.4861, -15.4471], [-47.4886, -15.4402], [-47.4869, -15.4221], [-47.4801, -15.4073], [-47.4804, -15.3974], [-47.4762, -15.3905], [-47.464, -15.3807], [-47.4625, -15.3739], [-47.4734, -15.3664], [-47.4741, -15.3537], [-47.4715, -15.3463], [-47.475, -15.326], [-47.4823, -15.3125], [-47.4854, -15.2991], [-47.4961, -15.292], [-47.5161, -15.2906], [-47.5229, -15.293], [-47.5389, -15.2912], [-47.5327, -15.2805], [-47.5167, -15.2728], [-47.5108, -15.2677], [-47.5062, -15.2581], [-47.5052, -15.2471], [-47.5079, -15.2334], [-47.5278, -15.2074], [-47.5253, -15.1831], [-47.5264, -15.1728], [-47.5314, -15.1622], [-47.5347, -15.1489], [-47.5409, -15.1353], [-47.5474, -15.1261], [-47.5544, -15.1093], [-47.5553, -15.0955], [-47.5582, -15.0886], [-47.5694, -15.0744], [-47.5709, -15.0471], [-47.6782, -15.0389], [-47.6894, -15.0293], [-47.7029, -15.0252], [-47.707, -15.0196], [-47.7147, -15.0202], [-47.7317, -15.0294], [-47.7437, -15.039], [-47.7618, -15.0413], [-47.7692, -15.054], [-47.7765, -15.0589], [-47.7779, -15.0665], [-47.7838, -15.0745], [-47.7924, -15.0735], [-47.8043, -15.0801], [-47.8092, -15.0887], [-47.8234, -15.097], [-47.8293, -15.0969], [-47.8398, -15.0909], [-47.8539, -15.0989], [-47.8534, -15.0899], [-47.8713, -15.0902], [-47.8796, -15.0928], [-47.8884, -15.0899], [-47.9124, -15.0882], [-47.9162, -15.0806], [-47.9253, -15.0774], [-47.9338, -15.0826], [-47.9489, -15.0865], [-47.9533, -15.0946], [-47.9604, -15.0938], [-47.9656, -15.1019], [-47.9877, -15.1033], [-47.9948, -15.1198], [-48.0129, -15.1256], [-48.0152, -15.1334], [-48.0255, -15.1342], [-48.0348, -15.1385], [-48.0496, -15.1368], [-48.0724, -15.1483], [-48.0789, -15.1415], [-48.0902, -15.1363], [-48.1015, -15.1397], [-48.1073, -15.1475], [-48.1009, -15.1586], [-48.0941, -15.1636], [-48.0853, -15.1901], [-48.0762, -15.1971], [-48.0722, -15.1949], [-48.0411, -15.2052], [-48.0352, -15.211], [-48.0264, -15.2066], [-48.0181, -15.2147], [-48.0115, -15.2249], [-48.013, -15.2369], [-48.003, -15.243], [-47.9901, -15.2679], [-47.9956, -15.2712], [-47.9721, -15.283], [-47.9694, -15.2873], [-47.9727, -15.297], [-47.9691, -15.3017], [-47.9707, -15.3096], [-47.968, -15.3275], [-47.959, -15.3352], [-47.9517, -15.3368], [-47.9446, -15.3458], [-47.9338, -15.35], [-47.9246, -15.358], [-47.9294, -15.3795], [-47.9385, -15.3897], [-47.9392, -15.3969], [-47.9496, -15.4072], [-47.9511, -15.4255], [-47.9565, -15.4398], [-47.963, -15.4429], [-47.9798, -15.4444], [-47.9937, -15.4511], [-47.9978, -15.4496], [-48.0109, -15.4595], [-48.0331, -15.4652], [-48.0423, -15.4698], [-48.0494, -15.4836], [-48.0458, -15.4928], [-48.0523, -15.4956], [-48.0543, -15.5022], [-48.0541, -15.5022], [-48.0348, -15.5022], [-47.854, -15.5022], [-47.6169, -15.5021], [-47.4927, -15.5019]]]}, "properties": {"cod_ibge": 5217609, "municipio": "Planaltina"}, "id": "5217609"}, {"type": "Feature", "geometry": {"type": "Polygon", "coordinates": [[[-48.0848, -16.0497], [-48.2778, -16.0496], [-48.2786, -16.042], [-48.272, -16.0315], [-48.2699, -16.0222], [-48.2721, -16.011], [-48.2616, -15.9852], [-48.2582, -15.983], [-48.2603, -15.9669], [-48.2514, -15.9557], [-48.2526, -15.94], [-48.2559, -15.9321], [-48.2641, -15.9284], [-48.2685, -15.9331], [-48.2755, -15.9304], [-48.2753, -15.9234], [-48.27, -15.9194], [-48.2747, -15.9093], [-48.2737, -15.8987], [-48.2764, -15.8924], [-48.2717, -15.8841], [-48.2771, -15.8759], [-48.2795, -15.86], [-48.2857, -15.8447], [-48.2818, -15.8306], [-48.2893, -15.8257], [-48.3043, -15.8251], [-48.3135, -15.8218], [-48.3218, -15.8343], [-48.3286, -15.8262], [-48.339, -15.8225], [-48.3515, -15.8241], [-48.3632, -15.8185], [-48.3777, -15.8215], [-48.3816, -15.835], [-48.388, -15.8458], [-48.3879, -15.8555], [-48.3938, -15.8678], [-48.4051, -15.8747], [-48.4107, -15.8974], [-48.4174, -15.904], [-48.4179, -15.9134], [-48.4143, -15.9222], [-48.419, -15.9296], [-48.4178, -15.9424], [-48.4225, -15.9482], [-48.4082, -15.9771], [-48.4014, -15.9758], [-48.3926, -15.983], [-48.3863, -15.9836], [-48.3719, -15.9975], [-48.3708, -16.0101], [-48.366, -16.0167], [-48.3651, -16.0271], [-48.3673, -16.0488], [-48.3668, -16.0652], [-48.3692, -16.0723], [-48.3581, -16.0989], [-48.3527, -16.1076], [-48.3503, -16.1188], [-48.3553, -16.1291], [-48.3516, -16.1323], [-48.3504, -16.1519], [-48.3571, -16.1705], [-48.3533, -16.1805], [-48.3589, -16.1881], [-48.3722, -16.199], [-48.3736, -16.212], [-48.3631, -16.2416], [-48.348, -16.2437], [-48.344, -16.251], [-48.3366, -16.2534], [-48.3291, -16.2603], [-48.3204, -16.285], [-48.3191, -16.2994], [-48.3236, -16.3182], [-48.3057, -16.3222], [-48.2977, -16.3133], [-48.2843, -16.3196], [-48.2732, -16.3182], [-48.2686, -16.3258], [-48.2606, -16.3227], [-48.2608, -16.3146], [-48.2466, -16.3169], [-48.241, -16.3253], [-48.2226, -16.3243], [-48.2095, -16.3141], [-48.2018, -16.3125], [-48.2032, -16.2922], [-48.1962, -16.2859], [-48.1913, -16.2698], [-48.1886, -16.2504], [-48.1824, -16.2431], [-48.1768, -16.2285], [-48.1742, -16.2145], [-48.1491, -16.1865], [-48.1492, -16.179], [-48.1406, -16.1692], [-48.1443, -16.1631], [-48.1467, -16.1367], [-48.1505, -16.1305], [-48.1481, -16.1185], [-48.1513, -16.1083], [-48.1475, -16.0958], [-48.1409, -16.0894], [-48.1163, -16.0734], [-48.1008, -16.0694], [-48.0884, -16.0565], [-48.0848, -16.0497]]]}, "properties": {"cod_ibge": 5219753, "municipio": "Santo Antonio do Descoberto"}, "id": "5219753"}, {"type": "Feature", "geometry": {"type": "Polygon", "coordinates": [[[-47.1141, -14.097], [-47.1288, -14.106], [-47.1347, -14.1175], [-47.1424, -14.1149], [-47.1548, -14.1233], [-47.1603, -14.1361], [-47.1755, -14.148], [-47.1935, -14.1364], [-47.1949, -14.1416], [-47.2037, -14.15], [-47.2201, -14.1422], [-47.2237, -14.1455], [-47.2373, -14.1419], [-47.2468, -14.1419], [-47.272, -14.1475], [-47.2863, -14.1597], [-47.3083, -14.1562], [-47.3253, -14.1616], [-47.3365, -14.147], [-47.3453, -14.141], [-47.3565, -14.1383], [-47.3619, -14.1322], [-47.3864, -14.1368], [-47.3913, -14.1428], [-47.4018, -14.147], [-47.4045, -14.1634], [-47.4115, -14.1676], [-47.4245, -14.163], [-47.4289, -14.1646], [-47.4428, -14.1602], [-47.4437, -14.1489], [-47.4542, -14.1464], [-47.4547, -14.1614], [-47.4493, -14.1675], [-47.446, -14.1796], [-47.4496, -14.1845], [-47.4387, -14.2023], [-47.4312, -14.2111], [-47.421, -14.2127], [-47.4033, -14.2231], [-47.4082, -14.2373], [-47.3973, -14.2574], [-47.3939, -14.2595], [-47.3977, -14.2706], [-47.3911, -14.2841], [-47.3895, -14.3138], [-47.4003, -14.3226], [-47.4108, -14.3244], [-47.4252, -14.3233], [-47.4339, -14.342], [-47.4441, -14.342], [-47.4587, -14.3528], [-47.4651, -14.3631], [-47.4672, -14.3849], [-47.4754, -14.398], [-47.4764, -14.4065], [-47.4817, -14.4181], [-47.4949, -14.4253], [-47.501, -14.4252], [-47.5162, -14.4322], [-47.5263, -14.4262], [-47.5376, -14.4277], [-47.5496, -14.4248], [-47.5516, -14.444], [-47.5469, -14.4485], [-47.5536, -14.4546], [-47.5661, -14.4533], [-47.573, -14.448], [-47.5815, -14.4475], [-47.5823, -14.4382], [-47.5902, -14.4349], [-47.5972, -14.4272], [-47.607, -14.432], [-47.6155, -14.4268], [-47.6284, -14.4357], [-47.636, -14.4341], [-47.6482, -14.4386], [-47.6602, -14.4587], [-47.6723, -14.4576], [-47.6825, -14.4651], [-47.7051, -14.4626], [-47.7074, -14.4566], [-47.7211, -14.447], [-47.7243, -14.4396], [-47.7227, -14.4312], [-47.7337, -14.4118], [-47.742, -14.4114], [-47.7437, -14.406], [-47.7534, -14.411], [-47.7634, -14.4107], [-47.7711, -14.4061], [-47.7793, -14.4141], [-47.7815, -14.3978], [-47.7895, -14.3974], [-47.7896, -14.3891], [-47.7976, -14.3911], [-47.7988, -14.3844], [-47.8091, -14.3797], [-47.8118, -14.3738], [-47.8101, -14.3549], [-47.8268, -14.3538], [-47.8277, -14.3509], [-47.8354, -14.3511], [-47.8352, -14.3624], [-47.8638, -14.3785], [-47.8576, -14.3956], [-47.8597, -14.404], [-47.8507, -14.4085], [-47.8412, -14.4293], [-47.8358, -14.4564], [-47.8277, -14.48], [-47.8294, -14.4864], [-47.8235, -14.5033], [-47.8074, -14.5131], [-47.8068, -14.5198], [-47.7898, -14.5215], [-47.772, -14.5339], [-47.7666, -14.5348], [-47.7622, -14.5438], [-47.77, -14.5498], [-47.7671, -14.5545], [-47.7722, -14.5676], [-47.7721, -14.5764], [-47.7659, -14.5987], [-47.7699, -14.6151], [-47.7765, -14.6243], [-47.7754, -14.6389], [-47.772, -14.6416], [-47.7605, -14.6391], [-47.7541, -14.6494], [-47.7473, -14.6517], [-47.7332, -14.6495], [-47.7179, -14.6533], [-47.7147, -14.6631], [-47.706, -14.6703], [-47.6935, -14.7439], [-47.6859, -14.7327], [-47.6789, -14.732], [-47.6655, -14.7085], [-47.659, -14.71], [-47.6551, -14.7173], [-47.6428, -14.7276], [-47.6397, -14.7357], [-47.6314, -14.7444], [-47.6336, -14.7532], [-47.6404, -14.7574], [-47.6479, -14.8328], [-47.6348, -14.8308], [-47.6267, -14.8144], [-47.6101, -14.7902], [-47.595, -14.7798], [-47.5845, -14.7749], [-47.5742, -14.7571], [-47.5673, -14.7558], [-47.5616, -14.7474], [-47.5573, -14.7325], [-47.5434, -14.7306], [-47.5346, -14.7371], [-47.5332, -14.7537], [-47.5279, -14.7701], [-47.5023, -14.7924], [-47.4892, -14.7949], [-47.4791, -14.7998], [-47.4732, -14.8074], [-47.4775, -14.817], [-47.4523, -14.817], [-47.4276, -14.8306], [-47.4209, -14.8297], [-47.4123, -14.8234], [-47.4048, -14.8229], [-47.3871, -14.8149], [-47.3761, -14.8121], [-47.3604, -14.8032], [-47.3558, -14.7926], [-47.3572, -14.7762], [-47.3505, -14.7711], [-47.3395, -14.7735], [-47.3351, -14.766], [-47.3258, -14.7739], [-47.3148, -14.7672], [-47.3111, -14.7601], [-47.3231, -14.7525], [-47.3161, -14.7466], [-47.31, -14.752], [-47.304, -14.7393], [-47.3045, -14.7306], [-47.2982, -14.7252], [-47.2973, -14.7128], [-47.2915, -14.7114], [-47.291, -14.7027], [-47.2823, -14.6943], [-47.2683, -14.6979], [-47.2623, -14.7019], [-47.2472, -14.7008], [-47.2344, -14.6879], [-47.235, -14.6774], [-47.2311, -14.6729], [-47.2305, -14.648], [-47.2318, -14.6394], [-47.2242, -14.6291], [-47.2156, -14.6264], [-47.2176, -14.6207], [-47.215, -14.6059], [-47.2036, -14.6065], [-47.2065, -14.5959], [-47.2011, -14.5898], [-47.2005, -14.5784], [-47.1946, -14.5777], [-47.1936, -14.5694], [-47.1859, -14.5601], [-47.1847, -14.5438], [-47.1711, -14.5433], [-47.1572, -14.5506], [-47.1456, -14.5396], [-47.1501, -14.5272], [-47.1489, -14.5144], [-47.1539, -14.5017], [-47.1531, -14.4907], [-47.1569, -14.4772], [-47.1566, -14.4677], [-47.1758, -14.452], [-47.1773, -14.4441], [-47.1831, -14.4398], [-47.1805, -14.4237], [-47.1854, -14.4172], [-47.1851, -14.4071], [-47.1886, -14.4041], [-47.1869, -14.3884], [-47.1907, -14.3772], [-47.1904, -14.3679], [-47.1865, -14.3559], [-47.1819, -14.3497], [-47.1873, -14.3261], [-47.1744, -14.3036], [-47.1745, -14.2931], [-47.1778, -14.2867], [-47.1706, -14.2643], [-47.1399, -14.2546], [-47.1414, -14.2383], [-47.1388, -14.225], [-47.1323, -14.2128], [-47.131, -14.2049], [-47.1208, -14.1935], [-47.1038, -14.1855], [-47.0934, -14.1747], [-47.0842, -14.1684], [-47.0827, -14.1414], [-47.0787, -14.1355], [-47.0683, -14.129], [-47.0594, -14.1101], [-47.0462, -14.0989], [-47.0398, -14.0978], [-47.031, -14.0887], [-47.0074, -14.0898], [-46.9944, -14.0821], [-46.9892, -14.0816], [-46.9837, -14.074], [-46.9855, -14.0525], [-46.9933, -14.0481], [-46.9981, -14.0523], [-47.0048, -14.0448], [-47.0148, -14.0444], [-47.0282, -14.0347], [-47.0389, -14.0321], [-47.0444, -14.0414], [-47.0556, -14.0403], [-47.0587, -14.0521], [-47.0725, -14.0659], [-47.0801, -14.0626], [-47.0888, -14.0745], [-47.0886, -14.0804], [-47.103, -14.0888], [-47.1085, -14.0962], [-47.1141, -14.097]]]}, "properties": {"cod_ibge": 5220009, "municipio": "Sao Joao d'Alianca"}, "id": "5220009"}, {"type": "Feature", "geometry": {"type": "Polygon", "coordinates": [[[-46.7316, -14.3912], [-46.7279, -14.3981], [-46.7198, -14.3947], [-46.7158, -14.3993], [-46.7322, -14.4083], [-46.7269, -14.4164], [-46.712, -14.4283], [-46.7163, -14.4379], [-46.7103, -14.4456], [-46.7198, -14.4568], [-46.7183, -14.4665], [-46.7089, -14.4696], [-46.7, -14.4685], [-46.697, -14.484], [-46.692, -14.4857], [-46.6895, -14.4984], [-46.6753, -14.4904], [-46.6659, -14.4981], [-46.651, -14.5015], [-46.6461, -14.5135], [-46.6301, -14.5067], [-46.6228, -14.4979], [-46.6157, -14.494], [-46.612, -14.4858], [-46.6019, -14.4885], [-46.5977, -14.4798], [-46.589, -14.4817], [-46.5807, -14.477], [-46.5765, -14.4836], [-46.5644, -14.4724], [-46.5593, -14.4736], [-46.5507, -14.4829], [-46.5426, -14.4864], [-46.5289, -14.4787], [-46.5224, -14.4797], [-46.5111, -14.4756], [-46.5065, -14.487], [-46.4994, -14.4844], [-46.4932, -14.4758], [-46.481, -14.4794], [-46.4785, -14.4702], [-46.4646, -14.4718], [-46.4582, -14.4776], [-46.4488, -14.4699], [-46.448, -14.462], [-46.4373, -14.4565], [-46.4378, -14.4495], [-46.4311, -14.4335], [-46.4322, -14.4229], [-46.4262, -14.4186], [-46.4231, -14.4082], [-46.423, -14.3925], [-46.4253, -14.3855], [-46.4474, -14.3871], [-46.4475, -14.3872], [-46.4635, -14.3898], [-46.4673, -14.3981], [-46.4803, -14.395], [-46.499, -14.387], [-46.5275, -14.3889], [-46.5366, -14.3794], [-46.5422, -14.3685], [-46.5481, -14.3663], [-46.5631, -14.3667], [-46.5747, -14.3837], [-46.5834, -14.3856], [-46.5978, -14.3676], [-46.6042, -14.3817], [-46.6155, -14.3845], [-46.6288, -14.3832], [-46.644, -14.3733], [-46.658, -14.3689], [-46.669, -14.3738], [-46.6721, -14.3805], [-46.6836, -14.3881], [-46.6951, -14.3847], [-46.7011, -14.3893], [-46.7121, -14.3917], [-46.7209, -14.3874], [-46.7316, -14.3912]]]}, "properties": {"cod_ibge": 5220686, "municipio": "Simolandia"}, "id": "5220686"}, {"type": "Feature", "geometry": {"type": "Polygon", "coordinates": [[[-47.9636, -16.1047], [-47.9643, -16.0975], [-47.9579, -16.0858], [-47.948, -16.0746], [-47.9386, -16.0499], [-48.016, -16.0497], [-48.0178, -16.0497], [-48.0243, -16.0586], [-48.0252, -16.0739], [-48.0309, -16.0873], [-48.0239, -16.1023], [-48.0097, -16.1133], [-48.0044, -16.1234], [-48.0019, -16.1369], [-47.9944, -16.1312], [-47.9787, -16.1305], [-47.9629, -16.1228], [-47.9685, -16.1139], [-47.9636, -16.1047]]]}, "properties": {"cod_ibge": 5221858, "municipio": "Valparaiso de Goias"}, "id": "5221858"}, {"type": "Feature", "geometry": {"type": "Polygon", "coordinates": [[[-47.1108, -14.6767], [-47.1186, -14.6729], [-47.1237, -14.6834], [-47.1326, -14.6789], [-47.1318, -14.6904], [-47.146, -14.6959], [-47.1497, -14.7038], [-47.148, -14.7112], [-47.155, -14.7147], [-47.1597, -14.7269], [-47.1679, -14.7276], [-47.1709, -14.7421], [-47.1779, -14.745], [-47.1809, -14.7586], [-47.1873, -14.7601], [-47.2041, -14.7868], [-47.214, -14.7906], [-47.2131, -14.7986], [-47.2181, -14.802], [-47.2196, -14.8107], [-47.2092, -14.8256], [-47.2133, -14.828], [-47.2125, -14.8407], [-47.2057, -14.8499], [-47.2173, -14.8549], [-47.2186, -14.8632], [-47.2146, -14.8708], [-47.2276, -14.8779], [-47.2297, -14.8917], [-47.2345, -14.8996], [-47.2298, -14.9031], [-47.2104, -14.9046], [-47.2094, -14.9142], [-47.2128, -14.933], [-47.2166, -14.9391], [-47.2117, -14.9479], [-47.216, -14.9543], [-47.2005, -14.9638], [-47.1979, -14.9686], [-47.187, -14.9691], [-47.1734, -14.9754], [-47.1686, -14.9833], [-47.1719, -14.9896], [-47.1828, -14.9955], [-47.186, -15.0123], [-47.1724, -15.0312], [-47.1703, -15.0475], [-47.1647, -15.0507], [-47.1549, -15.0727], [-47.1497, -15.0754], [-47.1386, -15.1049], [-47.1339, -15.1092], [-47.133, -15.1179], [-47.1256, -15.1227], [-47.1215, -15.1088], [-47.0989, -15.0841], [-47.078, -15.0638], [-47.0722, -15.0616], [-47.0678, -15.0734], [-47.056, -15.0865], [-47.0483, -15.0897], [-47.0385, -15.1248], [-47.0321, -15.1266], [-47.0256, -15.1503], [-47.0157, -15.1592], [-47.0085, -15.1731], [-47.0176, -15.1822], [-47.0188, -15.1974], [-47.0107, -15.2148], [-46.9994, -15.2219], [-47.0003, -15.2373], [-46.9881, -15.2579], [-46.9698, -15.2694], [-46.9643, -15.2827], [-46.9597, -15.2825], [-46.9526, -15.292], [-46.9502, -15.3021], [-46.9413, -15.3145], [-46.9296, -15.3066], [-46.918, -15.3054], [-46.9149, -15.3021], [-46.9006, -15.3007], [-46.8854, -15.2906], [-46.8737, -15.2854], [-46.8893, -15.2822], [-46.888, -15.2682], [-46.8893, -15.2425], [-46.8915, -15.2353], [-46.9063, -15.2366], [-46.9112, -15.245], [-46.9277, -15.2551], [-46.9325, -15.2502], [-46.9354, -15.2371], [-46.9403, -15.2319], [-46.9342, -15.2261], [-46.9382, -15.2106], [-46.9373, -15.205], [-46.9206, -15.1782], [-46.9141, -15.1583], [-46.9052, -15.1434], [-46.8994, -15.1372], [-46.8904, -15.1202], [-46.8883, -15.1125], [-46.8961, -15.1046], [-46.8971, -15.0953], [-46.91, -15.0879], [-46.926, -15.0736], [-46.9251, -15.0575], [-46.9495, -15.0001], [-46.9843, -14.9106], [-47.0538, -14.903], [-47.0591, -14.8945], [-47.0581, -14.8887], [-47.063, -14.8761], [-47.0638, -14.8619], [-47.0678, -14.8536], [-47.0654, -14.8456], [-47.0704, -14.841], [-47.0721, -14.8299], [-47.0674, -14.8231], [-47.0731, -14.8112], [-47.0785, -14.8092], [-47.0815, -14.8016], [-47.0984, -14.8044], [-47.1058, -14.795], [-47.1044, -14.7872], [-47.1123, -14.7836], [-47.1154, -14.7727], [-47.104, -14.7598], [-47.0962, -14.7596], [-47.0945, -14.7459], [-47.0993, -14.74], [-47.0952, -14.7254], [-47.1086, -14.7174], [-47.1115, -14.7086], [-47.1032, -14.7021], [-47.1018, -14.6828], [-47.1108, -14.6767]]]}, "properties": {"cod_ibge": 5222203, "municipio": "Vila Boa"}, "id": "5222203"}, {"type": "Feature", "geometry": {"type": "Polygon", "coordinates": [[[-48.5928, -15.3647], [-48.5866, -15.3579], [-48.5718, -15.3589], [-48.5796, -15.3484], [-48.5791, -15.3414], [-48.5826, -15.3172], [-48.5895, -15.3127], [-48.586, -15.301], [-48.5915, -15.2866], [-48.5834, -15.2733], [-48.5714, -15.2657], [-48.5691, -15.2574], [-48.5702, -15.2468], [-48.562, -15.241], [-48.5688, -15.2324], [-48.5785, -15.2296], [-48.5835, -15.2248], [-48.5885, -15.2072], [-48.5885, -15.197], [-48.5971, -15.1942], [-48.5992, -15.1834], [-48.6096, -15.1818], [-48.6179, -15.1722], [-48.6094, -15.1636], [-48.6071, -15.1528], [-48.6182, -15.1452], [-48.6195, -15.1344], [-48.6288, -15.125], [-48.627, -15.1143], [-48.6308, -15.1089], [-48.6383, -15.1104], [-48.6538, -15.1008], [-48.6431, -15.0887], [-48.6497, -15.0789], [-48.6473, -15.0756], [-48.6556, -15.0585], [-48.6521, -15.0519], [-48.6534, -15.0431], [-48.6356, -15.0342], [-48.6438, -15.0295], [-48.6379, -15.0238], [-48.6321, -15.0313], [-48.6241, -15.0287], [-48.6231, -15.022], [-48.606, -15.0173], [-48.606, -15.0099], [-48.611, -15.0024], [-48.6197, -15.001], [-48.6161, -14.9894], [-48.6265, -14.9877], [-48.627, -14.9981], [-48.6338, -14.9999], [-48.6329, -14.9855], [-48.6407, -14.9846], [-48.6433, -14.976], [-48.6398, -14.9688], [-48.6563, -14.9691], [-48.6682, -14.9843], [-48.6744, -14.9795], [-48.6981, -14.9818], [-48.6957, -14.9733], [-48.6825, -14.965], [-48.6853, -14.9597], [-48.704, -14.9473], [-48.7217, -14.952], [-48.7252, -14.9421], [-48.7346, -14.943], [-48.7443, -14.9373], [-48.7503, -14.9295], [-48.7455, -14.9218], [-48.7525, -14.9124], [-48.7438, -14.8862], [-48.7381, -14.8805], [-48.7507, -14.8731], [-48.7495, -14.8634], [-48.7573, -14.8628], [-48.765, -14.8681], [-48.7622, -14.889], [-48.7686, -14.8963], [-48.7727, -14.9078], [-48.7829, -14.9091], [-48.7867, -14.9158], [-48.7943, -14.9196], [-48.7981, -14.9297], [-48.7937, -14.9374], [-48.8023, -14.945], [-48.806, -14.9537], [-48.8069, -14.9716], [-48.8051, -14.9772], [-48.8087, -14.9878], [-48.8035, -14.9965], [-48.8068, -15.0049], [-48.8165, -15.0141], [-48.8294, -15.0223], [-48.8329, -15.0398], [-48.8456, -15.0557], [-48.8549, -15.0648], [-48.8553, -15.0761], [-48.852, -15.0884], [-48.8675, -15.0977], [-48.8669, -15.1066], [-48.8843, -15.1239], [-48.8839, -15.1406], [-48.9089, -15.167], [-48.9078, -15.1765], [-48.9146, -15.1878], [-48.9148, -15.2108], [-48.9209, -15.2169], [-48.9178, -15.2235], [-48.9185, -15.2394], [-48.9239, -15.2475], [-48.9399, -15.2606], [-48.9497, -15.2593], [-48.9756, -15.2609], [-48.9846, -15.264], [-48.9902, -15.262], [-48.9995, -15.2657], [-49.0152, -15.2826], [-49.0299, -15.2803], [-49.0388, -15.2926], [-49.0423, -15.3015], [-49.0604, -15.3068], [-49.0616, -15.3225], [-49.0677, -15.3294], [-49.0689, -15.3364], [-49.0775, -15.3433], [-49.0818, -15.3576], [-49.0769, -15.3622], [-49.0847, -15.3736], [-49.0855, -15.3821], [-49.0705, -15.3956], [-49.076, -15.4065], [-49.0729, -15.4115], [-49.0736, -15.4225], [-49.0673, -15.4313], [-49.0787, -15.445], [-49.0722, -15.4494], [-49.074, -15.4568], [-49.0905, -15.4678], [-49.0913, -15.482], [-49.0803, -15.4879], [-49.0823, -15.5071], [-49.0811, -15.5113], [-49.0734, -15.5141], [-49.0662, -15.5105], [-49.0596, -15.5184], [-49.0459, -15.5224], [-49.0398, -15.5279], [-49.0348, -15.5387], [-49.0304, -15.5405], [-49.0247, -15.5526], [-49.0249, -15.5582], [-49.0185, -15.5719], [-49.0123, -15.5634], [-48.9963, -15.5543], [-48.9985, -15.5439], [-48.9932, -15.5375], [-48.9751, -15.5298], [-48.9738, -15.5242], [-48.9574, -15.5114], [-48.9452, -15.5145], [-48.9371, -15.5113], [-48.9287, -15.5226], [-48.9175, -15.5311], [-48.9071, -15.5328], [-48.8978, -15.5298], [-48.8953, -15.5228], [-48.8701, -15.5202], [-48.866, -15.5134], [-48.8515, -15.5164], [-48.8469, -15.5196], [-48.8338, -15.5099], [-48.8203, -15.5078], [-48.814, -15.5176], [-48.8098, -15.506], [-48.7957, -15.4982], [-48.7791, -15.4959], [-48.7688, -15.4874], [-48.7525, -15.4894], [-48.7459, -15.496], [-48.7387, -15.4889], [-48.7395, -15.4828], [-48.7479, -15.4731], [-48.7381, -15.4639], [-48.7302, -15.4639], [-48.7302, -15.456], [-48.7227, -15.442], [-48.7194, -15.4221], [-48.7122, -15.4032], [-48.7043, -15.3959], [-48.6935, -15.4013], [-48.6719, -15.3865], [-48.6596, -15.3699], [-48.6408, -15.3678], [-48.6304, -15.3613], [-48.618, -15.3588], [-48.6024, -15.3612], [-48.5928, -15.3647]]]}, "properties": {"cod_ibge": 5222302, "municipio": "Vila Propicio"}, "id": "5222302"}, {"type": "Feature", "geometry": {"type": "Polygon", "coordinates": [[[-48.016, -16.0497], [-47.9386, -16.0499], [-47.8314, -16.05], [-47.6836, -16.0498], [-47.511, -16.0499], [-47.3085, -16.05], [-47.31, -16.0363], [-47.3169, -16.0362], [-47.3225, -16.0265], [-47.3353, -16.0205], [-47.3479, -16.0074], [-47.3604, -16.0078], [-47.3702, -16.0012], [-47.3784, -15.9784], [-47.3769, -15.9619], [-47.3731, -15.9588], [-47.3698, -15.9455], [-47.3736, -15.9371], [-47.3623, -15.9294], [-47.362, -15.9218], [-47.369, -15.919], [-47.3672, -15.9081], [-47.3748, -15.9067], [-47.3789, -15.8873], [-47.3722, -15.8745], [-47.368, -15.8519], [-47.3664, -15.8274], [-47.3572, -15.824], [-47.3542, -15.8141], [-47.3404, -15.795], [-47.336, -15.7814], [-47.3284, -15.7722], [-47.3294, -15.7671], [-47.3149, -15.7464], [-47.3136, -15.7382], [-47.3207, -15.7186], [-47.3139, -15.7111], [-47.3125, -15.6972], [-47.3185, -15.6902], [-47.3315, -15.6835], [-47.3272, -15.6753], [-47.3266, -15.6528], [-47.3339, -15.6295], [-47.3284, -15.6192], [-47.3222, -15.5985], [-47.316, -15.5971], [-47.3217, -15.5865], [-47.3273, -15.5897], [-47.3348, -15.5876], [-47.3476, -15.5793], [-47.3608, -15.5801], [-47.3779, -15.576], [-47.3807, -15.5669], [-47.3898, -15.5672], [-47.3939, -15.5584], [-47.4063, -15.5469], [-47.4184, -15.5457], [-47.4184, -15.5018], [-47.4927, -15.5019], [-47.6169, -15.5021], [-47.854, -15.5022], [-48.0348, -15.5022], [-48.0541, -15.5022], [-48.0543, -15.5022], [-48.0744, -15.5022], [-48.2, -15.5023], [-48.1997, -15.6229], [-48.2182, -15.6233], [-48.2342, -15.6419], [-48.2349, -15.66], [-48.2346, -15.6669], [-48.2413, -15.6867], [-48.2392, -15.6969], [-48.2412, -15.7056], [-48.2315, -15.7097], [-48.2227, -15.7081], [-48.2111, -15.7129], [-48.208, -15.7179], [-48.2088, -15.7497], [-48.2173, -15.7676], [-48.2319, -15.7784], [-48.2323, -15.784], [-48.243, -15.7973], [-48.2567, -15.8018], [-48.2678, -15.8084], [-48.2807, -15.8239], [-48.2818, -15.8306], [-48.2857, -15.8447], [-48.2795, -15.86], [-48.2771, -15.8759], [-48.2717, -15.8841], [-48.2764, -15.8924], [-48.2737, -15.8987], [-48.2747, -15.9093], [-48.27, -15.9194], [-48.2753, -15.9234], [-48.2755, -15.9304], [-48.2685, -15.9331], [-48.2641, -15.9284], [-48.2559, -15.9321], [-48.2526, -15.94], [-48.2514, -15.9557], [-48.2603, -15.9669], [-48.2582, -15.983], [-48.2616, -15.9852], [-48.2721, -16.011], [-48.2699, -16.0222], [-48.272, -16.0315], [-48.2786, -16.042], [-48.2778, -16.0496], [-48.0848, -16.0497], [-48.0181, -16.0497], [-48.016, -16.0497]]]}, "properties": {"cod_ibge": 5300108, "municipio": "Brasilia"}, "id": "5300108"}]}