CD_SETOR,NM_SUBDIST,SITUACAO,AREA_KM2,domicilios,sem_bueiro_pct,sem_pavimento_pct,esgoto_inadequado_pct,sem_agua_rede_pct,lixo_sem_coleta_pct,indice_criadouro
530010805060005,Plano Piloto,Urbana,0.661487456983214,51.0,18.3,0.0,0.0,0.0,0.0,4.6
530010805060006,Plano Piloto,Urbana,0.030693152983226,187.0,0.0,0.0,0.0,0.0,0.0,0.0
530010805060007,Plano Piloto,Urbana,0.093268166090581,204.0,0.0,0.0,0.0,0.0,0.0,0.0
530010805060008,Plano Piloto,Urbana,0.060948873234573,219.0,0.0,0.0,0.0,0.0,0.0,0.0
530010805060009,Plano Piloto,Urbana,0.057288604122938,253.0,0.0,0.0,0.0,0.0,0.0,0.0
530010805060010,Plano Piloto,Urbana,0.046968972454566,173.0,12.5,0.0,0.0,0.0,0.0,3.1
530010805060011,Plano Piloto,Urbana,0.030437812881406,140.0,0.0,0.0,0.0,0.0,0.0,0.0
530010805060012,Plano Piloto,Urbana,0.053815955005067,227.0,0.0,0.0,,0.0,0.0,
530010805060013,Plano Piloto,Urbana,0.060119250793203,265.0,0.0,0.0,0.0,0.0,0.0,0.0
530010805060014,Plano Piloto,Urbana,0.063975268530716,246.0,0.0,0.0,0.0,0.0,0.0,0.0
530010805060015,Plano Piloto,Urbana,0.072276120219331,243.0,20.0,0.0,,0.0,0.0,
530010805060016,Plano Piloto,Urbana,0.036708305999298,151.0,8.3,0.0,0.0,0.0,0.0,2.1
530010805060017,Plano Piloto,Urbana,0.0356322675368,157.0,0.0,0.0,0.0,0.0,0.0,0.0
530010805060018,Plano Piloto,Urbana,0.019228640451438,193.0,0.0,0.0,0.0,0.0,0.0,0.0
530010805060019,Plano Piloto,Urbana,0.030031126595663,198.0,16.7,0.0,0.0,0.0,0.0,4.2
530010805060020,Plano Piloto,Urbana,0.030181285104176,149.0,0.0,0.0,0.0,0.0,0.0,0.0
530010805060021,Plano Piloto,Urbana,0.024268793177998,92.0,0.0,0.0,0.0,0.0,0.0,0.0
530010805060022,Plano Piloto,Urbana,0.071608374070666,191.0,0.0,0.0,0.0,0.0,0.0,0.0
530010805060023,Plano Piloto,Urbana,0.056194947685816,143.0,0.0,0.0,0.0,0.0,,
530010805060024,Plano Piloto,Urbana,0.042701159490039,216.0,0.0,0.0,0.0,0.0,0.0,0.0
530010805060025,Plano Piloto,Urbana,0.01866929335333,176.0,0.0,0.0,0.0,0.0,0.0,0.0
530010805060026,Plano Piloto,Urbana,0.061272864577347,200.0,11.1,0.0,0.0,0.0,0.0,2.8
530010805060027,Plano Piloto,Urbana,0.093892369126537,297.0,7.7,0.0,,0.0,0.0,
530010805060028,Plano Piloto,Urbana,0.036888568767396,142.0,0.0,0.0,0.0,0.0,0.0,0.0
530010805060029,Plano Piloto,Urbana,0.072614449253926,207.0,0.0,0.0,0.0,0.0,0.0,0.0
530010805060030,Plano Piloto,Urbana,0.021854937384059,179.0,0.0,0.0,0.0,0.0,0.0,0.0
530010805060031,Plano Piloto,Urbana,0.057928131304202,99.0,56.2,0.0,0.0,0.0,0.0,14.0
530010805060032,Plano Piloto,Urbana,0.024513430900316,151.0,0.0,0.0,0.0,0.0,0.0,0.0
530010805060033,Plano Piloto,Urbana,0.0461996892981,186.0,30.0,0.0,0.0,0.0,0.0,7.5
530010805060034,Plano Piloto,Urbana,0.01088584494713,164.0,0.0,0.0,0.0,0.0,0.0,0.0
530010805060035,Plano Piloto,Urbana,0.061763781751984,305.0,36.4,0.0,0.0,0.0,0.0,9.1
530010805060036,Plano Piloto,Urbana,0.04060195861085,280.0,16.7,0.0,0.0,0.0,0.0,4.2
530010805060037,Plano Piloto,Urbana,0.040724932103388,188.0,100.0,8.3,0.0,0.0,0.0,27.1
530010805060038,Plano Piloto,Urbana,0.029443196323754,146.0,75.0,0.0,0.0,0.0,0.0,18.8
530010805060039,Plano Piloto,Urbana,0.083602584832691,236.0,87.5,0.0,0.0,0.0,0.0,21.9
530010805060040,Plano Piloto,Urbana,0.037827968237898,126.0,100.0,0.0,0.0,0.0,0.0,25.0
530010805060041,Plano Piloto,Urbana,0.021841934482733,197.0,66.7,0.0,0.0,0.0,0.0,16.7
530010805060042,Plano Piloto,Urbana,0.028916595647705,264.0,100.0,0.0,0.0,0.0,0.0,25.0
530010805060043,Plano Piloto,Urbana,0.026358828279728,235.0,25.0,0.0,0.0,0.0,0.0,6.2
530010805060044,Plano Piloto,Urbana,0.029614061344685,178.0,100.0,0.0,0.0,0.0,0.0,25.0
530010805060045,Plano Piloto,Urbana,0.087301493354884,195.0,60.0,0.0,0.0,0.0,0.0,15.0
530010805060046,Plano Piloto,Urbana,0.033450001354058,144.0,81.8,0.0,0.0,0.0,0.0,20.4
530010805060047,Plano Piloto,Urbana,0.027991045173624,175.0,0.0,0.0,0.0,0.0,0.0,0.0
530010805060048,Plano Piloto,Urbana,0.017046316674289,161.0,0.0,0.0,0.0,0.0,0.0,0.0
530010805060049,Plano Piloto,Urbana,0.021791523698269,177.0,0.0,0.0,0.0,0.0,0.0,0.0
530010805060050,Plano Piloto,Urbana,0.037403591356162,174.0,0.0,0.0,0.0,0.0,0.0,0.0
530010805060051,Plano Piloto,Urbana,0.04103985199533,207.0,66.7,0.0,0.0,0.0,0.0,16.7
530010805060052,Plano Piloto,Urbana,0.022343411846004,173.0,0.0,0.0,0.0,0.0,0.0,0.0
530010805060053,Plano Piloto,Urbana,0.014717996763962,137.0,0.0,0.0,0.0,0.0,0.0,0.0
530010805060054,Plano Piloto,Urbana,0.019891318702474,211.0,25.0,0.0,0.0,0.0,0.0,6.2
530010805060055,Plano Piloto,Urbana,0.145235062412766,257.0,12.5,0.0,0.0,0.0,0.0,3.1
530010805060056,Plano Piloto,Urbana,0.069462684942192,224.0,0.0,0.0,0.0,0.0,0.0,0.0
530010805060057,Plano Piloto,Urbana,0.048752528156271,223.0,50.0,0.0,0.0,0.0,0.0,12.5
530010805060058,Plano Piloto,Urbana,0.007568444344245,165.0,0.0,0.0,,0.0,0.0,
530010805060059,Plano Piloto,Urbana,0.01787327348509,236.0,0.0,0.0,0.0,0.0,0.0,0.0
530010805060060,Plano Piloto,Urbana,0.316407609284231,182.0,23.8,0.0,0.0,0.0,0.0,6.0
530010805060061,Plano Piloto,Urbana,0.039500608545482,294.0,0.0,0.0,0.0,0.0,0.0,0.0
530010805060062,Plano Piloto,Urbana,0.017851111352969,141.0,0.0,0.0,0.0,0.0,0.0,0.0
530010805060063,Plano Piloto,Urbana,0.034642721836829,149.0,25.0,0.0,0.0,0.0,0.0,6.2
530010805060064,Plano Piloto,Urbana,0.059144091839303,146.0,0.0,0.0,0.0,0.0,0.0,0.0
530010805060065,Plano Piloto,Urbana,0.299283418971329,270.0,0.0,0.0,0.0,0.0,0.0,0.0
530010805060066,Plano Piloto,Urbana,0.032581858379558,215.0,0.0,0.0,0.0,0.0,0.0,0.0
530010805060067,Plano Piloto,Urbana,0.031724196496944,169.0,0.0,0.0,0.0,0.0,0.0,0.0
530010805060068,Plano Piloto,Urbana,0.058860924692934,241.0,0.0,0.0,0.0,0.0,0.0,0.0
530010805060069,Plano Piloto,Urbana,0.069536530863225,235.0,0.0,0.0,0.0,0.0,0.0,0.0
530010805060070,Plano Piloto,Urbana,0.015348095012436,260.0,0.0,0.0,0.0,0.0,0.0,0.0
530010805060071,Plano Piloto,Urbana,0.03122755085944,200.0,0.0,0.0,0.0,0.0,0.0,0.0
530010805060072,Plano Piloto,Urbana,0.012736811771252,183.0,0.0,0.0,0.0,0.0,0.0,0.0
530010805060073,Plano Piloto,Urbana,0.06038402502689,227.0,0.0,0.0,0.0,0.0,0.0,0.0
530010805060074,Plano Piloto,Urbana,0.017666815156357,248.0,0.0,0.0,0.0,0.0,0.0,0.0
530010805060075,Plano Piloto,Urbana,0.023705340340941,138.0,0.0,0.0,0.0,0.0,0.0,0.0
530010805060076,Plano Piloto,Urbana,0.079725718839343,233.0,8.3,0.0,0.0,0.0,0.0,2.1
530010805060077,Plano Piloto,Urbana,0.06608664555204,188.0,14.3,0.0,0.0,0.0,0.0,3.6
530010805060078,Plano Piloto,Urbana,0.037970435618259,317.0,0.0,0.0,0.0,0.0,0.0,0.0
530010805060079,Plano Piloto,Urbana,0.010827654909741,92.0,20.0,0.0,0.0,0.0,0.0,5.0
530010805060080,Plano Piloto,Urbana,0.065294063849544,217.0,20.0,0.0,0.0,0.0,0.0,5.0
530010805060081,Plano Piloto,Urbana,0.013249963201513,252.0,0.0,0.0,0.0,0.0,0.0,0.0
530010805060082,Plano Piloto,Urbana,0.020566250716676,226.0,0.0,0.0,0.0,0.0,0.0,0.0
530010805060083,Plano Piloto,Urbana,0.040212258841247,136.0,0.0,0.0,0.0,0.0,0.0,0.0
530010805060084,Plano Piloto,Urbana,0.036514046008088,159.0,0.0,0.0,0.0,0.0,0.0,0.0
530010805060085,Plano Piloto,Urbana,0.059866481306293,200.0,21.4,0.0,0.0,0.0,0.0,5.4
530010805060086,Plano Piloto,Urbana,0.060369825331021,229.0,8.3,0.0,0.0,0.0,0.0,2.1
530010805060087,Plano Piloto,Urbana,0.05133653934227,154.0,0.0,0.0,0.0,0.0,0.0,0.0
530010805060088,Plano Piloto,Urbana,0.042574728482865,191.0,0.0,0.0,0.0,0.0,0.0,0.0
530010805060089,Plano Piloto,Urbana,0.048324068914462,220.0,62.5,0.0,0.0,0.0,0.0,15.6
530010805060090,Plano Piloto,Urbana,0.070067851289873,342.0,22.2,0.0,0.0,0.0,0.0,5.6
530010805060091,Plano Piloto,Urbana,0.048879590993932,152.0,50.0,0.0,0.0,0.0,0.0,12.5
530010805060092,Plano Piloto,Urbana,0.072458700410626,272.0,37.5,0.0,0.0,0.0,0.0,9.4
530010805060093,Plano Piloto,Urbana,0.040288108347139,134.0,20.0,0.0,0.0,0.0,0.0,5.0
530010805060094,Plano Piloto,Urbana,0.142693085036896,211.0,61.5,0.0,0.0,0.0,0.0,15.4
530010805060095,Plano Piloto,Urbana,0.034142484082701,186.0,27.3,0.0,0.0,0.0,0.0,6.8
530010805060096,Plano Piloto,Urbana,0.038852695995554,194.0,0.0,0.0,0.0,2.1,0.0,0.0
530010805060097,Plano Piloto,Urbana,0.042049118166688,129.0,12.5,0.0,0.0,,0.0,3.1
530010805060098,Plano Piloto,Urbana,0.082115552115464,132.0,54.5,0.0,0.0,0.0,0.0,13.6
530010805060099,Plano Piloto,Urbana,0.087350874847239,164.0,0.0,0.0,0.0,0.0,0.0,0.0
530010805060100,Plano Piloto,Urbana,0.113003136520357,248.0,26.7,0.0,0.0,0.0,0.0,6.7
530010805060101,Plano Piloto,Urbana,0.04081283615065,164.0,12.5,0.0,0.0,0.0,0.0,3.1
530010805060102,Plano Piloto,Urbana,0.029000612486687,155.0,10.0,0.0,0.0,0.0,0.0,2.5
530010805060103,Plano Piloto,Urbana,0.032755134169616,124.0,22.2,0.0,0.0,,0.0,5.6
530010805060104,Plano Piloto,Urbana,0.107244423899066,250.0,40.0,0.0,0.0,0.0,0.0,10.0
530010805060105,Plano Piloto,Urbana,0.123457527862691,245.0,53.8,0.0,0.0,0.0,0.0,13.4
530010805060106,Plano Piloto,Urbana,0.060702261883012,219.0,55.6,0.0,0.0,0.0,0.0,13.9
530010805060107,Plano Piloto,Urbana,0.024341953500833,148.0,12.5,0.0,0.0,0.0,0.0,3.1
530010805060108,Plano Piloto,Urbana,0.043257816779138,180.0,62.5,0.0,0.0,0.0,0.0,15.6
530010805060109,Plano Piloto,Urbana,0.035596053636619,184.0,20.0,0.0,0.0,0.0,0.0,5.0
530010805060110,Plano Piloto,Urbana,0.074459759841194,211.0,16.7,0.0,0.0,0.0,0.0,4.2
530010805060111,Plano Piloto,Urbana,0.026017049054779,77.0,20.0,0.0,0.0,0.0,0.0,5.0
530010805060112,Plano Piloto,Urbana,0.031045620766292,235.0,33.3,0.0,0.0,0.0,0.0,8.3
530010805060113,Plano Piloto,Urbana,0.043126098005774,180.0,42.9,0.0,0.0,0.0,0.0,10.7
530010805060114,Plano Piloto,Urbana,0.087504634911878,154.0,16.7,0.0,0.0,0.0,0.0,4.2
530010805060115,Plano Piloto,Urbana,0.050861648494171,170.0,25.0,0.0,0.0,0.0,0.0,6.2
530010805060116,Plano Piloto,Urbana,0.031380950709848,163.0,0.0,0.0,0.0,0.0,0.0,0.0
530010805060117,Plano Piloto,Urbana,0.082746202590283,184.0,5.9,0.0,0.0,0.0,0.0,1.5
530010805060118,Plano Piloto,Urbana,0.070239594340123,246.0,10.0,0.0,0.0,0.0,0.0,2.5
530010805060119,Plano Piloto,Urbana,0.087933584089331,256.0,0.0,0.0,0.0,0.0,0.0,0.0
530010805060120,Plano Piloto,Urbana,0.039165251605836,175.0,8.3,0.0,0.0,0.0,0.0,2.1
530010805060121,Plano Piloto,Urbana,0.041648548459854,186.0,0.0,0.0,0.0,0.0,0.0,0.0
530010805060122,Plano Piloto,Urbana,0.029949650184818,111.0,11.1,0.0,0.0,0.0,0.0,2.8
530010805060123,Plano Piloto,Urbana,0.038826085812655,198.0,28.6,0.0,0.0,0.0,0.0,7.2
530010805060124,Plano Piloto,Urbana,0.045577164713429,215.0,14.3,0.0,0.0,0.0,0.0,3.6
530010805060125,Plano Piloto,Urbana,0.079669670349522,275.0,30.0,0.0,0.0,0.0,0.0,7.5
530010805060126,Plano Piloto,Urbana,0.014395142441821,112.0,0.0,0.0,0.0,0.0,0.0,0.0
530010805060127,Plano Piloto,Urbana,0.06878456799295,241.0,12.5,0.0,0.0,0.0,0.0,3.1
530010805060128,Plano Piloto,Urbana,0.046816883758897,136.0,0.0,0.0,0.0,0.0,0.0,0.0
530010805060129,Plano Piloto,Urbana,0.068470998492669,145.0,20.0,0.0,0.0,0.0,0.0,5.0
530010805060130,Plano Piloto,Urbana,0.057967054714207,211.0,7.1,0.0,0.0,0.0,0.0,1.8
530010805060131,Plano Piloto,Urbana,0.075612776206165,198.0,6.2,0.0,0.0,0.0,0.0,1.6
530010805060132,Plano Piloto,Urbana,0.089760994026007,176.0,30.0,0.0,0.0,0.0,0.0,7.5
530010805060133,Plano Piloto,Urbana,0.076639704259879,231.0,15.0,0.0,0.0,0.0,0.0,3.8
530010805060134,Plano Piloto,Urbana,0.051198484170769,211.0,0.0,0.0,0.0,0.0,0.0,0.0
530010805060135,Plano Piloto,Urbana,0.071547833111981,225.0,26.7,0.0,0.0,0.0,0.0,6.7
530010805060136,Plano Piloto,Urbana,0.102300792378607,261.0,0.0,0.0,0.0,0.0,0.0,0.0
530010805060137,Plano Piloto,Urbana,0.102287533141243,205.0,23.1,0.0,0.0,0.0,0.0,5.8
530010805060138,Plano Piloto,Urbana,0.044934544473206,199.0,15.4,0.0,0.0,0.0,0.0,3.8
530010805060139,Plano Piloto,Urbana,0.068156605157444,208.0,16.7,0.0,0.0,0.0,0.0,4.2
530010805060140,Plano Piloto,Urbana,0.070499752255488,251.0,0.0,0.0,0.0,0.0,0.0,0.0
530010805060141,Plano Piloto,Urbana,0.035096105736848,171.0,33.3,0.0,0.0,0.0,0.0,8.3
530010805060142,Plano Piloto,Urbana,0.031751448116542,147.0,0.0,0.0,0.0,0.0,0.0,0.0
530010805060143,Plano Piloto,Urbana,0.087011867679732,237.0,11.8,0.0,0.0,0.0,0.0,3.0
530010805060144,Plano Piloto,Urbana,0.020511934311845,152.0,16.7,0.0,0.0,0.0,0.0,4.2
530010805060145,Plano Piloto,Urbana,0.026139535336649,154.0,25.0,0.0,0.0,0.0,0.0,6.2
530010805060146,Plano Piloto,Urbana,0.025471109385667,155.0,0.0,0.0,0.0,0.0,0.0,0.0
530010805060147,Plano Piloto,Urbana,0.052939192056039,132.0,0.0,0.0,0.0,0.0,0.0,0.0
530010805060148,Plano Piloto,Urbana,0.043644174426377,205.0,20.0,0.0,0.0,0.0,0.0,5.0
530010805060149,Plano Piloto,Urbana,0.042819966037001,125.0,9.1,0.0,0.0,0.0,0.0,2.3
530010805060150,Plano Piloto,Urbana,0.044364475101762,241.0,30.0,0.0,0.0,0.0,0.0,7.5
530010805060151,Plano Piloto,Urbana,0.035801835796196,129.0,0.0,0.0,0.0,0.0,0.0,0.0
530010805060152,Plano Piloto,Urbana,0.027385388047362,144.0,28.6,0.0,0.0,0.0,0.0,7.2
530010805060153,Plano Piloto,Urbana,0.040468681746515,158.0,12.5,0.0,0.0,0.0,0.0,3.1
530010805060154,Plano Piloto,Urbana,0.08909390824776,140.0,0.0,0.0,0.0,0.0,0.0,0.0
530010805060155,Plano Piloto,Urbana,0.066623185777591,212.0,16.7,0.0,0.0,0.0,0.0,4.2
530010805060156,Plano Piloto,Urbana,0.038261601397129,116.0,0.0,0.0,0.0,0.0,0.0,0.0
530010805060157,Plano Piloto,Urbana,0.041043657518728,204.0,10.0,0.0,0.0,0.0,0.0,2.5
530010805060158,Plano Piloto,Urbana,0.035411348431907,180.0,11.1,0.0,,0.0,0.0,
530010805060159,Plano Piloto,Urbana,0.038661345180912,154.0,0.0,0.0,0.0,0.0,0.0,0.0
530010805060160,Plano Piloto,Urbana,0.063547276693026,266.0,20.0,0.0,0.0,0.0,0.0,5.0
530010805060161,Plano Piloto,Urbana,0.054205374368074,227.0,12.5,0.0,0.0,0.0,0.0,3.1
530010805060162,Plano Piloto,Urbana,0.091921397604248,215.0,0.0,0.0,0.0,0.0,0.0,0.0
530010805060163,Plano Piloto,Urbana,0.038888050310776,217.0,0.0,0.0,0.0,0.0,0.0,0.0
530010805060164,Plano Piloto,Urbana,0.034297312446199,187.0,0.0,0.0,0.0,0.0,0.0,0.0
530010805060165,Plano Piloto,Urbana,0.046480459870157,186.0,0.0,0.0,0.0,0.0,0.0,0.0
530010805060166,Plano Piloto,Urbana,0.045996893659315,205.0,0.0,0.0,0.0,0.0,0.0,0.0
530010805060167,Plano Piloto,Urbana,0.086051922358749,221.0,0.0,0.0,0.0,0.0,0.0,0.0
530010805060168,Plano Piloto,Urbana,0.085965933560721,265.0,9.5,0.0,0.0,0.0,0.0,2.4
530010805060169,Plano Piloto,Urbana,0.044938169010063,145.0,12.5,0.0,0.0,0.0,0.0,3.1
530010805060170,Plano Piloto,Urbana,0.121376192712297,219.0,0.0,0.0,0.0,0.0,0.0,0.0
530010805060171,Plano Piloto,Urbana,0.075057329043099,145.0,9.1,0.0,0.0,0.0,0.0,2.3
530010805060172,Plano Piloto,Urbana,0.045796337139534,141.0,16.7,0.0,0.0,0.0,0.0,4.2
530010805060173,Plano Piloto,Urbana,0.04603145956554,161.0,25.0,0.0,0.0,0.0,0.0,6.2
530010805060174,Plano Piloto,Urbana,0.030326725953195,105.0,10.0,0.0,0.0,0.0,0.0,2.5
530010805060175,Plano Piloto,Urbana,0.045883904199389,131.0,11.1,0.0,0.0,0.0,0.0,2.8
530010805060176,Plano Piloto,Urbana,0.072552786102835,200.0,0.0,0.0,0.0,0.0,0.0,0.0
530010805060177,Plano Piloto,Urbana,0.106245870518463,235.0,20.0,0.0,0.0,0.0,0.0,5.0
530010805060178,Plano Piloto,Urbana,0.07606592927097,132.0,10.0,0.0,0.0,0.0,0.0,2.5
530010805060179,Plano Piloto,Urbana,0.029051996511772,136.0,0.0,0.0,0.0,0.0,0.0,0.0
530010805060180,Plano Piloto,Urbana,0.095018586847914,112.0,23.1,0.0,0.0,0.0,0.0,5.8
530010805060181,Plano Piloto,Urbana,0.068415030983426,251.0,8.3,0.0,0.0,0.0,0.0,2.1
530010805060182,Plano Piloto,Urbana,0.093631795214747,224.0,0.0,0.0,0.0,0.0,0.0,0.0
530010805060183,Plano Piloto,Urbana,0.067990719502783,189.0,9.1,0.0,0.0,0.0,0.0,2.3
530010805060184,Plano Piloto,Urbana,0.061974866218251,232.0,0.0,0.0,0.0,0.0,0.0,0.0
530010805060185,Plano Piloto,Urbana,0.083214087122274,158.0,13.3,0.0,0.0,,0.0,3.3
530010805060186,Plano Piloto,Urbana,0.154162182847631,218.0,10.0,0.0,0.0,0.0,0.0,2.5
530010805060187,Plano Piloto,Urbana,0.071930988386594,173.0,10.0,0.0,0.0,0.0,0.0,2.5
530010805060188,Plano Piloto,Urbana,0.044983786537463,192.0,14.3,0.0,0.0,0.0,0.0,3.6
530010805060189,Plano Piloto,Urbana,0.036463107985073,213.0,16.7,0.0,0.0,0.0,0.0,4.2
530010805060190,Plano Piloto,Urbana,0.040665411006222,149.0,22.2,0.0,0.0,0.0,0.0,5.6
530010805060191,Plano Piloto,Urbana,0.083375285837229,143.0,9.1,0.0,0.0,0.0,0.0,2.3
530010805060192,Plano Piloto,Urbana,0.054865268186348,145.0,23.5,0.0,0.0,0.0,0.0,5.9
530010805060193,Plano Piloto,Urbana,0.056140741503104,152.0,7.7,0.0,0.0,0.0,0.0,1.9
530010805060194,Plano Piloto,Urbana,0.046851786913229,227.0,0.0,0.0,0.0,0.0,0.0,0.0
530010805060195,Plano Piloto,Urbana,0.064097972899003,177.0,0.0,0.0,0.0,0.0,0.0,0.0
530010805060196,Plano Piloto,Urbana,0.104058708660452,213.0,0.0,0.0,0.0,0.0,0.0,0.0
530010805060197,Plano Piloto,Urbana,0.055988208905237,194.0,13.3,0.0,0.0,0.0,0.0,3.3
530010805060198,Plano Piloto,Urbana,0.037904880602666,143.0,0.0,0.0,0.0,0.0,0.0,0.0
530010805060199,Plano Piloto,Urbana,0.084704878147733,213.0,10.5,0.0,0.0,0.0,,
530010805060200,Plano Piloto,Urbana,0.101894603418354,211.0,17.6,0.0,0.0,0.0,,
530010805060201,Plano Piloto,Urbana,0.038070294232134,206.0,22.2,0.0,0.0,0.0,0.0,5.6
530010805060202,Plano Piloto,Urbana,0.067751691801475,186.0,6.2,0.0,0.0,0.0,0.0,1.6
530010805060203,Plano Piloto,Urbana,0.048436563091811,182.0,0.0,0.0,0.0,0.0,0.0,0.0
530010805060204,Plano Piloto,Urbana,0.07538043589402,174.0,14.3,0.0,0.0,0.0,0.0,3.6
530010805060205,Plano Piloto,Urbana,0.071467329411694,188.0,0.0,0.0,0.0,0.0,,
530010805060206,Plano Piloto,Urbana,0.043509502645792,189.0,12.5,0.0,0.0,0.0,0.0,3.1
530010805060207,Plano Piloto,Urbana,0.06673780551568,202.0,15.8,0.0,0.0,0.0,0.0,4.0
530010805060208,Plano Piloto,Urbana,0.07930276042143,183.0,10.0,0.0,0.0,0.0,0.0,2.5
530010805060209,Plano Piloto,Urbana,0.07094554356786,146.0,0.0,0.0,0.0,0.0,0.0,0.0
530010805060210,Plano Piloto,Urbana,0.08140042446907,179.0,0.0,0.0,0.0,0.0,0.0,0.0
530010805060211,Plano Piloto,Urbana,0.067883496000149,185.0,5.3,0.0,0.0,0.0,0.0,1.3
530010805060212,Plano Piloto,Urbana,0.017563512875168,114.0,0.0,0.0,0.0,0.0,0.0,0.0
530010805060213,Plano Piloto,Urbana,0.057979475724597,195.0,38.9,0.0,0.0,0.0,0.0,9.7
530010805060214,Plano Piloto,Urbana,0.049472150971775,195.0,0.0,0.0,0.0,0.0,0.0,0.0
530010805060215,Plano Piloto,Urbana,0.059934650467293,164.0,14.3,0.0,0.0,0.0,0.0,3.6
530010805060216,Plano Piloto,Urbana,0.053046576721152,149.0,11.1,0.0,0.0,0.0,0.0,2.8
530010805060217,Plano Piloto,Urbana,0.011643982067566,169.0,0.0,0.0,0.0,0.0,0.0,0.0
530010805060218,Plano Piloto,Urbana,0.014967399809771,133.0,33.3,0.0,0.0,0.0,0.0,8.3
530010805060219,Plano Piloto,Urbana,0.054846384329587,234.0,15.4,0.0,0.0,0.0,0.0,3.8
530010805060220,Plano Piloto,Urbana,0.090281184485919,192.0,83.3,0.0,0.0,0.0,0.0,20.8
530010805060221,Plano Piloto,Urbana,0.03571535786171,168.0,28.6,0.0,0.0,0.0,0.0,7.2
530010805060222,Plano Piloto,Urbana,0.049807246193321,225.0,66.7,0.0,0.0,0.0,0.0,16.7
530010805060223,Plano Piloto,Urbana,0.047099381177312,107.0,50.0,0.0,0.0,0.0,0.0,12.5
530010805060224,Plano Piloto,Urbana,0.026833325102948,137.0,14.3,0.0,0.0,0.0,0.0,3.6
530010805060225,Plano Piloto,Urbana,0.285965273492849,254.0,26.3,0.0,0.0,0.0,0.0,6.6
530010805060226,Plano Piloto,Urbana,0.111579231185455,123.0,28.6,0.0,0.0,0.0,0.0,7.2
530010805060227,Plano Piloto,Urbana,0.123660432058767,178.0,22.7,4.5,0.0,0.0,0.0,6.8
530010805060228,Plano Piloto,Urbana,0.21817029959972,171.0,31.2,3.1,0.0,0.0,0.0,8.6
530010805060229,Plano Piloto,Urbana,0.244217715040133,182.0,8.6,2.9,0.0,0.0,0.0,2.9
530010805060230,Plano Piloto,Urbana,0.31744016260409,200.0,13.3,3.3,0.0,0.0,0.0,4.2
530010805060231,Plano Piloto,Urbana,0.142260232502308,122.0,21.4,0.0,0.0,0.0,0.0,5.4
530010805060233,Plano Piloto,Urbana,0.214811491841196,174.0,0.0,0.0,0.0,0.0,0.0,0.0
530010805060234,Plano Piloto,Urbana,0.182037308240802,254.0,15.0,0.0,0.0,0.0,0.0,3.8
530010805060235,Plano Piloto,Urbana,0.118864605306975,251.0,0.0,0.0,0.0,0.0,,
530010805060236,Plano Piloto,Urbana,0.262870196308345,185.0,2.8,0.0,0.0,0.0,0.0,0.7
530010805060237,Plano Piloto,Urbana,2.330752593795001,172.0,0.0,0.0,0.0,0.0,,
530010805060238,Plano Piloto,Urbana,0.050955050183714,165.0,46.2,0.0,0.0,0.0,,
530010805060239,Plano Piloto,Urbana,0.015676189497418,71.0,20.0,0.0,0.0,0.0,0.0,5.0
530010805060240,Plano Piloto,Urbana,0.297567982833225,194.0,64.5,0.0,0.0,0.0,0.0,16.1
530010805060241,Plano Piloto,Urbana,0.015143461929453,,100.0,0.0,,,,
530010805060242,Plano Piloto,Urbana,0.058071851223487,246.0,31.6,0.0,0.0,0.0,,
530010805060243,Plano Piloto,Urbana,0.022986677774637,142.0,71.4,0.0,0.0,0.0,0.0,17.8
530010805060244,Plano Piloto,Urbana,0.325764949835482,191.0,52.2,0.0,0.0,0.0,0.0,13.0
530010805060245,Plano Piloto,Urbana,0.177647621524821,160.0,62.5,0.0,0.0,0.0,0.0,15.6
530010805060246,Plano Piloto,Urbana,0.035856113948083,284.0,22.2,0.0,0.0,0.0,0.0,5.6
530010805060247,Plano Piloto,Urbana,0.22710628505937,161.0,46.7,0.0,0.0,0.0,0.0,11.7
530010805060248,Plano Piloto,Urbana,0.062490548777051,171.0,83.3,0.0,,0.0,0.0,
530010805060249,Plano Piloto,Urbana,0.202811821355784,407.0,37.0,0.0,0.0,0.0,0.0,9.2
530010805060250,Plano Piloto,Urbana,0.013604346246136,113.0,0.0,0.0,0.0,0.0,0.0,0.0
530010805060251,Plano Piloto,Urbana,0.067373166024812,120.0,16.7,0.0,0.0,0.0,0.0,4.2
530010805060252,Plano Piloto,Urbana,0.084594376313687,310.0,4.3,0.0,0.0,0.0,,
530010805060253,Plano Piloto,Urbana,0.031162678377693,210.0,0.0,0.0,0.0,0.0,0.0,0.0
530010805060254,Plano Piloto,Urbana,0.197373393282501,288.0,40.6,0.0,0.0,0.0,,
530010805060255,Plano Piloto,Urbana,0.068838030723466,160.0,4.2,0.0,0.0,0.0,0.0,1.0
530010805060257,Plano Piloto,Urbana,0.015560792449097,157.0,100.0,0.0,0.0,0.0,0.0,25.0
530010805060260,Plano Piloto,Urbana,0.088313051538223,211.0,40.9,0.0,,0.0,0.0,
530010805060261,Plano Piloto,Urbana,0.03303758182636,174.0,0.0,0.0,,0.0,0.0,
530010805060262,Plano Piloto,Urbana,1.601782786906337,208.0,46.7,0.0,0.0,0.0,,
530010805060263,Plano Piloto,Urbana,0.054541199432939,152.0,25.0,0.0,0.0,0.0,0.0,6.2
530010805060264,Plano Piloto,Urbana,3.318044915365925,134.0,41.2,0.0,0.0,0.0,0.0,10.3
530010805060265,Plano Piloto,Urbana,0.07727583408004,273.0,88.2,0.0,0.0,0.0,0.0,22.0
530010805060266,Plano Piloto,Urbana,0.091921804075712,373.0,81.0,0.0,0.0,0.0,0.0,20.2
530010805060267,Plano Piloto,Urbana,0.13503147537012,428.0,54.9,2.0,0.0,0.0,,
530010805060268,Plano Piloto,Urbana,0.086521670718395,274.0,76.9,0.0,0.0,0.0,0.0,19.2
530010805060269,Plano Piloto,Urbana,0.37525915391489,220.0,33.3,0.0,0.0,0.0,0.0,8.3
530010805060270,Plano Piloto,Urbana,0.137430720979301,,0.0,0.0,,,,
530010805060272,Plano Piloto,Urbana,0.037288352696299,,0.0,0.0,,,,
530010805060274,Plano Piloto,Urbana,4.561405629315592,210.0,23.4,0.0,0.0,0.0,0.0,5.8
530010805060275,Plano Piloto,Urbana,0.246376659267536,217.0,16.7,0.0,0.0,0.0,0.0,4.2
530010805060276,Plano Piloto,Urbana,0.400620555532849,177.0,12.5,0.0,0.0,0.0,0.0,3.1
530010805060277,Plano Piloto,Urbana,0.256921385234122,,0.0,0.0,,,,
530010805060278,Plano Piloto,Urbana,0.18827622924288,,87.5,0.0,,,,
530010805060279,Plano Piloto,Urbana,0.186152595707788,,38.5,0.0,,,,
530010805060281,Plano Piloto,Urbana,1.047862066334759,,60.0,20.0,,,,
530010805060282,Plano Piloto,Urbana,0.069559446709757,142.0,70.6,0.0,0.0,,0.0,17.6
530010805060294,Plano Piloto,Urbana,0.062911540760806,268.0,14.3,0.0,0.0,0.0,0.0,3.6
530010805060295,Plano Piloto,Urbana,0.035597351438924,95.0,11.1,0.0,0.0,0.0,0.0,2.8
530010805060296,Plano Piloto,Urbana,0.031941725105684,195.0,0.0,0.0,0.0,0.0,0.0,0.0
530010805060297,Plano Piloto,Urbana,0.045939347079809,201.0,25.0,0.0,0.0,0.0,0.0,6.2
530010805060298,Plano Piloto,Urbana,0.04208757740797,189.0,0.0,0.0,0.0,0.0,0.0,0.0
530010805060299,Plano Piloto,Urbana,0.031816258274094,129.0,0.0,0.0,0.0,0.0,0.0,0.0
530010805060300,Plano Piloto,Urbana,0.025112615336955,150.0,28.6,0.0,0.0,0.0,0.0,7.2
530010805060301,Plano Piloto,Urbana,0.072465639512196,195.0,50.0,0.0,0.0,0.0,0.0,12.5
530010805060302,Plano Piloto,Urbana,0.05718342537997,238.0,40.0,0.0,0.0,0.0,0.0,10.0
530010805060303,Plano Piloto,Urbana,0.061463171488005,166.0,100.0,0.0,0.0,0.0,0.0,25.0
530010805060304,Plano Piloto,Urbana,0.05110697219612,142.0,16.7,0.0,0.0,0.0,0.0,4.2
530010805060305,Plano Piloto,Urbana,0.022694714597157,211.0,75.0,0.0,0.0,0.0,0.0,18.8
530010805060306,Plano Piloto,Urbana,0.077237107983612,204.0,10.0,0.0,0.0,0.0,0.0,2.5
530010805060307,Plano Piloto,Urbana,0.058831278941398,202.0,50.0,0.0,0.0,0.0,0.0,12.5
530010805060308,Plano Piloto,Urbana,0.011203208045816,125.0,0.0,0.0,0.0,0.0,0.0,0.0
530010805060309,Plano Piloto,Urbana,0.080093377962813,151.0,0.0,0.0,0.0,0.0,0.0,0.0
530010805060310,Plano Piloto,Urbana,0.026766418550818,106.0,80.0,0.0,0.0,0.0,0.0,20.0
530010805060311,Plano Piloto,Urbana,0.0364812250513,93.0,42.9,0.0,0.0,0.0,0.0,10.7
530010805060312,Plano Piloto,Urbana,0.015080827044853,107.0,0.0,0.0,0.0,0.0,0.0,0.0
530010805060313,Plano Piloto,Urbana,0.051645644686507,151.0,22.2,0.0,0.0,0.0,0.0,5.6
530010805060314,Plano Piloto,Urbana,0.019478035301847,149.0,66.7,0.0,0.0,0.0,0.0,16.7
530010805060315,Plano Piloto,Urbana,0.044105457627002,188.0,0.0,0.0,0.0,0.0,,
530010805060316,Plano Piloto,Urbana,0.045743605935941,232.0,0.0,0.0,0.0,0.0,0.0,0.0
530010805060317,Plano Piloto,Urbana,0.05487138612419,223.0,25.0,0.0,0.0,0.0,0.0,6.2
530010805060318,Plano Piloto,Urbana,0.024817407941967,145.0,0.0,0.0,0.0,0.0,0.0,0.0
530010805060319,Plano Piloto,Urbana,0.035970914515498,165.0,0.0,0.0,0.0,0.0,0.0,0.0
530010805060320,Plano Piloto,Urbana,0.024542868852645,197.0,0.0,0.0,0.0,0.0,0.0,0.0
530010805060321,Plano Piloto,Urbana,0.033633204153337,114.0,0.0,0.0,0.0,0.0,0.0,0.0
530010805060322,Plano Piloto,Urbana,0.03428629785199,188.0,16.7,0.0,0.0,0.0,0.0,4.2
530010805060323,Plano Piloto,Urbana,0.014594126407041,82.0,0.0,0.0,,0.0,0.0,
530010805060324,Plano Piloto,Urbana,0.256982824896173,107.0,0.0,0.0,0.0,,0.0,0.0
530010805060325,Plano Piloto,Urbana,0.02678862592856,195.0,25.0,0.0,0.0,0.0,0.0,6.2
530010805060326,Plano Piloto,Urbana,0.034706661339415,217.0,25.0,0.0,0.0,0.0,0.0,6.2
530010805060327,Plano Piloto,Urbana,0.025527293752115,187.0,25.0,0.0,0.0,0.0,0.0,6.2
530010805060328,Plano Piloto,Urbana,0.036237515579773,173.0,0.0,0.0,0.0,0.0,0.0,0.0
530010805060329,Plano Piloto,Urbana,0.019473988027555,137.0,28.6,0.0,0.0,0.0,0.0,7.2
530010805060330,Plano Piloto,Urbana,0.061031182193383,205.0,75.0,0.0,0.0,0.0,0.0,18.8
530010805060331,Plano Piloto,Urbana,0.064857317381392,146.0,0.0,0.0,0.0,0.0,0.0,0.0
530010805060332,Plano Piloto,Urbana,0.069154530726259,184.0,63.6,0.0,0.0,0.0,0.0,15.9
530010805060333,Plano Piloto,Urbana,0.055361591072391,153.0,0.0,0.0,0.0,0.0,0.0,0.0
530010805060334,Plano Piloto,Urbana,0.040755203317484,145.0,37.5,0.0,0.0,0.0,0.0,9.4
530010805060335,Plano Piloto,Urbana,1.015097438811773,162.0,17.4,2.2,0.0,0.0,0.0,4.9
530010805060336,Plano Piloto,Urbana,0.072026892956508,213.0,41.2,0.0,0.0,0.0,0.0,10.3
530010805060337,Plano Piloto,Urbana,0.055235038676093,157.0,53.3,0.0,0.0,0.0,0.0,13.3
530010805060338,Plano Piloto,Urbana,0.026315333521048,157.0,50.0,0.0,,0.0,0.0,
530010805060339,Plano Piloto,Urbana,0.022418150450078,81.0,42.9,0.0,0.0,0.0,0.0,10.7
530010805060340,Plano Piloto,Urbana,0.014496295075756,176.0,0.0,0.0,0.0,0.0,0.0,0.0
530010805060341,Plano Piloto,Urbana,0.120354737340126,183.0,50.0,0.0,0.0,0.0,0.0,12.5
530010805060342,Plano Piloto,Urbana,0.083691198633487,182.0,100.0,0.0,0.0,0.0,0.0,25.0
530010805060343,Plano Piloto,Urbana,0.052766931899666,179.0,100.0,0.0,0.0,0.0,0.0,25.0
530010805060344,Plano Piloto,Urbana,0.011150438118787,212.0,100.0,0.0,0.0,0.0,0.0,25.0
530010805060346,Plano Piloto,Urbana,0.01817894025404,179.0,0.0,0.0,0.0,0.0,0.0,0.0
530010805060347,Plano Piloto,Urbana,0.028396804613354,120.0,44.4,0.0,0.0,0.0,0.0,11.1
530010805060348,Plano Piloto,Urbana,0.02937136869921,191.0,100.0,0.0,0.0,0.0,0.0,25.0
530010805060349,Plano Piloto,Urbana,0.019239268997495,186.0,100.0,0.0,0.0,0.0,0.0,25.0
530010805060350,Plano Piloto,Urbana,0.069794651624491,251.0,100.0,0.0,0.0,0.0,0.0,25.0
530010805060352,Plano Piloto,Urbana,0.01709904821727,232.0,100.0,0.0,0.0,0.0,0.0,25.0
530010805060353,Plano Piloto,Urbana,0.014035593398078,139.0,50.0,0.0,0.0,0.0,0.0,12.5
530010805060354,Plano Piloto,Urbana,0.010346913594526,161.0,33.3,0.0,0.0,0.0,0.0,8.3
530010805060355,Plano Piloto,Urbana,0.188012805675407,106.0,12.5,0.0,0.0,0.0,,
530010805060356,Plano Piloto,Urbana,0.030118351039149,162.0,44.4,0.0,0.0,0.0,0.0,11.1
530010805060357,Plano Piloto,Urbana,0.030949937305393,143.0,27.3,0.0,0.0,0.0,0.0,6.8
530010805060358,Plano Piloto,Urbana,0.077738201229866,285.0,82.1,0.0,0.0,0.0,0.0,20.5
530010805060359,Plano Piloto,Urbana,0.787365153974864,276.0,68.4,0.0,,,0.0,
530010805060360,Plano Piloto,Urbana,0.042995617763185,122.0,11.1,0.0,0.0,0.0,0.0,2.8
530010805060361,Plano Piloto,Urbana,0.017483142206545,139.0,0.0,0.0,0.0,0.0,0.0,0.0
530010805060362,Plano Piloto,Urbana,0.053942819778293,156.0,50.0,0.0,0.0,0.0,0.0,12.5
530010805060363,Plano Piloto,Urbana,0.026530679718629,112.0,0.0,0.0,0.0,0.0,0.0,0.0
530010805060364,Plano Piloto,Urbana,0.045981470013326,138.0,0.0,0.0,0.0,,,
530010805060365,Plano Piloto,Urbana,0.071836868590877,121.0,20.0,0.0,0.0,0.0,0.0,5.0
530010805060366,Plano Piloto,Urbana,0.051137538355993,142.0,0.0,0.0,0.0,0.0,0.0,0.0
530010805060367,Plano Piloto,Urbana,0.117648499222377,157.0,0.0,0.0,0.0,0.0,0.0,0.0
530010805060368,Plano Piloto,Urbana,0.095033711315683,189.0,28.6,0.0,0.0,0.0,0.0,7.2
530010805060369,Plano Piloto,Urbana,0.039707198979509,123.0,0.0,0.0,0.0,0.0,0.0,0.0
530010805060370,Plano Piloto,Urbana,0.090234440851118,170.0,22.2,0.0,0.0,0.0,0.0,5.6
530010805060371,Plano Piloto,Urbana,0.048715884719995,167.0,30.0,0.0,0.0,0.0,0.0,7.5
530010805060372,Plano Piloto,Urbana,0.065759858924117,132.0,25.0,0.0,0.0,0.0,0.0,6.2
530010805060373,Plano Piloto,Urbana,0.072598611898741,144.0,44.4,0.0,0.0,0.0,0.0,11.1
530010805060374,Plano Piloto,Urbana,0.128202899360781,154.0,6.9,0.0,0.0,0.0,,
530010805060375,Plano Piloto,Urbana,0.387939774114868,212.0,14.3,0.0,0.0,0.0,0.0,3.6
530010805060376,Plano Piloto,Urbana,0.050003964043191,212.0,75.0,0.0,,1.4,0.0,
530010805060378,Plano Piloto,Urbana,0.13400953188363,5.0,35.3,0.0,0.0,0.0,0.0,8.8
530010805060379,Plano Piloto,Urbana,0.077913349975375,106.0,0.0,0.0,0.0,0.0,0.0,0.0
530010805060380,Plano Piloto,Urbana,0.016251304830857,139.0,0.0,0.0,0.0,0.0,0.0,0.0
530010805060381,Plano Piloto,Urbana,0.05962674470766,167.0,0.0,0.0,0.0,0.0,0.0,0.0
530010805060382,Plano Piloto,Urbana,0.023470883815021,151.0,0.0,0.0,0.0,0.0,0.0,0.0
530010805060383,Plano Piloto,Urbana,0.039260367665756,165.0,66.7,0.0,0.0,0.0,0.0,16.7
530010805060384,Plano Piloto,Urbana,0.031765966480682,117.0,33.3,0.0,0.0,0.0,0.0,8.3
530010805060385,Plano Piloto,Urbana,0.044543784954223,162.0,0.0,0.0,0.0,0.0,0.0,0.0
530010805060386,Plano Piloto,Urbana,0.012353264451921,90.0,100.0,0.0,0.0,0.0,3.3,25.8
530010805060387,Plano Piloto,Urbana,0.039745756422405,132.0,42.9,0.0,,0.0,,
530010805060388,Plano Piloto,Urbana,0.013489828171552,113.0,50.0,0.0,,0.0,0.0,
530010805060389,Plano Piloto,Urbana,0.037281982177893,181.0,14.3,0.0,0.0,0.0,0.0,3.6
530010805060390,Plano Piloto,Urbana,0.014603308204767,158.0,0.0,0.0,0.0,0.0,0.0,0.0
530010805060391,Plano Piloto,Urbana,0.014284189972428,96.0,50.0,0.0,0.0,0.0,0.0,12.5
530010805060392,Plano Piloto,Urbana,0.011653359220329,91.0,80.0,0.0,0.0,0.0,0.0,20.0
530010805060393,Plano Piloto,Urbana,0.018813685482855,96.0,100.0,0.0,0.0,0.0,0.0,25.0
530010805060394,Plano Piloto,Urbana,0.058636012739219,139.0,9.1,0.0,0.0,0.0,0.0,2.3
530010805060395,Plano Piloto,Urbana,0.037740695756252,159.0,25.0,0.0,0.0,0.0,0.0,6.2
530010805060396,Plano Piloto,Urbana,0.026808415657671,100.0,28.6,0.0,0.0,0.0,0.0,7.2
530010805060397,Plano Piloto,Urbana,0.646963811513465,127.0,11.4,0.0,0.0,0.0,0.0,2.8
530010805060398,Plano Piloto,Urbana,0.437799427828737,151.0,23.8,0.0,0.0,0.0,0.0,6.0
530010805060399,Plano Piloto,Urbana,0.058256670687327,196.0,0.0,0.0,0.0,0.0,0.0,0.0
530010805060400,Plano Piloto,Urbana,0.049433265654703,126.0,0.0,0.0,0.0,0.0,0.0,0.0
530010805060401,Plano Piloto,Urbana,0.03226782526264,132.0,16.7,0.0,,0.0,0.0,
530010805060402,Plano Piloto,Urbana,0.076730625501376,202.0,28.6,0.0,0.0,0.0,0.0,7.2
530010805060403,Plano Piloto,Urbana,0.034002481816489,132.0,42.9,0.0,0.0,0.0,0.0,10.7
530010805060404,Plano Piloto,Urbana,0.033233796425655,130.0,14.3,0.0,0.0,0.0,0.0,3.6
530010805060405,Plano Piloto,Urbana,0.036410038444668,135.0,28.6,0.0,0.0,0.0,0.0,7.2
530010805060406,Plano Piloto,Urbana,0.009206374956175,105.0,0.0,0.0,0.0,0.0,0.0,0.0
530010805060407,Plano Piloto,Urbana,0.039376809440777,130.0,14.3,0.0,0.0,0.0,0.0,3.6
530010805060408,Plano Piloto,Urbana,0.029715230003432,132.0,0.0,0.0,0.0,0.0,0.0,0.0
530010805060409,Plano Piloto,Urbana,0.054354922273919,144.0,6.7,0.0,0.0,0.0,0.0,1.7
530010805060410,Plano Piloto,Urbana,0.01958972637309,144.0,20.0,0.0,0.0,0.0,0.0,5.0
530010805060411,Plano Piloto,Urbana,0.036223993061156,124.0,20.0,0.0,0.0,0.0,0.0,5.0
530010805060412,Plano Piloto,Urbana,0.004794553555694,186.0,50.0,0.0,0.0,0.0,0.0,12.5
530010805060413,Plano Piloto,Urbana,0.235198151709067,211.0,16.7,0.0,0.0,0.0,0.0,4.2
530010805060414,Plano Piloto,Urbana,0.038927007792487,112.0,18.2,0.0,0.0,0.0,0.0,4.6
530010805060415,Plano Piloto,Urbana,0.03224061312834,146.0,55.6,0.0,0.0,,,
530010805060416,Plano Piloto,Urbana,3.799192862830502,132.0,2.0,0.0,0.0,0.0,8.3,2.6
530010805060417,Plano Piloto,Urbana,0.028225684104213,164.0,28.6,0.0,0.0,0.0,0.0,7.2
530010805060418,Plano Piloto,Urbana,0.026289900661426,85.0,16.7,0.0,0.0,0.0,0.0,4.2
530010805060419,Plano Piloto,Urbana,0.006031726726004,133.0,0.0,0.0,0.0,0.0,0.0,0.0
530010805060420,Plano Piloto,Urbana,0.007310207054308,87.0,100.0,0.0,0.0,0.0,0.0,25.0
530010805060421,Plano Piloto,Urbana,4.407172248183442,138.0,17.5,0.0,,,0.0,
530010805060422,Plano Piloto,Urbana,0.144955381155759,296.0,73.8,0.0,0.0,0.0,0.0,18.4
530010805060423,Plano Piloto,Urbana,0.693674620577282,62.0,100.0,100.0,,6.5,,
530010805060425,Plano Piloto,Urbana,0.054195255930972,174.0,0.0,0.0,0.0,0.0,0.0,0.0
530010805060426,Plano Piloto,Urbana,0.034326645953702,175.0,0.0,0.0,0.0,0.0,0.0,0.0
530010805060427,Plano Piloto,Urbana,0.116832924450058,211.0,0.0,0.0,,0.0,0.0,
530010805060428,Plano Piloto,Urbana,0.02052246121824,234.0,0.0,0.0,0.0,0.0,0.0,0.0
530010805060429,Plano Piloto,Urbana,0.007202166126633,101.0,100.0,0.0,0.0,0.0,0.0,25.0
530010805060430,Plano Piloto,Urbana,0.008904854811149,170.0,100.0,0.0,0.0,0.0,0.0,25.0
530010805060431,Plano Piloto,Urbana,0.00766656159775,158.0,100.0,0.0,0.0,0.0,0.0,25.0
530010805060432,Plano Piloto,Urbana,0.009209130097543,168.0,100.0,0.0,0.0,0.0,0.0,25.0
530010805060433,Plano Piloto,Urbana,0.007338409440146,165.0,100.0,0.0,0.0,0.0,0.0,25.0
530010805060434,Plano Piloto,Urbana,0.116555316127329,170.0,100.0,0.0,0.0,0.0,0.0,25.0
530010805060435,Plano Piloto,Urbana,0.005855823161227,121.0,100.0,0.0,0.0,0.0,0.0,25.0
530010805060436,Plano Piloto,Urbana,0.01922218996742,113.0,0.0,0.0,0.0,0.0,0.0,0.0
530010805060437,Plano Piloto,Urbana,0.025832144666322,144.0,0.0,0.0,0.0,0.0,0.0,0.0
530010805060438,Plano Piloto,Urbana,0.024548832055497,116.0,0.0,0.0,0.0,0.0,,
530010805060439,Plano Piloto,Urbana,0.346487730610767,195.0,0.0,0.0,0.0,0.0,,
530010805060440,Plano Piloto,Urbana,0.406679221765055,176.0,26.7,13.3,,0.0,0.0,
530010805060441,Plano Piloto,Urbana,0.017831786588665,124.0,0.0,0.0,0.0,0.0,0.0,0.0
530010805060442,Plano Piloto,Urbana,0.011376050107422,152.0,0.0,0.0,0.0,0.0,0.0,0.0
530010805060443,Plano Piloto,Urbana,0.010346519466257,100.0,0.0,0.0,0.0,0.0,0.0,0.0
530010805060444,Plano Piloto,Urbana,0.015633364941854,152.0,0.0,0.0,0.0,0.0,0.0,0.0
530010805060446,Plano Piloto,Rural,5.945136241033869,,,,,,,
530010805060450,Plano Piloto,Rural,0.012026078352814,,,,,,,
530010805060451,Plano Piloto,Rural,0.00769175101944,,,,,,,
530010805060452,Plano Piloto,Urbana,0.00887972019921,289.0,0.0,0.0,,,,
530010805060453,Plano Piloto,Urbana,0.013982047297026,384.0,0.0,0.0,0.0,0.0,0.0,0.0
530010805060454,Plano Piloto,Urbana,0.072378315249542,271.0,76.9,2.6,0.0,0.0,0.0,19.9
530010805060455,Plano Piloto,Urbana,0.065104521904342,198.0,93.8,0.0,0.0,0.0,0.0,23.4
530010805060456,Plano Piloto,Urbana,0.010078444812691,267.0,100.0,0.0,0.0,0.0,0.0,25.0
530010805060457,Plano Piloto,Urbana,0.067785722710713,251.0,60.0,0.0,0.0,0.0,0.0,15.0
530010805060460,Plano Piloto,Urbana,0.020634143128601,293.0,0.0,0.0,0.0,0.0,0.0,0.0
530010805060461,Plano Piloto,Urbana,0.045951679657065,337.0,0.0,0.0,0.0,0.0,0.0,0.0
530010805060462,Plano Piloto,Urbana,0.068611823811816,224.0,0.0,0.0,0.0,0.0,0.0,0.0
530010805060463,Plano Piloto,Urbana,0.132307671049714,373.0,0.0,0.0,0.0,0.0,0.0,0.0
530010805060464,Plano Piloto,Urbana,0.149310682306875,103.0,0.0,0.0,0.0,0.0,0.0,0.0
530010805060465,Plano Piloto,Urbana,0.02544197256973,267.0,0.0,0.0,0.0,0.0,0.0,0.0
530010805060466,Plano Piloto,Urbana,0.078999532386548,221.0,0.0,0.0,0.0,0.0,0.0,0.0
530010805060467,Plano Piloto,Urbana,0.055814901984033,256.0,0.0,0.0,0.0,0.0,47.7,11.9
530010805060469,Plano Piloto,Urbana,0.032041090808128,257.0,0.0,0.0,0.0,0.0,0.0,0.0
530010805060470,Plano Piloto,Urbana,0.02662460134096,362.0,0.0,0.0,,0.0,0.0,
530010805060471,Plano Piloto,Urbana,0.041434203852226,424.0,0.0,0.0,0.0,0.0,0.0,0.0
530010805060472,Plano Piloto,Urbana,0.032920434382814,185.0,0.0,0.0,0.0,0.0,0.0,0.0
530010805060473,Plano Piloto,Urbana,0.069404637552,374.0,0.0,0.0,0.0,0.0,0.0,0.0
530010805060474,Plano Piloto,Urbana,0.033887054960961,361.0,0.0,0.0,0.0,0.0,0.0,0.0
530010805060475,Plano Piloto,Urbana,0.064919006151307,490.0,0.0,0.0,0.0,0.0,0.0,0.0
530010805060476,Plano Piloto,Urbana,0.011577389512155,297.0,0.0,0.0,0.0,0.0,2.0,0.5
530010805060477,Plano Piloto,Urbana,0.095856181968961,414.0,0.0,0.0,0.0,0.0,0.0,0.0
530010805060479,Plano Piloto,Urbana,0.110757954277898,352.0,0.0,0.0,,0.0,0.0,
530010805060480,Plano Piloto,Urbana,0.31960070518631,128.0,11.8,2.9,,0.0,0.0,
530010805060481,Plano Piloto,Urbana,1.283936603009668,,11.4,0.0,,,,
530010805060484,Plano Piloto,Urbana,0.008473905151076,280.0,0.0,0.0,0.0,0.0,3.9,1.0
530010805060485,Plano Piloto,Urbana,0.006231978813673,212.0,100.0,0.0,0.0,0.0,0.0,25.0
530010805060487,Plano Piloto,Urbana,0.033824376973372,16.0,0.0,0.0,93.8,0.0,43.8,34.4
530010805060488,Plano Piloto,Urbana,0.009772868135128,9.0,100.0,100.0,,0.0,0.0,
530010805060489,Plano Piloto,Urbana,0.092701906672761,9.0,100.0,100.0,44.4,0.0,,
530010805060490,Plano Piloto,Urbana,0.03200240789065,,100.0,100.0,,,,
530010805060491,Plano Piloto,Urbana,0.16566031929668,25.0,0.0,0.0,92.0,,,
530010805060492,Plano Piloto,Urbana,2.839152513857213,,0.0,0.0,,,,
530010805060493,Plano Piloto,Urbana,0.009140393837733,260.0,100.0,0.0,0.0,0.0,0.0,25.0
530010805060494,Plano Piloto,,38.2631897858786,,,,,,,
530010805060495,Plano Piloto,Urbana,0.019436187170699,,0.0,0.0,,,,
530010805060496,Plano Piloto,Urbana,0.40779517274495,214.0,45.8,0.0,0.0,0.0,0.0,11.4
530010805060497,Plano Piloto,Urbana,0.031592005410419,275.0,0.0,0.0,0.0,0.0,0.0,0.0
530010805060498,Plano Piloto,Urbana,0.04706663313744,262.0,0.0,0.0,0.0,0.0,0.0,0.0
530010805060499,Plano Piloto,Urbana,0.064286972891105,219.0,66.7,0.0,0.0,0.0,0.0,16.7
530010805060500,Plano Piloto,Urbana,4.830682072245399,659.0,28.6,0.0,0.0,0.0,0.0,7.2
530010805060501,Plano Piloto,Urbana,5.57362369575466,326.0,62.8,1.3,,0.9,0.0,
530010805060502,Plano Piloto,Urbana,3.557552651406706,,5.3,0.0,,,,
530010805060503,Plano Piloto,Urbana,3.567076211973019,94.0,45.5,0.0,0.0,0.0,0.0,11.4
530010805060505,Plano Piloto,Urbana,0.079660746544317,,0.0,0.0,,,,
530010805060506,Plano Piloto,Urbana,5.259868436546173,,14.1,0.0,,,,
530010805060510,Plano Piloto,Urbana,4.330764810331895,121.0,37.2,0.0,0.0,0.0,0.0,9.3
530010805060515,Plano Piloto,Urbana,0.346700360794353,131.0,83.3,0.0,0.0,0.0,0.0,20.8
530010805060516,Plano Piloto,Urbana,0.045116874491077,99.0,0.0,0.0,0.0,0.0,0.0,0.0
530010805060517,Plano Piloto,Urbana,0.029199419748698,180.0,0.0,0.0,0.0,0.0,0.0,0.0
530010805060518,Plano Piloto,Urbana,0.122520886175067,,8.0,0.0,,,,
530010805060519,Plano Piloto,Urbana,0.016648417701863,,0.0,0.0,,,,
530010805060520,Plano Piloto,Urbana,0.333023623152893,241.0,16.7,20.8,,0.0,0.0,
530010805060521,Plano Piloto,Urbana,0.093398294956251,181.0,30.8,7.7,,0.0,1.7,
530010805060522,Plano Piloto,Urbana,0.418694362362461,69.0,12.5,0.0,0.0,0.0,4.3,4.2
530010805060523,Plano Piloto,Urbana,0.318811493986199,293.0,17.6,17.6,,0.0,1.4,
530010805060524,Plano Piloto,Urbana,1.963973271484782,350.0,24.2,21.2,2.6,5.4,,
530010805060525,Plano Piloto,Urbana,0.038988871032518,,,,,,,
530010805060526,Plano Piloto,Urbana,0.020369667235049,,0.0,0.0,,,,
530010805060527,Plano Piloto,Urbana,3.709903798624711,28.0,47.1,0.0,46.4,10.7,10.7,26.0
530010805060528,Plano Piloto,Urbana,5.394819555391747,,22.2,0.0,,,,
530010805060529,Plano Piloto,Urbana,0.074507699849892,112.0,100.0,0.0,32.1,5.4,0.0,33.0
530010805060530,Plano Piloto,Rural,293.4103188133292,8.0,,,0.0,0.0,0.0,
530010805070001,Gama,Urbana,0.185617356881685,175.0,20.0,0.0,0.0,,0.0,5.0
530010805070002,Gama,Urbana,0.060660534050168,313.0,0.0,0.0,,0.0,,
530010805070003,Gama,Urbana,0.004406970421232,142.0,0.0,0.0,0.0,0.0,0.0,0.0
530010805070004,Gama,Urbana,0.007943769403996,134.0,0.0,0.0,0.0,0.0,0.0,0.0
530010805070005,Gama,Urbana,0.007314151274525,176.0,0.0,0.0,0.0,0.0,0.0,0.0
530010805070006,Gama,Urbana,0.034711562713571,173.0,25.0,0.0,0.0,0.0,0.0,6.2
530010805070007,Gama,Urbana,0.01059334296617,155.0,33.3,0.0,0.0,0.0,0.0,8.3
530010805070008,Gama,Urbana,0.006922294237815,219.0,100.0,0.0,0.0,0.0,0.0,25.0
530010805070009,Gama,Urbana,0.074271865760244,157.0,0.0,0.0,0.0,0.0,0.0,0.0
530010805070010,Gama,Urbana,0.00468823459801,178.0,0.0,0.0,0.0,0.0,0.0,0.0
530010805070011,Gama,Urbana,0.005058184377376,175.0,50.0,0.0,0.0,0.0,0.0,12.5
530010805070012,Gama,Urbana,0.007021004476233,184.0,0.0,0.0,0.0,0.0,0.0,0.0
530010805070013,Gama,Urbana,0.011703968843557,231.0,0.0,0.0,0.0,0.0,,
530010805070014,Gama,Urbana,0.05716746698159,243.0,0.0,0.0,0.0,0.0,0.0,0.0
530010805070015,Gama,Urbana,0.08402179336706,153.0,30.0,0.0,0.0,0.0,0.0,7.5
530010805070016,Gama,Urbana,0.121605643999652,290.0,46.7,0.0,0.0,0.0,0.0,11.7
530010805070017,Gama,Urbana,0.211911932847236,409.0,45.5,0.0,0.0,0.0,0.0,11.4
530010805070018,Gama,Urbana,0.112819734254936,250.0,0.0,0.0,0.0,0.0,0.0,0.0
530010805070019,Gama,Urbana,0.143839729242262,137.0,0.0,0.0,0.0,0.0,0.0,0.0
530010805070020,Gama,Urbana,0.111954070918291,246.0,0.0,0.0,,0.0,0.0,
530010805070021,Gama,Urbana,0.065728186546511,231.0,0.0,0.0,0.0,0.0,0.0,0.0
530010805070022,Gama,Urbana,0.149157341673519,146.0,50.0,0.0,0.0,0.0,0.0,12.5
530010805070023,Gama,Urbana,0.162255957319278,287.0,70.0,0.0,0.0,0.0,0.0,17.5
530010805070024,Gama,Urbana,0.180883398819841,162.0,0.0,0.0,0.0,0.0,0.0,0.0
530010805070025,Gama,Urbana,0.071458907069573,189.0,77.8,7.4,0.0,0.0,0.0,21.3
530010805070026,Gama,Urbana,0.082922450713567,139.0,79.2,4.2,0.0,0.0,,
530010805070027,Gama,Urbana,0.05709043796989,223.0,50.0,0.0,0.0,0.0,0.0,12.5
530010805070028,Gama,Urbana,0.069984821021969,214.0,71.4,0.0,0.0,0.0,0.0,17.8
530010805070029,Gama,Urbana,0.054188347368717,212.0,42.9,7.1,0.0,0.0,0.0,12.5
530010805070030,Gama,Urbana,0.072833896373887,231.0,68.8,12.5,0.0,0.0,0.0,20.3
530010805070031,Gama,Urbana,0.068727182790035,214.0,50.0,0.0,0.0,0.0,0.0,12.5
530010805070032,Gama,Urbana,0.059869856880404,200.0,96.3,3.7,0.0,0.0,0.0,25.0
530010805070033,Gama,Urbana,0.068819346787631,213.0,50.0,0.0,0.0,0.0,0.0,12.5
530010805070034,Gama,Urbana,0.051158725274264,191.0,91.7,0.0,0.0,0.0,0.0,22.9
530010805070035,Gama,Urbana,0.089975824335713,223.0,83.3,3.3,0.0,0.0,0.0,21.6
530010805070036,Gama,Urbana,0.073937203854387,180.0,72.4,3.4,0.0,0.0,0.0,19.0
530010805070037,Gama,Urbana,0.06463859837562,232.0,100.0,0.0,0.0,0.0,0.0,25.0
530010805070038,Gama,Urbana,0.078585751315145,181.0,63.0,0.0,0.0,0.0,0.0,15.8
530010805070039,Gama,Urbana,0.090644257201225,259.0,62.5,0.0,0.0,0.0,0.0,15.6
530010805070040,Gama,Urbana,0.083415602314839,187.0,50.0,0.0,0.0,0.0,0.0,12.5
530010805070041,Gama,Urbana,0.083135050425271,300.0,72.7,6.1,0.0,0.0,0.0,19.7
530010805070042,Gama,Urbana,0.077537334334101,178.0,81.5,3.7,0.0,0.0,0.0,21.3
530010805070043,Gama,Urbana,0.06072956830487,245.0,48.1,3.7,0.0,0.0,0.0,13.0
530010805070044,Gama,Urbana,0.065053916521114,220.0,78.6,0.0,0.0,0.0,0.0,19.6
530010805070045,Gama,Urbana,0.111117616874081,151.0,68.8,15.6,0.0,0.0,0.0,21.1
530010805070046,Gama,Urbana,0.068043738691963,252.0,64.7,0.0,0.0,0.0,0.0,16.2
530010805070047,Gama,Urbana,0.09871999535465,277.0,87.0,0.0,0.0,0.0,0.0,21.8
530010805070048,Gama,Urbana,0.071978769207531,201.0,69.2,3.8,0.0,0.0,0.0,18.3
530010805070049,Gama,Urbana,0.071308807441818,168.0,24.1,0.0,0.0,0.0,0.0,6.0
530010805070050,Gama,Urbana,0.067613769347791,182.0,64.3,0.0,0.0,0.0,0.0,16.1
530010805070051,Gama,Urbana,0.054797323913445,174.0,96.2,0.0,0.0,0.0,0.0,24.0
530010805070052,Gama,Urbana,0.063406351241202,222.0,96.8,3.2,0.0,0.0,0.0,25.0
530010805070053,Gama,Urbana,0.067823574254983,199.0,75.0,3.6,0.0,0.0,0.0,19.7
530010805070054,Gama,Urbana,0.079744634352664,215.0,81.2,6.2,0.0,0.0,0.0,21.8
530010805070055,Gama,Urbana,0.061535446409977,165.0,75.0,0.0,0.0,0.0,0.0,18.8
530010805070056,Gama,Urbana,0.067577522394084,172.0,41.7,0.0,0.0,0.0,0.0,10.4
530010805070057,Gama,Urbana,0.637220568907431,280.0,27.8,0.0,11.1,11.1,2.1,10.2
530010805070058,Gama,Urbana,0.05643880114891,74.0,0.0,0.0,0.0,0.0,0.0,0.0
530010805070059,Gama,Urbana,0.083331163276279,162.0,10.0,0.0,0.0,0.0,0.0,2.5
530010805070060,Gama,Urbana,0.054238821662732,112.0,75.0,0.0,0.0,0.0,0.0,18.8
530010805070061,Gama,Urbana,0.067754721589087,274.0,41.7,0.0,0.0,0.0,0.0,10.4
530010805070062,Gama,Urbana,0.136690942129471,263.0,69.2,0.0,0.0,0.0,0.0,17.3
530010805070063,Gama,Urbana,0.390103496938659,265.0,57.1,0.0,0.0,0.0,0.0,14.3
530010805070064,Gama,Urbana,0.224547783891233,214.0,66.7,0.0,0.0,0.0,0.0,16.7
530010805070065,Gama,Urbana,0.05956436134914,137.0,95.0,0.0,0.0,0.0,0.0,23.8
530010805070066,Gama,Urbana,0.042044707278103,166.0,100.0,0.0,0.0,0.0,0.0,25.0
530010805070067,Gama,Urbana,0.075456620661599,227.0,90.9,0.0,0.0,0.0,0.0,22.7
530010805070068,Gama,Urbana,0.065675181802883,286.0,66.7,3.3,0.0,0.0,0.0,17.5
530010805070069,Gama,Urbana,0.059772731556199,178.0,69.6,0.0,0.0,0.0,0.0,17.4
530010805070070,Gama,Urbana,0.085052210165487,233.0,58.6,0.0,0.0,0.0,0.0,14.6
530010805070071,Gama,Urbana,0.052176830398788,149.0,50.0,0.0,0.0,0.0,0.0,12.5
530010805070072,Gama,Urbana,0.065325939026002,221.0,70.0,0.0,0.0,0.0,0.0,17.5
530010805070073,Gama,Urbana,0.071704181675419,247.0,71.0,0.0,0.0,0.0,0.0,17.8
530010805070074,Gama,Urbana,0.075687746474252,200.0,53.8,0.0,,0.0,0.0,
530010805070075,Gama,Urbana,0.083687173075889,280.0,87.1,0.0,0.0,0.0,0.0,21.8
530010805070076,Gama,Urbana,0.073988207698398,193.0,83.9,0.0,0.0,0.0,0.0,21.0
530010805070077,Gama,Urbana,0.043103554078749,142.0,80.0,0.0,0.0,0.0,0.0,20.0
530010805070078,Gama,Urbana,0.059141477701629,196.0,80.8,0.0,0.0,0.0,0.0,20.2
530010805070079,Gama,Urbana,0.053618613329322,233.0,50.0,0.0,0.0,0.0,0.0,12.5
530010805070080,Gama,Urbana,0.050919242530778,221.0,33.3,0.0,0.0,0.0,0.0,8.3
530010805070081,Gama,Urbana,0.074765745716385,204.0,22.2,0.0,,0.0,0.0,
530010805070082,Gama,Urbana,0.071330149784912,198.0,52.0,0.0,0.0,0.0,0.0,13.0
530010805070083,Gama,Urbana,0.066952947360799,189.0,48.5,0.0,0.0,0.0,0.0,12.1
530010805070084,Gama,Urbana,0.072456412475715,176.0,21.4,0.0,0.0,0.0,0.0,5.4
530010805070085,Gama,Urbana,0.068637536877428,178.0,33.3,0.0,0.0,0.0,0.0,8.3
530010805070086,Gama,Urbana,0.068633021931189,195.0,62.1,3.4,0.0,0.0,0.0,16.4
530010805070087,Gama,Urbana,0.065814347007969,210.0,3.8,0.0,0.0,0.0,0.0,1.0
530010805070088,Gama,Urbana,0.086571287967505,300.0,47.4,0.0,0.0,0.0,0.0,11.8
530010805070089,Gama,Urbana,0.071250222014702,222.0,81.5,3.7,0.0,0.0,0.0,21.3
530010805070090,Gama,Urbana,0.070677415853887,168.0,90.0,0.0,0.0,0.0,0.0,22.5
530010805070091,Gama,Urbana,0.065178516468796,164.0,85.2,11.1,0.0,0.0,0.0,24.1
530010805070092,Gama,Urbana,0.142557398042926,162.0,45.5,3.0,0.0,0.0,0.0,12.1
530010805070093,Gama,Urbana,0.103352619312949,191.0,89.7,2.6,0.0,0.0,0.0,23.1
530010805070094,Gama,Urbana,0.069932105553077,157.0,85.2,0.0,0.0,0.0,0.0,21.3
530010805070095,Gama,Urbana,0.069156404097649,156.0,95.8,0.0,0.0,0.0,0.0,24.0
530010805070096,Gama,Urbana,0.066427436526352,222.0,38.7,0.0,0.0,0.0,0.0,9.7
530010805070097,Gama,Urbana,0.068357111772072,230.0,96.9,0.0,0.0,0.0,0.0,24.2
530010805070098,Gama,Urbana,0.090016519530531,355.0,77.8,0.0,,0.0,0.0,
530010805070099,Gama,Urbana,0.101238762032911,126.0,100.0,15.0,0.0,0.0,0.0,28.7
530010805070100,Gama,Urbana,0.063612833765278,204.0,73.3,3.3,,0.0,0.0,
530010805070101,Gama,Urbana,0.069359987618539,175.0,85.2,3.7,0.0,0.0,0.0,22.2
530010805070102,Gama,Urbana,0.072866891616282,155.0,80.8,3.8,0.0,0.0,0.0,21.2
530010805070103,Gama,Urbana,0.068821931199619,193.0,90.6,0.0,0.0,0.0,0.0,22.6
530010805070104,Gama,Urbana,0.074275124740048,151.0,92.0,0.0,0.0,0.0,0.0,23.0
530010805070105,Gama,Urbana,0.076047622269235,168.0,59.3,3.7,0.0,0.0,0.0,15.8
530010805070106,Gama,Urbana,0.065883264708187,209.0,82.8,0.0,0.0,0.0,0.0,20.7
530010805070107,Gama,Urbana,0.073003067997497,224.0,83.3,3.3,0.0,0.0,0.0,21.6
530010805070108,Gama,Urbana,0.066714905686468,210.0,70.0,0.0,0.0,0.0,0.0,17.5
530010805070109,Gama,Urbana,0.051052224908898,144.0,71.4,0.0,0.0,0.0,0.0,17.8
530010805070110,Gama,Urbana,0.359425531349187,184.0,53.8,0.0,,2.2,0.0,
530010805070111,Gama,Urbana,0.073114508331069,218.0,0.0,0.0,0.0,0.0,0.0,0.0
530010805070112,Gama,Urbana,0.090391691892346,180.0,60.0,0.0,0.0,0.0,0.0,15.0
530010805070113,Gama,Urbana,0.030578736748205,135.0,0.0,0.0,0.0,0.0,0.0,0.0
530010805070114,Gama,Urbana,0.046991518364066,205.0,16.7,0.0,0.0,0.0,0.0,4.2
530010805070115,Gama,Urbana,0.141380235168216,291.0,4.5,4.5,0.0,0.0,0.0,2.2
530010805070116,Gama,Urbana,0.091551685705325,245.0,0.0,0.0,0.0,0.0,0.0,0.0
530010805070117,Gama,Urbana,0.122719291291813,263.0,0.0,0.0,0.0,0.0,0.0,0.0
530010805070118,Gama,Urbana,0.11180757931588,277.0,6.7,0.0,0.0,0.0,0.0,1.7
530010805070119,Gama,Urbana,0.080899054755396,169.0,6.7,0.0,0.0,0.0,0.0,1.7
530010805070120,Gama,Urbana,0.088405965388853,196.0,0.0,0.0,0.0,0.0,0.0,0.0
530010805070121,Gama,Urbana,0.115145305721393,135.0,0.0,0.0,0.0,0.0,0.0,0.0
530010805070122,Gama,Urbana,0.088303971076499,200.0,0.0,0.0,0.0,0.0,0.0,0.0
530010805070123,Gama,Urbana,0.115426626911475,278.0,0.0,0.0,0.0,0.0,0.0,0.0
530010805070124,Gama,Urbana,0.086017344458701,198.0,0.0,0.0,0.0,0.0,0.0,0.0
530010805070125,Gama,Urbana,0.134964750544913,255.0,50.0,0.0,0.0,0.0,0.0,12.5
530010805070126,Gama,Urbana,0.086509050011485,170.0,0.0,0.0,0.0,0.0,0.0,0.0
530010805070127,Gama,Urbana,0.088058059023359,84.0,0.0,0.0,0.0,0.0,0.0,0.0
530010805070128,Gama,Urbana,0.092354411856662,193.0,61.5,0.0,0.0,0.0,0.0,15.4
530010805070129,Gama,Urbana,0.125252902720324,188.0,38.9,0.0,0.0,0.0,0.0,9.7
530010805070130,Gama,Urbana,0.070768031776315,148.0,18.2,0.0,0.0,0.0,0.0,4.6
530010805070131,Gama,Urbana,0.109266990758543,306.0,21.1,0.0,0.0,0.0,0.0,5.3
530010805070132,Gama,Urbana,0.088025767619057,212.0,30.8,0.0,0.0,0.0,0.0,7.7
530010805070133,Gama,Urbana,0.129562044570112,251.0,84.2,0.0,0.0,0.0,0.0,21.0
530010805070134,Gama,Urbana,0.102196885231892,192.0,61.1,0.0,0.0,0.0,0.0,15.3
530010805070135,Gama,Urbana,0.074904575207215,194.0,8.3,0.0,0.0,0.0,0.0,2.1
530010805070136,Gama,Urbana,0.067120030888454,127.0,72.7,18.2,0.0,0.0,0.0,22.7
530010805070137,Gama,Urbana,0.05674796869095,182.0,44.4,0.0,0.0,0.0,0.0,11.1
530010805070138,Gama,Urbana,0.093173081056853,228.0,46.2,30.8,0.0,0.0,0.0,19.2
530010805070139,Gama,Urbana,0.07364248729407,158.0,53.3,0.0,0.0,0.0,0.0,13.3
530010805070140,Gama,Urbana,0.049019167382461,183.0,100.0,0.0,0.0,0.0,0.0,25.0
530010805070141,Gama,Urbana,0.063161356599561,254.0,100.0,0.0,0.0,0.0,0.0,25.0
530010805070142,Gama,Urbana,0.088338596678305,180.0,67.9,3.6,0.0,0.0,0.0,17.9
530010805070143,Gama,Urbana,0.089334180838372,238.0,100.0,0.0,0.0,0.0,0.0,25.0
530010805070144,Gama,Urbana,0.101932375741267,244.0,0.0,0.0,0.0,0.0,1.2,0.3
530010805070145,Gama,Urbana,0.951235421082114,181.0,92.9,0.0,0.0,0.0,0.0,23.2
530010805070146,Gama,Urbana,0.052682684606302,178.0,50.0,0.0,0.0,0.0,0.0,12.5
530010805070147,Gama,Urbana,0.031832344071796,162.0,80.0,0.0,0.0,0.0,0.0,20.0
530010805070148,Gama,Urbana,0.065184766773315,176.0,50.0,3.6,0.0,0.0,0.0,13.4
530010805070149,Gama,Urbana,0.06660729834681,165.0,100.0,0.0,0.0,0.0,0.0,25.0
530010805070150,Gama,Urbana,0.039272534745995,120.0,100.0,0.0,0.0,0.0,0.0,25.0
530010805070151,Gama,Urbana,0.106350447680618,155.0,6.2,6.2,0.0,0.0,0.0,3.1
530010805070152,Gama,Urbana,0.099173672859756,232.0,0.0,0.0,0.0,0.0,0.0,0.0
530010805070153,Gama,Urbana,0.073342336714654,125.0,16.7,0.0,0.0,0.0,0.0,4.2
530010805070154,Gama,Urbana,0.120329932750575,222.0,0.0,0.0,0.0,0.0,0.0,0.0
530010805070155,Gama,Urbana,0.077318162777596,185.0,0.0,0.0,0.0,0.0,0.0,0.0
530010805070156,Gama,Urbana,0.075858435318077,196.0,50.0,8.3,0.0,0.0,0.0,14.6
530010805070157,Gama,Urbana,0.111570018504896,206.0,50.0,0.0,0.0,0.0,0.0,12.5
530010805070158,Gama,Urbana,0.101989868654155,158.0,11.1,0.0,0.0,0.0,0.0,2.8
530010805070162,Gama,Rural,3.187849171631706,124.0,,,0.0,100.0,7.3,
530010805070165,Gama,Rural,31.789249002901215,56.0,,,0.0,96.4,41.1,
530010805070166,Gama,Rural,23.73219154009792,131.0,,,50.4,90.1,,
530010805070169,Gama,Rural,11.261405286946866,44.0,,,0.0,93.2,25.0,
530010805070170,Gama,Urbana,0.138416324101015,96.0,,,0.0,,0.0,
530010805070173,Gama,Urbana,0.184509176736846,124.0,,,0.0,2.4,,
530010805070174,Gama,Rural,8.151242338665616,294.0,,,0.0,100.0,2.0,
530010805070176,Gama,Urbana,1.171051268752405,328.0,87.5,87.5,0.0,100.0,0.0,43.8
530010805070177,Gama,Urbana,0.550449894802056,329.0,53.5,0.0,,1.2,0.0,
530010805070178,Gama,Urbana,0.131830587163935,281.0,92.9,14.3,1.8,4.6,0.0,27.3
530010805070180,Gama,Urbana,0.004224665732283,137.0,0.0,0.0,0.0,0.0,0.0,0.0
530010805070181,Gama,Urbana,0.006311204490514,201.0,100.0,0.0,0.0,0.0,0.0,25.0
530010805070182,Gama,Urbana,0.045553176725932,142.0,20.0,0.0,0.0,0.0,0.0,5.0
530010805070183,Gama,Urbana,0.046311540843688,,50.0,0.0,,,,
530010805070184,Gama,Urbana,0.065067179489215,162.0,14.3,0.0,0.0,0.0,0.0,3.6
530010805070185,Gama,Urbana,0.023679324382545,77.0,50.0,0.0,0.0,0.0,0.0,12.5
530010805070187,Gama,Urbana,0.07488650902078,134.0,100.0,0.0,0.0,0.0,0.0,25.0
530010805070188,Gama,Urbana,0.153679515589687,32.0,100.0,0.0,25.0,28.1,0.0,31.2
530010805070194,Gama,Urbana,0.069082606957374,116.0,96.2,0.0,0.0,0.0,0.0,24.0
530010805070197,Gama,Urbana,0.04105870927431,171.0,60.0,0.0,0.0,0.0,0.0,15.0
530010805070198,Gama,Urbana,0.120321929152751,235.0,0.0,0.0,0.0,0.0,0.0,0.0
530010805070199,Gama,Urbana,0.06985444835292,122.0,77.8,11.1,0.0,0.0,0.0,22.2
530010805070200,Gama,Urbana,0.095954839532155,154.0,25.0,0.0,0.0,,0.0,6.2
530010805070201,Gama,Urbana,0.140304218401638,303.0,50.0,0.0,0.0,0.0,0.0,12.5
530010805070202,Gama,Urbana,0.619709758659782,47.0,100.0,83.3,,40.4,0.0,
530010805070211,Gama,Rural,16.03490130998406,98.0,,,,99.0,46.9,
530010805070215,Gama,Urbana,0.425177583540878,304.0,94.7,0.0,0.0,7.2,0.0,23.7
530010805070218,Gama,Rural,2.839156520971555,157.0,,,,100.0,10.2,
530010805070219,Gama,Rural,1.534767712317654,13.0,,,0.0,100.0,0.0,
530010805070220,Gama,Urbana,0.810281663912622,122.0,33.3,0.0,39.3,59.0,0.0,18.2
530010805070221,Gama,Urbana,0.406640237369931,142.0,84.6,0.0,64.8,93.0,0.0,37.4
530010805070222,Gama,Urbana,0.21096579296836,,,,,,,
530010805070223,Gama,Rural,1.437883855160056,5.0,,,,100.0,,
530010805070228,Gama,Rural,6.011158674275765,107.0,,,0.0,100.0,15.0,
530010805070230,Gama,Rural,1.060441243487822,170.0,,,,91.2,39.4,
530010805070231,Gama,Urbana,0.814488675415776,225.0,,,12.4,94.2,,
530010805070232,Gama,Urbana,0.400741452601625,306.0,100.0,0.0,,98.0,,
530010805070233,Gama,Urbana,0.01246971258221,,0.0,0.0,,,,
530010805070234,Gama,Urbana,0.008395313104444,723.0,0.0,0.0,,0.0,0.0,
530010805070235,Gama,Urbana,0.00496957628677,282.0,0.0,0.0,0.0,0.0,0.0,0.0
530010805070236,Gama,Urbana,0.004196172036935,321.0,0.0,0.0,0.0,0.0,0.0,0.0
530010805070237,Gama,Urbana,0.004737299120998,319.0,100.0,0.0,0.0,0.0,0.0,25.0
530010805070238,Gama,Urbana,0.00970292815076,316.0,100.0,0.0,0.0,0.0,0.0,25.0
530010805070239,Gama,Urbana,0.419724815410899,256.0,100.0,0.0,1.2,87.5,24.2,31.4
530010805070240,Gama,Urbana,0.48709468943596,275.0,31.6,15.8,0.0,96.0,0.0,11.8
530010805070241,Gama,Urbana,0.033413367949725,354.0,0.0,0.0,0.0,0.0,0.8,0.2
530010805070242,Gama,Urbana,0.061899416196863,196.0,60.0,0.0,0.0,0.0,0.0,15.0
530010805070244,Gama,Urbana,1.024675092675945,104.0,100.0,66.7,6.7,99.0,,
530010805070245,Gama,Rural,1.266473218607557,31.0,,,0.0,96.8,0.0,
530010805070248,Gama,Urbana,0.006060393727538,238.0,100.0,0.0,0.0,0.0,3.4,25.8
530010805070249,Gama,Urbana,0.145359181595762,226.0,66.7,0.0,0.0,0.0,0.0,16.7
530010805070250,Gama,Rural,2.435171709610422,6.0,,,83.3,,,
530010805070251,Gama,Urbana,0.137162501518692,40.0,33.3,66.7,,10.0,,
530010805070252,Gama,Urbana,0.232401252609721,44.0,0.0,0.0,,0.0,0.0,
530010805070253,Gama,Urbana,0.231999772082126,34.0,0.0,0.0,0.0,,0.0,0.0
530010805070254,Gama,Rural,5.731004915446482,82.0,,,30.5,98.8,,
530010805070257,Gama,Urbana,0.44814255302222,350.0,63.2,0.0,55.4,93.4,0.0,29.6
530010805070258,Gama,Rural,15.070157258496607,118.0,,,0.0,100.0,58.5,
530010805070259,Gama,Urbana,0.636996020247277,168.0,16.7,0.0,,97.6,0.0,
530010805070260,Gama,Urbana,0.024502296819102,50.0,100.0,100.0,100.0,98.0,0.0,75.0
530010805070261,Gama,Urbana,1.085498478807288,211.0,66.7,66.7,15.2,96.7,,
530010805070263,Gama,Rural,4.951177710015229,121.0,,,,98.3,,
530010805070265,Gama,Urbana,0.106756219853809,153.0,,,0.0,0.0,0.0,
530010805070266,Gama,Urbana,0.092660566656305,90.0,,,0.0,0.0,0.0,
530010805070267,Gama,Urbana,0.107586568956836,79.0,,,0.0,,0.0,
530010805070268,Gama,Urbana,0.130167973470539,86.0,,,0.0,0.0,0.0,
530010805070269,Gama,Rural,4.243443878928417,60.0,,,0.0,100.0,11.7,
530010805070270,Gama,Rural,3.758428853070281,82.0,,,,98.8,,
530010805070271,Gama,Rural,7.359831912874874,117.0,,,,98.3,,
530010805070272,Gama,Rural,7.237841583740074,76.0,,,0.0,100.0,56.6,
530010805070273,Gama,Rural,9.525408765897524,115.0,,,0.0,99.1,13.9,
530010805070274,Gama,Rural,9.187347358440645,129.0,,,,100.0,,
530010805070275,Gama,Rural,3.454348171807085,37.0,,,,97.3,,
530010805070276,Gama,Rural,9.573188500737649,120.0,,,65.8,96.7,29.2,
530010805070277,Gama,Rural,2.895639659006317,64.0,,,18.8,93.8,,
530010805070278,Gama,Rural,10.36244760683211,91.0,,,,100.0,,
530010805070279,Gama,Rural,5.800303897005082,54.0,,,0.0,100.0,50.0,
530010805070280,Gama,Rural,11.411215806953896,79.0,,,,98.7,,
530010805070281,Gama,Rural,0.135475480684695,,,,,,,
530010805070282,Gama,Rural,3.038936851090292,77.0,,,,96.1,10.4,
530010805070283,Gama,Rural,0.03971806813029,8.0,,,0.0,100.0,0.0,
530010805070284,Gama,Urbana,0.594745357753732,8.0,,,,,0.0,
530010805070285,Gama,Urbana,0.696115989834163,10.0,,,60.0,80.0,,
530010805070286,Gama,Urbana,0.61568787253778,90.0,,,54.4,38.9,7.8,
530010805070287,Gama,Urbana,0.463812827249463,196.0,100.0,11.1,2.0,98.5,,
530010805070288,Gama,Urbana,0.26919007178674,176.0,100.0,22.2,0.0,100.0,,
530010805070289,Gama,Urbana,0.26781823246955,172.0,100.0,0.0,0.0,100.0,0.0,25.0
530010805070290,Gama,Rural,5.664107785632548,115.0,,,79.1,93.0,,
530010805070291,Gama,Urbana,0.633524292873079,88.0,,,81.8,26.1,14.8,
530010805070292,Gama,Urbana,0.285390025514504,188.0,100.0,33.3,0.0,100.0,0.0,33.3
530010805070293,Gama,Urbana,0.306423459810544,125.0,100.0,0.0,0.0,100.0,0.0,25.0
530010805070294,Gama,Urbana,0.252187446179803,173.0,100.0,0.0,0.0,100.0,0.0,25.0
530010805070295,Gama,Urbana,0.424791310003688,196.0,87.5,37.5,9.7,13.8,0.0,33.7
530010805070296,Gama,Urbana,0.307352574715868,232.0,100.0,0.0,0.0,3.4,0.0,25.0
530010805070297,Gama,Urbana,2.55551404899859,172.0,80.0,40.0,55.8,68.6,,
530010805070298,Gama,Urbana,1.164698474938755,95.0,100.0,80.0,,86.3,4.2,
530010805070299,Gama,Urbana,0.880906735736326,138.0,0.0,0.0,,94.2,2.2,
530010805070300,Gama,Urbana,2.116547920581173,163.0,0.0,0.0,1.8,99.4,3.7,1.4
530010805070301,Gama,Urbana,2.603694191691501,162.0,,,,95.7,6.2,
530010805070302,Gama,Urbana,0.551117205021437,162.0,50.0,5.6,69.1,81.5,0.0,31.2
530010805070303,Gama,Urbana,0.428882874870762,180.0,90.0,30.0,35.0,76.7,,
530010805070304,Gama,Urbana,0.888571798627089,229.0,50.0,0.0,0.0,98.3,,
530010805070305,Gama,Urbana,0.42520942920097,146.0,0.0,0.0,,100.0,,
530010805070306,Gama,Urbana,0.728580135238884,165.0,22.2,0.0,0.0,97.0,0.0,5.6
530010805070307,Gama,Urbana,0.355448850306894,188.0,0.0,0.0,,100.0,0.0,
530010805070308,Gama,Urbana,0.124622552403627,254.0,100.0,82.4,83.5,9.8,1.2,66.8
530010805070309,Gama,Urbana,0.102161351670459,195.0,100.0,40.0,88.7,4.6,,
530010805080013,Taguatinga,Urbana,0.149798900310624,352.0,66.7,0.0,0.0,0.0,1.1,17.0
530010805080014,Taguatinga,Urbana,0.106758085570586,374.0,66.7,0.0,0.0,0.0,0.0,16.7
530010805080015,Taguatinga,Urbana,0.107951574350046,361.0,35.0,0.0,0.0,0.0,0.0,8.8
530010805080016,Taguatinga,Urbana,0.063843794755937,175.0,57.1,0.0,0.0,0.0,0.0,14.3
530010805080017,Taguatinga,Urbana,0.025492717318716,104.0,25.0,0.0,0.0,0.0,0.0,6.2
530010805080018,Taguatinga,Urbana,0.055830083581514,255.0,36.4,0.0,0.0,0.0,0.0,9.1
530010805080019,Taguatinga,Urbana,0.053133784379344,197.0,12.5,0.0,0.0,0.0,0.0,3.1
530010805080021,Taguatinga,Urbana,0.11224497838615,358.0,62.5,0.0,0.0,0.0,0.0,15.6
530010805080022,Taguatinga,Urbana,0.106446232347729,265.0,66.7,0.0,0.0,0.0,0.0,16.7
530010805080023,Taguatinga,Urbana,0.079161277080716,345.0,50.0,0.0,0.0,0.0,0.0,12.5
530010805080024,Taguatinga,Urbana,0.080524379639594,243.0,60.0,0.0,0.0,0.0,0.0,15.0
530010805080025,Taguatinga,Urbana,0.06937280856197,118.0,66.7,0.0,0.0,0.0,0.0,16.7
530010805080026,Taguatinga,Urbana,0.064096447950631,206.0,40.0,0.0,0.0,0.0,0.0,10.0
530010805080027,Taguatinga,Urbana,0.098010280392528,162.0,80.0,0.0,0.0,0.0,0.0,20.0
530010805080028,Taguatinga,Urbana,0.071804965578316,221.0,57.1,0.0,0.0,0.0,0.0,14.3
530010805080029,Taguatinga,Urbana,0.128380678782955,304.0,75.0,0.0,0.0,0.0,0.0,18.8
530010805080030,Taguatinga,Urbana,0.069636506096468,140.0,100.0,0.0,0.0,0.0,0.0,25.0
530010805080031,Taguatinga,Urbana,0.254453699768936,315.0,97.9,0.0,0.0,0.0,0.0,24.5
530010805080183,Taguatinga,Urbana,0.830060846534,104.0,36.8,0.0,0.0,0.0,0.0,9.2
530010805080184,Taguatinga,Urbana,0.064824852250342,154.0,28.6,0.0,0.0,0.0,0.0,7.2
530010805080185,Taguatinga,Urbana,0.064461609992304,153.0,81.8,0.0,0.0,0.0,0.0,20.4
530010805080186,Taguatinga,Urbana,0.055395917112682,190.0,62.5,0.0,0.0,0.0,0.0,15.6
530010805080187,Taguatinga,Urbana,0.045586831081863,164.0,75.0,0.0,0.0,0.0,0.0,18.8
530010805080188,Taguatinga,Urbana,0.058129368757834,152.0,60.0,0.0,0.0,0.0,0.0,15.0
530010805080190,Taguatinga,Urbana,0.085974755560876,168.0,66.7,0.0,0.0,0.0,0.0,16.7
530010805080191,Taguatinga,Urbana,0.050749814161673,156.0,100.0,0.0,0.0,0.0,0.0,25.0
530010805080192,Taguatinga,Urbana,0.035061722451795,114.0,75.0,0.0,0.0,0.0,0.0,18.8
530010805080193,Taguatinga,Urbana,0.050544412863805,176.0,33.3,0.0,0.0,0.0,0.0,8.3
530010805080194,Taguatinga,Urbana,0.043818066181607,128.0,60.0,0.0,0.0,0.0,0.0,15.0
530010805080195,Taguatinga,Urbana,0.035149213450032,140.0,80.0,0.0,0.0,0.0,0.0,20.0
530010805080196,Taguatinga,Urbana,0.051411837627948,103.0,71.4,0.0,0.0,0.0,0.0,17.8
530010805080197,Taguatinga,Urbana,0.06547980051072,112.0,50.0,0.0,0.0,0.0,0.0,12.5
530010805080198,Taguatinga,Urbana,0.069913556218696,170.0,66.7,0.0,0.0,0.0,0.0,16.7
530010805080199,Taguatinga,Urbana,0.047563956503793,123.0,71.4,0.0,0.0,0.0,0.0,17.8
530010805080200,Taguatinga,Urbana,0.024272832344214,238.0,20.0,0.0,0.0,0.0,0.0,5.0
530010805080201,Taguatinga,Urbana,0.067953855059969,193.0,71.4,0.0,0.0,0.0,0.0,17.8
530010805080202,Taguatinga,Urbana,0.118483312973179,212.0,66.7,0.0,0.0,0.0,0.0,16.7
530010805080203,Taguatinga,Urbana,0.112946361914283,189.0,25.0,0.0,0.0,,0.0,6.2
530010805080204,Taguatinga,Urbana,0.068407629635854,189.0,0.0,0.0,0.0,0.0,0.0,0.0
530010805080205,Taguatinga,Urbana,0.106734993619521,140.0,50.0,0.0,0.0,0.0,0.0,12.5
530010805080206,Taguatinga,Urbana,0.200849809709606,128.0,57.7,3.8,0.0,0.0,0.0,15.4
530010805080207,Taguatinga,Urbana,0.060196466927292,126.0,8.3,0.0,0.0,0.0,0.0,2.1
530010805080208,Taguatinga,Urbana,0.05927150356541,211.0,58.3,0.0,0.0,0.0,0.0,14.6
530010805080209,Taguatinga,Urbana,0.065515759412764,160.0,0.0,0.0,0.0,0.0,0.0,0.0
530010805080210,Taguatinga,Urbana,0.066727444694111,147.0,44.4,0.0,0.0,0.0,0.0,11.1
530010805080211,Taguatinga,Urbana,0.004683760792788,192.0,100.0,0.0,0.0,0.0,0.0,25.0
530010805080212,Taguatinga,Urbana,0.009079619631699,101.0,0.0,0.0,0.0,0.0,0.0,0.0
530010805080213,Taguatinga,Urbana,0.007019383696192,242.0,0.0,0.0,0.0,0.0,0.0,0.0
530010805080214,Taguatinga,Urbana,0.006806463654368,335.0,0.0,0.0,0.0,0.0,0.0,0.0
530010805080215,Taguatinga,Urbana,0.007393380361007,192.0,0.0,0.0,0.0,0.0,0.0,0.0
530010805080216,Taguatinga,Urbana,0.007736719907815,248.0,0.0,0.0,0.0,0.0,0.0,0.0
530010805080217,Taguatinga,Urbana,0.010064837014171,208.0,0.0,0.0,0.0,0.0,0.0,0.0
530010805080218,Taguatinga,Urbana,0.004604622962214,226.0,0.0,0.0,,0.0,0.0,
530010805080219,Taguatinga,Urbana,0.008884605026425,131.0,0.0,0.0,0.0,0.0,0.0,0.0
530010805080220,Taguatinga,Urbana,0.010404801173887,176.0,0.0,0.0,0.0,,,
530010805080221,Taguatinga,Urbana,0.005257065966543,99.0,0.0,0.0,0.0,0.0,0.0,0.0
530010805080222,Taguatinga,Urbana,0.007031054259656,145.0,0.0,0.0,0.0,0.0,0.0,0.0
530010805080223,Taguatinga,Urbana,0.075845583266009,202.0,0.0,0.0,0.0,,0.0,0.0
530010805080224,Taguatinga,Urbana,0.005278270380987,274.0,0.0,0.0,0.0,0.0,0.0,0.0
530010805080225,Taguatinga,Urbana,0.038154605365073,150.0,0.0,0.0,0.0,0.0,0.0,0.0
530010805080226,Taguatinga,Urbana,0.073197333816392,132.0,0.0,0.0,0.0,0.0,0.0,0.0
530010805080227,Taguatinga,Urbana,0.043945321652059,148.0,16.7,0.0,0.0,0.0,0.0,4.2
530010805080228,Taguatinga,Urbana,0.013471800704111,127.0,0.0,0.0,0.0,0.0,0.0,0.0
530010805080229,Taguatinga,Urbana,0.043736953139944,96.0,0.0,0.0,0.0,0.0,0.0,0.0
530010805080230,Taguatinga,Urbana,0.123161442285034,162.0,0.0,0.0,0.0,0.0,0.0,0.0
530010805080231,Taguatinga,Urbana,0.031625525366614,206.0,0.0,0.0,0.0,0.0,0.0,0.0
530010805080232,Taguatinga,Urbana,0.009439125641303,177.0,0.0,0.0,0.0,0.0,0.0,0.0
530010805080233,Taguatinga,Urbana,0.09413583978497,110.0,18.2,0.0,0.0,0.0,0.0,4.6
530010805080243,Taguatinga,Urbana,0.064555959995856,224.0,50.0,0.0,0.0,0.0,0.0,12.5
530010805080244,Taguatinga,Urbana,0.011721059271687,246.0,0.0,0.0,0.0,0.0,0.0,0.0
530010805080245,Taguatinga,Urbana,0.058669234461912,101.0,33.3,0.0,0.0,0.0,0.0,8.3
530010805080246,Taguatinga,Urbana,0.026791093626392,135.0,66.7,0.0,0.0,0.0,0.0,16.7
530010805080247,Taguatinga,Urbana,0.053722436389379,229.0,25.0,0.0,0.0,0.0,0.0,6.2
530010805080248,Taguatinga,Urbana,0.071177967003832,161.0,11.1,0.0,0.0,0.0,0.0,2.8
530010805080249,Taguatinga,Urbana,0.007035634541754,136.0,0.0,0.0,0.0,0.0,0.0,0.0
530010805080250,Taguatinga,Urbana,0.138487818135514,281.0,36.4,0.0,0.0,0.0,0.0,9.1
530010805080251,Taguatinga,Urbana,0.08395633075898,140.0,25.0,0.0,,0.0,0.0,
530010805080252,Taguatinga,Urbana,0.016475002011827,279.0,0.0,0.0,0.0,0.0,0.0,0.0
530010805080253,Taguatinga,Urbana,0.005316130313058,172.0,0.0,0.0,0.0,0.0,0.0,0.0
530010805080254,Taguatinga,Urbana,0.035442019254692,76.0,40.0,0.0,0.0,0.0,0.0,10.0
530010805080255,Taguatinga,Urbana,0.052357139954059,57.0,37.5,12.5,0.0,0.0,0.0,12.5
530010805080256,Taguatinga,Urbana,0.012763598795754,233.0,0.0,0.0,0.0,0.0,0.0,0.0
530010805080258,Taguatinga,Urbana,0.071680779349364,118.0,14.3,0.0,0.0,0.0,0.0,3.6
530010805080259,Taguatinga,Urbana,0.109912416374246,173.0,20.0,0.0,,0.0,0.0,
530010805080260,Taguatinga,Urbana,0.058199545275205,198.0,0.0,0.0,0.0,0.0,0.0,0.0
530010805080261,Taguatinga,Urbana,0.012618207738159,217.0,0.0,0.0,0.0,0.0,0.0,0.0
530010805080262,Taguatinga,Urbana,0.012642877051019,177.0,0.0,0.0,0.0,0.0,0.0,0.0
530010805080263,Taguatinga,Urbana,0.042801563010676,120.0,0.0,0.0,0.0,0.0,0.0,0.0
530010805080264,Taguatinga,Urbana,0.093306122511484,159.0,0.0,0.0,,0.0,0.0,
530010805080265,Taguatinga,Urbana,0.034957463899175,133.0,0.0,0.0,0.0,0.0,0.0,0.0
530010805080266,Taguatinga,Urbana,0.047726504765487,162.0,0.0,0.0,0.0,,0.0,0.0
530010805080267,Taguatinga,Urbana,0.047697307886484,146.0,0.0,0.0,0.0,0.0,0.0,0.0
530010805080268,Taguatinga,Urbana,0.106676612543842,122.0,0.0,0.0,0.0,0.0,0.0,0.0
530010805080269,Taguatinga,Urbana,0.046741241196868,185.0,0.0,0.0,0.0,0.0,0.0,0.0
530010805080270,Taguatinga,Urbana,0.009405028761938,57.0,0.0,0.0,0.0,0.0,0.0,0.0
530010805080271,Taguatinga,Urbana,0.095052768702162,222.0,0.0,0.0,,0.0,0.0,
530010805080272,Taguatinga,Urbana,0.006120121777896,141.0,0.0,0.0,0.0,0.0,0.0,0.0
530010805080273,Taguatinga,Urbana,0.01600644643,277.0,0.0,0.0,0.0,0.0,0.0,0.0
530010805080274,Taguatinga,Urbana,0.026739837780794,152.0,0.0,0.0,0.0,0.0,0.0,0.0
530010805080275,Taguatinga,Urbana,0.004650272894647,213.0,0.0,0.0,0.0,0.0,0.0,0.0
530010805080276,Taguatinga,Urbana,0.007970080991772,122.0,0.0,0.0,0.0,0.0,0.0,0.0
530010805080277,Taguatinga,Urbana,0.294211030433789,179.0,0.0,0.0,0.0,0.0,0.0,0.0
530010805080278,Taguatinga,Urbana,0.093512146824011,164.0,0.0,0.0,0.0,0.0,0.0,0.0
530010805080279,Taguatinga,Urbana,0.058882244582978,169.0,0.0,0.0,0.0,0.0,0.0,0.0
530010805080280,Taguatinga,Urbana,0.219331297152295,158.0,0.0,0.0,0.0,0.0,0.0,0.0
530010805080281,Taguatinga,Urbana,0.296256965287682,150.0,0.0,0.0,0.0,0.0,0.0,0.0
530010805080282,Taguatinga,Urbana,0.060045282778941,136.0,0.0,0.0,0.0,0.0,0.0,0.0
530010805080283,Taguatinga,Urbana,0.030458388787762,83.0,0.0,0.0,0.0,0.0,0.0,0.0
530010805080284,Taguatinga,Urbana,0.059254430476855,147.0,0.0,0.0,0.0,0.0,0.0,0.0
530010805080285,Taguatinga,Urbana,0.06103726269404,154.0,0.0,0.0,0.0,0.0,0.0,0.0
530010805080286,Taguatinga,Urbana,0.057662353300998,187.0,0.0,0.0,0.0,0.0,0.0,0.0
530010805080287,Taguatinga,Urbana,0.079169316119496,283.0,0.0,0.0,0.0,0.0,0.0,0.0
530010805080288,Taguatinga,Urbana,0.049359838130047,106.0,0.0,0.0,0.0,0.0,0.0,0.0
530010805080289,Taguatinga,Urbana,0.078259039294158,159.0,0.0,0.0,0.0,0.0,0.0,0.0
530010805080290,Taguatinga,Urbana,0.054046195516235,170.0,50.0,0.0,,0.0,0.0,
530010805080291,Taguatinga,Urbana,0.038166546056245,113.0,0.0,0.0,0.0,0.0,0.0,0.0
530010805080292,Taguatinga,Urbana,0.049507240391366,120.0,0.0,0.0,0.0,0.0,0.0,0.0
530010805080293,Taguatinga,Urbana,0.049375749931037,127.0,0.0,0.0,0.0,0.0,0.0,0.0
530010805080294,Taguatinga,Urbana,0.060269909574284,298.0,0.0,0.0,0.0,0.0,0.0,0.0
530010805080296,Taguatinga,Urbana,0.060646603745765,127.0,0.0,0.0,0.0,0.0,0.0,0.0
530010805080297,Taguatinga,Urbana,0.049572644615495,155.0,0.0,0.0,0.0,0.0,0.0,0.0
530010805080298,Taguatinga,Urbana,0.049212606959463,127.0,0.0,0.0,0.0,0.0,0.0,0.0
530010805080299,Taguatinga,Urbana,0.04039389932534,110.0,75.0,0.0,0.0,0.0,0.0,18.8
530010805080300,Taguatinga,Urbana,0.029791877372252,82.0,100.0,0.0,0.0,0.0,0.0,25.0
530010805080301,Taguatinga,Urbana,0.032280767266279,220.0,0.0,0.0,0.0,0.0,0.0,0.0
530010805080302,Taguatinga,Urbana,0.218255517476601,221.0,12.5,0.0,0.0,0.0,0.0,3.1
530010805080303,Taguatinga,Urbana,0.03858308561058,114.0,0.0,0.0,0.0,0.0,0.0,0.0
530010805080304,Taguatinga,Urbana,0.091592128377144,345.0,42.9,0.0,0.0,0.0,0.0,10.7
530010805080305,Taguatinga,Urbana,0.073154678068827,172.0,50.0,0.0,,0.0,,
530010805080306,Taguatinga,Urbana,0.051127423603511,198.0,50.0,0.0,0.0,0.0,0.0,12.5
530010805080307,Taguatinga,Urbana,0.051001013059133,114.0,50.0,0.0,0.0,0.0,0.0,12.5
530010805080308,Taguatinga,Urbana,0.025428720548464,377.0,100.0,0.0,0.0,0.0,0.0,25.0
530010805080309,Taguatinga,Urbana,0.052499369418382,174.0,100.0,0.0,0.0,0.0,0.0,25.0
530010805080310,Taguatinga,Urbana,0.051414864573965,161.0,100.0,0.0,0.0,0.0,0.0,25.0
530010805080311,Taguatinga,Urbana,0.064499539628416,150.0,80.0,0.0,0.0,0.0,,
530010805080312,Taguatinga,Urbana,0.075495501753688,184.0,100.0,0.0,0.0,0.0,0.0,25.0
530010805080313,Taguatinga,Urbana,0.060139784154216,169.0,60.0,0.0,0.0,0.0,0.0,15.0
530010805080314,Taguatinga,Urbana,0.047233949471017,121.0,0.0,0.0,,0.0,,
530010805080315,Taguatinga,Urbana,0.049862538309572,170.0,50.0,0.0,0.0,0.0,0.0,12.5
530010805080316,Taguatinga,Urbana,0.049168829260476,99.0,100.0,0.0,0.0,0.0,0.0,25.0
530010805080317,Taguatinga,Urbana,0.047317013594617,161.0,75.0,0.0,0.0,0.0,0.0,18.8
530010805080318,Taguatinga,Urbana,0.050355975145131,182.0,100.0,0.0,0.0,0.0,0.0,25.0
530010805080319,Taguatinga,Urbana,0.21388817961622,164.0,83.3,0.0,0.0,0.0,0.0,20.8
530010805080320,Taguatinga,Urbana,0.574450370700401,246.0,25.0,0.0,,0.0,0.0,
530010805080321,Taguatinga,Urbana,0.047833939744115,179.0,40.0,0.0,0.0,0.0,0.0,10.0
530010805080322,Taguatinga,Urbana,0.034402552068515,98.0,0.0,0.0,0.0,0.0,0.0,0.0
530010805080323,Taguatinga,Urbana,0.051932574371906,221.0,100.0,0.0,0.0,0.0,0.0,25.0
530010805080324,Taguatinga,Urbana,0.030587973093077,119.0,100.0,0.0,0.0,0.0,0.0,25.0
530010805080325,Taguatinga,Urbana,0.045734652482718,170.0,0.0,0.0,0.0,0.0,0.0,0.0
530010805080326,Taguatinga,Urbana,0.063430791230383,136.0,33.3,0.0,0.0,0.0,0.0,8.3
530010805080327,Taguatinga,Urbana,0.0307217491834,112.0,100.0,0.0,0.0,0.0,0.0,25.0
530010805080328,Taguatinga,Urbana,0.054630417946131,126.0,50.0,0.0,0.0,0.0,0.0,12.5
530010805080329,Taguatinga,Urbana,0.039300972541319,168.0,100.0,0.0,0.0,0.0,0.0,25.0
530010805080330,Taguatinga,Urbana,0.085370276916276,215.0,72.7,0.0,0.0,0.0,0.0,18.2
530010805080331,Taguatinga,Urbana,0.044137445463805,131.0,0.0,0.0,0.0,0.0,0.0,0.0
530010805080332,Taguatinga,Urbana,0.048258098683136,196.0,60.0,0.0,0.0,0.0,0.0,15.0
530010805080333,Taguatinga,Urbana,0.048897870887965,191.0,0.0,0.0,0.0,0.0,0.0,0.0
530010805080334,Taguatinga,Urbana,0.048908159109703,175.0,0.0,0.0,0.0,0.0,0.0,0.0
530010805080335,Taguatinga,Urbana,0.065162310024947,233.0,0.0,0.0,0.0,0.0,0.0,0.0
530010805080336,Taguatinga,Urbana,0.095192570611148,200.0,0.0,0.0,0.0,0.0,0.0,0.0
530010805080337,Taguatinga,Urbana,0.124924759871178,230.0,0.0,12.5,0.0,0.0,0.0,3.1
530010805080338,Taguatinga,Urbana,0.116362699183909,153.0,40.0,0.0,0.0,0.0,0.0,10.0
530010805080339,Taguatinga,Urbana,0.051560660471288,190.0,0.0,0.0,0.0,0.0,0.0,0.0
530010805080340,Taguatinga,Urbana,0.096756658352879,144.0,0.0,0.0,0.0,0.0,0.0,0.0
530010805080341,Taguatinga,Urbana,0.032457700142875,125.0,0.0,0.0,0.0,0.0,0.0,0.0
530010805080342,Taguatinga,Urbana,0.062564948609868,186.0,75.0,0.0,0.0,0.0,0.0,18.8
530010805080343,Taguatinga,Urbana,0.060910260458419,156.0,83.3,0.0,0.0,0.0,0.0,20.8
530010805080344,Taguatinga,Urbana,0.073836373823497,244.0,100.0,16.7,0.0,,0.0,29.2
530010805080345,Taguatinga,Urbana,0.122580418390704,261.0,77.8,0.0,0.0,0.0,0.0,19.4
530010805080346,Taguatinga,Urbana,0.063775395498184,135.0,50.0,0.0,0.0,0.0,0.0,12.5
530010805080347,Taguatinga,Urbana,0.031722570992247,137.0,0.0,0.0,0.0,0.0,0.0,0.0
530010805080348,Taguatinga,Urbana,0.032224919928447,146.0,0.0,0.0,0.0,0.0,0.0,0.0
530010805080349,Taguatinga,Urbana,0.543918807269161,333.0,0.0,0.0,0.0,0.0,0.0,0.0
530010805080351,Taguatinga,Urbana,1.789634805250598,38.0,,,36.8,71.1,,
530010805080352,Taguatinga,Urbana,0.087355634042523,159.0,0.0,0.0,0.0,0.0,0.0,0.0
530010805080353,Taguatinga,Urbana,0.034841120525783,94.0,100.0,0.0,0.0,0.0,0.0,25.0
530010805080354,Taguatinga,Urbana,0.101037196382075,207.0,63.6,0.0,0.0,0.0,0.0,15.9
530010805080355,Taguatinga,Urbana,0.065996075442787,193.0,47.1,0.0,0.0,0.0,0.0,11.8
530010805080356,Taguatinga,Urbana,0.076815545935902,235.0,63.2,0.0,0.0,0.0,0.0,15.8
530010805080357,Taguatinga,Urbana,0.018673145499627,146.0,50.0,0.0,0.0,0.0,0.0,12.5
530010805080358,Taguatinga,Urbana,0.059495350933181,251.0,66.7,0.0,0.0,0.0,0.0,16.7
530010805080359,Taguatinga,Urbana,0.021379556854498,183.0,25.0,0.0,0.0,0.0,0.0,6.2
530010805080360,Taguatinga,Urbana,0.070598713297821,139.0,53.8,0.0,0.0,0.0,0.0,13.4
530010805080362,Taguatinga,Urbana,0.039213589905573,253.0,0.0,0.0,0.0,0.0,0.0,0.0
530010805080363,Taguatinga,Urbana,0.030090669500372,144.0,42.9,0.0,0.0,0.0,0.0,10.7
530010805080364,Taguatinga,Urbana,0.068180433975733,228.0,0.0,0.0,0.0,0.0,0.0,0.0
530010805080365,Taguatinga,Urbana,0.036612946545047,167.0,83.3,0.0,0.0,0.0,0.0,20.8
530010805080366,Taguatinga,Urbana,0.026113650683666,162.0,75.0,0.0,0.0,0.0,0.0,18.8
530010805080367,Taguatinga,Urbana,0.023070718384518,157.0,68.8,0.0,0.0,0.0,0.0,17.2
530010805080368,Taguatinga,Urbana,0.035957534056772,118.0,47.6,0.0,0.0,0.0,0.0,11.9
530010805080369,Taguatinga,Urbana,0.020244304048091,148.0,77.8,0.0,0.0,0.0,0.0,19.4
530010805080370,Taguatinga,Urbana,0.031670547190327,194.0,74.1,0.0,0.0,0.0,0.0,18.5
530010805080371,Taguatinga,Urbana,0.085146201175731,240.0,33.3,0.0,0.0,0.0,0.0,8.3
530010805080372,Taguatinga,Urbana,0.04242054349927,172.0,0.0,0.0,0.0,0.0,0.0,0.0
530010805080373,Taguatinga,Urbana,0.073411724512958,148.0,0.0,0.0,0.0,0.0,0.0,0.0
530010805080374,Taguatinga,Urbana,0.051622221229677,125.0,30.8,0.0,0.0,0.0,0.0,7.7
530010805080375,Taguatinga,Urbana,0.021826168882187,179.0,0.0,0.0,0.0,0.0,0.0,0.0
530010805080376,Taguatinga,Urbana,0.055459209905737,248.0,18.2,0.0,0.0,0.0,0.0,4.6
530010805080377,Taguatinga,Urbana,0.105099650122411,241.0,68.0,0.0,0.0,0.0,0.0,17.0
530010805080378,Taguatinga,Urbana,0.067127685226241,215.0,43.8,0.0,0.0,0.0,0.0,11.0
530010805080379,Taguatinga,Urbana,0.078038379443163,158.0,5.6,0.0,0.0,0.0,0.0,1.4
530010805080380,Taguatinga,Urbana,0.030807422552699,84.0,50.0,0.0,0.0,0.0,0.0,12.5
530010805080381,Taguatinga,Urbana,0.056706585840527,267.0,0.0,0.0,0.0,0.0,0.0,0.0
530010805080382,Taguatinga,Urbana,0.050857865059656,246.0,18.2,0.0,0.0,0.0,0.0,4.6
530010805080383,Taguatinga,Urbana,0.121686256340816,218.0,20.0,0.0,0.0,0.0,0.0,5.0
530010805080384,Taguatinga,Urbana,0.060963382533915,174.0,28.6,0.0,0.0,0.0,0.0,7.2
530010805080385,Taguatinga,Urbana,0.088188858907001,89.0,20.0,0.0,0.0,0.0,0.0,5.0
530010805080386,Taguatinga,Urbana,0.052906439713174,135.0,23.1,0.0,0.0,0.0,0.0,5.8
530010805080387,Taguatinga,Urbana,0.073608620671021,159.0,69.2,0.0,0.0,0.0,0.0,17.3
530010805080388,Taguatinga,Urbana,0.021625342000476,143.0,0.0,0.0,0.0,0.0,0.0,0.0
530010805080389,Taguatinga,Urbana,0.052139858215488,148.0,0.0,0.0,0.0,0.0,0.0,0.0
530010805080390,Taguatinga,Urbana,0.087803853636569,189.0,20.0,0.0,0.0,0.0,0.0,5.0
530010805080391,Taguatinga,Urbana,0.031085634386157,229.0,89.7,0.0,0.0,0.0,0.0,22.4
530010805080392,Taguatinga,Urbana,0.028762812819483,208.0,88.9,0.0,0.0,0.0,0.0,22.2
530010805080393,Taguatinga,Urbana,0.038830945747785,145.0,51.6,0.0,0.0,0.0,0.0,12.9
530010805080394,Taguatinga,Urbana,0.01854231252409,120.0,72.7,0.0,0.0,0.0,0.0,18.2
530010805080395,Taguatinga,Urbana,0.020132130947846,128.0,52.6,0.0,0.0,0.0,0.0,13.2
530010805080396,Taguatinga,Urbana,0.031897535289575,198.0,54.2,0.0,0.0,0.0,0.0,13.6
530010805080397,Taguatinga,Urbana,0.044078376471021,134.0,27.3,0.0,0.0,0.0,0.0,6.8
530010805080398,Taguatinga,Urbana,0.073131979619876,210.0,35.3,0.0,0.0,0.0,0.0,8.8
530010805080399,Taguatinga,Urbana,0.0458885148859,264.0,0.0,0.0,0.0,0.0,0.0,0.0
530010805080400,Taguatinga,Urbana,0.020455712348283,218.0,0.0,0.0,0.0,0.0,0.0,0.0
530010805080401,Taguatinga,Urbana,0.035200516417043,163.0,50.0,0.0,0.0,0.0,0.0,12.5
530010805080402,Taguatinga,Urbana,0.091736080795614,239.0,61.9,0.0,0.0,0.0,0.0,15.5
530010805080403,Taguatinga,Urbana,0.028548733443872,149.0,35.3,0.0,0.0,0.0,0.0,8.8
530010805080404,Taguatinga,Urbana,0.023128387465865,152.0,54.8,0.0,0.0,0.0,0.0,13.7
530010805080405,Taguatinga,Urbana,0.048631353390284,227.0,54.8,0.0,0.0,0.0,0.0,13.7
530010805080406,Taguatinga,Urbana,0.051332317928096,161.0,76.9,0.0,0.0,0.0,0.0,19.2
530010805080407,Taguatinga,Urbana,0.051135871812112,148.0,100.0,0.0,0.0,0.0,0.0,25.0
530010805080408,Taguatinga,Urbana,0.032061779864937,151.0,87.5,0.0,0.0,0.0,0.0,21.9
530010805080409,Taguatinga,Urbana,0.02037950183782,169.0,25.0,0.0,0.0,0.0,0.0,6.2
530010805080410,Taguatinga,Urbana,0.155245294843061,170.0,26.7,0.0,0.0,0.0,0.0,6.7
530010805080411,Taguatinga,Urbana,0.083068321056882,221.0,0.0,0.0,0.0,0.0,0.0,0.0
530010805080412,Taguatinga,Urbana,0.04988450966528,181.0,0.0,0.0,0.0,0.0,0.0,0.0
530010805080413,Taguatinga,Urbana,0.05431214357045,188.0,21.4,0.0,0.0,0.0,0.0,5.4
530010805080414,Taguatinga,Urbana,0.0420584684432,124.0,18.2,0.0,0.0,0.0,0.0,4.6
530010805080415,Taguatinga,Urbana,0.028765614828987,109.0,0.0,0.0,0.0,0.0,0.0,0.0
530010805080416,Taguatinga,Urbana,0.039588085547707,155.0,0.0,0.0,,,0.0,
530010805080417,Taguatinga,Urbana,0.069618262221816,181.0,10.5,0.0,0.0,0.0,0.0,2.6
530010805080418,Taguatinga,Urbana,0.081380388911459,176.0,0.0,0.0,0.0,0.0,0.0,0.0
530010805080419,Taguatinga,Urbana,0.068098507806418,130.0,86.7,0.0,0.0,0.0,0.0,21.7
530010805080420,Taguatinga,Urbana,0.072928301091932,150.0,0.0,0.0,0.0,0.0,0.0,0.0
530010805080421,Taguatinga,Urbana,0.060968745709225,155.0,0.0,0.0,0.0,0.0,0.0,0.0
530010805080422,Taguatinga,Urbana,0.058864892900394,190.0,93.3,0.0,0.0,0.0,0.0,23.3
530010805080423,Taguatinga,Urbana,0.081223536726986,192.0,73.3,0.0,0.0,0.0,0.0,18.3
530010805080424,Taguatinga,Urbana,0.026135572532022,174.0,0.0,0.0,0.0,0.0,0.0,0.0
530010805080425,Taguatinga,Urbana,0.042268007747579,162.0,71.4,0.0,0.0,0.0,0.0,17.8
530010805080426,Taguatinga,Urbana,0.095866208890041,203.0,75.0,0.0,0.0,0.0,0.0,18.8
530010805080427,Taguatinga,Urbana,0.024573768673355,168.0,62.1,0.0,0.0,0.0,0.0,15.5
530010805080428,Taguatinga,Urbana,0.049639977194583,226.0,73.5,0.0,0.0,0.0,0.0,18.4
530010805080429,Taguatinga,Urbana,0.089435135792581,190.0,50.0,0.0,0.0,0.0,0.0,12.5
530010805080430,Taguatinga,Urbana,0.022061727066659,127.0,33.3,0.0,0.0,0.0,0.0,8.3
530010805080431,Taguatinga,Urbana,0.120371192483453,191.0,36.4,0.0,0.0,0.0,0.0,9.1
530010805080432,Taguatinga,Urbana,0.058746320637194,122.0,33.3,0.0,0.0,0.0,0.0,8.3
530010805080433,Taguatinga,Urbana,0.048677847087763,217.0,0.0,0.0,0.0,0.0,0.0,0.0
530010805080434,Taguatinga,Urbana,0.069527644368448,178.0,26.7,0.0,0.0,0.0,0.0,6.7
530010805080435,Taguatinga,Urbana,0.021299807274793,100.0,0.0,0.0,,0.0,0.0,
530010805080436,Taguatinga,Urbana,0.045293618402752,185.0,20.0,0.0,0.0,0.0,0.0,5.0
530010805080437,Taguatinga,Urbana,0.0276134865326,152.0,0.0,0.0,0.0,0.0,0.0,0.0
530010805080438,Taguatinga,Urbana,0.041520710595236,175.0,0.0,0.0,0.0,0.0,0.0,0.0
530010805080439,Taguatinga,Urbana,0.074965494555074,208.0,46.7,0.0,0.0,0.0,0.0,11.7
530010805080440,Taguatinga,Urbana,0.047119468655113,188.0,30.0,0.0,0.0,0.0,0.0,7.5
530010805080441,Taguatinga,Urbana,0.06399723742613,174.0,40.0,0.0,0.0,0.0,0.0,10.0
530010805080442,Taguatinga,Urbana,0.090574304665098,214.0,23.1,0.0,0.0,0.0,0.0,5.8
530010805080443,Taguatinga,Urbana,0.032940787848315,128.0,25.0,0.0,0.0,0.0,0.0,6.2
530010805080444,Taguatinga,Urbana,0.160831758734409,183.0,54.5,0.0,,1.6,,
530010805080445,Taguatinga,Urbana,0.059125175565133,193.0,0.0,0.0,0.0,0.0,0.0,0.0
530010805080446,Taguatinga,Urbana,0.046724066888247,210.0,0.0,0.0,0.0,0.0,0.0,0.0
530010805080447,Taguatinga,Urbana,0.092540030191915,287.0,52.9,0.0,0.0,0.0,0.0,13.2
530010805080448,Taguatinga,Urbana,0.040678972752296,138.0,62.5,0.0,0.0,0.0,0.0,15.6
530010805080449,Taguatinga,Urbana,0.02461478200127,125.0,0.0,0.0,0.0,0.0,0.0,0.0
530010805080450,Taguatinga,Urbana,0.105487241975774,227.0,40.0,0.0,0.0,0.0,0.0,10.0
530010805080451,Taguatinga,Urbana,0.142754117928917,203.0,42.9,0.0,0.0,0.0,0.0,10.7
530010805080452,Taguatinga,Urbana,0.049847117919128,150.0,0.0,0.0,0.0,0.0,0.0,0.0
530010805080453,Taguatinga,Urbana,0.082309929075769,226.0,27.8,0.0,0.0,0.0,0.0,7.0
530010805080454,Taguatinga,Urbana,0.033222393912515,118.0,22.2,0.0,0.0,0.0,0.0,5.6
530010805080455,Taguatinga,Urbana,0.048022652612348,158.0,0.0,0.0,0.0,0.0,0.0,0.0
530010805080456,Taguatinga,Urbana,0.040604411767092,150.0,0.0,0.0,0.0,0.0,0.0,0.0
530010805080457,Taguatinga,Urbana,0.077110676210157,140.0,25.0,0.0,,,0.0,
530010805080458,Taguatinga,Urbana,0.075940671852826,232.0,52.9,0.0,0.0,0.0,0.0,13.2
530010805080459,Taguatinga,Urbana,0.050611212940296,192.0,33.3,0.0,0.0,0.0,0.0,8.3
530010805080460,Taguatinga,Urbana,0.049433855031479,183.0,25.0,0.0,0.0,0.0,0.0,6.2
530010805080461,Taguatinga,Urbana,0.08665031811665,189.0,0.0,0.0,0.0,0.0,0.0,0.0
530010805080462,Taguatinga,Urbana,0.34708444061826,272.0,9.1,0.0,0.0,,0.0,2.3
530010805080463,Taguatinga,Urbana,0.370091855373776,259.0,0.0,0.0,0.0,0.0,0.0,0.0
530010805080464,Taguatinga,Urbana,0.099500166744469,118.0,66.7,0.0,,0.0,0.0,
530010805080466,Taguatinga,Urbana,0.168496930207955,,,,,,,
530010805080493,Taguatinga,Urbana,0.070781393556963,173.0,22.2,0.0,0.0,0.0,0.0,5.6
530010805080494,Taguatinga,Urbana,0.058958226836594,246.0,100.0,0.0,0.0,0.0,0.0,25.0
530010805080498,Taguatinga,Urbana,0.028389053053624,133.0,50.0,0.0,0.0,0.0,0.0,12.5
530010805080499,Taguatinga,Urbana,0.066653393469928,203.0,33.3,0.0,0.0,0.0,0.0,8.3
530010805080500,Taguatinga,Urbana,0.00521465589814,177.0,0.0,0.0,0.0,0.0,0.0,0.0
530010805080520,Taguatinga,Urbana,0.007500452471427,164.0,0.0,0.0,0.0,0.0,0.0,0.0
530010805080521,Taguatinga,Urbana,0.012632472023713,91.0,0.0,0.0,0.0,0.0,0.0,0.0
530010805080522,Taguatinga,Urbana,0.019495549538402,256.0,0.0,0.0,0.0,0.0,0.0,0.0
530010805080523,Taguatinga,Urbana,0.289036399378903,80.0,0.0,0.0,0.0,0.0,0.0,0.0
530010805080524,Taguatinga,Urbana,0.146224832615129,189.0,100.0,0.0,,0.0,0.0,
530010805080525,Taguatinga,Urbana,0.051542568024803,19.0,14.3,0.0,0.0,0.0,0.0,3.6
530010805080526,Taguatinga,Urbana,0.097859982871864,68.0,87.5,0.0,0.0,0.0,0.0,21.9
530010805080528,Taguatinga,Urbana,0.050430492465012,49.0,100.0,0.0,0.0,0.0,0.0,25.0
530010805080530,Taguatinga,Urbana,0.089934854666155,168.0,64.3,0.0,0.0,0.0,0.0,16.1
530010805080531,Taguatinga,Urbana,0.59597057929254,97.0,27.3,0.0,0.0,0.0,0.0,6.8
530010805080532,Taguatinga,Urbana,0.029266720487614,152.0,12.5,0.0,0.0,0.0,0.0,3.1
530010805080533,Taguatinga,Urbana,0.040818248463006,152.0,50.0,0.0,0.0,0.0,0.0,12.5
530010805080534,Taguatinga,Urbana,0.142111852266762,389.0,25.0,8.3,0.0,0.0,0.0,8.3
530010805080536,Taguatinga,Urbana,0.106455920441237,279.0,44.4,0.0,0.0,2.5,0.0,11.1
530010805080537,Taguatinga,Urbana,0.192509935741762,315.0,92.9,35.7,,1.3,0.0,
530010805080538,Taguatinga,Urbana,0.116464839178392,246.0,100.0,0.0,5.7,0.0,0.0,26.4
530010805080554,Taguatinga,Rural,28.61764283695862,51.0,,,45.1,98.0,,
530010805080555,Taguatinga,Urbana,0.128626212285429,27.0,,,,25.9,0.0,
530010805080557,Taguatinga,Urbana,0.008142249747058,184.0,100.0,0.0,0.0,0.0,0.0,25.0
530010805080558,Taguatinga,Urbana,0.084812042393857,141.0,44.4,22.2,0.0,0.0,0.0,16.7
530010805080559,Taguatinga,Urbana,0.787650540418271,318.0,57.1,0.0,0.0,0.0,0.0,14.3
530010805080560,Taguatinga,Urbana,0.188504283861878,157.0,40.0,10.0,0.0,0.0,0.0,12.5
530010805080561,Taguatinga,Urbana,0.074728887655209,27.0,,,,,70.4,
530010805080646,Taguatinga,Rural,0.123437463957255,,,,,,,
530010805080647,Taguatinga,Urbana,0.002135355700056,150.0,0.0,0.0,0.0,0.0,0.0,0.0
530010805080648,Taguatinga,Urbana,0.006834053440241,261.0,0.0,0.0,0.0,0.0,0.0,0.0
530010805080649,Taguatinga,Urbana,0.010762993159685,36.0,0.0,0.0,0.0,0.0,0.0,0.0
530010805080650,Taguatinga,Urbana,0.013318147544233,84.0,0.0,0.0,0.0,0.0,0.0,0.0
530010805080657,Taguatinga,Urbana,0.006428068608926,159.0,0.0,0.0,0.0,0.0,0.0,0.0
530010805080658,Taguatinga,Urbana,0.032335048099909,230.0,50.0,0.0,0.0,,,
530010805080659,Taguatinga,Urbana,0.007097105511598,107.0,0.0,0.0,,0.0,0.0,
530010805080660,Taguatinga,Urbana,0.073195940054717,159.0,0.0,0.0,0.0,0.0,0.0,0.0
530010805080661,Taguatinga,Urbana,0.115578479417879,123.0,33.3,0.0,0.0,0.0,0.0,8.3
530010805080662,Taguatinga,Urbana,0.135386979406406,122.0,0.0,0.0,0.0,0.0,0.0,0.0
530010805080663,Taguatinga,Urbana,0.01114980061902,134.0,0.0,0.0,0.0,0.0,0.0,0.0
530010805080664,Taguatinga,Urbana,0.009256193097445,266.0,0.0,0.0,0.0,0.0,0.0,0.0
530010805080665,Taguatinga,Urbana,0.003815492196789,207.0,0.0,0.0,0.0,0.0,0.0,0.0
530010805080666,Taguatinga,Urbana,0.002555994368782,134.0,0.0,0.0,0.0,0.0,0.0,0.0
530010805080667,Taguatinga,Urbana,0.050557984014242,109.0,0.0,0.0,0.0,0.0,0.0,0.0
530010805080668,Taguatinga,Urbana,0.029520318356584,111.0,0.0,0.0,0.0,0.0,0.0,0.0
530010805080669,Taguatinga,Urbana,0.040696610670711,185.0,0.0,0.0,0.0,0.0,0.0,0.0
530010805080670,Taguatinga,Urbana,0.053944853750951,223.0,0.0,0.0,0.0,0.0,0.0,0.0
530010805080671,Taguatinga,Urbana,0.059051097283734,140.0,33.3,0.0,0.0,0.0,0.0,8.3
530010805080672,Taguatinga,Urbana,0.030475296527213,111.0,100.0,0.0,0.0,0.0,0.0,25.0
530010805080673,Taguatinga,Urbana,0.04555013592071,148.0,0.0,0.0,0.0,0.0,0.0,0.0
530010805080675,Taguatinga,Urbana,0.027469128374823,141.0,0.0,0.0,0.0,0.0,0.0,0.0
530010805080676,Taguatinga,Urbana,0.01656401088523,108.0,50.0,0.0,0.0,0.0,2.8,13.2
530010805080677,Taguatinga,Urbana,0.015312888293172,119.0,57.1,0.0,0.0,0.0,0.0,14.3
530010805080678,Taguatinga,Urbana,0.022995061151595,150.0,63.2,0.0,0.0,0.0,0.0,15.8
530010805080679,Taguatinga,Urbana,0.041837522334332,120.0,0.0,0.0,0.0,0.0,0.0,0.0
530010805080680,Taguatinga,Urbana,0.045463565664713,177.0,84.6,0.0,0.0,0.0,0.0,21.2
530010805080681,Taguatinga,Urbana,0.024017660997725,133.0,0.0,0.0,0.0,0.0,0.0,0.0
530010805080682,Taguatinga,Urbana,0.051451437921319,170.0,50.0,0.0,0.0,0.0,0.0,12.5
530010805080683,Taguatinga,Urbana,0.037664458553665,183.0,0.0,0.0,0.0,0.0,0.0,0.0
530010805080684,Taguatinga,Urbana,0.100491537950138,143.0,45.5,0.0,0.0,0.0,0.0,11.4
530010805080685,Taguatinga,Urbana,0.038482290904257,71.0,44.4,0.0,0.0,0.0,0.0,11.1
530010805080686,Taguatinga,Urbana,0.028769023480934,131.0,25.0,0.0,0.0,0.0,0.0,6.2
530010805080687,Taguatinga,Urbana,0.12533933744404,110.0,18.2,0.0,0.0,0.0,0.0,4.6
530010805080688,Taguatinga,Urbana,0.046795267283582,161.0,0.0,0.0,0.0,0.0,0.0,0.0
530010805080689,Taguatinga,Urbana,0.120773825495859,104.0,16.7,0.0,0.0,0.0,0.0,4.2
530010805080698,Taguatinga,Urbana,0.247294036597211,13.0,,,23.1,0.0,30.8,
530010805080705,Taguatinga,Rural,2.226161531779158,30.0,,,96.7,100.0,40.0,
530010805080720,Taguatinga,Urbana,0.029721898604057,110.0,89.5,0.0,0.0,0.0,0.0,22.4
530010805080721,Taguatinga,Urbana,0.115708965645745,139.0,0.0,0.0,0.0,0.0,0.0,0.0
530010805080765,Taguatinga,Urbana,0.004222567374136,246.0,0.0,0.0,0.0,0.0,0.0,0.0
530010805080766,Taguatinga,Urbana,0.107958816304804,326.0,100.0,0.0,0.0,0.0,0.0,25.0
530010805080767,Taguatinga,Urbana,0.005614113875751,249.0,100.0,0.0,0.0,0.0,0.0,25.0
530010805080768,Taguatinga,Urbana,0.005344491033593,238.0,0.0,0.0,0.0,0.0,0.0,0.0
530010805080769,Taguatinga,Urbana,0.100487394404997,163.0,33.3,0.0,0.0,0.0,0.0,8.3
530010805080770,Taguatinga,Urbana,0.098499182808491,243.0,100.0,0.0,0.0,0.0,0.0,25.0
530010805080771,Taguatinga,Urbana,0.178910190682123,292.0,100.0,18.2,0.0,,0.0,29.6
530010805080783,Taguatinga,Urbana,0.033455857617604,352.0,0.0,0.0,0.0,0.0,0.0,0.0
530010805080784,Taguatinga,Urbana,0.025693139805147,377.0,0.0,0.0,0.0,0.0,0.0,0.0
530010805080785,Taguatinga,Urbana,0.312475207118759,258.0,20.0,0.0,0.0,0.0,0.0,5.0
530010805080786,Taguatinga,Urbana,0.003335900899403,214.0,0.0,0.0,0.0,0.0,0.0,0.0
530010805080787,Taguatinga,Urbana,0.007500529499722,404.0,0.0,0.0,0.0,0.0,0.0,0.0
530010805080788,Taguatinga,Urbana,0.008406139676432,400.0,0.0,0.0,0.0,0.0,,
530010805080789,Taguatinga,Urbana,0.009158805385993,237.0,0.0,0.0,0.0,0.0,0.0,0.0
530010805080790,Taguatinga,Urbana,0.004954818965006,233.0,0.0,0.0,,,0.0,
530010805080791,Taguatinga,Urbana,0.009553144148586,421.0,0.0,0.0,0.0,0.0,0.0,0.0
530010805080792,Taguatinga,Urbana,0.007460503136589,432.0,0.0,0.0,0.0,0.0,0.0,0.0
530010805080795,Taguatinga,Urbana,0.081303635576525,207.0,94.4,0.0,0.0,0.0,0.0,23.6
530010805080796,Taguatinga,Urbana,0.032759987557002,219.0,92.3,0.0,0.0,0.0,0.0,23.1
530010805080797,Taguatinga,Urbana,0.170907323092964,92.0,0.0,0.0,0.0,0.0,0.0,0.0
530010805080798,Taguatinga,Urbana,0.052648330635256,345.0,0.0,0.0,0.0,0.0,0.0,0.0
530010805080801,Taguatinga,Urbana,0.010695861524371,357.0,50.0,0.0,0.0,0.0,,
530010805080802,Taguatinga,Urbana,0.037203502086213,259.0,100.0,0.0,0.0,0.0,0.0,25.0
530010805080803,Taguatinga,Urbana,0.01276167776001,213.0,100.0,0.0,0.0,0.0,0.0,25.0
530010805080838,Taguatinga,Urbana,0.631381230440633,156.0,42.9,0.0,0.0,0.0,0.0,10.7
530010805080839,Taguatinga,Urbana,0.006810899575733,249.0,0.0,0.0,0.0,0.0,0.0,0.0
530010805080845,Taguatinga,Urbana,0.231272736796357,150.0,0.0,0.0,0.0,0.0,0.0,0.0
530010805080846,Taguatinga,Rural,0.781883201357543,11.0,,,0.0,100.0,27.3,
530010805080847,Taguatinga,Urbana,0.257111985712522,120.0,37.5,0.0,,,0.0,
530010805080848,Taguatinga,Urbana,0.621922898312419,150.0,89.5,0.0,2.7,0.0,0.0,23.0
530010805080849,Taguatinga,Urbana,0.112854411720724,300.0,40.0,0.0,0.0,0.0,0.0,10.0
530010805080862,Taguatinga,Urbana,0.007671709882933,57.0,0.0,0.0,0.0,0.0,0.0,0.0
530010805080863,Taguatinga,Urbana,0.007579972190949,165.0,0.0,0.0,0.0,0.0,0.0,0.0
530010805080864,Taguatinga,Urbana,0.067965501304071,171.0,33.3,0.0,31.0,3.5,,
530010805080865,Taguatinga,Urbana,0.081090379109406,168.0,40.0,0.0,,4.2,0.0,
530010805080866,Taguatinga,Urbana,0.671871249914221,360.0,38.1,0.0,0.0,0.0,0.0,9.5
530010805080867,Taguatinga,Urbana,0.231808090167914,322.0,25.0,0.0,0.0,0.0,0.0,6.2
530010805080868,Taguatinga,Urbana,0.048038065041856,136.0,0.0,0.0,0.0,0.0,0.0,0.0
530010805080869,Taguatinga,Urbana,0.009197483784104,129.0,0.0,0.0,0.0,0.0,0.0,0.0
530010805090001,Brazlândia,Urbana,0.54156636274365,158.0,66.7,0.0,7.0,,0.0,18.4
530010805090003,Brazlândia,Urbana,0.11738335154971,276.0,53.3,0.0,0.0,0.0,0.0,13.3
530010805090004,Brazlândia,Urbana,0.322591048518898,211.0,63.6,9.1,,,0.0,
530010805090005,Brazlândia,Urbana,0.084207001318877,191.0,60.0,0.0,0.0,0.0,0.0,15.0
530010805090006,Brazlândia,Urbana,0.093089178249658,175.0,77.8,0.0,0.0,0.0,0.0,19.4
530010805090007,Brazlândia,Urbana,0.066487190552998,139.0,100.0,14.3,0.0,0.0,0.0,28.6
530010805090008,Brazlândia,Urbana,0.066362452215956,171.0,100.0,0.0,0.0,0.0,0.0,25.0
530010805090009,Brazlândia,Urbana,0.052818538462275,113.0,100.0,0.0,0.0,0.0,0.0,25.0
530010805090010,Brazlândia,Urbana,0.073227093862459,258.0,16.7,0.0,0.0,0.0,0.0,4.2
530010805090011,Brazlândia,Urbana,0.382017345145122,216.0,100.0,0.0,0.0,0.0,0.0,25.0
530010805090012,Brazlândia,Urbana,0.030688336675721,100.0,50.0,0.0,0.0,0.0,0.0,12.5
530010805090013,Brazlândia,Urbana,0.073230266384991,171.0,37.5,0.0,0.0,0.0,0.0,9.4
530010805090014,Brazlândia,Urbana,0.027425578142818,142.0,100.0,0.0,0.0,0.0,0.0,25.0
530010805090015,Brazlândia,Urbana,0.064942576085097,109.0,100.0,0.0,0.0,0.0,0.0,25.0
530010805090016,Brazlândia,Urbana,0.031104558146078,112.0,0.0,0.0,0.0,0.0,0.0,0.0
530010805090017,Brazlândia,Urbana,0.096133617356324,124.0,85.7,0.0,0.0,0.0,0.0,21.4
530010805090018,Brazlândia,Urbana,0.101315601792078,148.0,87.5,0.0,0.0,0.0,0.0,21.9
530010805090019,Brazlândia,Urbana,0.116802635993404,237.0,25.0,0.0,0.0,0.0,0.0,6.2
530010805090020,Brazlândia,Urbana,0.274299408233479,131.0,80.0,10.0,0.0,0.0,0.0,22.5
530010805090021,Brazlândia,Urbana,0.67143106666176,221.0,33.3,0.0,7.2,3.6,0.0,10.1
530010805090022,Brazlândia,Urbana,0.085131919828744,170.0,43.8,0.0,0.0,0.0,0.0,11.0
530010805090023,Brazlândia,Urbana,0.062308310727311,184.0,18.2,0.0,0.0,0.0,0.0,4.6
530010805090024,Brazlândia,Urbana,0.050545434927469,152.0,28.6,0.0,0.0,0.0,0.0,7.2
530010805090025,Brazlândia,Urbana,0.058304412528403,140.0,71.4,0.0,0.0,0.0,0.0,17.8
530010805090026,Brazlândia,Urbana,0.06297312648564,215.0,42.9,0.0,0.0,0.0,0.0,10.7
530010805090027,Brazlândia,Urbana,0.049004316404971,172.0,40.0,0.0,0.0,0.0,0.0,10.0
530010805090028,Brazlândia,Urbana,0.079471344914624,221.0,33.3,0.0,0.0,0.0,0.0,8.3
530010805090029,Brazlândia,Urbana,0.073304659752594,281.0,36.4,0.0,,0.0,,
530010805090030,Brazlândia,Urbana,0.04524665903134,141.0,100.0,0.0,0.0,0.0,0.0,25.0
530010805090031,Brazlândia,Urbana,0.131599003150886,238.0,100.0,17.4,,0.0,0.0,
530010805090032,Brazlândia,Urbana,0.072026330598382,228.0,68.2,0.0,0.0,0.0,0.0,17.0
530010805090033,Brazlândia,Urbana,0.153804089417314,285.0,100.0,0.0,0.0,0.0,0.0,25.0
530010805090034,Brazlândia,Urbana,0.09698746705375,265.0,44.4,0.0,0.0,0.0,0.0,11.1
530010805090035,Brazlândia,Urbana,0.104455413221836,276.0,88.9,0.0,0.0,0.0,0.0,22.2
530010805090036,Brazlândia,Urbana,0.114870105501394,265.0,73.7,0.0,0.0,0.0,0.0,18.4
530010805090037,Brazlândia,Urbana,0.075423832356126,220.0,33.3,0.0,0.0,0.0,0.0,8.3
530010805090038,Brazlândia,Urbana,0.068785109473974,319.0,55.6,0.0,0.0,0.0,0.0,13.9
530010805090039,Brazlândia,Urbana,0.026604793274764,93.0,0.0,0.0,0.0,0.0,0.0,0.0
530010805090040,Brazlândia,Urbana,0.05896673922882,222.0,16.7,0.0,0.0,0.0,0.0,4.2
530010805090041,Brazlândia,Urbana,0.059337764022456,269.0,80.0,0.0,0.0,0.0,0.0,20.0
530010805090042,Brazlândia,Urbana,0.04119324826641,111.0,60.0,0.0,0.0,0.0,0.0,15.0
530010805090043,Brazlândia,Urbana,0.028824008994404,119.0,0.0,0.0,0.0,0.0,0.0,0.0
530010805090044,Brazlândia,Urbana,0.064494271974937,241.0,71.4,0.0,0.0,0.0,0.0,17.8
530010805090046,Brazlândia,Urbana,0.047095704411917,179.0,71.4,0.0,0.0,0.0,0.0,17.8
530010805090047,Brazlândia,Urbana,0.044704210524359,185.0,14.3,0.0,0.0,0.0,0.0,3.6
530010805090048,Brazlândia,Urbana,0.047426320045501,152.0,60.0,0.0,0.0,0.0,0.0,15.0
530010805090049,Brazlândia,Urbana,0.120022794031911,39.0,69.0,0.0,0.0,0.0,0.0,17.2
530010805090050,Brazlândia,Urbana,0.065250078659205,238.0,18.8,0.0,0.0,0.0,0.0,4.7
530010805090051,Brazlândia,Urbana,0.064805787680377,131.0,92.3,0.0,,,,
530010805090052,Brazlândia,Urbana,0.124521710118168,124.0,80.0,0.0,0.0,0.0,0.0,20.0
530010805090055,Brazlândia,Urbana,0.123590935856748,244.0,100.0,0.0,3.7,0.0,0.0,25.9
530010805090059,Brazlândia,Rural,7.635433750963975,170.0,,,47.6,96.5,14.7,
530010805090060,Brazlândia,Rural,9.29091289560774,253.0,,,11.5,96.4,14.2,
530010805090062,Brazlândia,Rural,20.048918386711566,134.0,,,,100.0,27.6,
530010805090064,Brazlândia,Rural,10.871764077065714,12.0,,,,100.0,33.3,
530010805090066,Brazlândia,Urbana,3.119728528986968,248.0,,,79.4,98.8,3.6,
530010805090067,Brazlândia,Urbana,0.201281496717331,186.0,0.0,0.0,0.0,0.0,,
530010805090068,Brazlândia,Urbana,0.040647125220878,211.0,16.7,0.0,,0.0,0.0,
530010805090069,Brazlândia,Urbana,0.057475692016218,90.0,100.0,0.0,,0.0,0.0,
530010805090070,Brazlândia,Urbana,0.031584006030959,155.0,100.0,0.0,0.0,0.0,0.0,25.0
530010805090072,Brazlândia,Rural,6.226346061532323,78.0,,,5.1,97.4,,
530010805090075,Brazlândia,Rural,18.126750744623145,123.0,,,79.7,94.3,21.1,
530010805090076,Brazlândia,Rural,20.362632975082967,158.0,,,32.9,97.5,,
530010805090078,Brazlândia,Urbana,0.067348436413532,244.0,0.0,0.0,,0.0,0.0,
530010805090079,Brazlândia,Urbana,0.06928991170157,199.0,22.2,0.0,0.0,0.0,0.0,5.6
530010805090080,Brazlândia,Urbana,0.139317319169894,213.0,45.5,0.0,0.0,0.0,0.0,11.4
530010805090081,Brazlândia,Urbana,0.083294108926109,204.0,71.4,0.0,0.0,0.0,0.0,17.8
530010805090082,Brazlândia,Rural,5.074101307769325,149.0,,,47.0,98.0,34.2,
530010805090083,Brazlândia,Rural,95.56217863142122,13.0,,,0.0,92.3,,
530010805090086,Brazlândia,Urbana,0.036343741788769,171.0,0.0,0.0,0.0,0.0,0.0,0.0
530010805090087,Brazlândia,Urbana,0.025839318144167,100.0,25.0,0.0,0.0,0.0,0.0,6.2
530010805090088,Brazlândia,Urbana,0.026472632471564,106.0,25.0,0.0,0.0,0.0,0.0,6.2
530010805090089,Brazlândia,Urbana,0.042538184517193,227.0,50.0,0.0,3.1,3.5,1.3,13.6
530010805090090,Brazlândia,Urbana,0.05081133795039,99.0,100.0,0.0,0.0,0.0,0.0,25.0
530010805090091,Brazlândia,Urbana,0.092696287967781,123.0,80.0,0.0,,0.0,0.0,
530010805090094,Brazlândia,Rural,18.442361971911055,14.0,,,0.0,78.6,0.0,
530010805090096,Brazlândia,Rural,1.70684931641887,12.0,,,,100.0,,
530010805090097,Brazlândia,Rural,2.256092984065347,12.0,,,58.3,100.0,,
530010805090099,Brazlândia,Rural,9.580883418666527,,,,,,,
530010805090100,Brazlândia,Rural,2.161637260795374,,,,,,,
530010805090101,Brazlândia,Urbana,0.152241076561541,28.0,,,32.1,21.4,0.0,
530010805090102,Brazlândia,Urbana,0.019504351479104,21.0,100.0,100.0,100.0,100.0,,
530010805090103,Brazlândia,Urbana,0.075541700361034,180.0,80.0,0.0,0.0,0.0,0.0,20.0
530010805090105,Brazlândia,Rural,22.36115692344844,128.0,,,,99.2,,
530010805090106,Brazlândia,Rural,4.035232791414205,51.0,,,96.1,100.0,,
530010805090107,Brazlândia,Rural,23.13561079343852,93.0,,,20.4,46.2,6.5,
530010805090108,Brazlândia,Rural,13.144091104354217,135.0,,,69.6,91.9,20.7,
530010805090109,Brazlândia,Urbana,0.205505023973957,,100.0,0.0,,,,
530010805090110,Brazlândia,Urbana,0.050312922031243,94.0,100.0,100.0,100.0,98.9,0.0,75.0
530010805090111,Brazlândia,Urbana,0.093291570438857,82.0,100.0,75.0,79.3,90.2,,
530010805090112,Brazlândia,Rural,5.458119791861577,150.0,,,60.7,100.0,,
530010805090113,Brazlândia,Rural,7.729314283840934,199.0,,,,100.0,,
530010805090114,Brazlândia,Rural,0.316671835403892,67.0,,,98.5,100.0,14.9,
530010805090115,Brazlândia,Rural,10.422478175505562,148.0,,,39.2,98.6,8.1,
530010805090116,Brazlândia,Urbana,0.068682177710896,197.0,100.0,0.0,15.7,0.0,0.0,28.9
530010805090117,Brazlândia,Urbana,0.051993922363505,103.0,100.0,0.0,0.0,0.0,0.0,25.0
530010805090118,Brazlândia,Urbana,0.072042329373802,121.0,40.0,0.0,0.0,0.0,0.0,10.0
530010805090119,Brazlândia,Urbana,0.053742341242702,109.0,100.0,0.0,0.0,0.0,0.0,25.0
530010805090120,Brazlândia,,4.796699131565209,,,,,,,
530010805090121,Brazlândia,Rural,6.672953822350812,110.0,,,77.3,88.2,,
530010805090122,Brazlândia,,0.104425260497565,,,,,,,
530010805090123,Brazlândia,Urbana,0.231536947047206,240.0,87.5,0.0,0.0,0.0,0.0,21.9
530010805090124,Brazlândia,Rural,0.292291066242727,,,,,,,
530010805090125,Brazlândia,Rural,2.471868478097798,,,,,,,
530010805090127,Brazlândia,Urbana,0.490597925714607,76.0,,,,100.0,0.0,
530010805090128,Brazlândia,Urbana,3.759084218762484,211.0,,,28.0,96.7,6.6,
530010805090129,Brazlândia,Rural,3.829101374087952,68.0,,,0.0,98.5,4.4,
530010805090132,Brazlândia,Rural,5.528804146014658,148.0,,,,100.0,,
530010805090133,Brazlândia,Rural,4.920878022708513,61.0,,,67.2,96.7,,
530010805090134,Brazlândia,Rural,2.897602672103985,101.0,,,83.2,100.0,0.0,
530010805090135,Brazlândia,Rural,2.791443988808177,105.0,,,84.8,99.0,0.0,
530010805090136,Brazlândia,Rural,0.086994268671859,,,,,,,
530010805090138,Brazlândia,Rural,22.217963551083624,112.0,,,,98.2,,
530010805090139,Brazlândia,Rural,0.203758976633817,14.0,,,57.1,100.0,0.0,
530010805090140,Brazlândia,Urbana,0.121807476397356,195.0,28.6,0.0,0.0,,0.0,7.2
530010805090141,Brazlândia,Rural,4.354110136506766,115.0,,,,94.8,3.5,
530010805090142,Brazlândia,Rural,0.402536446519065,52.0,,,,100.0,,
530010805090143,Brazlândia,Urbana,2.304503437160387,45.0,100.0,100.0,82.2,93.3,33.3,78.9
530010805090144,Brazlândia,Urbana,0.898432868033904,66.0,,,89.4,100.0,16.7,
530010805090145,Brazlândia,Urbana,0.445912391566835,99.0,,,88.9,94.9,4.0,
530010805090146,Brazlândia,Urbana,0.375301276455713,91.0,,,92.3,98.9,0.0,
530010805090147,Brazlândia,Rural,24.99843413740469,60.0,,,,45.0,26.7,
530010805090148,Brazlândia,Rural,0.675642769933214,54.0,,,35.2,38.9,5.6,
530010805090149,Brazlândia,Rural,8.9205663204597,57.0,,,28.1,100.0,,
530010805090150,Brazlândia,Urbana,0.100448283391468,11.0,,,,90.9,0.0,
530010805090151,Brazlândia,Rural,7.775693515666587,151.0,,,,94.0,,
530010805090152,Brazlândia,Rural,0.23297736459691,26.0,,,76.9,100.0,,
530010805090153,Brazlândia,Rural,9.445302366570672,151.0,,,61.6,98.0,15.9,
530010805090154,Brazlândia,Rural,0.548919635715602,39.0,,,56.4,92.3,7.7,
530010805090155,Brazlândia,Rural,7.39391080880916,128.0,,,54.7,100.0,,
530010805090156,Brazlândia,Rural,6.696763650212867,167.0,,,,98.2,44.9,
530010805090157,Brazlândia,Rural,8.438668837238655,43.0,,,55.8,97.7,0.0,
530010805090158,Brazlândia,Urbana,0.047851015161195,11.0,,,45.5,100.0,0.0,
530010805100001,Sobradinho,Urbana,0.162291025805085,177.0,85.7,14.3,0.0,0.0,0.0,25.0
530010805100002,Sobradinho,Urbana,0.089539485934086,208.0,71.4,0.0,0.0,0.0,0.0,17.8
530010805100003,Sobradinho,Urbana,0.081827252940875,235.0,66.7,0.0,,0.0,0.0,
530010805100004,Sobradinho,Urbana,0.09085526069058,191.0,73.3,0.0,,0.0,0.0,
530010805100005,Sobradinho,Urbana,0.157692347251822,162.0,38.5,0.0,0.0,0.0,0.0,9.6
530010805100006,Sobradinho,Urbana,0.068076173974594,114.0,61.5,0.0,0.0,0.0,0.0,15.4
530010805100007,Sobradinho,Urbana,0.093656427343447,171.0,87.5,0.0,0.0,0.0,0.0,21.9
530010805100008,Sobradinho,Urbana,0.096156709635532,124.0,88.2,0.0,0.0,0.0,0.0,22.0
530010805100009,Sobradinho,Urbana,0.090211043627803,166.0,87.5,0.0,0.0,0.0,0.0,21.9
530010805100010,Sobradinho,Urbana,0.154026754733118,156.0,66.7,0.0,0.0,0.0,0.0,16.7
530010805100011,Sobradinho,Urbana,0.135968532376878,231.0,70.6,0.0,0.0,0.0,0.0,17.6
530010805100012,Sobradinho,Urbana,0.11886573088359,152.0,75.0,0.0,0.0,0.0,0.0,18.8
530010805100013,Sobradinho,Urbana,0.118788832648089,200.0,66.7,0.0,0.0,0.0,0.0,16.7
530010805100014,Sobradinho,Urbana,0.116822931012273,153.0,46.7,0.0,0.0,0.0,0.0,11.7
530010805100015,Sobradinho,Urbana,0.092533349626818,147.0,50.0,5.6,0.0,0.0,0.0,13.9
530010805100016,Sobradinho,Urbana,0.103452770163787,159.0,60.0,6.7,0.0,0.0,0.0,16.7
530010805100017,Sobradinho,Urbana,0.124870617426342,209.0,61.1,0.0,0.0,0.0,0.0,15.3
530010805100019,Sobradinho,Urbana,0.125057824494407,175.0,84.2,0.0,0.0,0.0,0.0,21.0
530010805100020,Sobradinho,Urbana,0.210842325085796,164.0,44.4,0.0,0.0,0.0,0.0,11.1
530010805100021,Sobradinho,Urbana,0.160927279754054,154.0,45.5,0.0,0.0,0.0,0.0,11.4
530010805100022,Sobradinho,Urbana,0.109205317425649,189.0,41.7,0.0,0.0,0.0,0.0,10.4
530010805100023,Sobradinho,Urbana,0.089670930829278,120.0,26.7,0.0,0.0,0.0,0.0,6.7
530010805100024,Sobradinho,Urbana,0.108232673383462,145.0,40.9,0.0,,0.0,0.0,
530010805100025,Sobradinho,Urbana,0.078709651624226,112.0,44.4,0.0,0.0,0.0,0.0,11.1
530010805100026,Sobradinho,Urbana,0.131692851858196,144.0,21.7,0.0,0.0,0.0,0.0,5.4
530010805100027,Sobradinho,Urbana,0.144958856083482,149.0,61.5,0.0,0.0,0.0,0.0,15.4
530010805100028,Sobradinho,Urbana,0.12925832424039,291.0,78.3,0.0,0.0,0.0,0.0,19.6
530010805100029,Sobradinho,Urbana,0.20157783958384,134.0,45.5,0.0,0.0,0.0,0.0,11.4
530010805100030,Sobradinho,Urbana,0.135977597324636,183.0,55.6,0.0,0.0,0.0,0.0,13.9
530010805100031,Sobradinho,Urbana,0.204438361963037,195.0,78.6,0.0,0.0,0.0,0.0,19.6
530010805100032,Sobradinho,Urbana,0.19981520952095,209.0,64.7,0.0,0.0,,0.0,16.2
530010805100033,Sobradinho,Urbana,0.119039071237923,198.0,50.0,0.0,0.0,0.0,0.0,12.5
530010805100034,Sobradinho,Urbana,0.108597017234122,139.0,84.2,0.0,0.0,0.0,0.0,21.0
530010805100035,Sobradinho,Urbana,0.228972990852215,134.0,56.7,0.0,0.0,0.0,0.0,14.2
530010805100036,Sobradinho,Urbana,0.115857226366875,155.0,30.0,0.0,0.0,0.0,0.0,7.5
530010805100037,Sobradinho,Urbana,0.138916809893796,139.0,33.3,0.0,0.0,0.0,0.0,8.3
530010805100038,Sobradinho,Urbana,0.0648581487301,122.0,53.8,0.0,,0.0,0.0,
530010805100039,Sobradinho,Urbana,0.055527202351533,117.0,42.9,0.0,0.0,0.0,0.0,10.7
530010805100040,Sobradinho,Urbana,0.181481489819761,106.0,30.0,0.0,0.0,2.8,0.0,7.5
530010805100041,Sobradinho,Urbana,0.1887204662832,234.0,40.0,0.0,0.0,0.0,0.0,10.0
530010805100042,Sobradinho,Urbana,0.161837419566179,377.0,76.0,0.0,0.0,0.0,0.0,19.0
530010805100043,Sobradinho,Urbana,0.047369083102248,194.0,62.5,0.0,0.0,0.0,0.0,15.6
530010805100044,Sobradinho,Urbana,0.16420898850177,189.0,58.3,0.0,,0.0,0.0,
530010805100045,Sobradinho,Urbana,0.12471545527341,205.0,44.4,0.0,0.0,0.0,0.0,11.1
530010805100046,Sobradinho,Urbana,0.054174620021387,202.0,37.5,0.0,0.0,0.0,0.0,9.4
530010805100047,Sobradinho,Urbana,0.054124272026658,193.0,44.4,0.0,0.0,0.0,0.0,11.1
530010805100048,Sobradinho,Urbana,0.058082280127723,150.0,37.5,0.0,0.0,0.0,0.0,9.4
530010805100049,Sobradinho,Urbana,0.132638540515597,139.0,83.3,0.0,0.0,0.0,0.0,20.8
530010805100050,Sobradinho,Urbana,0.291564078586712,224.0,10.0,0.0,0.0,0.0,0.0,2.5
530010805100051,Sobradinho,Urbana,0.049427074162893,141.0,16.7,0.0,0.0,0.0,0.0,4.2
530010805100052,Sobradinho,Urbana,0.10400685987388,230.0,20.0,0.0,0.0,0.0,0.0,5.0
530010805100053,Sobradinho,Urbana,0.051574343520068,136.0,0.0,0.0,,0.0,0.0,
530010805100054,Sobradinho,Urbana,0.102570412779437,129.0,33.3,0.0,0.0,0.0,0.0,8.3
530010805100056,Sobradinho,Urbana,0.146411704680066,263.0,28.6,0.0,,0.0,0.0,
530010805100057,Sobradinho,Urbana,0.086654756394532,227.0,11.1,0.0,2.2,2.6,,
530010805100058,Sobradinho,Urbana,0.041120515550993,169.0,83.3,0.0,0.0,0.0,0.0,20.8
530010805100059,Sobradinho,Urbana,0.049761719539405,113.0,75.0,12.5,0.0,0.0,0.0,21.9
530010805100060,Sobradinho,Urbana,0.230635353406317,109.0,30.0,0.0,0.0,0.0,0.0,7.5
530010805100061,Sobradinho,Urbana,0.48607954300375,235.0,69.2,0.0,,0.0,0.0,
530010805100062,Sobradinho,Urbana,0.270738810328215,205.0,87.5,0.0,2.4,5.4,,
530010805100063,Sobradinho,Urbana,0.291692240372731,250.0,70.6,0.0,3.2,4.4,,
530010805100064,Sobradinho,Urbana,0.143839486340342,213.0,90.0,0.0,,0.0,8.0,
530010805100117,Sobradinho,Urbana,0.254456835887566,161.0,85.7,0.0,0.0,0.0,0.0,21.4
530010805100118,Sobradinho,Urbana,0.174789546025672,242.0,100.0,0.0,0.0,0.0,0.0,25.0
530010805100125,Sobradinho,Urbana,0.163202027829453,101.0,11.8,0.0,0.0,0.0,0.0,3.0
530010805100126,Sobradinho,Urbana,0.085062361369578,116.0,75.0,0.0,0.0,0.0,0.0,18.8
530010805100127,Sobradinho,Rural,0.72228963325448,,,,,,,
530010805100128,Sobradinho,Urbana,0.036439236134435,144.0,33.3,0.0,0.0,0.0,0.0,8.3
530010805100129,Sobradinho,Urbana,0.017817864993234,255.0,80.0,0.0,0.0,0.0,0.0,20.0
530010805100137,Sobradinho,Urbana,0.076018012714268,86.0,100.0,0.0,0.0,0.0,0.0,25.0
530010805100138,Sobradinho,Urbana,0.236777283686794,310.0,50.0,0.0,0.0,0.0,0.0,12.5
530010805100139,Sobradinho,Urbana,0.111429939043586,149.0,33.3,0.0,,0.0,0.0,
530010805100140,Sobradinho,Urbana,0.179278781248392,247.0,66.7,0.0,0.0,0.0,0.0,16.7
530010805100141,Sobradinho,Urbana,0.141724010863829,143.0,83.3,0.0,0.0,0.0,0.0,20.8
530010805100142,Sobradinho,Urbana,0.140145038850549,236.0,83.3,0.0,,0.0,0.0,
530010805100143,Sobradinho,Urbana,0.172007291191044,250.0,66.7,0.0,0.0,0.0,,
530010805100144,Sobradinho,Urbana,0.215380758023301,171.0,80.0,0.0,,0.0,0.0,
530010805100145,Sobradinho,Urbana,0.039148378913336,188.0,75.0,0.0,0.0,1.6,0.0,18.8
530010805100196,Sobradinho,Urbana,0.319179880351987,259.0,23.5,0.0,0.0,,0.0,5.9
530010805100197,Sobradinho,Urbana,0.115233610526646,127.0,68.8,0.0,0.0,,0.0,17.2
530010805100217,Sobradinho,Rural,4.72741780312819,119.0,,,52.1,95.8,,
530010805100220,Sobradinho,Urbana,0.193306520200338,204.0,90.0,0.0,,7.8,0.0,
530010805100221,Sobradinho,Urbana,0.09955055672104,351.0,0.0,0.0,98.6,,0.0,24.6
530010805100222,Sobradinho,Urbana,0.061627301722888,207.0,100.0,0.0,,67.1,0.0,
530010805100223,Sobradinho,Urbana,0.172601969652605,247.0,88.9,0.0,0.0,63.6,0.0,22.2
530010805100224,Sobradinho,Urbana,0.045430536886432,169.0,75.0,0.0,32.0,0.0,0.0,26.8
530010805100225,Sobradinho,Urbana,0.267693561393318,264.0,100.0,17.6,3.8,7.2,,
530010805100226,Sobradinho,Urbana,0.037528284262939,153.0,100.0,0.0,93.5,86.9,0.0,48.4
530010805100227,Sobradinho,Urbana,0.03776080530838,169.0,100.0,0.0,89.3,40.8,0.0,47.3
530010805100236,Sobradinho,Urbana,0.043900749212521,130.0,75.0,0.0,0.0,0.0,0.0,18.8
530010805100237,Sobradinho,Urbana,0.045773563109418,130.0,76.9,0.0,0.0,0.0,0.0,19.2
530010805100238,Sobradinho,Urbana,0.117244656424082,165.0,68.8,0.0,0.0,0.0,0.0,17.2
530010805100239,Sobradinho,Urbana,0.123283618603329,118.0,20.0,0.0,0.0,0.0,0.0,5.0
530010805100240,Sobradinho,Urbana,0.046481023047709,178.0,50.0,0.0,0.0,0.0,0.0,12.5
530010805100242,Sobradinho,Urbana,0.08787065493542,147.0,16.7,0.0,0.0,0.0,0.0,4.2
530010805100243,Sobradinho,Urbana,0.095091209202987,170.0,12.5,0.0,0.0,0.0,0.0,3.1
530010805100244,Sobradinho,Urbana,0.107357452484137,151.0,41.7,0.0,0.0,0.0,0.0,10.4
530010805100245,Sobradinho,Urbana,0.085168961312111,247.0,11.1,0.0,,0.0,0.0,
530010805100284,Sobradinho,Urbana,0.101308736308632,138.0,33.3,0.0,0.0,0.0,0.0,8.3
530010805100285,Sobradinho,Urbana,0.016288925863054,327.0,66.7,0.0,0.0,0.0,0.0,16.7
530010805100304,Sobradinho,Urbana,0.078221600560259,105.0,62.5,0.0,,64.8,,
530010805100305,Sobradinho,Urbana,0.059934151141102,126.0,100.0,0.0,4.0,84.1,0.0,26.0
530010805100306,Sobradinho,Urbana,0.068452064268634,164.0,100.0,0.0,93.3,1.8,0.0,48.3
530010805100313,Sobradinho,Urbana,0.610189737085209,20.0,0.0,0.0,0.0,0.0,0.0,0.0
530010805100314,Sobradinho,Urbana,0.220632406805373,210.0,100.0,0.0,19.0,62.4,0.0,29.8
530010805100315,Sobradinho,Urbana,0.058811984811031,234.0,10.0,0.0,0.0,,0.0,2.5
530010805100316,Sobradinho,Urbana,0.73400790591455,121.0,6.2,0.0,0.0,0.0,0.0,1.6
530010805100321,Sobradinho,Rural,1.262883066383098,,,,,,,
530010805100327,Sobradinho,Urbana,1.629379987779269,32.0,100.0,0.0,71.9,71.9,0.0,43.0
530010805100342,Sobradinho,Urbana,0.127420812806312,196.0,66.7,3.7,0.0,0.0,0.0,17.6
530010805100352,Sobradinho,Urbana,0.068533639275614,241.0,100.0,0.0,90.9,2.1,0.0,47.7
530010805100357,Sobradinho,Urbana,0.073985383824598,208.0,100.0,0.0,,,0.0,
530010805100362,Sobradinho,Urbana,0.501214655239055,329.0,63.3,16.7,2.7,5.2,0.0,20.7
530010805100364,Sobradinho,Urbana,0.110671251715547,290.0,100.0,100.0,,36.6,,
530010805100369,Sobradinho,Urbana,1.154928735121601,255.0,26.7,0.0,0.0,0.0,0.0,6.7
530010805100371,Sobradinho,Rural,0.144047851357231,111.0,,,43.2,100.0,43.2,
530010805100372,Sobradinho,Rural,0.190925064429778,129.0,,,38.0,96.1,23.3,
530010805100373,Sobradinho,Rural,0.243853269514316,56.0,,,83.9,94.6,5.4,
530010805100375,Sobradinho,Rural,0.338744044038744,218.0,,,41.3,98.6,,
530010805100376,Sobradinho,Rural,0.048191516370258,131.0,,,53.4,99.2,0.0,
530010805100377,Sobradinho,Urbana,0.190770494719047,153.0,0.0,0.0,0.0,4.6,0.0,0.0
530010805100378,Sobradinho,Urbana,0.117705858372878,121.0,0.0,0.0,,3.3,0.0,
530010805100385,Sobradinho,Urbana,0.168190576717787,114.0,0.0,0.0,,2.6,0.0,
530010805100386,Sobradinho,Urbana,0.172350567417761,111.0,25.0,0.0,,94.6,0.0,
530010805100387,Sobradinho,Urbana,0.143408679228078,122.0,36.4,0.0,0.0,99.2,0.0,9.1
530010805100388,Sobradinho,Urbana,0.191804417986072,158.0,0.0,0.0,1.9,94.3,0.0,0.5
530010805100389,Sobradinho,Urbana,0.254866507804145,164.0,45.5,9.1,,85.4,0.0,
530010805100390,Sobradinho,Urbana,0.703367848790927,163.0,0.0,0.0,,,,
530010805100400,Sobradinho,Rural,0.729487815362986,17.0,,,70.6,94.1,47.1,
530010805100403,Sobradinho,Rural,2.5887783406498,28.0,,,64.3,92.9,21.4,
530010805100404,Sobradinho,Urbana,0.252363023404577,232.0,21.4,0.0,,6.5,0.0,
530010805100421,Sobradinho,Urbana,8.073484283489316,83.0,,,55.4,54.2,,
530010805100428,Sobradinho,Urbana,0.193016153432306,189.0,100.0,75.0,31.2,2.6,,
530010805100429,Sobradinho,Urbana,0.119429759740458,206.0,100.0,9.1,42.7,9.7,0.0,38.0
530010805100430,Sobradinho,Urbana,0.042237336755692,145.0,100.0,100.0,,2.8,0.0,
530010805100431,Sobradinho,Urbana,0.060823287568618,181.0,100.0,100.0,,,0.0,
530010805100432,Sobradinho,Rural,0.062652106151961,13.0,,,92.3,100.0,0.0,
530010805100434,Sobradinho,Rural,0.156201201215623,,,,,,,
530010805100435,Sobradinho,Rural,33.6935633155284,178.0,,,,93.3,,
530010805100436,Sobradinho,Rural,13.31409053294845,66.0,,,,93.9,0.0,
530010805100437,Sobradinho,Urbana,0.200601309120916,25.0,,,12.0,84.0,0.0,
530010805100438,Sobradinho,Rural,64.6128466480537,49.0,,,12.2,79.6,,
530010805100439,Sobradinho,Rural,0.08601321835568,51.0,,,5.9,0.0,,
530010805100440,Sobradinho,Rural,2.699223979078088,29.0,,,,96.6,,
530010805100441,Sobradinho,Rural,0.032762434862525,47.0,,,0.0,78.7,0.0,
530010805100442,Sobradinho,Rural,0.037878342351197,113.0,,,,100.0,20.4,
530010805100443,Sobradinho,Rural,1.763941467210923,30.0,,,40.0,100.0,,
530010805100444,Sobradinho,Urbana,0.251818530913121,107.0,30.0,0.0,0.0,0.0,0.0,7.5
530010805100445,Sobradinho,Urbana,0.017551363504763,,0.0,0.0,,,,
530010805100446,Sobradinho,Rural,10.126220652693975,75.0,,,,64.0,,
530010805100447,Sobradinho,Rural,5.734081812404409,31.0,,,12.9,90.3,,
530010805100448,Sobradinho,Rural,4.972761700583813,86.0,,,66.3,93.0,,
530010805100449,Sobradinho,Urbana,0.100345912876882,68.0,65.8,0.0,0.0,0.0,0.0,16.4
530010805100450,Sobradinho,Urbana,0.075052339009591,96.0,50.0,0.0,0.0,0.0,0.0,12.5
530010805100451,Sobradinho,Rural,15.593146627389638,151.0,,,,97.4,,
530010805100452,Sobradinho,Urbana,0.030222397021162,43.0,,,93.0,,0.0,
530010805110001,Planaltina,Urbana,0.045008885945759,235.0,0.0,0.0,0.0,0.0,0.0,0.0
530010805110002,Planaltina,Urbana,0.045653376577573,134.0,0.0,0.0,0.0,0.0,0.0,0.0
530010805110003,Planaltina,Urbana,0.060294382535428,260.0,0.0,0.0,0.0,0.0,0.0,0.0
530010805110004,Planaltina,Urbana,0.040670221785861,268.0,0.0,0.0,0.0,0.0,0.0,0.0
530010805110005,Planaltina,Urbana,0.024095342705235,159.0,0.0,0.0,0.0,0.0,0.0,0.0
530010805110006,Planaltina,Urbana,0.040806747876104,269.0,0.0,0.0,0.0,0.0,0.0,0.0
530010805110007,Planaltina,Urbana,0.041723027858646,165.0,0.0,0.0,,0.0,0.0,
530010805110008,Planaltina,Urbana,0.041597007021106,166.0,0.0,0.0,0.0,0.0,0.0,0.0
530010805110009,Planaltina,Urbana,0.02455953703134,151.0,0.0,0.0,0.0,0.0,0.0,0.0
530010805110010,Planaltina,Urbana,0.043731542047504,240.0,0.0,0.0,0.0,0.0,0.0,0.0
530010805110011,Planaltina,Urbana,0.032568455772809,141.0,0.0,0.0,0.0,0.0,0.0,0.0
530010805110012,Planaltina,Urbana,0.024815793517326,154.0,0.0,0.0,0.0,0.0,0.0,0.0
530010805110013,Planaltina,Urbana,0.041524009978434,172.0,0.0,0.0,,0.0,0.0,
530010805110014,Planaltina,Urbana,0.0792886956333,296.0,0.0,0.0,0.0,0.0,0.0,0.0
530010805110015,Planaltina,Urbana,0.053658446851411,278.0,0.0,0.0,0.0,0.0,0.0,0.0
530010805110016,Planaltina,Urbana,0.062685129211275,237.0,11.1,0.0,0.0,0.0,0.0,2.8
530010805110017,Planaltina,Urbana,0.045169936217506,206.0,0.0,0.0,0.0,0.0,0.0,0.0
530010805110018,Planaltina,Urbana,0.057371462905581,246.0,0.0,0.0,0.0,0.0,0.0,0.0
530010805110019,Planaltina,Urbana,0.324501860368738,164.0,83.3,0.0,0.0,0.0,0.0,20.8
530010805110020,Planaltina,Urbana,0.055904628501575,149.0,71.4,0.0,0.0,0.0,0.0,17.8
530010805110021,Planaltina,Urbana,0.061935607672365,225.0,12.5,0.0,0.0,0.0,0.0,3.1
530010805110022,Planaltina,Urbana,0.08609597522111,170.0,10.0,0.0,,0.0,0.0,
530010805110023,Planaltina,Urbana,0.055955833062263,227.0,41.2,0.0,0.0,0.0,0.0,10.3
530010805110024,Planaltina,Urbana,0.080945353175235,258.0,17.6,0.0,0.0,0.0,0.0,4.4
530010805110025,Planaltina,Urbana,0.045246290668326,174.0,37.5,0.0,0.0,0.0,0.0,9.4
530010805110026,Planaltina,Urbana,0.046575157562758,189.0,90.0,0.0,0.0,0.0,0.0,22.5
530010805110027,Planaltina,Urbana,0.057174749656025,281.0,71.4,0.0,0.0,0.0,0.0,17.8
530010805110028,Planaltina,Urbana,0.046346861911475,181.0,62.5,0.0,,0.0,0.0,
530010805110029,Planaltina,Urbana,0.056030852092894,174.0,66.7,0.0,0.0,0.0,0.0,16.7
530010805110030,Planaltina,Urbana,0.033354561956504,186.0,50.0,0.0,0.0,0.0,0.0,12.5
530010805110031,Planaltina,Urbana,0.033411980098965,179.0,100.0,0.0,,,0.0,
530010805110032,Planaltina,Urbana,0.063784506991022,249.0,55.6,0.0,0.0,0.0,0.0,13.9
530010805110033,Planaltina,Urbana,0.051275822305767,135.0,42.9,0.0,0.0,0.0,0.0,10.7
530010805110034,Planaltina,Urbana,0.04049942462227,120.0,66.7,0.0,0.0,0.0,0.0,16.7
530010805110035,Planaltina,Urbana,0.039483613370045,138.0,66.7,0.0,0.0,0.0,0.0,16.7
530010805110036,Planaltina,Urbana,0.160938876991114,76.0,53.3,6.7,0.0,0.0,0.0,15.0
530010805110037,Planaltina,Urbana,0.05329526750052,227.0,45.5,0.0,0.0,0.0,0.0,11.4
530010805110038,Planaltina,Urbana,0.063517586702437,192.0,22.2,0.0,0.0,0.0,0.0,5.6
530010805110039,Planaltina,Urbana,0.060484258229494,224.0,0.0,0.0,0.0,0.0,0.0,0.0
530010805110040,Planaltina,Urbana,0.061669160017074,199.0,50.0,0.0,0.0,0.0,0.0,12.5
530010805110041,Planaltina,Urbana,0.021123837335193,83.0,66.7,0.0,0.0,0.0,0.0,16.7
530010805110042,Planaltina,Urbana,0.030164974084753,93.0,50.0,0.0,0.0,0.0,0.0,12.5
530010805110043,Planaltina,Urbana,0.035135759049596,153.0,50.0,0.0,0.0,0.0,0.0,12.5
530010805110044,Planaltina,Urbana,0.065420375172177,192.0,77.8,0.0,0.0,0.0,0.0,19.4
530010805110045,Planaltina,Urbana,0.05365023699205,207.0,41.7,0.0,0.0,0.0,0.0,10.4
530010805110046,Planaltina,Urbana,0.054252728305539,193.0,0.0,0.0,0.0,0.0,0.0,0.0
530010805110047,Planaltina,Urbana,0.193214832767568,202.0,43.8,0.0,0.0,0.0,0.0,11.0
530010805110048,Planaltina,Urbana,0.047427984243418,149.0,16.7,0.0,0.0,0.0,0.0,4.2
530010805110049,Planaltina,Urbana,0.061017041077624,240.0,11.1,0.0,0.0,0.0,0.0,2.8
530010805110050,Planaltina,Urbana,0.043706250755332,152.0,0.0,0.0,0.0,0.0,0.0,0.0
530010805110051,Planaltina,Urbana,0.048371423026029,189.0,11.1,0.0,0.0,0.0,0.0,2.8
530010805110052,Planaltina,Urbana,0.104911759485933,261.0,46.2,0.0,0.0,0.0,0.0,11.6
530010805110053,Planaltina,Urbana,0.080581235238619,232.0,14.3,0.0,,0.0,9.5,
530010805110054,Planaltina,Urbana,0.124840618939807,197.0,9.1,0.0,0.0,0.0,0.0,2.3
530010805110055,Planaltina,Urbana,0.069496659594687,186.0,14.3,0.0,0.0,0.0,0.0,3.6
530010805110056,Planaltina,Urbana,0.089656478216288,287.0,0.0,0.0,0.0,0.0,0.0,0.0
530010805110057,Planaltina,Urbana,0.062511337616772,148.0,0.0,0.0,0.0,0.0,0.0,0.0
530010805110058,Planaltina,Urbana,0.080269705305886,143.0,0.0,0.0,0.0,0.0,0.0,0.0
530010805110059,Planaltina,Urbana,0.062360185526192,146.0,0.0,0.0,0.0,0.0,0.0,0.0
530010805110060,Planaltina,Urbana,0.089016478986007,254.0,0.0,0.0,0.0,0.0,0.0,0.0
530010805110061,Planaltina,Urbana,0.064766107322082,140.0,0.0,0.0,0.0,0.0,0.0,0.0
530010805110063,Planaltina,Urbana,0.032809159638761,118.0,40.0,0.0,0.0,0.0,0.0,10.0
530010805110064,Planaltina,Urbana,0.186544364341559,187.0,83.3,0.0,0.0,0.0,0.0,20.8
530010805110065,Planaltina,Urbana,0.069857302237598,112.0,100.0,0.0,0.0,0.0,0.0,25.0
530010805110066,Planaltina,Urbana,0.06952767230435,225.0,83.3,0.0,0.0,0.0,0.0,20.8
530010805110067,Planaltina,Urbana,0.077615984023587,158.0,70.0,0.0,0.0,0.0,0.0,17.5
530010805110068,Planaltina,Urbana,0.089631375675486,196.0,84.4,0.0,0.0,0.0,0.0,21.1
530010805110069,Planaltina,Urbana,0.169071222707494,301.0,86.7,2.2,0.0,0.0,0.0,22.2
530010805110070,Planaltina,Urbana,0.062829211827289,146.0,50.0,0.0,0.0,0.0,0.0,12.5
530010805110071,Planaltina,Urbana,0.097916412805999,185.0,17.1,0.0,0.0,0.0,0.0,4.3
530010805110072,Planaltina,Urbana,0.098671701401303,257.0,69.4,0.0,0.0,0.0,0.0,17.4
530010805110073,Planaltina,Urbana,0.094393536984211,166.0,100.0,4.2,77.1,0.0,0.0,45.3
530010805110074,Planaltina,Urbana,0.135519984414499,158.0,89.5,2.6,0.0,0.0,0.0,23.0
530010805110075,Planaltina,Urbana,0.132125824148834,141.0,93.1,0.0,0.0,0.0,0.0,23.3
530010805110076,Planaltina,Urbana,0.064999400762132,161.0,62.5,0.0,0.0,0.0,0.0,15.6
530010805110077,Planaltina,Urbana,0.094433892723421,233.0,20.8,0.0,,0.0,0.0,
530010805110078,Planaltina,Urbana,0.118786488752589,238.0,87.5,0.0,0.0,0.0,0.0,21.9
530010805110079,Planaltina,Urbana,0.08962608017348,187.0,100.0,0.0,0.0,0.0,0.0,25.0
530010805110080,Planaltina,Urbana,0.098774910222038,167.0,28.6,3.6,0.0,0.0,0.0,8.0
530010805110082,Planaltina,Urbana,0.117050973698867,203.0,75.0,0.0,96.1,0.0,0.0,42.8
530010805110083,Planaltina,Urbana,0.140802822631574,202.0,72.7,0.0,16.8,0.0,0.0,22.4
530010805110084,Planaltina,Urbana,0.155788030282693,212.0,75.0,0.0,0.0,0.0,0.0,18.8
530010805110085,Planaltina,Urbana,0.092598326865634,278.0,87.5,0.0,0.0,2.9,0.0,21.9
530010805110086,Planaltina,Urbana,0.052473363090654,146.0,100.0,0.0,0.0,0.0,0.0,25.0
530010805110087,Planaltina,Urbana,0.054566767280602,205.0,100.0,0.0,,0.0,0.0,
530010805110088,Planaltina,Urbana,0.075725947685497,262.0,75.0,0.0,0.0,0.0,0.0,18.8
530010805110089,Planaltina,Urbana,0.073183047054789,253.0,66.7,0.0,,,0.0,
530010805110090,Planaltina,Urbana,0.060412366739448,204.0,66.7,0.0,,,0.0,
530010805110091,Planaltina,Urbana,0.042479838905793,153.0,0.0,0.0,,0.0,0.0,
530010805110092,Planaltina,Urbana,0.136875482432896,221.0,0.0,0.0,,,0.0,
530010805110093,Planaltina,Urbana,0.104387057004007,265.0,0.0,0.0,0.0,,0.0,0.0
530010805110094,Planaltina,Urbana,0.112881649412128,243.0,0.0,0.0,0.0,1.6,,
530010805110095,Planaltina,Urbana,0.088065377058328,249.0,0.0,0.0,1.2,0.0,0.0,0.3
530010805110096,Planaltina,Urbana,0.056064746287411,167.0,0.0,0.0,7.8,,0.0,2.0
530010805110097,Planaltina,Urbana,0.053486770452613,204.0,0.0,0.0,0.0,0.0,0.0,0.0
530010805110098,Planaltina,Urbana,0.031979899059542,165.0,0.0,0.0,0.0,0.0,0.0,0.0
530010805110099,Planaltina,Urbana,0.07808141151476,187.0,100.0,0.0,,0.0,0.0,
530010805110100,Planaltina,Urbana,0.041777893567553,135.0,0.0,0.0,0.0,0.0,0.0,0.0
530010805110101,Planaltina,Urbana,0.175944531203623,202.0,70.0,10.0,,,0.0,
530010805110102,Planaltina,Urbana,0.186788900802077,136.0,66.7,0.0,0.0,0.0,0.0,16.7
530010805110103,Planaltina,Urbana,0.147302885175663,264.0,81.2,0.0,0.0,0.0,0.0,20.3
530010805110104,Planaltina,Urbana,0.075227713775203,166.0,33.3,0.0,0.0,0.0,0.0,8.3
530010805110105,Planaltina,Urbana,0.325521366668335,115.0,100.0,20.0,,10.4,0.0,
530010805110107,Planaltina,Urbana,0.053975007798783,166.0,100.0,16.7,0.0,0.0,0.0,29.2
530010805110108,Planaltina,Urbana,1.064627917934681,91.0,84.6,15.4,11.0,3.3,0.0,27.8
530010805110109,Planaltina,Urbana,0.215105585937905,340.0,100.0,0.0,,0.9,,
530010805110111,Planaltina,Urbana,0.230111602885548,186.0,81.8,0.0,27.4,1.6,1.6,27.7
530010805110113,Planaltina,Urbana,0.39293964802617,260.0,100.0,7.1,55.4,0.0,0.0,40.6
530010805110115,Planaltina,Urbana,0.064966661055423,166.0,0.0,0.0,,0.0,0.0,
530010805110116,Planaltina,Urbana,0.045348084030154,166.0,0.0,0.0,2.4,,0.0,0.6
530010805110117,Planaltina,Urbana,0.045073455696948,120.0,25.0,0.0,0.0,0.0,0.0,6.2
530010805110118,Planaltina,Urbana,0.088865332745307,260.0,50.0,0.0,0.0,0.0,0.0,12.5
530010805110119,Planaltina,Urbana,0.036322424984555,154.0,0.0,0.0,0.0,0.0,0.0,0.0
530010805110120,Planaltina,Urbana,0.102645328043102,178.0,0.0,0.0,,0.0,0.0,
530010805110121,Planaltina,Urbana,0.065633160749659,271.0,30.0,0.0,1.5,0.0,0.0,7.9
530010805110122,Planaltina,Urbana,0.131125972974988,228.0,33.3,0.0,3.5,0.0,0.0,9.2
530010805110123,Planaltina,Urbana,0.141460291078469,251.0,40.9,9.1,1.6,1.6,0.0,12.9
530010805110125,Planaltina,Urbana,0.132100645395533,255.0,100.0,0.0,7.8,0.0,0.0,27.0
530010805110126,Planaltina,Urbana,0.108358699602118,242.0,60.0,0.0,,0.0,0.0,
530010805110127,Planaltina,Urbana,0.372661579331285,126.0,100.0,0.0,0.0,0.0,0.0,25.0
530010805110128,Planaltina,Urbana,0.100685205326998,309.0,15.4,0.0,5.8,0.0,0.0,5.3
530010805110129,Planaltina,Urbana,0.064735138343909,218.0,66.7,0.0,0.0,0.0,0.0,16.7
530010805110130,Planaltina,Urbana,0.070431996670687,277.0,71.4,0.0,1.8,0.0,0.0,18.3
530010805110131,Planaltina,Urbana,0.049617355274537,239.0,55.6,0.0,0.0,0.0,0.0,13.9
530010805110132,Planaltina,Urbana,0.119134676008118,224.0,69.2,0.0,0.0,0.0,0.0,17.3
530010805110133,Planaltina,Urbana,0.060855439384713,245.0,18.2,0.0,1.2,0.0,0.0,4.9
530010805110134,Planaltina,Urbana,0.111228166643795,197.0,25.0,0.0,0.0,0.0,0.0,6.2
530010805110135,Planaltina,Urbana,0.119979148738342,312.0,7.7,0.0,0.0,0.0,0.0,1.9
530010805110136,Planaltina,Urbana,0.051755451360815,180.0,75.0,0.0,1.7,0.0,0.0,19.2
530010805110137,Planaltina,Urbana,0.04046071213265,160.0,25.0,0.0,,0.0,0.0,
530010805110138,Planaltina,Urbana,0.124254720187051,183.0,50.0,0.0,0.0,0.0,0.0,12.5
530010805110139,Planaltina,Urbana,0.186408304605297,333.0,41.7,0.0,,0.0,0.0,
530010805110140,Planaltina,Urbana,0.051776502552952,174.0,0.0,0.0,0.0,0.0,0.0,0.0
530010805110141,Planaltina,Urbana,0.133280081543601,251.0,33.3,0.0,,0.0,0.0,
530010805110143,Planaltina,Urbana,0.197322138249202,190.0,100.0,0.0,84.7,0.0,0.0,46.2
530010805110147,Planaltina,Urbana,0.13104482349414,240.0,50.0,0.0,,0.0,,
530010805110148,Planaltina,Urbana,0.067125323537565,153.0,28.6,0.0,,0.0,0.0,
530010805110149,Planaltina,Urbana,0.035482204003409,162.0,100.0,0.0,0.0,0.0,0.0,25.0
530010805110150,Planaltina,Urbana,0.06374917087986,246.0,37.5,0.0,0.0,0.0,0.0,9.4
530010805110151,Planaltina,Urbana,0.06286803215984,247.0,66.7,0.0,0.0,0.0,0.0,16.7
530010805110152,Planaltina,Urbana,0.047015182673176,205.0,66.7,0.0,0.0,0.0,0.0,16.7
530010805110153,Planaltina,Urbana,0.033749240070564,147.0,75.0,0.0,0.0,0.0,0.0,18.8
530010805110154,Planaltina,Urbana,0.12798983154747,166.0,55.6,0.0,0.0,2.4,0.0,13.9
530010805110155,Planaltina,Urbana,0.047179637988342,145.0,25.0,0.0,,0.0,0.0,
530010805110156,Planaltina,Urbana,0.061411134008377,188.0,45.5,0.0,1.6,,0.0,11.8
530010805110158,Planaltina,Urbana,0.048559804021439,205.0,0.0,0.0,0.0,0.0,0.0,0.0
530010805110159,Planaltina,Urbana,0.099890355414594,225.0,33.3,0.0,1.3,1.3,0.0,8.6
530010805110160,Planaltina,Urbana,0.13787849320139,226.0,66.7,0.0,4.4,2.2,,
530010805110161,Planaltina,Urbana,0.516074731765851,165.0,20.0,0.0,0.0,0.0,0.0,5.0
530010805110162,Planaltina,Urbana,0.215602169228239,201.0,34.8,0.0,0.0,0.0,0.0,8.7
530010805110163,Planaltina,Urbana,0.290799968325333,101.0,64.0,0.0,0.0,0.0,0.0,16.0
530010805110164,Planaltina,Urbana,0.035615282922862,178.0,33.3,0.0,0.0,0.0,0.0,8.3
530010805110165,Planaltina,Urbana,0.038787875124692,69.0,100.0,16.7,0.0,0.0,0.0,29.2
530010805110166,Planaltina,Urbana,0.102127781903383,161.0,74.1,0.0,0.0,0.0,0.0,18.5
530010805110167,Planaltina,Urbana,0.189418472073757,236.0,80.4,17.4,32.2,0.0,0.0,32.5
530010805110168,Planaltina,Urbana,0.177981523584748,278.0,83.3,0.0,21.2,1.4,0.0,26.1
530010805110169,Planaltina,Urbana,0.087733694568716,201.0,100.0,0.0,4.5,2.0,0.0,26.1
530010805110170,Planaltina,Urbana,0.080149992928703,278.0,75.0,0.0,,,0.0,
530010805110171,Planaltina,Urbana,0.097960823436772,317.0,25.0,0.0,,0.0,0.0,
530010805110172,Planaltina,Urbana,0.122764572067523,202.0,50.0,0.0,10.4,1.5,0.0,15.1
530010805110173,Planaltina,Urbana,0.095570086243603,207.0,0.0,0.0,1.9,0.0,0.0,0.5
530010805110174,Planaltina,Urbana,3.412017290126755,183.0,100.0,0.0,89.6,8.7,0.0,47.4
530010805110175,Planaltina,Urbana,2.388432581935889,195.0,85.7,78.6,4.6,14.4,,
530010805110176,Planaltina,Rural,1.722663641561871,90.0,,,,14.4,3.3,
530010805110177,Planaltina,Rural,27.289376181243124,59.0,,,6.8,100.0,,
530010805110178,Planaltina,Rural,42.133836944085445,89.0,,,21.3,77.5,,
530010805110179,Planaltina,Rural,44.78289596594381,71.0,,,21.1,91.5,15.5,
530010805110180,Planaltina,Rural,40.76184535473245,113.0,,,29.2,88.5,35.4,
530010805110181,Planaltina,Rural,34.44915685896374,112.0,,,31.2,80.4,30.4,
530010805110183,Planaltina,Rural,15.17719453232121,93.0,,,,100.0,,
530010805110184,Planaltina,Rural,21.98701868757113,80.0,,,46.2,76.2,6.2,
530010805110185,Planaltina,Rural,35.27633229022916,113.0,,,38.9,88.5,,
530010805110189,Planaltina,Rural,92.6409206852626,,,,,,,
530010805110190,Planaltina,Rural,16.711211108891185,178.0,,,73.0,84.8,28.1,
530010805110191,Planaltina,Rural,43.75110575521795,117.0,,,24.8,92.3,,
530010805110193,Planaltina,Rural,103.16820717646071,145.0,,,62.8,97.2,66.9,
530010805110194,Planaltina,Rural,93.52990914448242,108.0,,,27.8,96.3,,
530010805110195,Planaltina,Rural,103.78098617749353,102.0,,,17.6,92.2,50.0,
530010805110196,Planaltina,Rural,143.82929828737903,76.0,,,0.0,77.6,85.5,
530010805110197,Planaltina,Rural,38.65850271879984,137.0,,,26.3,97.1,30.7,
530010805110198,Planaltina,Rural,2.33225327450928,26.0,,,0.0,96.2,,
530010805110202,Planaltina,Rural,108.7624941822389,125.0,,,42.4,80.8,61.6,
530010805110208,Planaltina,Urbana,0.027814794282399,154.0,0.0,0.0,0.0,0.0,0.0,0.0
530010805110209,Planaltina,Urbana,0.02765396418689,173.0,0.0,0.0,0.0,0.0,0.0,0.0
530010805110210,Planaltina,Urbana,0.027442923825598,156.0,0.0,0.0,0.0,0.0,0.0,0.0
530010805110211,Planaltina,Urbana,0.027566905290069,142.0,0.0,0.0,0.0,0.0,0.0,0.0
530010805110212,Planaltina,Urbana,0.024472344916016,167.0,0.0,0.0,0.0,0.0,0.0,0.0
530010805110213,Planaltina,Urbana,0.027912407654761,155.0,0.0,0.0,0.0,0.0,0.0,0.0
530010805110214,Planaltina,Urbana,0.024499485185204,151.0,0.0,0.0,0.0,0.0,0.0,0.0
530010805110215,Planaltina,Urbana,0.027783618872634,155.0,0.0,0.0,0.0,0.0,0.0,0.0
530010805110216,Planaltina,Urbana,0.075636676200189,215.0,20.0,0.0,0.0,0.0,0.0,5.0
530010805110217,Planaltina,Urbana,0.045379272553994,164.0,66.7,0.0,0.0,0.0,0.0,16.7
530010805110218,Planaltina,Urbana,0.021167854273904,73.0,66.7,0.0,0.0,0.0,0.0,16.7
530010805110219,Planaltina,Urbana,0.021124375460804,71.0,100.0,0.0,0.0,0.0,0.0,25.0
530010805110220,Planaltina,Urbana,0.032643970790901,110.0,80.0,0.0,0.0,0.0,0.0,20.0
530010805110222,Planaltina,Urbana,0.050444450457448,151.0,0.0,0.0,0.0,0.0,0.0,0.0
530010805110223,Planaltina,Urbana,0.057263076001831,182.0,0.0,0.0,0.0,0.0,0.0,0.0
530010805110224,Planaltina,Urbana,0.054788081096358,204.0,0.0,0.0,,,0.0,
530010805110225,Planaltina,Urbana,0.06921216418526,152.0,85.0,0.0,0.0,0.0,0.0,21.2
530010805110226,Planaltina,Urbana,0.062900126971675,138.0,100.0,0.0,0.0,0.0,0.0,25.0
530010805110227,Planaltina,Urbana,0.117271359444168,142.0,90.5,0.0,0.0,0.0,0.0,22.6
530010805110228,Planaltina,Urbana,0.108925545708076,146.0,66.7,0.0,0.0,0.0,0.0,16.7
530010805110229,Planaltina,Urbana,0.06495287820714,124.0,87.5,0.0,0.0,0.0,0.0,21.9
530010805110230,Planaltina,Urbana,0.229458219192861,167.0,18.8,3.1,19.2,0.0,0.0,10.3
530010805110233,Planaltina,Urbana,0.253018300177673,183.0,75.0,0.0,,2.2,0.0,
530010805110234,Planaltina,Urbana,0.111081806635858,188.0,100.0,0.0,0.0,0.0,0.0,25.0
530010805110235,Planaltina,Urbana,0.086345021000775,162.0,100.0,0.0,0.0,0.0,0.0,25.0
530010805110236,Planaltina,Urbana,0.087350799631806,182.0,100.0,0.0,0.0,0.0,0.0,25.0
530010805110237,Planaltina,Urbana,0.059286320340048,213.0,0.0,0.0,0.0,0.0,0.0,0.0
530010805110238,Planaltina,Urbana,0.10564036956502,295.0,30.8,0.0,5.1,1.0,0.0,9.0
530010805110240,Planaltina,Urbana,0.050640831298814,220.0,80.0,0.0,0.0,0.0,0.0,20.0
530010805110241,Planaltina,Urbana,0.081498238765542,221.0,0.0,0.0,0.0,0.0,0.0,0.0
530010805110242,Planaltina,Urbana,0.152579684689401,176.0,40.0,0.0,1.7,0.0,0.0,10.4
530010805110243,Planaltina,Urbana,0.113314746242301,214.0,50.0,0.0,,1.4,0.0,
530010805110244,Planaltina,Urbana,0.088520654923834,221.0,80.0,0.0,,0.0,0.0,
530010805110245,Planaltina,Urbana,0.043160434298082,151.0,80.0,0.0,0.0,0.0,0.0,20.0
530010805110246,Planaltina,Urbana,0.272424094274895,315.0,81.8,4.5,,0.0,0.0,
530010805110247,Planaltina,Urbana,0.047120371186499,200.0,25.0,0.0,0.0,0.0,0.0,6.2
530010805110248,Planaltina,Urbana,0.043723959548353,196.0,14.3,0.0,0.0,0.0,0.0,3.6
530010805110249,Planaltina,Urbana,0.104541727814166,203.0,60.0,0.0,0.0,0.0,0.0,15.0
530010805110250,Planaltina,Urbana,0.06305121069266,142.0,0.0,0.0,,0.0,0.0,
530010805110251,Planaltina,Urbana,0.045116461558087,194.0,0.0,0.0,0.0,0.0,0.0,0.0
530010805110252,Planaltina,Urbana,0.045187626522764,214.0,0.0,0.0,,0.0,0.0,
530010805110253,Planaltina,Urbana,0.10507289676564,284.0,60.0,0.0,0.0,0.0,0.0,15.0
530010805110254,Planaltina,Urbana,0.110118425464591,303.0,100.0,0.0,2.6,0.0,0.0,25.6
530010805110255,Planaltina,Urbana,0.364291343359852,343.0,70.0,0.0,0.0,,0.0,17.5
530010805110256,Planaltina,Urbana,0.109715560379557,267.0,90.0,0.0,12.0,1.1,,
530010805110257,Planaltina,Urbana,0.074111635134442,157.0,60.0,0.0,0.0,0.0,0.0,15.0
530010805110258,Planaltina,Urbana,0.108878294241454,273.0,0.0,0.0,9.9,0.0,0.0,2.5
530010805110259,Planaltina,Urbana,0.059026282103724,165.0,61.5,0.0,1.8,0.0,0.0,15.8
530010805110260,Planaltina,Urbana,0.067021566307166,208.0,68.8,0.0,0.0,0.0,0.0,17.2
530010805110261,Planaltina,Urbana,0.051383917738407,146.0,42.9,0.0,0.0,0.0,0.0,10.7
530010805110262,Planaltina,Urbana,0.044215063234517,121.0,50.0,0.0,0.0,0.0,0.0,12.5
530010805110263,Planaltina,Urbana,0.057553645073135,258.0,50.0,0.0,,0.0,0.0,
530010805110264,Planaltina,Urbana,0.053269675142343,198.0,100.0,0.0,,,0.0,
530010805110265,Planaltina,Urbana,0.070324887651872,175.0,100.0,0.0,17.7,,0.0,29.4
530010805110266,Planaltina,Rural,2.601369830180163,49.0,,,34.7,30.6,,
530010805110269,Planaltina,Urbana,0.307802238744545,190.0,23.1,0.0,9.5,6.3,0.0,8.2
530010805110270,Planaltina,Urbana,0.052717769635486,156.0,25.0,0.0,0.0,,0.0,6.2
530010805110271,Planaltina,Urbana,0.034750195099217,135.0,50.0,0.0,0.0,0.0,0.0,12.5
530010805110272,Planaltina,Urbana,0.138346455439716,298.0,60.0,0.0,6.0,1.0,,
530010805110274,Planaltina,Urbana,0.03517628173173,123.0,0.0,0.0,0.0,0.0,0.0,0.0
530010805110275,Planaltina,Urbana,0.103457077551138,150.0,70.0,0.0,61.3,0.0,0.0,32.8
530010805110277,Planaltina,Rural,19.98836183717647,219.0,,,51.6,97.7,,
530010805110278,Planaltina,Urbana,0.370614407613622,80.0,100.0,100.0,28.7,7.5,0.0,57.2
530010805110279,Planaltina,Urbana,0.319651623187062,20.0,,,0.0,95.0,0.0,
530010805110282,Planaltina,Rural,3.849266431850174,202.0,,,0.0,,0.0,
530010805110283,Planaltina,Rural,1.749404336123057,,,,,,,
530010805110284,Planaltina,Urbana,0.181578785575375,116.0,66.7,0.0,44.8,,0.0,27.9
530010805110286,Planaltina,Urbana,0.155223632007675,219.0,42.9,28.6,1.8,1.4,0.0,18.3
530010805110287,Planaltina,Rural,17.05761580557162,89.0,,,84.3,87.6,,
530010805110289,Planaltina,Rural,0.720274011306879,166.0,,,,3.0,0.0,
530010805110290,Planaltina,Rural,17.75445126245246,90.0,,,46.7,94.4,16.7,
530010805110291,Planaltina,Rural,0.932669819719968,36.0,,,,36.1,,
530010805110292,Planaltina,Rural,17.559957107753974,248.0,,,57.7,56.5,36.7,
530010805110293,Planaltina,Rural,3.58426685188139,37.0,,,0.0,13.5,,
530010805110299,Planaltina,Rural,2.827510916948254,,,,,,,
530010805110300,Planaltina,Urbana,0.031982229978764,146.0,0.0,0.0,0.0,,0.0,0.0
530010805110301,Planaltina,Urbana,0.159787831558179,200.0,61.5,15.4,,0.0,0.0,
530010805110302,Planaltina,Urbana,0.103704784806206,211.0,27.3,0.0,,1.9,0.0,
530010805110303,Planaltina,Urbana,0.067363386254525,179.0,100.0,10.0,7.3,0.0,0.0,29.3
530010805110304,Planaltina,Urbana,0.071990076381754,264.0,72.7,0.0,,,0.0,
530010805110305,Planaltina,Urbana,0.125124095405748,232.0,76.5,0.0,82.8,,0.0,39.8
530010805110306,Planaltina,Urbana,0.204912497292183,208.0,83.3,8.3,91.3,,0.0,45.7
530010805110307,Planaltina,Urbana,0.100269778289486,148.0,60.0,0.0,,0.0,0.0,
530010805110308,Planaltina,Urbana,0.043432258412266,131.0,0.0,0.0,0.0,,0.0,0.0
530010805110309,Planaltina,Urbana,0.052822694880717,151.0,0.0,0.0,,,0.0,
530010805110311,Planaltina,Urbana,0.124400875969757,240.0,23.5,0.0,0.0,0.0,0.0,5.9
530010805110312,Planaltina,Urbana,0.703174218054135,256.0,68.8,6.2,,1.2,0.0,
530010805110313,Planaltina,Urbana,0.043729906366414,174.0,83.3,0.0,0.0,0.0,0.0,20.8
530010805110314,Planaltina,Urbana,0.044545367697246,148.0,16.7,0.0,0.0,0.0,0.0,4.2
530010805110316,Planaltina,Urbana,1.043625038584873,48.0,100.0,0.0,79.2,29.2,6.2,46.4
530010805110317,Planaltina,Rural,1.495436833130286,24.0,,,0.0,0.0,,
530010805110318,Planaltina,Rural,2.864335974712239,35.0,,,0.0,0.0,,
530010805110319,Planaltina,Urbana,0.542067892389598,146.0,100.0,95.5,94.5,28.1,4.1,73.5
530010805110320,Planaltina,Rural,0.789022462006006,18.0,,,0.0,38.9,,
530010805110322,Planaltina,Urbana,0.169677699020605,151.0,100.0,60.0,11.3,,0.0,42.8
530010805110323,Planaltina,Urbana,0.104406610923818,155.0,100.0,0.0,,0.0,,
530010805110324,Planaltina,Urbana,1.36709538856349,37.0,100.0,50.0,,24.3,,
530010805110326,Planaltina,Urbana,0.049239049973767,89.0,100.0,100.0,57.3,79.8,0.0,64.3
530010805110327,Planaltina,Urbana,0.0206374897289,23.0,100.0,100.0,0.0,0.0,0.0,50.0
530010805110328,Planaltina,Urbana,0.302479010712236,269.0,100.0,6.7,3.7,5.6,2.6,28.2
530010805110329,Planaltina,Urbana,0.010664421360865,36.0,100.0,75.0,0.0,,0.0,43.8
530010805110330,Planaltina,Urbana,0.876140385222188,,100.0,0.0,,,,
530010805110331,Planaltina,Urbana,0.276058424509347,37.0,100.0,100.0,97.3,0.0,,
530010805110332,Planaltina,Urbana,0.065122347968661,164.0,100.0,100.0,98.8,0.0,0.0,74.7
530010805110333,Planaltina,Urbana,0.16144282522076,95.0,100.0,100.0,7.4,,0.0,51.8
530010805110335,Planaltina,Urbana,0.044558266084174,55.0,100.0,100.0,0.0,,0.0,50.0
530010805110336,Planaltina,Urbana,0.331344961580819,24.0,100.0,90.0,83.3,12.5,0.0,68.3
530010805110337,Planaltina,Urbana,0.077372732220513,166.0,100.0,100.0,97.0,3.6,,
530010805110338,Planaltina,Urbana,0.115143724766615,143.0,100.0,100.0,0.0,0.0,0.0,50.0
530010805110339,Planaltina,Urbana,0.117189889161361,223.0,76.9,0.0,0.0,0.0,0.0,19.2
530010805110340,Planaltina,Urbana,0.114263230694545,226.0,100.0,0.0,0.0,0.0,0.0,25.0
530010805110341,Planaltina,Rural,5.553436579639641,135.0,,,0.0,3.0,0.0,
530010805110343,Planaltina,Urbana,0.062935332621439,84.0,,,0.0,,,
530010805110344,Planaltina,Urbana,0.10059782844476,130.0,,,0.0,0.0,0.0,
530010805110345,Planaltina,Rural,0.816604343294677,16.0,,,87.5,31.2,,
530010805110346,Planaltina,Rural,0.520442905106664,173.0,,,32.4,0.0,,
530010805110347,Planaltina,Rural,8.345974408592172,154.0,,,42.2,35.7,8.4,
530010805110348,Planaltina,Rural,0.081645221840031,83.0,,,,10.8,0.0,
530010805110349,Planaltina,Rural,0.38181597394569,89.0,,,95.5,12.4,0.0,
530010805110350,Planaltina,Urbana,0.560840085599842,105.0,40.0,40.0,0.0,73.3,0.0,20.0
530010805110351,Planaltina,Urbana,0.056064249907225,165.0,100.0,100.0,97.6,0.0,0.0,74.4
530010805110352,Planaltina,Urbana,0.064759961586283,145.0,100.0,100.0,97.9,,0.0,74.5
530010805110353,Planaltina,Urbana,0.030279861019737,123.0,100.0,75.0,,3.3,0.0,
530010805110354,Planaltina,Urbana,0.034811344844063,135.0,100.0,100.0,97.0,0.0,0.0,74.2
530010805110355,Planaltina,Rural,0.312880018434148,16.0,,,,43.8,0.0,
530010805110357,Planaltina,Rural,2.571700998267054,71.0,,,,62.0,31.0,
530010805110358,Planaltina,Rural,0.43675392655253,,,,,,,
530010805110359,Planaltina,Urbana,2.939785768027419,117.0,50.0,7.1,0.0,6.0,2.6,14.9
530010805110360,Planaltina,Rural,94.59209833454129,216.0,,,38.0,93.1,20.4,
530010805110361,Planaltina,Rural,64.3765447754544,99.0,,,,66.7,17.2,
530010805110362,Planaltina,Rural,1.680202502901546,56.0,,,0.0,5.4,,
530010805110363,Planaltina,Rural,0.189149499318184,59.0,,,0.0,,,
530010805110364,Planaltina,Rural,5.13356911591852,84.0,,,0.0,6.0,21.4,
530010805110365,Planaltina,Urbana,0.113854341855703,89.0,,,96.6,,0.0,
530010805110366,Planaltina,Urbana,0.050200598055131,203.0,100.0,100.0,98.5,3.4,0.0,74.6
530010805110367,Planaltina,Urbana,0.115457091996,166.0,100.0,0.0,0.0,1.8,0.0,25.0
530010805110368,Planaltina,Urbana,0.545211691863121,196.0,100.0,12.5,,,,
530010805110369,Planaltina,Urbana,3.10125015034431,98.0,,,84.7,94.9,11.2,
530010805110370,Planaltina,Rural,0.032478425287674,62.0,,,93.5,91.9,,
530010805110375,Planaltina,Urbana,0.106500656426614,224.0,75.0,0.0,4.5,4.5,3.1,20.7
530010805110376,Planaltina,Urbana,0.022087198053448,370.0,,,0.0,0.0,0.0,
530010805110377,Planaltina,Urbana,0.020489420541857,307.0,,,0.0,0.0,0.0,
530010805110378,Planaltina,Urbana,0.020194386746458,136.0,,,0.0,0.0,0.0,
530010805110381,Planaltina,Rural,3.561947294775916,45.0,,,6.7,71.1,,
530010805110382,Planaltina,Rural,2.88231799407569,65.0,,,,86.2,12.3,
530010805110383,Planaltina,Rural,2.729339818423572,110.0,,,55.5,94.5,6.4,
530010805110384,Planaltina,Rural,1.986142962285682,83.0,,,85.5,98.8,,
530010805110386,Planaltina,Urbana,1.650593777108506,175.0,91.7,91.7,0.0,38.9,,
530010805110387,Planaltina,Rural,63.60667147720793,52.0,,,65.4,96.2,61.5,
530010805110388,Planaltina,Rural,2.464388304811307,58.0,,,89.7,15.5,41.4,
530010805110389,Planaltina,Urbana,0.073778092947148,153.0,100.0,41.7,0.0,0.0,0.0,35.4
530010805110390,Planaltina,Urbana,0.120775698449284,209.0,25.0,0.0,93.8,7.7,0.0,29.7
530010805110391,Planaltina,Urbana,0.081365215964605,179.0,42.9,0.0,0.0,0.0,0.0,10.7
530010805110392,Planaltina,Urbana,0.108808319117203,180.0,8.3,0.0,0.0,0.0,0.0,2.1
530010805110393,Planaltina,Rural,39.53330115498696,150.0,,,88.0,56.0,23.3,
530010805110394,Planaltina,Rural,0.088962451971052,38.0,,,100.0,100.0,0.0,
530010805110395,Planaltina,Rural,4.97020996003597,126.0,,,88.1,66.7,,
530010805110396,Planaltina,Rural,1.840190534071596,70.0,,,77.1,92.9,15.7,
530010805110397,Planaltina,Rural,13.518268024794589,133.0,,,93.2,98.5,10.5,
530010805110398,Planaltina,Rural,2.059923239134878,72.0,,,81.9,93.1,6.9,
530010805110399,Planaltina,Rural,35.91645373992783,46.0,,,37.0,69.6,19.6,
530010805110400,Planaltina,Rural,0.573011871037029,46.0,,,56.5,95.7,0.0,
530010805110401,Planaltina,Rural,0.347764214600808,,,,,,,
530010805110402,Planaltina,Urbana,0.107250553163006,210.0,62.2,0.0,5.7,0.0,0.0,17.0
530010805110403,Planaltina,Urbana,0.140532482258205,155.0,42.9,0.0,0.0,0.0,0.0,10.7
530010805110404,Planaltina,Urbana,0.175161465110301,141.0,72.7,36.4,,0.0,0.0,
530010805110405,Planaltina,Rural,0.06081551088687,,,,,,,
530010805110406,Planaltina,Urbana,1.216511258704135,61.0,100.0,83.3,0.0,0.0,0.0,45.8
530010805110407,Planaltina,Urbana,0.122882200953443,43.0,100.0,96.0,0.0,0.0,0.0,49.0
530010805110408,Planaltina,Urbana,0.21643498809399,69.0,100.0,81.2,,4.3,,
530010805110409,Planaltina,Urbana,0.19520686114932,224.0,96.0,72.0,,4.5,,
530010805110410,Planaltina,Urbana,0.149829417991393,140.0,90.0,50.0,,2.1,4.3,
530010805110411,Planaltina,Urbana,0.902578360603419,65.0,100.0,50.0,69.2,98.5,,
530010805110412,Planaltina,Urbana,0.397154131010192,180.0,87.5,87.5,56.1,5.0,0.0,57.8
530010805110413,Planaltina,Rural,7.306782150741872,80.0,,,47.5,90.0,17.5,
530010805110414,Planaltina,Rural,0.065390966848921,,,,,,,
530010805110415,Planaltina,Rural,0.019894436455123,16.0,,,87.5,81.2,,
530010805110416,Planaltina,Urbana,2.239356575775312,97.0,90.0,60.0,16.5,52.6,,
530010805110417,Planaltina,Urbana,0.780716155283918,245.0,100.0,60.0,21.2,4.1,0.0,45.3
530010805110418,Planaltina,Urbana,0.010473186449066,,100.0,100.0,,,,
530010805110419,Planaltina,Urbana,5.120162427761144,79.0,87.5,18.8,78.5,11.4,,
530010805110420,Planaltina,Urbana,0.016843392956134,,0.0,0.0,,,,
530010805110421,Planaltina,Urbana,0.089609450152967,,2.3,0.0,,,,
530010805110422,Planaltina,Urbana,0.009135333421408,,0.0,0.0,,,,
530010805120001,Paranoá,Urbana,0.058388613825495,158.0,16.7,0.0,,,0.0,
530010805120002,Paranoá,Urbana,0.088832919265914,166.0,0.0,0.0,0.0,0.0,0.0,0.0
530010805120003,Paranoá,Urbana,0.036447374113596,229.0,0.0,0.0,0.0,0.0,0.0,0.0
530010805120004,Paranoá,Urbana,0.022621287798904,140.0,0.0,0.0,0.0,0.0,0.0,0.0
530010805120005,Paranoá,Urbana,0.03005679579622,184.0,0.0,0.0,,0.0,,
530010805120006,Paranoá,Urbana,0.033293734354119,160.0,16.7,0.0,,0.0,0.0,
530010805120007,Paranoá,Urbana,0.031887285263672,208.0,0.0,0.0,0.0,0.0,0.0,0.0
530010805120008,Paranoá,Urbana,0.028242158770508,179.0,16.7,0.0,,0.0,0.0,
530010805120009,Paranoá,Urbana,0.052244822928261,183.0,30.0,0.0,0.0,0.0,0.0,7.5
530010805120010,Paranoá,Urbana,0.041515175465911,195.0,20.0,0.0,0.0,0.0,0.0,5.0
530010805120011,Paranoá,Urbana,0.045620613115904,166.0,33.3,0.0,0.0,0.0,0.0,8.3
530010805120012,Paranoá,Urbana,0.022638074088167,173.0,25.0,0.0,0.0,0.0,0.0,6.2
530010805120013,Paranoá,Urbana,0.032467375549537,260.0,83.3,0.0,0.0,0.0,0.0,20.8
530010805120014,Paranoá,Urbana,0.028756821454666,176.0,33.3,0.0,0.0,0.0,0.0,8.3
530010805120015,Paranoá,Urbana,0.030317365069625,156.0,40.0,0.0,0.0,0.0,0.0,10.0
530010805120016,Paranoá,Urbana,0.031321786401881,197.0,28.6,0.0,0.0,0.0,0.0,7.2
530010805120017,Paranoá,Urbana,0.04400316758683,260.0,42.9,0.0,0.0,0.0,0.0,10.7
530010805120018,Paranoá,Urbana,0.019168413995378,149.0,0.0,0.0,0.0,0.0,0.0,0.0
530010805120019,Paranoá,Urbana,0.046668426526669,253.0,33.3,0.0,0.0,0.0,0.0,8.3
530010805120020,Paranoá,Urbana,0.032116268834017,196.0,0.0,0.0,0.0,0.0,0.0,0.0
530010805120021,Paranoá,Urbana,0.032946631263411,198.0,0.0,0.0,0.0,0.0,0.0,0.0
530010805120022,Paranoá,Urbana,0.041259429104841,139.0,0.0,0.0,0.0,0.0,0.0,0.0
530010805120023,Paranoá,Urbana,0.021068450867002,136.0,16.7,0.0,0.0,0.0,0.0,4.2
530010805120024,Paranoá,Urbana,0.042656371743183,110.0,33.3,0.0,0.0,0.0,0.0,8.3
530010805120025,Paranoá,Urbana,0.032836209635775,243.0,33.3,0.0,0.0,0.0,0.0,8.3
530010805120026,Paranoá,Urbana,0.033116010370597,224.0,37.5,0.0,0.0,0.0,0.0,9.4
530010805120027,Paranoá,Urbana,0.029504133575334,168.0,25.0,0.0,0.0,0.0,0.0,6.2
530010805120028,Paranoá,Urbana,0.032412639109044,205.0,25.0,0.0,0.0,0.0,0.0,6.2
530010805120029,Paranoá,Urbana,0.026181266906763,164.0,0.0,0.0,0.0,0.0,0.0,0.0
530010805120030,Paranoá,Urbana,0.038921846873221,272.0,40.0,0.0,0.0,0.0,0.0,10.0
530010805120031,Paranoá,Urbana,0.031165695394589,190.0,71.4,0.0,0.0,0.0,0.0,17.8
530010805120032,Paranoá,Urbana,0.024708148273039,215.0,0.0,0.0,0.0,0.0,0.0,0.0
530010805120033,Paranoá,Urbana,0.058075829303428,156.0,20.0,0.0,0.0,0.0,0.0,5.0
530010805120034,Paranoá,Urbana,0.045920983702843,107.0,25.0,0.0,0.0,0.0,0.0,6.2
530010805120035,Paranoá,Urbana,0.033677413319439,223.0,40.0,0.0,0.0,0.0,0.0,10.0
530010805120036,Paranoá,Urbana,0.033526404885443,224.0,20.0,0.0,0.0,0.0,0.0,5.0
530010805120037,Paranoá,Urbana,0.05764943361486,196.0,37.5,0.0,0.0,0.0,0.0,9.4
530010805120038,Paranoá,Urbana,0.040651273501496,196.0,33.3,0.0,0.0,0.0,0.0,8.3
530010805120039,Paranoá,Urbana,0.04158153438405,179.0,28.6,0.0,0.0,0.0,0.0,7.2
530010805120040,Paranoá,Urbana,0.033996833697759,209.0,14.3,0.0,0.0,0.0,0.0,3.6
530010805120041,Paranoá,Urbana,0.030906380416464,195.0,0.0,0.0,,0.0,0.0,
530010805120042,Paranoá,Urbana,0.056341135412825,166.0,0.0,0.0,,0.0,0.0,
530010805120043,Paranoá,Urbana,0.132324775983396,108.0,54.5,0.0,0.0,0.0,0.0,13.6
530010805120044,Paranoá,Urbana,5.531029950693108,195.0,100.0,50.0,1.5,97.9,3.1,38.6
530010805120045,Paranoá,Urbana,0.718019556341441,,25.0,0.0,,,,
530010805120046,Paranoá,Urbana,0.059035200771774,240.0,33.3,0.0,0.0,0.0,0.0,8.3
530010805120047,Paranoá,Urbana,0.030593075130501,236.0,0.0,0.0,0.0,0.0,0.0,0.0
530010805120048,Paranoá,Urbana,0.050369853626855,187.0,20.0,0.0,0.0,0.0,0.0,5.0
530010805120049,Paranoá,Urbana,0.022468564700758,152.0,33.3,0.0,0.0,0.0,0.0,8.3
530010805120050,Paranoá,Urbana,0.025090620847201,163.0,60.0,0.0,0.0,0.0,0.0,15.0
530010805120051,Paranoá,Urbana,0.031074775831629,220.0,33.3,0.0,0.0,0.0,0.0,8.3
530010805120052,Paranoá,Urbana,0.028222927572503,186.0,42.9,0.0,0.0,0.0,0.0,10.7
530010805120053,Paranoá,Urbana,0.026169112593481,156.0,0.0,0.0,0.0,0.0,0.0,0.0
530010805120054,Paranoá,Urbana,0.027316345093315,152.0,83.3,0.0,0.0,0.0,0.0,20.8
530010805120055,Paranoá,Urbana,0.020351804667972,128.0,20.0,0.0,0.0,0.0,0.0,5.0
530010805120056,Paranoá,Urbana,0.018156358233309,131.0,33.3,0.0,0.0,0.0,0.0,8.3
530010805120057,Paranoá,Urbana,0.019862216082436,119.0,20.0,0.0,0.0,0.0,0.0,5.0
530010805120058,Paranoá,Urbana,0.028461622633866,143.0,42.9,0.0,0.0,0.0,0.0,10.7
530010805120059,Paranoá,Urbana,0.028758925796065,195.0,33.3,0.0,0.0,0.0,0.0,8.3
530010805120060,Paranoá,Urbana,0.072549657815602,147.0,42.9,0.0,0.0,0.0,0.0,10.7
530010805120068,Paranoá,Rural,3.482577193970187,53.0,,,,98.1,,
530010805120072,Paranoá,Rural,68.77924114292767,49.0,,,0.0,100.0,,
530010805120075,Paranoá,Rural,100.00730390986905,77.0,,,72.7,66.2,23.4,
530010805120076,Paranoá,Rural,105.04601040223349,94.0,,,84.0,96.8,26.6,
530010805120077,Paranoá,Rural,0.843469105814952,153.0,,,94.1,96.1,0.0,
530010805120078,Paranoá,Rural,67.10547156601086,184.0,,,,33.7,,
530010805120079,Paranoá,Rural,37.395813436996,69.0,,,5.8,92.8,,
530010805120081,Paranoá,Rural,1.960872713633264,115.0,,,93.0,65.2,,
530010805120083,Paranoá,Rural,2.188730121861291,81.0,,,95.1,,8.6,
530010805120084,Paranoá,Rural,2.887625255818178,140.0,,,93.6,4.3,,
530010805120085,Paranoá,Rural,2.320038230148442,86.0,,,89.5,93.0,0.0,
530010805120088,Paranoá,Urbana,0.020773222588227,113.0,100.0,0.0,0.0,0.0,0.0,25.0
530010805120097,Paranoá,Rural,15.14210903422252,125.0,,,83.2,60.8,,
530010805120099,Paranoá,Rural,1.655837310656025,6.0,,,66.7,100.0,,
530010805120100,Paranoá,Rural,31.892370657921713,86.0,,,0.0,19.8,,
530010805120102,Paranoá,Rural,2.031023540989841,20.0,,,,100.0,,
530010805120110,Paranoá,Urbana,0.421839423701564,255.0,64.7,5.9,0.0,0.0,0.0,17.7
530010805120111,Paranoá,Urbana,0.412452035882431,185.0,55.6,0.0,0.0,0.0,0.0,13.9
530010805120112,Paranoá,Urbana,0.028259681897292,169.0,33.3,0.0,0.0,0.0,0.0,8.3
530010805120113,Paranoá,Urbana,0.021249577521783,174.0,73.3,0.0,,0.0,0.0,
530010805120114,Paranoá,Urbana,0.028232381511959,165.0,23.5,0.0,0.0,0.0,0.0,5.9
530010805120115,Paranoá,Urbana,0.02845147521935,189.0,33.3,0.0,0.0,0.0,0.0,8.3
530010805120116,Paranoá,Urbana,0.021068768057404,151.0,56.2,0.0,0.0,0.0,0.0,14.0
530010805120117,Paranoá,Urbana,0.020683840627467,189.0,6.7,0.0,0.0,0.0,0.0,1.7
530010805120118,Paranoá,Urbana,0.027061743920962,186.0,13.3,0.0,3.8,4.8,2.7,5.0
530010805120119,Paranoá,Urbana,0.028534517205004,179.0,13.3,0.0,,,0.0,
530010805120120,Paranoá,Urbana,0.021127093572127,196.0,46.7,0.0,,,,
530010805120121,Paranoá,Urbana,0.021274290289212,213.0,62.5,0.0,0.0,0.0,0.0,15.6
530010805120122,Paranoá,Urbana,0.02775425010965,197.0,27.8,0.0,0.0,0.0,0.0,7.0
530010805120123,Paranoá,Urbana,0.029029014554963,198.0,62.5,0.0,0.0,0.0,0.0,15.6
530010805120124,Paranoá,Urbana,0.107419847301507,220.0,50.0,0.0,,,0.0,
530010805120125,Paranoá,Urbana,0.060899206376188,186.0,0.0,0.0,0.0,0.0,0.0,0.0
530010805120126,Paranoá,Urbana,0.027661305569585,199.0,16.7,0.0,0.0,0.0,0.0,4.2
530010805120127,Paranoá,Urbana,0.026886208128913,179.0,50.0,0.0,0.0,0.0,0.0,12.5
530010805120128,Paranoá,Urbana,0.02830980587938,194.0,11.1,0.0,0.0,0.0,0.0,2.8
530010805120129,Paranoá,Urbana,0.021763755818169,185.0,62.5,0.0,0.0,0.0,0.0,15.6
530010805120130,Paranoá,Urbana,0.020848674541693,210.0,66.7,0.0,0.0,0.0,0.0,16.7
530010805120131,Paranoá,Urbana,0.028378067833886,178.0,42.9,0.0,0.0,0.0,0.0,10.7
530010805120132,Paranoá,Urbana,0.029078231630038,181.0,46.7,0.0,0.0,0.0,0.0,11.7
530010805120133,Paranoá,Urbana,0.087956534700491,214.0,42.1,0.0,,0.0,0.0,
530010805120134,Paranoá,Urbana,0.052099173477487,207.0,29.4,0.0,0.0,0.0,0.0,7.4
530010805120135,Paranoá,Urbana,0.022644633778992,190.0,28.6,0.0,0.0,0.0,,
530010805120136,Paranoá,Urbana,0.102432205933267,199.0,31.2,0.0,0.0,0.0,0.0,7.8
530010805120137,Paranoá,Urbana,0.107281553739211,220.0,40.0,0.0,0.0,0.0,0.0,10.0
530010805120141,Paranoá,Urbana,0.263454589268259,210.0,66.7,0.0,8.1,0.0,0.0,18.7
530010805120142,Paranoá,Urbana,0.271417400878404,177.0,62.5,0.0,16.4,0.0,0.0,19.7
530010805120144,Paranoá,Rural,1.421348236550126,344.0,,,,99.4,,
530010805120146,Paranoá,Rural,17.908252473748593,29.0,,,37.9,89.7,,
530010805120147,Paranoá,Urbana,0.563585924103033,,,,,,,
530010805120153,Paranoá,Rural,21.90484263648566,108.0,,,,93.5,20.4,
530010805120154,Paranoá,Rural,0.10999852932839,39.0,,,100.0,97.4,100.0,
530010805120155,Paranoá,Rural,19.501088759828345,32.0,,,0.0,43.8,15.6,
530010805120156,Paranoá,Rural,2.793678031305384,133.0,,,94.0,94.7,5.3,
530010805120157,Paranoá,Rural,5.084121714261803,68.0,,,77.9,27.9,14.7,
530010805120158,Paranoá,Rural,0.735742697261248,200.0,,,94.5,99.0,58.0,
530010805120159,Paranoá,Urbana,0.042080846552233,50.0,0.0,0.0,,98.0,0.0,
530010805120160,Paranoá,Urbana,0.049192995029327,,50.0,0.0,,,,
530010805120161,Paranoá,Rural,0.493455876210047,122.0,,,47.5,92.6,,
530010805120162,Paranoá,Rural,0.479119238633174,117.0,,,,96.6,,
530010805120163,Paranoá,Rural,0.131826404430944,77.0,,,3.9,97.4,0.0,
530010805120164,Paranoá,Rural,0.520367793846575,63.0,,,,93.7,11.1,
530010805120165,Paranoá,Rural,0.209427878128352,91.0,,,,98.9,0.0,
530010805120166,Paranoá,Rural,0.671728074943455,133.0,,,94.7,94.0,,
530010805120167,Paranoá,Rural,27.727188660500296,42.0,,,,100.0,21.4,
530010805120168,Paranoá,Rural,0.485803494041429,77.0,,,96.1,97.4,24.7,
530010805120169,Paranoá,Rural,48.39418123790915,131.0,,,,95.4,19.8,
530010805120170,Paranoá,Rural,0.079320800223763,,,,,,,
530010805120171,Paranoá,Rural,11.237854866021863,119.0,,,90.8,96.6,,
530010805120172,Paranoá,Rural,0.182631340105548,55.0,,,100.0,94.5,0.0,
530010805120173,Paranoá,Rural,4.721548958784327,44.0,,,31.8,100.0,9.1,
530010805120174,Paranoá,Rural,1.438365775782513,124.0,,,75.0,100.0,2.4,
530010805120175,Paranoá,Rural,84.40817132142158,125.0,,,69.6,76.0,46.4,
530010805120176,Paranoá,Rural,0.22364963573196,102.0,,,88.2,0.0,,
530010805120177,Paranoá,Rural,57.26420505693052,67.0,,,0.0,91.0,,
530010805120178,Paranoá,Rural,2.052315692671411,79.0,,,0.0,13.9,78.5,
530010805120179,Paranoá,Rural,5.701525019885278,69.0,,,,97.1,21.7,
530010805120180,Paranoá,Rural,3.999920628985886,91.0,,,,89.0,17.6,
530010805120181,Paranoá,Rural,16.33017904249137,96.0,,,57.3,100.0,39.6,
530010805120182,Paranoá,Rural,7.849962954852379,154.0,,,,90.9,,
530010805120183,Paranoá,Rural,4.59647742353924,132.0,,,0.0,100.0,,
530010805120184,Paranoá,Urbana,3.730165183029947,222.0,100.0,42.6,0.0,99.1,0.0,35.6
530010805120185,Paranoá,Rural,8.715296842725904,68.0,,,,98.5,,
530010805120186,Paranoá,Rural,12.8763135238809,89.0,,,7.9,98.9,,
530010805120187,Paranoá,Urbana,1.36214649526672,50.0,86.7,80.0,,98.0,0.0,
530010805130001,Riacho Fundo,Urbana,0.085460727185431,204.0,10.0,0.0,0.0,0.0,0.0,2.5
530010805130002,Riacho Fundo,Urbana,0.025330273943971,168.0,50.0,0.0,0.0,0.0,0.0,12.5
530010805130003,Riacho Fundo,Urbana,0.057328111208888,271.0,62.5,0.0,0.0,0.0,0.0,15.6
530010805130004,Riacho Fundo,Urbana,0.031837503470784,217.0,80.0,0.0,0.0,0.0,0.0,20.0
530010805130005,Riacho Fundo,Urbana,0.075272933277578,211.0,66.7,0.0,0.0,0.0,0.0,16.7
530010805130006,Riacho Fundo,Urbana,0.024367778018823,157.0,25.0,0.0,0.0,0.0,0.0,6.2
530010805130007,Riacho Fundo,Urbana,0.028050448373974,164.0,0.0,0.0,0.0,0.0,0.0,0.0
530010805130008,Riacho Fundo,Urbana,0.054316466861668,167.0,0.0,0.0,0.0,0.0,0.0,0.0
530010805130009,Riacho Fundo,Urbana,0.029029703282658,164.0,33.3,0.0,0.0,0.0,0.0,8.3
530010805130011,Riacho Fundo,Urbana,0.111296681207594,277.0,66.7,0.0,,0.0,0.0,
530010805130012,Riacho Fundo,Urbana,0.038405574643138,283.0,0.0,0.0,0.0,0.0,0.0,0.0
530010805130013,Riacho Fundo,Urbana,0.024997228952975,162.0,25.0,0.0,0.0,0.0,0.0,6.2
530010805130014,Riacho Fundo,Urbana,0.039027693408365,226.0,50.0,0.0,0.0,0.0,0.0,12.5
530010805130015,Riacho Fundo,Urbana,0.042928275687898,330.0,20.0,0.0,0.0,0.0,0.0,5.0
530010805130016,Riacho Fundo,Urbana,0.032003967676605,194.0,0.0,0.0,0.0,0.0,0.0,0.0
530010805130017,Riacho Fundo,Urbana,0.05382474431575,139.0,33.3,0.0,0.0,0.0,0.0,8.3
530010805130018,Riacho Fundo,Urbana,0.049977182673542,237.0,66.7,0.0,0.0,0.0,0.0,16.7
530010805130019,Riacho Fundo,Urbana,0.07892143024478,268.0,50.0,0.0,0.0,0.0,0.0,12.5
530010805130020,Riacho Fundo,Urbana,0.051028923923574,303.0,0.0,0.0,0.0,0.0,0.0,0.0
530010805130058,Riacho Fundo,Urbana,0.105921804802414,242.0,0.0,0.0,0.0,0.0,0.0,0.0
530010805130059,Riacho Fundo,Urbana,0.047504224626902,188.0,28.6,0.0,0.0,0.0,0.0,7.2
530010805130060,Riacho Fundo,Urbana,0.031612586178068,233.0,75.0,0.0,0.0,0.0,0.0,18.8
530010805130061,Riacho Fundo,Urbana,0.017447189991093,144.0,0.0,0.0,,0.0,0.0,
530010805130062,Riacho Fundo,Urbana,0.032142151977569,202.0,0.0,0.0,0.0,0.0,0.0,0.0
530010805130063,Riacho Fundo,Urbana,0.045470844961772,298.0,16.7,0.0,0.0,0.0,0.0,4.2
530010805130064,Riacho Fundo,Urbana,0.061484899834848,257.0,45.5,0.0,0.0,0.0,0.0,11.4
530010805130065,Riacho Fundo,Urbana,0.01477609742393,108.0,75.0,0.0,0.0,0.0,0.0,18.8
530010805130066,Riacho Fundo,Urbana,0.039037249772805,257.0,42.9,0.0,0.0,0.0,0.0,10.7
530010805130067,Riacho Fundo,Urbana,0.071438538269931,243.0,11.1,0.0,0.0,0.0,0.0,2.8
530010805130068,Riacho Fundo,Urbana,0.039255074081874,188.0,0.0,0.0,0.0,0.0,0.0,0.0
530010805130069,Riacho Fundo,Urbana,0.010890895475625,185.0,0.0,0.0,0.0,0.0,0.0,0.0
530010805130070,Riacho Fundo,Urbana,0.035785373581222,224.0,20.0,0.0,0.0,0.0,0.0,5.0
530010805130071,Riacho Fundo,Urbana,0.049410807394881,164.0,28.6,0.0,0.0,0.0,0.0,7.2
530010805130072,Riacho Fundo,Urbana,0.060269111271968,235.0,0.0,0.0,0.0,0.0,0.0,0.0
530010805130073,Riacho Fundo,Urbana,0.012862279041146,181.0,0.0,0.0,,0.0,0.0,
530010805130074,Riacho Fundo,Urbana,0.024113862218135,130.0,40.0,0.0,0.0,,0.0,10.0
530010805130075,Riacho Fundo,Urbana,0.021340917679427,112.0,0.0,0.0,0.0,0.0,0.0,0.0
530010805130076,Riacho Fundo,Urbana,0.046015634393239,111.0,50.0,0.0,0.0,0.0,0.0,12.5
530010805130077,Riacho Fundo,Urbana,0.028642607314232,161.0,0.0,0.0,0.0,0.0,0.0,0.0
530010805130078,Riacho Fundo,Urbana,0.049978170851923,178.0,20.0,0.0,0.0,0.0,0.0,5.0
530010805130079,Riacho Fundo,Urbana,0.006227622576673,165.0,50.0,0.0,,0.0,0.0,
530010805130080,Riacho Fundo,Urbana,0.027242855231408,187.0,0.0,0.0,0.0,0.0,0.0,0.0
530010805130081,Riacho Fundo,Urbana,0.047381048008428,129.0,20.0,0.0,0.0,0.0,0.0,5.0
530010805130082,Riacho Fundo,Urbana,0.049722866654231,158.0,14.3,0.0,0.0,0.0,0.0,3.6
530010805130083,Riacho Fundo,Urbana,0.020235234914985,149.0,0.0,0.0,0.0,0.0,0.0,0.0
530010805130085,Riacho Fundo,Urbana,0.031420827843685,202.0,0.0,0.0,0.0,0.0,0.0,0.0
530010805130086,Riacho Fundo,Urbana,0.048353554366347,108.0,50.0,0.0,14.8,0.0,0.0,16.2
530010805130087,Riacho Fundo,Urbana,0.342481635344714,332.0,96.4,21.4,12.0,1.5,,
530010805130089,Riacho Fundo,Urbana,0.226391435568845,290.0,66.7,8.3,0.0,0.0,,
530010805130090,Riacho Fundo,Urbana,0.130233834814035,451.0,50.0,0.0,,0.0,0.0,
530010805130091,Riacho Fundo,Urbana,0.038454183648621,250.0,0.0,0.0,0.0,0.0,0.0,0.0
530010805130092,Riacho Fundo,Urbana,0.589656102270323,225.0,30.0,20.0,0.0,,0.0,12.5
530010805130093,Riacho Fundo,Urbana,0.074591456815147,127.0,14.3,0.0,4.7,0.0,0.0,4.8
530010805130094,Riacho Fundo,Urbana,0.022597549916724,33.0,100.0,0.0,,,0.0,
530010805130095,Riacho Fundo,Urbana,0.021854565549682,23.0,50.0,0.0,0.0,0.0,0.0,12.5
530010805130096,Riacho Fundo,Urbana,0.08848623224251,156.0,100.0,0.0,15.4,0.0,0.0,28.8
530010805130127,Riacho Fundo,Urbana,0.073945780110695,214.0,0.0,0.0,0.0,0.0,0.0,0.0
530010805130128,Riacho Fundo,Urbana,0.023337732345125,203.0,33.3,0.0,0.0,0.0,0.0,8.3
530010805130129,Riacho Fundo,Urbana,0.020689358293303,253.0,0.0,0.0,0.0,0.0,0.0,0.0
530010805130130,Riacho Fundo,Urbana,0.009182725520622,236.0,0.0,0.0,0.0,0.0,0.0,0.0
530010805130164,Riacho Fundo,Urbana,0.010377470428483,171.0,66.7,0.0,0.0,0.0,0.0,16.7
530010805130165,Riacho Fundo,Urbana,0.017048311015898,297.0,0.0,0.0,0.0,0.0,0.0,0.0
530010805130169,Riacho Fundo,Urbana,1.484197755314101,201.0,88.9,0.0,0.0,0.0,0.0,22.2
530010805130171,Riacho Fundo,Rural,6.85427967070741,56.0,,,5.4,66.1,19.6,
530010805130173,Riacho Fundo,Rural,0.913891148887992,31.0,,,58.1,93.5,,
530010805130175,Riacho Fundo,Urbana,0.067877081188812,99.0,100.0,0.0,79.8,,,
530010805130181,Riacho Fundo,Urbana,0.254972556532366,124.0,73.3,46.7,2.4,,,
530010805130182,Riacho Fundo,Urbana,0.220084558910108,207.0,90.0,20.0,,3.4,,
530010805130183,Riacho Fundo,Urbana,0.130961770443372,225.0,66.7,0.0,,,0.0,
530010805130184,Riacho Fundo,Urbana,0.118645647983073,58.0,100.0,66.7,,91.4,,
530010805130185,Riacho Fundo,Urbana,0.215073686100187,53.0,,,0.0,79.2,0.0,
530010805130186,Riacho Fundo,Urbana,0.076839757461843,68.0,33.3,33.3,94.1,47.1,,
530010805130187,Riacho Fundo,Urbana,3.299694005136542,141.0,,,0.0,28.4,2.8,
530010805130188,Riacho Fundo,Urbana,0.081099555039434,91.0,100.0,0.0,0.0,,,
530010805130189,Riacho Fundo,Urbana,0.287443060791494,237.0,33.3,0.0,0.0,0.0,0.0,8.3
530010805130190,Riacho Fundo,Urbana,0.0885999947441,263.0,88.9,0.0,6.8,0.0,0.0,23.9
530010805140001,Núcleo Bandeirante,Urbana,0.069944123289598,305.0,50.0,33.3,1.3,0.0,0.0,21.2
530010805140002,Núcleo Bandeirante,Urbana,0.036201616205271,349.0,33.3,0.0,0.0,0.0,0.0,8.3
530010805140003,Núcleo Bandeirante,Urbana,0.831320777348763,243.0,32.3,6.5,,0.0,0.0,
530010805140005,Núcleo Bandeirante,Urbana,0.082770990993392,152.0,5.3,0.0,0.0,0.0,0.0,1.3
530010805140006,Núcleo Bandeirante,Urbana,0.014572717337455,169.0,100.0,0.0,,0.0,,
530010805140007,Núcleo Bandeirante,Urbana,0.032838781362715,246.0,90.0,0.0,0.0,0.0,0.0,22.5
530010805140008,Núcleo Bandeirante,Urbana,0.037520057092819,251.0,62.5,0.0,0.0,0.0,0.0,15.6
530010805140009,Núcleo Bandeirante,Urbana,0.061422893766714,133.0,25.0,0.0,0.0,0.0,0.0,6.2
530010805140010,Núcleo Bandeirante,Urbana,0.327276878324395,80.0,40.0,40.0,13.8,7.5,0.0,23.5
530010805140011,Núcleo Bandeirante,Urbana,0.182181367761567,214.0,53.3,0.0,0.0,0.0,0.0,13.3
530010805140012,Núcleo Bandeirante,Urbana,0.00954597597979,147.0,0.0,0.0,0.0,0.0,0.0,0.0
530010805140013,Núcleo Bandeirante,Urbana,0.0155829015433,142.0,50.0,0.0,0.0,0.0,0.0,12.5
530010805140014,Núcleo Bandeirante,Urbana,0.030662167843929,98.0,50.0,0.0,0.0,0.0,,
530010805140015,Núcleo Bandeirante,Urbana,0.014287470518258,168.0,60.0,0.0,0.0,0.0,0.0,15.0
530010805140016,Núcleo Bandeirante,Urbana,0.047154030834567,156.0,46.7,0.0,0.0,0.0,0.0,11.7
530010805140017,Núcleo Bandeirante,Urbana,0.021109646617306,116.0,0.0,0.0,0.0,0.0,0.0,0.0
530010805140018,Núcleo Bandeirante,Urbana,0.086895391887963,161.0,40.0,0.0,0.0,0.0,0.0,10.0
530010805140020,Núcleo Bandeirante,Urbana,0.08094237238146,188.0,30.0,0.0,0.0,0.0,0.0,7.5
530010805140021,Núcleo Bandeirante,Urbana,0.047375559792233,221.0,6.7,0.0,0.0,0.0,0.0,1.7
530010805140022,Núcleo Bandeirante,Urbana,0.004288176445803,115.0,0.0,0.0,0.0,0.0,0.0,0.0
530010805140023,Núcleo Bandeirante,Urbana,0.024963662078525,272.0,0.0,0.0,0.0,0.0,0.0,0.0
530010805140024,Núcleo Bandeirante,Urbana,0.078777129577966,166.0,12.5,0.0,,0.0,0.0,
530010805140025,Núcleo Bandeirante,Urbana,0.094696729876387,203.0,60.0,14.0,,0.0,0.0,
530010805140026,Núcleo Bandeirante,Urbana,0.157194322449204,106.0,6.7,0.0,0.0,0.0,0.0,1.7
530010805140043,Núcleo Bandeirante,Urbana,0.082587212710981,157.0,10.5,0.0,0.0,0.0,0.0,2.6
530010805140044,Núcleo Bandeirante,Urbana,0.030155562208445,168.0,66.7,0.0,0.0,0.0,0.0,16.7
530010805140045,Núcleo Bandeirante,Urbana,0.003692638168347,125.0,100.0,0.0,0.0,0.0,0.0,25.0
530010805140046,Núcleo Bandeirante,Urbana,0.051912051623606,156.0,22.2,0.0,0.0,0.0,0.0,5.6
530010805140047,Núcleo Bandeirante,Urbana,0.05709570117765,156.0,50.0,0.0,0.0,0.0,0.0,12.5
530010805140048,Núcleo Bandeirante,Urbana,0.009316949999643,122.0,0.0,0.0,0.0,0.0,0.0,0.0
530010805140049,Núcleo Bandeirante,Urbana,0.008913157589043,170.0,0.0,0.0,0.0,0.0,0.0,0.0
530010805140050,Núcleo Bandeirante,Urbana,0.015170494872453,177.0,0.0,0.0,0.0,0.0,0.0,0.0
530010805140051,Núcleo Bandeirante,Urbana,0.043727762760068,169.0,8.3,0.0,0.0,0.0,0.0,2.1
530010805140052,Núcleo Bandeirante,Urbana,0.133314956643004,283.0,50.0,0.0,0.0,0.0,0.0,12.5
530010805140055,Núcleo Bandeirante,Urbana,0.038166718640674,231.0,0.0,0.0,0.0,0.0,0.0,0.0
530010805140058,Núcleo Bandeirante,Urbana,0.004756352567025,91.0,0.0,0.0,0.0,0.0,0.0,0.0
530010805140061,Núcleo Bandeirante,Urbana,0.065364990581224,196.0,31.6,5.3,0.0,0.0,0.0,9.2
530010805140076,Núcleo Bandeirante,Urbana,0.126444229759775,208.0,0.0,0.0,0.0,0.0,0.0,0.0
530010805140077,Núcleo Bandeirante,Urbana,0.04690617946458,137.0,0.0,0.0,0.0,0.0,,
530010805140080,Núcleo Bandeirante,Urbana,0.050661066585536,260.0,55.6,0.0,85.0,0.0,0.0,35.2
530010805140081,Núcleo Bandeirante,Urbana,0.175590685525651,27.0,100.0,20.0,0.0,,,
530010805140086,Núcleo Bandeirante,Urbana,0.065620464397001,12.0,0.0,0.0,,,0.0,
530010805140087,Núcleo Bandeirante,Urbana,0.384735685524071,148.0,84.6,38.5,2.7,,,
530010805140088,Núcleo Bandeirante,Urbana,0.380617089771726,8.0,0.0,0.0,37.5,,0.0,9.4
530010805140089,Núcleo Bandeirante,Urbana,0.094258468295214,,50.0,0.0,,,,
530010805140090,Núcleo Bandeirante,Urbana,0.277831843816905,108.0,13.6,4.5,0.0,0.0,0.0,4.5
530010805140091,Núcleo Bandeirante,Urbana,0.140378701870323,243.0,50.0,0.0,90.1,,,
530010805140092,Núcleo Bandeirante,Urbana,0.086265981705822,274.0,16.7,0.0,81.8,5.1,,
530010805140093,Núcleo Bandeirante,Urbana,0.155076356249599,163.0,37.5,0.0,0.0,0.0,0.0,9.4
530010805140094,Núcleo Bandeirante,Urbana,0.107867326752926,6.0,66.7,0.0,0.0,66.7,0.0,16.7
530010805150001,Ceilândia,Urbana,0.062651507083827,110.0,25.0,0.0,0.0,0.0,0.0,6.2
530010805150002,Ceilândia,Urbana,0.052626110470822,179.0,33.3,0.0,0.0,0.0,0.0,8.3
530010805150003,Ceilândia,Urbana,0.053558771549673,182.0,0.0,0.0,0.0,0.0,0.0,0.0
530010805150004,Ceilândia,Urbana,0.039951769788968,159.0,0.0,0.0,0.0,0.0,0.0,0.0
530010805150005,Ceilândia,Urbana,0.046305135161114,219.0,20.0,0.0,0.0,0.0,0.0,5.0
530010805150006,Ceilândia,Urbana,0.052067796188386,184.0,40.0,0.0,0.0,0.0,0.0,10.0
530010805150007,Ceilândia,Urbana,0.038538281204742,136.0,50.0,0.0,0.0,0.0,0.0,12.5
530010805150008,Ceilândia,Urbana,0.031736566038533,131.0,25.0,0.0,0.0,0.0,0.0,6.2
530010805150009,Ceilândia,Urbana,0.03620130030185,192.0,25.0,0.0,0.0,0.0,0.0,6.2
530010805150010,Ceilândia,Urbana,0.04747015421732,257.0,33.3,0.0,0.0,0.0,0.0,8.3
530010805150011,Ceilândia,Urbana,0.028445691255492,170.0,60.0,0.0,0.0,0.0,0.0,15.0
530010805150012,Ceilândia,Urbana,0.021247933638596,114.0,50.0,0.0,0.0,0.0,0.0,12.5
530010805150013,Ceilândia,Urbana,0.050553970459159,241.0,80.0,0.0,0.0,0.0,0.0,20.0
530010805150014,Ceilândia,Urbana,0.032232084281371,180.0,50.0,0.0,0.0,0.0,0.0,12.5
530010805150015,Ceilândia,Urbana,0.037377892568264,223.0,71.4,0.0,0.0,0.0,0.0,17.8
530010805150016,Ceilândia,Urbana,0.02529204091741,130.0,66.7,0.0,0.0,0.0,0.0,16.7
530010805150017,Ceilândia,Urbana,0.051497521182523,250.0,76.9,0.0,0.0,0.0,0.0,19.2
530010805150018,Ceilândia,Urbana,0.037696804432962,228.0,44.4,0.0,0.0,0.0,0.0,11.1
530010805150019,Ceilândia,Urbana,0.030879445786942,179.0,50.0,0.0,0.0,0.0,0.0,12.5
530010805150020,Ceilândia,Urbana,0.047082110167209,187.0,41.7,0.0,0.0,0.0,0.0,10.4
530010805150021,Ceilândia,Urbana,0.037011387913737,195.0,76.5,0.0,0.0,0.0,0.0,19.1
530010805150022,Ceilândia,Urbana,0.062302454513557,262.0,80.0,0.0,0.0,0.0,0.0,20.0
530010805150023,Ceilândia,Urbana,0.038192510602941,247.0,0.0,0.0,0.0,0.0,0.0,0.0
530010805150024,Ceilândia,Urbana,0.02755076220693,172.0,14.3,0.0,0.0,0.0,0.0,3.6
530010805150025,Ceilândia,Urbana,0.030656234162808,180.0,62.5,0.0,0.0,0.0,0.0,15.6
530010805150026,Ceilândia,Urbana,0.045543568471701,208.0,42.9,0.0,,,0.0,
530010805150027,Ceilândia,Urbana,0.033511535020522,177.0,0.0,0.0,0.0,0.0,0.0,0.0
530010805150028,Ceilândia,Urbana,0.028173222770367,166.0,0.0,0.0,0.0,0.0,0.0,0.0
530010805150029,Ceilândia,Urbana,0.030607526892408,166.0,20.0,0.0,0.0,0.0,0.0,5.0
530010805150030,Ceilândia,Urbana,0.054342456965822,163.0,72.7,0.0,0.0,0.0,0.0,18.2
530010805150031,Ceilândia,Urbana,0.027639099486249,166.0,50.0,0.0,0.0,0.0,0.0,12.5
530010805150032,Ceilândia,Urbana,0.041784897863081,175.0,50.0,0.0,0.0,0.0,0.0,12.5
530010805150033,Ceilândia,Urbana,0.027866098711383,153.0,0.0,0.0,0.0,0.0,0.0,0.0
530010805150034,Ceilândia,Urbana,0.030166001341896,175.0,60.0,0.0,,,0.0,
530010805150035,Ceilândia,Urbana,0.124607816113006,187.0,71.4,0.0,0.0,0.0,0.0,17.8
530010805150036,Ceilândia,Urbana,0.041535095550666,189.0,57.1,0.0,0.0,0.0,0.0,14.3
530010805150037,Ceilândia,Urbana,0.028586315222691,149.0,20.0,0.0,0.0,0.0,0.0,5.0
530010805150038,Ceilândia,Urbana,0.045811102494312,201.0,0.0,0.0,0.0,0.0,0.0,0.0
530010805150039,Ceilândia,Urbana,0.098931296808621,206.0,36.4,0.0,0.0,0.0,0.0,9.1
530010805150040,Ceilândia,Urbana,0.101435948305457,374.0,85.7,0.0,0.0,0.0,0.0,21.4
530010805150041,Ceilândia,Urbana,0.035405004262058,195.0,80.0,0.0,0.0,0.0,0.0,20.0
530010805150042,Ceilândia,Urbana,0.071625163291586,332.0,58.3,0.0,,0.0,0.0,
530010805150043,Ceilândia,Urbana,0.028129673256004,163.0,50.0,0.0,0.0,0.0,0.0,12.5
530010805150044,Ceilândia,Urbana,0.040702310835992,161.0,40.0,0.0,0.0,0.0,0.0,10.0
530010805150045,Ceilândia,Urbana,0.044073043153605,214.0,62.5,0.0,0.0,0.0,0.0,15.6
530010805150046,Ceilândia,Urbana,0.083742813509014,230.0,66.7,0.0,0.0,0.0,0.0,16.7
530010805150047,Ceilândia,Urbana,0.03277955390291,237.0,50.0,0.0,0.0,0.0,0.0,12.5
530010805150048,Ceilândia,Urbana,0.044405395726916,207.0,40.0,0.0,0.0,0.0,0.0,10.0
530010805150049,Ceilândia,Urbana,0.10408462202115,208.0,45.5,0.0,0.0,0.0,0.0,11.4
530010805150050,Ceilândia,Urbana,0.04257488734488,195.0,40.0,0.0,0.0,0.0,0.0,10.0
530010805150051,Ceilândia,Urbana,0.106572666505035,312.0,50.0,0.0,0.0,0.0,0.0,12.5
530010805150052,Ceilândia,Urbana,0.084676622358385,232.0,42.9,0.0,0.0,0.0,0.0,10.7
530010805150053,Ceilândia,Urbana,0.033564655578488,195.0,50.0,0.0,0.0,0.0,0.0,12.5
530010805150054,Ceilândia,Urbana,0.046381905443975,225.0,40.0,0.0,0.0,0.0,0.0,10.0
530010805150055,Ceilândia,Urbana,0.055265796404807,281.0,33.3,0.0,0.0,0.0,0.0,8.3
530010805150056,Ceilândia,Urbana,0.03306251513045,184.0,75.0,0.0,0.0,0.0,0.0,18.8
530010805150057,Ceilândia,Urbana,0.038122557856993,176.0,25.0,0.0,0.0,0.0,0.0,6.2
530010805150058,Ceilândia,Urbana,0.028441327556972,161.0,0.0,0.0,0.0,0.0,0.0,0.0
530010805150059,Ceilândia,Urbana,0.027670394496123,166.0,0.0,0.0,0.0,0.0,0.0,0.0
530010805150060,Ceilândia,Urbana,0.034132130070655,166.0,25.0,0.0,0.0,0.0,0.0,6.2
530010805150061,Ceilândia,Urbana,0.070280125650559,193.0,60.0,0.0,0.0,0.0,0.0,15.0
530010805150062,Ceilândia,Urbana,0.048498522607479,144.0,83.3,0.0,0.0,0.0,0.0,20.8
530010805150063,Ceilândia,Urbana,0.050562560855717,198.0,87.5,0.0,0.0,0.0,0.0,21.9
530010805150064,Ceilândia,Urbana,0.030667180459362,164.0,100.0,0.0,0.0,0.0,0.0,25.0
530010805150065,Ceilândia,Urbana,0.030736043781828,167.0,100.0,0.0,0.0,0.0,0.0,25.0
530010805150066,Ceilândia,Urbana,0.045367367709833,163.0,88.9,0.0,0.0,0.0,0.0,22.2
530010805150067,Ceilândia,Urbana,0.027955083223334,154.0,90.0,0.0,0.0,0.0,0.0,22.5
530010805150068,Ceilândia,Urbana,0.030758578119745,159.0,100.0,0.0,0.0,0.0,0.0,25.0
530010805150069,Ceilândia,Urbana,0.030234720768867,162.0,100.0,0.0,0.0,0.0,0.0,25.0
530010805150070,Ceilândia,Urbana,0.045386901712816,158.0,62.5,0.0,0.0,0.0,0.0,15.6
530010805150071,Ceilândia,Urbana,0.038187876185829,231.0,88.9,0.0,0.0,0.0,0.0,22.2
530010805150072,Ceilândia,Urbana,0.03084654550451,155.0,50.0,0.0,,0.0,0.0,
530010805150073,Ceilândia,Urbana,0.059090154609009,172.0,50.0,0.0,0.0,0.0,0.0,12.5
530010805150074,Ceilândia,Urbana,0.050450564812102,176.0,68.8,0.0,0.0,0.0,0.0,17.2
530010805150075,Ceilândia,Urbana,0.027596783302476,162.0,71.4,0.0,0.0,0.0,0.0,17.8
530010805150076,Ceilândia,Urbana,0.027487949386629,152.0,40.0,0.0,0.0,0.0,,
530010805150077,Ceilândia,Urbana,0.028303770684255,153.0,0.0,0.0,0.0,0.0,0.0,0.0
530010805150078,Ceilândia,Urbana,0.027632667639941,179.0,0.0,0.0,0.0,0.0,0.0,0.0
530010805150079,Ceilândia,Urbana,0.030904537462295,157.0,0.0,0.0,0.0,0.0,0.0,0.0
530010805150080,Ceilândia,Urbana,0.030538023906549,153.0,33.3,0.0,0.0,0.0,0.0,8.3
530010805150081,Ceilândia,Urbana,0.05109080067394,189.0,37.5,0.0,0.0,0.0,0.0,9.4
530010805150082,Ceilândia,Urbana,0.042733402561015,189.0,33.3,0.0,0.0,0.0,0.0,8.3
530010805150083,Ceilândia,Urbana,0.030272489065913,143.0,0.0,0.0,0.0,0.0,0.0,0.0
530010805150084,Ceilândia,Urbana,0.030908553929594,146.0,40.0,0.0,0.0,0.0,0.0,10.0
530010805150085,Ceilândia,Urbana,0.031024182075574,146.0,80.0,0.0,0.0,0.0,0.0,20.0
530010805150086,Ceilândia,Urbana,0.030663693813914,155.0,20.0,0.0,0.0,0.0,0.0,5.0
530010805150087,Ceilândia,Urbana,0.056843183062878,227.0,9.1,0.0,0.0,0.0,0.0,2.3
530010805150088,Ceilândia,Urbana,0.037189358364792,191.0,33.3,0.0,0.0,0.0,0.0,8.3
530010805150089,Ceilândia,Urbana,0.043692114445759,249.0,14.3,0.0,0.0,0.0,0.0,3.6
530010805150090,Ceilândia,Urbana,0.090518537581276,219.0,72.7,0.0,0.0,0.0,0.0,18.2
530010805150091,Ceilândia,Urbana,0.034121884373791,194.0,50.0,0.0,0.0,0.0,0.0,12.5
530010805150092,Ceilândia,Urbana,0.042013389899207,192.0,42.9,0.0,0.0,0.0,0.0,10.7
530010805150093,Ceilândia,Urbana,0.02729491981258,151.0,50.0,0.0,0.0,0.0,0.0,12.5
530010805150094,Ceilândia,Urbana,0.052044760346161,150.0,55.6,0.0,0.0,0.0,0.0,13.9
530010805150095,Ceilândia,Urbana,0.046049193476682,202.0,60.0,0.0,0.0,0.0,0.0,15.0
530010805150096,Ceilândia,Urbana,0.041114633536646,127.0,66.7,0.0,0.0,0.0,0.0,16.7
530010805150097,Ceilândia,Urbana,0.025035939268398,146.0,66.7,0.0,0.0,0.0,0.0,16.7
530010805150098,Ceilândia,Urbana,0.142266465238014,181.0,28.6,0.0,0.0,0.0,0.0,7.2
530010805150099,Ceilândia,Urbana,0.045561464316631,131.0,40.0,0.0,0.0,0.0,0.0,10.0
530010805150100,Ceilândia,Urbana,0.110072677824827,391.0,62.5,0.0,0.0,0.0,0.0,15.6
530010805150101,Ceilândia,Urbana,0.082283849089654,231.0,70.0,0.0,0.0,0.0,0.0,17.5
530010805150102,Ceilândia,Urbana,0.033118295042543,182.0,50.0,0.0,0.0,0.0,0.0,12.5
530010805150103,Ceilândia,Urbana,0.046049682526791,205.0,60.0,0.0,0.0,0.0,0.0,15.0
530010805150104,Ceilândia,Urbana,0.027683845091853,109.0,66.7,0.0,0.0,0.0,0.0,16.7
530010805150105,Ceilândia,Urbana,0.029668030158256,94.0,66.7,0.0,0.0,0.0,0.0,16.7
530010805150106,Ceilândia,Urbana,0.041490325559953,222.0,20.0,0.0,0.0,0.0,0.0,5.0
530010805150107,Ceilândia,Urbana,0.029429888078105,131.0,33.3,0.0,0.0,0.0,0.0,8.3
530010805150108,Ceilândia,Urbana,0.033858583592478,179.0,60.0,0.0,0.0,0.0,0.0,15.0
530010805150109,Ceilândia,Urbana,0.028215875822507,162.0,60.0,0.0,0.0,0.0,0.0,15.0
530010805150110,Ceilândia,Urbana,0.031815180831763,171.0,60.0,0.0,0.0,0.0,0.0,15.0
530010805150111,Ceilândia,Urbana,0.034791249216944,141.0,50.0,0.0,0.0,0.0,0.0,12.5
530010805150112,Ceilândia,Urbana,0.028037184472365,148.0,50.0,0.0,0.0,0.0,0.0,12.5
530010805150113,Ceilândia,Urbana,0.03281783701645,172.0,77.8,0.0,0.0,,0.0,19.4
530010805150114,Ceilândia,Urbana,0.057210445652843,134.0,50.0,0.0,0.0,0.0,0.0,12.5
530010805150115,Ceilândia,Urbana,0.031971798279229,192.0,100.0,0.0,0.0,0.0,0.0,25.0
530010805150116,Ceilândia,Urbana,0.057254913051086,252.0,69.2,0.0,0.0,0.0,0.0,17.3
530010805150117,Ceilândia,Urbana,0.050535821103915,272.0,100.0,0.0,0.0,0.0,0.0,25.0
530010805150118,Ceilândia,Urbana,0.056881639539507,238.0,80.0,0.0,0.0,0.0,0.0,20.0
530010805150119,Ceilândia,Urbana,0.067442631316536,180.0,57.9,0.0,,0.0,0.0,
530010805150120,Ceilândia,Urbana,0.027879831204398,147.0,66.7,0.0,0.0,0.0,0.0,16.7
530010805150121,Ceilândia,Urbana,0.03055146462759,170.0,80.0,0.0,0.0,0.0,0.0,20.0
530010805150122,Ceilândia,Urbana,0.028623373336699,114.0,77.8,0.0,0.0,0.0,0.0,19.4
530010805150123,Ceilândia,Urbana,0.027948602340387,157.0,50.0,0.0,0.0,0.0,0.0,12.5
530010805150124,Ceilândia,Urbana,0.028079846394061,166.0,80.0,0.0,0.0,0.0,0.0,20.0
530010805150125,Ceilândia,Urbana,0.065943703717807,219.0,60.0,0.0,0.0,0.0,0.0,15.0
530010805150126,Ceilândia,Urbana,0.053456980537765,215.0,100.0,0.0,0.0,0.0,0.0,25.0
530010805150127,Ceilândia,Urbana,0.056715358425816,227.0,91.7,0.0,0.0,0.0,0.0,22.9
530010805150128,Ceilândia,Urbana,0.029763448405303,160.0,66.7,0.0,0.0,0.0,0.0,16.7
530010805150129,Ceilândia,Urbana,0.052712767066392,290.0,42.9,0.0,0.0,0.0,0.0,10.7
530010805150132,Ceilândia,Urbana,0.049697924429681,219.0,62.5,0.0,0.0,0.0,0.0,15.6
530010805150133,Ceilândia,Urbana,0.045252628680307,160.0,22.2,0.0,0.0,0.0,0.0,5.6
530010805150134,Ceilândia,Urbana,0.034801381035718,163.0,25.0,0.0,0.0,0.0,0.0,6.2
530010805150135,Ceilândia,Urbana,0.044518973557394,185.0,55.6,0.0,0.0,0.0,0.0,13.9
530010805150136,Ceilândia,Urbana,0.050427149810165,186.0,66.7,0.0,0.0,0.0,0.0,16.7
530010805150137,Ceilândia,Urbana,0.034194541090422,154.0,50.0,0.0,0.0,0.0,0.0,12.5
530010805150138,Ceilândia,Urbana,0.051663045941899,122.0,87.5,0.0,,0.0,0.0,
530010805150139,Ceilândia,Urbana,0.040431336631793,222.0,40.0,0.0,0.0,0.0,0.0,10.0
530010805150140,Ceilândia,Urbana,0.025167674129096,109.0,66.7,0.0,0.0,0.0,0.0,16.7
530010805150141,Ceilândia,Urbana,0.048995687802127,180.0,50.0,0.0,0.0,0.0,0.0,12.5
530010805150142,Ceilândia,Urbana,0.132461779352063,259.0,72.7,0.0,0.0,0.0,0.0,18.2
530010805150143,Ceilândia,Urbana,0.11397768233601,223.0,33.3,0.0,0.0,0.0,0.0,8.3
530010805150144,Ceilândia,Urbana,0.033234243663817,191.0,50.0,0.0,0.0,0.0,0.0,12.5
530010805150145,Ceilândia,Urbana,0.18401437357815,201.0,44.4,0.0,0.0,0.0,0.0,11.1
530010805150146,Ceilândia,Urbana,0.046765409212347,169.0,40.0,0.0,0.0,0.0,0.0,10.0
530010805150147,Ceilândia,Urbana,0.03298102289663,191.0,50.0,0.0,0.0,0.0,0.0,12.5
530010805150148,Ceilândia,Urbana,0.046062578860478,179.0,60.0,0.0,0.0,0.0,0.0,15.0
530010805150149,Ceilândia,Urbana,0.034435776766471,176.0,50.0,0.0,0.0,0.0,0.0,12.5
530010805150150,Ceilândia,Urbana,0.028139427485395,164.0,50.0,0.0,0.0,0.0,0.0,12.5
530010805150151,Ceilândia,Urbana,0.035019723770599,143.0,25.0,0.0,0.0,0.0,0.0,6.2
530010805150152,Ceilândia,Urbana,0.099865594301195,228.0,72.7,9.1,,0.0,0.0,
530010805150153,Ceilândia,Urbana,0.172829657202093,237.0,69.2,0.0,0.0,0.0,0.0,17.3
530010805150154,Ceilândia,Urbana,0.04488831846372,231.0,75.0,0.0,0.0,0.0,0.0,18.8
530010805150155,Ceilândia,Urbana,0.053695262097506,213.0,50.0,0.0,0.0,0.0,0.0,12.5
530010805150156,Ceilândia,Urbana,0.047631755774718,216.0,75.0,0.0,,,0.0,
530010805150157,Ceilândia,Urbana,0.054099861488765,365.0,66.7,0.0,0.0,0.0,0.0,16.7
530010805150158,Ceilândia,Urbana,0.045005103976041,146.0,88.9,0.0,0.0,0.0,0.0,22.2
530010805150159,Ceilândia,Urbana,0.041691109803678,123.0,50.0,0.0,0.0,0.0,0.0,12.5
530010805150160,Ceilândia,Urbana,0.036004988605261,172.0,40.0,0.0,0.0,0.0,0.0,10.0
530010805150161,Ceilândia,Urbana,0.053688505622075,84.0,60.0,0.0,0.0,0.0,0.0,15.0
530010805150162,Ceilândia,Urbana,0.042539648509306,156.0,60.0,0.0,,0.0,0.0,
530010805150163,Ceilândia,Urbana,0.044187162471338,173.0,83.3,0.0,0.0,0.0,0.0,20.8
530010805150164,Ceilândia,Urbana,0.044047029881974,180.0,25.0,0.0,0.0,0.0,0.0,6.2
530010805150165,Ceilândia,Urbana,0.032214294984535,89.0,83.3,0.0,0.0,0.0,0.0,20.8
530010805150166,Ceilândia,Urbana,0.032438092898932,237.0,42.9,0.0,0.0,0.0,0.0,10.7
530010805150167,Ceilândia,Urbana,0.087214063204085,170.0,57.1,0.0,0.0,0.0,0.0,14.3
530010805150168,Ceilândia,Urbana,0.050447869914746,195.0,66.7,0.0,0.0,,0.0,16.7
530010805150169,Ceilândia,Urbana,0.033203296282734,94.0,0.0,0.0,0.0,0.0,0.0,0.0
530010805150170,Ceilândia,Urbana,0.036532517335902,239.0,0.0,0.0,0.0,0.0,0.0,0.0
530010805150171,Ceilândia,Urbana,0.036462597957892,127.0,83.3,0.0,0.0,0.0,0.0,20.8
530010805150172,Ceilândia,Urbana,0.033301240509994,188.0,66.7,0.0,0.0,0.0,0.0,16.7
530010805150173,Ceilândia,Urbana,0.16114253390969,229.0,77.8,0.0,0.0,0.0,0.0,19.4
530010805150175,Ceilândia,Urbana,0.044756549378441,94.0,30.0,0.0,0.0,0.0,0.0,7.5
530010805150176,Ceilândia,Urbana,0.0417583925196,199.0,0.0,0.0,0.0,0.0,0.0,0.0
530010805150177,Ceilândia,Urbana,0.038977493518521,203.0,0.0,0.0,0.0,0.0,0.0,0.0
530010805150178,Ceilândia,Urbana,0.119683193704891,161.0,50.0,0.0,0.0,0.0,0.0,12.5
530010805150179,Ceilândia,Urbana,0.049309154101053,255.0,37.5,0.0,,,0.0,
530010805150180,Ceilândia,Urbana,0.033095919674415,200.0,75.0,0.0,,,0.0,
530010805150181,Ceilândia,Urbana,0.051076167099612,282.0,62.5,0.0,0.0,0.0,0.0,15.6
530010805150182,Ceilândia,Urbana,0.034457150761852,173.0,66.7,0.0,0.0,0.0,0.0,16.7
530010805150183,Ceilândia,Urbana,0.045377532272643,228.0,60.0,0.0,1.3,1.8,0.0,15.3
530010805150184,Ceilândia,Urbana,0.031804922186148,226.0,75.0,0.0,,0.0,0.0,
530010805150185,Ceilândia,Urbana,0.047870796030603,187.0,77.8,0.0,0.0,0.0,0.0,19.4
530010805150186,Ceilândia,Urbana,0.06259677509414,241.0,75.0,0.0,0.0,0.0,0.0,18.8
530010805150187,Ceilândia,Urbana,0.032802594671176,209.0,40.0,0.0,0.0,0.0,0.0,10.0
530010805150188,Ceilândia,Urbana,0.067997656684363,194.0,64.3,0.0,0.0,0.0,0.0,16.1
530010805150189,Ceilândia,Urbana,0.037991745038554,172.0,16.7,0.0,0.0,0.0,0.0,4.2
530010805150190,Ceilândia,Urbana,0.139969629346987,224.0,46.7,0.0,0.0,0.0,0.0,11.7
530010805150191,Ceilândia,Urbana,0.106468362020337,204.0,0.0,0.0,0.0,0.0,0.0,0.0
530010805150192,Ceilândia,Urbana,0.041491528327213,252.0,0.0,0.0,,0.0,0.0,
530010805150193,Ceilândia,Urbana,0.038832660077085,185.0,25.0,0.0,0.0,0.0,0.0,6.2
530010805150194,Ceilândia,Urbana,0.047270702112551,259.0,50.0,0.0,0.0,0.0,0.0,12.5
530010805150195,Ceilândia,Urbana,0.033056791459371,206.0,66.7,0.0,0.0,0.0,0.0,16.7
530010805150196,Ceilândia,Urbana,0.045896825871464,209.0,40.0,0.0,0.0,0.0,0.0,10.0
530010805150197,Ceilândia,Urbana,0.038131184517154,122.0,75.0,0.0,0.0,0.0,0.0,18.8
530010805150198,Ceilândia,Urbana,0.025114709004764,179.0,33.3,0.0,0.0,0.0,0.0,8.3
530010805150199,Ceilândia,Urbana,0.032996057468097,257.0,50.0,0.0,0.0,0.0,0.0,12.5
530010805150200,Ceilândia,Urbana,0.104706995283881,145.0,50.0,0.0,0.0,0.0,0.0,12.5
530010805150201,Ceilândia,Urbana,0.029987273583773,158.0,33.3,0.0,0.0,0.0,0.0,8.3
530010805150202,Ceilândia,Urbana,0.033283773623299,227.0,50.0,0.0,0.0,0.0,0.0,12.5
530010805150203,Ceilândia,Urbana,0.03600583944553,261.0,75.0,0.0,0.0,0.0,0.0,18.8
530010805150204,Ceilândia,Urbana,0.02808112318987,172.0,40.0,0.0,0.0,0.0,0.0,10.0
530010805150205,Ceilândia,Urbana,0.030683760526458,180.0,0.0,0.0,0.0,0.0,0.0,0.0
530010805150206,Ceilândia,Urbana,0.043258158839055,163.0,50.0,0.0,0.0,0.0,0.0,12.5
530010805150207,Ceilândia,Urbana,0.038485399670839,220.0,62.5,0.0,0.0,0.0,0.0,15.6
530010805150208,Ceilândia,Urbana,0.067127626810144,256.0,36.4,0.0,,0.0,0.0,
530010805150209,Ceilândia,Urbana,0.098301136666119,149.0,73.3,0.0,0.0,0.0,0.0,18.3
530010805150210,Ceilândia,Urbana,0.03324872117944,203.0,50.0,0.0,0.0,0.0,0.0,12.5
530010805150211,Ceilândia,Urbana,0.049503675345925,236.0,88.9,0.0,0.0,0.0,0.0,22.2
530010805150212,Ceilândia,Urbana,0.029975976589048,182.0,66.7,0.0,0.0,0.0,0.0,16.7
530010805150213,Ceilândia,Urbana,0.107908481088076,204.0,66.7,0.0,0.0,0.0,0.0,16.7
530010805150214,Ceilândia,Urbana,0.033336907064563,197.0,75.0,0.0,0.0,0.0,0.0,18.8
530010805150215,Ceilândia,Urbana,0.054217123894571,272.0,77.8,0.0,0.0,,0.0,19.4
530010805150216,Ceilândia,Urbana,0.029812807840468,116.0,33.3,0.0,0.0,0.0,0.0,8.3
530010805150217,Ceilândia,Urbana,0.056756473894823,223.0,66.7,0.0,0.0,0.0,0.0,16.7
530010805150218,Ceilândia,Urbana,0.04825920566629,179.0,80.0,0.0,0.0,0.0,0.0,20.0
530010805150219,Ceilândia,Urbana,0.057252507520926,270.0,60.0,0.0,0.0,0.0,0.0,15.0
530010805150220,Ceilândia,Urbana,0.200213231970701,259.0,12.5,0.0,0.0,0.0,0.0,3.1
530010805150221,Ceilândia,Urbana,0.043098816519627,176.0,14.3,0.0,,0.0,0.0,
530010805150222,Ceilândia,Urbana,0.096826344849062,101.0,71.4,14.3,0.0,0.0,0.0,21.4
530010805150223,Ceilândia,Urbana,0.089457588247798,239.0,42.9,0.0,0.0,0.0,0.0,10.7
530010805150224,Ceilândia,Urbana,0.041456019345207,204.0,50.0,0.0,0.0,0.0,0.0,12.5
530010805150225,Ceilândia,Urbana,0.082087669796899,185.0,22.2,0.0,0.0,0.0,0.0,5.6
530010805150226,Ceilândia,Urbana,0.046792734423767,232.0,40.0,0.0,0.0,0.0,0.0,10.0
530010805150227,Ceilândia,Urbana,0.041273181900806,240.0,70.0,0.0,,2.1,,
530010805150228,Ceilândia,Urbana,0.038269402049069,212.0,33.3,0.0,0.0,0.0,0.0,8.3
530010805150229,Ceilândia,Urbana,0.02958537365064,169.0,33.3,0.0,0.0,1.8,0.0,8.3
530010805150230,Ceilândia,Urbana,0.033327123543882,195.0,50.0,0.0,0.0,0.0,0.0,12.5
530010805150231,Ceilândia,Urbana,0.07317741766501,184.0,75.0,0.0,0.0,0.0,0.0,18.8
530010805150232,Ceilândia,Urbana,0.030427732251504,133.0,66.7,0.0,0.0,0.0,0.0,16.7
530010805150233,Ceilândia,Urbana,0.033129911839255,214.0,50.0,0.0,0.0,0.0,0.0,12.5
530010805150234,Ceilândia,Urbana,0.065014138164164,124.0,50.0,0.0,0.0,0.0,0.0,12.5
530010805150235,Ceilândia,Urbana,0.04992806715786,206.0,28.6,0.0,0.0,0.0,0.0,7.2
530010805150236,Ceilândia,Urbana,0.055667069710049,216.0,77.8,0.0,0.0,0.0,0.0,19.4
530010805150237,Ceilândia,Urbana,0.02751370765911,166.0,16.7,0.0,0.0,0.0,0.0,4.2
530010805150238,Ceilândia,Urbana,0.030527747599031,154.0,40.0,0.0,0.0,0.0,0.0,10.0
530010805150239,Ceilândia,Urbana,0.035394593418166,194.0,33.3,0.0,0.0,0.0,0.0,8.3
530010805150240,Ceilândia,Urbana,0.037985193617276,145.0,7.7,0.0,0.0,0.0,0.0,1.9
530010805150241,Ceilândia,Urbana,0.034243657839526,178.0,0.0,0.0,0.0,0.0,0.0,0.0
530010805150242,Ceilândia,Urbana,0.028034334028694,163.0,0.0,0.0,0.0,0.0,0.0,0.0
530010805150243,Ceilândia,Urbana,0.041436137018839,166.0,33.3,0.0,0.0,0.0,0.0,8.3
530010805150244,Ceilândia,Urbana,0.030483442437382,150.0,0.0,0.0,0.0,0.0,0.0,0.0
530010805150245,Ceilândia,Urbana,0.03914048114304,211.0,20.0,0.0,0.0,0.0,0.0,5.0
530010805150246,Ceilândia,Urbana,0.033423755090188,199.0,12.5,0.0,0.0,0.0,0.0,3.1
530010805150247,Ceilândia,Urbana,0.048533271789227,184.0,8.3,8.3,,0.0,0.0,
530010805150248,Ceilândia,Urbana,0.050897238814363,158.0,45.5,0.0,0.0,0.0,0.0,11.4
530010805150249,Ceilândia,Urbana,0.080245465890403,111.0,60.0,0.0,0.0,0.0,0.0,15.0
530010805150250,Ceilândia,Urbana,0.043507694282746,192.0,40.0,0.0,0.0,0.0,0.0,10.0
530010805150251,Ceilândia,Urbana,0.027469365746838,108.0,66.7,0.0,0.0,0.0,0.0,16.7
530010805150252,Ceilândia,Urbana,0.077752344940651,198.0,77.8,0.0,0.0,4.5,0.0,19.4
530010805150253,Ceilândia,Urbana,0.047078013717241,248.0,66.7,0.0,0.0,0.0,0.0,16.7
530010805150254,Ceilândia,Urbana,0.033054003298994,206.0,50.0,0.0,0.0,,0.0,12.5
530010805150255,Ceilândia,Urbana,0.045813789779876,190.0,37.5,0.0,0.0,0.0,0.0,9.4
530010805150256,Ceilândia,Urbana,0.057646659637376,195.0,66.7,8.3,0.0,0.0,0.0,18.8
530010805150257,Ceilândia,Urbana,0.048678324575098,201.0,80.0,0.0,0.0,0.0,0.0,20.0
530010805150258,Ceilândia,Urbana,0.026849839941808,111.0,71.4,0.0,0.0,0.0,0.0,17.8
530010805150259,Ceilândia,Urbana,0.09140749913629,195.0,60.0,0.0,0.0,0.0,0.0,15.0
530010805150260,Ceilândia,Urbana,0.056835061460039,194.0,25.0,0.0,0.0,0.0,0.0,6.2
530010805150261,Ceilândia,Urbana,0.103556110145857,242.0,52.6,0.0,0.0,0.0,0.0,13.2
530010805150262,Ceilândia,Urbana,0.056599177912605,229.0,61.5,0.0,0.0,0.0,0.0,15.4
530010805150263,Ceilândia,Urbana,0.049058708702438,153.0,55.6,0.0,0.0,0.0,0.0,13.9
530010805150264,Ceilândia,Urbana,0.084913754944469,259.0,53.3,0.0,0.0,0.0,0.0,13.3
530010805150265,Ceilândia,Urbana,0.044295545555752,269.0,60.0,0.0,0.0,0.0,0.0,15.0
530010805150266,Ceilândia,Urbana,0.041592832289901,239.0,75.0,0.0,0.0,0.0,0.0,18.8
530010805150267,Ceilândia,Urbana,0.038195528450027,181.0,50.0,0.0,0.0,0.0,0.0,12.5
530010805150268,Ceilândia,Urbana,0.029817722096072,159.0,66.7,0.0,0.0,0.0,0.0,16.7
530010805150269,Ceilândia,Urbana,0.033266068093124,241.0,50.0,0.0,0.0,0.0,0.0,12.5
530010805150270,Ceilândia,Urbana,0.036513435524422,243.0,100.0,0.0,0.0,0.0,0.0,25.0
530010805150271,Ceilândia,Urbana,0.024684528581063,156.0,33.3,0.0,0.0,0.0,0.0,8.3
530010805150272,Ceilândia,Urbana,0.032783046706376,218.0,75.0,0.0,0.0,0.0,0.0,18.8
530010805150273,Ceilândia,Urbana,0.066256789924662,137.0,100.0,0.0,0.0,0.0,0.0,25.0
530010805150274,Ceilândia,Urbana,0.048567220292115,174.0,71.4,0.0,0.0,0.0,0.0,17.8
530010805150275,Ceilândia,Urbana,0.055561411187224,206.0,88.9,0.0,0.0,0.0,0.0,22.2
530010805150276,Ceilândia,Urbana,0.030356188464824,159.0,60.0,0.0,0.0,0.0,0.0,15.0
530010805150277,Ceilândia,Urbana,0.030379270274324,168.0,0.0,0.0,0.0,0.0,0.0,0.0
530010805150278,Ceilândia,Urbana,0.027302352021908,153.0,0.0,0.0,0.0,0.0,0.0,0.0
530010805150279,Ceilândia,Urbana,0.026656134717991,170.0,20.0,0.0,0.0,0.0,0.0,5.0
530010805150280,Ceilândia,Urbana,0.037214356459951,150.0,40.0,0.0,0.0,0.0,0.0,10.0
530010805150281,Ceilândia,Urbana,0.04495033185941,154.0,12.5,0.0,0.0,0.0,0.0,3.1
530010805150282,Ceilândia,Urbana,0.043472347102148,237.0,20.0,0.0,0.0,0.0,0.0,5.0
530010805150283,Ceilândia,Urbana,0.033453503824941,173.0,0.0,0.0,0.0,0.0,0.0,0.0
530010805150284,Ceilândia,Urbana,0.037319999088655,150.0,0.0,0.0,0.0,0.0,0.0,0.0
530010805150285,Ceilândia,Urbana,0.040940499588995,203.0,100.0,0.0,0.0,0.0,0.0,25.0
530010805150286,Ceilândia,Urbana,0.050806058310546,183.0,88.9,0.0,0.0,0.0,0.0,22.2
530010805150287,Ceilândia,Urbana,0.063520230236848,160.0,57.1,0.0,0.0,0.0,0.0,14.3
530010805150288,Ceilândia,Urbana,0.056642542479971,206.0,50.0,0.0,0.0,0.0,0.0,12.5
530010805150289,Ceilândia,Urbana,0.03195258590517,160.0,33.3,0.0,0.0,0.0,0.0,8.3
530010805150290,Ceilândia,Urbana,0.059723638849439,178.0,75.0,0.0,0.0,0.0,0.0,18.8
530010805150291,Ceilândia,Urbana,0.048419457708053,135.0,75.0,0.0,0.0,0.0,0.0,18.8
530010805150292,Ceilândia,Urbana,0.056975870017499,166.0,44.4,0.0,0.0,0.0,0.0,11.1
530010805150293,Ceilândia,Urbana,0.04786413816815,153.0,60.0,0.0,0.0,0.0,0.0,15.0
530010805150294,Ceilândia,Urbana,0.77124933363773,194.0,18.2,0.0,0.0,0.0,0.0,4.6
530010805150295,Ceilândia,Urbana,0.041653314606836,163.0,75.0,0.0,0.0,0.0,0.0,18.8
530010805150296,Ceilândia,Urbana,0.058242304647904,154.0,66.7,0.0,0.0,0.0,0.0,16.7
530010805150297,Ceilândia,Urbana,0.057328984518766,147.0,63.6,0.0,0.0,0.0,0.0,15.9
530010805150298,Ceilândia,Urbana,0.097906573477652,247.0,86.7,0.0,0.0,0.0,0.0,21.7
530010805150299,Ceilândia,Urbana,0.080547165648961,239.0,83.3,8.3,,0.0,0.0,
530010805150300,Ceilândia,Urbana,0.070311490143746,137.0,20.0,0.0,0.0,0.0,0.0,5.0
530010805150301,Ceilândia,Urbana,0.047294537212849,152.0,50.0,0.0,0.0,0.0,0.0,12.5
530010805150302,Ceilândia,Urbana,0.143029923606384,187.0,69.2,7.7,0.0,0.0,0.0,19.2
530010805150303,Ceilândia,Urbana,0.042637658591399,152.0,100.0,0.0,0.0,0.0,0.0,25.0
530010805150304,Ceilândia,Urbana,0.040988085195908,165.0,50.0,16.7,0.0,0.0,0.0,16.7
530010805150305,Ceilândia,Urbana,0.030676980540074,170.0,77.8,0.0,0.0,0.0,0.0,19.4
530010805150306,Ceilândia,Urbana,0.056250618023391,263.0,53.8,0.0,0.0,0.0,0.0,13.4
530010805150307,Ceilândia,Urbana,0.023372157595107,150.0,42.9,0.0,0.0,0.0,0.0,10.7
530010805150308,Ceilândia,Urbana,0.059457062350269,276.0,35.3,0.0,0.0,0.0,0.0,8.8
530010805150309,Ceilândia,Urbana,0.044246228805345,154.0,20.0,0.0,0.0,0.0,0.0,5.0
530010805150310,Ceilândia,Urbana,0.038328739581063,204.0,20.0,0.0,0.0,0.0,0.0,5.0
530010805150311,Ceilândia,Urbana,0.038464677454129,174.0,40.0,0.0,0.0,0.0,0.0,10.0
530010805150312,Ceilândia,Urbana,0.054415137329271,231.0,50.0,0.0,0.0,0.0,0.0,12.5
530010805150313,Ceilândia,Urbana,0.056515175326236,195.0,100.0,0.0,0.0,0.0,0.0,25.0
530010805150314,Ceilândia,Urbana,0.060278576137321,155.0,100.0,0.0,0.0,0.0,0.0,25.0
530010805150315,Ceilândia,Urbana,0.03805131058312,174.0,37.5,0.0,0.0,0.0,0.0,9.4
530010805150316,Ceilândia,Urbana,0.044820882382725,233.0,16.7,0.0,0.0,0.0,0.0,4.2
530010805150317,Ceilândia,Urbana,0.034188730446403,120.0,75.0,0.0,0.0,0.0,0.0,18.8
530010805150318,Ceilândia,Urbana,0.042526945186706,189.0,62.5,0.0,0.0,0.0,0.0,15.6
530010805150319,Ceilândia,Urbana,0.066273142364277,250.0,37.5,0.0,0.0,0.0,0.0,9.4
530010805150320,Ceilândia,Urbana,0.026096006436633,156.0,60.0,0.0,0.0,0.0,0.0,15.0
530010805150321,Ceilândia,Urbana,0.033334390203202,223.0,28.6,0.0,0.0,0.0,0.0,7.2
530010805150322,Ceilândia,Urbana,0.067203245279099,200.0,66.7,0.0,0.0,0.0,0.0,16.7
530010805150323,Ceilândia,Urbana,0.068041704746959,253.0,92.9,0.0,0.0,0.0,0.0,23.2
530010805150324,Ceilândia,Urbana,0.075334262553176,235.0,83.3,0.0,0.0,0.0,0.0,20.8
530010805150325,Ceilândia,Urbana,0.184275593364516,246.0,36.8,10.5,0.0,0.0,0.0,11.8
530010805150326,Ceilândia,Urbana,0.042066808927478,196.0,0.0,0.0,0.0,0.0,0.0,0.0
530010805150327,Ceilândia,Urbana,0.041331922645936,172.0,0.0,0.0,0.0,0.0,0.0,0.0
530010805150328,Ceilândia,Urbana,0.040645870856103,164.0,0.0,0.0,0.0,0.0,0.0,0.0
530010805150329,Ceilândia,Urbana,0.042072027025492,192.0,0.0,0.0,0.0,0.0,0.0,0.0
530010805150330,Ceilândia,Urbana,0.040780724222203,177.0,0.0,0.0,0.0,0.0,0.0,0.0
530010805150331,Ceilândia,Urbana,0.047648664318733,219.0,0.0,0.0,0.0,0.0,0.0,0.0
530010805150332,Ceilândia,Urbana,0.05504083959507,211.0,16.7,0.0,0.0,0.0,0.0,4.2
530010805150333,Ceilândia,Urbana,0.045659427637904,167.0,11.1,0.0,,0.0,0.0,
530010805150334,Ceilândia,Urbana,0.05482234030633,224.0,0.0,0.0,0.0,0.0,0.0,0.0
530010805150335,Ceilândia,Urbana,0.051237184273038,214.0,33.3,0.0,,0.0,,
530010805150336,Ceilândia,Urbana,0.053440550281428,215.0,0.0,0.0,0.0,0.0,0.0,0.0
530010805150337,Ceilândia,Urbana,0.037440973925036,107.0,37.5,0.0,0.0,0.0,0.0,9.4
530010805150338,Ceilândia,Urbana,0.051277413410521,154.0,33.3,0.0,0.0,0.0,0.0,8.3
530010805150339,Ceilândia,Urbana,0.059025889382283,191.0,28.6,0.0,0.0,0.0,0.0,7.2
530010805150340,Ceilândia,Urbana,0.052252685012451,188.0,75.0,0.0,0.0,0.0,0.0,18.8
530010805150341,Ceilândia,Urbana,0.04319562339311,235.0,85.7,0.0,0.0,,0.0,21.4
530010805150342,Ceilândia,Urbana,0.049798119033377,165.0,44.4,0.0,0.0,0.0,0.0,11.1
530010805150343,Ceilândia,Urbana,0.028490627563024,175.0,33.3,0.0,0.0,0.0,0.0,8.3
530010805150344,Ceilândia,Urbana,0.026666311734638,172.0,50.0,0.0,0.0,0.0,0.0,12.5
530010805150345,Ceilândia,Urbana,0.027805258781628,190.0,50.0,0.0,0.0,0.0,0.0,12.5
530010805150346,Ceilândia,Urbana,0.040941395403179,234.0,40.0,0.0,0.0,0.0,0.0,10.0
530010805150347,Ceilândia,Urbana,0.050068582098209,271.0,88.2,0.0,0.0,0.0,0.0,22.0
530010805150348,Ceilândia,Urbana,0.024384933594983,129.0,100.0,0.0,0.0,0.0,0.0,25.0
530010805150349,Ceilândia,Urbana,0.029130795491543,164.0,71.4,0.0,0.0,0.0,0.0,17.8
530010805150350,Ceilândia,Urbana,0.042235082980978,236.0,80.0,0.0,0.0,0.0,0.0,20.0
530010805150351,Ceilândia,Urbana,0.043811003398047,256.0,66.7,0.0,0.0,0.0,0.0,16.7
530010805150352,Ceilândia,Urbana,0.041817779072455,155.0,33.3,0.0,0.0,0.0,0.0,8.3
530010805150353,Ceilândia,Urbana,0.038628540925349,174.0,50.0,0.0,0.0,0.0,0.0,12.5
530010805150354,Ceilândia,Urbana,0.070640592078392,344.0,0.0,0.0,0.0,0.0,0.0,0.0
530010805150355,Ceilândia,Urbana,0.04173422308161,195.0,66.7,0.0,0.0,0.0,0.0,16.7
530010805150356,Ceilândia,Urbana,0.04127148048786,189.0,40.0,0.0,0.0,0.0,0.0,10.0
530010805150357,Ceilândia,Urbana,0.040499060039399,147.0,42.9,0.0,0.0,0.0,0.0,10.7
530010805150358,Ceilândia,Urbana,0.042014938000108,224.0,33.3,0.0,0.0,0.0,0.0,8.3
530010805150359,Ceilândia,Urbana,0.040982643388629,210.0,20.0,0.0,0.0,0.0,0.0,5.0
530010805150360,Ceilândia,Urbana,0.040336197242885,173.0,40.0,0.0,0.0,0.0,0.0,10.0
530010805150361,Ceilândia,Urbana,0.041652323723184,212.0,0.0,0.0,0.0,0.0,0.0,0.0
530010805150362,Ceilândia,Urbana,0.048458730209734,123.0,0.0,0.0,0.0,0.0,0.0,0.0
530010805150363,Ceilândia,Urbana,0.111587626578663,224.0,11.1,0.0,0.0,0.0,0.0,2.8
530010805150364,Ceilândia,Urbana,0.040662578095605,202.0,80.0,0.0,0.0,0.0,0.0,20.0
530010805150365,Ceilândia,Urbana,0.041848152928387,217.0,50.0,0.0,0.0,0.0,0.0,12.5
530010805150366,Ceilândia,Urbana,0.040354914014828,190.0,20.0,0.0,0.0,0.0,0.0,5.0
530010805150367,Ceilândia,Urbana,0.049487172074372,226.0,44.4,0.0,0.0,0.0,0.0,11.1
530010805150368,Ceilândia,Urbana,0.060854792170769,220.0,57.1,0.0,0.0,0.0,0.0,14.3
530010805150369,Ceilândia,Urbana,0.052435752487815,193.0,33.3,0.0,0.0,0.0,0.0,8.3
530010805150370,Ceilândia,Urbana,0.0969930778666,207.0,82.4,0.0,0.0,,0.0,20.6
530010805150371,Ceilândia,Urbana,0.035285161673013,204.0,85.7,0.0,0.0,0.0,0.0,21.4
530010805150372,Ceilândia,Urbana,0.030445599015431,151.0,90.9,0.0,0.0,0.0,0.0,22.7
530010805150373,Ceilândia,Urbana,0.065526001394249,265.0,60.0,0.0,0.0,0.0,0.0,15.0
530010805150374,Ceilândia,Urbana,0.038991814726998,167.0,90.9,0.0,0.0,,0.0,22.7
530010805150375,Ceilândia,Urbana,0.037921835617378,188.0,66.7,0.0,0.0,0.0,0.0,16.7
530010805150376,Ceilândia,Urbana,0.085566543363347,184.0,81.8,0.0,0.0,0.0,0.0,20.4
530010805150377,Ceilândia,Urbana,0.022827818442178,129.0,100.0,0.0,0.0,0.0,0.0,25.0
530010805150378,Ceilândia,Urbana,0.035762932036372,186.0,64.3,0.0,0.0,0.0,0.0,16.1
530010805150379,Ceilândia,Urbana,0.15965482968241,193.0,88.9,0.0,0.0,0.0,0.0,22.2
530010805150380,Ceilândia,Urbana,0.147733248703059,171.0,25.0,0.0,0.0,0.0,0.0,6.2
530010805150381,Ceilândia,Urbana,0.048661946503002,187.0,20.0,0.0,0.0,0.0,0.0,5.0
530010805150382,Ceilândia,Urbana,0.046125345390254,171.0,0.0,0.0,0.0,0.0,0.0,0.0
530010805150383,Ceilândia,Urbana,0.07634999501048,221.0,50.0,0.0,0.0,0.0,0.0,12.5
530010805150384,Ceilândia,Urbana,0.110820601163648,198.0,41.7,0.0,0.0,0.0,0.0,10.4
530010805150385,Ceilândia,Urbana,1.703930853872458,159.0,82.8,0.0,,26.4,,
530010805150386,Ceilândia,Urbana,0.025785166758584,178.0,50.0,0.0,0.0,0.0,0.0,12.5
530010805150387,Ceilândia,Rural,1.91803318552797,28.0,,,,89.3,,
530010805150388,Ceilândia,Urbana,0.039246435788074,166.0,100.0,0.0,0.0,0.0,0.0,25.0
530010805150389,Ceilândia,Urbana,0.079316913028884,170.0,57.1,0.0,0.0,0.0,0.0,14.3
530010805150390,Ceilândia,Urbana,0.044425697993114,138.0,66.7,11.1,,0.0,0.0,
530010805150391,Ceilândia,Urbana,0.034557262109461,180.0,57.1,0.0,0.0,,0.0,14.3
530010805150392,Ceilândia,Urbana,0.089741132754122,210.0,18.2,0.0,0.0,0.0,0.0,4.6
530010805150393,Ceilândia,Urbana,0.041608630278642,198.0,33.3,0.0,0.0,0.0,0.0,8.3
530010805150394,Ceilândia,Urbana,0.059305939719939,129.0,54.5,0.0,0.0,0.0,0.0,13.6
530010805150395,Ceilândia,Urbana,0.025969495673796,121.0,60.0,0.0,0.0,0.0,0.0,15.0
530010805150396,Ceilândia,Urbana,0.065674787028037,153.0,44.4,0.0,0.0,0.0,0.0,11.1
530010805150397,Ceilândia,Urbana,0.020285912084607,134.0,33.3,0.0,0.0,0.0,0.0,8.3
530010805150398,Ceilândia,Urbana,0.03153516735783,141.0,0.0,0.0,0.0,0.0,0.0,0.0
530010805150399,Ceilândia,Urbana,0.035753107104957,164.0,25.0,0.0,0.0,0.0,0.0,6.2
530010805150400,Ceilândia,Urbana,0.030911844395499,143.0,50.0,0.0,0.0,0.0,0.0,12.5
530010805150401,Ceilândia,Urbana,0.048559205616753,162.0,76.9,0.0,0.0,0.0,0.0,19.2
530010805150402,Ceilândia,Urbana,0.053981541734173,170.0,61.5,7.7,0.0,0.0,0.0,17.3
530010805150403,Ceilândia,Urbana,0.088490361971762,189.0,55.6,0.0,0.0,0.0,0.0,13.9
530010805150404,Ceilândia,Urbana,0.034506285711152,158.0,40.0,0.0,0.0,0.0,0.0,10.0
530010805150405,Ceilândia,Urbana,0.032319010416587,193.0,0.0,0.0,0.0,0.0,0.0,0.0
530010805150406,Ceilândia,Urbana,0.028209908651201,163.0,50.0,0.0,0.0,0.0,0.0,12.5
530010805150407,Ceilândia,Urbana,0.051363609071537,173.0,30.8,0.0,0.0,0.0,0.0,7.7
530010805150408,Ceilândia,Urbana,0.042060337317556,173.0,53.3,0.0,0.0,0.0,0.0,13.3
530010805150409,Ceilândia,Urbana,0.034086570916402,125.0,40.0,0.0,0.0,0.0,0.0,10.0
530010805150410,Ceilândia,Urbana,0.051425302859673,199.0,66.7,0.0,0.0,0.0,0.0,16.7
530010805150411,Ceilândia,Urbana,0.050992808635441,141.0,77.8,0.0,0.0,0.0,0.0,19.4
530010805150412,Ceilândia,Urbana,0.167139321165561,126.0,40.0,0.0,0.0,0.0,0.0,10.0
530010805150413,Ceilândia,Urbana,0.070009419698583,294.0,66.7,0.0,0.0,0.0,0.0,16.7
530010805150414,Ceilândia,Urbana,0.051389435308598,157.0,42.9,0.0,0.0,0.0,0.0,10.7
530010805150415,Ceilândia,Urbana,0.072731201391468,144.0,50.0,0.0,0.0,0.0,0.0,12.5
530010805150416,Ceilândia,Urbana,0.17471575500375,183.0,37.5,0.0,0.0,0.0,0.0,9.4
530010805150417,Ceilândia,Urbana,0.046563806042281,107.0,75.0,0.0,0.0,0.0,0.0,18.8
530010805150418,Ceilândia,Urbana,0.027927166748845,154.0,50.0,0.0,,0.0,0.0,
530010805150419,Ceilândia,Urbana,0.172129071537883,364.0,11.1,0.0,,0.0,0.0,
530010805150420,Ceilândia,Urbana,0.028274946209249,162.0,50.0,0.0,0.0,0.0,0.0,12.5
530010805150421,Ceilândia,Urbana,0.098158005053752,162.0,43.8,0.0,0.0,,1.9,11.4
530010805150422,Ceilândia,Urbana,0.048594321161004,91.0,91.7,0.0,0.0,0.0,0.0,22.9
530010805150423,Ceilândia,Urbana,0.036370392346868,149.0,57.1,0.0,0.0,0.0,0.0,14.3
530010805150424,Ceilândia,Urbana,0.057020193608564,88.0,63.6,0.0,0.0,0.0,0.0,15.9
530010805150425,Ceilândia,Urbana,0.064357562117413,,46.7,0.0,,,,
530010805150426,Ceilândia,Urbana,0.16892870651827,104.0,40.0,0.0,0.0,0.0,0.0,10.0
530010805150427,Ceilândia,Urbana,0.137410346228956,140.0,0.0,0.0,0.0,0.0,0.0,0.0
530010805150428,Ceilândia,Urbana,0.041947071591566,178.0,28.6,0.0,0.0,0.0,0.0,7.2
530010805150429,Ceilândia,Urbana,0.103467138235871,47.0,60.0,0.0,0.0,0.0,0.0,15.0
530010805150430,Ceilândia,Urbana,0.051695060232817,335.0,71.4,0.0,0.0,0.0,0.0,17.8
530010805150431,Ceilândia,Urbana,0.036476146838606,158.0,0.0,0.0,0.0,0.0,0.0,0.0
530010805150432,Ceilândia,Urbana,0.093601674236163,156.0,80.0,0.0,0.0,0.0,0.0,20.0
530010805150433,Ceilândia,Urbana,0.042118714611231,228.0,87.5,0.0,0.0,0.0,0.0,21.9
530010805150435,Ceilândia,Urbana,0.033342557133313,164.0,50.0,0.0,0.0,0.0,0.0,12.5
530010805150436,Ceilândia,Urbana,0.045023102224775,180.0,0.0,0.0,0.0,0.0,0.0,0.0
530010805150437,Ceilândia,Urbana,0.027804701022669,164.0,0.0,0.0,0.0,0.0,0.0,0.0
530010805150438,Ceilândia,Urbana,0.030655240639628,136.0,20.0,0.0,0.0,0.0,0.0,5.0
530010805150439,Ceilândia,Urbana,0.029561928197342,152.0,0.0,0.0,0.0,0.0,0.0,0.0
530010805150440,Ceilândia,Urbana,0.033349058273366,202.0,0.0,0.0,0.0,,0.0,0.0
530010805150441,Ceilândia,Urbana,0.033386824631295,182.0,75.0,0.0,0.0,0.0,0.0,18.8
530010805150442,Ceilândia,Urbana,0.052653341795592,356.0,25.0,0.0,0.0,0.0,0.0,6.2
530010805150443,Ceilândia,Urbana,0.029767655354808,139.0,100.0,0.0,0.0,0.0,0.0,25.0
530010805150444,Ceilândia,Urbana,0.029566916928011,185.0,66.7,0.0,0.0,0.0,0.0,16.7
530010805150445,Ceilândia,Urbana,0.029169912377389,129.0,50.0,0.0,0.0,,0.0,12.5
530010805150446,Ceilândia,Urbana,0.033389682887185,231.0,50.0,0.0,,4.3,0.0,
530010805150447,Ceilândia,Urbana,0.051591207885287,142.0,75.0,0.0,0.0,0.0,0.0,18.8
530010805150448,Ceilândia,Urbana,0.027714372426754,153.0,83.3,0.0,0.0,0.0,0.0,20.8
530010805150449,Ceilândia,Urbana,0.04485361926064,162.0,0.0,0.0,0.0,0.0,0.0,0.0
530010805150450,Ceilândia,Urbana,0.02779360369509,156.0,0.0,0.0,0.0,0.0,0.0,0.0
530010805150451,Ceilândia,Urbana,0.057309811825265,178.0,38.5,0.0,0.0,0.0,0.0,9.6
530010805150452,Ceilândia,Urbana,0.056749504343167,154.0,25.0,0.0,0.0,0.0,0.0,6.2
530010805150453,Ceilândia,Urbana,0.039960983221824,140.0,37.5,0.0,0.0,0.0,0.0,9.4
530010805150454,Ceilândia,Urbana,0.111846440111117,142.0,100.0,0.0,0.0,0.0,0.0,25.0
530010805150460,Ceilândia,Urbana,0.129613119038258,166.0,90.0,0.0,0.0,0.0,0.0,22.5
530010805150462,Ceilândia,Urbana,0.032777246460794,111.0,57.1,0.0,0.0,0.0,0.0,14.3
530010805150463,Ceilândia,Urbana,0.051021576518873,180.0,58.3,0.0,0.0,0.0,0.0,14.6
530010805150464,Ceilândia,Urbana,0.053346278030136,201.0,75.0,0.0,0.0,0.0,0.0,18.8
530010805150465,Ceilândia,Urbana,0.069919840095346,223.0,37.5,0.0,0.0,0.0,0.0,9.4
530010805150466,Ceilândia,Urbana,0.039513658661317,171.0,25.0,0.0,,0.0,0.0,
530010805150467,Ceilândia,Rural,7.072760936757915,225.0,,,,94.7,,
530010805150469,Ceilândia,Urbana,0.498877969229202,117.0,,,,98.3,,
530010805150470,Ceilândia,Urbana,0.336073149518781,157.0,,,,86.0,,
530010805150471,Ceilândia,Urbana,0.042799512397112,238.0,0.0,0.0,0.0,0.0,0.0,0.0
530010805150472,Ceilândia,Urbana,0.051677055607097,205.0,14.3,0.0,0.0,0.0,0.0,3.6
530010805150474,Ceilândia,Urbana,0.041074380857305,244.0,50.0,0.0,,0.0,0.0,
530010805150475,Ceilândia,Urbana,0.04270932340959,191.0,0.0,0.0,0.0,0.0,0.0,0.0
530010805150476,Ceilândia,Urbana,0.042996491308704,245.0,50.0,0.0,0.0,0.0,0.0,12.5
530010805150477,Ceilândia,Urbana,0.044519990236069,236.0,16.7,0.0,0.0,0.0,0.0,4.2
530010805150478,Ceilândia,Urbana,0.068983835487588,252.0,0.0,0.0,,0.0,0.0,
530010805150479,Ceilândia,Urbana,0.049673983972811,243.0,0.0,0.0,0.0,0.0,0.0,0.0
530010805150480,Ceilândia,Urbana,0.051370544936676,234.0,0.0,0.0,0.0,0.0,0.0,0.0
530010805150481,Ceilândia,Urbana,0.051030453221079,191.0,0.0,0.0,0.0,0.0,0.0,0.0
530010805150482,Ceilândia,Urbana,0.034910828662079,147.0,0.0,0.0,0.0,0.0,0.0,0.0
530010805150484,Ceilândia,Urbana,0.021566941513932,125.0,50.0,0.0,0.0,0.0,0.0,12.5
530010805150485,Ceilândia,Urbana,0.025465484413622,135.0,75.0,0.0,0.0,0.0,0.0,18.8
530010805150486,Ceilândia,Urbana,0.028270649070906,164.0,50.0,0.0,0.0,0.0,0.0,12.5
530010805150487,Ceilândia,Urbana,0.028154169661268,143.0,85.7,0.0,0.0,0.0,0.0,21.4
530010805150488,Ceilândia,Urbana,0.034517714261601,150.0,50.0,0.0,0.0,0.0,0.0,12.5
530010805150489,Ceilândia,Urbana,0.129473134945222,109.0,40.0,0.0,0.0,0.0,0.0,10.0
530010805150490,Ceilândia,Urbana,0.028506562312495,154.0,50.0,0.0,0.0,0.0,0.0,12.5
530010805150491,Ceilândia,Urbana,0.028670323746888,153.0,50.0,0.0,0.0,0.0,0.0,12.5
530010805150492,Ceilândia,Urbana,0.025780116720115,156.0,100.0,0.0,0.0,0.0,0.0,25.0
530010805150493,Ceilândia,Urbana,0.027147763887868,129.0,66.7,0.0,0.0,0.0,0.0,16.7
530010805150494,Ceilândia,Urbana,0.015015198965619,,80.0,0.0,,,,
530010805150495,Ceilândia,Urbana,0.022768866123899,125.0,0.0,0.0,0.0,0.0,0.0,0.0
530010805150496,Ceilândia,Urbana,0.031812822121727,94.0,0.0,0.0,0.0,0.0,0.0,0.0
530010805150497,Ceilândia,Urbana,0.020910073140674,78.0,33.3,0.0,0.0,0.0,0.0,8.3
530010805150498,Ceilândia,Urbana,0.031494907492937,84.0,50.0,0.0,0.0,0.0,0.0,12.5
530010805150499,Ceilândia,Urbana,0.026997480188212,153.0,40.0,0.0,0.0,0.0,0.0,10.0
530010805150500,Ceilândia,Urbana,0.037635893414168,142.0,62.5,0.0,0.0,0.0,0.0,15.6
530010805150501,Ceilândia,Urbana,0.066355588405178,249.0,100.0,0.0,0.0,0.0,0.0,25.0
530010805150502,Ceilândia,Urbana,0.024016377506961,147.0,40.0,0.0,,0.0,0.0,
530010805150503,Ceilândia,Urbana,0.019410905427439,60.0,0.0,0.0,0.0,0.0,0.0,0.0
530010805150504,Ceilândia,Urbana,0.021248010210249,118.0,33.3,0.0,0.0,0.0,0.0,8.3
530010805150505,Ceilândia,Urbana,0.032872074338854,67.0,100.0,0.0,0.0,0.0,0.0,25.0
530010805150506,Ceilândia,Urbana,0.040949114198948,125.0,0.0,0.0,0.0,0.0,0.0,0.0
530010805150507,Ceilândia,Urbana,0.109299130927462,155.0,20.0,0.0,0.0,0.0,0.0,5.0
530010805150508,Ceilândia,Urbana,0.035687262368447,107.0,100.0,0.0,0.0,0.0,0.0,25.0
530010805150509,Ceilândia,Urbana,0.029870527379696,115.0,0.0,0.0,0.0,0.0,0.0,0.0
530010805150512,Ceilândia,Urbana,0.054599884315064,177.0,85.7,0.0,0.0,0.0,0.0,21.4
530010805150513,Ceilândia,Urbana,0.024829478416981,136.0,66.7,0.0,0.0,0.0,0.0,16.7
530010805150520,Ceilândia,Urbana,0.032586361717247,125.0,0.0,0.0,0.0,,0.0,0.0
530010805150535,Ceilândia,Urbana,1.550832118426263,313.0,15.4,0.0,0.0,0.0,0.0,3.8
530010805150537,Ceilândia,Urbana,0.024096431181825,76.0,37.5,0.0,0.0,0.0,0.0,9.4
530010805150553,Ceilândia,Urbana,0.065401534409688,184.0,46.7,0.0,0.0,0.0,0.0,11.7
530010805150554,Ceilândia,Urbana,1.414967444501101,304.0,72.7,0.0,,,0.0,
530010805150606,Ceilândia,Rural,1.47473300923794,,,,,,,
530010805150607,Ceilândia,,3.640541904535406,,,,,,,
530010805150608,Ceilândia,Rural,0.930941703499895,6.0,,,0.0,83.3,0.0,
530010805150609,Ceilândia,Rural,18.930395182087548,123.0,,,0.0,98.4,40.7,
530010805150610,Ceilândia,Urbana,0.034365751131333,293.0,80.0,0.0,0.0,0.0,0.0,20.0
530010805150619,Ceilândia,Urbana,0.060306075105021,284.0,14.3,0.0,0.0,0.0,0.0,3.6
530010805150620,Ceilândia,Urbana,0.013434731964762,312.0,100.0,100.0,0.0,,0.0,50.0
530010805150621,Ceilândia,Urbana,0.009311191942504,289.0,0.0,0.0,,,0.0,
530010805150622,Ceilândia,Urbana,0.032880151103081,300.0,0.0,0.0,0.0,0.0,0.0,0.0
530010805150623,Ceilândia,Urbana,0.012510495348333,226.0,0.0,0.0,0.0,0.0,0.0,0.0
530010805150624,Ceilândia,Urbana,0.014822673350176,317.0,100.0,0.0,0.0,0.0,0.0,25.0
530010805150625,Ceilândia,Urbana,0.014689963209267,317.0,100.0,0.0,0.0,0.0,0.0,25.0
530010805150626,Ceilândia,Urbana,0.020640869434973,299.0,100.0,0.0,0.0,0.0,0.0,25.0
530010805150628,Ceilândia,Urbana,0.045891220626491,194.0,50.0,0.0,0.0,0.0,0.0,12.5
530010805150629,Ceilândia,Urbana,0.042896695533323,187.0,55.6,0.0,0.0,0.0,0.0,13.9
530010805150632,Ceilândia,Urbana,0.100647727936581,306.0,50.0,0.0,0.0,0.0,0.0,12.5
530010805150644,Ceilândia,Urbana,0.634751527135866,124.0,,,,71.0,0.0,
530010805150663,Ceilândia,Urbana,0.040949287019749,265.0,66.7,0.0,,0.0,,
530010805150668,Ceilândia,Rural,1.047272707578295,158.0,,,0.0,98.7,,
530010805150669,Ceilândia,Urbana,0.116729523147226,,100.0,0.0,,,,
530010805150670,Ceilândia,Rural,3.304816252058714,91.0,,,14.3,97.8,17.6,
530010805150671,Ceilândia,Urbana,0.037454052169598,188.0,20.0,0.0,0.0,,0.0,5.0
530010805150674,Ceilândia,Urbana,0.040571576647852,256.0,100.0,16.7,0.0,0.0,0.0,29.2
530010805150675,Ceilândia,Urbana,0.061253528860145,201.0,0.0,0.0,0.0,0.0,0.0,0.0
530010805150677,Ceilândia,Urbana,0.266871257101951,64.0,,,0.0,98.4,0.0,
530010805150679,Ceilândia,Rural,1.243556750000838,270.0,,,5.2,99.6,,
530010805150680,Ceilândia,Rural,5.232058087471931,38.0,,,89.5,100.0,39.5,
530010805150681,Ceilândia,Rural,1.531861591722438,148.0,,,32.4,92.6,3.4,
530010805150682,Ceilândia,Urbana,2.040275912762101,151.0,,,,100.0,11.9,
530010805150683,Ceilândia,Urbana,1.232815261751231,154.0,,,,100.0,9.7,
530010805150684,Ceilândia,Rural,9.386174592491473,133.0,,,,93.2,18.0,
530010805150685,Ceilândia,Rural,0.077185621204998,45.0,,,,100.0,31.1,
530010805150686,Ceilândia,Rural,2.618953549350294,17.0,,,0.0,82.4,47.1,
530010805150687,Ceilândia,Rural,0.670936129287011,52.0,,,19.2,92.3,,
530010805150688,Ceilândia,Urbana,0.040639017070144,245.0,5.9,0.0,,0.0,0.0,
530010805150689,Ceilândia,Urbana,0.102695057498045,271.0,7.7,0.0,3.0,0.0,0.0,2.7
530010805150690,Ceilândia,Urbana,0.056863104456893,286.0,42.9,0.0,0.0,0.0,0.0,10.7
530010805150691,Ceilândia,Urbana,0.0462755929874,560.0,100.0,0.0,0.0,0.0,0.0,25.0
530010805150692,Ceilândia,Urbana,0.036338731635464,165.0,75.0,0.0,0.0,0.0,0.0,18.8
530010805150693,Ceilândia,Rural,11.849816621175346,105.0,,,0.0,98.1,4.8,
530010805150694,Ceilândia,Rural,0.002891302243707,,,,,,,
530010805150695,Ceilândia,Urbana,0.039078316605151,156.0,70.0,0.0,,,0.0,
530010805150696,Ceilândia,Urbana,0.026151821778249,148.0,71.4,0.0,0.0,0.0,0.0,17.8
530010805150697,Ceilândia,Rural,7.037230858015458,50.0,,,0.0,98.0,34.0,
530010805150698,Ceilândia,Rural,0.823016108175481,70.0,,,,97.1,8.6,
530010805150699,Ceilândia,Rural,4.477204073081746,151.0,,,21.2,98.0,11.3,
530010805150700,Ceilândia,Rural,0.576731511633952,56.0,,,,100.0,12.5,
530010805150701,Ceilândia,Rural,16.681491733301975,129.0,,,,100.0,18.6,
530010805150702,Ceilândia,Rural,0.262149323236037,47.0,,,0.0,100.0,,
530010805150703,Ceilândia,Rural,0.17563797177071,,,,,,,
530010805150704,Ceilândia,Rural,46.00305544401703,77.0,,,,96.1,54.5,
530010805150705,Ceilândia,Rural,0.157510553083252,7.0,,,0.0,100.0,,
530010805150706,Ceilândia,Rural,8.640403202185546,52.0,,,0.0,92.3,25.0,
530010805150707,Ceilândia,Rural,0.839159847154488,52.0,,,0.0,100.0,13.5,
530010805160001,Guará,Urbana,0.102176870653833,205.0,0.0,0.0,0.0,0.0,0.0,0.0
530010805160002,Guará,Urbana,0.051498837006288,225.0,0.0,0.0,0.0,0.0,0.0,0.0
530010805160003,Guará,Urbana,0.053265647612087,143.0,0.0,0.0,0.0,0.0,0.0,0.0
530010805160004,Guará,Urbana,0.091068962923674,225.0,23.1,0.0,0.0,0.0,0.0,5.8
530010805160005,Guará,Urbana,0.029461982213556,157.0,88.9,0.0,,0.0,,
530010805160006,Guará,Urbana,0.027988097675593,179.0,100.0,0.0,0.0,0.0,0.0,25.0
530010805160007,Guará,Urbana,0.018116469388611,104.0,40.0,0.0,0.0,0.0,0.0,10.0
530010805160008,Guará,Urbana,0.047284957528323,228.0,50.0,0.0,0.0,0.0,0.0,12.5
530010805160009,Guará,Urbana,0.056292544015598,262.0,7.1,0.0,0.0,0.0,0.0,1.8
530010805160010,Guará,Urbana,0.041392086563448,250.0,8.3,0.0,0.0,0.0,0.0,2.1
530010805160011,Guará,Urbana,0.063987469433781,214.0,12.5,0.0,0.0,0.0,0.0,3.1
530010805160012,Guará,Urbana,0.035798781184971,182.0,25.0,0.0,0.0,0.0,0.0,6.2
530010805160013,Guará,Urbana,0.044497651555101,212.0,46.2,0.0,0.0,0.0,0.0,11.6
530010805160014,Guará,Urbana,0.040828772964347,255.0,83.3,0.0,0.0,0.0,0.0,20.8
530010805160015,Guará,Urbana,0.093464559020536,215.0,41.2,0.0,0.0,0.0,0.0,10.3
530010805160016,Guará,Urbana,0.104351731205491,190.0,50.0,0.0,0.0,0.0,0.0,12.5
530010805160017,Guará,Urbana,0.076566931602311,221.0,40.0,0.0,0.0,0.0,0.0,10.0
530010805160018,Guará,Urbana,0.042477888548722,202.0,54.5,0.0,0.0,0.0,0.0,13.6
530010805160019,Guará,Urbana,0.152795686239722,188.0,69.0,0.0,0.0,0.0,0.0,17.2
530010805160020,Guará,Urbana,0.036224497157512,240.0,40.0,0.0,0.0,0.0,0.0,10.0
530010805160021,Guará,Urbana,0.077196800790779,139.0,50.0,0.0,0.0,0.0,0.0,12.5
530010805160022,Guará,Urbana,0.037065096746166,169.0,66.7,0.0,0.0,0.0,0.0,16.7
530010805160023,Guará,Urbana,0.048586607532951,211.0,54.5,0.0,0.0,0.0,0.0,13.6
530010805160024,Guará,Urbana,0.102486729893237,227.0,42.9,0.0,0.0,0.0,0.0,10.7
530010805160025,Guará,Urbana,0.062014439554369,245.0,42.9,0.0,0.0,0.0,0.0,10.7
530010805160026,Guará,Urbana,0.046621540774922,262.0,16.7,0.0,0.0,0.0,0.0,4.2
530010805160027,Guará,Urbana,0.065018086125713,160.0,22.2,0.0,0.0,0.0,0.0,5.6
530010805160028,Guará,Urbana,0.100917695503014,148.0,21.4,0.0,0.0,0.0,0.0,5.4
530010805160029,Guará,Urbana,0.066358540918103,299.0,27.3,0.0,0.0,0.0,0.0,6.8
530010805160030,Guará,Urbana,0.026552981270553,219.0,43.8,0.0,0.0,0.0,0.0,11.0
530010805160031,Guará,Urbana,0.06100912003078,290.0,38.1,0.0,0.0,0.0,0.0,9.5
530010805160032,Guará,Urbana,0.014531489680087,138.0,22.2,0.0,0.0,0.0,0.0,5.6
530010805160033,Guará,Urbana,0.074485674156742,251.0,47.1,0.0,0.0,0.0,0.0,11.8
530010805160034,Guará,Urbana,0.069509197927653,132.0,100.0,0.0,0.0,0.0,0.0,25.0
530010805160035,Guará,Urbana,0.02686811004216,157.0,37.5,0.0,0.0,0.0,0.0,9.4
530010805160036,Guará,Urbana,0.04800909178966,252.0,46.2,0.0,,0.0,0.0,
530010805160037,Guará,Urbana,0.022527357665008,147.0,100.0,0.0,0.0,0.0,0.0,25.0
530010805160038,Guará,Urbana,0.050567954532054,161.0,25.0,0.0,0.0,0.0,0.0,6.2
530010805160039,Guará,Urbana,0.02679842080232,146.0,100.0,0.0,0.0,0.0,0.0,25.0
530010805160040,Guará,Urbana,0.027464302062852,181.0,60.0,0.0,0.0,0.0,0.0,15.0
530010805160041,Guará,Urbana,0.08884127540988,283.0,60.0,0.0,0.0,0.0,0.0,15.0
530010805160042,Guará,Urbana,0.054280061814505,184.0,68.8,0.0,0.0,0.0,0.0,17.2
530010805160043,Guará,Urbana,0.02520947612196,175.0,62.5,0.0,0.0,0.0,0.0,15.6
530010805160044,Guará,Urbana,0.038473193372974,156.0,8.3,0.0,0.0,0.0,0.0,2.1
530010805160045,Guará,Urbana,0.029162497632565,160.0,80.0,0.0,0.0,0.0,0.0,20.0
530010805160046,Guará,Urbana,0.031679212956088,145.0,57.1,0.0,0.0,0.0,0.0,14.3
530010805160047,Guará,Urbana,0.049551437218231,299.0,69.2,0.0,0.0,0.0,0.0,17.3
530010805160048,Guará,Urbana,0.035906510878559,160.0,60.0,0.0,0.0,0.0,0.0,15.0
530010805160049,Guará,Urbana,0.072883576330968,222.0,57.1,0.0,0.0,0.0,0.0,14.3
530010805160050,Guará,Urbana,0.051209623891942,235.0,84.6,0.0,0.0,0.0,0.0,21.2
530010805160051,Guará,Urbana,0.099052123704881,135.0,47.1,0.0,0.0,0.0,0.0,11.8
530010805160052,Guará,Urbana,0.087459261696848,160.0,60.0,0.0,0.0,0.0,0.0,15.0
530010805160053,Guará,Urbana,0.004621101525602,102.0,100.0,0.0,0.0,0.0,0.0,25.0
530010805160054,Guará,Urbana,0.019410760568905,224.0,100.0,0.0,0.0,0.0,0.0,25.0
530010805160055,Guará,Urbana,0.024919709503129,223.0,100.0,0.0,0.0,0.0,0.0,25.0
530010805160056,Guará,Urbana,0.03155394233625,176.0,22.2,0.0,0.0,0.0,0.0,5.6
530010805160057,Guará,Urbana,0.084049625740733,148.0,33.3,0.0,0.0,0.0,0.0,8.3
530010805160058,Guará,Urbana,0.134378122238802,201.0,53.8,0.0,0.0,0.0,0.0,13.4
530010805160059,Guará,Urbana,0.582274832465564,214.0,48.6,0.0,0.0,0.0,0.0,12.2
530010805160060,Guará,Urbana,0.046428265311717,162.0,41.7,0.0,0.0,0.0,0.0,10.4
530010805160061,Guará,Urbana,0.006974186734915,139.0,100.0,0.0,0.0,0.0,0.0,25.0
530010805160062,Guará,Urbana,0.113385386950819,225.0,81.8,0.0,0.0,0.0,0.0,20.4
530010805160063,Guará,Urbana,0.086801217688914,218.0,42.9,0.0,0.0,0.0,0.0,10.7
530010805160064,Guará,Urbana,0.047108745990204,160.0,35.7,0.0,0.0,0.0,0.0,8.9
530010805160065,Guará,Urbana,0.069924102745942,241.0,76.2,0.0,0.0,0.0,0.0,19.0
530010805160066,Guará,Urbana,0.094792238204388,238.0,55.6,0.0,,0.0,0.0,
530010805160067,Guará,Urbana,0.07960251176176,189.0,42.9,0.0,0.0,0.0,0.0,10.7
530010805160068,Guará,Urbana,0.063435851458503,167.0,35.3,0.0,0.0,0.0,0.0,8.8
530010805160069,Guará,Urbana,0.051968726697485,201.0,70.0,0.0,0.0,0.0,0.0,17.5
530010805160070,Guará,Urbana,0.007386498939706,150.0,100.0,0.0,0.0,0.0,0.0,25.0
530010805160071,Guará,Urbana,0.016692679853203,274.0,100.0,0.0,0.0,0.0,0.0,25.0
530010805160072,Guará,Urbana,0.013549655554468,167.0,100.0,0.0,0.0,0.0,0.0,25.0
530010805160073,Guará,Urbana,0.011448622983319,223.0,60.0,0.0,0.0,0.0,0.0,15.0
530010805160074,Guará,Urbana,0.074651062164803,181.0,52.9,0.0,0.0,0.0,0.0,13.2
530010805160075,Guará,Urbana,0.066624509035411,184.0,68.8,0.0,,0.0,,
530010805160076,Guará,Urbana,0.056651108529216,215.0,36.8,0.0,0.0,0.0,0.0,9.2
530010805160077,Guará,Urbana,0.052257139979565,234.0,50.0,0.0,0.0,0.0,0.0,12.5
530010805160078,Guará,Urbana,0.051589113140668,280.0,60.0,0.0,,0.0,0.0,
530010805160079,Guará,Urbana,0.069769127450833,167.0,52.9,0.0,0.0,0.0,0.0,13.2
530010805160080,Guará,Urbana,0.046466661844631,157.0,40.0,0.0,0.0,0.0,0.0,10.0
530010805160081,Guará,Urbana,0.197243974117423,232.0,61.5,0.0,0.0,0.0,0.0,15.4
530010805160083,Guará,Urbana,0.072561536327665,166.0,60.0,0.0,0.0,0.0,0.0,15.0
530010805160084,Guará,Urbana,0.080004301295402,212.0,41.2,0.0,0.0,0.0,0.0,10.3
530010805160085,Guará,Urbana,0.023179265694714,282.0,100.0,0.0,0.0,0.0,0.0,25.0
530010805160086,Guará,Urbana,0.108079826686946,240.0,50.0,0.0,0.0,0.0,0.0,12.5
530010805160087,Guará,Urbana,0.074084470202883,328.0,62.5,0.0,0.0,0.0,0.0,15.6
530010805160088,Guará,Urbana,0.007796795606929,212.0,100.0,0.0,0.0,0.0,0.0,25.0
530010805160089,Guará,Urbana,0.007479906791299,221.0,50.0,0.0,0.0,0.0,0.0,12.5
530010805160090,Guará,Urbana,0.0852663607428,270.0,50.0,0.0,0.0,0.0,0.0,12.5
530010805160091,Guará,Urbana,0.093568886186074,201.0,50.0,0.0,0.0,0.0,0.0,12.5
530010805160092,Guará,Urbana,0.074563733036739,159.0,50.0,0.0,,0.0,0.0,
530010805160093,Guará,Urbana,0.069765121047045,132.0,63.2,0.0,0.0,0.0,0.0,15.8
530010805160094,Guará,Urbana,0.010736321355989,221.0,100.0,0.0,0.0,0.0,0.0,25.0
530010805160095,Guará,Urbana,0.095133107731986,186.0,45.8,0.0,0.0,0.0,0.0,11.4
530010805160096,Guará,Urbana,0.062506460113227,207.0,43.5,0.0,0.0,0.0,0.0,10.9
530010805160097,Guará,Urbana,0.070925391058121,180.0,50.0,0.0,0.0,0.0,0.0,12.5
530010805160098,Guará,Urbana,0.055134856750612,304.0,46.7,0.0,0.0,0.0,0.0,11.7
530010805160099,Guará,Urbana,0.043359599979181,254.0,45.5,0.0,0.0,0.0,0.0,11.4
530010805160100,Guará,Urbana,0.030141408032313,184.0,57.1,0.0,0.0,0.0,0.0,14.3
530010805160101,Guará,Urbana,0.035895601837989,130.0,66.7,0.0,0.0,0.0,0.0,16.7
530010805160102,Guará,Urbana,0.154974469166241,206.0,54.2,4.2,0.0,0.0,0.0,14.6
530010805160103,Guará,Urbana,0.103562304406732,142.0,50.0,0.0,0.0,0.0,0.0,12.5
530010805160104,Guará,Urbana,0.015691612236049,94.0,100.0,0.0,0.0,0.0,0.0,25.0
530010805160105,Guará,Urbana,0.056518277197473,217.0,25.0,0.0,0.0,0.0,0.0,6.2
530010805160106,Guará,Urbana,0.035673180138569,153.0,50.0,0.0,0.0,,0.0,12.5
530010805160107,Guará,Urbana,0.048587968806087,148.0,60.0,0.0,0.0,0.0,0.0,15.0
530010805160114,Guará,Urbana,0.399569118118649,323.0,95.5,4.5,0.0,0.0,0.0,25.0
530010805160124,Guará,Urbana,0.04298955242369,138.0,92.3,0.0,0.0,0.0,0.0,23.1
530010805160125,Guará,Urbana,0.034393682602557,194.0,100.0,0.0,0.0,0.0,0.0,25.0
530010805160126,Guará,Urbana,0.024661740670106,252.0,100.0,0.0,0.0,0.0,0.0,25.0
530010805160127,Guará,Urbana,0.043454483978199,381.0,50.0,0.0,0.0,0.0,0.0,12.5
530010805160128,Guará,Urbana,0.043001517621934,324.0,52.9,0.0,0.0,0.0,0.0,13.2
530010805160129,Guará,Urbana,0.030645290082227,139.0,50.0,0.0,0.0,0.0,0.0,12.5
530010805160141,Guará,Urbana,0.008531422238879,98.0,100.0,0.0,0.0,0.0,0.0,25.0
530010805160142,Guará,Urbana,0.101103390641583,156.0,20.0,0.0,0.0,0.0,0.0,5.0
530010805160143,Guará,Urbana,0.031925756527342,189.0,71.4,0.0,0.0,0.0,0.0,17.8
530010805160144,Guará,Urbana,0.055731933634147,139.0,60.0,0.0,0.0,0.0,0.0,15.0
530010805160145,Guará,Urbana,0.06425259363462,148.0,46.2,0.0,0.0,0.0,0.0,11.6
530010805160146,Guará,Urbana,0.079290752248052,184.0,13.3,0.0,0.0,0.0,0.0,3.3
530010805160147,Guará,Urbana,0.032209337675338,156.0,42.9,0.0,,0.0,0.0,
530010805160148,Guará,Urbana,0.023751787531197,143.0,83.3,0.0,0.0,0.0,0.0,20.8
530010805160149,Guará,Urbana,0.061984827960234,198.0,9.1,0.0,0.0,0.0,0.0,2.3
530010805160150,Guará,Urbana,0.029558901793553,169.0,16.7,0.0,0.0,0.0,0.0,4.2
530010805160151,Guará,Urbana,0.034421085745363,172.0,44.4,0.0,0.0,0.0,0.0,11.1
530010805160152,Guará,Urbana,0.035259217077275,188.0,37.5,0.0,0.0,0.0,0.0,9.4
530010805160153,Guará,Urbana,0.043655250716044,109.0,66.7,0.0,0.0,0.0,0.0,16.7
530010805160154,Guará,Urbana,0.059894659280052,145.0,58.8,0.0,0.0,0.0,0.0,14.7
530010805160155,Guará,Urbana,0.140758994388915,315.0,92.9,0.0,0.0,,0.0,23.2
530010805160156,Guará,Urbana,0.049246775675492,140.0,41.7,0.0,0.0,0.0,0.0,10.4
530010805160157,Guará,Urbana,0.049705636939247,354.0,11.1,0.0,0.0,0.0,0.0,2.8
530010805160158,Guará,Urbana,0.020246926853199,276.0,100.0,0.0,,0.0,,
530010805160159,Guará,Urbana,0.038498120074864,284.0,100.0,0.0,,,0.0,
530010805160160,Guará,Urbana,0.016144754563483,213.0,50.0,0.0,0.0,0.0,0.0,12.5
530010805160161,Guará,Urbana,0.103757327915948,158.0,50.0,0.0,0.0,0.0,0.0,12.5
530010805160162,Guará,Urbana,0.45520740203887,146.0,47.4,0.0,0.0,0.0,0.0,11.8
530010805160163,Guará,Urbana,0.091006170125483,254.0,46.4,0.0,0.0,0.0,0.0,11.6
530010805160164,Guará,Urbana,0.066657064397592,101.0,85.7,0.0,0.0,0.0,0.0,21.4
530010805160165,Guará,Urbana,0.020014199224421,316.0,100.0,0.0,0.0,0.0,0.0,25.0
530010805160167,Guará,Urbana,0.029071315547915,195.0,25.0,0.0,0.0,0.0,0.0,6.2
530010805160168,Guará,Urbana,0.157644728776702,171.0,69.2,0.0,0.0,0.0,0.0,17.3
530010805160169,Guará,Urbana,0.042284352263419,218.0,60.0,0.0,0.0,0.0,0.0,15.0
530010805160170,Guará,Urbana,0.016834735532694,286.0,0.0,0.0,0.0,0.0,0.0,0.0
530010805160171,Guará,Urbana,0.041723118477282,189.0,0.0,0.0,0.0,0.0,0.0,0.0
530010805160172,Guará,Urbana,0.029165482269299,176.0,40.0,0.0,0.0,0.0,0.0,10.0
530010805160175,Guará,Urbana,0.024228230936723,146.0,25.0,0.0,0.0,0.0,0.0,6.2
530010805160176,Guará,Urbana,0.117266483455544,152.0,40.9,0.0,0.0,0.0,0.0,10.2
530010805160177,Guará,Urbana,0.028947784347044,121.0,30.0,0.0,,0.0,0.0,
530010805160178,Guará,Urbana,0.030461881334852,135.0,66.7,0.0,0.0,0.0,0.0,16.7
530010805160179,Guará,Urbana,0.024805528571177,151.0,62.5,0.0,0.0,0.0,0.0,15.6
530010805160180,Guará,Urbana,0.008217483047544,273.0,100.0,0.0,0.0,0.0,0.0,25.0
530010805160181,Guará,Urbana,0.006783910982637,239.0,100.0,0.0,0.0,0.0,0.0,25.0
530010805160183,Guará,Urbana,0.007980780829105,160.0,100.0,0.0,0.0,0.0,0.0,25.0
530010805160184,Guará,Urbana,0.010286963833965,134.0,50.0,0.0,0.0,0.0,0.0,12.5
530010805160185,Guará,Urbana,0.252403602374321,318.0,100.0,0.0,2.5,0.0,0.0,25.6
530010805160186,Guará,Urbana,0.03380538357426,251.0,100.0,0.0,0.0,0.0,0.0,25.0
530010805160187,Guará,Urbana,0.016917488814054,281.0,100.0,0.0,0.0,0.0,0.0,25.0
530010805160188,Guará,Urbana,0.022864651196889,290.0,100.0,0.0,0.0,0.0,0.0,25.0
530010805160189,Guará,Urbana,0.032502475081392,163.0,16.7,0.0,0.0,0.0,,
530010805160190,Guará,Urbana,0.022883822013175,112.0,40.0,0.0,0.0,0.0,0.0,10.0
530010805160192,Guará,Urbana,0.084653137239128,171.0,0.0,0.0,0.0,0.0,0.0,0.0
530010805160193,Guará,Urbana,0.352664793735411,353.0,57.1,0.0,0.0,0.0,0.0,14.3
530010805160194,Guará,Urbana,0.288152127201558,259.0,89.5,0.0,,0.0,0.0,
530010805160195,Guará,Urbana,0.458242347996954,231.0,100.0,12.0,0.0,7.8,0.0,28.0
530010805160196,Guará,Urbana,0.396564861408098,141.0,69.2,7.7,83.0,,0.0,40.0
530010805160200,Guará,Urbana,0.041470895357426,171.0,22.2,0.0,0.0,0.0,0.0,5.6
530010805160209,Guará,Urbana,0.037941596074893,311.0,100.0,0.0,0.0,0.0,0.0,25.0
530010805160210,Guará,Urbana,0.023026185081246,155.0,55.6,0.0,0.0,0.0,0.0,13.9
530010805160211,Guará,Urbana,0.066748224388639,271.0,100.0,0.0,10.3,1.1,0.0,27.6
530010805160213,Guará,Urbana,0.268270193601663,110.0,100.0,0.0,42.7,0.0,0.0,35.7
530010805160216,Guará,Urbana,0.032159104961882,103.0,44.4,0.0,0.0,0.0,0.0,11.1
530010805160224,Guará,Urbana,0.032788586864554,190.0,40.0,0.0,,0.0,0.0,
530010805160225,Guará,Urbana,0.009735706565557,242.0,100.0,0.0,,0.0,0.0,
530010805160230,Guará,Urbana,0.02095262602021,248.0,50.0,0.0,0.0,0.0,0.0,12.5
530010805160231,Guará,Urbana,0.007617516220782,355.0,100.0,0.0,0.0,0.0,0.0,25.0
530010805160232,Guará,Urbana,0.007941571762203,270.0,0.0,0.0,0.0,0.0,0.0,0.0
530010805160233,Guará,Urbana,0.012267806689624,364.0,100.0,0.0,0.0,0.0,0.0,25.0
530010805160234,Guará,Urbana,0.007462211032548,290.0,33.3,0.0,0.0,0.0,0.0,8.3
530010805160235,Guará,Urbana,0.011354354951987,287.0,100.0,0.0,0.0,0.0,0.0,25.0
530010805160236,Guará,Urbana,0.010348595431139,284.0,100.0,0.0,0.0,0.0,0.0,25.0
530010805160237,Guará,Urbana,0.022776099460344,297.0,0.0,0.0,0.0,0.0,0.0,0.0
530010805160238,Guará,Urbana,0.060245008504403,214.0,33.3,0.0,0.0,0.0,0.0,8.3
530010805160239,Guará,Urbana,0.110319085040219,260.0,100.0,0.0,0.0,0.0,0.0,25.0
530010805160240,Guará,Urbana,0.006274856727479,181.0,100.0,0.0,0.0,0.0,0.0,25.0
530010805160241,Guará,Urbana,0.003628899074463,229.0,100.0,0.0,0.0,0.0,0.0,25.0
530010805160242,Guará,Urbana,0.033159131255734,342.0,100.0,0.0,0.0,0.0,0.0,25.0
530010805160243,Guará,Urbana,0.036925923447717,206.0,100.0,0.0,0.0,0.0,0.0,25.0
530010805160244,Guará,Urbana,0.02779132297023,202.0,62.5,0.0,0.0,0.0,0.0,15.6
530010805160247,Guará,Urbana,0.018941306920958,362.0,100.0,0.0,0.0,0.0,,
530010805160248,Guará,Urbana,0.335110219702595,220.0,90.9,0.0,0.0,0.0,0.0,22.7
530010805160249,Guará,Urbana,0.005868588891169,274.0,100.0,0.0,,0.0,0.0,
530010805160250,Guará,Urbana,0.006495606599445,204.0,100.0,0.0,0.0,0.0,0.0,25.0
530010805160253,Guará,Urbana,0.053362401157887,263.0,100.0,0.0,0.0,0.0,0.0,25.0
530010805160254,Guará,Urbana,0.017685016244438,370.0,100.0,0.0,0.0,0.0,0.0,25.0
530010805160255,Guará,Urbana,0.053805079386222,300.0,100.0,0.0,0.0,0.0,0.0,25.0
530010805160256,Guará,Urbana,0.051726525200105,290.0,20.0,0.0,0.0,0.0,0.0,5.0
530010805160257,Guará,Urbana,0.024248547049249,313.0,0.0,0.0,0.0,0.0,0.0,0.0
530010805160258,Guará,Urbana,0.020307148118615,307.0,0.0,0.0,0.0,0.0,0.0,0.0
530010805160277,Guará,Urbana,0.027106335979329,413.0,100.0,0.0,0.0,0.0,0.0,25.0
530010805160278,Guará,Urbana,0.041710592243021,410.0,100.0,0.0,0.0,0.0,0.0,25.0
530010805160279,Guará,Urbana,0.014562620362311,231.0,100.0,0.0,0.0,0.0,0.0,25.0
530010805160283,Guará,Urbana,0.012791818253365,280.0,0.0,0.0,0.0,0.0,0.0,0.0
530010805160285,Guará,Urbana,0.009993699072617,361.0,100.0,0.0,0.0,0.0,0.0,25.0
530010805160286,Guará,Urbana,0.004929992396159,147.0,100.0,0.0,0.0,0.0,0.0,25.0
530010805160291,Guará,Urbana,0.512043212409228,174.0,52.9,11.8,0.0,0.0,0.0,16.2
530010805160293,Guará,Urbana,0.217434139834228,181.0,63.6,0.0,0.0,0.0,0.0,15.9
530010805160294,Guará,Urbana,0.243809131956183,204.0,50.0,0.0,54.9,3.4,0.0,26.2
530010805160295,Guará,Urbana,0.011421842704746,321.0,0.0,0.0,0.0,0.0,0.0,0.0
530010805160296,Guará,Urbana,0.019922905351925,111.0,0.0,0.0,0.0,0.0,0.0,0.0
530010805160297,Guará,Urbana,0.13293271017981,125.0,73.1,0.0,0.0,0.0,0.0,18.3
530010805160298,Guará,Urbana,2.428024522093983,38.0,65.8,0.0,0.0,0.0,0.0,16.4
530010805160301,Guará,Urbana,0.373311319251543,130.0,0.0,0.0,0.0,0.0,0.0,0.0
530010805160302,Guará,Urbana,0.027933432754934,290.0,50.0,0.0,0.0,0.0,,
530010805160303,Guará,Urbana,0.005294133787332,107.0,100.0,0.0,0.0,0.0,0.0,25.0
530010805160304,Guará,Urbana,0.204160794499529,226.0,47.6,4.8,0.0,0.0,0.0,13.1
530010805160305,Guará,Urbana,0.357006527860108,,40.0,0.0,,,,
530010805160306,Guará,Urbana,0.15169796092629,87.0,100.0,60.0,0.0,0.0,,
530010805160307,Guará,Urbana,0.196075941470227,124.0,88.9,16.7,0.0,0.0,,
530010805160308,Guará,Urbana,0.133065715625088,88.0,57.1,0.0,0.0,0.0,0.0,14.3
530010805160309,Guará,Urbana,0.130819569150032,146.0,43.5,0.0,,,0.0,
530010805160310,Guará,Urbana,0.072417964079869,442.0,100.0,0.0,0.0,0.0,0.0,25.0
530010805160311,Guará,Urbana,0.005277133378336,,,,,,,
530010805160312,Guará,Urbana,0.118379277448871,352.0,25.0,0.0,0.0,0.0,,
530010805160313,Guará,Urbana,0.09773937075278,102.0,83.3,0.0,0.0,0.0,0.0,20.8
530010805160314,Guará,Urbana,1.994788252266656,,,,,,,
530010805160315,Guará,Urbana,4.525215838136536,9.0,25.0,50.0,77.8,77.8,,
530010805170001,Cruzeiro,Urbana,0.142341794022127,176.0,18.8,0.0,0.0,0.0,0.0,4.7
530010805170002,Cruzeiro,Urbana,0.072374037666235,171.0,5.9,0.0,0.0,0.0,0.0,1.5
530010805170003,Cruzeiro,Urbana,0.094369100724737,173.0,20.0,0.0,0.0,0.0,0.0,5.0
530010805170004,Cruzeiro,Urbana,0.333620404035453,353.0,34.3,2.9,0.0,0.0,0.0,9.3
530010805170005,Cruzeiro,Urbana,0.167261971961859,259.0,35.7,0.0,0.0,0.0,0.0,8.9
530010805170006,Cruzeiro,Urbana,0.22997920128945,211.0,18.5,0.0,0.0,0.0,0.0,4.6
530010805170007,Cruzeiro,Urbana,0.082461878568709,196.0,30.0,0.0,0.0,0.0,0.0,7.5
530010805170008,Cruzeiro,Urbana,0.061773578967315,207.0,11.1,0.0,0.0,0.0,0.0,2.8
530010805170009,Cruzeiro,Urbana,0.061819340245912,199.0,0.0,0.0,0.0,0.0,0.0,0.0
530010805170010,Cruzeiro,Urbana,0.062274305604384,130.0,12.5,0.0,0.0,0.0,0.0,3.1
530010805170011,Cruzeiro,Urbana,0.087004354157718,184.0,13.3,0.0,0.0,0.0,0.0,3.3
530010805170012,Cruzeiro,Urbana,0.045359773784952,184.0,88.9,0.0,0.0,0.0,0.0,22.2
530010805170013,Cruzeiro,Urbana,0.03405583722719,150.0,28.6,0.0,0.0,0.0,0.0,7.2
530010805170014,Cruzeiro,Urbana,0.09068605470675,253.0,65.0,0.0,0.0,0.0,0.0,16.2
530010805170015,Cruzeiro,Urbana,0.031268841636112,267.0,37.5,0.0,0.0,0.0,0.0,9.4
530010805170016,Cruzeiro,Urbana,0.026486038837558,255.0,36.4,0.0,0.0,0.0,0.0,9.1
530010805170017,Cruzeiro,Urbana,0.012171451444826,169.0,16.7,0.0,,0.0,0.0,
530010805170018,Cruzeiro,Urbana,0.038841454031562,319.0,29.4,0.0,0.0,0.0,0.0,7.4
530010805170019,Cruzeiro,Urbana,0.049445524556378,262.0,35.0,0.0,,0.0,0.0,
530010805170020,Cruzeiro,Urbana,0.017486753000434,158.0,25.0,0.0,0.0,0.0,0.0,6.2
530010805170021,Cruzeiro,Urbana,0.072152885407468,292.0,26.7,0.0,0.0,0.0,0.0,6.7
530010805170022,Cruzeiro,Urbana,0.049307669869597,164.0,60.0,0.0,0.0,0.0,0.0,15.0
530010805170023,Cruzeiro,Urbana,0.048708579308911,186.0,66.7,0.0,0.0,0.0,0.0,16.7
530010805170024,Cruzeiro,Urbana,0.02477323276029,210.0,30.8,0.0,0.0,0.0,0.0,7.7
530010805170025,Cruzeiro,Urbana,0.028135535495836,277.0,38.5,0.0,0.0,0.0,0.0,9.6
530010805170026,Cruzeiro,Urbana,0.028678426598445,201.0,46.2,0.0,0.0,0.0,0.0,11.6
530010805170027,Cruzeiro,Urbana,0.022927400669133,186.0,41.7,0.0,0.0,0.0,0.0,10.4
530010805170028,Cruzeiro,Urbana,0.015679383120535,139.0,50.0,0.0,0.0,0.0,0.0,12.5
530010805170029,Cruzeiro,Urbana,0.064304785726305,170.0,68.8,0.0,0.0,0.0,0.0,17.2
530010805170030,Cruzeiro,Urbana,0.023314609479873,162.0,28.6,0.0,0.0,0.0,0.0,7.2
530010805170031,Cruzeiro,Urbana,0.04991250438287,278.0,25.0,0.0,0.0,0.0,0.0,6.2
530010805170032,Cruzeiro,Urbana,0.030663977652367,271.0,47.4,0.0,,0.0,0.0,
530010805170033,Cruzeiro,Urbana,0.023272927080211,184.0,50.0,0.0,0.0,0.0,0.0,12.5
530010805170034,Cruzeiro,Urbana,0.042722465556735,209.0,55.6,0.0,0.0,0.0,0.0,13.9
530010805170035,Cruzeiro,Urbana,0.063335989466624,233.0,30.8,0.0,0.0,0.0,0.0,7.7
530010805170036,Cruzeiro,Urbana,0.024963282664155,195.0,20.0,0.0,0.0,0.0,0.0,5.0
530010805170037,Cruzeiro,Urbana,0.026519867128081,159.0,22.2,0.0,0.0,0.0,0.0,5.6
530010805170038,Cruzeiro,Urbana,0.055348751140775,171.0,61.5,0.0,0.0,0.0,0.0,15.4
530010805170051,Cruzeiro,Urbana,0.024177753362697,170.0,100.0,0.0,0.0,0.0,0.0,25.0
530010805170052,Cruzeiro,Urbana,0.395909788474883,167.0,18.2,0.0,0.0,0.0,0.0,4.6
530010805170082,Cruzeiro,Urbana,0.095908066481667,161.0,41.2,0.0,0.0,0.0,0.0,10.3
530010805170083,Cruzeiro,Urbana,0.029523692375329,172.0,33.3,0.0,0.0,0.0,0.0,8.3
530010805170084,Cruzeiro,Urbana,0.015657089769075,141.0,12.5,0.0,0.0,0.0,0.0,3.1
530010805170085,Cruzeiro,Urbana,0.02762099562909,159.0,14.3,0.0,0.0,0.0,0.0,3.6
530010805170086,Cruzeiro,Urbana,0.065491256175554,138.0,29.4,0.0,0.0,0.0,0.0,7.4
530010805170087,Cruzeiro,Urbana,0.026290529474094,177.0,69.2,0.0,0.0,0.0,0.0,17.3
530010805170088,Cruzeiro,Urbana,0.021915402792151,139.0,100.0,0.0,0.0,0.0,0.0,25.0
530010805170121,Cruzeiro,Urbana,0.019457077341566,126.0,50.0,0.0,0.0,0.0,0.0,12.5
530010805170122,Cruzeiro,Urbana,0.020452303412101,142.0,72.7,0.0,0.0,0.0,0.0,18.2
530010805170152,Cruzeiro,Urbana,0.046921219194177,164.0,0.0,0.0,,0.0,0.0,
530010805180001,Samambaia,Urbana,0.481075985496058,340.0,0.0,0.0,0.0,0.0,0.0,0.0
530010805180002,Samambaia,Urbana,0.080825176127712,146.0,50.0,0.0,0.0,0.0,0.0,12.5
530010805180003,Samambaia,Urbana,0.043170208338177,163.0,42.9,0.0,0.0,0.0,0.0,10.7
530010805180004,Samambaia,Urbana,0.063908876008474,222.0,70.0,0.0,0.0,0.0,0.0,17.5
530010805180006,Samambaia,Urbana,0.026218999057757,147.0,20.0,0.0,0.0,0.0,0.0,5.0
530010805180007,Samambaia,Urbana,0.035606700874465,151.0,0.0,0.0,0.0,0.0,0.0,0.0
530010805180008,Samambaia,Urbana,0.080674914771406,170.0,90.9,0.0,0.0,,0.0,22.7
530010805180009,Samambaia,Urbana,0.040696104160178,206.0,50.0,0.0,0.0,0.0,0.0,12.5
530010805180010,Samambaia,Urbana,0.135890926043596,181.0,92.3,0.0,0.0,0.0,0.0,23.1
530010805180012,Samambaia,Urbana,0.027567831905003,101.0,0.0,0.0,0.0,0.0,0.0,0.0
530010805180013,Samambaia,Urbana,0.035044508414718,100.0,40.0,0.0,0.0,0.0,0.0,10.0
530010805180014,Samambaia,Urbana,0.101941203686617,240.0,10.0,0.0,0.0,0.0,0.0,2.5
530010805180015,Samambaia,Urbana,0.053613629445038,135.0,0.0,0.0,0.0,0.0,0.0,0.0
530010805180016,Samambaia,Urbana,0.027208768800255,147.0,25.0,0.0,0.0,0.0,,
530010805180017,Samambaia,Urbana,0.044820371828736,216.0,14.3,0.0,0.0,0.0,0.0,3.6
530010805180018,Samambaia,Urbana,0.070523322081642,167.0,44.4,0.0,0.0,0.0,0.0,11.1
530010805180019,Samambaia,Urbana,0.080489031282644,289.0,50.0,0.0,0.0,0.0,0.0,12.5
530010805180020,Samambaia,Urbana,0.042186392558235,228.0,44.4,0.0,0.0,0.0,0.0,11.1
530010805180021,Samambaia,Urbana,0.036503661500866,175.0,54.5,0.0,0.0,0.0,0.0,13.6
530010805180022,Samambaia,Urbana,0.095099352659241,156.0,40.0,0.0,0.0,0.0,0.0,10.0
530010805180023,Samambaia,Urbana,0.148690487260908,204.0,40.0,0.0,0.0,0.0,0.0,10.0
530010805180024,Samambaia,Urbana,0.132317752498722,232.0,8.3,0.0,0.0,0.0,0.0,2.1
530010805180025,Samambaia,Urbana,0.088293818538293,142.0,16.7,0.0,0.0,0.0,0.0,4.2
530010805180026,Samambaia,Urbana,0.093924974362216,228.0,60.0,0.0,0.0,0.0,0.0,15.0
530010805180027,Samambaia,Urbana,0.025971172213175,132.0,0.0,0.0,0.0,0.0,0.0,0.0
530010805180028,Samambaia,Urbana,0.023666084454622,119.0,0.0,0.0,0.0,0.0,0.0,0.0
530010805180029,Samambaia,Urbana,0.061333310279557,205.0,16.7,0.0,0.0,0.0,0.0,4.2
530010805180030,Samambaia,Urbana,0.023762261950857,133.0,0.0,0.0,0.0,0.0,0.0,0.0
530010805180031,Samambaia,Urbana,0.052252895461866,159.0,33.3,0.0,0.0,0.0,0.0,8.3
530010805180032,Samambaia,Urbana,0.080052216376122,156.0,28.6,14.3,0.0,,0.0,10.7
530010805180033,Samambaia,Urbana,0.102435985265406,132.0,18.2,0.0,0.0,0.0,0.0,4.6
530010805180034,Samambaia,Urbana,0.103667846338156,213.0,18.2,0.0,0.0,0.0,0.0,4.6
530010805180035,Samambaia,Urbana,0.017747981147563,107.0,33.3,0.0,0.0,0.0,0.0,8.3
530010805180036,Samambaia,Urbana,0.123950324293258,197.0,60.0,0.0,0.0,,0.0,15.0
530010805180037,Samambaia,Urbana,0.116193546316246,304.0,57.1,0.0,0.0,0.0,0.0,14.3
530010805180038,Samambaia,Urbana,0.089906912732515,262.0,61.1,0.0,0.0,0.0,0.0,15.3
530010805180039,Samambaia,Urbana,0.095926098516209,260.0,21.4,0.0,0.0,0.0,0.0,5.4
530010805180040,Samambaia,Urbana,0.02655260551069,134.0,60.0,0.0,0.0,0.0,0.0,15.0
530010805180041,Samambaia,Urbana,0.022283753587221,132.0,75.0,0.0,0.0,0.0,0.0,18.8
530010805180042,Samambaia,Urbana,0.097916921930742,173.0,85.7,0.0,0.0,0.0,0.0,21.4
530010805180043,Samambaia,Urbana,0.075287857526446,157.0,50.0,0.0,0.0,0.0,0.0,12.5
530010805180044,Samambaia,Urbana,0.056810913660043,214.0,45.5,0.0,0.0,0.0,0.0,11.4
530010805180045,Samambaia,Urbana,0.032243750432434,200.0,16.7,0.0,0.0,0.0,0.0,4.2
530010805180046,Samambaia,Urbana,0.03044066482069,158.0,40.0,0.0,0.0,0.0,0.0,10.0
530010805180047,Samambaia,Urbana,0.054008368901018,368.0,0.0,0.0,,0.0,0.0,
530010805180048,Samambaia,Urbana,0.081241916452396,295.0,9.1,0.0,0.0,0.0,0.0,2.3
530010805180049,Samambaia,Urbana,0.067713687277217,227.0,13.3,0.0,0.0,0.0,0.0,3.3
530010805180050,Samambaia,Urbana,0.031253228264093,192.0,0.0,0.0,0.0,0.0,0.0,0.0
530010805180051,Samambaia,Urbana,0.039664970327673,199.0,40.0,0.0,0.0,0.0,0.0,10.0
530010805180052,Samambaia,Urbana,0.068776743345746,237.0,18.2,0.0,0.0,0.0,0.0,4.6
530010805180053,Samambaia,Urbana,0.084201462012286,320.0,23.1,0.0,0.0,0.0,0.0,5.8
530010805180054,Samambaia,Urbana,0.045443726691452,217.0,0.0,0.0,0.0,0.0,0.0,0.0
530010805180055,Samambaia,Urbana,0.053882289420103,313.0,33.3,0.0,0.0,0.0,0.0,8.3
530010805180056,Samambaia,Urbana,0.059554009130497,379.0,63.6,0.0,0.0,0.0,0.0,15.9
530010805180057,Samambaia,Urbana,0.030580316103747,127.0,16.7,0.0,0.0,0.0,0.0,4.2
530010805180058,Samambaia,Urbana,0.09975214179945,217.0,77.8,0.0,0.0,0.0,0.0,19.4
530010805180059,Samambaia,Urbana,0.032063836477547,159.0,50.0,0.0,0.0,0.0,0.0,12.5
530010805180060,Samambaia,Urbana,0.0390781598384,160.0,62.5,0.0,0.0,0.0,0.0,15.6
530010805180061,Samambaia,Urbana,0.056548999417177,322.0,30.0,0.0,,0.0,0.0,
530010805180062,Samambaia,Urbana,0.036908028200076,163.0,0.0,0.0,0.0,0.0,0.0,0.0
530010805180063,Samambaia,Urbana,0.138099891931797,296.0,48.4,0.0,0.0,0.0,0.0,12.1
530010805180064,Samambaia,Urbana,0.045517457446619,192.0,42.9,0.0,0.0,0.0,0.0,10.7
530010805180065,Samambaia,Urbana,0.034614505418364,253.0,16.7,0.0,0.0,0.0,0.0,4.2
530010805180066,Samambaia,Urbana,0.121819442327122,389.0,60.9,0.0,0.0,0.0,0.0,15.2
530010805180068,Samambaia,Urbana,0.045355744206777,204.0,33.3,0.0,0.0,0.0,,
530010805180069,Samambaia,Urbana,0.04097091075267,199.0,25.0,0.0,0.0,,0.0,6.2
530010805180070,Samambaia,Urbana,0.08494021074035,324.0,47.6,0.0,0.0,0.0,0.0,11.9
530010805180071,Samambaia,Urbana,0.02070460651259,144.0,33.3,0.0,0.0,0.0,0.0,8.3
530010805180072,Samambaia,Urbana,0.042547175090764,225.0,30.0,0.0,0.0,0.0,0.0,7.5
530010805180073,Samambaia,Urbana,0.065954941160922,229.0,21.4,0.0,0.0,0.0,0.0,5.4
530010805180074,Samambaia,Urbana,0.034943981192078,178.0,42.9,0.0,0.0,0.0,0.0,10.7
530010805180075,Samambaia,Urbana,0.20932064070675,240.0,78.6,0.0,0.0,,0.0,19.6
530010805180076,Samambaia,Urbana,1.069731205423192,,100.0,0.0,,,,
530010805180077,Samambaia,Urbana,0.355194026878306,316.0,16.7,0.0,0.0,,0.0,4.2
530010805180078,Samambaia,Urbana,0.043895774393986,189.0,50.0,0.0,0.0,0.0,0.0,12.5
530010805180079,Samambaia,Urbana,0.153853674040179,248.0,30.8,0.0,0.0,0.0,0.0,7.7
530010805180080,Samambaia,Urbana,0.063721803349239,290.0,33.3,0.0,0.0,0.0,0.0,8.3
530010805180081,Samambaia,Urbana,0.062406766871554,355.0,9.1,0.0,0.0,0.0,0.0,2.3
530010805180082,Samambaia,Urbana,0.03382773654667,179.0,14.3,0.0,0.0,0.0,0.0,3.6
530010805180083,Samambaia,Urbana,0.070556083105156,241.0,15.4,0.0,0.0,0.0,0.0,3.8
530010805180084,Samambaia,Urbana,0.090570373113588,317.0,0.0,0.0,0.0,0.0,0.0,0.0
530010805180085,Samambaia,Urbana,0.129836487505288,345.0,57.1,0.0,0.0,0.0,0.0,14.3
530010805180086,Samambaia,Urbana,0.03268330148925,183.0,0.0,0.0,0.0,0.0,0.0,0.0
530010805180087,Samambaia,Urbana,0.117015382804435,219.0,25.0,0.0,0.0,0.0,0.0,6.2
530010805180088,Samambaia,Urbana,0.022160568731695,132.0,25.0,0.0,0.0,0.0,0.0,6.2
530010805180089,Samambaia,Urbana,0.068675318286951,256.0,35.7,0.0,0.0,0.0,0.0,8.9
530010805180090,Samambaia,Urbana,0.022768845137564,113.0,0.0,0.0,0.0,0.0,0.0,0.0
530010805180091,Samambaia,Urbana,0.073421500635478,277.0,42.9,0.0,0.0,0.0,0.0,10.7
530010805180092,Samambaia,Urbana,0.081613099985533,335.0,69.2,0.0,0.0,0.0,0.0,17.3
530010805180093,Samambaia,Urbana,0.076374766660923,346.0,52.9,0.0,0.0,0.0,0.0,13.2
530010805180094,Samambaia,Urbana,0.099109042930822,366.0,21.1,0.0,0.0,0.0,0.0,5.3
530010805180095,Samambaia,Urbana,0.03658767674174,197.0,50.0,0.0,0.0,0.0,0.0,12.5
530010805180096,Samambaia,Urbana,0.03180182351671,194.0,71.4,0.0,0.0,0.0,0.0,17.8
530010805180097,Samambaia,Urbana,0.071275220871894,163.0,22.2,0.0,0.0,0.0,0.0,5.6
530010805180098,Samambaia,Urbana,0.097237181288547,181.0,42.9,0.0,0.0,0.0,0.0,10.7
530010805180099,Samambaia,Urbana,0.032804707277994,157.0,16.7,0.0,0.0,0.0,0.0,4.2
530010805180100,Samambaia,Urbana,0.073229184728182,156.0,61.5,0.0,0.0,0.0,0.0,15.4
530010805180101,Samambaia,Urbana,0.093692491132241,223.0,64.7,0.0,,,0.0,
530010805180102,Samambaia,Urbana,0.095137084440527,351.0,73.7,5.3,0.0,0.0,0.0,19.8
530010805180103,Samambaia,Urbana,0.035991480879857,271.0,55.6,0.0,0.0,0.0,0.0,13.9
530010805180104,Samambaia,Urbana,0.051007043933646,353.0,45.5,0.0,,0.0,0.0,
530010805180105,Samambaia,Urbana,0.100880636265718,292.0,25.0,0.0,0.0,0.0,0.0,6.2
530010805180106,Samambaia,Urbana,0.109759758337605,334.0,46.2,0.0,0.0,0.0,0.0,11.6
530010805180107,Samambaia,Urbana,0.092508188828592,303.0,41.7,0.0,0.0,0.0,0.0,10.4
530010805180108,Samambaia,Urbana,0.035164843466087,187.0,0.0,0.0,,0.0,0.0,
530010805180109,Samambaia,Urbana,0.081343578271104,223.0,77.8,5.6,0.0,0.0,0.0,20.8
530010805180110,Samambaia,Urbana,0.081297179725967,229.0,38.5,0.0,0.0,0.0,0.0,9.6
530010805180111,Samambaia,Urbana,0.080437038254077,258.0,55.0,0.0,0.0,0.0,0.0,13.8
530010805180112,Samambaia,Urbana,0.057400588995902,341.0,30.8,0.0,0.0,0.0,0.0,7.7
530010805180113,Samambaia,Urbana,0.037887456969423,154.0,80.0,0.0,0.0,0.0,0.0,20.0
530010805180114,Samambaia,Urbana,0.085831312028243,233.0,13.3,0.0,0.0,0.0,0.0,3.3
530010805180115,Samambaia,Urbana,0.114053319992751,282.0,57.1,0.0,0.0,0.0,0.0,14.3
530010805180116,Samambaia,Urbana,0.110884088911195,182.0,33.3,0.0,0.0,0.0,0.0,8.3
530010805180118,Samambaia,Urbana,0.032890064478437,168.0,0.0,0.0,0.0,0.0,,
530010805180119,Samambaia,Urbana,0.034604362463212,185.0,0.0,0.0,0.0,0.0,0.0,0.0
530010805180120,Samambaia,Urbana,0.089777741675357,185.0,78.9,0.0,0.0,0.0,0.0,19.7
530010805180121,Samambaia,Urbana,0.059701933481364,349.0,20.0,0.0,0.0,0.0,0.0,5.0
530010805180122,Samambaia,Urbana,0.148610262029584,144.0,44.4,0.0,0.0,0.0,0.0,11.1
530010805180124,Samambaia,Urbana,0.090979699793613,183.0,10.0,0.0,0.0,0.0,0.0,2.5
530010805180125,Samambaia,Urbana,0.117413048494286,359.0,26.7,0.0,0.0,0.0,0.0,6.7
530010805180126,Samambaia,Urbana,0.056860754739471,271.0,11.1,0.0,,0.0,0.0,
530010805180127,Samambaia,Urbana,0.103615709283165,309.0,41.2,17.6,0.0,0.0,0.0,14.7
530010805180128,Samambaia,Urbana,0.096086545937107,176.0,21.4,0.0,0.0,0.0,0.0,5.4
530010805180129,Samambaia,Urbana,0.069212148942243,236.0,38.5,0.0,0.0,0.0,0.0,9.6
530010805180130,Samambaia,Urbana,0.143447683412015,219.0,20.0,0.0,0.0,0.0,0.0,5.0
530010805180131,Samambaia,Urbana,0.226654494626779,362.0,26.3,0.0,,0.0,0.0,
530010805180132,Samambaia,Urbana,0.098942633234092,258.0,29.4,5.9,0.0,0.0,0.0,8.8
530010805180133,Samambaia,Urbana,0.07419783426887,221.0,26.7,0.0,0.0,0.0,0.0,6.7
530010805180134,Samambaia,Urbana,0.140904726821844,197.0,60.0,0.0,0.0,0.0,0.0,15.0
530010805180135,Samambaia,Urbana,0.108478700227597,273.0,7.7,0.0,0.0,0.0,,
530010805180136,Samambaia,Urbana,0.109206779670721,202.0,38.5,0.0,0.0,,0.0,9.6
530010805180137,Samambaia,Urbana,0.029968462013657,155.0,0.0,0.0,0.0,0.0,0.0,0.0
530010805180138,Samambaia,Urbana,0.069354338576725,189.0,33.3,0.0,0.0,0.0,0.0,8.3
530010805180139,Samambaia,Urbana,0.10313568603045,337.0,56.2,0.0,0.0,,0.0,14.0
530010805180140,Samambaia,Urbana,0.037675113647228,266.0,0.0,0.0,0.0,0.0,0.0,0.0
530010805180141,Samambaia,Urbana,0.063109884604689,209.0,46.2,0.0,,0.0,0.0,
530010805180142,Samambaia,Urbana,0.113347430516857,300.0,21.4,0.0,0.0,0.0,0.0,5.4
530010805180143,Samambaia,Urbana,0.04647429524138,271.0,25.0,0.0,,,,
530010805180144,Samambaia,Urbana,0.034885094114823,135.0,50.0,0.0,0.0,0.0,0.0,12.5
530010805180145,Samambaia,Urbana,0.064419297300963,223.0,28.6,0.0,0.0,0.0,0.0,7.2
530010805180146,Samambaia,Urbana,0.048785713315958,201.0,0.0,0.0,0.0,0.0,0.0,0.0
530010805180147,Samambaia,Urbana,0.043623576957308,282.0,0.0,0.0,0.0,0.0,0.0,0.0
530010805180148,Samambaia,Urbana,0.088955518627544,269.0,46.2,0.0,0.0,0.0,0.0,11.6
530010805180149,Samambaia,Urbana,0.081745786160226,222.0,30.0,0.0,0.0,0.0,0.0,7.5
530010805180150,Samambaia,Urbana,0.034473812242362,207.0,14.3,0.0,0.0,0.0,0.0,3.6
530010805180152,Samambaia,Urbana,0.127032583228173,313.0,56.2,0.0,0.0,0.0,0.0,14.0
530010805180153,Samambaia,Urbana,0.087989170472417,300.0,60.0,0.0,0.0,0.0,0.0,15.0
530010805180154,Samambaia,Urbana,0.130067129910041,287.0,41.7,0.0,0.0,0.0,0.0,10.4
530010805180155,Samambaia,Urbana,0.092562740514249,122.0,18.2,0.0,0.0,0.0,0.0,4.6
530010805180156,Samambaia,Urbana,0.101702974723578,230.0,50.0,0.0,0.0,0.0,0.0,12.5
530010805180157,Samambaia,Urbana,0.024732442393546,118.0,100.0,0.0,0.0,0.0,0.0,25.0
530010805180159,Samambaia,Urbana,0.039456552581439,194.0,16.7,0.0,0.0,0.0,0.0,4.2
530010805180160,Samambaia,Urbana,0.035881347836379,163.0,40.0,0.0,0.0,0.0,0.0,10.0
530010805180161,Samambaia,Urbana,0.089276047246404,254.0,53.8,0.0,0.0,0.0,0.0,13.4
530010805180162,Samambaia,Urbana,0.0489012423606,285.0,50.0,0.0,0.0,0.0,0.0,12.5
530010805180163,Samambaia,Urbana,0.229829397502473,209.0,50.0,0.0,0.0,0.0,0.0,12.5
530010805180164,Samambaia,Urbana,0.028227030188506,175.0,60.0,0.0,0.0,0.0,0.0,15.0
530010805180165,Samambaia,Urbana,0.077877096348484,202.0,71.4,0.0,0.0,0.0,0.0,17.8
530010805180166,Samambaia,Urbana,0.0418004251134,216.0,40.0,0.0,0.0,,0.0,10.0
530010805180167,Samambaia,Urbana,0.134543947390707,263.0,53.8,0.0,0.0,0.0,0.0,13.4
530010805180168,Samambaia,Urbana,0.084390921895606,191.0,81.8,0.0,0.0,0.0,0.0,20.4
530010805180169,Samambaia,Urbana,0.039066931115097,184.0,0.0,0.0,0.0,0.0,0.0,0.0
530010805180170,Samambaia,Urbana,2.3695870038534,144.0,100.0,0.0,,99.3,20.8,
530010805180172,Samambaia,Urbana,0.083119031235251,155.0,50.0,0.0,0.0,0.0,0.0,12.5
530010805180173,Samambaia,Urbana,0.080037794415494,184.0,31.2,0.0,,0.0,0.0,
530010805180174,Samambaia,Urbana,0.095533152950486,174.0,45.5,0.0,0.0,0.0,0.0,11.4
530010805180175,Samambaia,Urbana,0.030173498989302,159.0,40.0,0.0,0.0,0.0,0.0,10.0
530010805180176,Samambaia,Urbana,0.08652343025846,219.0,50.0,0.0,,0.0,0.0,
530010805180177,Samambaia,Urbana,0.075600495598447,199.0,38.5,0.0,0.0,0.0,0.0,9.6
530010805180178,Samambaia,Urbana,0.078345943474246,220.0,40.0,0.0,0.0,0.0,0.0,10.0
530010805180179,Samambaia,Urbana,0.041996909021863,132.0,50.0,0.0,0.0,0.0,0.0,12.5
530010805180180,Samambaia,Urbana,0.101842404151065,158.0,50.0,0.0,0.0,0.0,0.0,12.5
530010805180181,Samambaia,Urbana,0.074378901130936,145.0,0.0,0.0,0.0,0.0,0.0,0.0
530010805180182,Samambaia,Urbana,0.129024433619927,254.0,53.8,0.0,,7.9,0.0,
530010805180183,Samambaia,Urbana,0.074230535808139,277.0,37.5,0.0,0.0,0.0,0.0,9.4
530010805180184,Samambaia,Urbana,0.080439794685594,254.0,66.7,0.0,0.0,0.0,0.0,16.7
530010805180185,Samambaia,Urbana,0.075737779359982,362.0,46.2,0.0,0.0,0.0,0.0,11.6
530010805180186,Samambaia,Urbana,0.023896150832762,152.0,16.7,0.0,0.0,0.0,0.0,4.2
530010805180187,Samambaia,Urbana,0.09010017166295,234.0,77.8,0.0,0.0,0.0,0.0,19.4
530010805180188,Samambaia,Urbana,0.05809137109222,191.0,50.0,0.0,0.0,0.0,0.0,12.5
530010805180189,Samambaia,Urbana,0.047920510237799,164.0,81.8,0.0,0.0,0.0,0.0,20.4
530010805180190,Samambaia,Urbana,0.044284108668534,210.0,11.1,0.0,0.0,0.0,0.0,2.8
530010805180191,Samambaia,Urbana,0.103007456913472,224.0,27.8,0.0,0.0,0.0,0.0,7.0
530010805180192,Samambaia,Urbana,0.059049084644937,152.0,46.2,0.0,0.0,0.0,0.0,11.6
530010805180193,Samambaia,Urbana,0.058046214156284,432.0,54.5,0.0,0.0,0.0,0.0,13.6
530010805180194,Samambaia,Urbana,0.070491336862264,227.0,31.2,0.0,0.0,0.0,0.0,7.8
530010805180195,Samambaia,Urbana,0.033395498743588,176.0,0.0,0.0,0.0,0.0,0.0,0.0
530010805180196,Samambaia,Urbana,0.098838014332106,366.0,55.6,0.0,0.0,0.0,,
530010805180197,Samambaia,Urbana,0.02532302777408,249.0,42.9,0.0,0.0,0.0,,
530010805180198,Samambaia,Urbana,0.02817476185621,178.0,0.0,0.0,0.0,0.0,0.0,0.0
530010805180199,Samambaia,Urbana,0.020754053816718,103.0,0.0,0.0,0.0,0.0,0.0,0.0
530010805180200,Samambaia,Urbana,0.071357200471273,229.0,61.5,0.0,,0.0,0.0,
530010805180201,Samambaia,Urbana,0.096015106504841,200.0,7.1,0.0,0.0,0.0,0.0,1.8
530010805180202,Samambaia,Urbana,0.027443359118624,128.0,0.0,0.0,0.0,0.0,0.0,0.0
530010805180203,Samambaia,Urbana,0.079550993491236,281.0,7.7,0.0,0.0,0.0,0.0,1.9
530010805180204,Samambaia,Urbana,0.065039025963082,155.0,0.0,0.0,0.0,0.0,0.0,0.0
530010805180205,Samambaia,Urbana,0.021096728368003,106.0,0.0,0.0,0.0,0.0,0.0,0.0
530010805180206,Samambaia,Urbana,0.026976452581263,77.0,57.1,0.0,0.0,0.0,0.0,14.3
530010805180207,Samambaia,Urbana,0.081326650357082,154.0,45.5,0.0,0.0,0.0,0.0,11.4
530010805180208,Samambaia,Urbana,0.095149107859143,226.0,20.0,0.0,0.0,0.0,0.0,5.0
530010805180209,Samambaia,Urbana,0.08314166562671,177.0,63.6,0.0,0.0,0.0,0.0,15.9
530010805180210,Samambaia,Urbana,0.561086595771035,303.0,50.0,0.0,0.0,,0.0,12.5
530010805180211,Samambaia,Urbana,0.121846871367999,238.0,0.0,0.0,0.0,0.0,0.0,0.0
530010805180212,Samambaia,Urbana,0.161571121019283,90.0,25.0,0.0,0.0,0.0,0.0,6.2
530010805180213,Samambaia,Urbana,0.038095903470503,313.0,0.0,0.0,0.0,0.0,0.0,0.0
530010805180214,Samambaia,Urbana,0.161296416988342,76.0,33.3,0.0,0.0,0.0,0.0,8.3
530010805180215,Samambaia,Urbana,0.050206682014342,252.0,0.0,0.0,0.0,0.0,0.0,0.0
530010805180216,Samambaia,Urbana,0.053688985989683,312.0,0.0,0.0,0.0,0.0,0.0,0.0
530010805180217,Samambaia,Urbana,0.047921833202579,186.0,0.0,0.0,0.0,0.0,0.0,0.0
530010805180218,Samambaia,Urbana,0.137190011497017,,100.0,0.0,,,,
530010805180219,Samambaia,Urbana,0.116396232902532,330.0,0.0,0.0,0.0,0.0,0.0,0.0
530010805180220,Samambaia,Urbana,0.186822059490216,292.0,0.0,0.0,0.0,0.0,0.0,0.0
530010805180221,Samambaia,Urbana,0.285590720732634,344.0,25.0,0.0,0.0,,0.0,6.2
530010805180222,Samambaia,Urbana,0.141343335423973,264.0,0.0,0.0,0.0,0.0,0.0,0.0
530010805180223,Samambaia,Urbana,0.12152354833312,229.0,0.0,0.0,0.0,0.0,0.0,0.0
530010805180224,Samambaia,Urbana,0.137501944798444,241.0,0.0,0.0,0.0,0.0,0.0,0.0
530010805180225,Samambaia,Urbana,0.099890705127574,204.0,0.0,0.0,0.0,0.0,0.0,0.0
530010805180226,Samambaia,Urbana,0.039309754858373,207.0,0.0,0.0,0.0,0.0,0.0,0.0
530010805180227,Samambaia,Urbana,0.130150820398903,324.0,0.0,0.0,,1.9,0.0,
530010805180228,Samambaia,Urbana,0.102141838407475,130.0,0.0,0.0,0.0,0.0,0.0,0.0
530010805180231,Samambaia,Urbana,0.104921141775226,128.0,0.0,0.0,0.0,0.0,0.0,0.0
530010805180232,Samambaia,Urbana,0.127491306792806,262.0,0.0,0.0,0.0,0.0,0.0,0.0
530010805180233,Samambaia,Urbana,0.121464912917137,213.0,16.7,0.0,0.0,0.0,0.0,4.2
530010805180235,Samambaia,Rural,0.388489119651464,,,,,,,
530010805180236,Samambaia,Rural,0.136334680806913,67.0,,,0.0,100.0,0.0,
530010805180239,Samambaia,Urbana,0.056419197554523,149.0,16.7,0.0,0.0,0.0,0.0,4.2
530010805180240,Samambaia,Urbana,0.095233485988613,139.0,90.0,0.0,0.0,0.0,0.0,22.5
530010805180241,Samambaia,Urbana,0.035680387503551,144.0,25.0,0.0,0.0,0.0,0.0,6.2
530010805180242,Samambaia,Urbana,0.022709161037161,94.0,0.0,0.0,0.0,,0.0,0.0
530010805180243,Samambaia,Urbana,0.060360341442705,127.0,22.2,0.0,0.0,0.0,0.0,5.6
530010805180244,Samambaia,Urbana,0.068089350035338,148.0,45.5,0.0,0.0,0.0,0.0,11.4
530010805180245,Samambaia,Urbana,0.042772253990511,160.0,0.0,0.0,0.0,0.0,0.0,0.0
530010805180246,Samambaia,Urbana,0.022295884322967,127.0,0.0,0.0,0.0,0.0,0.0,0.0
530010805180247,Samambaia,Urbana,0.054122076150433,112.0,44.4,0.0,0.0,,0.0,11.1
530010805180248,Samambaia,Urbana,0.025600831719984,128.0,0.0,0.0,0.0,0.0,0.0,0.0
530010805180249,Samambaia,Urbana,0.08011074147122,214.0,28.6,0.0,0.0,0.0,0.0,7.2
530010805180250,Samambaia,Urbana,0.036036725848593,129.0,20.0,0.0,0.0,0.0,0.0,5.0
530010805180251,Samambaia,Urbana,0.01966499470714,123.0,50.0,0.0,0.0,0.0,0.0,12.5
530010805180252,Samambaia,Urbana,0.529952763830283,5.0,,,60.0,100.0,60.0,
530010805180253,Samambaia,Urbana,0.096486141289359,174.0,20.0,0.0,0.0,0.0,0.0,5.0
530010805180254,Samambaia,Urbana,0.054451286181261,180.0,11.1,0.0,0.0,0.0,0.0,2.8
530010805180255,Samambaia,Urbana,0.130369200822021,333.0,40.0,0.0,0.0,0.0,0.0,10.0
530010805180256,Samambaia,Urbana,0.068649910860976,194.0,50.0,0.0,0.0,0.0,0.0,12.5
530010805180257,Samambaia,Urbana,0.0382437999943,269.0,0.0,0.0,0.0,0.0,0.0,0.0
530010805180258,Samambaia,Urbana,0.087299414613967,246.0,41.7,0.0,0.0,0.0,0.0,10.4
530010805180259,Samambaia,Urbana,0.026650182447526,176.0,0.0,0.0,0.0,0.0,0.0,0.0
530010805180260,Samambaia,Urbana,0.064289307847814,333.0,70.0,0.0,0.0,0.0,0.0,17.5
530010805180261,Samambaia,Urbana,0.024452959234904,109.0,25.0,0.0,0.0,0.0,0.0,6.2
530010805180262,Samambaia,Urbana,0.088732682360022,139.0,53.3,0.0,0.0,0.0,0.0,13.3
530010805180263,Samambaia,Urbana,0.037451085667651,219.0,33.3,0.0,0.0,0.0,0.0,8.3
530010805180264,Samambaia,Urbana,0.078408916926029,235.0,66.7,0.0,0.0,0.0,0.0,16.7
530010805180265,Samambaia,Urbana,0.925102361772812,233.0,0.0,0.0,0.0,0.0,0.0,0.0
530010805180266,Samambaia,Urbana,0.048764760096664,206.0,16.7,0.0,0.0,0.0,0.0,4.2
530010805180267,Samambaia,Urbana,0.088112174624713,148.0,12.5,0.0,0.0,0.0,0.0,3.1
530010805180268,Samambaia,Urbana,0.061139148372486,176.0,33.3,0.0,0.0,0.0,0.0,8.3
530010805180269,Samambaia,Urbana,0.027498815664195,164.0,0.0,0.0,0.0,0.0,0.0,0.0
530010805180270,Samambaia,Urbana,0.06567451264567,122.0,20.0,0.0,0.0,0.0,0.0,5.0
530010805180271,Samambaia,Urbana,0.035346397504191,184.0,0.0,0.0,0.0,0.0,0.0,0.0
530010805180272,Samambaia,Urbana,0.097208914115879,191.0,55.6,0.0,0.0,0.0,0.0,13.9
530010805180273,Samambaia,Urbana,0.050928251172241,186.0,75.0,0.0,0.0,0.0,,
530010805180274,Samambaia,Urbana,0.04224551907825,156.0,12.5,0.0,0.0,0.0,0.0,3.1
530010805180275,Samambaia,Urbana,0.039369374656577,152.0,37.5,0.0,0.0,0.0,0.0,9.4
530010805180276,Samambaia,Urbana,0.047984269123248,141.0,0.0,0.0,0.0,0.0,0.0,0.0
530010805180277,Samambaia,Urbana,0.043783971996944,149.0,45.5,0.0,0.0,0.0,0.0,11.4
530010805180278,Samambaia,Urbana,0.085180078260008,185.0,0.0,0.0,0.0,0.0,0.0,0.0
530010805180279,Samambaia,Urbana,0.032495065043148,165.0,0.0,0.0,0.0,0.0,0.0,0.0
530010805180280,Samambaia,Urbana,0.025492241028169,161.0,75.0,0.0,0.0,0.0,0.0,18.8
530010805180281,Samambaia,Urbana,0.105788186868576,296.0,8.3,0.0,0.0,0.0,0.0,2.1
530010805180282,Samambaia,Urbana,0.039148369767232,146.0,16.7,0.0,0.0,0.0,0.0,4.2
530010805180283,Samambaia,Urbana,0.036507104900298,138.0,0.0,0.0,0.0,0.0,0.0,0.0
530010805180284,Samambaia,Urbana,0.027672919810912,136.0,40.0,0.0,0.0,0.0,0.0,10.0
530010805180285,Samambaia,Urbana,0.067374061091749,146.0,16.7,0.0,0.0,0.0,0.0,4.2
530010805180286,Samambaia,Urbana,0.04032280230401,158.0,0.0,0.0,,0.0,0.0,
530010805180287,Samambaia,Urbana,0.038817739754875,176.0,16.7,0.0,0.0,0.0,0.0,4.2
530010805180288,Samambaia,Urbana,0.062296347645303,139.0,33.3,0.0,,0.0,0.0,
530010805180289,Samambaia,Urbana,0.02907335974339,141.0,0.0,0.0,,0.0,0.0,
530010805180291,Samambaia,Urbana,0.080535247812179,289.0,0.0,0.0,4.2,0.0,0.0,1.0
530010805180292,Samambaia,Rural,6.111033704029934,5.0,,,,100.0,100.0,
530010805180294,Samambaia,Urbana,0.10833383518405,140.0,58.3,0.0,0.0,,0.0,14.6
530010805180295,Samambaia,Urbana,0.02986176645567,132.0,33.3,0.0,0.0,0.0,0.0,8.3
530010805180296,Samambaia,Urbana,0.070752630895069,89.0,22.2,0.0,0.0,0.0,0.0,5.6
530010805180297,Samambaia,Urbana,0.087391552997065,204.0,50.0,0.0,0.0,0.0,0.0,12.5
530010805180298,Samambaia,Urbana,0.049525593252606,82.0,0.0,0.0,0.0,0.0,0.0,0.0
530010805180299,Samambaia,Urbana,0.040037734382625,109.0,50.0,0.0,0.0,0.0,0.0,12.5
530010805180300,Samambaia,Urbana,0.040205039068875,247.0,0.0,0.0,0.0,0.0,0.0,0.0
530010805180301,Samambaia,Urbana,0.037420783812224,198.0,0.0,0.0,0.0,0.0,0.0,0.0
530010805180302,Samambaia,Urbana,0.063409984091946,229.0,0.0,0.0,0.0,0.0,0.0,0.0
530010805180303,Samambaia,Urbana,0.056049414626128,275.0,12.5,0.0,0.0,0.0,0.0,3.1
530010805180304,Samambaia,Urbana,0.082522509906283,313.0,11.1,0.0,0.0,0.0,0.0,2.8
530010805180305,Samambaia,Urbana,0.018510931093818,303.0,0.0,0.0,0.0,0.0,0.0,0.0
530010805180306,Samambaia,Urbana,0.012288012746606,222.0,0.0,0.0,0.0,0.0,0.0,0.0
530010805180307,Samambaia,Urbana,0.011006587564564,205.0,33.3,0.0,0.0,0.0,0.0,8.3
530010805180308,Samambaia,Urbana,0.144522034822642,216.0,0.0,0.0,0.0,0.0,0.0,0.0
530010805180309,Samambaia,Urbana,0.12479331566999,154.0,0.0,0.0,0.0,0.0,0.0,0.0
530010805180310,Samambaia,Urbana,0.033770329512431,172.0,0.0,0.0,0.0,0.0,0.0,0.0
530010805180311,Samambaia,Urbana,0.041171692065923,172.0,0.0,0.0,0.0,0.0,0.0,0.0
530010805180315,Samambaia,Urbana,1.819434878884028,,,,,,,
530010805180316,Samambaia,Urbana,0.042539856294114,335.0,0.0,0.0,0.0,0.0,0.0,0.0
530010805180317,Samambaia,Urbana,0.07242507720715,238.0,22.2,0.0,0.0,0.0,0.0,5.6
530010805180318,Samambaia,Urbana,0.069853553044079,202.0,46.7,0.0,0.0,0.0,0.0,11.7
530010805180319,Samambaia,Urbana,0.043824152065346,203.0,57.1,0.0,0.0,0.0,0.0,14.3
530010805180320,Samambaia,Urbana,0.063513975337997,237.0,16.7,0.0,0.0,0.0,0.0,4.2
530010805180321,Samambaia,Urbana,0.046670440535481,330.0,0.0,0.0,0.0,0.0,0.0,0.0
530010805180322,Samambaia,Urbana,0.050882604408147,208.0,30.0,0.0,0.0,0.0,0.0,7.5
530010805180323,Samambaia,Urbana,0.059709348638534,284.0,16.7,0.0,0.0,0.0,0.0,4.2
530010805180324,Samambaia,Urbana,0.063931039364093,336.0,36.4,0.0,0.0,0.0,0.0,9.1
530010805180325,Samambaia,Urbana,0.052356729461241,190.0,58.3,0.0,0.0,0.0,0.0,14.6
530010805180326,Samambaia,Urbana,0.039214254568393,369.0,14.3,0.0,0.0,0.0,0.0,3.6
530010805180327,Samambaia,Urbana,0.09705072931617,271.0,70.6,5.9,0.0,0.0,0.0,19.1
530010805180328,Samambaia,Urbana,0.052206471978133,232.0,58.3,0.0,,0.0,0.0,
530010805180329,Samambaia,Urbana,0.045128754680296,243.0,30.0,0.0,0.0,0.0,0.0,7.5
530010805180330,Samambaia,Urbana,0.020395485250898,202.0,25.0,0.0,0.0,0.0,0.0,6.2
530010805180331,Samambaia,Urbana,0.070150455382966,336.0,30.0,0.0,,0.0,0.0,
530010805180333,Samambaia,Urbana,0.011091452010868,303.0,0.0,0.0,0.0,0.0,0.0,0.0
530010805180334,Samambaia,Urbana,0.039502429456577,368.0,0.0,0.0,0.0,0.0,0.0,0.0
530010805180335,Samambaia,Urbana,0.122533064683036,356.0,0.0,0.0,0.0,0.0,0.0,0.0
530010805180336,Samambaia,Urbana,0.226462677211844,164.0,42.9,0.0,0.0,0.0,0.0,10.7
530010805180337,Samambaia,Urbana,0.013673448846883,362.0,0.0,0.0,0.0,0.0,0.0,0.0
530010805180338,Samambaia,Urbana,0.029806041551564,,100.0,0.0,,,,
530010805180339,Samambaia,Urbana,0.011576681383772,327.0,0.0,0.0,0.0,0.0,0.0,0.0
530010805180340,Samambaia,Urbana,0.010828162791997,477.0,0.0,0.0,0.0,0.0,0.0,0.0
530010805180342,Samambaia,Urbana,0.071678149703484,328.0,16.7,0.0,0.0,0.0,0.0,4.2
530010805180344,Samambaia,Urbana,0.04077612550894,142.0,0.0,0.0,0.0,0.0,0.0,0.0
530010805180345,Samambaia,Urbana,0.029323252951459,186.0,85.7,0.0,0.0,0.0,0.0,21.4
530010805180346,Samambaia,Urbana,0.070405270691683,282.0,61.5,0.0,0.0,0.0,0.0,15.4
530010805180347,Samambaia,Urbana,0.030411716460475,234.0,0.0,0.0,0.0,0.0,0.0,0.0
530010805180348,Samambaia,Urbana,0.10032019829555,299.0,64.7,0.0,0.0,0.0,0.0,16.2
530010805180350,Samambaia,Rural,0.289781906906137,98.0,,,98.0,100.0,,
530010805180352,Samambaia,Urbana,0.070728961566819,177.0,100.0,0.0,0.0,0.0,0.0,25.0
530010805180353,Samambaia,Urbana,0.015815854671061,50.0,100.0,0.0,,10.0,0.0,
530010805180354,Samambaia,Urbana,0.039093879057616,103.0,16.7,0.0,0.0,0.0,0.0,4.2
530010805180355,Samambaia,Urbana,0.013059106588354,73.0,100.0,0.0,0.0,0.0,0.0,25.0
530010805180356,Samambaia,Urbana,0.065557594988254,285.0,50.0,0.0,93.3,,0.0,35.8
530010805180357,Samambaia,Urbana,0.094620776214085,271.0,9.1,0.0,0.0,0.0,0.0,2.3
530010805180358,Samambaia,Urbana,0.01697318249318,73.0,100.0,0.0,94.5,21.9,6.8,50.3
530010805180360,Samambaia,Urbana,0.126148832950831,45.0,100.0,100.0,,,,
530010805180361,Samambaia,Urbana,0.238722857124896,205.0,100.0,96.7,26.8,5.9,,
530010805180362,Samambaia,Urbana,0.008284290992623,176.0,0.0,0.0,0.0,0.0,0.0,0.0
530010805180363,Samambaia,Urbana,0.009103963100233,228.0,0.0,0.0,0.0,0.0,0.0,0.0
530010805180364,Samambaia,Urbana,0.546275691897339,,100.0,0.0,,,,
530010805180369,Samambaia,Rural,10.071098860963998,40.0,,,82.5,95.0,,
530010805180370,Samambaia,Rural,13.552561501947048,119.0,,,,76.5,,
530010805180371,Samambaia,Rural,0.429415505633629,91.0,,,98.9,98.9,,
530010805180372,Samambaia,Rural,3.14788135747114,,,,,,,
530010805180373,Samambaia,Rural,0.789181751146996,154.0,,,96.1,100.0,,
530010805180374,Samambaia,Rural,0.229717596691674,121.0,,,,100.0,33.9,
530010805180375,Samambaia,Urbana,1.185280793846651,144.0,100.0,50.0,,36.1,,
530010805180376,Samambaia,Urbana,0.506933415307991,82.0,100.0,75.0,0.0,9.8,,
530010805180377,Samambaia,Rural,4.146204049503137,31.0,,,,58.1,71.0,
530010805180378,Samambaia,Urbana,0.033376587896954,62.0,,,6.5,0.0,,
530010805180379,Samambaia,Rural,4.204251470252725,67.0,,,46.3,85.1,20.9,
530010805180380,Samambaia,Urbana,0.06944942891887,109.0,,,91.7,7.3,,
530010805180381,Samambaia,Urbana,0.063652466369187,198.0,0.0,0.0,,,0.0,
530010805180382,Samambaia,Urbana,0.028620068486838,291.0,0.0,0.0,0.0,0.0,0.0,0.0
530010805180383,Samambaia,Urbana,0.291853953582123,349.0,23.1,0.0,,,0.0,
530010805180384,Samambaia,Urbana,0.066420201038344,216.0,0.0,0.0,0.0,0.0,0.0,0.0
530010805180385,Samambaia,Urbana,0.044511386307296,359.0,44.4,0.0,0.0,0.0,0.0,11.1
530010805180386,Samambaia,Urbana,0.034718321284768,104.0,60.0,0.0,0.0,0.0,0.0,15.0
530010805180387,Samambaia,Rural,0.337742176445757,37.0,,,0.0,100.0,16.2,
530010805180388,Samambaia,Rural,21.442994874375355,78.0,,,3.8,100.0,,
530010805180389,Samambaia,Rural,0.056748526085185,52.0,,,0.0,98.1,,
530010805180390,Samambaia,Urbana,0.0518994818738,178.0,14.3,0.0,0.0,0.0,0.0,3.6
530010805180391,Samambaia,Urbana,0.049844419778686,300.0,16.7,0.0,0.0,0.0,0.0,4.2
530010805180392,Samambaia,Urbana,0.120655313272432,109.0,14.3,0.0,0.0,0.0,0.0,3.6
530010805180393,Samambaia,Urbana,0.05718552283741,193.0,66.7,0.0,0.0,0.0,0.0,16.7
530010805180394,Samambaia,Urbana,0.119698957269125,157.0,33.3,0.0,0.0,0.0,0.0,8.3
530010805180395,Samambaia,Urbana,0.076589785091452,187.0,28.6,0.0,0.0,0.0,0.0,7.2
530010805180396,Samambaia,Urbana,0.059619936266605,154.0,72.7,0.0,0.0,0.0,0.0,18.2
530010805180397,Samambaia,Urbana,0.041071955847566,159.0,90.0,0.0,0.0,0.0,0.0,22.5
530010805190001,Candangolândia,Urbana,0.037411988979229,201.0,61.5,0.0,0.0,0.0,0.0,15.4
530010805190002,Candangolândia,Urbana,0.058410359880783,182.0,25.0,0.0,0.0,0.0,0.0,6.2
530010805190003,Candangolândia,Urbana,0.03040855574169,199.0,30.0,0.0,0.0,0.0,0.0,7.5
530010805190004,Candangolândia,Urbana,0.054032791160866,282.0,20.0,0.0,0.0,0.0,0.0,5.0
530010805190005,Candangolândia,Urbana,0.088404375840869,221.0,5.9,0.0,0.0,0.0,0.0,1.5
530010805190006,Candangolândia,Urbana,0.028648752259564,170.0,0.0,0.0,0.0,0.0,0.0,0.0
530010805190007,Candangolândia,Urbana,0.078815327726765,153.0,20.0,0.0,,0.0,,
530010805190008,Candangolândia,Urbana,0.038449188529629,170.0,10.0,0.0,0.0,0.0,0.0,2.5
530010805190009,Candangolândia,Urbana,0.079422475239871,165.0,0.0,0.0,0.0,0.0,0.0,0.0
530010805190010,Candangolândia,Urbana,0.056660567846622,223.0,45.5,0.0,0.0,0.0,0.0,11.4
530010805190011,Candangolândia,Urbana,0.029647475491065,185.0,0.0,0.0,0.0,0.0,0.0,0.0
530010805190012,Candangolândia,Urbana,0.163273499623705,335.0,11.1,11.1,14.0,1.2,,
530010805190013,Candangolândia,Urbana,0.043434982633994,259.0,26.7,0.0,0.0,0.0,0.0,6.7
530010805190014,Candangolândia,Urbana,0.074643446340451,262.0,0.0,0.0,,0.0,0.0,
530010805190015,Candangolândia,Urbana,0.031091975345272,188.0,0.0,0.0,0.0,0.0,0.0,0.0
530010805190016,Candangolândia,Urbana,1.763624081675332,,0.0,0.0,,,,
530010805190017,Candangolândia,Urbana,0.138586944716371,340.0,31.4,0.0,0.0,0.0,0.0,7.8
530010805190018,Candangolândia,Urbana,0.053873568952416,249.0,45.7,0.0,0.0,0.0,0.0,11.4
530010805190019,Candangolândia,Urbana,0.089739335407989,311.0,50.0,0.0,0.0,0.0,0.0,12.5
530010805190020,Candangolândia,Urbana,0.038480708449066,160.0,11.1,0.0,,0.0,0.0,
530010805190021,Candangolândia,Urbana,0.082941756340396,285.0,0.0,0.0,0.0,0.0,0.0,0.0
530010805190023,Candangolândia,Urbana,3.528550659642656,178.0,100.0,6.7,9.0,0.0,0.0,28.9
530010805190024,Candangolândia,Urbana,0.027477595156996,55.0,100.0,0.0,94.5,,0.0,48.6
530010805200001,Recanto das Emas,Urbana,0.08659012994706,143.0,42.9,0.0,0.0,0.0,0.0,10.7
530010805200002,Recanto das Emas,Urbana,0.049973926747805,224.0,12.5,0.0,0.0,0.0,0.0,3.1
530010805200003,Recanto das Emas,Urbana,0.042839124074221,181.0,22.2,0.0,0.0,0.0,0.0,5.6
530010805200004,Recanto das Emas,Urbana,0.03522753545083,168.0,0.0,0.0,0.0,0.0,0.0,0.0
530010805200005,Recanto das Emas,Urbana,0.103911223103593,362.0,0.0,0.0,0.0,0.0,0.0,0.0
530010805200006,Recanto das Emas,Urbana,0.051800041949996,164.0,0.0,0.0,0.0,0.0,0.0,0.0
530010805200007,Recanto das Emas,Urbana,0.111508138446288,175.0,0.0,0.0,0.0,0.0,0.0,0.0
530010805200008,Recanto das Emas,Urbana,0.052957497870013,183.0,11.1,0.0,0.0,0.0,0.0,2.8
530010805200009,Recanto das Emas,Urbana,0.080229690901506,206.0,40.0,0.0,0.0,0.0,0.0,10.0
530010805200010,Recanto das Emas,Urbana,0.066116896511484,185.0,50.0,0.0,0.0,0.0,0.0,12.5
530010805200011,Recanto das Emas,Urbana,0.053812102751036,161.0,16.7,0.0,0.0,0.0,0.0,4.2
530010805200012,Recanto das Emas,Urbana,0.050651062172949,182.0,42.9,0.0,0.0,0.0,0.0,10.7
530010805200013,Recanto das Emas,Urbana,0.05384239793413,157.0,33.3,0.0,0.0,0.0,0.0,8.3
530010805200014,Recanto das Emas,Urbana,0.045666811139694,176.0,71.4,0.0,0.0,0.0,0.0,17.8
530010805200015,Recanto das Emas,Urbana,0.051430791934068,203.0,0.0,0.0,0.0,0.0,0.0,0.0
530010805200016,Recanto das Emas,Urbana,0.034073163497249,171.0,16.7,0.0,0.0,0.0,0.0,4.2
530010805200017,Recanto das Emas,Urbana,0.052426631896206,217.0,0.0,0.0,0.0,0.0,0.0,0.0
530010805200018,Recanto das Emas,Urbana,0.081569278006562,225.0,63.6,0.0,0.0,0.0,0.0,15.9
530010805200019,Recanto das Emas,Urbana,0.06748630117517,189.0,14.3,0.0,0.0,0.0,0.0,3.6
530010805200020,Recanto das Emas,Urbana,0.05632113049836,195.0,22.2,0.0,0.0,0.0,0.0,5.6
530010805200021,Recanto das Emas,Urbana,0.062164875271658,157.0,100.0,11.1,0.0,0.0,0.0,27.8
530010805200022,Recanto das Emas,Urbana,0.049666683915014,200.0,25.0,0.0,0.0,0.0,0.0,6.2
530010805200023,Recanto das Emas,Urbana,0.068243963975053,171.0,44.4,0.0,0.0,0.0,0.0,11.1
530010805200024,Recanto das Emas,Urbana,0.038892379097139,182.0,50.0,0.0,0.0,0.0,0.0,12.5
530010805200025,Recanto das Emas,Urbana,0.047236279943374,186.0,42.9,0.0,0.0,0.0,0.0,10.7
530010805200026,Recanto das Emas,Urbana,0.178715622990008,156.0,16.7,0.0,,0.0,0.0,
530010805200027,Recanto das Emas,Urbana,0.070948492675811,207.0,37.5,0.0,0.0,0.0,0.0,9.4
530010805200028,Recanto das Emas,Urbana,0.063313512404176,176.0,33.3,0.0,0.0,0.0,0.0,8.3
530010805200029,Recanto das Emas,Urbana,0.075851596284191,229.0,40.0,0.0,0.0,0.0,0.0,10.0
530010805200030,Recanto das Emas,Urbana,0.072491852379861,221.0,30.0,0.0,0.0,0.0,0.0,7.5
530010805200031,Recanto das Emas,Urbana,0.064748762319173,211.0,25.0,0.0,0.0,0.0,,
530010805200032,Recanto das Emas,Urbana,0.100712927577261,211.0,33.3,0.0,0.0,0.0,0.0,8.3
530010805200033,Recanto das Emas,Urbana,0.039261120274657,201.0,57.1,0.0,0.0,0.0,0.0,14.3
530010805200034,Recanto das Emas,Urbana,0.2769417030653,258.0,36.4,0.0,0.0,0.0,0.0,9.1
530010805200035,Recanto das Emas,Urbana,0.167091723707582,215.0,66.7,0.0,0.0,0.0,0.0,16.7
530010805200036,Recanto das Emas,Urbana,0.043582383196597,217.0,0.0,0.0,0.0,0.0,0.0,0.0
530010805200037,Recanto das Emas,Urbana,0.061396889216015,198.0,63.6,0.0,0.0,0.0,0.0,15.9
530010805200038,Recanto das Emas,Urbana,0.048138317494334,269.0,25.0,0.0,0.0,0.0,0.0,6.2
530010805200039,Recanto das Emas,Urbana,0.091150530305642,231.0,46.7,0.0,0.0,0.0,0.0,11.7
530010805200040,Recanto das Emas,Urbana,0.035208870070454,224.0,0.0,0.0,0.0,0.0,0.0,0.0
530010805200041,Recanto das Emas,Urbana,0.036668541092289,193.0,0.0,0.0,0.0,0.0,0.0,0.0
530010805200042,Recanto das Emas,Urbana,0.06147142476943,212.0,14.3,0.0,1.4,0.0,0.0,3.9
530010805200043,Recanto das Emas,Urbana,0.11789626250211,362.0,13.6,0.0,0.0,0.0,0.0,3.4
530010805200044,Recanto das Emas,Urbana,0.185855171476667,405.0,20.0,0.0,0.0,0.0,0.0,5.0
530010805200045,Recanto das Emas,Urbana,0.092679248062673,158.0,45.5,0.0,0.0,0.0,0.0,11.4
530010805200046,Recanto das Emas,Urbana,0.104976106071083,401.0,69.2,0.0,0.0,0.0,0.0,17.3
530010805200047,Recanto das Emas,Urbana,0.066612478870083,247.0,45.5,0.0,0.0,0.0,,
530010805200048,Recanto das Emas,Urbana,0.036377772907973,206.0,57.1,0.0,0.0,0.0,0.0,14.3
530010805200049,Recanto das Emas,Urbana,0.043161558343932,201.0,28.6,0.0,0.0,0.0,0.0,7.2
530010805200050,Recanto das Emas,Urbana,0.056662753145914,276.0,37.5,0.0,0.0,0.0,0.0,9.4
530010805200051,Recanto das Emas,Urbana,0.032738047499653,242.0,40.0,0.0,0.0,0.0,0.0,10.0
530010805200052,Recanto das Emas,Urbana,0.083781467265383,368.0,16.7,0.0,0.0,,0.0,4.2
530010805200053,Recanto das Emas,Urbana,0.088880029665931,418.0,25.0,0.0,0.0,0.0,0.0,6.2
530010805200054,Recanto das Emas,Urbana,0.023773622915166,125.0,0.0,0.0,0.0,0.0,0.0,0.0
530010805200055,Recanto das Emas,Urbana,0.027932683153239,96.0,0.0,0.0,0.0,0.0,0.0,0.0
530010805200056,Recanto das Emas,Urbana,0.048422004263989,182.0,14.3,0.0,0.0,0.0,0.0,3.6
530010805200057,Recanto das Emas,Urbana,0.060407982119657,256.0,37.5,0.0,0.0,0.0,0.0,9.4
530010805200058,Recanto das Emas,Urbana,0.040088212720251,178.0,16.7,0.0,0.0,0.0,0.0,4.2
530010805200059,Recanto das Emas,Urbana,0.304776009366321,353.0,52.6,0.0,0.0,0.0,0.0,13.2
530010805200060,Recanto das Emas,Urbana,0.024787723804484,125.0,0.0,0.0,0.0,0.0,0.0,0.0
530010805200061,Recanto das Emas,Urbana,0.021377576783142,128.0,33.3,0.0,0.0,0.0,0.0,8.3
530010805200062,Recanto das Emas,Urbana,0.071868431538208,285.0,66.7,0.0,0.0,0.0,0.0,16.7
530010805200063,Recanto das Emas,Urbana,0.072799938330775,201.0,62.5,0.0,0.0,0.0,0.0,15.6
530010805200064,Recanto das Emas,Urbana,0.08310244553952,217.0,37.5,0.0,0.0,0.0,0.0,9.4
530010805200065,Recanto das Emas,Urbana,0.024386679954667,92.0,33.3,0.0,0.0,0.0,0.0,8.3
530010805200066,Recanto das Emas,Urbana,0.028824448868532,136.0,20.0,0.0,0.0,0.0,0.0,5.0
530010805200069,Recanto das Emas,Urbana,0.026427355815793,166.0,80.0,0.0,0.0,0.0,0.0,20.0
530010805200070,Recanto das Emas,Urbana,0.019418009939376,97.0,0.0,0.0,0.0,0.0,0.0,0.0
530010805200073,Recanto das Emas,Urbana,0.065764088034908,138.0,37.5,0.0,0.0,0.0,0.0,9.4
530010805200074,Recanto das Emas,Urbana,0.0716501935488,228.0,57.1,0.0,0.0,0.0,0.0,14.3
530010805200075,Recanto das Emas,Urbana,8.697863219540956,245.0,50.0,50.0,81.2,16.7,,
530010805200076,Recanto das Emas,Urbana,0.0784974970836,238.0,15.4,0.0,0.0,0.0,0.0,3.8
530010805200077,Recanto das Emas,Urbana,0.063468819263555,223.0,27.3,0.0,0.0,0.0,0.0,6.8
530010805200078,Recanto das Emas,Urbana,0.097873305958963,242.0,54.5,0.0,0.0,0.0,0.0,13.6
530010805200079,Recanto das Emas,Urbana,0.08592655655086,206.0,45.5,0.0,0.0,0.0,0.0,11.4
530010805200080,Recanto das Emas,Urbana,0.043267155754734,173.0,0.0,0.0,0.0,0.0,0.0,0.0
530010805200081,Recanto das Emas,Urbana,0.047214625208697,168.0,85.7,0.0,0.0,0.0,0.0,21.4
530010805200082,Recanto das Emas,Urbana,0.047475229193318,239.0,62.5,0.0,0.0,0.0,0.0,15.6
530010805200083,Recanto das Emas,Urbana,0.052584474368328,231.0,11.1,0.0,0.0,0.0,0.0,2.8
530010805200084,Recanto das Emas,Urbana,0.034223500676456,157.0,20.0,0.0,0.0,0.0,0.0,5.0
530010805200085,Recanto das Emas,Urbana,0.051546134874246,233.0,11.1,0.0,0.0,0.0,0.0,2.8
530010805200086,Recanto das Emas,Urbana,0.051137868389162,260.0,62.5,0.0,,0.0,0.0,
530010805200087,Recanto das Emas,Urbana,0.027115027065971,143.0,0.0,0.0,0.0,0.0,0.0,0.0
530010805200088,Recanto das Emas,Urbana,0.029538957448346,159.0,25.0,0.0,0.0,0.0,0.0,6.2
530010805200089,Recanto das Emas,Urbana,0.050491700065304,281.0,9.1,0.0,0.0,0.0,0.0,2.3
530010805200090,Recanto das Emas,Urbana,0.026866831808907,158.0,0.0,0.0,0.0,0.0,0.0,0.0
530010805200091,Recanto das Emas,Urbana,0.033811519337747,137.0,75.0,0.0,0.0,0.0,0.0,18.8
530010805200092,Recanto das Emas,Urbana,0.043406133405212,178.0,50.0,0.0,0.0,0.0,0.0,12.5
530010805200093,Recanto das Emas,Urbana,0.073303467944858,238.0,50.0,0.0,,0.0,0.0,
530010805200094,Recanto das Emas,Urbana,0.043935880837012,211.0,16.7,0.0,0.0,0.0,0.0,4.2
530010805200095,Recanto das Emas,Urbana,0.037064050633083,207.0,42.9,0.0,0.0,0.0,0.0,10.7
530010805200096,Recanto das Emas,Urbana,0.044311404603559,198.0,44.4,0.0,0.0,,0.0,11.1
530010805200097,Recanto das Emas,Urbana,0.028483371004242,189.0,20.0,0.0,0.0,0.0,0.0,5.0
530010805200098,Recanto das Emas,Urbana,0.051210882840302,175.0,28.6,0.0,0.0,0.0,0.0,7.2
530010805200099,Recanto das Emas,Urbana,0.078162439692475,261.0,55.6,0.0,0.0,0.0,0.0,13.9
530010805200100,Recanto das Emas,Urbana,0.035877707204136,185.0,40.0,0.0,0.0,0.0,0.0,10.0
530010805200101,Recanto das Emas,Urbana,0.049399073741068,264.0,11.1,0.0,0.0,0.0,0.0,2.8
530010805200102,Recanto das Emas,Urbana,0.060970053423099,184.0,50.0,0.0,0.0,0.0,0.0,12.5
530010805200103,Recanto das Emas,Urbana,0.069690378068953,181.0,50.0,0.0,0.0,0.0,0.0,12.5
530010805200104,Recanto das Emas,Urbana,0.049851963919684,205.0,0.0,0.0,0.0,0.0,0.0,0.0
530010805200105,Recanto das Emas,Urbana,0.061243353842224,152.0,50.0,0.0,0.0,0.0,0.0,12.5
530010805200106,Recanto das Emas,Urbana,0.065401059745446,170.0,22.2,0.0,0.0,0.0,0.0,5.6
530010805200107,Recanto das Emas,Urbana,0.041583461833071,160.0,87.5,0.0,0.0,0.0,0.0,21.9
530010805200108,Recanto das Emas,Urbana,0.029139247476998,144.0,100.0,0.0,0.0,0.0,0.0,25.0
530010805200109,Recanto das Emas,Urbana,0.078046347090501,222.0,66.7,0.0,0.0,0.0,0.0,16.7
530010805200110,Recanto das Emas,Urbana,0.051955164414038,218.0,14.3,0.0,0.0,0.0,0.0,3.6
530010805200111,Recanto das Emas,Urbana,0.062378171916061,216.0,50.0,0.0,0.0,0.0,0.0,12.5
530010805200112,Recanto das Emas,Urbana,0.056229466655437,216.0,25.0,0.0,0.0,0.0,0.0,6.2
530010805200113,Recanto das Emas,Urbana,0.032981703822065,212.0,33.3,0.0,0.0,0.0,0.0,8.3
530010805200114,Recanto das Emas,Urbana,0.047232239570104,196.0,11.1,0.0,0.0,,0.0,2.8
530010805200115,Recanto das Emas,Urbana,0.037198546812303,198.0,0.0,0.0,0.0,0.0,0.0,0.0
530010805200116,Recanto das Emas,Urbana,0.046703924982872,219.0,28.6,0.0,0.0,0.0,0.0,7.2
530010805200117,Recanto das Emas,Urbana,0.052860239191009,276.0,22.2,0.0,,,0.0,
530010805200119,Recanto das Emas,Rural,35.12758281876457,155.0,,,1.9,96.8,20.0,
530010805200123,Recanto das Emas,Urbana,0.274881741718618,264.0,100.0,64.7,0.0,0.0,0.0,41.2
530010805200127,Recanto das Emas,Urbana,0.076669174410038,189.0,0.0,0.0,0.0,0.0,0.0,0.0
530010805200128,Recanto das Emas,Urbana,0.076740976496031,211.0,44.4,0.0,0.0,0.0,0.0,11.1
530010805200129,Recanto das Emas,Urbana,0.088865677992393,183.0,16.7,0.0,0.0,0.0,0.0,4.2
530010805200130,Recanto das Emas,Urbana,0.194246147767117,159.0,15.8,0.0,0.0,0.0,0.0,4.0
530010805200131,Recanto das Emas,Urbana,0.083813871923705,167.0,33.3,0.0,0.0,0.0,0.0,8.3
530010805200132,Recanto das Emas,Urbana,0.062548644464534,174.0,66.7,0.0,0.0,0.0,0.0,16.7
530010805200133,Recanto das Emas,Urbana,0.083463540675935,173.0,27.3,0.0,0.0,0.0,0.0,6.8
530010805200134,Recanto das Emas,Urbana,0.084233466002547,178.0,0.0,0.0,,,0.0,
530010805200135,Recanto das Emas,Urbana,0.097794852779803,115.0,40.0,0.0,0.0,0.0,,
530010805200136,Recanto das Emas,Urbana,0.058191336677281,154.0,42.9,0.0,0.0,0.0,0.0,10.7
530010805200137,Recanto das Emas,Urbana,0.081838733770308,149.0,71.4,0.0,0.0,0.0,0.0,17.8
530010805200138,Recanto das Emas,Urbana,0.076234931819121,171.0,63.6,0.0,0.0,0.0,0.0,15.9
530010805200139,Recanto das Emas,Urbana,0.079264286615176,151.0,90.9,0.0,0.0,0.0,0.0,22.7
530010805200140,Recanto das Emas,Urbana,0.04161134134607,191.0,20.0,0.0,0.0,0.0,0.0,5.0
530010805200141,Recanto das Emas,Urbana,0.045917349171052,218.0,44.4,0.0,,0.0,0.0,
530010805200142,Recanto das Emas,Urbana,0.04745339752256,252.0,25.0,0.0,0.0,0.0,0.0,6.2
530010805200143,Recanto das Emas,Urbana,0.035702487259574,162.0,28.6,0.0,0.0,0.0,0.0,7.2
530010805200144,Recanto das Emas,Urbana,0.093671254050557,158.0,11.1,0.0,0.0,0.0,0.0,2.8
530010805200145,Recanto das Emas,Urbana,0.173088653989548,158.0,0.0,0.0,0.0,0.0,0.0,0.0
530010805200146,Recanto das Emas,Urbana,0.042799496785297,189.0,33.3,0.0,0.0,0.0,0.0,8.3
530010805200147,Recanto das Emas,Urbana,0.034371374157925,184.0,28.6,0.0,0.0,0.0,0.0,7.2
530010805200148,Recanto das Emas,Urbana,0.037742750328714,219.0,0.0,0.0,0.0,0.0,0.0,0.0
530010805200149,Recanto das Emas,Urbana,0.064791085700446,194.0,37.5,0.0,0.0,0.0,0.0,9.4
530010805200150,Recanto das Emas,Urbana,0.041944885629003,156.0,71.4,0.0,0.0,0.0,0.0,17.8
530010805200151,Recanto das Emas,Urbana,0.05176978815471,244.0,14.3,0.0,0.0,0.0,0.0,3.6
530010805200152,Recanto das Emas,Urbana,0.154320689516514,279.0,53.8,0.0,0.0,0.0,0.0,13.4
530010805200153,Recanto das Emas,Urbana,0.050299115899126,188.0,14.3,0.0,0.0,0.0,0.0,3.6
530010805200154,Recanto das Emas,Urbana,0.067377598668581,213.0,30.0,0.0,0.0,0.0,0.0,7.5
530010805200155,Recanto das Emas,Urbana,0.056069060637184,172.0,12.5,0.0,0.0,0.0,0.0,3.1
530010805200156,Recanto das Emas,Urbana,0.034188412914499,136.0,0.0,0.0,0.0,0.0,0.0,0.0
530010805200157,Recanto das Emas,Urbana,0.030813567938407,168.0,50.0,0.0,0.0,0.0,0.0,12.5
530010805200158,Recanto das Emas,Urbana,0.0364475583338,215.0,16.7,0.0,0.0,0.0,0.0,4.2
530010805200159,Recanto das Emas,Urbana,0.044931573130271,233.0,22.2,0.0,0.0,0.0,0.0,5.6
530010805200160,Recanto das Emas,Urbana,0.04938317205986,231.0,0.0,0.0,0.0,0.0,0.0,0.0
530010805200161,Recanto das Emas,Urbana,0.036801659575239,159.0,16.7,0.0,0.0,0.0,0.0,4.2
530010805200162,Recanto das Emas,Urbana,0.039603821858504,189.0,14.3,0.0,0.0,0.0,0.0,3.6
530010805200163,Recanto das Emas,Urbana,0.10575269384851,298.0,33.3,6.7,0.0,0.0,0.0,10.0
530010805200164,Recanto das Emas,Urbana,0.034941085965481,212.0,16.7,0.0,0.0,0.0,0.0,4.2
530010805200167,Recanto das Emas,Urbana,0.025142244837429,118.0,25.0,0.0,0.0,0.0,0.0,6.2
530010805200168,Recanto das Emas,Urbana,0.035672944397846,160.0,28.6,0.0,0.0,0.0,0.0,7.2
530010805200169,Recanto das Emas,Urbana,0.028897821988071,117.0,40.0,0.0,0.0,0.0,0.0,10.0
530010805200170,Recanto das Emas,Urbana,0.032450007980327,116.0,40.0,0.0,0.0,0.0,0.0,10.0
530010805200171,Recanto das Emas,Urbana,0.028490019292348,153.0,60.0,0.0,,0.0,0.0,
530010805200172,Recanto das Emas,Urbana,0.033038359837899,181.0,50.0,0.0,0.0,0.0,0.0,12.5
530010805200173,Recanto das Emas,Urbana,0.050647087583861,303.0,100.0,0.0,0.0,0.0,0.0,25.0
530010805200174,Recanto das Emas,Urbana,0.057042459369728,202.0,33.3,0.0,0.0,0.0,0.0,8.3
530010805200175,Recanto das Emas,Urbana,0.069758538140057,192.0,37.5,0.0,,0.0,0.0,
530010805200176,Recanto das Emas,Urbana,1.76467776702731,120.0,50.0,33.3,24.2,10.0,3.3,27.7
530010805200177,Recanto das Emas,Urbana,0.031871439635127,195.0,0.0,0.0,0.0,0.0,0.0,0.0
530010805200178,Recanto das Emas,Urbana,2.15939157297426,80.0,,,98.8,61.3,,
530010805200179,Recanto das Emas,Rural,2.331824806522343,7.0,,,,100.0,,
530010805200181,Recanto das Emas,Urbana,2.317957003599688,137.0,93.3,80.0,2.2,92.7,,
530010805200182,Recanto das Emas,Urbana,1.10551334644859,78.0,,,0.0,73.1,0.0,
530010805200183,Recanto das Emas,Rural,9.630554857350887,48.0,,,0.0,100.0,18.8,
530010805200184,Recanto das Emas,Urbana,0.588281649460178,,,,,,,
530010805200185,Recanto das Emas,Urbana,0.175182432949306,188.0,81.0,66.7,0.0,0.0,0.0,36.9
530010805200186,Recanto das Emas,Urbana,0.134050644266369,200.0,100.0,42.9,3.0,4.5,0.0,36.5
530010805200187,Recanto das Emas,Urbana,0.090197517758535,247.0,100.0,100.0,1.6,0.0,0.0,50.4
530010805200188,Recanto das Emas,Urbana,0.057194046898752,179.0,27.3,0.0,0.0,0.0,0.0,6.8
530010805200189,Recanto das Emas,Urbana,0.054394602606942,146.0,77.8,0.0,0.0,0.0,0.0,19.4
530010805200190,Recanto das Emas,Urbana,0.007209491034608,24.0,100.0,0.0,45.8,,0.0,36.4
530010805200191,Recanto das Emas,Urbana,0.019280052348936,117.0,33.3,0.0,0.0,0.0,0.0,8.3
530010805200192,Recanto das Emas,Urbana,0.035080783878795,58.0,100.0,0.0,0.0,0.0,,
530010805200193,Recanto das Emas,Urbana,0.018131010182765,56.0,100.0,33.3,,,,
530010805200194,Recanto das Emas,Urbana,0.002794896719156,33.0,100.0,0.0,97.0,97.0,97.0,73.5
530010805200195,Recanto das Emas,Urbana,0.083585815126105,172.0,66.7,0.0,83.1,0.0,0.0,37.4
530010805200196,Recanto das Emas,Urbana,0.095378641565065,216.0,50.0,0.0,0.0,,0.0,12.5
530010805200197,Recanto das Emas,Urbana,0.101309710504604,187.0,100.0,54.5,9.1,2.1,0.0,40.9
530010805200198,Recanto das Emas,Urbana,0.058501205657829,144.0,100.0,70.0,3.5,0.0,0.0,43.4
530010805200199,Recanto das Emas,Urbana,0.091815141639807,109.0,60.0,0.0,0.0,0.0,0.0,15.0
530010805200200,Recanto das Emas,Urbana,0.1415365225521,112.0,25.0,0.0,,0.0,0.0,
530010805200201,Recanto das Emas,Urbana,0.042647362523063,100.0,100.0,0.0,,0.0,0.0,
530010805200202,Recanto das Emas,Urbana,0.15016512574803,134.0,66.7,16.7,17.2,2.2,,
530010805200203,Recanto das Emas,Urbana,0.055618927660355,150.0,100.0,100.0,,,,
530010805200206,Recanto das Emas,Rural,2.027868791687222,126.0,,,88.9,49.2,31.0,
530010805200207,Recanto das Emas,Urbana,0.261342640852689,174.0,100.0,100.0,,2.3,1.7,
530010805200208,Recanto das Emas,Urbana,0.507330230657799,161.0,87.5,31.2,62.1,15.5,2.5,45.8
530010805200209,Recanto das Emas,Urbana,0.099074238538046,118.0,75.0,62.5,0.0,10.2,0.0,34.4
530010805200210,Recanto das Emas,Urbana,0.112689575037423,118.0,88.9,55.6,0.0,4.2,0.0,36.1
530010805200211,Recanto das Emas,Urbana,0.197790020878516,172.0,69.2,30.8,0.0,0.0,0.0,25.0
530010805200212,Recanto das Emas,Rural,0.934057817384113,22.0,,,0.0,100.0,,
530010805200213,Recanto das Emas,Urbana,0.664894952027405,43.0,,,90.7,93.0,14.0,
530010805200214,Recanto das Emas,Urbana,0.044030168771325,64.0,100.0,100.0,0.0,0.0,0.0,50.0
530010805200215,Recanto das Emas,Urbana,0.040240465085391,93.0,100.0,75.0,0.0,0.0,0.0,43.8
530010805200216,Recanto das Emas,Urbana,2.797553274363828,192.0,,,,22.4,,
530010805200217,Recanto das Emas,Rural,5.90180242944392,31.0,,,100.0,100.0,25.8,
530010805200218,Recanto das Emas,Urbana,1.454892420236425,157.0,,,94.3,66.2,,
530010805200219,Recanto das Emas,Rural,10.2487090115008,55.0,,,,100.0,25.5,
530010805200220,Recanto das Emas,Rural,1.593360418902392,188.0,,,,43.6,4.8,
530010805210001,Lago Norte,Urbana,0.694529589789402,230.0,16.7,0.0,0.0,0.0,0.0,4.2
530010805210002,Lago Norte,Urbana,0.535115551342525,177.0,16.7,0.0,0.0,0.0,0.0,4.2
530010805210003,Lago Norte,Urbana,0.582274538746569,241.0,41.7,0.0,0.0,0.0,0.0,10.4
530010805210004,Lago Norte,Urbana,0.479524714025951,223.0,54.5,0.0,0.0,0.0,0.0,13.6
530010805210005,Lago Norte,Urbana,0.723500479417378,251.0,6.2,0.0,0.0,0.0,0.0,1.6
530010805210006,Lago Norte,Urbana,0.621883934839457,264.0,7.7,0.0,0.0,0.0,0.0,1.9
530010805210007,Lago Norte,Urbana,0.566163303584456,239.0,23.1,0.0,0.0,0.0,0.0,5.8
530010805210008,Lago Norte,Urbana,0.619709104135087,259.0,20.0,0.0,0.0,0.0,0.0,5.0
530010805210009,Lago Norte,Urbana,0.421482519085297,189.0,9.1,0.0,0.0,0.0,0.0,2.3
530010805210010,Lago Norte,Urbana,0.485440594154935,208.0,0.0,0.0,0.0,0.0,,
530010805210011,Lago Norte,Urbana,0.6167162688673,163.0,18.2,0.0,0.0,0.0,0.0,4.6
530010805210012,Lago Norte,Urbana,0.495495183151234,225.0,40.0,0.0,0.0,0.0,0.0,10.0
530010805210013,Lago Norte,Urbana,0.307180993913564,139.0,37.5,0.0,0.0,0.0,0.0,9.4
530010805210014,Lago Norte,Urbana,0.652078599215903,240.0,0.0,0.0,0.0,0.0,0.0,0.0
530010805210015,Lago Norte,Urbana,0.447860254864562,167.0,20.0,0.0,,0.0,0.0,
530010805210016,Lago Norte,Urbana,0.527970585636522,208.0,8.3,8.3,0.0,0.0,0.0,4.2
530010805210017,Lago Norte,Urbana,0.432396609698127,179.0,18.2,0.0,0.0,0.0,0.0,4.6
530010805210018,Lago Norte,Urbana,0.728582058961408,191.0,23.5,0.0,0.0,0.0,0.0,5.9
530010805210019,Lago Norte,Urbana,0.506482757722458,147.0,7.1,0.0,0.0,0.0,0.0,1.8
530010805210022,Lago Norte,Urbana,5.104319010526803,158.0,94.7,73.7,,98.1,20.3,
530010805210023,Lago Norte,Urbana,1.917629341230026,314.0,80.0,40.0,,46.5,,
530010805210024,Lago Norte,Urbana,1.253237474977225,28.0,,,0.0,89.3,0.0,
530010805210031,Lago Norte,Urbana,0.53894354740102,221.0,14.3,0.0,0.0,0.0,0.0,3.6
530010805210032,Lago Norte,Urbana,0.685776626956717,154.0,9.1,0.0,0.0,0.0,0.0,2.3
530010805210033,Lago Norte,Urbana,0.373082701819301,172.0,25.0,0.0,,0.0,0.0,
530010805210034,Lago Norte,Urbana,0.435322712532255,195.0,10.0,0.0,,0.0,0.0,
530010805210037,Lago Norte,Urbana,0.339905813828068,134.0,11.1,0.0,0.0,0.0,0.0,2.8
530010805210038,Lago Norte,Urbana,0.443348532441015,142.0,33.3,0.0,0.0,0.0,0.0,8.3
530010805210039,Lago Norte,Urbana,0.360084526375809,151.0,20.0,0.0,0.0,0.0,0.0,5.0
530010805210040,Lago Norte,Urbana,0.313847170299894,139.0,33.3,0.0,0.0,0.0,0.0,8.3
530010805210041,Lago Norte,Urbana,1.461669186988867,119.0,95.8,0.0,19.3,,,
530010805210042,Lago Norte,Rural,0.176537058295501,11.0,,,36.4,,0.0,
530010805210043,Lago Norte,Urbana,0.008148866672714,173.0,0.0,0.0,0.0,0.0,0.0,0.0
530010805210044,Lago Norte,Urbana,0.008268729373855,184.0,0.0,0.0,0.0,0.0,0.0,0.0
530010805210048,Lago Norte,Urbana,0.175316763466172,192.0,27.3,0.0,0.0,0.0,0.0,6.8
530010805210049,Lago Norte,Urbana,0.028254749769666,210.0,0.0,0.0,0.0,0.0,0.0,0.0
530010805210051,Lago Norte,Urbana,0.058842564067434,259.0,16.7,0.0,0.0,0.0,0.0,4.2
530010805210052,Lago Norte,Urbana,0.026149596558612,248.0,0.0,0.0,,0.0,,
530010805210053,Lago Norte,Urbana,0.020625055324208,176.0,0.0,0.0,0.0,0.0,0.0,0.0
530010805210054,Lago Norte,Urbana,0.237191107103955,169.0,40.0,0.0,0.0,0.0,0.0,10.0
530010805210056,Lago Norte,Urbana,1.490769757675702,110.0,76.5,47.1,,60.9,10.9,
530010805210057,Lago Norte,Urbana,0.81000275465282,122.0,28.6,71.4,13.1,96.7,,
530010805210058,Lago Norte,Urbana,4.182166952037556,248.0,100.0,80.0,70.6,99.2,1.2,63.0
530010805210059,Lago Norte,Rural,0.731708051657111,18.0,,,,83.3,,
530010805210062,Lago Norte,Urbana,0.123710621490735,244.0,25.0,0.0,,0.0,0.0,
530010805210063,Lago Norte,Urbana,0.023745137444423,183.0,0.0,0.0,0.0,0.0,0.0,0.0
530010805210064,Lago Norte,Urbana,0.017441591915595,160.0,0.0,0.0,0.0,0.0,0.0,0.0
530010805210065,Lago Norte,Urbana,0.104754505817442,342.0,33.3,0.0,0.0,,0.0,8.3
530010805210067,Lago Norte,Rural,5.531672607263503,23.0,,,,95.7,,
530010805210068,Lago Norte,Rural,1.943020860974094,95.0,,,,98.9,10.5,
530010805210069,Lago Norte,Rural,1.527932486917761,25.0,,,0.0,92.0,,
530010805210071,Lago Norte,Urbana,4.334590070790729,168.0,50.0,50.0,62.5,95.8,,
530010805210079,Lago Norte,Urbana,0.921073010301923,313.0,4.3,2.2,0.0,1.9,0.0,1.6
530010805210080,Lago Norte,Urbana,0.017476020705363,178.0,0.0,0.0,0.0,0.0,,
530010805210081,Lago Norte,Urbana,0.063175898152022,249.0,33.3,0.0,0.0,0.0,,
530010805210082,Lago Norte,Urbana,0.071207615781967,136.0,100.0,0.0,0.0,0.0,0.0,25.0
530010805210084,Lago Norte,Urbana,0.032777061938512,267.0,20.0,0.0,,0.0,0.0,
530010805210085,Lago Norte,Urbana,0.021532328351205,236.0,14.3,0.0,0.0,0.0,0.0,3.6
530010805210086,Lago Norte,Urbana,0.429366454000297,218.0,0.0,0.0,0.0,0.0,0.0,0.0
530010805210087,Lago Norte,Urbana,0.67949143862751,233.0,13.2,18.4,,0.0,0.0,
530010805210088,Lago Norte,Urbana,0.976739247000267,159.0,36.4,45.5,2.5,13.2,0.0,21.1
530010805210089,Lago Norte,Urbana,0.938080352502034,172.0,72.7,45.5,,5.8,,
530010805210090,Lago Norte,Urbana,0.008643800276227,121.0,0.0,0.0,0.0,0.0,0.0,0.0
530010805210091,Lago Norte,Urbana,0.010844935998138,48.0,50.0,0.0,0.0,0.0,0.0,12.5
530010805210093,Lago Norte,Urbana,0.122548734598594,270.0,91.7,0.0,0.0,0.0,0.0,22.9
530010805210094,Lago Norte,Urbana,0.048023665404307,267.0,100.0,0.0,0.0,0.0,0.0,25.0
530010805210095,Lago Norte,Urbana,6.614934411259207,95.0,38.5,7.7,24.2,0.0,0.0,17.6
530010805210096,Lago Norte,Urbana,0.138175767479541,154.0,100.0,57.1,78.6,0.0,0.0,58.9
530010805210097,Lago Norte,Urbana,1.632987765102989,52.0,100.0,66.7,,98.1,30.8,
530010805210099,Lago Norte,Urbana,1.242097210056009,109.0,100.0,100.0,0.0,96.3,0.0,50.0
530010805210100,Lago Norte,Urbana,2.39772900601937,84.0,100.0,50.0,0.0,51.2,0.0,37.5
530010805210101,Lago Norte,Urbana,1.664321646481135,91.0,100.0,100.0,,8.8,0.0,
530010805210102,Lago Norte,Urbana,0.356895763191138,85.0,9.1,9.1,0.0,3.5,,
530010805210103,Lago Norte,Urbana,1.754319773721994,239.0,94.1,0.0,21.8,45.2,0.0,29.0
530010805210104,Lago Norte,Urbana,1.501032829575394,150.0,100.0,0.0,,3.3,0.0,
530010805210105,Lago Norte,Urbana,0.701688097598511,177.0,96.9,34.4,18.6,4.5,,
530010805210106,Lago Norte,Urbana,0.462826806185833,241.0,100.0,0.0,11.2,,0.0,27.8
530010805210107,Lago Norte,Urbana,0.253390705691891,184.0,100.0,0.0,,4.3,,
530010805210108,Lago Norte,Urbana,0.127773831294729,274.0,100.0,75.0,,9.9,1.1,
530010805210109,Lago Norte,Urbana,0.185811777351001,206.0,100.0,37.5,,1.9,0.0,
530010805210110,Lago Norte,Urbana,0.168929442471761,184.0,100.0,44.4,72.3,2.7,,
530010805210111,Lago Norte,Urbana,0.267356265661252,159.0,40.0,100.0,7.5,1.9,,
530010805210112,Lago Norte,Urbana,0.192945464865693,264.0,100.0,92.3,5.3,9.8,2.3,50.0
530010805210113,Lago Norte,Rural,5.917415313573121,10.0,,,,100.0,,
530010805210114,Lago Norte,Urbana,0.744209765988444,235.0,100.0,50.0,2.6,99.1,,
530010805230001,Lago Sul,Urbana,1.868372428999203,252.0,0.0,0.0,,,0.0,
530010805230002,Lago Sul,Urbana,0.844668987859138,227.0,6.7,0.0,0.0,0.0,0.0,1.7
530010805230003,Lago Sul,Urbana,0.693213407240972,227.0,11.5,0.0,0.0,0.0,0.0,2.9
530010805230006,Lago Sul,Urbana,0.096899314078478,,0.0,0.0,,,,
530010805230007,Lago Sul,Urbana,0.062994996937652,,100.0,0.0,,,,
530010805230010,Lago Sul,Urbana,0.513346403559103,113.0,0.0,0.0,0.0,0.0,0.0,0.0
530010805230011,Lago Sul,Urbana,0.56121837065441,115.0,10.0,0.0,0.0,0.0,0.0,2.5
530010805230012,Lago Sul,Urbana,0.316502650152762,134.0,10.0,0.0,0.0,0.0,0.0,2.5
530010805230013,Lago Sul,Urbana,0.499729487735312,121.0,8.7,0.0,0.0,0.0,0.0,2.2
530010805230014,Lago Sul,Urbana,0.86925302027321,158.0,0.0,0.0,0.0,0.0,0.0,0.0
530010805230015,Lago Sul,Urbana,1.250517135753483,123.0,0.0,0.0,0.0,0.0,0.0,0.0
530010805230016,Lago Sul,Urbana,0.73724341344794,164.0,2.6,0.0,0.0,0.0,,
530010805230017,Lago Sul,Urbana,0.510554047296793,168.0,4.5,0.0,0.0,0.0,0.0,1.1
530010805230018,Lago Sul,Urbana,0.61122309052713,162.0,0.0,0.0,0.0,0.0,0.0,0.0
530010805230019,Lago Sul,Urbana,0.487253554447576,185.0,5.0,0.0,,0.0,0.0,
530010805230020,Lago Sul,Urbana,0.552031734777695,182.0,0.0,0.0,0.0,0.0,0.0,0.0
530010805230021,Lago Sul,Urbana,1.020773624465313,192.0,9.7,0.0,0.0,0.0,0.0,2.4
530010805230022,Lago Sul,Urbana,0.265005654189512,,0.0,0.0,,,,
530010805230023,Lago Sul,Urbana,0.971509009012566,217.0,0.0,0.0,,0.0,0.0,
530010805230024,Lago Sul,Urbana,1.10055894475863,214.0,14.3,0.0,0.0,0.0,0.0,3.6
530010805230025,Lago Sul,Urbana,0.39488426460494,,33.3,0.0,,,,
530010805230026,Lago Sul,Urbana,0.462008931442491,211.0,37.5,0.0,0.0,0.0,0.0,9.4
530010805230030,Lago Sul,Urbana,0.850317528335287,232.0,13.0,0.0,1.3,0.0,0.0,3.6
530010805230031,Lago Sul,Urbana,1.010451580747552,171.0,0.0,0.0,,0.0,0.0,
530010805230032,Lago Sul,Urbana,0.504155520260956,217.0,28.6,0.0,0.0,0.0,0.0,7.2
530010805230033,Lago Sul,Urbana,0.901891366594222,201.0,73.0,0.0,0.0,0.0,0.0,18.2
530010805230034,Lago Sul,Urbana,0.876130403908459,210.0,26.3,0.0,0.0,0.0,0.0,6.6
530010805230035,Lago Sul,Urbana,1.604719868458457,182.0,8.3,0.0,0.0,0.0,0.0,2.1
530010805230036,Lago Sul,Urbana,2.080008046646837,211.0,0.0,0.0,,0.0,0.0,
530010805230037,Lago Sul,Urbana,1.025430744256742,190.0,22.2,0.0,0.0,0.0,0.0,5.6
530010805230039,Lago Sul,Urbana,1.034466383614489,244.0,0.0,0.0,,0.0,0.0,
530010805230040,Lago Sul,Urbana,0.756383592781439,191.0,0.0,0.0,0.0,0.0,0.0,0.0
530010805230041,Lago Sul,Urbana,0.516891202110528,143.0,0.0,0.0,0.0,0.0,0.0,0.0
530010805230042,Lago Sul,Urbana,1.109208434752799,179.0,0.0,0.0,0.0,0.0,0.0,0.0
530010805230043,Lago Sul,Urbana,1.039654486892107,209.0,37.5,0.0,0.0,0.0,0.0,9.4
530010805230044,Lago Sul,Urbana,1.31503100500615,99.0,46.2,0.0,0.0,88.9,0.0,11.6
530010805230047,Lago Sul,Urbana,0.377797542163999,130.0,0.0,0.0,0.0,0.0,0.0,0.0
530010805230048,Lago Sul,Urbana,0.325489976371009,112.0,10.0,0.0,0.0,0.0,0.0,2.5
530010805230049,Lago Sul,Urbana,0.563499991531678,157.0,11.5,0.0,0.0,0.0,0.0,2.9
530010805230052,Lago Sul,Urbana,2.959053223571641,208.0,18.2,0.0,,,0.0,
530010805230053,Lago Sul,Urbana,0.067886730701521,17.0,33.3,0.0,0.0,0.0,0.0,8.3
530010805230055,Lago Sul,Urbana,0.901075935931078,189.0,7.7,0.0,0.0,0.0,0.0,1.9
530010805230056,Lago Sul,Urbana,1.955544934700657,200.0,40.0,0.0,0.0,0.0,0.0,10.0
530010805230057,Lago Sul,Urbana,0.726012416632351,175.0,18.8,0.0,0.0,0.0,0.0,4.7
530010805230058,Lago Sul,Urbana,0.290770153889574,235.0,0.0,0.0,0.0,0.0,0.0,0.0
530010805230059,Lago Sul,Urbana,0.234552425964386,183.0,0.0,0.0,0.0,1.6,0.0,0.0
530010805230064,Lago Sul,Urbana,1.021526891328952,50.0,33.3,0.0,0.0,,0.0,8.3
530010805230065,Lago Sul,Urbana,0.634596465896651,146.0,33.3,0.0,,0.0,0.0,
530010805230067,Lago Sul,Urbana,1.691241793211354,137.0,33.3,0.0,,,0.0,
530010805230068,Lago Sul,Urbana,1.304056790392427,94.0,85.7,0.0,0.0,0.0,0.0,21.4
530010805230069,Lago Sul,Urbana,17.482907280277875,14.0,16.7,0.0,0.0,0.0,0.0,4.2
530010805230070,Lago Sul,Rural,11.692689819170203,,,,,,,
530010805230071,Lago Sul,Urbana,1.588951113513246,205.0,13.6,0.0,0.0,0.0,0.0,3.4
530010805230072,Lago Sul,Urbana,0.010906600773323,,0.0,0.0,,,,
530010805230073,Lago Sul,Urbana,2.61711969017239,,,,,,,
530010805230074,Lago Sul,Urbana,0.22510450943052,,,,,,,
530010805250001,Santa Maria,Urbana,1.05326986078536,159.0,50.0,25.0,0.0,0.0,0.0,18.8
530010805250002,Santa Maria,Urbana,0.077223724567438,169.0,33.3,16.7,,0.0,0.0,
530010805250003,Santa Maria,Urbana,0.094159381228379,227.0,14.3,14.3,0.0,,0.0,7.2
530010805250004,Santa Maria,Urbana,0.120514083301023,148.0,37.5,12.5,0.0,0.0,0.0,12.5
530010805250005,Santa Maria,Urbana,0.182361315928738,240.0,84.6,38.5,0.0,,0.0,30.8
530010805250006,Santa Maria,Urbana,0.063502358431701,184.0,78.6,0.0,0.0,0.0,0.0,19.6
530010805250007,Santa Maria,Urbana,0.021121922590121,116.0,0.0,0.0,0.0,0.0,0.0,0.0
530010805250008,Santa Maria,Urbana,0.022354756227829,140.0,0.0,0.0,0.0,0.0,0.0,0.0
530010805250009,Santa Maria,Urbana,0.021238321121413,119.0,33.3,0.0,0.0,0.0,0.0,8.3
530010805250010,Santa Maria,Urbana,0.06378340854837,164.0,28.6,28.6,0.0,0.0,0.0,14.3
530010805250011,Santa Maria,Urbana,0.293321775523796,232.0,68.4,0.0,0.0,0.0,0.0,17.1
530010805250012,Santa Maria,Urbana,0.054042244784526,155.0,37.5,12.5,0.0,0.0,0.0,12.5
530010805250013,Santa Maria,Urbana,0.020547938986077,118.0,0.0,0.0,0.0,0.0,0.0,0.0
530010805250014,Santa Maria,Urbana,0.041678510349994,147.0,28.6,0.0,0.0,0.0,0.0,7.2
530010805250015,Santa Maria,Urbana,0.02062129930377,125.0,0.0,0.0,0.0,0.0,0.0,0.0
530010805250016,Santa Maria,Urbana,0.04210160581234,182.0,20.0,10.0,0.0,0.0,0.0,7.5
530010805250017,Santa Maria,Urbana,0.076445279970596,273.0,14.3,0.0,0.0,,0.0,3.6
530010805250018,Santa Maria,Urbana,0.062815364016866,206.0,0.0,0.0,0.0,0.0,0.0,0.0
530010805250019,Santa Maria,Urbana,0.021102776558001,136.0,0.0,0.0,0.0,0.0,0.0,0.0
530010805250020,Santa Maria,Urbana,0.021613338280607,129.0,66.7,0.0,0.0,0.0,0.0,16.7
530010805250021,Santa Maria,Urbana,0.022324857338424,130.0,66.7,0.0,0.0,0.0,0.0,16.7
530010805250022,Santa Maria,Urbana,0.061042887537939,158.0,0.0,0.0,0.0,0.0,0.0,0.0
530010805250023,Santa Maria,Urbana,0.046737884729333,153.0,72.7,0.0,0.0,0.0,0.0,18.2
530010805250024,Santa Maria,Urbana,0.023012163787133,110.0,100.0,0.0,0.0,0.0,0.0,25.0
530010805250025,Santa Maria,Urbana,0.069256806536482,167.0,36.4,0.0,,0.0,0.0,
530010805250026,Santa Maria,Urbana,0.064351180672417,160.0,22.2,0.0,0.0,0.0,0.0,5.6
530010805250027,Santa Maria,Urbana,0.020581424445005,138.0,33.3,0.0,0.0,0.0,0.0,8.3
530010805250028,Santa Maria,Urbana,0.017928074423141,119.0,33.3,0.0,0.0,0.0,0.0,8.3
530010805250029,Santa Maria,Urbana,0.020545406262273,101.0,0.0,0.0,0.0,0.0,0.0,0.0
530010805250030,Santa Maria,Urbana,0.058552030577074,160.0,18.2,0.0,0.0,0.0,0.0,4.6
530010805250031,Santa Maria,Urbana,0.182458207720137,230.0,36.8,5.3,0.0,,1.3,10.8
530010805250032,Santa Maria,Urbana,0.068826267756964,163.0,0.0,0.0,0.0,0.0,0.0,0.0
530010805250033,Santa Maria,Urbana,0.070200393508615,245.0,9.1,0.0,0.0,0.0,0.0,2.3
530010805250034,Santa Maria,Urbana,0.049934359918696,225.0,33.3,0.0,0.0,0.0,0.0,8.3
530010805250035,Santa Maria,Urbana,0.052058554692486,135.0,12.5,0.0,0.0,0.0,0.0,3.1
530010805250036,Santa Maria,Urbana,0.132080697576924,218.0,16.7,0.0,,,,
530010805250037,Santa Maria,Urbana,0.062313124229668,177.0,28.6,0.0,,0.0,0.0,
530010805250038,Santa Maria,Urbana,0.026757606469429,160.0,0.0,0.0,0.0,0.0,0.0,0.0
530010805250039,Santa Maria,Urbana,0.050182217044872,253.0,22.2,0.0,,0.0,0.0,
530010805250040,Santa Maria,Urbana,0.052391563424731,146.0,0.0,0.0,0.0,0.0,0.0,0.0
530010805250041,Santa Maria,Urbana,0.048808673100191,204.0,12.5,0.0,0.0,0.0,0.0,3.1
530010805250042,Santa Maria,Urbana,0.052491167712865,118.0,20.0,0.0,0.0,0.0,0.0,5.0
530010805250043,Santa Maria,Urbana,0.020626916104504,122.0,0.0,0.0,0.0,0.0,0.0,0.0
530010805250044,Santa Maria,Urbana,0.022172849159823,135.0,33.3,0.0,0.0,0.0,0.0,8.3
530010805250045,Santa Maria,Urbana,0.022453816595975,135.0,50.0,0.0,0.0,0.0,0.0,12.5
530010805250046,Santa Maria,Urbana,0.085840861501348,163.0,40.0,10.0,,0.0,0.0,
530010805250047,Santa Maria,Urbana,0.06032267055463,161.0,0.0,0.0,0.0,0.0,0.0,0.0
530010805250048,Santa Maria,Urbana,0.022232119983038,108.0,0.0,0.0,0.0,0.0,0.0,0.0
530010805250049,Santa Maria,Urbana,0.027363516712207,131.0,100.0,0.0,0.0,0.0,0.0,25.0
530010805250050,Santa Maria,Urbana,0.09660217991472,184.0,64.7,0.0,0.0,0.0,0.0,16.2
530010805250051,Santa Maria,Urbana,0.102475967447261,225.0,71.4,0.0,0.0,0.0,0.0,17.8
530010805250052,Santa Maria,Urbana,0.032386941440165,155.0,75.0,0.0,0.0,0.0,0.0,18.8
530010805250053,Santa Maria,Urbana,0.059030963239561,208.0,44.4,0.0,0.0,0.0,0.0,11.1
530010805250054,Santa Maria,Urbana,0.136747162263516,279.0,0.0,0.0,0.0,0.0,0.0,0.0
530010805250056,Santa Maria,Urbana,0.053610360188962,141.0,37.5,0.0,0.0,0.0,0.0,9.4
530010805250057,Santa Maria,Urbana,0.09023772746883,232.0,0.0,0.0,0.0,0.0,,
530010805250058,Santa Maria,Urbana,0.051629203589057,194.0,100.0,0.0,0.0,0.0,0.0,25.0
530010805250059,Santa Maria,Urbana,0.09935678152621,223.0,61.5,0.0,0.0,0.0,0.0,15.4
530010805250060,Santa Maria,Urbana,0.048403267354574,215.0,25.0,0.0,0.0,0.0,0.0,6.2
530010805250061,Santa Maria,Urbana,0.038834156998631,165.0,0.0,0.0,0.0,0.0,0.0,0.0
530010805250062,Santa Maria,Urbana,0.035563161699828,188.0,20.0,0.0,0.0,0.0,0.0,5.0
530010805250063,Santa Maria,Urbana,0.119550616514141,154.0,66.7,0.0,0.0,0.0,0.0,16.7
530010805250064,Santa Maria,Urbana,0.026232982318249,108.0,66.7,0.0,0.0,0.0,0.0,16.7
530010805250065,Santa Maria,Urbana,0.09587105769699,192.0,50.0,0.0,0.0,0.0,0.0,12.5
530010805250066,Santa Maria,Urbana,0.026482200742996,110.0,0.0,0.0,0.0,0.0,0.0,0.0
530010805250067,Santa Maria,Urbana,0.026915233315637,141.0,0.0,0.0,0.0,0.0,0.0,0.0
530010805250068,Santa Maria,Urbana,0.064570075057672,145.0,40.0,0.0,0.0,0.0,0.0,10.0
530010805250069,Santa Maria,Urbana,0.138588156420395,131.0,23.1,15.4,0.0,,0.0,9.6
530010805250070,Santa Maria,Urbana,0.06877512909728,177.0,16.7,0.0,0.0,,0.0,4.2
530010805250071,Santa Maria,Urbana,0.039631494030001,92.0,37.5,0.0,,0.0,0.0,
530010805250072,Santa Maria,Urbana,0.034171562044275,202.0,100.0,0.0,0.0,0.0,0.0,25.0
530010805250073,Santa Maria,Urbana,0.033804026581729,178.0,16.7,0.0,0.0,0.0,0.0,4.2
530010805250074,Santa Maria,Urbana,0.104838304317712,176.0,53.3,0.0,,0.0,0.0,
530010805250075,Santa Maria,Urbana,0.025115951791844,127.0,0.0,0.0,0.0,0.0,0.0,0.0
530010805250076,Santa Maria,Urbana,0.025521433674456,163.0,0.0,0.0,0.0,0.0,0.0,0.0
530010805250077,Santa Maria,Urbana,0.079155869412091,253.0,0.0,0.0,0.0,0.0,0.0,0.0
530010805250078,Santa Maria,Urbana,0.066500111044614,201.0,0.0,0.0,,0.0,0.0,
530010805250079,Santa Maria,Urbana,0.026111974829448,136.0,0.0,0.0,0.0,0.0,0.0,0.0
530010805250080,Santa Maria,Urbana,0.046956269040542,222.0,0.0,0.0,0.0,0.0,0.0,0.0
530010805250081,Santa Maria,Urbana,0.088873103154479,251.0,0.0,0.0,0.0,0.0,0.0,0.0
530010805250082,Santa Maria,Urbana,0.025348387524588,102.0,0.0,0.0,0.0,0.0,0.0,0.0
530010805250083,Santa Maria,Urbana,0.078005560542488,94.0,45.5,0.0,0.0,0.0,0.0,11.4
530010805250084,Santa Maria,Urbana,0.033401338798846,167.0,40.0,0.0,0.0,0.0,0.0,10.0
530010805250085,Santa Maria,Urbana,0.034709804804938,200.0,80.0,0.0,0.0,0.0,0.0,20.0
530010805250086,Santa Maria,Urbana,0.077201249201326,119.0,50.0,0.0,0.0,0.0,0.0,12.5
530010805250087,Santa Maria,Urbana,0.062944618228978,216.0,7.7,0.0,0.0,0.0,0.0,1.9
530010805250088,Santa Maria,Urbana,0.041625468249509,181.0,12.5,0.0,0.0,0.0,0.0,3.1
530010805250089,Santa Maria,Urbana,0.06149169231824,212.0,60.0,0.0,0.0,0.0,0.0,15.0
530010805250090,Santa Maria,Urbana,0.077957230459188,240.0,81.8,0.0,0.0,0.0,0.0,20.4
530010805250091,Santa Maria,Urbana,0.111344073904053,159.0,44.4,0.0,0.0,0.0,0.0,11.1
530010805250092,Santa Maria,Urbana,0.026746502869489,175.0,33.3,0.0,0.0,0.0,0.0,8.3
530010805250093,Santa Maria,Urbana,0.050034468342643,124.0,33.3,0.0,0.0,0.0,0.0,8.3
530010805250094,Santa Maria,Urbana,0.034477734613643,170.0,40.0,0.0,0.0,0.0,0.0,10.0
530010805250095,Santa Maria,Urbana,0.03385444844318,202.0,0.0,0.0,0.0,0.0,0.0,0.0
530010805250096,Santa Maria,Urbana,0.078488562128319,120.0,33.3,0.0,0.0,0.0,0.0,8.3
530010805250097,Santa Maria,Urbana,0.029433037320009,182.0,20.0,0.0,0.0,0.0,0.0,5.0
530010805250098,Santa Maria,Urbana,0.022263974920497,121.0,25.0,0.0,0.0,0.0,0.0,6.2
530010805250099,Santa Maria,Urbana,0.045182753140389,220.0,14.3,0.0,0.0,0.0,0.0,3.6
530010805250100,Santa Maria,Urbana,0.073705577960671,263.0,44.4,0.0,0.0,,0.0,11.1
530010805250101,Santa Maria,Urbana,0.180459195623794,206.0,0.0,0.0,0.0,0.0,0.0,0.0
530010805250102,Santa Maria,Urbana,0.062631512719961,214.0,75.8,0.0,0.0,0.0,0.0,19.0
530010805250103,Santa Maria,Urbana,0.158869867697155,179.0,0.0,0.0,0.0,0.0,0.0,0.0
530010805250104,Santa Maria,Urbana,0.072122729194141,199.0,0.0,0.0,0.0,0.0,0.0,0.0
530010805250105,Santa Maria,Urbana,0.053935375017111,181.0,64.0,0.0,0.0,0.0,0.0,16.0
530010805250106,Santa Maria,Urbana,0.058549377098418,171.0,85.7,0.0,0.0,0.0,0.0,21.4
530010805250107,Santa Maria,Urbana,0.035003729987993,198.0,78.3,0.0,0.0,0.0,0.0,19.6
530010805250108,Santa Maria,Urbana,0.07074123026725,203.0,20.0,0.0,0.0,0.0,0.0,5.0
530010805250109,Santa Maria,Urbana,0.100083593589372,214.0,22.2,0.0,0.0,0.0,0.0,5.6
530010805250110,Santa Maria,Urbana,0.083837551322456,189.0,0.0,0.0,0.0,0.0,0.0,0.0
530010805250111,Santa Maria,Urbana,0.077362425861635,163.0,0.0,0.0,0.0,0.0,0.0,0.0
530010805250112,Santa Maria,Urbana,0.214196318470655,153.0,25.0,0.0,0.0,0.0,0.0,6.2
530010805250113,Santa Maria,Urbana,0.140690826046942,216.0,40.0,30.0,,,,
530010805250114,Santa Maria,Urbana,0.024800123611539,144.0,66.7,0.0,0.0,0.0,0.0,16.7
530010805250115,Santa Maria,Urbana,0.041480846443414,191.0,0.0,0.0,0.0,0.0,0.0,0.0
530010805250116,Santa Maria,Urbana,0.033940813177843,114.0,60.0,0.0,0.0,0.0,0.0,15.0
530010805250117,Santa Maria,Urbana,0.04895846552111,104.0,37.5,0.0,0.0,0.0,0.0,9.4
530010805250118,Santa Maria,Urbana,0.034644996295597,150.0,60.0,0.0,0.0,0.0,0.0,15.0
530010805250119,Santa Maria,Urbana,0.036326649525567,163.0,71.4,0.0,0.0,0.0,0.0,17.8
530010805250120,Santa Maria,Urbana,0.044976663128157,165.0,25.0,0.0,0.0,0.0,0.0,6.2
530010805250121,Santa Maria,Urbana,0.063771361546901,233.0,72.7,0.0,0.0,0.0,0.0,18.2
530010805250122,Santa Maria,Urbana,0.033767236910193,157.0,0.0,0.0,0.0,0.0,0.0,0.0
530010805250123,Santa Maria,Urbana,0.073039248602601,211.0,22.2,0.0,0.0,0.0,0.0,5.6
530010805250127,Santa Maria,Urbana,0.797718856446988,158.0,96.0,0.0,7.0,13.3,0.0,25.8
530010805250131,Santa Maria,Urbana,0.710759347126413,223.0,68.8,43.8,0.0,2.2,,
530010805250132,Santa Maria,Urbana,0.063329529616817,144.0,25.0,25.0,0.0,0.0,0.0,12.5
530010805250133,Santa Maria,Urbana,0.024521036142492,154.0,0.0,0.0,0.0,0.0,0.0,0.0
530010805250134,Santa Maria,Urbana,0.026511136267905,128.0,0.0,0.0,0.0,0.0,0.0,0.0
530010805250135,Santa Maria,Urbana,0.022512159852964,126.0,0.0,0.0,0.0,0.0,0.0,0.0
530010805250136,Santa Maria,Urbana,0.023710152668316,163.0,0.0,0.0,0.0,0.0,0.0,0.0
530010805250137,Santa Maria,Urbana,0.021668558632744,129.0,0.0,0.0,0.0,0.0,0.0,0.0
530010805250138,Santa Maria,Urbana,0.025121843065572,149.0,0.0,0.0,0.0,0.0,0.0,0.0
530010805250139,Santa Maria,Urbana,0.049841813310142,147.0,75.0,37.5,0.0,0.0,0.0,28.1
530010805250140,Santa Maria,Urbana,0.031673836524487,165.0,37.5,0.0,0.0,0.0,0.0,9.4
530010805250141,Santa Maria,Urbana,0.059154810423321,164.0,25.0,0.0,0.0,0.0,0.0,6.2
530010805250142,Santa Maria,Urbana,0.025188943192204,155.0,33.3,0.0,0.0,0.0,0.0,8.3
530010805250143,Santa Maria,Urbana,0.026407383605765,126.0,66.7,0.0,0.0,0.0,0.0,16.7
530010805250144,Santa Maria,Urbana,0.021294236683172,116.0,0.0,0.0,0.0,0.0,0.0,0.0
530010805250145,Santa Maria,Urbana,0.447255637355219,374.0,23.1,0.0,,1.3,0.0,
530010805250146,Santa Maria,Urbana,0.018071765019562,119.0,0.0,0.0,,0.0,0.0,
530010805250147,Santa Maria,Urbana,0.017988547901466,115.0,0.0,0.0,0.0,0.0,0.0,0.0
530010805250148,Santa Maria,Urbana,0.018695975615532,104.0,25.0,0.0,0.0,0.0,0.0,6.2
530010805250149,Santa Maria,Urbana,0.088797298216705,137.0,72.7,0.0,0.0,0.0,0.0,18.2
530010805250150,Santa Maria,Urbana,0.025296650795974,144.0,100.0,0.0,0.0,0.0,0.0,25.0
530010805250151,Santa Maria,Urbana,0.026452477814073,127.0,50.0,0.0,0.0,0.0,0.0,12.5
530010805250152,Santa Maria,Urbana,0.021489087019535,113.0,0.0,0.0,0.0,0.0,0.0,0.0
530010805250153,Santa Maria,Urbana,0.028148103863061,133.0,25.0,0.0,0.0,0.0,0.0,6.2
530010805250154,Santa Maria,Urbana,0.03032373436901,101.0,60.0,0.0,0.0,0.0,0.0,15.0
530010805250155,Santa Maria,Urbana,0.028594635029226,155.0,100.0,0.0,0.0,0.0,0.0,25.0
530010805250156,Santa Maria,Urbana,0.208144513383646,335.0,25.0,0.0,0.0,0.0,0.0,6.2
530010805250157,Santa Maria,Urbana,0.078565193651281,275.0,12.5,0.0,0.0,0.0,0.0,3.1
530010805250158,Santa Maria,Urbana,0.062889853921752,271.0,45.5,0.0,0.0,0.0,0.0,11.4
530010805250159,Santa Maria,Urbana,0.05782620975457,211.0,0.0,0.0,0.0,0.0,0.0,0.0
530010805250160,Santa Maria,Urbana,0.058814476238273,285.0,0.0,0.0,0.0,0.0,0.0,0.0
530010805250161,Santa Maria,Urbana,0.065721390325962,290.0,0.0,0.0,0.0,0.0,0.0,0.0
530010805250162,Santa Maria,Urbana,0.047205391299849,179.0,11.1,0.0,0.0,0.0,0.0,2.8
530010805250163,Santa Maria,Urbana,0.053646035829171,223.0,80.0,0.0,0.0,0.0,0.0,20.0
530010805250164,Santa Maria,Urbana,0.083304906647926,141.0,36.4,18.2,0.0,0.0,0.0,13.6
530010805250165,Santa Maria,Urbana,0.040017226046997,168.0,37.5,0.0,0.0,0.0,0.0,9.4
530010805250166,Santa Maria,Urbana,0.019788629626076,103.0,0.0,0.0,0.0,0.0,0.0,0.0
530010805250167,Santa Maria,Urbana,0.028172767347615,130.0,50.0,0.0,0.0,0.0,0.0,12.5
530010805250168,Santa Maria,Urbana,0.055007797235249,135.0,16.7,0.0,0.0,0.0,0.0,4.2
530010805250169,Santa Maria,Urbana,0.026748185344812,141.0,0.0,0.0,0.0,0.0,0.0,0.0
530010805250170,Santa Maria,Urbana,0.020260889179335,110.0,0.0,0.0,0.0,0.0,0.0,0.0
530010805250171,Santa Maria,Urbana,0.066117119645599,131.0,0.0,0.0,0.0,0.0,0.0,0.0
530010805250172,Santa Maria,Urbana,0.115265759745941,248.0,22.2,0.0,0.0,,0.0,5.6
530010805250173,Santa Maria,Urbana,0.080840449582865,220.0,0.0,0.0,0.0,0.0,0.0,0.0
530010805250175,Santa Maria,Urbana,3.360000482875489,86.0,100.0,95.2,0.0,94.2,0.0,48.8
530010805250176,Santa Maria,Rural,4.051743374446193,19.0,,,84.2,100.0,73.7,
530010805250178,Santa Maria,Rural,3.581615881891511,20.0,,,95.0,95.0,30.0,
530010805250179,Santa Maria,Rural,4.558078165773587,9.0,,,0.0,100.0,88.9,
530010805250180,Santa Maria,Urbana,0.062103373435813,197.0,0.0,0.0,0.0,0.0,0.0,0.0
530010805250181,Santa Maria,Urbana,0.078368873195771,319.0,0.0,0.0,,0.0,0.0,
530010805250182,Santa Maria,Urbana,0.063154441660273,205.0,0.0,0.0,0.0,0.0,0.0,0.0
530010805250183,Santa Maria,Urbana,0.074526974592678,188.0,0.0,0.0,,0.0,0.0,
530010805250184,Santa Maria,Urbana,0.049996337283318,190.0,0.0,0.0,0.0,0.0,0.0,0.0
530010805250185,Santa Maria,Urbana,0.046807442771191,164.0,20.0,0.0,0.0,0.0,0.0,5.0
530010805250186,Santa Maria,Urbana,0.058974464104104,201.0,0.0,0.0,0.0,0.0,0.0,0.0
530010805250187,Santa Maria,Urbana,0.130297126942007,313.0,7.7,7.7,,1.6,,
530010805250193,Santa Maria,Urbana,8.309802934852245,5.0,97.1,8.8,0.0,0.0,,
530010805250198,Santa Maria,Urbana,0.049114603136356,213.0,12.5,12.5,0.0,0.0,0.0,6.2
530010805250200,Santa Maria,Urbana,0.496997896445823,,50.0,0.0,,,,
530010805250201,Santa Maria,Rural,0.485114919165582,15.0,,,0.0,100.0,0.0,
530010805250202,Santa Maria,Rural,0.056669197696029,,,,,,,
530010805250203,Santa Maria,Urbana,4.135249793520889,30.0,,,,90.0,,
530010805250205,Santa Maria,Urbana,0.034937365426053,380.0,21.4,7.1,0.0,0.0,0.0,7.1
530010805250206,Santa Maria,Urbana,0.026490897826526,334.0,23.1,0.0,0.0,0.0,0.0,5.8
530010805250207,Santa Maria,Urbana,0.028443474700938,259.0,8.3,0.0,0.0,0.0,0.0,2.1
530010805250208,Santa Maria,Urbana,0.029077851406217,276.0,7.1,0.0,0.0,0.0,0.0,1.8
530010805250209,Santa Maria,Urbana,0.036266703295129,343.0,22.2,0.0,0.0,0.0,0.0,5.6
530010805250210,Santa Maria,Urbana,0.036941676229681,336.0,13.0,0.0,0.0,0.0,0.0,3.2
530010805250211,Santa Maria,Urbana,0.038897339191458,342.0,13.0,0.0,0.0,0.0,0.0,3.2
530010805250212,Santa Maria,Urbana,0.02185955832892,18.0,66.7,33.3,0.0,0.0,0.0,25.0
530010805250213,Santa Maria,Urbana,0.044563981793276,73.0,71.4,28.6,0.0,0.0,0.0,25.0
530010805250214,Santa Maria,Urbana,0.030133410544812,45.0,100.0,50.0,84.4,0.0,0.0,58.6
530010805250215,Santa Maria,Urbana,0.069250253263876,92.0,80.0,20.0,98.9,0.0,0.0,49.7
530010805250216,Santa Maria,Urbana,0.185600399630202,185.0,100.0,51.9,0.0,0.0,0.0,38.0
530010805250217,Santa Maria,Rural,1.728727266503634,,,,,,,
530010805250218,Santa Maria,Urbana,0.148010658658427,104.0,90.0,100.0,,0.0,,
530010805250222,Santa Maria,Urbana,0.083350110336531,230.0,18.2,9.1,29.6,0.0,,
530010805250223,Santa Maria,Urbana,0.083129955326912,194.0,66.7,33.3,86.6,5.2,,
530010805250225,Santa Maria,Urbana,0.035252087109863,326.0,44.4,0.0,0.0,0.0,0.0,11.1
530010805250226,Santa Maria,Urbana,0.227014599409789,286.0,30.0,10.0,4.2,,0.0,11.0
530010805250227,Santa Maria,Urbana,0.118974028286321,182.0,60.0,26.7,0.0,0.0,0.0,21.7
530010805250228,Santa Maria,Urbana,0.093289228313615,131.0,53.8,30.8,,,0.0,
530010805250231,Santa Maria,Urbana,0.045366344040346,382.0,75.0,0.0,,0.0,0.0,
530010805250232,Santa Maria,Urbana,0.0354955381933,380.0,0.0,0.0,0.0,0.0,0.0,0.0
530010805250234,Santa Maria,Rural,17.700216419418325,35.0,,,8.6,97.1,,
530010805250235,Santa Maria,Urbana,0.033554446840208,373.0,0.0,0.0,0.0,0.0,0.0,0.0
530010805250236,Santa Maria,Urbana,0.035326615856945,370.0,9.1,0.0,0.0,0.0,0.0,2.3
530010805250237,Santa Maria,Urbana,0.035058356278796,315.0,7.7,0.0,0.0,0.0,0.0,1.9
530010805250239,Santa Maria,Rural,0.342501423094579,,,,,,,
530010805250240,Santa Maria,Urbana,0.020790725393222,175.0,,,,,,
530010805250241,Santa Maria,Rural,61.67980207553004,41.0,,,100.0,100.0,0.0,
530010805250242,Santa Maria,Rural,1.429708977465775,72.0,,,97.2,100.0,,
530010805250243,Santa Maria,Urbana,0.118255155233509,72.0,0.0,0.0,0.0,0.0,0.0,0.0
530010805250244,Santa Maria,Urbana,2.463329632335112,132.0,36.4,4.5,3.8,8.3,,
530010805250245,Santa Maria,Urbana,0.572829111849687,161.0,57.7,53.8,17.4,0.0,0.0,32.2
530010805250246,Santa Maria,Urbana,0.032917093135029,285.0,7.1,7.1,0.0,0.0,0.0,3.6
530010805250247,Santa Maria,Urbana,0.064419486812269,,33.3,0.0,,,,
530010805250248,Santa Maria,Urbana,0.04661297855884,372.0,0.0,0.0,0.0,0.0,0.0,0.0
530010805250249,Santa Maria,Urbana,0.630835906394186,,100.0,100.0,,,,
530010805250250,Santa Maria,Urbana,0.072130903621593,222.0,50.0,0.0,,0.0,0.0,
530010805300002,São Sebastião,Urbana,0.038665880040175,192.0,83.3,0.0,0.0,0.0,0.0,20.8
530010805300003,São Sebastião,Urbana,0.08775245514774,200.0,16.7,0.0,0.0,,0.0,4.2
530010805300004,São Sebastião,Urbana,0.035341126198478,149.0,75.0,0.0,0.0,2.0,0.0,18.8
530010805300005,São Sebastião,Urbana,0.210777702850765,18.0,100.0,25.0,66.7,27.8,16.7,52.1
530010805300006,São Sebastião,Urbana,0.342740682214183,115.0,100.0,0.0,0.0,11.3,0.0,25.0
530010805300007,São Sebastião,Urbana,0.045481845514635,208.0,92.3,0.0,1.4,1.4,0.0,23.4
530010805300008,São Sebastião,Urbana,0.023218498750144,102.0,81.8,0.0,0.0,0.0,0.0,20.4
530010805300009,São Sebastião,Urbana,0.045293969337126,277.0,100.0,0.0,0.0,0.0,0.0,25.0
530010805300010,São Sebastião,Urbana,0.08827942416186,278.0,100.0,0.0,1.8,6.1,0.0,25.4
530010805300011,São Sebastião,Urbana,0.244985746823283,158.0,61.1,16.7,7.6,5.1,0.0,21.3
530010805300012,São Sebastião,Urbana,0.075342174711597,247.0,78.6,0.0,0.0,2.4,0.0,19.6
530010805300013,São Sebastião,Urbana,0.164957938523979,185.0,33.3,0.0,0.0,0.0,0.0,8.3
530010805300014,São Sebastião,Urbana,0.085536308563163,256.0,9.1,0.0,0.0,0.0,0.0,2.3
530010805300015,São Sebastião,Urbana,0.027849686208959,144.0,0.0,0.0,0.0,,0.0,0.0
530010805300016,São Sebastião,Urbana,0.032030411507595,181.0,25.0,0.0,0.0,0.0,0.0,6.2
530010805300017,São Sebastião,Urbana,0.079762420054605,248.0,50.0,0.0,,0.0,0.0,
530010805300018,São Sebastião,Urbana,0.089684803079746,223.0,22.2,0.0,0.0,,0.0,5.6
530010805300019,São Sebastião,Urbana,0.038976701420193,138.0,0.0,0.0,,0.0,0.0,
530010805300020,São Sebastião,Urbana,0.097207974868016,264.0,63.6,0.0,0.0,0.0,0.0,15.9
530010805300021,São Sebastião,Urbana,0.059223564185036,359.0,57.1,0.0,0.0,,0.0,14.3
530010805300023,São Sebastião,Urbana,0.037440566578591,178.0,70.6,0.0,,0.0,0.0,
530010805300024,São Sebastião,Urbana,0.060370651269798,225.0,78.8,0.0,0.0,0.0,0.0,19.7
530010805300025,São Sebastião,Urbana,0.060696167886227,215.0,82.6,0.0,0.0,0.0,0.0,20.6
530010805300026,São Sebastião,Urbana,0.05821721201359,143.0,77.3,0.0,0.0,,0.0,19.3
530010805300027,São Sebastião,Urbana,0.164670684458153,317.0,66.1,7.1,,,0.0,
530010805300028,São Sebastião,Urbana,0.094776329479743,118.0,76.7,3.3,2.5,0.0,,
530010805300030,São Sebastião,Urbana,0.040180707716588,233.0,88.6,0.0,0.0,,0.0,22.2
530010805300031,São Sebastião,Urbana,0.021689374786964,75.0,63.6,0.0,0.0,0.0,0.0,15.9
530010805300032,São Sebastião,Urbana,0.033179866494086,265.0,33.3,0.0,0.0,0.0,0.0,8.3
530010805300033,São Sebastião,Urbana,0.04152114106289,264.0,20.0,0.0,0.0,,0.0,5.0
530010805300034,São Sebastião,Urbana,0.074380249571536,198.0,10.0,0.0,,0.0,0.0,
530010805300035,São Sebastião,Urbana,0.044889789980212,271.0,0.0,0.0,,0.0,,
530010805300036,São Sebastião,Urbana,0.045569162620222,286.0,50.0,0.0,0.0,0.0,0.0,12.5
530010805300037,São Sebastião,Urbana,0.040069526595926,240.0,100.0,0.0,,2.1,0.0,
530010805300038,São Sebastião,Urbana,0.027946672360056,82.0,92.3,0.0,0.0,0.0,0.0,23.1
530010805300039,São Sebastião,Urbana,0.021113130559596,90.0,60.0,0.0,0.0,0.0,0.0,15.0
530010805300040,São Sebastião,Urbana,0.12277216491565,269.0,60.0,0.0,0.0,1.1,0.0,15.0
530010805300041,São Sebastião,Urbana,0.031372069952997,186.0,100.0,0.0,0.0,0.0,0.0,25.0
530010805300042,São Sebastião,Urbana,0.044373308143834,193.0,10.0,0.0,0.0,0.0,0.0,2.5
530010805300043,São Sebastião,Urbana,0.042333421268528,236.0,44.4,0.0,,,0.0,
530010805300044,São Sebastião,Urbana,0.035360562385017,182.0,43.8,0.0,0.0,,0.0,11.0
530010805300045,São Sebastião,Urbana,0.048098298554963,245.0,0.0,0.0,,,0.0,
530010805300048,São Sebastião,Urbana,0.028584339344663,171.0,100.0,0.0,1.8,0.0,0.0,25.4
530010805300049,São Sebastião,Urbana,0.058262169831236,283.0,25.0,0.0,,,0.0,
530010805300050,São Sebastião,Urbana,0.113609225867997,379.0,23.1,0.0,,,0.0,
530010805300051,São Sebastião,Urbana,0.318825658027853,411.0,73.7,0.0,0.0,0.0,0.0,18.4
530010805300052,São Sebastião,Urbana,0.045509690355897,197.0,87.0,0.0,0.0,0.0,0.0,21.8
530010805300053,São Sebastião,Urbana,0.045460279544979,234.0,62.0,0.0,0.0,,0.0,15.5
530010805300054,São Sebastião,Urbana,0.124565282861194,249.0,100.0,13.9,0.0,,0.0,28.5
530010805300055,São Sebastião,Urbana,0.076830980823946,222.0,27.3,0.0,0.0,0.0,0.0,6.8
530010805300056,São Sebastião,Urbana,0.039465335390244,141.0,25.0,0.0,0.0,0.0,0.0,6.2
530010805300057,São Sebastião,Urbana,0.038359291698188,189.0,0.0,0.0,0.0,,0.0,0.0
530010805300058,São Sebastião,Urbana,0.080761779532087,295.0,54.5,0.0,0.0,0.0,0.0,13.6
530010805300059,São Sebastião,Urbana,0.060006762399777,136.0,76.9,0.0,0.0,0.0,0.0,19.2
530010805300060,São Sebastião,Urbana,0.120898671998093,336.0,86.8,0.0,,2.4,0.0,
530010805300061,São Sebastião,Urbana,0.048614446751849,233.0,83.3,0.0,0.0,1.7,0.0,20.8
530010805300062,São Sebastião,Urbana,0.055310884679932,251.0,71.4,7.1,0.0,,0.0,19.6
530010805300063,São Sebastião,Urbana,0.039941474748193,239.0,69.6,0.0,0.0,,0.0,17.4
530010805300064,São Sebastião,Urbana,0.05966947810227,252.0,90.9,0.0,0.0,0.0,0.0,22.7
530010805300065,São Sebastião,Urbana,0.04313536569631,288.0,22.2,0.0,0.0,0.0,0.0,5.6
530010805300066,São Sebastião,Urbana,0.06149040780848,265.0,14.3,0.0,0.0,0.0,0.0,3.6
530010805300067,São Sebastião,Urbana,0.043615684025627,228.0,40.0,0.0,0.0,0.0,0.0,10.0
530010805300068,São Sebastião,Urbana,0.02446792120913,180.0,80.0,0.0,0.0,0.0,0.0,20.0
530010805300069,São Sebastião,Urbana,0.02310053759406,189.0,85.7,0.0,0.0,0.0,0.0,21.4
530010805300070,São Sebastião,Urbana,0.033905602612586,157.0,100.0,0.0,0.0,,,
530010805300071,São Sebastião,Urbana,0.221868298236251,146.0,72.7,0.0,0.0,0.0,0.0,18.2
530010805300072,São Sebastião,Urbana,0.037700792141728,201.0,70.0,0.0,0.0,1.5,0.0,17.5
530010805300073,São Sebastião,Urbana,0.049282887343204,319.0,20.0,0.0,,1.3,0.0,
530010805300074,São Sebastião,Urbana,0.047423618338391,218.0,18.2,0.0,0.0,,0.0,4.6
530010805300075,São Sebastião,Urbana,0.049516050018597,224.0,44.4,0.0,0.0,2.7,0.0,11.1
530010805300088,São Sebastião,Urbana,5.058169065399778,223.0,,,,66.8,27.8,
530010805300090,São Sebastião,Rural,117.97322309909843,243.0,,,,90.9,,
530010805300092,São Sebastião,Rural,42.72674151022755,169.0,,,87.0,92.9,,
530010805300095,São Sebastião,Urbana,0.032645553238644,153.0,25.0,0.0,0.0,0.0,0.0,6.2
530010805300096,São Sebastião,Urbana,0.028634212628413,191.0,90.0,0.0,0.0,0.0,0.0,22.5
530010805300097,São Sebastião,Urbana,0.030690097572244,148.0,46.7,0.0,,,0.0,
530010805300098,São Sebastião,Urbana,0.0304694082245,106.0,75.0,0.0,0.0,0.0,0.0,18.8
530010805300107,São Sebastião,Urbana,0.287119321779464,161.0,95.0,15.0,0.0,6.8,,
530010805300109,São Sebastião,Urbana,0.229552687764413,279.0,97.0,93.9,0.0,0.0,0.0,47.7
530010805300110,São Sebastião,Urbana,0.07393806388567,251.0,0.0,0.0,0.0,0.0,0.0,0.0
530010805300111,São Sebastião,Urbana,0.020079810515967,105.0,0.0,0.0,0.0,0.0,0.0,0.0
530010805300112,São Sebastião,Urbana,0.04846937923523,289.0,0.0,0.0,0.0,0.0,0.0,0.0
530010805300113,São Sebastião,Urbana,0.035496420808225,120.0,75.0,75.0,0.0,0.0,0.0,37.5
530010805300114,São Sebastião,Urbana,0.021655234601007,135.0,0.0,0.0,0.0,,0.0,0.0
530010805300115,São Sebastião,Urbana,0.023427900774475,105.0,0.0,0.0,0.0,0.0,0.0,0.0
530010805300116,São Sebastião,Urbana,0.069306842800607,251.0,0.0,0.0,0.0,0.0,0.0,0.0
530010805300117,São Sebastião,Urbana,0.035570080266661,178.0,0.0,0.0,0.0,0.0,0.0,0.0
530010805300118,São Sebastião,Urbana,0.229215941909461,163.0,38.5,0.0,,3.1,0.0,
530010805300125,São Sebastião,Urbana,0.131970346906857,407.0,91.2,0.0,,2.0,0.0,
530010805300144,São Sebastião,Urbana,0.034678319617006,91.0,100.0,0.0,0.0,,0.0,25.0
530010805300147,São Sebastião,Urbana,0.032918982418105,181.0,0.0,0.0,0.0,0.0,0.0,0.0
530010805300148,São Sebastião,Urbana,0.05568278488431,119.0,0.0,0.0,,0.0,0.0,
530010805300149,São Sebastião,Urbana,0.020754711522286,159.0,0.0,0.0,0.0,0.0,0.0,0.0
530010805300150,São Sebastião,Urbana,0.02910426532122,135.0,0.0,0.0,0.0,0.0,0.0,0.0
530010805300156,São Sebastião,Urbana,0.072250084857102,310.0,20.0,0.0,0.0,,0.0,5.0
530010805300161,São Sebastião,Rural,0.065019894158982,71.0,,,,97.2,,
530010805300167,São Sebastião,Urbana,0.114935214950866,200.0,100.0,100.0,85.0,60.5,,
530010805300169,São Sebastião,Urbana,0.119038214611594,143.0,100.0,71.4,4.2,87.4,0.0,43.9
530010805300174,São Sebastião,Rural,16.27252487154284,255.0,,,,78.0,,
530010805300195,São Sebastião,Urbana,0.112290697987461,252.0,22.2,0.0,0.0,1.2,0.0,5.6
530010805300197,São Sebastião,Urbana,0.327004383166632,327.0,100.0,76.7,18.7,8.0,2.4,49.4
530010805300199,São Sebastião,Urbana,0.697400438502559,236.0,100.0,100.0,97.9,97.5,,
530010805300200,São Sebastião,Urbana,0.683425609767726,301.0,100.0,100.0,,98.3,,
530010805300201,São Sebastião,Urbana,0.897134896662017,300.0,100.0,92.3,99.0,88.0,,
530010805300202,São Sebastião,Urbana,0.079681904718999,192.0,76.9,15.4,,,0.0,
530010805300203,São Sebastião,Urbana,0.019047326998545,75.0,75.0,0.0,0.0,,0.0,18.8
530010805300204,São Sebastião,Urbana,0.036347482906584,234.0,50.0,0.0,0.0,0.0,0.0,12.5
530010805300205,São Sebastião,Urbana,0.025824623347741,141.0,66.7,0.0,0.0,0.0,0.0,16.7
530010805300206,São Sebastião,Urbana,1.074757063749373,,,,,,,
530010805300211,São Sebastião,Urbana,0.033531852241708,122.0,50.0,100.0,91.8,0.0,0.0,60.4
530010805300212,São Sebastião,Urbana,0.174450316854833,100.0,100.0,6.7,3.0,10.0,6.0,28.9
530010805300213,São Sebastião,Urbana,0.087667826472293,170.0,100.0,100.0,92.4,91.8,0.0,73.1
530010805300215,São Sebastião,Urbana,0.152449594777057,264.0,100.0,90.9,69.3,99.2,,
530010805300217,São Sebastião,Urbana,0.07683982160466,207.0,100.0,100.0,99.0,8.7,5.3,76.1
530010805300218,São Sebastião,Urbana,0.094252465019163,294.0,100.0,100.0,,2.0,,
530010805300237,São Sebastião,Urbana,0.206795030169842,328.0,100.0,91.7,98.5,94.5,0.9,72.8
530010805300238,São Sebastião,Urbana,0.119037617062462,235.0,100.0,100.0,98.7,95.7,2.1,75.2
530010805300239,São Sebastião,Urbana,0.345344452696319,331.0,91.7,91.7,100.0,77.9,,
530010805300240,São Sebastião,Urbana,0.094729930261342,209.0,5.6,5.6,0.0,0.0,0.0,2.8
530010805300241,São Sebastião,Urbana,0.037001556681938,214.0,83.3,0.0,0.0,0.0,0.0,20.8
530010805300242,São Sebastião,Urbana,0.060744001342141,193.0,47.1,0.0,0.0,,0.0,11.8
530010805300243,São Sebastião,Urbana,0.024203061630676,192.0,66.7,0.0,0.0,0.0,0.0,16.7
530010805300244,São Sebastião,Urbana,0.02785477867756,210.0,58.8,0.0,0.0,0.0,0.0,14.7
530010805300245,São Sebastião,Urbana,0.062382540287769,188.0,83.3,0.0,0.0,,0.0,20.8
530010805300246,São Sebastião,Urbana,0.02788680029646,133.0,76.5,0.0,0.0,0.0,0.0,19.1
530010805300247,São Sebastião,Urbana,0.203909279092381,162.0,100.0,100.0,,46.9,,
530010805300248,São Sebastião,Urbana,0.286733240345373,231.0,100.0,100.0,4.8,94.8,,
530010805300253,São Sebastião,Urbana,0.060302512639312,238.0,100.0,0.0,72.3,0.0,0.0,43.1
530010805300254,São Sebastião,Urbana,0.092622101625134,205.0,100.0,90.0,94.1,69.8,,
530010805300255,São Sebastião,Urbana,0.241500476417371,300.0,100.0,100.0,95.7,25.0,3.3,74.8
530010805300256,São Sebastião,Urbana,0.207434509659447,267.0,100.0,100.0,99.3,70.4,2.2,75.4
530010805300257,São Sebastião,Urbana,0.102172479490947,165.0,100.0,92.3,,39.4,0.0,
530010805300258,São Sebastião,Urbana,0.148358470929833,258.0,100.0,100.0,96.1,58.9,0.0,74.0
530010805300261,São Sebastião,Rural,0.041127126917339,,,,,,,
530010805300267,São Sebastião,Urbana,0.101097436498614,240.0,100.0,100.0,6.2,62.5,0.0,51.6
530010805300268,São Sebastião,Urbana,0.128077779667964,168.0,100.0,100.0,98.2,82.1,,
530010805300269,São Sebastião,Urbana,0.124271401902604,229.0,100.0,100.0,96.9,96.5,,
530010805300270,São Sebastião,Urbana,0.063549083005339,144.0,100.0,100.0,0.0,93.1,0.0,50.0
530010805300271,São Sebastião,Rural,0.112036880716832,,,,,,,
530010805300272,São Sebastião,Urbana,0.626089529158512,176.0,,,57.4,55.7,,
530010805300273,São Sebastião,Urbana,0.479839588625817,70.0,,,94.3,32.9,8.6,
530010805300274,São Sebastião,Rural,5.72870828172816,62.0,,,80.6,37.1,59.7,
530010805300275,São Sebastião,Rural,0.729501025048371,18.0,,,55.6,50.0,27.8,
530010805300282,São Sebastião,Urbana,0.196017077442658,63.0,42.1,21.1,73.0,46.0,0.0,34.1
530010805300284,São Sebastião,Urbana,0.070628551908007,118.0,100.0,100.0,31.4,90.7,0.0,57.8
530010805300285,São Sebastião,Urbana,0.087794771703816,221.0,100.0,50.0,97.7,96.8,4.5,63.0
530010805300286,São Sebastião,Urbana,0.080554482932209,111.0,40.0,0.0,54.1,6.3,0.0,23.5
530010805300287,São Sebastião,Urbana,0.041613652552847,224.0,70.6,0.0,34.4,6.7,0.0,26.2
530010805300288,São Sebastião,Urbana,0.173305003698915,221.0,100.0,100.0,19.9,75.6,1.8,55.4
530010805300289,São Sebastião,Urbana,0.352202267918307,53.0,100.0,100.0,92.5,39.6,0.0,73.1
530010805300290,São Sebastião,Rural,5.737809287662286,135.0,,,,99.3,11.1,
530010805300291,São Sebastião,Urbana,0.052292679316179,60.0,,,98.3,100.0,,
530010805300292,São Sebastião,Rural,3.621478851645446,148.0,,,85.8,99.3,13.5,
530010805300293,São Sebastião,Urbana,0.279016256740265,232.0,100.0,100.0,97.4,99.1,1.7,74.8
530010805300294,São Sebastião,Urbana,0.167678928648965,199.0,100.0,100.0,97.5,98.5,,
530010805300295,São Sebastião,Rural,5.170732429977257,212.0,,,92.5,99.5,32.1,
530010805300296,São Sebastião,Rural,5.163407915892018,89.0,,,,96.6,41.6,
530010805300297,São Sebastião,Rural,2.162833259720578,49.0,,,51.0,40.8,,
530010805300298,São Sebastião,Urbana,0.147496850736831,41.0,100.0,100.0,,95.1,0.0,
530010805300299,São Sebastião,Urbana,0.695495348977315,241.0,100.0,100.0,98.3,99.6,2.5,75.2
530010805300300,São Sebastião,Urbana,0.655655084240337,266.0,100.0,97.4,,94.7,,
530010805300301,São Sebastião,Urbana,0.023170050475894,,100.0,100.0,,,,
530010805300302,São Sebastião,Urbana,0.043427373732734,135.0,100.0,70.6,,56.3,,
530010805300303,São Sebastião,Urbana,0.043264844943619,234.0,100.0,70.0,93.2,5.1,0.0,65.8
530010805300304,São Sebastião,Rural,20.927570153770805,84.0,,,,96.4,32.1,
530010805300305,São Sebastião,Urbana,0.447922128011345,121.0,100.0,100.0,95.9,97.5,,
530010805300306,São Sebastião,Urbana,0.146387208507916,171.0,100.0,100.0,,43.3,7.0,
530010805300307,São Sebastião,Urbana,0.131279525942876,190.0,100.0,87.5,0.0,15.8,,
530010805300308,São Sebastião,Urbana,0.118385091695873,178.0,100.0,100.0,100.0,94.9,4.5,76.1
530010805300309,São Sebastião,Urbana,0.08594358041781,170.0,100.0,95.7,100.0,91.2,,
530010805300310,São Sebastião,Rural,7.700871945876255,63.0,,,95.2,100.0,19.0,
530010805300311,São Sebastião,Rural,2.389102405322863,108.0,,,94.4,99.1,,
530010805300312,São Sebastião,Urbana,0.352083756377961,224.0,100.0,100.0,97.8,57.1,9.8,76.9
530010805300313,São Sebastião,Urbana,0.13536576105525,296.0,100.0,100.0,98.3,37.5,,
530010805300314,São Sebastião,Urbana,0.092598275535911,200.0,100.0,100.0,100.0,51.5,2.5,75.6
530010805300315,São Sebastião,Urbana,0.076224099009372,162.0,100.0,100.0,100.0,39.5,11.7,77.9
530010805310001,Sol Nascente/Pôr do Sol,Urbana,0.104569238332796,334.0,10.3,0.0,0.0,,0.0,2.6
530010805310003,Sol Nascente/Pôr do Sol,Urbana,0.042612517046281,156.0,25.0,0.0,0.0,,0.0,6.2
530010805310004,Sol Nascente/Pôr do Sol,Urbana,0.065722122208921,239.0,0.0,0.0,,0.0,0.0,
530010805310005,Sol Nascente/Pôr do Sol,Urbana,0.134691787832261,350.0,32.0,4.0,0.0,0.0,0.0,9.0
530010805310006,Sol Nascente/Pôr do Sol,Urbana,0.083041497515965,271.0,57.1,0.0,0.0,,0.0,14.3
530010805310007,Sol Nascente/Pôr do Sol,Urbana,0.080927929640273,219.0,21.4,0.0,0.0,0.0,0.0,5.4
530010805310008,Sol Nascente/Pôr do Sol,Urbana,0.096748204473611,260.0,0.0,0.0,,3.5,0.0,
530010805310009,Sol Nascente/Pôr do Sol,Urbana,0.145289482280034,265.0,77.4,29.0,0.0,0.0,0.0,26.6
530010805310010,Sol Nascente/Pôr do Sol,Urbana,0.092732664650888,224.0,100.0,21.4,0.0,0.0,0.0,30.4
530010805310011,Sol Nascente/Pôr do Sol,Urbana,0.158666012945323,272.0,94.7,26.3,0.0,0.0,0.0,30.2
530010805310012,Sol Nascente/Pôr do Sol,Urbana,0.070752659582615,206.0,100.0,70.0,,,0.0,
530010805310013,Sol Nascente/Pôr do Sol,Urbana,0.070754936454038,248.0,92.3,15.4,,0.0,0.0,
530010805310014,Sol Nascente/Pôr do Sol,Urbana,0.090855307900528,209.0,100.0,66.7,,0.0,0.0,
530010805310015,Sol Nascente/Pôr do Sol,Urbana,0.065430260004287,215.0,100.0,88.9,0.0,0.0,0.0,47.2
530010805310016,Sol Nascente/Pôr do Sol,Urbana,0.04844247781278,96.0,100.0,77.8,0.0,0.0,0.0,44.4
530010805310017,Sol Nascente/Pôr do Sol,Urbana,0.090492961936059,334.0,93.3,86.7,0.0,0.0,0.0,45.0
530010805310018,Sol Nascente/Pôr do Sol,Urbana,0.169415822028929,168.0,100.0,66.7,0.0,1.8,0.0,41.7
530010805310019,Sol Nascente/Pôr do Sol,Urbana,0.046141751254748,129.0,100.0,25.0,24.0,0.0,,
530010805310020,Sol Nascente/Pôr do Sol,Urbana,0.022526917260551,85.0,100.0,0.0,,0.0,0.0,
530010805310021,Sol Nascente/Pôr do Sol,Urbana,0.102697183777176,319.0,89.5,100.0,18.2,3.8,,
530010805310022,Sol Nascente/Pôr do Sol,Urbana,0.118742250555458,175.0,89.5,100.0,,0.0,0.0,
530010805310023,Sol Nascente/Pôr do Sol,Urbana,0.078107190858995,279.0,0.0,0.0,5.7,,0.0,1.4
530010805310024,Sol Nascente/Pôr do Sol,Urbana,0.061144520517809,205.0,20.0,0.0,0.0,0.0,0.0,5.0
530010805310025,Sol Nascente/Pôr do Sol,Urbana,0.059682390315982,238.0,0.0,16.7,,0.0,1.7,
530010805310026,Sol Nascente/Pôr do Sol,Urbana,0.034119696078211,177.0,25.0,0.0,0.0,0.0,0.0,6.2
530010805310027,Sol Nascente/Pôr do Sol,Urbana,0.077039976644199,199.0,0.0,0.0,2.5,0.0,0.0,0.6
530010805310028,Sol Nascente/Pôr do Sol,Urbana,0.065557276113551,155.0,20.0,30.0,47.7,,0.0,24.4
530010805310029,Sol Nascente/Pôr do Sol,Urbana,0.036232082224497,183.0,0.0,0.0,0.0,0.0,0.0,0.0
530010805310030,Sol Nascente/Pôr do Sol,Urbana,0.053544941377182,289.0,0.0,0.0,0.0,0.0,0.0,0.0
530010805310031,Sol Nascente/Pôr do Sol,Urbana,0.205938782389879,355.0,37.5,0.0,,,,
530010805310032,Sol Nascente/Pôr do Sol,Urbana,0.045552434998506,218.0,20.0,10.0,1.4,,10.1,10.4
530010805310033,Sol Nascente/Pôr do Sol,Urbana,0.058382195432317,213.0,100.0,88.2,88.7,24.9,82.2,89.8
530010805310034,Sol Nascente/Pôr do Sol,Urbana,0.051784128835411,216.0,88.9,33.3,0.0,0.0,,
530010805310035,Sol Nascente/Pôr do Sol,Urbana,0.049716310698313,192.0,60.0,40.0,88.0,,,
530010805310036,Sol Nascente/Pôr do Sol,Urbana,0.066427615921785,203.0,100.0,0.0,88.7,,1.5,47.6
530010805310037,Sol Nascente/Pôr do Sol,Urbana,0.01309505742093,56.0,100.0,0.0,98.2,0.0,0.0,49.6
530010805310038,Sol Nascente/Pôr do Sol,Urbana,0.073004711414169,263.0,100.0,42.9,87.8,0.0,0.0,57.7
530010805310039,Sol Nascente/Pôr do Sol,Urbana,0.058653953320023,190.0,100.0,100.0,74.7,0.0,0.0,68.7
530010805310040,Sol Nascente/Pôr do Sol,Urbana,0.093100185381291,248.0,100.0,100.0,94.4,,4.8,74.8
530010805310041,Sol Nascente/Pôr do Sol,Urbana,0.044530842358592,167.0,100.0,100.0,97.6,0.0,0.0,74.4
530010805310042,Sol Nascente/Pôr do Sol,Urbana,0.0460770797815,162.0,100.0,100.0,,0.0,0.0,
530010805310043,Sol Nascente/Pôr do Sol,Urbana,0.055082996164855,186.0,100.0,81.2,97.8,0.0,0.0,69.8
530010805310044,Sol Nascente/Pôr do Sol,Urbana,0.117669671451668,203.0,100.0,100.0,4.4,0.0,,
530010805310045,Sol Nascente/Pôr do Sol,Urbana,0.207872170093238,203.0,100.0,100.0,0.0,0.0,0.0,50.0
530010805310046,Sol Nascente/Pôr do Sol,Urbana,0.056170264959821,263.0,100.0,100.0,97.3,0.0,0.0,74.3
530010805310047,Sol Nascente/Pôr do Sol,Urbana,0.065234916953703,263.0,100.0,83.3,34.2,0.0,0.0,54.4
530010805310048,Sol Nascente/Pôr do Sol,Urbana,0.101772194577411,182.0,100.0,66.7,3.8,1.6,0.0,42.6
530010805310049,Sol Nascente/Pôr do Sol,Urbana,0.072402473415992,215.0,100.0,25.0,,,0.0,
530010805310050,Sol Nascente/Pôr do Sol,Urbana,0.072103205512143,212.0,50.0,0.0,1.4,0.0,0.0,12.8
530010805310051,Sol Nascente/Pôr do Sol,Urbana,0.053940253799853,270.0,11.1,11.1,,0.0,0.0,
530010805310052,Sol Nascente/Pôr do Sol,Urbana,0.049288752615373,229.0,100.0,0.0,,,0.0,
530010805310056,Sol Nascente/Pôr do Sol,Urbana,0.167813020496065,238.0,0.0,80.0,1.3,0.0,0.0,20.3
530010805310057,Sol Nascente/Pôr do Sol,Urbana,0.053831502786691,176.0,100.0,100.0,0.0,0.0,0.0,50.0
530010805310058,Sol Nascente/Pôr do Sol,Urbana,0.101931299947323,280.0,30.0,0.0,,9.6,,
530010805310059,Sol Nascente/Pôr do Sol,Urbana,0.094782467708692,243.0,35.3,17.6,4.1,,0.0,14.3
530010805310061,Sol Nascente/Pôr do Sol,Urbana,0.074514561009562,202.0,42.9,42.9,,,,
530010805310062,Sol Nascente/Pôr do Sol,Urbana,0.072061951255355,270.0,0.0,0.0,,0.0,0.0,
530010805310063,Sol Nascente/Pôr do Sol,Urbana,0.060681637283914,178.0,10.0,20.0,14.6,2.8,1.7,11.6
530010805310064,Sol Nascente/Pôr do Sol,Urbana,0.061722493753116,246.0,0.0,0.0,1.2,0.0,0.0,0.3
530010805310065,Sol Nascente/Pôr do Sol,Urbana,0.074209411490803,252.0,0.0,0.0,,0.0,0.0,
530010805310066,Sol Nascente/Pôr do Sol,Urbana,0.068688206299443,245.0,11.1,11.1,,2.4,0.0,
530010805310067,Sol Nascente/Pôr do Sol,Urbana,0.084958414762981,286.0,72.7,54.5,,4.2,,
530010805310070,Sol Nascente/Pôr do Sol,Urbana,0.060407097599572,264.0,100.0,0.0,96.6,,0.0,49.2
530010805310071,Sol Nascente/Pôr do Sol,Urbana,0.128983756564165,82.0,100.0,100.0,,8.5,4.9,
530010805310073,Sol Nascente/Pôr do Sol,Urbana,0.180785641901321,185.0,100.0,92.3,98.9,5.9,0.0,72.8
530010805310074,Sol Nascente/Pôr do Sol,Urbana,0.113262952554206,334.0,100.0,84.2,3.3,0.9,0.0,46.9
530010805310075,Sol Nascente/Pôr do Sol,Urbana,0.451125020662257,95.0,100.0,93.9,100.0,0.0,0.0,73.5
530010805310076,Sol Nascente/Pôr do Sol,Urbana,0.104404197432416,285.0,24.0,28.0,11.2,0.0,0.0,15.8
530010805310078,Sol Nascente/Pôr do Sol,Urbana,0.043231253151752,183.0,100.0,28.6,0.0,0.0,0.0,32.2
530010805310079,Sol Nascente/Pôr do Sol,Urbana,0.063090212235988,326.0,100.0,90.9,11.0,,4.0,51.5
530010805310080,Sol Nascente/Pôr do Sol,Urbana,0.048921080536501,186.0,100.0,66.7,70.4,,,
530010805310081,Sol Nascente/Pôr do Sol,Urbana,0.08644330222707,239.0,39.3,3.6,3.3,,0.0,11.5
530010805310082,Sol Nascente/Pôr do Sol,Urbana,0.045584969794838,181.0,100.0,100.0,,0.0,0.0,
530010805310083,Sol Nascente/Pôr do Sol,Urbana,0.056584837011374,169.0,100.0,100.0,97.0,0.0,,
530010805310084,Sol Nascente/Pôr do Sol,Urbana,0.046560625457896,167.0,100.0,100.0,90.4,0.0,0.0,72.6
530010805310085,Sol Nascente/Pôr do Sol,Urbana,0.074524890156949,298.0,55.6,11.1,8.1,0.0,0.0,18.7
530010805310086,Sol Nascente/Pôr do Sol,Urbana,0.052926761482303,208.0,100.0,73.7,1.9,0.0,0.0,43.9
530010805310088,Sol Nascente/Pôr do Sol,Urbana,0.218559501413923,193.0,100.0,100.0,,,0.0,
530010805310089,Sol Nascente/Pôr do Sol,Urbana,0.051229390952276,209.0,14.3,14.3,3.8,0.0,0.0,8.1
530010805310090,Sol Nascente/Pôr do Sol,Urbana,0.047820637373696,161.0,44.4,22.2,,0.0,0.0,
530010805310091,Sol Nascente/Pôr do Sol,Urbana,0.262562991626034,185.0,100.0,100.0,,0.0,,
530010805310093,Sol Nascente/Pôr do Sol,Urbana,0.078606876087312,174.0,92.9,71.4,,2.9,0.0,
530010805310095,Sol Nascente/Pôr do Sol,Urbana,0.251390938127695,155.0,0.0,0.0,4.5,,0.0,1.1
530010805310096,Sol Nascente/Pôr do Sol,Urbana,0.114852699108049,319.0,0.0,0.0,0.9,,0.0,0.2
530010805310097,Sol Nascente/Pôr do Sol,Urbana,0.109734084920225,309.0,11.1,0.0,,0.0,0.0,
530010805310098,Sol Nascente/Pôr do Sol,Urbana,0.089830685201257,304.0,25.0,6.2,9.2,,,
530010805310099,Sol Nascente/Pôr do Sol,Urbana,0.068842910574348,193.0,11.1,66.7,,,0.0,
530010805310101,Sol Nascente/Pôr do Sol,Urbana,0.085248779841622,121.0,90.0,36.7,77.7,0.0,0.0,51.1
530010805310103,Sol Nascente/Pôr do Sol,Urbana,0.07593850060999,315.0,73.3,66.7,1.0,,0.0,35.2
530010805310104,Sol Nascente/Pôr do Sol,Urbana,0.067308155550999,262.0,60.0,20.0,,0.0,0.0,
530010805310105,Sol Nascente/Pôr do Sol,Urbana,0.128617446357491,233.0,100.0,100.0,26.2,,0.0,56.6
530010805310106,Sol Nascente/Pôr do Sol,Urbana,0.064956306682679,296.0,100.0,63.6,2.4,,0.0,41.5
530010805310107,Sol Nascente/Pôr do Sol,Urbana,0.068412329606941,216.0,100.0,63.6,1.4,,0.0,41.2
530010805310109,Sol Nascente/Pôr do Sol,Urbana,0.063026823236054,315.0,0.0,0.0,0.0,0.0,,
530010805310110,Sol Nascente/Pôr do Sol,Urbana,0.07699685917203,266.0,50.0,5.6,0.0,0.0,0.0,13.9
530010805310111,Sol Nascente/Pôr do Sol,Urbana,0.051768420763466,138.0,100.0,100.0,0.0,0.0,0.0,50.0
530010805310112,Sol Nascente/Pôr do Sol,Urbana,0.048164782468347,129.0,100.0,100.0,0.0,,0.0,50.0
530010805310113,Sol Nascente/Pôr do Sol,Urbana,0.058138176063468,227.0,0.0,0.0,0.0,1.3,0.0,0.0
530010805310114,Sol Nascente/Pôr do Sol,Urbana,0.063407276705059,209.0,0.0,0.0,10.0,0.0,0.0,2.5
530010805310115,Sol Nascente/Pôr do Sol,Urbana,0.055224893124808,125.0,100.0,80.0,80.0,,0.0,65.0
530010805310116,Sol Nascente/Pôr do Sol,Urbana,0.09639266308872,128.0,100.0,100.0,99.2,3.9,,
530010805310117,Sol Nascente/Pôr do Sol,Urbana,0.038021787534552,181.0,0.0,0.0,7.2,0.0,0.0,1.8
530010805310118,Sol Nascente/Pôr do Sol,Urbana,0.040056961863643,178.0,0.0,0.0,3.4,0.0,0.0,0.8
530010805310120,Sol Nascente/Pôr do Sol,Urbana,0.048732183642305,105.0,100.0,100.0,96.2,3.8,0.0,74.1
530010805310121,Sol Nascente/Pôr do Sol,Urbana,0.030227643021823,82.0,100.0,100.0,86.6,,,
530010805310123,Sol Nascente/Pôr do Sol,Rural,7.140358406345925,40.0,,,,40.0,,
530010805310124,Sol Nascente/Pôr do Sol,Urbana,0.044129480648202,142.0,28.6,0.0,,,0.0,
530010805310125,Sol Nascente/Pôr do Sol,Urbana,0.03485159987825,156.0,33.3,0.0,0.0,0.0,10.3,10.9
530010805310126,Sol Nascente/Pôr do Sol,Urbana,0.037081606595745,158.0,0.0,0.0,,0.0,0.0,
530010805310127,Sol Nascente/Pôr do Sol,Urbana,0.144237916409289,336.0,31.2,25.0,,,0.0,
530010805310128,Sol Nascente/Pôr do Sol,Urbana,0.064950865438948,241.0,100.0,100.0,0.0,37.3,0.0,50.0
530010805310129,Sol Nascente/Pôr do Sol,Urbana,0.044390324529428,115.0,100.0,72.7,28.7,0.0,0.0,50.3
530010805310130,Sol Nascente/Pôr do Sol,Urbana,0.07222355478611,255.0,30.0,0.0,,,0.0,
530010805310131,Sol Nascente/Pôr do Sol,Urbana,0.049053397115415,178.0,0.0,0.0,0.0,0.0,0.0,0.0
530010805310132,Sol Nascente/Pôr do Sol,Urbana,0.040638334577424,157.0,100.0,100.0,96.2,,0.0,74.1
530010805310133,Sol Nascente/Pôr do Sol,Urbana,0.076232472898544,250.0,100.0,100.0,,0.0,0.0,
530010805310134,Sol Nascente/Pôr do Sol,Urbana,0.073704053791339,219.0,6.2,0.0,6.4,,0.0,3.2
530010805310135,Sol Nascente/Pôr do Sol,Urbana,0.044644570361157,180.0,6.2,0.0,1.7,0.0,0.0,2.0
530010805310136,Sol Nascente/Pôr do Sol,Urbana,0.087805847675677,224.0,11.1,11.1,,1.8,0.0,
530010805310137,Sol Nascente/Pôr do Sol,Urbana,0.052573658986756,191.0,33.3,0.0,1.6,0.0,,
530010805310138,Sol Nascente/Pôr do Sol,Urbana,0.03985006114994,167.0,100.0,0.0,1.8,0.0,0.0,25.4
530010805310139,Sol Nascente/Pôr do Sol,Urbana,0.049434158697307,207.0,75.0,25.0,5.8,0.0,0.0,26.4
530010805310141,Sol Nascente/Pôr do Sol,Urbana,0.763322179850546,,,,,,,
530010805310144,Sol Nascente/Pôr do Sol,Urbana,0.033512131645008,282.0,7.1,0.0,,0.0,,
530010805310146,Sol Nascente/Pôr do Sol,Urbana,0.049033699835896,183.0,40.0,0.0,0.0,0.0,0.0,10.0
530010805310147,Sol Nascente/Pôr do Sol,Urbana,0.0399878170373,97.0,85.7,71.4,,0.0,37.1,
530010805310148,Sol Nascente/Pôr do Sol,Urbana,0.042665332135551,132.0,100.0,85.7,0.0,0.0,0.0,46.4
530010805310149,Sol Nascente/Pôr do Sol,Urbana,0.028130329220463,150.0,100.0,100.0,0.0,0.0,0.0,50.0
530010805310150,Sol Nascente/Pôr do Sol,Urbana,0.039098948472587,166.0,100.0,0.0,0.0,0.0,0.0,25.0
530010805310151,Sol Nascente/Pôr do Sol,Urbana,0.036181619604311,177.0,25.0,0.0,,0.0,0.0,
530010805310152,Sol Nascente/Pôr do Sol,Urbana,0.204666688165677,117.0,,,,0.0,25.6,
530010805310154,Sol Nascente/Pôr do Sol,Urbana,0.036127905830476,34.0,,,0.0,,,
530010805310155,Sol Nascente/Pôr do Sol,Rural,4.459711547789357,26.0,,,,15.4,57.7,
530010805310156,Sol Nascente/Pôr do Sol,Rural,1.042480319736726,60.0,,,,,15.0,
530010805310158,Sol Nascente/Pôr do Sol,Urbana,0.082753782831005,209.0,90.0,50.0,,0.0,0.0,
530010805310159,Sol Nascente/Pôr do Sol,Rural,0.144823607376159,15.0,,,0.0,,,
530010805310160,Sol Nascente/Pôr do Sol,Rural,5.735395802575675,57.0,,,,70.2,,
530010805310161,Sol Nascente/Pôr do Sol,Rural,0.146479131975504,21.0,,,,28.6,,
530010805310162,Sol Nascente/Pôr do Sol,Rural,2.902385559538163,,,,,,,
530010805310163,Sol Nascente/Pôr do Sol,Rural,0.161382092935578,18.0,,,0.0,94.4,72.2,
530010805310164,Sol Nascente/Pôr do Sol,Urbana,0.347104151430598,176.0,41.7,33.3,84.7,11.9,5.1,41.2
530010805310165,Sol Nascente/Pôr do Sol,Urbana,0.073919135810587,296.0,54.5,72.7,40.2,0.0,,
530010805310166,Sol Nascente/Pôr do Sol,Urbana,0.111535499487194,335.0,86.5,73.0,0.0,0.0,0.0,39.9
530010805310167,Sol Nascente/Pôr do Sol,Urbana,0.086013637827502,252.0,100.0,66.7,0.0,0.0,0.0,41.7
530010805310168,Sol Nascente/Pôr do Sol,Urbana,0.062878223444221,186.0,29.4,5.9,,0.0,0.0,
530010805310169,Sol Nascente/Pôr do Sol,Urbana,0.05016975223014,165.0,25.0,5.0,,0.0,0.0,
530010805310170,Sol Nascente/Pôr do Sol,Urbana,0.05894002498399,213.0,12.5,0.0,0.0,1.9,,
530010805310171,Sol Nascente/Pôr do Sol,Urbana,0.057481752939189,255.0,18.2,18.2,0.0,1.6,0.0,9.1
530010805310172,Sol Nascente/Pôr do Sol,Urbana,0.0861560413834,182.0,60.0,40.0,24.2,0.0,,
530010805310173,Sol Nascente/Pôr do Sol,Urbana,0.060588095226682,211.0,0.0,0.0,9.0,0.0,,
530010805310174,Sol Nascente/Pôr do Sol,Rural,3.806698596775445,95.0,,,11.6,20.0,5.3,
530010805310175,Sol Nascente/Pôr do Sol,Urbana,1.695532673339742,21.0,100.0,62.5,66.7,81.0,0.0,57.3
530010805310176,Sol Nascente/Pôr do Sol,Urbana,0.067670541535289,248.0,100.0,60.0,73.0,,0.0,58.2
530010805310177,Sol Nascente/Pôr do Sol,Urbana,0.029733010106612,67.0,20.0,0.0,0.0,0.0,0.0,5.0
530010805310178,Sol Nascente/Pôr do Sol,Urbana,0.251908714828796,193.0,100.0,100.0,94.3,11.9,1.6,74.0
530010805310179,Sol Nascente/Pôr do Sol,Urbana,0.178857937434749,153.0,88.9,100.0,,0.0,,
530010805310180,Sol Nascente/Pôr do Sol,Urbana,0.06770294193108,174.0,0.0,0.0,,0.0,,
530010805310181,Sol Nascente/Pôr do Sol,Urbana,0.04761638801995,214.0,57.1,0.0,,0.0,0.0,
530010805310182,Sol Nascente/Pôr do Sol,Urbana,0.224525213007676,131.0,100.0,100.0,74.8,4.6,0.0,68.7
530010805310183,Sol Nascente/Pôr do Sol,Urbana,0.053565290583192,227.0,100.0,91.7,37.0,0.0,0.0,57.2
530010805320001,Arniqueira,Urbana,0.023879023734732,222.0,11.1,0.0,0.0,0.0,0.0,2.8
530010805320002,Arniqueira,Urbana,0.156009541752465,199.0,85.3,0.0,0.0,0.0,0.0,21.3
530010805320003,Arniqueira,Urbana,0.067495301422113,257.0,73.3,0.0,0.0,0.0,0.0,18.3
530010805320004,Arniqueira,Urbana,0.058352568165208,194.0,94.4,5.6,0.0,0.0,0.0,25.0
530010805320005,Arniqueira,Urbana,0.036451787694455,200.0,100.0,0.0,,,,
530010805320006,Arniqueira,Urbana,0.035566140171767,231.0,100.0,0.0,0.0,0.0,0.0,25.0
530010805320007,Arniqueira,Urbana,0.039818486994345,236.0,100.0,0.0,0.0,0.0,0.0,25.0
530010805320008,Arniqueira,Urbana,0.044799735495752,208.0,91.7,0.0,0.0,0.0,0.0,22.9
530010805320009,Arniqueira,Urbana,0.116129737319905,195.0,100.0,9.1,7.2,8.2,,
530010805320010,Arniqueira,Urbana,0.043994727752338,254.0,75.0,0.0,0.0,0.0,0.0,18.8
530010805320011,Arniqueira,Urbana,0.131452737688163,71.0,40.0,0.0,0.0,0.0,0.0,10.0
530010805320012,Arniqueira,Urbana,0.174879784950208,350.0,40.9,0.0,11.7,0.9,0.0,13.2
530010805320013,Arniqueira,Urbana,0.190206900970011,165.0,50.0,0.0,1.8,9.7,0.0,13.0
530010805320014,Arniqueira,Urbana,0.327503350085921,218.0,65.2,8.7,,3.7,0.0,
530010805320015,Arniqueira,Urbana,0.687223968404503,318.0,70.4,0.0,0.9,9.7,0.0,17.8
530010805320016,Arniqueira,Urbana,0.238774090033371,80.0,61.5,15.4,33.8,,,
530010805320017,Arniqueira,Urbana,0.307509732897487,176.0,68.2,4.5,19.9,22.7,0.0,23.2
530010805320018,Arniqueira,Urbana,0.270884713091308,121.0,94.1,11.8,,0.0,0.0,
530010805320019,Arniqueira,Urbana,0.150891871379505,231.0,77.8,0.0,0.0,0.0,0.0,19.4
530010805320020,Arniqueira,Urbana,0.216014650867396,228.0,68.4,5.3,,4.4,,
530010805320021,Arniqueira,Urbana,0.194442182153605,141.0,84.6,0.0,,2.8,0.0,
530010805320022,Arniqueira,Urbana,0.262049743892926,185.0,20.0,0.0,2.2,3.2,0.0,5.6
530010805320023,Arniqueira,Urbana,0.061508116123417,225.0,25.0,0.0,0.0,0.0,0.0,6.2
530010805320024,Arniqueira,Urbana,0.034313114409258,128.0,0.0,0.0,0.0,0.0,0.0,0.0
530010805320025,Arniqueira,Urbana,0.047685908919105,306.0,0.0,0.0,0.0,0.0,0.0,0.0
530010805320026,Arniqueira,Urbana,0.033933254229909,190.0,33.3,0.0,0.0,0.0,0.0,8.3
530010805320027,Arniqueira,Urbana,0.061494319679774,252.0,40.0,0.0,0.0,0.0,0.0,10.0
530010805320028,Arniqueira,Urbana,0.20206511520915,320.0,14.3,0.0,0.0,0.0,0.0,3.6
530010805320029,Arniqueira,Urbana,0.155334744867244,320.0,0.0,0.0,,,,
530010805320030,Arniqueira,Urbana,0.196454367202856,207.0,80.0,0.0,0.0,0.0,0.0,20.0
530010805320031,Arniqueira,Urbana,0.445471626470473,157.0,76.9,23.1,,,,
530010805320032,Arniqueira,Urbana,0.266832768036182,172.0,100.0,12.5,1.7,,0.0,28.6
530010805320033,Arniqueira,Urbana,0.126534309242546,187.0,87.5,0.0,0.0,,0.0,21.9
530010805320034,Arniqueira,Urbana,0.105768184755295,164.0,12.5,0.0,,0.0,0.0,
530010805320035,Arniqueira,Urbana,0.115166239725364,103.0,100.0,0.0,0.0,0.0,0.0,25.0
530010805320036,Arniqueira,Urbana,0.442360334601442,174.0,56.2,0.0,,2.3,0.0,
530010805320037,Arniqueira,Urbana,0.051875948659064,123.0,90.9,0.0,0.0,0.0,0.0,22.7
530010805320038,Arniqueira,Urbana,0.25139255600028,225.0,46.2,38.5,13.3,,0.0,24.5
530010805320039,Arniqueira,Urbana,0.239967720153387,150.0,78.9,10.5,2.0,2.7,0.0,22.8
530010805320040,Arniqueira,Urbana,0.252235099992254,194.0,12.5,0.0,0.0,11.3,0.0,3.1
530010805320041,Arniqueira,Urbana,0.299172254790251,235.0,5.9,5.9,,26.0,0.0,
530010805320042,Arniqueira,Urbana,0.296971297822951,234.0,91.7,0.0,3.4,1.3,0.0,23.8
530010805320043,Arniqueira,Urbana,0.209108547438894,202.0,16.7,0.0,0.0,,0.0,4.2
530010805320044,Arniqueira,Urbana,0.311941217572757,260.0,61.3,0.0,3.5,,0.0,16.2
530010805320045,Arniqueira,Urbana,0.4528333016627,452.0,89.3,28.6,52.4,0.0,,
530010805320046,Arniqueira,Urbana,0.330905102040157,271.0,38.1,4.8,52.4,7.4,0.0,23.8
530010805320047,Arniqueira,Urbana,0.3139353513599,130.0,53.3,0.0,0.0,31.5,0.0,13.3
530010805320048,Arniqueira,Urbana,0.220348697883847,212.0,66.7,0.0,,0.0,0.0,
530010805320049,Arniqueira,Urbana,0.087623021130695,124.0,100.0,0.0,,0.0,0.0,
530010805320050,Arniqueira,Urbana,0.170226194628714,222.0,86.7,0.0,,0.0,0.0,
530010805320051,Arniqueira,Urbana,0.17876896187976,304.0,38.9,0.0,75.7,0.0,0.0,28.6
530010805320052,Arniqueira,Urbana,0.19788054578799,169.0,66.7,0.0,3.0,,0.0,17.4
530010805320053,Arniqueira,Urbana,0.515912868966125,265.0,71.7,10.9,,,0.0,
530010805320054,Arniqueira,Urbana,0.041221186901362,224.0,20.0,0.0,0.0,0.0,0.0,5.0
530010805320055,Arniqueira,Urbana,0.026095659134919,131.0,0.0,0.0,0.0,0.0,0.0,0.0
530010805320056,Arniqueira,Urbana,0.314721571515438,187.0,100.0,50.0,0.0,,,
530010805320057,Arniqueira,Urbana,0.302807627288373,158.0,52.6,15.8,0.0,,0.0,17.1
530010805320058,Arniqueira,Urbana,0.097297807168712,87.0,75.0,0.0,0.0,0.0,0.0,18.8
530010805320059,Arniqueira,Urbana,0.040560515884594,128.0,87.5,0.0,,,,
530010805320060,Arniqueira,Urbana,0.026192426712025,146.0,100.0,0.0,0.0,0.0,0.0,25.0
530010805320061,Arniqueira,Urbana,0.01625811919225,125.0,100.0,0.0,0.0,0.0,0.0,25.0
530010805320062,Arniqueira,Urbana,0.122343926487804,128.0,33.3,0.0,3.9,,0.0,9.3
530010805320063,Arniqueira,Urbana,0.19401694251322,286.0,72.2,0.0,0.0,0.0,0.0,18.0
530010805320064,Arniqueira,Urbana,0.412134228660132,241.0,100.0,36.4,0.0,,0.0,34.1
530010805320066,Arniqueira,Urbana,0.693916788461322,229.0,100.0,0.0,,0.0,0.0,
530010805320067,Arniqueira,Urbana,0.156207592437816,147.0,0.0,0.0,0.0,0.0,0.0,0.0
530010805320068,Arniqueira,Urbana,0.277043512413716,291.0,78.6,14.3,0.0,0.0,0.0,23.2
530010805320069,Arniqueira,Urbana,0.161235113503156,276.0,100.0,0.0,0.0,0.0,,
530010805330001,SIA,Urbana,1.410749005665575,81.0,47.4,0.0,,,0.0,
530010805330002,SIA,Urbana,4.762375358352177,,,,,,,
530010805330003,SIA,Urbana,1.879238488970865,209.0,19.4,5.6,,,0.0,
530010805330004,SIA,Urbana,4.425613942959112,,,,,,,
530010805330005,SIA,Urbana,8.785784359271096,223.0,66.7,0.0,0.0,0.0,0.0,16.7
530010805330006,SIA,Urbana,0.127897585267497,,,,,,,
530010805330009,SIA,Urbana,1.559021716774083,31.0,59.3,3.7,12.9,22.6,9.7,21.4
530010805330010,SIA,Urbana,0.127104724490651,207.0,92.0,100.0,,100.0,1.9,
530010805330011,SIA,Urbana,4.736992500561569,41.0,53.3,2.2,0.0,0.0,0.0,13.9
530010805330012,SIA,Urbana,0.187898278641314,255.0,89.5,84.2,,95.7,1.6,
530010805330013,SIA,Urbana,0.081624278495436,164.0,95.8,91.7,95.7,95.1,,
530010805330014,SIA,Urbana,0.8526195140932,16.0,30.0,20.0,0.0,62.5,0.0,12.5
530010805330015,SIA,Urbana,0.0526332593429,22.0,33.3,33.3,0.0,95.5,0.0,16.6
530010805340002,SCIA,Urbana,1.031764195789804,83.0,,,,59.0,10.8,
530010805340003,SCIA,Urbana,0.03707117347674,197.0,0.0,0.0,0.0,0.0,0.0,0.0
530010805340004,SCIA,Urbana,0.038207497180774,276.0,0.0,0.0,1.4,0.0,0.0,0.4
530010805340005,SCIA,Urbana,0.038260472431829,289.0,0.0,0.0,0.0,0.0,0.0,0.0
530010805340006,SCIA,Urbana,0.05658989567487,318.0,26.7,13.3,17.0,0.0,,
530010805340007,SCIA,Urbana,0.141599492191335,230.0,4.0,0.0,0.0,0.0,0.0,1.0
530010805340008,SCIA,Urbana,0.016039309984199,114.0,0.0,0.0,0.0,0.0,0.0,0.0
530010805340009,SCIA,Urbana,0.032374515503881,210.0,0.0,0.0,0.0,0.0,,
530010805340010,SCIA,Urbana,0.028193261199041,206.0,0.0,0.0,2.4,0.0,0.0,0.6
530010805340011,SCIA,Urbana,0.05148503955316,336.0,78.6,64.3,,,0.0,
530010805340012,SCIA,Urbana,0.251222701009061,276.0,73.1,0.0,3.6,1.4,0.0,19.2
530010805340013,SCIA,Urbana,0.038698479824813,234.0,90.5,0.0,0.0,,0.0,22.6
530010805340014,SCIA,Urbana,0.02339867427856,209.0,30.0,0.0,,0.0,,
530010805340015,SCIA,Urbana,0.026488797122221,207.0,11.1,0.0,0.0,0.0,0.0,2.8
530010805340016,SCIA,Urbana,0.026148632758189,134.0,50.0,0.0,0.0,0.0,0.0,12.5
530010805340017,SCIA,Urbana,0.020498250101456,168.0,50.0,0.0,2.4,0.0,0.0,13.1
530010805340018,SCIA,Urbana,0.025864137127195,259.0,0.0,0.0,0.0,0.0,0.0,0.0
530010805340019,SCIA,Urbana,0.026398265729649,260.0,0.0,0.0,0.0,0.0,0.0,0.0
530010805340020,SCIA,Urbana,0.029171625027793,191.0,77.8,0.0,0.0,0.0,0.0,19.4
530010805340021,SCIA,Urbana,0.032380564252742,181.0,0.0,0.0,1.7,0.0,0.0,0.4
530010805340022,SCIA,Urbana,0.045120679676008,286.0,0.0,0.0,1.0,0.0,0.0,0.2
530010805340023,SCIA,Urbana,0.026063805971975,153.0,0.0,0.0,0.0,0.0,0.0,0.0
530010805340024,SCIA,Urbana,0.033314852172553,197.0,90.9,9.1,0.0,0.0,,
530010805340025,SCIA,Urbana,0.041349805479395,203.0,88.0,0.0,0.0,0.0,0.0,22.0
530010805340026,SCIA,Urbana,0.03313103654966,197.0,66.7,0.0,0.0,0.0,0.0,16.7
530010805340027,SCIA,Urbana,0.024509975395089,331.0,40.0,0.0,,0.0,,
530010805340028,SCIA,Urbana,0.1742781305443,391.0,41.2,0.0,0.0,0.8,0.0,10.3
530010805340029,SCIA,Urbana,0.031728706367979,214.0,33.3,0.0,0.0,0.0,0.0,8.3
530010805340030,SCIA,Urbana,0.028195300525578,186.0,87.5,0.0,0.0,0.0,,
530010805340031,SCIA,Urbana,0.030379617625627,298.0,0.0,0.0,,0.0,0.0,
530010805340032,SCIA,Urbana,0.089014175885973,199.0,40.0,0.0,5.5,0.0,1.5,11.8
530010805340033,SCIA,Urbana,0.041899812634851,231.0,0.0,0.0,0.0,0.0,0.0,0.0
530010805340034,SCIA,Urbana,0.037592251837828,200.0,0.0,0.0,,0.0,0.0,
530010805340035,SCIA,Urbana,0.040015416427932,189.0,38.5,0.0,,,0.0,
530010805340036,SCIA,Urbana,0.044043683966645,294.0,76.5,70.6,6.5,0.0,0.0,38.4
530010805340039,SCIA,Urbana,0.045282310608094,341.0,100.0,93.8,,5.9,,
530010805340040,SCIA,Urbana,0.045380188459002,217.0,100.0,100.0,0.0,,0.0,50.0
530010805340041,SCIA,Urbana,0.063716906438624,244.0,100.0,100.0,61.1,93.4,,
530010805340042,SCIA,Urbana,0.053876767064888,302.0,100.0,100.0,94.4,1.3,,
530010805340043,SCIA,Urbana,0.028393383110384,117.0,100.0,100.0,,65.8,0.0,
530010805340044,SCIA,Urbana,0.027581387777671,109.0,100.0,100.0,,45.9,0.0,
530010805340045,SCIA,Urbana,0.037460492912049,177.0,100.0,100.0,,18.1,0.0,
530010805340046,SCIA,Urbana,0.050724570631657,301.0,9.1,0.0,1.3,0.0,0.0,2.6
530010805340047,SCIA,Urbana,2.061006397518447,251.0,87.5,12.5,0.0,0.0,0.0,25.0
530010805340048,SCIA,Urbana,0.027990201390564,225.0,100.0,100.0,,,,
530010805340049,SCIA,Urbana,0.031432712222904,194.0,100.0,72.7,5.2,0.0,0.0,44.5
530010805340050,SCIA,Urbana,0.087655572457156,157.0,100.0,100.0,,28.7,,
530010805340052,SCIA,Urbana,0.185340754177896,204.0,100.0,85.0,,,,
530010805340053,SCIA,Urbana,0.069381038924895,99.0,100.0,100.0,,0.0,,
530010805340054,SCIA,Urbana,0.070561827605468,85.0,60.0,0.0,16.5,0.0,0.0,19.1
530010805340055,SCIA,Urbana,0.046854375962009,154.0,70.0,0.0,,0.0,0.0,
530010805340056,SCIA,Urbana,1.784338223067705,30.0,80.0,1.5,,,0.0,
530010805350001,Sudoeste/Octogonal,Urbana,0.715343287838364,102.0,45.7,0.0,0.0,0.0,0.0,11.4
530010805350002,Sudoeste/Octogonal,Urbana,0.059038247428381,257.0,85.7,0.0,0.0,0.0,0.0,21.4
530010805350003,Sudoeste/Octogonal,Urbana,0.085391297809911,242.0,20.0,0.0,0.0,0.0,0.0,5.0
530010805350004,Sudoeste/Octogonal,Urbana,0.092218588929148,268.0,0.0,0.0,0.0,0.0,0.0,0.0
530010805350005,Sudoeste/Octogonal,Urbana,0.065285511141535,268.0,100.0,0.0,0.0,0.0,0.0,25.0
530010805350006,Sudoeste/Octogonal,Urbana,0.114453863799137,243.0,0.0,0.0,0.0,0.0,0.0,0.0
530010805350007,Sudoeste/Octogonal,Urbana,0.095707687553547,203.0,100.0,0.0,0.0,0.0,0.0,25.0
530010805350008,Sudoeste/Octogonal,Urbana,0.031868654030361,148.0,0.0,0.0,0.0,0.0,0.0,0.0
530010805350009,Sudoeste/Octogonal,Urbana,0.118410146887702,140.0,0.0,0.0,0.0,0.0,0.0,0.0
530010805350010,Sudoeste/Octogonal,Urbana,0.077683551745107,214.0,28.6,0.0,0.0,0.0,0.0,7.2
530010805350011,Sudoeste/Octogonal,Urbana,0.011089123077573,170.0,100.0,0.0,0.0,0.0,0.0,25.0
530010805350012,Sudoeste/Octogonal,Urbana,0.018650833814646,135.0,80.0,0.0,0.0,0.0,0.0,20.0
530010805350013,Sudoeste/Octogonal,Urbana,0.024541665467828,139.0,33.3,0.0,0.0,0.0,0.0,8.3
530010805350014,Sudoeste/Octogonal,Urbana,0.022809763730698,221.0,33.3,0.0,0.0,0.0,0.0,8.3
530010805350015,Sudoeste/Octogonal,Urbana,0.026937748870598,226.0,0.0,0.0,0.0,0.0,0.0,0.0
530010805350016,Sudoeste/Octogonal,Urbana,0.08890955033824,249.0,57.1,0.0,,0.0,,
530010805350017,Sudoeste/Octogonal,Urbana,0.107966963833353,212.0,28.6,0.0,0.0,0.0,0.0,7.2
530010805350018,Sudoeste/Octogonal,Urbana,0.016336116187956,43.0,50.0,0.0,0.0,0.0,0.0,12.5
530010805350019,Sudoeste/Octogonal,Urbana,0.03109342680304,122.0,0.0,0.0,0.0,0.0,0.0,0.0
530010805350020,Sudoeste/Octogonal,Urbana,0.041752939102483,155.0,0.0,0.0,0.0,0.0,0.0,0.0
530010805350021,Sudoeste/Octogonal,Urbana,0.027323727057026,168.0,25.0,0.0,0.0,0.0,0.0,6.2
530010805350022,Sudoeste/Octogonal,Urbana,0.024184589524476,115.0,33.3,0.0,0.0,0.0,0.0,8.3
530010805350023,Sudoeste/Octogonal,Urbana,0.029993695051528,166.0,0.0,0.0,0.0,0.0,0.0,0.0
530010805350024,Sudoeste/Octogonal,Urbana,1.415794647978919,295.0,21.1,0.0,0.0,0.0,0.0,5.3
530010805350025,Sudoeste/Octogonal,Urbana,0.02042184375338,178.0,0.0,0.0,0.0,0.0,0.0,0.0
530010805350026,Sudoeste/Octogonal,Urbana,0.014521485491856,208.0,50.0,0.0,0.0,0.0,0.0,12.5
530010805350027,Sudoeste/Octogonal,Urbana,0.051344451004656,219.0,40.0,0.0,0.0,0.0,0.0,10.0
530010805350028,Sudoeste/Octogonal,Urbana,0.059129697639608,220.0,50.0,0.0,0.0,0.0,0.0,12.5
530010805350029,Sudoeste/Octogonal,Urbana,0.013254418966858,146.0,50.0,0.0,0.0,0.0,0.0,12.5
530010805350030,Sudoeste/Octogonal,Urbana,0.019196930546581,127.0,100.0,0.0,0.0,0.0,0.0,25.0
530010805350031,Sudoeste/Octogonal,Urbana,0.044277660982229,219.0,0.0,0.0,0.0,0.0,0.0,0.0
530010805350032,Sudoeste/Octogonal,Urbana,0.078638144184162,265.0,44.4,0.0,0.0,0.0,0.0,11.1
530010805350033,Sudoeste/Octogonal,Urbana,0.027490738831468,109.0,37.5,0.0,0.0,0.0,0.0,9.4
530010805350034,Sudoeste/Octogonal,Urbana,0.0626573949472,279.0,41.2,0.0,0.0,0.0,0.0,10.3
530010805350035,Sudoeste/Octogonal,Urbana,0.077228946331144,399.0,37.5,0.0,0.0,0.0,0.0,9.4
530010805350036,Sudoeste/Octogonal,Urbana,0.023946506887843,131.0,55.6,0.0,0.0,0.0,0.0,13.9
530010805350037,Sudoeste/Octogonal,Urbana,0.029654577133665,149.0,50.0,0.0,0.0,0.0,0.0,12.5
530010805350038,Sudoeste/Octogonal,Urbana,0.045477533697424,250.0,33.3,0.0,0.0,0.0,0.0,8.3
530010805350039,Sudoeste/Octogonal,Urbana,0.050496157809642,235.0,50.0,0.0,0.0,0.0,0.0,12.5
530010805350040,Sudoeste/Octogonal,Urbana,0.049708116567906,169.0,60.0,0.0,0.0,0.0,0.0,15.0
530010805350041,Sudoeste/Octogonal,Urbana,0.112372885342999,180.0,0.0,0.0,0.0,0.0,0.0,0.0
530010805350042,Sudoeste/Octogonal,Urbana,0.051149523842323,254.0,0.0,0.0,0.0,0.0,0.0,0.0
530010805350043,Sudoeste/Octogonal,Urbana,0.103232963092529,190.0,66.7,0.0,0.0,0.0,0.0,16.7
530010805350044,Sudoeste/Octogonal,Urbana,0.093308280921094,133.0,50.0,0.0,0.0,0.0,0.0,12.5
530010805350045,Sudoeste/Octogonal,Urbana,0.043895743922855,156.0,0.0,0.0,,,0.0,
530010805350046,Sudoeste/Octogonal,Urbana,0.058440319991967,152.0,0.0,0.0,0.0,0.0,0.0,0.0
530010805350047,Sudoeste/Octogonal,Urbana,0.066647363170846,261.0,25.0,0.0,0.0,,0.0,6.2
530010805350048,Sudoeste/Octogonal,Urbana,0.03961246943363,162.0,33.3,0.0,0.0,0.0,0.0,8.3
530010805350049,Sudoeste/Octogonal,Urbana,0.032308865612707,149.0,33.3,0.0,0.0,0.0,0.0,8.3
530010805350050,Sudoeste/Octogonal,Urbana,0.036104312377408,209.0,0.0,0.0,,0.0,0.0,
530010805350051,Sudoeste/Octogonal,Urbana,0.048256891701137,202.0,50.0,0.0,0.0,0.0,0.0,12.5
530010805350052,Sudoeste/Octogonal,Urbana,0.069694697814062,193.0,33.3,0.0,0.0,0.0,0.0,8.3
530010805350053,Sudoeste/Octogonal,Urbana,0.012756731247264,191.0,66.7,0.0,,0.0,0.0,
530010805350054,Sudoeste/Octogonal,Urbana,0.015964111436498,244.0,75.0,0.0,0.0,0.0,0.0,18.8
530010805350055,Sudoeste/Octogonal,Urbana,0.026055296689467,134.0,33.3,0.0,0.0,0.0,0.0,8.3
530010805350056,Sudoeste/Octogonal,Urbana,0.00820220250493,254.0,0.0,0.0,0.0,0.0,0.0,0.0
530010805350057,Sudoeste/Octogonal,Urbana,0.013989769835232,263.0,75.0,0.0,0.0,0.0,0.0,18.8
530010805350058,Sudoeste/Octogonal,Urbana,0.008372057889761,177.0,33.3,0.0,0.0,0.0,0.0,8.3
530010805350059,Sudoeste/Octogonal,Urbana,0.013466411975592,191.0,50.0,0.0,0.0,0.0,0.0,12.5
530010805350060,Sudoeste/Octogonal,Urbana,0.011539634821542,232.0,0.0,0.0,0.0,0.0,0.0,0.0
530010805350061,Sudoeste/Octogonal,Urbana,0.004626782857656,154.0,0.0,0.0,0.0,0.0,0.0,0.0
530010805350062,Sudoeste/Octogonal,Urbana,0.011688040796828,131.0,20.0,0.0,0.0,0.0,0.0,5.0
530010805350063,Sudoeste/Octogonal,Urbana,0.040671629691313,228.0,33.3,0.0,0.0,0.0,0.0,8.3
530010805350064,Sudoeste/Octogonal,Urbana,0.059749223069288,193.0,42.9,0.0,0.0,0.0,0.0,10.7
530010805350065,Sudoeste/Octogonal,Urbana,0.046443084984442,231.0,20.0,0.0,0.0,0.0,0.0,5.0
530010805350066,Sudoeste/Octogonal,Urbana,0.040671960211974,166.0,0.0,0.0,0.0,0.0,0.0,0.0
530010805350067,Sudoeste/Octogonal,Urbana,0.038783922630696,139.0,0.0,0.0,0.0,0.0,0.0,0.0
530010805350068,Sudoeste/Octogonal,Urbana,0.021399542503717,189.0,0.0,0.0,0.0,0.0,0.0,0.0
530010805350069,Sudoeste/Octogonal,Urbana,0.019876872352795,166.0,50.0,0.0,0.0,0.0,0.0,12.5
530010805350070,Sudoeste/Octogonal,Urbana,0.011834655598557,165.0,25.0,0.0,0.0,0.0,0.0,6.2
530010805350071,Sudoeste/Octogonal,Urbana,0.028614006644564,139.0,55.6,0.0,0.0,0.0,0.0,13.9
530010805350072,Sudoeste/Octogonal,Urbana,0.180247457911845,258.0,28.6,0.0,0.0,0.0,0.0,7.2
530010805350073,Sudoeste/Octogonal,Urbana,0.037144065409181,217.0,71.4,0.0,0.0,0.0,0.0,17.8
530010805350074,Sudoeste/Octogonal,Urbana,0.042600907301648,207.0,33.3,0.0,0.0,0.0,0.0,8.3
530010805350075,Sudoeste/Octogonal,Urbana,0.030352290319638,160.0,0.0,0.0,0.0,0.0,0.0,0.0
530010805350076,Sudoeste/Octogonal,Urbana,0.046535354663268,184.0,25.0,0.0,0.0,0.0,0.0,6.2
530010805350077,Sudoeste/Octogonal,Urbana,0.032867971165783,107.0,0.0,0.0,0.0,0.0,0.0,0.0
530010805350078,Sudoeste/Octogonal,Urbana,0.06977512659758,176.0,20.0,0.0,0.0,0.0,0.0,5.0
530010805350079,Sudoeste/Octogonal,Urbana,0.014650170648893,217.0,100.0,0.0,0.0,0.0,0.0,25.0
530010805350080,Sudoeste/Octogonal,Urbana,0.021284400507658,139.0,75.0,0.0,0.0,0.0,0.0,18.8
530010805350081,Sudoeste/Octogonal,Urbana,0.022263447085289,118.0,87.5,0.0,0.0,0.0,0.0,21.9
530010805350082,Sudoeste/Octogonal,Urbana,0.044966139116321,138.0,20.0,0.0,0.0,0.0,0.0,5.0
530010805350083,Sudoeste/Octogonal,Urbana,0.036065008813187,152.0,25.0,0.0,0.0,0.0,0.0,6.2
530010805350084,Sudoeste/Octogonal,Urbana,0.003603118169066,81.0,50.0,0.0,0.0,0.0,0.0,12.5
530010805350085,Sudoeste/Octogonal,Urbana,0.004452936552856,61.0,50.0,0.0,0.0,0.0,0.0,12.5
530010805350086,Sudoeste/Octogonal,Urbana,0.003366667979715,132.0,0.0,0.0,0.0,0.0,0.0,0.0
530010805350087,Sudoeste/Octogonal,Urbana,0.025577087890654,130.0,62.5,0.0,0.0,0.0,0.0,15.6
530010805350088,Sudoeste/Octogonal,Urbana,0.061310994142526,216.0,33.3,0.0,0.0,0.0,0.0,8.3
530010805350089,Sudoeste/Octogonal,Urbana,0.033753717698399,303.0,40.0,0.0,0.0,0.0,0.0,10.0
530010805350090,Sudoeste/Octogonal,Urbana,0.030721553992093,222.0,50.0,0.0,0.0,0.0,0.0,12.5
530010805350091,Sudoeste/Octogonal,Urbana,0.032343308971911,306.0,40.0,0.0,0.0,0.0,0.0,10.0
530010805350092,Sudoeste/Octogonal,Urbana,0.129623793091598,308.0,42.9,0.0,0.0,0.0,0.0,10.7
530010805350093,Sudoeste/Octogonal,Urbana,0.021354840434548,206.0,33.3,0.0,0.0,0.0,0.0,8.3
530010805350094,Sudoeste/Octogonal,Urbana,0.060039489255165,277.0,14.3,0.0,0.0,0.0,0.0,3.6
530010805350095,Sudoeste/Octogonal,Urbana,0.041008251569812,285.0,40.0,0.0,0.0,0.0,0.0,10.0
530010805350096,Sudoeste/Octogonal,Urbana,0.009676549849929,193.0,0.0,0.0,0.0,0.0,0.0,0.0
530010805350097,Sudoeste/Octogonal,Urbana,0.034012303761112,94.0,0.0,0.0,0.0,0.0,0.0,0.0
530010805350098,Sudoeste/Octogonal,Urbana,0.014346946995519,332.0,100.0,0.0,0.0,0.0,0.0,25.0
530010805350099,Sudoeste/Octogonal,Urbana,0.014358870474618,381.0,0.0,0.0,0.0,0.0,0.0,0.0
530010805350100,Sudoeste/Octogonal,Urbana,0.015702578000607,162.0,50.0,0.0,0.0,0.0,,
530010805350101,Sudoeste/Octogonal,Urbana,0.0071149801178,205.0,0.0,0.0,0.0,0.0,0.0,0.0
530010805350102,Sudoeste/Octogonal,Urbana,0.06211931350072,177.0,0.0,0.0,0.0,0.0,0.0,0.0
530010805350103,Sudoeste/Octogonal,Urbana,0.007974116021268,257.0,0.0,0.0,0.0,0.0,0.0,0.0
530010805350104,Sudoeste/Octogonal,Urbana,0.012483442329399,171.0,0.0,0.0,0.0,0.0,0.0,0.0
530010805350105,Sudoeste/Octogonal,Urbana,0.03194298512587,165.0,0.0,0.0,0.0,0.0,0.0,0.0
530010805350106,Sudoeste/Octogonal,Urbana,0.007805943911071,177.0,0.0,0.0,0.0,0.0,0.0,0.0
530010805350107,Sudoeste/Octogonal,Urbana,0.011699451129222,142.0,0.0,0.0,0.0,0.0,0.0,0.0
530010805350108,Sudoeste/Octogonal,Urbana,0.055744557163952,183.0,0.0,0.0,0.0,0.0,,
530010805350109,Sudoeste/Octogonal,Urbana,0.043563056038533,171.0,0.0,0.0,0.0,0.0,0.0,0.0
530010805360001,Águas Claras,Urbana,0.422595222371156,264.0,25.0,0.0,0.0,0.0,,
530010805360002,Águas Claras,Urbana,0.032070489365793,79.0,33.3,0.0,0.0,0.0,0.0,8.3
530010805360003,Águas Claras,Urbana,0.040968073477083,138.0,40.0,0.0,0.0,0.0,0.0,10.0
530010805360004,Águas Claras,Urbana,0.007782727772865,267.0,0.0,0.0,0.0,0.0,0.0,0.0
530010805360005,Águas Claras,Urbana,0.024942604129442,402.0,0.0,0.0,0.0,0.0,0.0,0.0
530010805360006,Águas Claras,Urbana,0.023604823411991,232.0,0.0,0.0,0.0,0.0,0.0,0.0
530010805360007,Águas Claras,Urbana,0.017950773270791,39.0,50.0,0.0,0.0,0.0,0.0,12.5
530010805360009,Águas Claras,Urbana,0.013420914188422,185.0,100.0,0.0,0.0,0.0,0.0,25.0
530010805360010,Águas Claras,Urbana,0.02648377858267,225.0,25.0,0.0,,0.0,0.0,
530010805360011,Águas Claras,Urbana,0.01084441878162,235.0,66.7,0.0,0.0,0.0,0.0,16.7
530010805360012,Águas Claras,Urbana,0.010807923698867,356.0,66.7,0.0,0.0,0.0,0.0,16.7
530010805360013,Águas Claras,Urbana,0.008294782005498,107.0,33.3,0.0,0.0,0.0,0.0,8.3
530010805360014,Águas Claras,Urbana,0.02317983350732,119.0,0.0,0.0,,0.0,0.0,
530010805360015,Águas Claras,Urbana,0.019527863716167,247.0,0.0,0.0,0.0,0.0,0.0,0.0
530010805360016,Águas Claras,Urbana,0.018062356101177,170.0,100.0,0.0,0.0,0.0,0.0,25.0
530010805360017,Águas Claras,Urbana,0.00879007053707,41.0,33.3,0.0,0.0,0.0,0.0,8.3
530010805360018,Águas Claras,Urbana,0.011760290960547,254.0,0.0,0.0,0.0,0.0,0.0,0.0
530010805360019,Águas Claras,Urbana,0.014040101803915,198.0,25.0,0.0,0.0,0.0,0.0,6.2
530010805360020,Águas Claras,Urbana,0.015249348718373,87.0,0.0,0.0,,0.0,,
530010805360021,Águas Claras,Urbana,0.036385195220733,150.0,50.0,0.0,,0.0,0.0,
530010805360022,Águas Claras,Urbana,0.004794341609834,108.0,0.0,0.0,0.0,0.0,0.0,0.0
530010805360023,Águas Claras,Urbana,0.012405509543434,357.0,40.0,0.0,0.0,0.0,0.0,10.0
530010805360024,Águas Claras,Urbana,0.033212599968683,232.0,0.0,0.0,0.0,0.0,0.0,0.0
530010805360025,Águas Claras,Urbana,0.032002431167909,132.0,0.0,0.0,0.0,0.0,0.0,0.0
530010805360026,Águas Claras,Urbana,0.031813916221293,246.0,0.0,0.0,0.0,0.0,0.0,0.0
530010805360027,Águas Claras,Urbana,0.025957857333443,196.0,50.0,0.0,0.0,0.0,0.0,12.5
530010805360028,Águas Claras,Urbana,0.013131585375894,244.0,40.0,0.0,0.0,0.0,0.0,10.0
530010805360029,Águas Claras,Urbana,0.004168804337095,60.0,100.0,0.0,0.0,0.0,0.0,25.0
530010805360030,Águas Claras,Urbana,0.007476810671608,67.0,0.0,0.0,0.0,0.0,0.0,0.0
530010805360031,Águas Claras,Urbana,0.031955250653024,384.0,0.0,0.0,0.0,0.0,0.0,0.0
530010805360032,Águas Claras,Urbana,0.028575286829004,270.0,50.0,0.0,0.0,0.0,0.0,12.5
530010805360033,Águas Claras,Urbana,0.01305451959063,188.0,0.0,0.0,0.0,0.0,0.0,0.0
530010805360034,Águas Claras,Urbana,0.039926520805841,206.0,0.0,0.0,0.0,0.0,0.0,0.0
530010805360035,Águas Claras,Urbana,0.026624042100994,250.0,0.0,0.0,0.0,0.0,0.0,0.0
530010805360036,Águas Claras,Urbana,0.016070800884469,408.0,50.0,0.0,0.0,0.0,0.0,12.5
530010805360037,Águas Claras,Urbana,0.016142227024858,370.0,25.0,0.0,,0.0,0.0,
530010805360038,Águas Claras,Urbana,0.012013777152006,185.0,0.0,0.0,0.0,0.0,0.0,0.0
530010805360039,Águas Claras,Urbana,0.015546576819186,270.0,100.0,100.0,0.0,0.0,0.0,50.0
530010805360040,Águas Claras,Urbana,0.029254872957147,172.0,0.0,0.0,0.0,0.0,0.0,0.0
530010805360041,Águas Claras,Urbana,0.023758971320574,222.0,66.7,0.0,0.0,0.0,0.0,16.7
530010805360042,Águas Claras,Urbana,0.029404139362765,151.0,57.1,0.0,0.0,0.0,0.0,14.3
530010805360043,Águas Claras,Urbana,0.010051417110685,260.0,75.0,0.0,0.0,0.0,0.0,18.8
530010805360044,Águas Claras,Urbana,0.010280728304486,113.0,50.0,0.0,0.0,0.0,0.0,12.5
530010805360045,Águas Claras,Urbana,0.018521787197792,263.0,16.7,0.0,0.0,0.0,0.0,4.2
530010805360046,Águas Claras,Urbana,0.030125700311875,252.0,14.3,0.0,0.0,0.0,0.0,3.6
530010805360047,Águas Claras,Urbana,0.018963737703022,178.0,0.0,0.0,0.0,0.0,0.0,0.0
530010805360048,Águas Claras,Urbana,0.010481292756921,223.0,0.0,0.0,0.0,0.0,0.0,0.0
530010805360049,Águas Claras,Urbana,0.007305311482899,133.0,0.0,0.0,0.0,0.0,0.0,0.0
530010805360050,Águas Claras,Urbana,0.024784153977101,159.0,0.0,0.0,0.0,0.0,0.0,0.0
530010805360051,Águas Claras,Urbana,0.099542190266816,203.0,0.0,0.0,0.0,0.0,0.0,0.0
530010805360052,Águas Claras,Urbana,0.019729701900508,269.0,0.0,0.0,0.0,0.0,0.0,0.0
530010805360053,Águas Claras,Urbana,0.020823535240399,153.0,33.3,0.0,0.0,0.0,0.0,8.3
530010805360054,Águas Claras,Urbana,0.007315851679303,288.0,0.0,0.0,0.0,0.0,0.0,0.0
530010805360055,Águas Claras,Urbana,0.01741883193253,381.0,16.7,0.0,0.0,0.0,0.0,4.2
530010805360056,Águas Claras,Urbana,0.034512864924464,298.0,72.7,0.0,0.0,0.0,0.0,18.2
530010805360057,Águas Claras,Urbana,0.028720733382252,290.0,6.2,0.0,0.0,0.0,0.0,1.6
530010805360058,Águas Claras,Urbana,0.007854022257628,252.0,50.0,0.0,0.0,0.0,0.0,12.5
530010805360059,Águas Claras,Urbana,0.011834059116677,194.0,60.0,0.0,0.0,0.0,0.0,15.0
530010805360060,Águas Claras,Urbana,0.026265480917058,274.0,57.1,0.0,0.0,0.0,0.0,14.3
530010805360061,Águas Claras,Urbana,0.012897143206091,334.0,16.7,0.0,0.0,0.0,0.0,4.2
530010805360062,Águas Claras,Urbana,0.007307545777331,,0.0,0.0,,,,
530010805360063,Águas Claras,Urbana,0.026698537202138,216.0,0.0,0.0,0.0,0.0,0.0,0.0
530010805360064,Águas Claras,Urbana,0.016192102721105,75.0,0.0,0.0,0.0,0.0,0.0,0.0
530010805360065,Águas Claras,Urbana,0.006408184498766,172.0,100.0,0.0,0.0,0.0,0.0,25.0
530010805360066,Águas Claras,Urbana,0.005327396317288,104.0,0.0,0.0,0.0,0.0,0.0,0.0
530010805360067,Águas Claras,Urbana,0.103989734703379,406.0,0.0,0.0,0.0,0.0,0.0,0.0
530010805360068,Águas Claras,Urbana,0.018229683328035,206.0,0.0,0.0,0.0,0.0,0.0,0.0
530010805360069,Águas Claras,Urbana,0.012082635643048,347.0,0.0,0.0,0.0,0.0,0.0,0.0
530010805360070,Águas Claras,Urbana,0.009559930657043,135.0,50.0,0.0,0.0,0.0,0.0,12.5
530010805360071,Águas Claras,Urbana,0.011347497254939,219.0,50.0,0.0,0.0,0.0,0.0,12.5
530010805360072,Águas Claras,Urbana,0.003933367553116,155.0,0.0,0.0,0.0,0.0,0.0,0.0
530010805360073,Águas Claras,Urbana,0.020321599358231,209.0,22.2,0.0,,0.0,,
530010805360074,Águas Claras,Urbana,0.013588185257143,373.0,25.0,0.0,0.0,0.0,0.0,6.2
530010805360076,Águas Claras,Urbana,0.005040884699386,142.0,100.0,0.0,0.0,0.0,0.0,25.0
530010805360077,Águas Claras,Urbana,0.012428224412766,275.0,66.7,0.0,0.0,0.0,0.0,16.7
530010805360078,Águas Claras,Urbana,0.113069019247992,345.0,22.2,0.0,0.0,0.0,0.0,5.6
530010805360079,Águas Claras,Urbana,0.010428554899342,109.0,0.0,0.0,0.0,0.0,0.0,0.0
530010805360080,Águas Claras,Urbana,0.017688593960368,227.0,50.0,0.0,0.0,0.0,0.0,12.5
530010805360081,Águas Claras,Urbana,0.028250231792604,295.0,100.0,0.0,0.0,0.0,0.0,25.0
530010805360082,Águas Claras,Urbana,0.015211136032416,228.0,11.1,0.0,0.0,0.0,0.0,2.8
530010805360083,Águas Claras,Urbana,0.031988005394976,80.0,12.5,0.0,0.0,0.0,0.0,3.1
530010805360084,Águas Claras,Urbana,0.008500844867267,232.0,50.0,0.0,0.0,0.0,0.0,12.5
530010805360085,Águas Claras,Urbana,0.019324306952685,187.0,33.3,0.0,,,0.0,
530010805360086,Águas Claras,Urbana,0.019472515964054,160.0,50.0,0.0,0.0,0.0,0.0,12.5
530010805360087,Águas Claras,Urbana,0.01407070101274,446.0,0.0,0.0,,0.0,0.0,
530010805360088,Águas Claras,Urbana,0.005156055767665,108.0,100.0,0.0,0.0,0.0,0.0,25.0
530010805360089,Águas Claras,Urbana,0.016587227316924,307.0,0.0,0.0,0.0,0.0,0.0,0.0
530010805360090,Águas Claras,Urbana,0.017394775086257,181.0,0.0,0.0,0.0,0.0,0.0,0.0
530010805360091,Águas Claras,Urbana,0.012793973212727,132.0,75.0,0.0,0.0,0.0,0.0,18.8
530010805360092,Águas Claras,Urbana,0.007918234287113,146.0,0.0,0.0,0.0,0.0,0.0,0.0
530010805360093,Águas Claras,Urbana,0.064466207832146,375.0,50.0,0.0,0.0,0.0,0.0,12.5
530010805360094,Águas Claras,Urbana,0.010670873816247,187.0,0.0,0.0,0.0,0.0,0.0,0.0
530010805360095,Águas Claras,Urbana,0.025300567137369,42.0,33.3,0.0,0.0,0.0,0.0,8.3
530010805360096,Águas Claras,Urbana,0.012174731094347,74.0,0.0,0.0,0.0,0.0,0.0,0.0
530010805360097,Águas Claras,Urbana,0.005898688699695,216.0,0.0,0.0,0.0,0.0,0.0,0.0
530010805360098,Águas Claras,Urbana,0.01481349221829,251.0,0.0,0.0,0.0,0.0,0.0,0.0
530010805360099,Águas Claras,Urbana,0.01063099704392,339.0,83.3,0.0,0.0,0.0,0.0,20.8
530010805360100,Águas Claras,Urbana,0.010018409011451,187.0,20.0,0.0,0.0,0.0,0.0,5.0
530010805360101,Águas Claras,Urbana,0.036937036213951,104.0,20.0,0.0,0.0,0.0,0.0,5.0
530010805360102,Águas Claras,Urbana,0.019458354877181,318.0,0.0,0.0,0.0,0.0,0.0,0.0
530010805360103,Águas Claras,Urbana,0.019441544027406,275.0,0.0,0.0,0.0,0.0,0.0,0.0
530010805360104,Águas Claras,Urbana,0.005485374084874,180.0,0.0,0.0,0.0,0.0,0.0,0.0
530010805360105,Águas Claras,Urbana,0.006702426422622,243.0,0.0,0.0,0.0,0.0,0.0,0.0
530010805360106,Águas Claras,Urbana,0.015702891525338,254.0,28.6,0.0,,0.0,0.0,
530010805360107,Águas Claras,Urbana,0.418364745093133,300.0,16.7,0.0,0.0,0.0,0.0,4.2
530010805360108,Águas Claras,Urbana,0.011346695871968,265.0,0.0,0.0,0.0,0.0,0.0,0.0
530010805360109,Águas Claras,Urbana,0.013189211774686,181.0,0.0,0.0,0.0,0.0,0.0,0.0
530010805360110,Águas Claras,Urbana,0.008652931466187,186.0,0.0,0.0,0.0,0.0,0.0,0.0
530010805360111,Águas Claras,Urbana,0.02368827160346,193.0,0.0,0.0,,0.0,0.0,
530010805360112,Águas Claras,Urbana,0.018686561431766,155.0,28.6,0.0,0.0,0.0,0.0,7.2
530010805360113,Águas Claras,Urbana,0.013874824647514,294.0,40.0,0.0,0.0,0.0,0.0,10.0
530010805360114,Águas Claras,Urbana,0.01732342077098,176.0,0.0,0.0,0.0,0.0,0.0,0.0
530010805360115,Águas Claras,Urbana,0.014002369922985,268.0,0.0,0.0,0.0,0.0,0.0,0.0
530010805360116,Águas Claras,Urbana,0.011364905656486,264.0,0.0,0.0,0.0,0.0,0.0,0.0
530010805360117,Águas Claras,Urbana,0.028801163784793,278.0,70.0,10.0,0.0,0.0,0.0,20.0
530010805360118,Águas Claras,Urbana,0.034721909729865,72.0,75.0,0.0,0.0,0.0,0.0,18.8
530010805360119,Águas Claras,Urbana,0.020790363571893,46.0,100.0,0.0,0.0,0.0,0.0,25.0
530010805360120,Águas Claras,Urbana,0.03420633281434,297.0,0.0,0.0,0.0,0.0,0.0,0.0
530010805360121,Águas Claras,Urbana,0.010436540613374,177.0,0.0,0.0,0.0,0.0,0.0,0.0
530010805360122,Águas Claras,Urbana,0.018633738645624,115.0,100.0,0.0,0.0,0.0,0.0,25.0
530010805360123,Águas Claras,Urbana,0.031456789897062,28.0,33.3,0.0,0.0,0.0,0.0,8.3
530010805360125,Águas Claras,Urbana,0.034861657263297,129.0,0.0,0.0,0.0,0.0,0.0,0.0
530010805360126,Águas Claras,Urbana,0.038014808661243,84.0,0.0,0.0,0.0,0.0,0.0,0.0
530010805360127,Águas Claras,Urbana,0.024782390524322,298.0,0.0,0.0,0.0,0.0,0.0,0.0
530010805360128,Águas Claras,Urbana,0.024775120640497,98.0,0.0,0.0,0.0,0.0,0.0,0.0
530010805360129,Águas Claras,Urbana,0.007765245425651,115.0,66.7,0.0,0.0,0.0,0.0,16.7
530010805360130,Águas Claras,Urbana,0.015083175706043,427.0,0.0,0.0,0.0,0.0,0.0,0.0
530010805360131,Águas Claras,Urbana,0.010080098409921,137.0,0.0,0.0,0.0,0.0,0.0,0.0
530010805360132,Águas Claras,Urbana,0.035529124850031,265.0,10.0,0.0,0.0,0.0,0.0,2.5
530010805360133,Águas Claras,Urbana,0.027563552730149,339.0,16.7,0.0,0.0,0.0,0.0,4.2
530010805360134,Águas Claras,Urbana,0.023351869108383,229.0,0.0,0.0,0.0,0.0,0.0,0.0
530010805360135,Águas Claras,Urbana,0.007186383335099,46.0,0.0,0.0,0.0,0.0,0.0,0.0
530010805360137,Águas Claras,Urbana,0.016702871226924,93.0,0.0,0.0,0.0,0.0,0.0,0.0
530010805360138,Águas Claras,Urbana,0.010846897942276,265.0,33.3,0.0,0.0,0.0,0.0,8.3
530010805360139,Águas Claras,Urbana,0.023780625142038,290.0,71.4,0.0,0.0,0.0,0.0,17.8
530010805360140,Águas Claras,Urbana,0.007259613566023,105.0,0.0,0.0,0.0,0.0,0.0,0.0
530010805360141,Águas Claras,Urbana,0.007516720806019,77.0,33.3,0.0,0.0,0.0,0.0,8.3
530010805360142,Águas Claras,Urbana,0.007286999969637,261.0,100.0,0.0,0.0,0.0,0.0,25.0
530010805360143,Águas Claras,Urbana,0.022230164431523,247.0,33.3,0.0,,,0.0,
530010805360144,Águas Claras,Urbana,0.026510662467775,341.0,66.7,0.0,0.0,0.0,0.0,16.7
530010805360145,Águas Claras,Urbana,0.007125312222826,222.0,0.0,0.0,0.0,0.0,0.0,0.0
530010805360146,Águas Claras,Urbana,0.02577889810661,96.0,100.0,0.0,0.0,0.0,0.0,25.0
530010805360147,Águas Claras,Urbana,0.013756915552223,87.0,100.0,0.0,0.0,0.0,0.0,25.0
530010805360148,Águas Claras,Urbana,0.002084547167552,154.0,0.0,0.0,0.0,0.0,0.0,0.0
530010805360149,Águas Claras,Urbana,0.002982624730997,92.0,100.0,0.0,0.0,0.0,0.0,25.0
530010805360150,Águas Claras,Urbana,0.007462089741478,157.0,50.0,0.0,,0.0,0.0,
530010805360151,Águas Claras,Urbana,0.011925066635258,321.0,0.0,0.0,0.0,0.0,0.0,0.0
530010805360152,Águas Claras,Urbana,0.007790165784849,164.0,0.0,0.0,0.0,0.0,0.0,0.0
530010805360153,Águas Claras,Urbana,0.013517241264981,197.0,33.3,0.0,0.0,0.0,0.0,8.3
530010805360154,Águas Claras,Urbana,0.006467851507737,91.0,100.0,0.0,0.0,0.0,0.0,25.0
530010805360155,Águas Claras,Urbana,0.012789081988661,208.0,0.0,0.0,,,0.0,
530010805360156,Águas Claras,Urbana,0.009940817804519,158.0,0.0,0.0,0.0,0.0,0.0,0.0
530010805360157,Águas Claras,Urbana,0.028021586790398,223.0,0.0,0.0,0.0,0.0,0.0,0.0
530010805360158,Águas Claras,Urbana,0.023579840746686,101.0,0.0,0.0,0.0,0.0,0.0,0.0
530010805360159,Águas Claras,Urbana,0.006471425515551,160.0,100.0,0.0,0.0,0.0,0.0,25.0
530010805360160,Águas Claras,Urbana,0.005284962809052,117.0,100.0,0.0,0.0,0.0,0.0,25.0
530010805360161,Águas Claras,Urbana,0.011948984801482,137.0,100.0,0.0,0.0,0.0,0.0,25.0
530010805360162,Águas Claras,Urbana,0.010471058837056,216.0,33.3,0.0,0.0,0.0,0.0,8.3
530010805360165,Águas Claras,Urbana,0.01051357387343,230.0,50.0,0.0,0.0,0.0,0.0,12.5
530010805360166,Águas Claras,Urbana,0.011204989165692,180.0,0.0,0.0,0.0,0.0,0.0,0.0
530010805360167,Águas Claras,Urbana,0.008588112559224,220.0,0.0,0.0,0.0,0.0,0.0,0.0
530010805360168,Águas Claras,Urbana,0.022788831106906,223.0,0.0,0.0,0.0,0.0,0.0,0.0
530010805360169,Águas Claras,Urbana,0.140833698112809,287.0,100.0,0.0,0.0,0.0,0.0,25.0
530010805360170,Águas Claras,Urbana,0.05467274782204,155.0,0.0,0.0,0.0,0.0,0.0,0.0
530010805360171,Águas Claras,Urbana,0.006067262435476,235.0,0.0,0.0,0.0,,0.0,0.0
530010805360172,Águas Claras,Urbana,0.005591243309994,218.0,50.0,0.0,0.0,0.0,0.0,12.5
530010805360173,Águas Claras,Urbana,0.005872342853185,214.0,0.0,0.0,0.0,0.0,0.0,0.0
530010805360174,Águas Claras,Urbana,0.012192238393145,256.0,66.7,0.0,,,0.0,
530010805360175,Águas Claras,Urbana,0.05707310723533,259.0,60.0,0.0,0.0,0.0,0.0,15.0
530010805360176,Águas Claras,Urbana,0.009801782306581,273.0,0.0,0.0,0.0,0.0,0.0,0.0
530010805360177,Águas Claras,Urbana,0.024755607539151,111.0,0.0,0.0,0.0,0.0,0.0,0.0
530010805360178,Águas Claras,Urbana,0.013176594824166,323.0,0.0,0.0,0.0,0.0,0.0,0.0
530010805360179,Águas Claras,Urbana,0.010068315263803,203.0,50.0,0.0,0.0,0.0,0.0,12.5
530010805360180,Águas Claras,Urbana,0.017270047990255,271.0,100.0,0.0,0.0,0.0,0.0,25.0
530010805360181,Águas Claras,Urbana,0.00873867086729,115.0,0.0,0.0,0.0,0.0,0.0,0.0
530010805360182,Águas Claras,Urbana,0.025905903614506,194.0,0.0,0.0,0.0,0.0,0.0,0.0
530010805360184,Águas Claras,Urbana,0.008418687198796,176.0,0.0,0.0,0.0,0.0,0.0,0.0
530010805360185,Águas Claras,Urbana,0.007719593059338,262.0,0.0,0.0,,0.0,0.0,
530010805360186,Águas Claras,Urbana,0.03619104581379,319.0,50.0,0.0,0.0,0.0,0.0,12.5
530010805360187,Águas Claras,Urbana,0.132950770501233,371.0,85.7,0.0,,0.0,0.0,
530010805360188,Águas Claras,Urbana,0.009167200324473,296.0,100.0,0.0,,0.0,,
530010805360189,Águas Claras,Urbana,0.00671180680797,244.0,50.0,0.0,0.0,0.0,,
530010805360190,Águas Claras,Urbana,0.001736161264544,121.0,100.0,0.0,0.0,0.0,0.0,25.0
530010805360191,Águas Claras,Urbana,0.008626550387967,183.0,100.0,0.0,0.0,0.0,0.0,25.0
530010805360192,Águas Claras,Urbana,0.007187861554286,244.0,100.0,0.0,0.0,0.0,0.0,25.0
530010805360193,Águas Claras,Urbana,0.013283819746656,188.0,40.0,0.0,0.0,0.0,0.0,10.0
530010805360194,Águas Claras,Urbana,0.025915361047652,240.0,0.0,0.0,0.0,0.0,0.0,0.0
530010805360195,Águas Claras,Urbana,0.029455063359564,214.0,0.0,0.0,0.0,0.0,0.0,0.0
530010805360196,Águas Claras,Urbana,0.008130752529055,189.0,0.0,0.0,0.0,0.0,0.0,0.0
530010805360197,Águas Claras,Urbana,0.008265495736979,318.0,66.7,0.0,0.0,0.0,0.0,16.7
530010805360198,Águas Claras,Urbana,0.019462663564944,196.0,0.0,0.0,0.0,0.0,0.0,0.0
530010805360199,Águas Claras,Urbana,0.0180487027656,178.0,100.0,0.0,0.0,0.0,0.0,25.0
530010805360200,Águas Claras,Urbana,0.006721822886017,230.0,0.0,0.0,0.0,0.0,0.0,0.0
530010805360201,Águas Claras,Urbana,0.008087613662239,321.0,0.0,0.0,0.0,0.0,0.0,0.0
530010805360202,Águas Claras,Urbana,0.151575211250715,189.0,33.3,0.0,0.0,0.0,0.0,8.3
530010805360203,Águas Claras,Urbana,0.006128361134017,241.0,100.0,0.0,0.0,0.0,0.0,25.0
530010805360204,Águas Claras,Urbana,0.009424367030562,213.0,20.0,0.0,0.0,0.0,0.0,5.0
530010805360205,Águas Claras,Urbana,0.008902134923756,246.0,0.0,0.0,0.0,0.0,0.0,0.0
530010805360206,Águas Claras,Urbana,0.019074258907544,195.0,33.3,0.0,0.0,0.0,0.0,8.3
530010805360207,Águas Claras,Urbana,0.087960218015145,266.0,75.0,0.0,0.0,0.0,,
530010805360208,Águas Claras,Urbana,0.053338503990663,438.0,33.3,33.3,0.0,0.0,0.0,16.6
530010805360209,Águas Claras,Urbana,0.015958356480336,351.0,62.5,0.0,0.0,0.0,0.0,15.6
530010805360210,Águas Claras,Urbana,0.005887742314492,380.0,0.0,0.0,0.0,0.0,0.0,0.0
530010805360211,Águas Claras,Urbana,0.026885819144198,224.0,0.0,0.0,0.0,0.0,0.0,0.0
530010805360212,Águas Claras,Urbana,0.009779408023996,325.0,50.0,0.0,,0.0,0.0,
530010805360213,Águas Claras,Urbana,0.009244439540898,352.0,100.0,0.0,,0.0,0.0,
530010805360214,Águas Claras,Urbana,0.008585229810429,227.0,0.0,0.0,0.0,0.0,1.3,0.3
530010805360215,Águas Claras,Urbana,0.008445816506431,258.0,0.0,0.0,0.0,0.0,0.0,0.0
530010805360216,Águas Claras,Urbana,0.004197584799101,228.0,100.0,0.0,0.0,0.0,0.0,25.0
530010805360217,Águas Claras,Urbana,0.0052497892215,172.0,0.0,0.0,0.0,0.0,0.0,0.0
530010805360218,Águas Claras,Urbana,0.010375933474505,256.0,50.0,0.0,0.0,0.0,0.0,12.5
530010805360219,Águas Claras,Urbana,0.006668432440117,193.0,0.0,0.0,0.0,0.0,0.0,0.0
530010805360220,Águas Claras,Urbana,0.006856313462669,218.0,50.0,0.0,0.0,0.0,0.0,12.5
530010805360221,Águas Claras,Urbana,0.005191545279137,175.0,50.0,0.0,0.0,0.0,0.0,12.5
530010805360222,Águas Claras,Urbana,0.089544812836091,294.0,29.4,0.0,0.0,0.0,0.0,7.4
530010805360223,Águas Claras,Urbana,0.019768892053396,252.0,20.0,0.0,0.0,0.0,0.0,5.0
530010805360224,Águas Claras,Urbana,0.014113012493007,189.0,66.7,0.0,0.0,0.0,0.0,16.7
530010805360225,Águas Claras,Urbana,0.04083323332764,299.0,0.0,0.0,0.0,0.0,0.0,0.0
530010805360226,Águas Claras,Urbana,0.016719865997698,202.0,66.7,0.0,0.0,0.0,0.0,16.7
530010805360227,Águas Claras,Urbana,0.003307864783819,226.0,50.0,0.0,0.0,0.0,0.0,12.5
530010805360228,Águas Claras,Urbana,0.006461264192157,291.0,50.0,0.0,0.0,0.0,0.0,12.5
530010805360229,Águas Claras,Urbana,0.005956793251867,179.0,100.0,0.0,0.0,0.0,0.0,25.0
530010805360230,Águas Claras,Urbana,0.011203797984138,211.0,0.0,0.0,0.0,0.0,0.0,0.0
530010805360231,Águas Claras,Urbana,0.013505046590182,213.0,0.0,0.0,0.0,0.0,0.0,0.0
530010805360232,Águas Claras,Urbana,0.109002680928998,318.0,0.0,0.0,0.0,0.0,0.0,0.0
530010805360233,Águas Claras,Urbana,0.006776107215902,317.0,100.0,0.0,0.0,0.0,0.0,25.0
530010805360234,Águas Claras,Urbana,0.021369480707207,238.0,0.0,0.0,0.0,0.0,0.0,0.0
530010805360235,Águas Claras,Urbana,0.179156981717539,220.0,33.3,0.0,0.0,0.0,0.0,8.3
530010805360236,Águas Claras,Urbana,0.089040071280348,209.0,0.0,0.0,,0.0,0.0,
530010805360237,Águas Claras,Urbana,0.011511855772233,285.0,50.0,0.0,0.0,0.0,0.0,12.5
530010805360238,Águas Claras,Urbana,0.006083865835497,203.0,0.0,0.0,0.0,0.0,0.0,0.0
530010805360239,Águas Claras,Urbana,0.005974746554678,257.0,0.0,0.0,0.0,0.0,0.0,0.0
530010805360240,Águas Claras,Urbana,0.041652982037456,187.0,0.0,0.0,0.0,0.0,0.0,0.0
530010805360241,Águas Claras,Urbana,0.133378351400522,331.0,100.0,0.0,0.0,0.0,0.0,25.0
530010805360242,Águas Claras,Urbana,0.008381680691426,247.0,100.0,0.0,0.0,0.0,,
530010805360243,Águas Claras,Urbana,0.009574546190861,187.0,83.3,0.0,0.0,0.0,0.0,20.8
530010805360244,Águas Claras,Urbana,0.00623270880079,121.0,0.0,0.0,0.0,0.0,0.0,0.0
530010805360245,Águas Claras,Urbana,0.03109158201664,274.0,44.4,0.0,0.0,0.0,0.0,11.1
530010805360246,Águas Claras,Urbana,0.012136691004863,110.0,0.0,0.0,0.0,0.0,0.0,0.0
530010805360247,Águas Claras,Urbana,0.005116378081989,162.0,0.0,0.0,0.0,0.0,0.0,0.0
530010805360248,Águas Claras,Urbana,0.00224243629923,122.0,0.0,0.0,0.0,0.0,0.0,0.0
530010805360249,Águas Claras,Urbana,0.033732828652405,182.0,0.0,0.0,0.0,0.0,0.0,0.0
530010805360250,Águas Claras,Urbana,0.012473406481784,260.0,0.0,0.0,0.0,0.0,0.0,0.0
530010805360251,Águas Claras,Urbana,0.011552350248402,116.0,100.0,0.0,0.0,0.0,0.0,25.0
530010805360252,Águas Claras,Urbana,0.015060088548093,226.0,33.3,0.0,0.0,0.0,0.0,8.3
530010805360254,Águas Claras,Urbana,0.328703933632753,106.0,50.0,37.5,,96.2,,
530010805360258,Águas Claras,Urbana,0.295699439670094,,,,,,,
530010805360259,Águas Claras,Urbana,1.703980728722462,,,,,,,
530010805360260,Águas Claras,Urbana,0.018563593391721,230.0,,,0.0,0.0,0.0,
530010805360261,Águas Claras,Urbana,0.005688195901885,269.0,40.0,0.0,0.0,0.0,0.0,10.0
530010805360262,Águas Claras,Urbana,0.010330021656657,256.0,100.0,0.0,0.0,0.0,0.0,25.0
530010805360263,Águas Claras,Urbana,0.679137560443866,69.0,,,0.0,94.2,0.0,
530010805360264,Águas Claras,Urbana,0.026422464355314,142.0,40.0,0.0,0.0,0.0,0.0,10.0
530010805370001,Vicente Pires,Urbana,0.102154564734768,135.0,70.0,20.0,0.0,6.7,0.0,22.5
530010805370002,Vicente Pires,Urbana,0.214831107046885,219.0,0.0,0.0,0.0,2.7,0.0,0.0
530010805370003,Vicente Pires,Urbana,0.298194230725322,228.0,0.0,0.0,,1.8,0.0,
530010805370004,Vicente Pires,Urbana,0.187768086692134,176.0,87.5,0.0,0.0,0.0,0.0,21.9
530010805370005,Vicente Pires,Urbana,0.285483836465694,323.0,5.9,0.0,2.2,,0.0,2.0
530010805370006,Vicente Pires,Urbana,0.279974224167681,257.0,25.0,0.0,0.0,0.0,0.0,6.2
530010805370008,Vicente Pires,Urbana,0.097095716616463,196.0,57.1,14.3,0.0,2.0,0.0,17.8
530010805370009,Vicente Pires,Urbana,0.180923139470604,540.0,90.9,0.0,,1.3,0.0,
530010805370010,Vicente Pires,Urbana,0.234880080464823,224.0,0.0,0.0,0.0,0.0,0.0,0.0
530010805370011,Vicente Pires,Urbana,0.200193302367403,321.0,9.1,0.0,0.0,,0.0,2.3
530010805370012,Vicente Pires,Urbana,0.292869557012342,313.0,0.0,0.0,,0.0,0.0,
530010805370014,Vicente Pires,Urbana,0.275055910283095,303.0,46.7,0.0,0.0,0.0,0.0,11.7
530010805370015,Vicente Pires,Urbana,0.615253890955,193.0,18.8,6.2,24.9,33.2,,
530010805370016,Vicente Pires,Urbana,0.257218303476437,218.0,0.0,0.0,,0.0,0.0,
530010805370017,Vicente Pires,Urbana,0.174490887553433,273.0,72.7,0.0,,0.0,0.0,
530010805370018,Vicente Pires,Urbana,0.074602684542693,91.0,33.3,0.0,0.0,0.0,0.0,8.3
530010805370019,Vicente Pires,Urbana,0.149726220058208,119.0,33.3,0.0,0.0,0.0,0.0,8.3
530010805370020,Vicente Pires,Urbana,0.294410977995189,185.0,100.0,0.0,0.0,0.0,0.0,25.0
530010805370021,Vicente Pires,Urbana,0.125268391078397,158.0,0.0,0.0,1.9,0.0,0.0,0.5
530010805370022,Vicente Pires,Urbana,0.133806300399792,162.0,75.0,0.0,0.0,0.0,0.0,18.8
530010805370023,Vicente Pires,Urbana,0.216383458601005,364.0,42.9,0.0,0.0,1.9,0.0,10.7
530010805370024,Vicente Pires,Urbana,0.389455224063971,290.0,9.1,0.0,,1.4,0.0,
530010805370025,Vicente Pires,Urbana,0.219530817320961,226.0,0.0,0.0,0.0,0.0,0.0,0.0
530010805370026,Vicente Pires,Urbana,0.387116776354391,85.0,14.3,0.0,0.0,0.0,0.0,3.6
530010805370027,Vicente Pires,Urbana,0.156508559761485,186.0,0.0,0.0,0.0,0.0,0.0,0.0
530010805370028,Vicente Pires,Urbana,0.286341354174308,286.0,60.0,0.0,,0.0,0.0,
530010805370029,Vicente Pires,Urbana,0.162417305995603,313.0,90.9,0.0,0.0,0.0,0.0,22.7
530010805370030,Vicente Pires,Urbana,0.221475466581426,194.0,37.5,0.0,0.0,2.1,0.0,9.4
530010805370031,Vicente Pires,Urbana,0.4707224564936,290.0,0.0,0.0,,2.8,0.0,
530010805370032,Vicente Pires,Urbana,0.185553343303104,280.0,40.0,0.0,0.0,0.0,0.0,10.0
530010805370033,Vicente Pires,Urbana,0.232806575358974,279.0,0.0,0.0,,0.0,0.0,
530010805370034,Vicente Pires,Urbana,0.196835547891641,232.0,15.4,0.0,0.0,0.0,0.0,3.8
530010805370035,Vicente Pires,Urbana,0.135835437121494,220.0,50.0,0.0,6.4,0.0,0.0,14.1
530010805370036,Vicente Pires,Urbana,0.340317903972915,235.0,60.0,0.0,0.0,6.0,0.0,15.0
530010805370037,Vicente Pires,Urbana,0.158680615763625,160.0,71.4,0.0,,,0.0,
530010805370038,Vicente Pires,Urbana,0.215903074064314,374.0,53.3,6.7,0.0,,0.0,15.0
530010805370039,Vicente Pires,Urbana,0.157491945383903,224.0,33.3,0.0,0.0,,0.0,8.3
530010805370040,Vicente Pires,Urbana,0.15547182544951,148.0,55.6,0.0,,0.0,0.0,
530010805370041,Vicente Pires,Urbana,0.310841002647902,342.0,35.3,0.0,0.9,,0.0,9.0
530010805370042,Vicente Pires,Urbana,0.244841480248382,310.0,25.0,0.0,8.4,0.0,0.0,8.4
530010805370043,Vicente Pires,Urbana,0.252101623929013,162.0,60.0,0.0,0.0,0.0,0.0,15.0
530010805370044,Vicente Pires,Urbana,0.236333169047705,283.0,0.0,0.0,0.0,2.8,0.0,0.0
530010805370045,Vicente Pires,Urbana,0.161459284598149,142.0,87.5,0.0,0.0,0.0,0.0,21.9
530010805370046,Vicente Pires,Urbana,0.325807353562711,364.0,100.0,0.0,0.0,0.0,0.0,25.0
530010805370047,Vicente Pires,Urbana,0.255821759551321,258.0,0.0,0.0,,,0.0,
530010805370048,Vicente Pires,Urbana,0.139965550746175,181.0,88.9,0.0,0.0,0.0,0.0,22.2
530010805370050,Vicente Pires,Urbana,0.193850913929942,239.0,0.0,0.0,0.0,,0.0,0.0
530010805370051,Vicente Pires,Urbana,0.272871961930348,276.0,76.2,0.0,0.0,,0.0,19.0
530010805370052,Vicente Pires,Urbana,0.282565241033965,268.0,70.0,0.0,1.5,7.1,0.0,17.9
530010805370053,Vicente Pires,Urbana,0.235864404669258,268.0,0.0,0.0,6.0,4.1,0.0,1.5
530010805370054,Vicente Pires,Urbana,0.362737860846261,330.0,22.2,0.0,0.0,,0.0,5.6
530010805370055,Vicente Pires,Urbana,0.140052934720278,190.0,50.0,0.0,,1.6,0.0,
530010805370056,Vicente Pires,Urbana,0.290912052220222,295.0,0.0,0.0,,1.0,,
530010805370057,Vicente Pires,Urbana,0.312229018725172,242.0,10.0,0.0,0.0,0.0,0.0,2.5
530010805370058,Vicente Pires,Urbana,0.135224498147491,206.0,0.0,0.0,,7.3,0.0,
530010805370059,Vicente Pires,Urbana,0.155550461010529,173.0,30.0,0.0,0.0,0.0,0.0,7.5
530010805370060,Vicente Pires,Urbana,0.147777997054365,187.0,25.0,0.0,0.0,0.0,0.0,6.2
530010805370061,Vicente Pires,Urbana,0.131055144277596,172.0,28.6,0.0,0.0,0.0,0.0,7.2
530010805370062,Vicente Pires,Urbana,0.187095878626855,183.0,0.0,0.0,4.4,6.0,0.0,1.1
530010805370063,Vicente Pires,Urbana,0.203198894834645,140.0,31.2,0.0,,0.0,0.0,
530010805370064,Vicente Pires,Urbana,0.218465614345136,242.0,41.7,0.0,0.0,0.0,0.0,10.4
530010805370066,Vicente Pires,Urbana,0.22529315449975,325.0,56.2,0.0,,0.0,,
530010805370067,Vicente Pires,Urbana,0.1336190500017,185.0,0.0,0.0,,0.0,0.0,
530010805370068,Vicente Pires,Urbana,0.21556049842879,246.0,16.7,0.0,0.0,,0.0,4.2
530010805370069,Vicente Pires,Urbana,0.216356518876865,260.0,0.0,0.0,0.0,0.0,0.0,0.0
530010805370070,Vicente Pires,Urbana,0.124391507551684,235.0,28.6,0.0,0.0,0.0,0.0,7.2
530010805370071,Vicente Pires,Urbana,0.201870021143093,137.0,100.0,0.0,,0.0,0.0,
530010805370074,Vicente Pires,Urbana,0.099161019383832,82.0,7.1,0.0,3.7,18.3,3.7,3.6
530010805370075,Vicente Pires,Urbana,0.024296686198681,31.0,100.0,0.0,0.0,9.7,0.0,25.0
530010805370076,Vicente Pires,Urbana,4.10937548637248,51.0,100.0,88.9,9.8,100.0,,
530010805370077,Vicente Pires,Urbana,0.196107899307196,163.0,0.0,0.0,1.8,3.1,0.0,0.5
530010805370078,Vicente Pires,Urbana,0.155868491278124,172.0,90.9,0.0,,3.5,0.0,
530010805370079,Vicente Pires,Urbana,0.111994174469251,232.0,100.0,0.0,0.0,1.3,0.0,25.0
530010805370080,Vicente Pires,Urbana,0.055113103730682,298.0,0.0,0.0,0.0,0.0,0.0,0.0
530010805370081,Vicente Pires,Urbana,0.091627808429418,237.0,28.6,0.0,0.0,0.0,0.0,7.2
530010805370082,Vicente Pires,Urbana,0.355316735350373,142.0,14.3,0.0,0.0,0.0,0.0,3.6
530010805370083,Vicente Pires,Urbana,0.127182032744647,271.0,45.5,0.0,,2.2,0.0,
530010805370084,Vicente Pires,Urbana,0.103162947948934,76.0,0.0,0.0,0.0,0.0,0.0,0.0
530010805370085,Vicente Pires,Urbana,0.080752350886374,136.0,40.0,0.0,0.0,0.0,0.0,10.0
530010805370086,Vicente Pires,Urbana,0.082620624667978,173.0,0.0,0.0,0.0,0.0,0.0,0.0
530010805370087,Vicente Pires,Urbana,0.099573004066655,134.0,50.0,0.0,0.0,0.0,0.0,12.5
530010805370088,Vicente Pires,Urbana,0.129801037513726,160.0,57.1,0.0,0.0,0.0,0.0,14.3
530010805370089,Vicente Pires,Urbana,0.203382407183441,276.0,34.6,0.0,,13.0,0.0,
530010805370090,Vicente Pires,Urbana,0.189035826470347,159.0,0.0,0.0,,,,
530010805370091,Vicente Pires,Urbana,0.101734410039565,211.0,16.7,0.0,0.0,0.0,0.0,4.2
530010805370092,Vicente Pires,Urbana,0.114149907752701,190.0,0.0,0.0,0.0,0.0,0.0,0.0
530010805370095,Vicente Pires,Urbana,0.217297363463472,168.0,90.9,0.0,7.7,0.0,0.0,24.6
530010805370096,Vicente Pires,Urbana,0.155032880601772,221.0,77.8,0.0,0.0,0.0,0.0,19.4
530010805370097,Vicente Pires,Urbana,0.066656645067187,156.0,0.0,0.0,,0.0,1.9,
530010805370098,Vicente Pires,Urbana,0.081293787927561,279.0,71.4,0.0,0.0,0.0,0.0,17.8
530010805370099,Vicente Pires,Urbana,1.839063318526883,262.0,100.0,100.0,1.5,100.0,3.4,51.2
530010805370100,Vicente Pires,Urbana,1.565633743528467,70.0,,,0.0,98.6,8.6,
530010805370101,Vicente Pires,Urbana,0.269039102164147,51.0,100.0,100.0,,88.2,0.0,
530010805370103,Vicente Pires,Urbana,0.21321161126305,207.0,100.0,100.0,8.2,95.7,0.0,52.0
530010805370105,Vicente Pires,Urbana,0.281707453059187,180.0,,,83.9,100.0,,
530010805370111,Vicente Pires,Urbana,0.22806116438485,144.0,,,79.9,96.5,0.0,
530010805370112,Vicente Pires,Urbana,0.251211780346657,104.0,,,33.7,97.1,0.0,
530010805370113,Vicente Pires,Urbana,0.177192075457265,109.0,,,98.2,98.2,2.8,
530010805370114,Vicente Pires,Urbana,0.289469012342565,75.0,100.0,100.0,97.3,100.0,0.0,74.3
530010805370117,Vicente Pires,Urbana,0.562057580567345,224.0,100.0,100.0,,96.0,7.6,
530010805370123,Vicente Pires,Urbana,1.2808442397441,108.0,100.0,100.0,2.8,89.8,,
530010805370125,Vicente Pires,Urbana,0.075866533931631,136.0,0.0,0.0,,5.9,0.0,
530010805370126,Vicente Pires,Urbana,0.14291458798793,285.0,0.0,0.0,,0.0,0.0,
530010805370127,Vicente Pires,Urbana,0.119734767892381,368.0,40.6,0.0,0.0,0.0,,
530010805370129,Vicente Pires,Urbana,0.051486947776547,276.0,0.0,0.0,0.0,0.0,0.0,0.0
530010805370130,Vicente Pires,Urbana,0.019531296757868,212.0,0.0,0.0,,0.0,0.0,
530010805370131,Vicente Pires,Urbana,0.076644873001397,193.0,0.0,0.0,0.0,0.0,0.0,0.0
530010805370132,Vicente Pires,Urbana,0.138215157620875,118.0,16.7,0.0,0.0,0.0,0.0,4.2
530010805370133,Vicente Pires,Urbana,0.466425432562544,358.0,100.0,0.0,8.1,1.4,0.0,27.0
530010805370134,Vicente Pires,Urbana,0.331795062791426,197.0,30.8,0.0,0.0,2.5,0.0,7.7
530010805370135,Vicente Pires,Urbana,0.38800912161836,258.0,0.0,0.0,0.0,4.3,0.0,0.0
530010805370136,Vicente Pires,Urbana,0.300595009201376,207.0,0.0,0.0,,0.0,0.0,
530010805370137,Vicente Pires,Urbana,0.521513701347585,328.0,7.7,0.0,0.0,6.7,0.0,1.9
530010805370138,Vicente Pires,Urbana,2.482277027650871,42.0,,,0.0,100.0,71.4,
530010805370139,Vicente Pires,Urbana,0.028973136780275,30.0,100.0,100.0,83.3,76.7,0.0,70.8
530010805370140,Vicente Pires,Urbana,0.204487985584693,40.0,100.0,100.0,0.0,90.0,0.0,50.0
530010805370141,Vicente Pires,Urbana,0.160190499846098,130.0,100.0,100.0,99.2,93.1,0.0,74.8
530010805370142,Vicente Pires,Urbana,0.144440157580528,117.0,100.0,70.0,,88.9,0.0,
530010805370143,Vicente Pires,Urbana,0.200066766816636,193.0,100.0,100.0,96.4,100.0,0.0,74.1
530010805370144,Vicente Pires,Urbana,0.158098941081,83.0,100.0,100.0,44.6,91.6,,
530010805370145,Vicente Pires,Urbana,0.157303308774682,57.0,100.0,100.0,87.7,93.0,,
530010805370146,Vicente Pires,Urbana,0.200092273312774,97.0,100.0,100.0,57.7,94.8,9.3,66.8
530010805370147,Vicente Pires,Urbana,0.304164807660889,72.0,100.0,100.0,0.0,88.9,,
530010805370148,Vicente Pires,Urbana,0.26414120988495,96.0,100.0,100.0,69.8,91.7,,
530010805370149,Vicente Pires,Urbana,0.178347481106628,49.0,100.0,100.0,95.9,95.9,0.0,74.0
530010805370150,Vicente Pires,Urbana,0.410191634811906,74.0,100.0,100.0,33.8,85.1,14.9,62.2
530010805370151,Vicente Pires,Urbana,0.083598183312524,49.0,100.0,100.0,22.4,98.0,,
530010805370152,Vicente Pires,Urbana,0.122292404270496,40.0,100.0,100.0,12.5,95.0,0.0,53.1
530010805370153,Vicente Pires,Urbana,0.134784423587239,52.0,100.0,100.0,88.5,94.2,0.0,72.1
530010805370154,Vicente Pires,Urbana,0.101522935149476,48.0,100.0,100.0,,93.8,,
530010805370155,Vicente Pires,Urbana,0.151215747376168,57.0,100.0,100.0,0.0,94.7,5.3,51.3
530010805370156,Vicente Pires,Urbana,0.192890178022103,84.0,100.0,100.0,0.0,90.5,0.0,50.0
530010805370157,Vicente Pires,Urbana,0.365823338456447,60.0,100.0,100.0,50.0,91.7,,
530010805370158,Vicente Pires,Urbana,0.394862834040467,81.0,100.0,100.0,93.8,93.8,0.0,73.4
530010805370159,Vicente Pires,Urbana,0.091287209888218,49.0,100.0,100.0,0.0,91.8,,
530010805370160,Vicente Pires,Urbana,0.083431090122945,46.0,100.0,100.0,13.0,91.3,,
530010805370161,Vicente Pires,Urbana,0.629023597576252,126.0,100.0,100.0,,95.2,4.0,
530010805370162,Vicente Pires,Urbana,0.462323958072617,78.0,100.0,100.0,74.4,100.0,,
530010805370163,Vicente Pires,Urbana,0.360769566679682,183.0,100.0,100.0,,98.4,10.9,
530010805370164,Vicente Pires,Urbana,0.274703718363156,71.0,100.0,100.0,90.1,91.5,8.5,74.6
530010805370165,Vicente Pires,Urbana,0.397280108718691,59.0,100.0,100.0,91.5,93.2,11.9,75.9
530010805370166,Vicente Pires,Urbana,0.313550068394603,85.0,100.0,100.0,,92.9,25.9,
530010805370167,Vicente Pires,Urbana,0.213232690904863,178.0,100.0,100.0,10.1,100.0,,
530010805370168,Vicente Pires,Urbana,0.15749675366917,103.0,100.0,100.0,8.7,97.1,,
530010805370169,Vicente Pires,Urbana,0.161770618311478,159.0,68.8,18.8,0.0,10.7,0.0,21.9
530010805370170,Vicente Pires,Urbana,0.11593294245531,261.0,50.0,0.0,0.0,0.0,0.0,12.5
530010805370171,Vicente Pires,Urbana,0.089707825526919,132.0,3.1,0.0,0.0,0.0,0.0,0.8
530010805370172,Vicente Pires,Urbana,0.165438639066487,246.0,100.0,0.0,0.0,0.0,0.0,25.0
530010805370173,Vicente Pires,Urbana,0.122301642483358,153.0,75.0,0.0,0.0,0.0,0.0,18.8
530010805370174,Vicente Pires,Urbana,0.155356663350843,132.0,33.3,16.7,0.0,4.5,,
530010805370175,Vicente Pires,Urbana,0.103513745713008,198.0,25.0,0.0,0.0,,0.0,6.2
530010805370176,Vicente Pires,Urbana,0.061900939328489,206.0,50.0,0.0,0.0,,0.0,12.5
530010805370177,Vicente Pires,Urbana,0.088707107955828,185.0,16.7,0.0,0.0,0.0,0.0,4.2
530010805370178,Vicente Pires,Urbana,0.084987489402005,179.0,36.4,0.0,0.0,0.0,0.0,9.1
530010805370179,Vicente Pires,Urbana,0.041129792665574,142.0,33.3,0.0,0.0,0.0,0.0,8.3
530010805370180,Vicente Pires,Urbana,0.013747712766611,468.0,0.0,0.0,0.0,0.0,0.0,0.0
530010805370181,Vicente Pires,Urbana,0.127091238103751,261.0,54.5,0.0,0.0,0.0,0.0,13.6
530010805370182,Vicente Pires,Urbana,0.076607838969726,281.0,16.7,0.0,1.1,0.0,0.0,4.4
530010805370183,Vicente Pires,Urbana,0.046361032565384,481.0,0.0,0.0,0.0,0.0,0.0,0.0
530010805370184,Vicente Pires,Urbana,0.010487581290804,,,,,,,
530010805370185,Vicente Pires,Urbana,0.12672255373397,150.0,22.2,0.0,0.0,0.0,0.0,5.6
530010805370186,Vicente Pires,Urbana,0.122285717150028,225.0,25.0,0.0,,1.8,0.0,
530010805380001,Itapoã,Urbana,1.107618741504378,324.0,89.3,17.9,,4.3,0.0,
530010805380002,Itapoã,Urbana,0.383902111799256,345.0,81.8,0.0,1.7,,0.0,20.9
530010805380003,Itapoã,Urbana,0.412024557355279,299.0,100.0,0.0,,3.3,0.0,
530010805380004,Itapoã,Urbana,0.306121506629017,194.0,100.0,0.0,,2.1,0.0,
530010805380005,Itapoã,Urbana,3.152940920565883,139.0,,,,99.3,3.6,
530010805380006,Itapoã,Urbana,0.373636889449859,254.0,92.3,0.0,0.0,,0.0,23.1
530010805380007,Itapoã,Urbana,0.028026745569636,175.0,14.3,0.0,0.0,,0.0,3.6
530010805380008,Itapoã,Urbana,0.088126919309825,408.0,0.0,0.0,0.0,0.0,0.0,0.0
530010805380009,Itapoã,Urbana,0.111340892343097,347.0,35.7,0.0,0.9,,,
530010805380010,Itapoã,Urbana,0.11083682193722,364.0,38.5,0.0,0.0,0.8,,
530010805380011,Itapoã,Urbana,0.058369266366137,335.0,35.7,0.0,0.0,0.0,0.0,8.9
530010805380012,Itapoã,Urbana,0.044462255831469,273.0,28.6,0.0,0.0,0.0,0.0,7.2
530010805380013,Itapoã,Urbana,0.04865510225626,286.0,7.1,0.0,0.0,0.0,0.0,1.8
530010805380014,Itapoã,Urbana,0.052906403637561,333.0,26.1,0.0,0.0,0.0,0.0,6.5
530010805380015,Itapoã,Urbana,0.04386720778772,280.0,50.0,0.0,0.0,0.0,0.0,12.5
530010805380016,Itapoã,Urbana,0.05004917021885,347.0,23.5,0.0,0.0,0.0,0.0,5.9
530010805380017,Itapoã,Urbana,0.051266096896678,388.0,50.0,3.3,,1.5,,
530010805380018,Itapoã,Urbana,0.059169237065969,287.0,0.0,0.0,0.0,0.0,0.0,0.0
530010805380019,Itapoã,Urbana,0.026665947720321,235.0,0.0,0.0,0.0,0.0,0.0,0.0
530010805380020,Itapoã,Urbana,0.046771161750733,381.0,0.0,0.0,0.0,0.0,0.0,0.0
530010805380021,Itapoã,Urbana,0.046658476005069,354.0,16.7,0.0,0.0,,0.0,4.2
530010805380022,Itapoã,Urbana,0.046295010453773,361.0,0.0,0.0,0.0,0.0,0.0,0.0
530010805380023,Itapoã,Urbana,0.045438491913802,409.0,0.0,0.0,0.0,0.0,0.0,0.0
530010805380024,Itapoã,Urbana,0.045947817284621,379.0,0.0,0.0,0.0,0.0,0.0,0.0
530010805380025,Itapoã,Urbana,0.047770575725446,354.0,25.0,0.0,0.0,0.0,0.0,6.2
530010805380026,Itapoã,Urbana,0.044741150606527,367.0,0.0,0.0,0.0,0.0,0.0,0.0
530010805380027,Itapoã,Urbana,0.049371836100175,381.0,14.3,0.0,1.0,,0.0,3.8
530010805380028,Itapoã,Urbana,0.031503987242681,203.0,33.3,0.0,0.0,0.0,0.0,8.3
530010805380029,Itapoã,Urbana,0.036012370263555,149.0,33.3,0.0,0.0,0.0,0.0,8.3
530010805380030,Itapoã,Urbana,0.039703327771933,264.0,0.0,0.0,,,0.0,
530010805380031,Itapoã,Urbana,0.04511064803556,306.0,16.7,0.0,0.0,0.0,0.0,4.2
530010805380032,Itapoã,Urbana,0.029621551448951,217.0,0.0,0.0,0.0,0.0,0.0,0.0
530010805380033,Itapoã,Urbana,0.027384939448479,224.0,0.0,0.0,0.0,0.0,0.0,0.0
530010805380034,Itapoã,Urbana,0.059362386143615,264.0,0.0,0.0,0.0,,0.0,0.0
530010805380035,Itapoã,Urbana,0.047149329548895,229.0,14.3,0.0,0.0,,0.0,3.6
530010805380036,Itapoã,Urbana,0.030092908695516,165.0,33.3,0.0,1.8,0.0,0.0,8.8
530010805380037,Itapoã,Urbana,0.035711874859429,241.0,12.5,0.0,0.0,0.0,0.0,3.1
530010805380038,Itapoã,Urbana,0.039548069304052,230.0,16.7,0.0,0.0,0.0,0.0,4.2
530010805380039,Itapoã,Urbana,0.05124270826059,393.0,20.0,0.0,2.8,0.0,0.0,5.7
530010805380040,Itapoã,Urbana,0.038923396258002,288.0,33.3,0.0,,0.0,0.0,
530010805380041,Itapoã,Urbana,0.045022549080987,331.0,0.0,0.0,0.0,0.0,0.0,0.0
530010805380042,Itapoã,Urbana,0.046898838250425,353.0,0.0,0.0,0.0,0.0,0.0,0.0
530010805380043,Itapoã,Urbana,0.044874338265562,356.0,0.0,0.0,0.0,1.1,0.0,0.0
530010805380044,Itapoã,Urbana,0.045203351758196,322.0,0.0,0.0,,3.1,0.0,
530010805380045,Itapoã,Urbana,0.045224770547433,272.0,0.0,0.0,0.0,0.0,0.0,0.0
530010805380046,Itapoã,Urbana,0.03312495607759,145.0,75.0,0.0,,,0.0,
530010805380047,Itapoã,Urbana,0.028716726921012,189.0,0.0,0.0,0.0,,0.0,0.0
530010805380048,Itapoã,Urbana,0.021768483487384,134.0,12.5,0.0,,,0.0,
530010805380049,Itapoã,Urbana,0.028430762708642,198.0,0.0,0.0,,5.1,0.0,
530010805380050,Itapoã,Urbana,0.093167409961695,317.0,92.9,42.9,,0.0,0.0,
530010805380051,Itapoã,Urbana,0.068335738746966,408.0,22.2,16.7,,,0.0,
530010805380052,Itapoã,Urbana,0.072374802303634,470.0,33.3,25.0,0.0,,0.0,14.6
530010805380053,Itapoã,Urbana,0.067830559897256,302.0,70.0,50.0,1.0,3.3,0.0,30.2
530010805380054,Itapoã,Urbana,0.28733669424647,288.0,14.3,7.1,0.0,0.0,0.0,5.4
530010805380055,Itapoã,Rural,6.365132755624463,133.0,,,,98.5,,
530010805380056,Itapoã,Urbana,0.443866064589627,401.0,91.7,0.0,,0.7,0.0,
530010805380057,Itapoã,Urbana,0.313364086885763,180.0,66.7,0.0,,3.3,0.0,
530010805380058,Itapoã,Urbana,0.021087401189197,118.0,0.0,0.0,0.0,0.0,0.0,0.0
530010805380059,Itapoã,Urbana,0.127446090364417,422.0,100.0,94.1,,3.1,,
530010805380060,Itapoã,Urbana,0.02307588915504,167.0,0.0,0.0,0.0,,0.0,0.0
530010805380061,Itapoã,Urbana,0.021691363884611,165.0,25.0,0.0,1.8,3.6,0.0,6.7
530010805380062,Itapoã,Urbana,0.029096149451811,208.0,50.0,0.0,0.0,0.0,0.0,12.5
530010805380063,Itapoã,Urbana,0.027798872854982,229.0,0.0,0.0,0.0,0.0,0.0,0.0
530010805380064,Itapoã,Urbana,0.035419545280462,202.0,0.0,0.0,,1.5,0.0,
530010805380065,Itapoã,Urbana,0.028414838822171,182.0,0.0,0.0,,0.0,0.0,
530010805380066,Itapoã,Urbana,0.06948332744384,347.0,66.7,0.0,0.0,,0.0,16.7
530010805380067,Itapoã,Urbana,0.110596765239477,419.0,100.0,30.0,0.0,,0.0,32.5
530010805380068,Itapoã,Urbana,0.141623561612895,270.0,35.7,0.0,0.0,,0.0,8.9
530010805380069,Itapoã,Urbana,1.216850958545235,59.0,100.0,100.0,,96.6,,
530010805380070,Itapoã,Urbana,3.70197449229553,103.0,100.0,83.3,16.5,98.1,3.9,50.9
530010805380073,Itapoã,Urbana,0.03535356690049,221.0,25.0,0.0,0.0,0.0,0.0,6.2
530010805380074,Itapoã,Urbana,0.051646771582381,365.0,27.3,27.3,,0.8,0.0,
530010805380075,Itapoã,Urbana,0.072396311247168,296.0,63.6,45.5,0.0,0.0,0.0,27.3
530010805380076,Itapoã,Urbana,0.045367931738291,188.0,0.0,0.0,0.0,0.0,0.0,0.0
530010805380077,Itapoã,Urbana,0.041092854477941,232.0,50.0,0.0,0.0,0.0,0.0,12.5
530010805380079,Itapoã,Rural,1.969949874070031,47.0,,,87.2,95.7,23.4,
530010805380080,Itapoã,Urbana,0.031438051997371,,100.0,100.0,,,,
530010805380081,Itapoã,Urbana,0.057481649900752,,,,,,,
530010805380082,Itapoã,Urbana,0.058273054952021,,0.0,0.0,,,,
530010805380083,Itapoã,Urbana,0.057279410413705,,100.0,100.0,,,,
530010805380084,Itapoã,Urbana,0.02648754581749,,,,,,,
530010805380085,Itapoã,Urbana,0.025698602772052,,,,,,,
530010805380086,Itapoã,Urbana,0.078402576296497,,50.0,50.0,,,,
530010805380087,Itapoã,Urbana,0.08527594476148,,100.0,100.0,,,,
530010805380088,Itapoã,Urbana,0.054775568794932,,100.0,100.0,,,,
530010805380089,Itapoã,Urbana,0.047975309766929,,100.0,100.0,,,,
530010805380090,Itapoã,Urbana,0.026114854735894,,0.0,0.0,,,,
530010805380091,Itapoã,Urbana,0.069773074324256,,,,,,,
530010805380092,Itapoã,Urbana,0.025105673167636,,,,,,,
530010805380093,Itapoã,Urbana,0.113709145251246,,,,,,,
530010805380094,Itapoã,Urbana,0.040567508118667,,,,,,,
530010805380100,Itapoã,Urbana,0.045344409286865,,100.0,100.0,,,,
530010805380101,Itapoã,Urbana,0.079180112401081,6.0,95.0,95.0,,100.0,0.0,
530010805380110,Itapoã,Urbana,0.03810681226232,,100.0,100.0,,,,
530010805380111,Itapoã,Urbana,0.062131258119927,,100.0,100.0,,,,
530010805380112,Itapoã,Urbana,0.034959556240425,,,,,,,
530010805380115,Itapoã,Urbana,0.02735578765651,5.0,20.0,0.0,0.0,0.0,0.0,5.0
530010805380116,Itapoã,Urbana,0.025646760834298,21.0,15.0,0.0,0.0,0.0,0.0,3.8
530010805380117,Itapoã,Urbana,0.025615729985584,6.0,0.0,0.0,0.0,0.0,0.0,0.0
530010805380118,Itapoã,Urbana,0.028164894207493,,4.2,0.0,,,,
530010805380119,Itapoã,Urbana,0.027100155407787,,0.0,0.0,,,,
530010805380120,Itapoã,Urbana,0.026803261498297,,0.0,0.0,,,,
530010805380121,Itapoã,Rural,0.722695708327033,79.0,,,60.8,96.2,,
530010805380122,Itapoã,Urbana,0.404107308796779,76.0,,,27.6,98.7,0.0,
530010805380123,Itapoã,Rural,1.301582162087206,5.0,,,0.0,100.0,0.0,
530010805380124,Itapoã,Rural,0.626321146091107,124.0,,,,96.0,,
530010805380125,Itapoã,Rural,1.931871024446818,64.0,,,79.7,96.9,,
530010805380126,Itapoã,Rural,0.394060268195136,131.0,,,84.0,99.2,0.0,
530010805380127,Itapoã,Urbana,2.507755231821574,45.0,100.0,50.0,55.6,71.1,,
530010805380128,Itapoã,Urbana,0.773706250509326,,,,,,,
530010805380129,Itapoã,Urbana,1.186350825822051,47.0,100.0,33.3,8.5,68.1,0.0,35.4
530010805390001,Fercal,Urbana,0.238886015585571,150.0,92.3,7.7,,13.3,0.0,
530010805390002,Fercal,Urbana,0.06887875272586,143.0,50.0,0.0,4.9,,,
530010805390003,Fercal,Urbana,0.171145477527189,46.0,85.7,28.6,,6.5,,
530010805390005,Fercal,Rural,102.08092675383323,194.0,,,40.7,38.1,20.1,
530010805390007,Fercal,Urbana,0.079109697898337,74.0,100.0,33.3,18.9,0.0,0.0,38.0
530010805390008,Fercal,Urbana,0.172418005654586,285.0,84.6,30.8,,87.0,,
530010805390010,Fercal,Urbana,0.759879248453329,140.0,81.8,36.4,0.0,2.1,2.1,30.1
530010805390011,Fercal,Urbana,0.669456626787476,198.0,100.0,94.4,,3.5,,
530010805390015,Fercal,Urbana,0.156739844132174,205.0,92.9,21.4,,0.0,,
530010805390017,Fercal,Urbana,0.799121649670697,150.0,90.9,36.4,0.0,0.0,,
530010805390019,Fercal,Urbana,0.140959952770517,182.0,20.0,20.0,0.0,0.0,0.0,10.0
530010805390020,Fercal,Urbana,0.423578582170609,162.0,84.6,30.8,,4.9,0.0,
530010805390021,Fercal,Rural,0.375535558461284,148.0,,,,2.7,2.0,
530010805390022,Fercal,Rural,0.529590123479965,149.0,,,98.7,8.7,0.0,
530010805390023,Fercal,Rural,30.029534992852433,22.0,,,,,22.7,
530010805390025,Fercal,Rural,4.143470528852807,46.0,,,,69.6,50.0,
530010805390026,Fercal,Urbana,0.139132471786155,108.0,83.3,0.0,,,0.0,
530010805390027,Fercal,Urbana,0.208508017397764,35.0,100.0,0.0,28.6,,0.0,32.2
530010805390030,Fercal,Urbana,0.228060490974465,100.0,100.0,75.0,97.0,,0.0,68.0
530010805390031,Fercal,Rural,0.802913561011333,,,,,,,
530010805390032,Fercal,Urbana,0.386015866785867,133.0,75.0,50.0,0.0,,,
530010805390034,Fercal,Urbana,0.707433862459375,215.0,87.0,34.8,0.0,,,
530010805390036,Fercal,Urbana,0.3375203865029,147.0,92.3,0.0,0.0,0.0,0.0,23.1
530010805390038,Fercal,Urbana,0.503771363004857,281.0,74.2,35.5,,5.7,,
530010805390039,Fercal,Rural,3.628825722761539,9.0,,,55.6,33.3,0.0,
530010805390040,Fercal,Urbana,4.383031673887145,,100.0,0.0,,,,
530010805390041,Fercal,Rural,2.610042342944532,11.0,,,,27.3,,
530010805400001,Jardim Botânico,Urbana,0.350932882367447,197.0,31.2,31.2,0.0,4.1,0.0,15.6
530010805400002,Jardim Botânico,Urbana,0.307881438109874,126.0,62.5,0.0,,4.8,0.0,
530010805400003,Jardim Botânico,Urbana,0.21741153864114,130.0,0.0,0.0,,3.8,,
530010805400004,Jardim Botânico,Urbana,0.190404634047102,173.0,0.0,0.0,1.7,2.3,0.0,0.4
530010805400005,Jardim Botânico,Urbana,0.293378636288251,86.0,84.4,0.0,0.0,96.5,0.0,21.1
530010805400006,Jardim Botânico,Urbana,0.389253442044612,136.0,82.5,0.0,,90.4,0.0,
530010805400007,Jardim Botânico,Urbana,1.605825585321352,249.0,10.1,5.8,0.0,10.0,0.0,4.0
530010805400008,Jardim Botânico,Urbana,1.504896242534312,296.0,64.4,57.8,6.4,75.3,,
530010805400009,Jardim Botânico,Urbana,0.690552905528823,164.0,43.8,37.5,,3.7,0.0,
530010805400010,Jardim Botânico,Urbana,0.260239335291226,114.0,12.5,0.0,0.0,,0.0,3.1
530010805400011,Jardim Botânico,Urbana,0.350907007230889,166.0,16.7,0.0,,,0.0,
530010805400012,Jardim Botânico,Urbana,0.168321945776054,140.0,33.3,0.0,,,0.0,
530010805400013,Jardim Botânico,Urbana,0.338217283163535,173.0,100.0,0.0,0.0,0.0,0.0,25.0
530010805400014,Jardim Botânico,Urbana,1.907909773707829,272.0,79.6,35.2,4.8,98.5,1.1,30.2
530010805400015,Jardim Botânico,Urbana,1.518627782229195,193.0,63.3,53.1,,97.4,0.0,
530010805400016,Jardim Botânico,Urbana,0.676539488591026,302.0,51.0,4.1,,76.5,0.0,
530010805400018,Jardim Botânico,Urbana,0.951527225784643,319.0,87.1,77.6,2.2,82.8,0.0,41.7
530010805400021,Jardim Botânico,Urbana,0.32378111493005,155.0,47.9,0.0,,91.6,0.0,
530010805400022,Jardim Botânico,Rural,8.524255351153798,75.0,,,62.7,48.0,,
530010805400023,Jardim Botânico,Urbana,0.57073456190778,342.0,50.8,0.0,1.8,74.3,0.0,13.2
530010805400024,Jardim Botânico,Rural,18.52453604039567,,,,,,,
530010805400025,Jardim Botânico,Rural,38.861269676184456,,,,,,,
530010805400026,Jardim Botânico,Urbana,6.716085255938978,22.0,,,,,0.0,
530010805400027,Jardim Botânico,Urbana,0.112819240261818,47.0,0.0,0.0,,,0.0,
530010805400028,Jardim Botânico,Urbana,0.103139284073638,35.0,0.0,0.0,0.0,0.0,0.0,0.0
530010805400029,Jardim Botânico,Urbana,0.624677465936741,160.0,57.7,57.7,,54.4,0.0,
530010805400030,Jardim Botânico,Urbana,5.33524226037937,138.0,81.6,51.0,21.0,76.1,2.9,39.1
530010805400031,Jardim Botânico,Urbana,0.395165134326691,256.0,4.1,2.0,,82.0,0.0,
530010805400032,Jardim Botânico,Urbana,0.476519783736521,162.0,24.0,16.0,,93.8,1.9,
530010805400034,Jardim Botânico,Rural,37.85988812514644,64.0,,,40.6,90.6,,
530010805400035,Jardim Botânico,Rural,10.822131437760671,10.0,,,70.0,100.0,,
530010805400036,Jardim Botânico,Rural,11.033259230919507,91.0,,,81.3,97.8,51.6,
530010805400037,Jardim Botânico,Rural,3.592550449228664,,,,,,,
530010805400038,Jardim Botânico,Urbana,1.729621361213055,223.0,1.8,0.0,0.0,0.0,0.0,0.5
530010805400039,Jardim Botânico,Rural,4.620285720382349,47.0,,,68.1,95.7,,
530010805400040,Jardim Botânico,Rural,4.188048142877146,17.0,,,41.2,94.1,35.3,
530010805400041,Jardim Botânico,Urbana,0.157576263413197,210.0,100.0,5.4,0.0,2.4,,
530010805400042,Jardim Botânico,Urbana,0.054609484148792,243.0,100.0,25.0,,2.1,0.0,
530010805400043,Jardim Botânico,Urbana,0.098083414085668,,,,,,,
530010805400044,Jardim Botânico,Rural,5.19552236133521,,,,,,,
530010805400045,Jardim Botânico,Urbana,0.651710197241116,379.0,30.0,0.0,,42.5,0.0,
530010805400046,Jardim Botânico,Urbana,0.365387190236705,203.0,60.0,0.0,0.0,0.0,0.0,15.0
530010805400047,Jardim Botânico,Urbana,0.196441085135582,186.0,75.0,0.0,0.0,0.0,0.0,18.8
530010805400048,Jardim Botânico,Urbana,0.199137636294495,158.0,25.0,0.0,0.0,55.1,0.0,6.2
530010805400049,Jardim Botânico,Urbana,0.231023135655411,246.0,89.5,0.0,,0.0,0.0,
530010805400050,Jardim Botânico,Rural,0.466197291161142,,,,,,,
530010805400051,Jardim Botânico,Urbana,0.756810554846951,187.0,6.2,0.0,,58.3,,
530010805400052,Jardim Botânico,Urbana,0.820504817565465,214.0,6.7,6.7,2.3,72.4,,
530010805400053,Jardim Botânico,Rural,27.65842452996629,32.0,,,65.6,40.6,9.4,
530010805400055,Jardim Botânico,Urbana,0.079590488094594,139.0,71.4,0.0,,0.0,0.0,
530010805400056,Jardim Botânico,Urbana,0.127573782625377,148.0,85.7,0.0,,0.0,0.0,
530010805400057,Jardim Botânico,Urbana,0.092271598526545,122.0,0.0,0.0,0.0,0.0,0.0,0.0
530010805400058,Jardim Botânico,Urbana,0.119034330984724,213.0,72.7,0.0,0.0,0.0,0.0,18.2
530010805400059,Jardim Botânico,Urbana,0.196223770059325,184.0,9.1,0.0,,40.2,0.0,
530010805400060,Jardim Botânico,Urbana,0.283851665511351,175.0,35.3,0.0,11.4,20.6,0.0,11.7
530010805400061,Jardim Botânico,Rural,2.890398644013311,9.0,,,44.4,44.4,0.0,
530010805400062,Jardim Botânico,Urbana,0.235103895578586,393.0,7.1,2.4,0.0,0.0,0.0,2.4
530010805400064,Jardim Botânico,Rural,5.144111819303044,5.0,,,60.0,,,
530010805400065,Jardim Botânico,Rural,4.701498376371864,,,,,,,
530010805400066,Jardim Botânico,Urbana,0.628544015796754,280.0,11.1,0.0,,11.1,,
530010805400067,Jardim Botânico,Urbana,0.36169510649625,247.0,9.1,0.0,,0.0,0.0,
530010805400069,Jardim Botânico,Urbana,0.713266440710333,263.0,94.1,58.8,,9.5,,
530010805400070,Jardim Botânico,Urbana,0.608119058716549,287.0,20.0,0.0,11.5,0.0,1.4,8.2
530010805400071,Jardim Botânico,Urbana,1.465001989542775,331.0,5.5,0.0,,,0.0,
530010805400072,Jardim Botânico,Urbana,0.051795318335039,136.0,100.0,67.6,,0.0,0.0,
530010805400073,Jardim Botânico,Urbana,0.675928196778874,216.0,26.1,0.0,1.9,0.0,0.0,7.0
530010805400074,Jardim Botânico,Urbana,1.363517891987006,248.0,99.2,76.6,0.0,0.0,,
530010805400076,Jardim Botânico,Urbana,0.282064829993012,182.0,25.0,0.0,,0.0,0.0,
530010805400077,Jardim Botânico,Urbana,0.317822647782456,153.0,55.0,0.0,0.0,0.0,0.0,13.8
530010805400078,Jardim Botânico,Rural,6.20042584432577,84.0,,,73.8,19.0,,
530010805400079,Jardim Botânico,Urbana,0.401413872264352,126.0,59.1,50.0,,18.3,,
530010805400080,Jardim Botânico,Urbana,0.396374950798132,269.0,0.0,0.0,14.5,1.9,0.0,3.6
530010805400081,Jardim Botânico,Urbana,0.260212232361937,193.0,0.0,0.0,,3.1,0.0,
530010805400082,Jardim Botânico,Rural,2.410042466056733,,,,,,,
530010805400083,Jardim Botânico,Urbana,0.277875614488843,296.0,20.0,0.0,0.0,0.0,0.0,5.0
530010805400084,Jardim Botânico,Urbana,0.065804095781806,241.0,40.9,0.0,0.0,0.0,0.0,10.2
530010805400085,Jardim Botânico,Urbana,0.05686127300559,287.0,7.7,0.0,0.0,0.0,0.0,1.9
530010805400086,Jardim Botânico,Urbana,0.081588435380901,271.0,23.3,0.0,,,0.0,
530010805400087,Jardim Botânico,Urbana,0.067010719396638,281.0,23.8,0.0,0.0,,0.0,6.0
530010805400088,Jardim Botânico,Urbana,0.080563962004053,293.0,31.0,3.4,0.0,0.0,0.0,8.6
530010805400089,Jardim Botânico,Urbana,0.056546979328958,230.0,8.3,0.0,0.0,0.0,0.0,2.1
530010805400090,Jardim Botânico,Urbana,0.062573238442963,285.0,12.5,0.0,1.1,,0.0,3.4
530010805400091,Jardim Botânico,Urbana,0.093019812622525,374.0,26.5,0.0,0.0,0.0,0.0,6.6
530010805400092,Jardim Botânico,Urbana,0.066203584115728,282.0,0.0,0.0,0.0,0.0,0.0,0.0
530010805400093,Jardim Botânico,Urbana,0.23969303373022,303.0,6.9,0.0,0.0,0.0,0.0,1.7
530010805400094,Jardim Botânico,Urbana,0.194324719369713,370.0,11.8,0.0,,,0.0,
530010805400095,Jardim Botânico,Rural,7.441143041919383,,,,,,,
530010805400096,Jardim Botânico,Urbana,0.030786038223359,64.0,100.0,66.7,0.0,90.6,,
530010805400097,Jardim Botânico,Urbana,0.671969778892848,338.0,71.4,0.0,2.7,0.0,,
530010805400098,Jardim Botânico,Urbana,0.614558270079183,212.0,50.0,0.0,1.4,0.0,0.0,12.8
530010805400099,Jardim Botânico,Urbana,0.063152929170124,236.0,22.6,0.0,0.0,0.0,0.0,5.6
530010805400100,Jardim Botânico,Urbana,0.043843397079755,228.0,15.0,5.0,1.3,0.0,0.0,5.3
530010805400101,Jardim Botânico,Urbana,0.043220919328888,146.0,22.2,0.0,,0.0,0.0,
530010805400102,Jardim Botânico,Urbana,0.06245805077682,249.0,26.9,0.0,0.0,,,
530010805400103,Jardim Botânico,Urbana,0.073623065786601,240.0,47.6,0.0,0.0,0.0,0.0,11.9
530010805400104,Jardim Botânico,Urbana,0.03346541642386,177.0,30.8,0.0,3.4,0.0,0.0,8.5
530010805400105,Jardim Botânico,Urbana,0.057955396137123,198.0,54.2,0.0,,,0.0,
530010805400106,Jardim Botânico,Urbana,0.053776963871238,237.0,35.3,0.0,,1.3,0.0,
530010805400107,Jardim Botânico,Urbana,0.044144155702263,249.0,10.0,0.0,,0.0,0.0,
530010805400108,Jardim Botânico,Urbana,0.04549973440876,258.0,4.3,0.0,0.0,0.0,0.0,1.1
530010805400109,Jardim Botânico,Urbana,0.042876839460238,235.0,37.5,0.0,0.0,0.0,0.0,9.4
530010805400110,Jardim Botânico,Urbana,0.05411009214903,272.0,10.0,0.0,0.0,0.0,0.0,2.5
530010805400111,Jardim Botânico,Urbana,0.038867983336686,202.0,13.3,0.0,,0.0,0.0,
530010805400112,Jardim Botânico,Urbana,0.062331128365443,229.0,4.3,0.0,0.0,,0.0,1.1
530010805400113,Jardim Botânico,Rural,0.075963638428968,,,,,,,
530010805400114,Jardim Botânico,Urbana,0.148040177302752,103.0,,,4.9,0.0,0.0,
530010805400118,Jardim Botânico,Urbana,0.109816975703363,185.0,100.0,82.9,,20.5,0.0,
530010805400119,Jardim Botânico,Urbana,0.436531953664911,235.0,38.2,2.9,1.3,87.2,,
530010805400121,Jardim Botânico,Urbana,2.378237041528707,,,,,,,
530010805400122,Jardim Botânico,Rural,9.174106466104483,,,,,,,
530010805400124,Jardim Botânico,Urbana,0.721256419574848,208.0,87.9,36.4,37.0,20.7,,
530010805400125,Jardim Botânico,Urbana,0.849614313373075,287.0,85.3,32.4,0.0,30.0,,
530010805400126,Jardim Botânico,Urbana,2.19233324300951,104.0,66.7,16.7,0.0,40.4,,
530010805400127,Jardim Botânico,Urbana,1.054068281031568,106.0,100.0,7.1,0.0,70.8,0.0,26.8
530010805400128,Jardim Botânico,Urbana,1.043047397330477,35.0,87.5,12.5,17.1,74.3,0.0,29.3
530010805400129,Jardim Botânico,Urbana,0.665076021614191,,100.0,100.0,,,,
530010805400130,Jardim Botânico,Urbana,0.404671751689878,141.0,34.6,0.0,,0.0,0.0,
530010805400131,Jardim Botânico,Urbana,1.043950971375454,212.0,16.2,0.0,,0.0,0.0,
530010805400132,Jardim Botânico,Urbana,0.477009387358556,103.0,9.1,0.0,0.0,0.0,0.0,2.3
530010805400133,Jardim Botânico,Rural,4.735755521819816,46.0,,,0.0,63.0,6.5,
530010805400134,Jardim Botânico,Urbana,0.353468324964846,172.0,100.0,0.0,0.0,0.0,0.0,25.0
530010805400135,Jardim Botânico,Urbana,0.844252919965071,150.0,17.5,0.0,0.0,0.0,0.0,4.4
530010805400136,Jardim Botânico,Urbana,0.712013950439204,157.0,21.4,3.6,0.0,0.0,0.0,6.2
530010805400137,Jardim Botânico,Rural,0.519746217757312,,,,,,,
530010805400138,Jardim Botânico,Urbana,0.38401401737612,139.0,100.0,0.0,,19.4,0.0,
530010805400139,Jardim Botânico,Urbana,0.352570862430504,163.0,100.0,93.3,,10.4,0.0,
530010805400140,Jardim Botânico,Urbana,1.41406229927263,175.0,54.7,34.0,,83.4,,
530010805400141,Jardim Botânico,Urbana,1.204320959665668,56.0,84.2,78.9,0.0,91.1,,
530010805400142,Jardim Botânico,Rural,3.467664951650974,59.0,,,5.1,94.9,,
530010805400143,Jardim Botânico,Rural,2.409204480645397,121.0,,,,99.2,9.9,
530010805400144,Jardim Botânico,Rural,9.089560825818936,49.0,,,49.0,95.9,,
530010805400145,Jardim Botânico,Urbana,0.068120624212017,24.0,100.0,100.0,87.5,16.7,0.0,71.9
530010805410001,Riacho Fundo II,Urbana,0.374258891389454,257.0,0.0,0.0,0.0,0.0,0.0,0.0
530010805410002,Riacho Fundo II,Urbana,0.047251104340712,223.0,0.0,0.0,0.0,0.0,0.0,0.0
530010805410003,Riacho Fundo II,Urbana,0.06355989029808,214.0,0.0,0.0,0.0,0.0,0.0,0.0
530010805410004,Riacho Fundo II,Urbana,0.105940831646926,262.0,0.0,0.0,0.0,0.0,0.0,0.0
530010805410005,Riacho Fundo II,Urbana,0.063191105924907,295.0,0.0,0.0,0.0,0.0,0.0,0.0
530010805410006,Riacho Fundo II,Urbana,0.052159558160081,266.0,0.0,0.0,0.0,0.0,0.0,0.0
530010805410007,Riacho Fundo II,Urbana,0.076128473664233,316.0,0.0,0.0,0.0,0.0,0.0,0.0
530010805410008,Riacho Fundo II,Urbana,0.051951640630616,125.0,0.0,0.0,0.0,0.0,0.0,0.0
530010805410009,Riacho Fundo II,Urbana,0.043248637905912,206.0,0.0,0.0,0.0,0.0,0.0,0.0
530010805410010,Riacho Fundo II,Urbana,0.049013913261038,129.0,0.0,0.0,0.0,0.0,0.0,0.0
530010805410011,Riacho Fundo II,Urbana,0.11642338290154,179.0,0.0,0.0,0.0,0.0,0.0,0.0
530010805410012,Riacho Fundo II,Urbana,0.053677196285208,257.0,0.0,0.0,0.0,0.0,0.0,0.0
530010805410013,Riacho Fundo II,Urbana,0.057793988068306,161.0,25.0,0.0,0.0,0.0,0.0,6.2
530010805410014,Riacho Fundo II,Urbana,0.073688746117535,279.0,0.0,0.0,,,0.0,
530010805410015,Riacho Fundo II,Urbana,0.039056722887536,169.0,0.0,0.0,0.0,0.0,0.0,0.0
530010805410016,Riacho Fundo II,Urbana,0.060557871987073,285.0,0.0,0.0,0.0,0.0,0.0,0.0
530010805410017,Riacho Fundo II,Urbana,0.063762126883099,268.0,33.3,0.0,0.0,0.0,0.0,8.3
530010805410018,Riacho Fundo II,Urbana,0.085739589224419,206.0,23.1,0.0,0.0,0.0,0.0,5.8
530010805410019,Riacho Fundo II,Urbana,0.029431562537262,227.0,33.3,0.0,0.0,0.0,0.0,8.3
530010805410020,Riacho Fundo II,Urbana,0.036547851340549,188.0,0.0,0.0,,0.0,0.0,
530010805410021,Riacho Fundo II,Urbana,0.02953515249018,211.0,20.0,0.0,0.0,0.0,0.0,5.0
530010805410022,Riacho Fundo II,Urbana,0.050828981603962,213.0,25.0,0.0,0.0,0.0,0.0,6.2
530010805410023,Riacho Fundo II,Urbana,0.098590174688305,217.0,0.0,0.0,0.0,0.0,0.0,0.0
530010805410024,Riacho Fundo II,Urbana,0.07056307218383,216.0,0.0,0.0,,0.0,0.0,
530010805410025,Riacho Fundo II,Urbana,0.093899974773864,341.0,15.0,0.0,0.0,0.0,0.0,3.8
530010805410026,Riacho Fundo II,Urbana,0.035511264484187,174.0,0.0,0.0,0.0,0.0,0.0,0.0
530010805410027,Riacho Fundo II,Urbana,0.030706631495638,145.0,0.0,0.0,0.0,0.0,0.0,0.0
530010805410028,Riacho Fundo II,Urbana,0.084772059337537,259.0,12.5,0.0,0.0,0.0,0.0,3.1
530010805410029,Riacho Fundo II,Urbana,0.044318522765747,187.0,0.0,0.0,0.0,0.0,0.0,0.0
530010805410030,Riacho Fundo II,Urbana,0.072436848890973,147.0,0.0,0.0,0.0,0.0,0.0,0.0
530010805410031,Riacho Fundo II,Urbana,0.066772924671731,160.0,100.0,0.0,45.0,1.9,0.0,36.2
530010805410032,Riacho Fundo II,Urbana,0.142503004531023,302.0,8.0,0.0,3.6,0.0,0.0,2.9
530010805410033,Riacho Fundo II,Urbana,0.138865276850875,136.0,0.0,0.0,0.0,0.0,0.0,0.0
530010805410034,Riacho Fundo II,Urbana,0.140906523947195,145.0,0.0,0.0,0.0,0.0,0.0,0.0
530010805410035,Riacho Fundo II,Urbana,0.087180868925157,202.0,25.0,0.0,0.0,0.0,0.0,6.2
530010805410036,Riacho Fundo II,Urbana,0.076301354156853,221.0,0.0,0.0,1.4,1.8,0.0,0.4
530010805410037,Riacho Fundo II,Urbana,0.057079169090052,316.0,0.0,0.0,0.0,0.0,0.0,0.0
530010805410038,Riacho Fundo II,Urbana,0.112152010970516,346.0,0.0,0.0,0.0,0.0,0.0,0.0
530010805410039,Riacho Fundo II,Urbana,0.077811045865488,158.0,100.0,50.0,94.9,3.8,0.0,61.2
530010805410040,Riacho Fundo II,Urbana,0.124169545735321,331.0,100.0,57.1,2.1,0.0,0.0,39.8
530010805410041,Riacho Fundo II,Urbana,0.148609488585109,124.0,12.5,0.0,0.0,0.0,0.0,3.1
530010805410042,Riacho Fundo II,Rural,1.59430072863132,23.0,,,73.9,91.3,0.0,
530010805410043,Riacho Fundo II,Urbana,0.096346740195494,336.0,0.0,0.0,0.0,0.0,0.0,0.0
530010805410044,Riacho Fundo II,Urbana,0.049150707015923,192.0,0.0,0.0,0.0,0.0,0.0,0.0
530010805410045,Riacho Fundo II,Urbana,0.075683722430806,334.0,0.0,0.0,0.0,0.0,0.0,0.0
530010805410046,Riacho Fundo II,Urbana,0.053906043064713,184.0,0.0,0.0,,0.0,0.0,
530010805410047,Riacho Fundo II,Urbana,0.057837128414039,211.0,0.0,0.0,,0.0,0.0,
530010805410048,Riacho Fundo II,Urbana,0.047446120039478,223.0,0.0,0.0,0.0,0.0,0.0,0.0
530010805410049,Riacho Fundo II,Urbana,0.055590677568907,226.0,0.0,0.0,0.0,0.0,0.0,0.0
530010805410050,Riacho Fundo II,Urbana,0.143874198252837,359.0,19.0,0.0,,,0.0,
530010805410051,Riacho Fundo II,Urbana,0.046980284904342,163.0,0.0,0.0,0.0,0.0,0.0,0.0
530010805410052,Riacho Fundo II,Urbana,0.028898913248446,134.0,20.0,0.0,0.0,0.0,0.0,5.0
530010805410053,Riacho Fundo II,Urbana,0.035627159850463,183.0,0.0,0.0,0.0,0.0,0.0,0.0
530010805410054,Riacho Fundo II,Urbana,0.067557725977266,270.0,18.2,0.0,0.0,0.0,0.0,4.6
530010805410055,Riacho Fundo II,Urbana,0.034268540532648,136.0,16.7,0.0,0.0,0.0,0.0,4.2
530010805410056,Riacho Fundo II,Urbana,1.726952194952768,85.0,,,80.0,91.8,0.0,
530010805410057,Riacho Fundo II,Urbana,0.574161088936813,249.0,8.7,0.0,,,0.0,
530010805410058,Riacho Fundo II,Urbana,1.55181332308499,35.0,,,40.0,80.0,8.6,
530010805410059,Riacho Fundo II,Urbana,0.104848796339945,179.0,100.0,0.0,69.3,,0.0,42.3
530010805410060,Riacho Fundo II,Urbana,0.072775331283588,234.0,8.3,0.0,0.0,0.0,0.0,2.1
530010805410061,Riacho Fundo II,Urbana,0.18704026911674,360.0,0.0,0.0,1.7,0.0,0.0,0.4
530010805410062,Riacho Fundo II,Urbana,0.173176273062342,242.0,0.0,0.0,,,0.0,
530010805410063,Riacho Fundo II,Urbana,0.049707962418523,258.0,0.0,0.0,0.0,0.0,0.0,0.0
530010805410064,Riacho Fundo II,Urbana,0.088355269131448,358.0,0.0,0.0,0.0,0.0,,
530010805410065,Riacho Fundo II,Urbana,0.112135868208341,379.0,0.0,0.0,0.0,0.0,0.0,0.0
530010805410066,Riacho Fundo II,Urbana,0.079041161187023,254.0,0.0,0.0,0.0,0.0,0.0,0.0
530010805410067,Riacho Fundo II,Urbana,0.11188948801181,374.0,0.0,0.0,0.0,0.0,1.1,0.3
530010805410068,Riacho Fundo II,Urbana,0.078265311658341,357.0,0.0,0.0,0.0,0.0,0.0,0.0
530010805410069,Riacho Fundo II,Urbana,0.05201945858757,241.0,0.0,0.0,0.0,0.0,0.0,0.0
530010805410070,Riacho Fundo II,Urbana,0.053319932641447,172.0,0.0,0.0,0.0,0.0,0.0,0.0
530010805410071,Riacho Fundo II,Urbana,0.243207547233628,347.0,0.0,0.0,0.0,0.0,0.0,0.0
530010805410072,Riacho Fundo II,Urbana,0.081100799709546,311.0,0.0,0.0,0.0,0.0,0.0,0.0
530010805410073,Riacho Fundo II,Urbana,0.066312142769666,330.0,0.0,0.0,0.0,0.0,0.0,0.0
530010805410074,Riacho Fundo II,Urbana,0.08315290753785,328.0,0.0,0.0,0.0,,0.0,0.0
530010805410075,Riacho Fundo II,Urbana,0.06990199932562,328.0,0.0,0.0,0.0,0.0,0.0,0.0
530010805410076,Riacho Fundo II,Urbana,0.081946101300362,253.0,0.0,0.0,,,0.0,
530010805410077,Riacho Fundo II,Urbana,0.073017012614311,291.0,0.0,0.0,0.0,0.0,0.0,0.0
530010805410078,Riacho Fundo II,Urbana,0.079118101592146,275.0,0.0,0.0,0.0,0.0,0.0,0.0
530010805410079,Riacho Fundo II,Urbana,0.080171699737096,340.0,0.0,0.0,1.5,0.0,0.0,0.4
530010805410080,Riacho Fundo II,Urbana,0.079685904450595,276.0,0.0,0.0,0.0,0.0,0.0,0.0
530010805410081,Riacho Fundo II,Urbana,0.099805755155468,312.0,0.0,0.0,0.0,0.0,0.0,0.0
530010805410082,Riacho Fundo II,Urbana,0.059901773357062,297.0,0.0,0.0,0.0,0.0,0.0,0.0
530010805410083,Riacho Fundo II,Urbana,0.038278740957937,253.0,0.0,0.0,0.0,0.0,0.0,0.0
530010805410084,Riacho Fundo II,Urbana,0.072792243120559,224.0,38.5,0.0,0.0,0.0,0.0,9.6
530010805410085,Riacho Fundo II,Urbana,0.048336947805923,240.0,0.0,0.0,0.0,0.0,0.0,0.0
530010805410086,Riacho Fundo II,Urbana,0.026889464557867,222.0,0.0,0.0,0.0,0.0,0.0,0.0
530010805410087,Riacho Fundo II,Urbana,0.075770344269875,206.0,0.0,0.0,0.0,,0.0,0.0
530010805410088,Riacho Fundo II,Urbana,0.08189478077002,189.0,0.0,0.0,0.0,0.0,0.0,0.0
530010805410089,Riacho Fundo II,Urbana,0.374617786720597,235.0,0.0,0.0,,,0.0,
530010805410090,Riacho Fundo II,Urbana,0.060414308676307,136.0,0.0,0.0,0.0,0.0,0.0,0.0
530010805410091,Riacho Fundo II,Urbana,0.372925241426971,,100.0,0.0,,,,
530010805410094,Riacho Fundo II,Urbana,0.073624578437429,75.0,37.5,100.0,100.0,0.0,0.0,59.4
530010805410095,Riacho Fundo II,Urbana,0.190140674052929,96.0,90.5,76.2,32.3,21.9,0.0,49.8
530010805410096,Riacho Fundo II,Urbana,0.031003727170256,123.0,0.0,0.0,0.0,0.0,0.0,0.0
530010805410097,Riacho Fundo II,Urbana,0.048395003201595,126.0,0.0,0.0,0.0,0.0,0.0,0.0
530010805410098,Riacho Fundo II,Urbana,0.050735826949405,133.0,0.0,0.0,0.0,0.0,0.0,0.0
530010805410099,Riacho Fundo II,Rural,3.898900022811923,37.0,,,83.8,,,
530010805410100,Riacho Fundo II,Urbana,0.165436403292915,108.0,,,63.0,97.2,3.7,
530010805410101,Riacho Fundo II,Rural,18.074685814016448,28.0,,,25.0,67.9,,
530010805410102,Riacho Fundo II,Rural,2.945336808540258,125.0,100.0,100.0,53.6,91.2,2.4,64.0
530010805420001,Park Way,Urbana,1.133796389653734,249.0,75.0,0.0,0.0,15.3,0.0,18.8
530010805420002,Park Way,Urbana,2.083346554535556,371.0,100.0,0.0,,5.7,0.0,
530010805420004,Park Way,Rural,1.511454602866595,,,,,,,
530010805420005,Park Way,Urbana,2.512541560719637,207.0,100.0,0.0,,0.0,0.0,
530010805420006,Park Way,Urbana,3.826870877181559,279.0,100.0,0.0,1.4,1.4,0.0,25.4
530010805420007,Park Way,Urbana,0.959556054502822,113.0,100.0,0.0,0.0,0.0,0.0,25.0
530010805420008,Park Way,Urbana,1.681116475085497,276.0,100.0,0.0,,,0.0,
530010805420009,Park Way,Urbana,1.904256598826936,113.0,100.0,0.0,,0.0,0.0,
530010805420010,Park Way,Urbana,0.349634419688578,295.0,100.0,0.0,0.0,0.0,,
530010805420011,Park Way,Urbana,3.223576717972376,186.0,94.1,58.8,,45.2,0.0,
530010805420012,Park Way,Urbana,2.601468688405514,161.0,100.0,0.0,,1.9,0.0,
530010805420013,Park Way,Urbana,3.079992031537108,356.0,100.0,0.0,,0.8,0.0,
530010805420014,Park Way,Urbana,2.807437838557511,293.0,100.0,0.0,,2.4,0.0,
530010805420015,Park Way,Urbana,2.500883881638518,259.0,88.9,0.0,0.0,3.1,0.0,22.2
530010805420016,Park Way,Urbana,1.308291289921993,154.0,66.7,0.0,,0.0,0.0,
530010805420017,Park Way,Urbana,0.905215917188594,151.0,96.6,0.0,,0.0,0.0,
530010805420018,Park Way,Urbana,0.950355560643423,27.0,94.7,15.8,0.0,11.1,,
530010805420019,Park Way,Urbana,1.598080201991615,214.0,86.4,4.5,,2.8,0.0,
530010805420020,Park Way,Urbana,3.312191219176895,266.0,42.9,0.0,1.1,,0.0,11.0
530010805420021,Park Way,Urbana,2.19117993949947,212.0,66.7,0.0,8.0,0.0,0.0,18.7
530010805420022,Park Way,Urbana,2.690179267462242,270.0,100.0,0.0,,4.4,0.0,
530010805420024,Park Way,Urbana,1.444391941905608,203.0,100.0,0.0,,0.0,0.0,
530010805420025,Park Way,Urbana,1.833891014139477,93.0,100.0,55.6,23.7,8.6,0.0,44.8
530010805420026,Park Way,Urbana,2.007086592698089,210.0,85.7,0.0,,,0.0,
530010805420027,Park Way,Urbana,1.523071099156194,131.0,100.0,0.0,5.3,9.2,0.0,26.3
530010805420028,Park Way,Urbana,1.363645506487414,200.0,100.0,22.6,0.0,,0.0,30.6
530010805420029,Park Way,Urbana,1.864765647867659,161.0,57.1,0.0,,0.0,0.0,
530010805420030,Park Way,Urbana,1.993477078273884,205.0,66.7,16.7,3.9,3.9,0.0,21.8
530010805420031,Park Way,Rural,7.60500346859944,,,,,,,
530010805420032,Park Way,Urbana,1.690030316767422,160.0,100.0,0.0,,,0.0,
530010805420033,Park Way,Urbana,0.406916219923316,112.0,83.3,50.0,,7.1,,
530010805420034,Park Way,Urbana,1.584209030005522,209.0,100.0,0.0,0.0,0.0,0.0,25.0
530010805420036,Park Way,Urbana,0.49506088547908,59.0,25.0,0.0,,0.0,0.0,
530010805420037,Park Way,Rural,14.197099500938949,,,,,,,
530010805420038,Park Way,Rural,28.880624299351318,,,,,,,
530010805420039,Park Way,Urbana,0.830311619329347,93.0,83.3,0.0,0.0,0.0,0.0,20.8
530010805420040,Park Way,Urbana,0.012569138902196,,100.0,0.0,,,,
530010805420041,Park Way,Urbana,0.579579650420984,14.0,100.0,100.0,57.1,28.6,0.0,64.3
530010805420042,Park Way,Urbana,0.344705414621645,256.0,50.0,0.0,89.8,27.0,1.2,35.2
530010805420043,Park Way,Rural,4.890269242519927,,,,,,,
530010805420044,Park Way,Rural,1.741294699024535,74.0,,,,95.9,0.0,
530010805430001,Varjão,Urbana,0.370263710418975,363.0,50.0,0.0,4.4,1.4,0.0,13.6
530010805430002,Varjão,Urbana,0.694909502092633,244.0,40.0,10.0,,1.6,0.0,
530010805430003,Varjão,Urbana,0.029390624345991,237.0,60.0,0.0,0.0,0.0,0.0,15.0
530010805430004,Varjão,Urbana,0.056975728034938,260.0,0.0,0.0,0.0,0.0,0.0,0.0
530010805430005,Varjão,Urbana,0.066035631614891,451.0,80.0,0.0,0.0,0.0,,
530010805430006,Varjão,Urbana,0.137053539210479,217.0,66.7,0.0,5.5,1.8,0.0,18.0
530010805430007,Varjão,Urbana,0.047402887212806,,100.0,0.0,,,,
530010805430008,Varjão,Urbana,0.0716808325886,154.0,81.8,0.0,5.2,0.0,,
530010805430009,Varjão,Urbana,0.054901927537804,228.0,28.6,0.0,,1.8,0.0,
530010805430010,Varjão,Urbana,0.023581759575595,167.0,0.0,0.0,0.0,0.0,0.0,0.0
530010805430011,Varjão,Urbana,0.058844750297703,295.0,62.5,0.0,0.0,0.0,,
530010805430012,Varjão,Urbana,0.041532041810875,395.0,75.0,0.0,0.0,0.0,0.0,18.8
530010805440001,Sobradinho II,Urbana,0.045615163366416,173.0,100.0,0.0,0.0,0.0,0.0,25.0
530010805440002,Sobradinho II,Urbana,0.043672753033163,154.0,60.0,0.0,0.0,0.0,0.0,15.0
530010805440003,Sobradinho II,Urbana,0.095674387379355,276.0,88.9,0.0,0.0,0.0,0.0,22.2
530010805440004,Sobradinho II,Urbana,0.042039932799363,156.0,100.0,0.0,0.0,0.0,0.0,25.0
530010805440005,Sobradinho II,Urbana,0.05437302962869,201.0,100.0,0.0,,0.0,0.0,
530010805440006,Sobradinho II,Urbana,0.25218144398515,230.0,86.7,0.0,,0.0,0.0,
530010805440007,Sobradinho II,Urbana,0.115892303731413,244.0,64.3,0.0,0.0,0.0,0.0,16.1
530010805440008,Sobradinho II,Urbana,0.049438973252925,175.0,85.7,0.0,0.0,0.0,0.0,21.4
530010805440009,Sobradinho II,Urbana,0.046994144758724,241.0,100.0,0.0,0.0,0.0,0.0,25.0
530010805440010,Sobradinho II,Urbana,0.042506724477843,261.0,60.0,0.0,0.0,0.0,0.0,15.0
530010805440011,Sobradinho II,Urbana,0.056665719179105,143.0,33.3,0.0,0.0,0.0,0.0,8.3
530010805440012,Sobradinho II,Urbana,0.045651188925209,240.0,80.0,0.0,0.0,0.0,0.0,20.0
530010805440013,Sobradinho II,Urbana,0.074328043111868,229.0,75.0,0.0,0.0,0.0,0.0,18.8
530010805440014,Sobradinho II,Urbana,0.048177369622319,194.0,25.0,0.0,0.0,0.0,0.0,6.2
530010805440015,Sobradinho II,Urbana,0.028917863095106,161.0,100.0,0.0,0.0,0.0,0.0,25.0
530010805440016,Sobradinho II,Urbana,0.050592108417987,283.0,33.3,0.0,0.0,0.0,0.0,8.3
530010805440017,Sobradinho II,Urbana,0.450452299248288,243.0,23.5,0.0,0.0,0.0,0.0,5.9
530010805440018,Sobradinho II,Urbana,0.063956546683249,254.0,6.9,6.9,2.4,0.0,0.0,4.0
530010805440019,Sobradinho II,Urbana,0.094521036455129,192.0,35.7,0.0,0.0,0.0,0.0,8.9
530010805440020,Sobradinho II,Urbana,0.124801015524878,262.0,33.3,0.0,0.0,,0.0,8.3
530010805440021,Sobradinho II,Urbana,0.117041566350013,251.0,68.8,0.0,,0.0,0.0,
530010805440022,Sobradinho II,Urbana,0.106874640798444,224.0,57.1,0.0,0.0,0.0,0.0,14.3
530010805440023,Sobradinho II,Urbana,0.126956232053748,292.0,35.3,0.0,4.8,0.0,0.0,10.0
530010805440024,Sobradinho II,Urbana,0.156509371277999,409.0,26.3,0.0,0.0,0.0,0.0,6.6
530010805440026,Sobradinho II,Urbana,0.174307577596597,356.0,50.0,0.0,0.0,0.0,0.0,12.5
530010805440027,Sobradinho II,Urbana,0.100272552188445,200.0,40.0,0.0,4.0,0.0,0.0,11.0
530010805440028,Sobradinho II,Urbana,0.081124594425588,208.0,25.0,0.0,0.0,0.0,0.0,6.2
530010805440029,Sobradinho II,Urbana,0.080867754644679,204.0,57.1,0.0,,0.0,,
530010805440030,Sobradinho II,Urbana,0.100175701755715,173.0,54.5,0.0,,0.0,,
530010805440031,Sobradinho II,Urbana,0.206194925148318,311.0,78.9,0.0,17.4,10.3,0.0,24.1
530010805440032,Sobradinho II,Urbana,0.144413740739784,238.0,66.7,0.0,,,0.0,
530010805440033,Sobradinho II,Urbana,0.096732084802018,175.0,50.0,0.0,9.7,0.0,0.0,14.9
530010805440034,Sobradinho II,Urbana,0.124085297893175,272.0,21.4,0.0,1.5,0.0,0.0,5.7
530010805440035,Sobradinho II,Urbana,0.113219986324712,212.0,100.0,0.0,1.4,0.0,0.0,25.4
530010805440036,Sobradinho II,Urbana,0.112489259619958,314.0,78.6,0.0,25.8,0.0,0.0,26.1
530010805440037,Sobradinho II,Urbana,0.111707406818928,340.0,100.0,0.0,0.0,0.0,0.0,25.0
530010805440038,Sobradinho II,Urbana,0.169324282385746,306.0,50.0,0.0,0.0,,0.0,12.5
530010805440039,Sobradinho II,Urbana,0.16617730434911,175.0,41.7,0.0,,0.0,0.0,
530010805440040,Sobradinho II,Urbana,0.184534207490718,157.0,56.1,0.0,0.0,0.0,0.0,14.0
530010805440041,Sobradinho II,Urbana,0.237231780928863,221.0,66.7,0.0,1.8,0.0,,
530010805440042,Sobradinho II,Urbana,0.148843447905158,219.0,46.2,0.0,0.0,0.0,0.0,11.6
530010805440043,Sobradinho II,Urbana,0.153284679237632,238.0,4.8,0.0,0.0,0.0,0.0,1.2
530010805440044,Sobradinho II,Urbana,0.211032239216002,207.0,4.5,0.0,0.0,,0.0,1.1
530010805440045,Sobradinho II,Urbana,0.256232890567429,181.0,13.3,0.0,8.3,92.3,0.0,5.4
530010805440046,Sobradinho II,Urbana,0.474687508459136,293.0,20.7,0.0,2.7,94.2,0.0,5.8
530010805440047,Sobradinho II,Urbana,0.168283505929458,233.0,40.0,0.0,3.9,26.6,,
530010805440048,Sobradinho II,Urbana,0.222039746959095,178.0,64.3,0.0,,82.0,,
530010805440049,Sobradinho II,Urbana,0.241389163454917,171.0,72.2,0.0,,36.8,0.0,
530010805440050,Sobradinho II,Urbana,0.335437406012549,143.0,50.0,3.8,,54.5,0.0,
530010805440051,Sobradinho II,Urbana,0.17485057674739,120.0,14.3,0.0,,4.2,0.0,
530010805440052,Sobradinho II,Urbana,0.071063303240735,166.0,60.0,0.0,3.0,1.8,0.0,15.8
530010805440053,Sobradinho II,Urbana,0.062183174363964,239.0,100.0,0.0,4.6,,0.0,26.2
530010805440054,Sobradinho II,Urbana,0.050777662195374,159.0,57.1,0.0,,0.0,0.0,
530010805440055,Sobradinho II,Urbana,0.064059141666522,262.0,25.0,0.0,,0.0,0.0,
530010805440056,Sobradinho II,Urbana,0.138306978993894,366.0,94.4,0.0,10.9,,0.0,26.3
530010805440057,Sobradinho II,Urbana,0.20397124474293,274.0,18.2,0.0,1.8,24.1,1.1,5.3
530010805440058,Sobradinho II,Rural,2.201297364453131,179.0,,,,76.0,0.0,
530010805440059,Sobradinho II,Rural,2.923452398887002,131.0,,,,94.7,,
530010805440060,Sobradinho II,Urbana,0.086577251833524,255.0,86.7,60.0,,0.0,0.0,
530010805440061,Sobradinho II,Urbana,0.09894321101742,210.0,94.1,70.6,,2.9,,
530010805440062,Sobradinho II,Rural,6.200112222421632,37.0,,,29.7,100.0,,
530010805440063,Sobradinho II,Urbana,0.065903996088984,178.0,33.3,0.0,,0.0,0.0,
530010805440064,Sobradinho II,Urbana,0.030459510077505,144.0,0.0,0.0,0.0,0.0,0.0,0.0
530010805440065,Sobradinho II,Urbana,0.073789529406723,187.0,50.0,0.0,0.0,0.0,0.0,12.5
530010805440066,Sobradinho II,Urbana,0.073453832594677,206.0,55.6,0.0,0.0,0.0,0.0,13.9
530010805440067,Sobradinho II,Urbana,0.022394001908634,146.0,100.0,0.0,0.0,0.0,0.0,25.0
530010805440068,Sobradinho II,Urbana,0.144750590193058,171.0,100.0,0.0,0.0,0.0,0.0,25.0
530010805440069,Sobradinho II,Urbana,0.028871465276942,218.0,71.4,0.0,0.0,0.0,0.0,17.8
530010805440070,Sobradinho II,Urbana,0.07844759457447,215.0,100.0,0.0,0.0,,0.0,25.0
530010805440071,Sobradinho II,Urbana,0.121630545768938,223.0,25.0,0.0,,0.0,1.3,
530010805440072,Sobradinho II,Urbana,0.05824278270075,273.0,84.6,0.0,1.8,,0.0,21.6
530010805440073,Sobradinho II,Urbana,0.048729161189409,280.0,92.3,0.0,0.0,,0.0,23.1
530010805440074,Sobradinho II,Urbana,0.085085017330626,156.0,44.4,0.0,0.0,5.1,0.0,11.1
530010805440075,Sobradinho II,Urbana,0.176747484770202,216.0,76.9,0.0,,5.1,0.0,
530010805440076,Sobradinho II,Urbana,0.238950637432525,265.0,84.2,5.3,60.0,4.2,0.0,37.4
530010805440077,Sobradinho II,Urbana,0.179046565943053,362.0,46.7,0.0,0.8,0.0,0.0,11.9
530010805440078,Sobradinho II,Urbana,0.08646272142206,247.0,100.0,0.0,0.0,1.2,0.0,25.0
530010805440079,Sobradinho II,Urbana,0.223467328478405,295.0,87.5,12.5,74.6,0.0,0.0,43.6
530010805440080,Sobradinho II,Urbana,0.153092415091371,220.0,25.0,8.3,,0.0,,
530010805440081,Sobradinho II,Urbana,0.298540260080944,252.0,46.2,0.0,0.0,1.6,0.0,11.6
530010805440082,Sobradinho II,Urbana,0.103808604355027,123.0,37.5,0.0,20.3,0.0,0.0,14.4
530010805440083,Sobradinho II,Urbana,0.107978544078303,277.0,81.2,0.0,0.0,0.0,0.0,20.3
530010805440084,Sobradinho II,Urbana,0.090327973846263,273.0,73.3,0.0,,1.8,0.0,
530010805440085,Sobradinho II,Urbana,0.20989460599666,173.0,76.5,17.6,2.3,5.8,0.0,24.1
530010805440086,Sobradinho II,Urbana,0.23437929510994,149.0,52.9,11.8,22.8,94.6,0.0,21.9
530010805440087,Sobradinho II,Urbana,0.128474144462977,164.0,31.6,0.0,,93.3,0.0,
530010805440088,Sobradinho II,Urbana,0.097365386369262,111.0,100.0,25.0,,4.5,0.0,
530010805440089,Sobradinho II,Urbana,2.341259178489549,100.0,80.6,38.7,31.0,54.0,3.0,38.3
530010805440090,Sobradinho II,Urbana,0.245114808296441,355.0,66.7,0.0,0.0,0.0,0.0,16.7
530010805440091,Sobradinho II,Urbana,0.147584932026929,374.0,25.8,0.0,1.9,88.8,0.0,6.9
530010805440092,Sobradinho II,Urbana,0.025867719287912,153.0,80.0,0.0,,25.5,,
530010805440093,Sobradinho II,Urbana,0.002417007581253,137.0,100.0,0.0,0.0,67.2,0.0,25.0
530010805440094,Sobradinho II,Urbana,0.178335894272794,223.0,77.3,0.0,1.8,82.5,0.0,19.8
530010805440095,Sobradinho II,Urbana,1.822738446576531,170.0,58.3,41.7,3.5,73.5,0.0,25.9
530010805440096,Sobradinho II,Urbana,0.305197754132353,209.0,30.0,3.3,4.3,84.2,,
530010805440097,Sobradinho II,Urbana,0.211724457041582,152.0,66.7,0.0,,46.1,0.0,
530010805440099,Sobradinho II,Rural,3.687511612989236,168.0,,,16.1,91.1,,
530010805440100,Sobradinho II,Rural,2.141524997310612,111.0,,,8.1,100.0,,
530010805440101,Sobradinho II,Urbana,0.141566225985837,316.0,100.0,65.2,,,,
530010805440102,Sobradinho II,Urbana,0.373275182959623,105.0,90.0,10.0,60.0,12.4,0.0,40.0
530010805440103,Sobradinho II,Urbana,0.140318996996185,186.0,100.0,73.3,99.5,,2.7,68.9
530010805440104,Sobradinho II,Rural,1.418428590309462,88.0,,,22.7,94.3,,
530010805440105,Sobradinho II,Urbana,0.069764615552633,286.0,100.0,0.0,,0.0,0.0,
530010805440106,Sobradinho II,Urbana,0.10630645202723,337.0,0.0,0.0,,0.0,0.0,
530010805440107,Sobradinho II,Urbana,0.865445383366816,134.0,72.7,63.6,3.0,88.8,,
530010805440108,Sobradinho II,Rural,0.087306611381105,,,,,,,
530010805440109,Sobradinho II,Rural,32.10267085578028,24.0,,,41.7,79.2,12.5,
530010805440110,Sobradinho II,Rural,13.72278875046287,,,,,,,
530010805440111,Sobradinho II,Urbana,0.037393889493201,322.0,84.6,0.0,1.2,4.0,0.0,21.4
530010805440112,Sobradinho II,Rural,2.72623262474382,10.0,,,70.0,90.0,,
530010805440113,Sobradinho II,Urbana,0.062166143355331,157.0,,,,3.2,0.0,
530010805440114,Sobradinho II,Rural,2.852642713954653,121.0,,,,80.2,,
530010805440115,Sobradinho II,Rural,46.51243574012193,49.0,,,,71.4,,
530010805440116,Sobradinho II,Urbana,1.373154079250221,286.0,61.3,0.0,19.9,2.4,1.7,20.7
530010805440117,Sobradinho II,Urbana,0.098258916390276,387.0,13.3,0.0,,,,
530010805440118,Sobradinho II,Urbana,0.048673495587839,176.0,0.0,0.0,,0.0,0.0,
530010805440119,Sobradinho II,Urbana,0.087545254035016,293.0,0.0,0.0,0.0,0.0,0.0,0.0
530010805440120,Sobradinho II,Urbana,0.01935543342716,61.0,50.0,0.0,9.8,0.0,0.0,15.0
530010805440121,Sobradinho II,Urbana,0.030795226711153,99.0,100.0,75.0,20.2,0.0,0.0,48.8
530010805440122,Sobradinho II,Rural,3.551686573877988,75.0,,,0.0,97.3,0.0,
530010805440123,Sobradinho II,Rural,3.637225088886308,77.0,,,63.6,90.9,,
530010805440124,Sobradinho II,Rural,2.288464787857237,140.0,,,2.9,97.9,0.0,
530010805440125,Sobradinho II,Urbana,0.290654969197571,357.0,47.4,5.3,,,,
530010805440126,Sobradinho II,Rural,1.694308693341539,,,,,,,
530010805440127,Sobradinho II,Rural,12.528247024448785,70.0,,,,45.7,,
530010805440128,Sobradinho II,Rural,2.064887713880654,8.0,,,62.5,100.0,0.0,
530010805440129,Sobradinho II,Urbana,0.624620712017901,150.0,66.7,33.3,3.3,6.0,,
530010805440130,Sobradinho II,Urbana,0.547524276007641,175.0,88.9,0.0,0.0,,2.3,22.8
530010805440131,Sobradinho II,Rural,3.572966221906304,149.0,,,8.1,96.6,,
530010805440132,Sobradinho II,Rural,1.426743056693889,110.0,,,40.0,97.3,,
530010805440133,Sobradinho II,Urbana,0.425175733961621,153.0,100.0,0.0,93.5,0.0,0.0,48.4
530010805440134,Sobradinho II,Urbana,0.05531041225862,139.0,100.0,0.0,82.7,0.0,0.0,45.7
530010805440135,Sobradinho II,Rural,1.967405891932174,42.0,,,0.0,100.0,19.0,
530010805440136,Sobradinho II,Rural,3.246950837873819,159.0,,,,26.4,3.1,
530010805440137,Sobradinho II,Rural,2.016489549979474,52.0,,,,94.2,,
530010805440138,Sobradinho II,Rural,2.689395563362309,87.0,,,80.5,96.6,0.0,
530010805440139,Sobradinho II,Rural,1.780540672898603,10.0,,,0.0,100.0,,
530010805440140,Sobradinho II,Urbana,0.080863540727842,227.0,50.0,0.0,0.0,0.0,0.0,12.5
530010805440141,Sobradinho II,Urbana,0.067326728430859,145.0,28.6,0.0,0.0,0.0,0.0,7.2
530010805440142,Sobradinho II,Urbana,0.229040751835618,107.0,,,,0.0,0.0,
530010805440143,Sobradinho II,Urbana,0.059099696481354,130.0,,,,0.0,0.0,
