data_iniSE,se_codigo,casos_est,casos_est_min,casos_est_max,casos,p_rt1,p_inc100k,Localidade_id,nivel,id,versao_modelo,municipio_nome,tweet,Rt,pop,tempmin,umidmax,receptivo,transmissao,nivel_inc,umidmed,umidmin,tempmed,tempmax,casprov,casprov_est,casprov_est_min,casprov_est_max,casconf,notif_accum_year,data_ini_se,cod_ibge,municipio,uf,ano,semana
1786233600000,202632,10.0,5,18,4,0.53918725,0.3420711,0,1,530010820263220683,2026-08-18,Brasília,,1.0445017,2923369,0.0,0.0,0,0,0,0.0,0.0,0.0,0.0,4,,,,,9032,2026-08-09,5300108,Brasilia,DF,2026,32
1785628800000,202631,11.0,8,15,8,0.51821375,0.3762782,0,1,530010820263120683,2026-08-18,Brasília,,1.019381,2923369,16.75655,40.3993333333333,0,0,1,36.7929166666667,33.7447333333333,17.8072333333333,18.9021333333333,7,,,,,9032,2026-08-02,5300108,Brasilia,DF,2026,31
1785024000000,202630,7.0,5,11,5,0.08102785,0.23944975,0,1,530010820263020683,2026-08-18,Brasília,,0.53500825,2923369,22.5764428571429,41.2775428571429,0,0,0,41.2775428571429,41.2775428571429,22.5764428571429,22.5764428571429,5,,,,,9032,2026-07-26,5300108,Brasilia,DF,2026,30
1784419200000,202629,12.0,11,15,11,0.22343847,0.4104853,0,1,530010820262920683,2026-08-18,Brasília,,0.7521228,2923369,20.5697857142857,47.9072285714286,0,0,1,47.9072285714286,47.9072285714286,20.5697857142857,20.5697857142857,9,,,,,9032,2026-07-19,5300108,Brasilia,DF,2026,29
1783814400000,202628,11.0,10,14,10,0.09791714,0.3762782,0,1,530010820262820683,2026-08-18,Brasília,,0.61769414,2923369,20.3547142857143,53.2787428571429,0,0,1,53.2787428571429,53.2787428571429,20.3547142857143,20.3547142857143,8,,,,,9032,2026-07-12,5300108,Brasilia,DF,2026,28
1783209600000,202627,18.0,17,20,17,0.45784637,0.61572796,0,1,530010820262720683,2026-08-18,Brasília,,0.96600485,2923369,20.6639142857143,51.9505285714286,0,0,1,51.9505285714286,51.9505285714286,20.6639142857143,20.6639142857143,10,,,,,9032,2026-07-05,5300108,Brasilia,DF,2026,27
1782604800000,202626,18.0,18,21,18,0.39848167,0.61572796,0,1,530010820262620683,2026-08-18,Brasília,,0.92028916,2923369,18.8838714285714,60.5936857142857,0,0,1,60.5936857142857,60.5936857142857,18.8838714285714,18.8838714285714,14,,,,,9032,2026-06-28,5300108,Brasilia,DF,2026,26
1782000000000,202625,19.0,19,21,19,0.39825708,0.64993507,0,1,530010820262520683,2026-08-18,Brasília,,0.9220821,2923369,20.7842428571429,63.6551,0,0,1,63.6551,63.6551,20.7842428571429,20.7842428571429,13,,,,,9032,2026-06-21,5300108,Brasilia,DF,2026,25
1781395200000,202624,18.0,18,20,18,0.24094193,0.61572796,0,1,530010820262420683,2026-08-18,Brasília,,0.8028319,2923369,20.2987571428571,72.7765857142857,0,0,1,72.7765857142857,72.7765857142857,20.2987571428571,20.2987571428571,14,,,,,9032,2026-06-14,5300108,Brasilia,DF,2026,24
1780790400000,202623,24.0,24,25,24,0.33538172,0.8209706,0,1,530010820262320683,2026-08-18,Brasília,,0.88854396,2923369,17.5288285714286,77.5644,0,0,1,71.6308428571429,66.1599,18.9588285714286,20.5312,22,,,,,9032,2026-06-07,5300108,Brasilia,DF,2026,23
1780185600000,202622,16.0,16,16,16,0.022118596,0.54731375,0,1,530010820262220683,2026-08-18,Brasília,,0.54578274,2923369,15.5034285714286,81.6309285714286,0,0,1,62.7693,41.3883857142857,19.9347714285714,24.6927142857143,6,,,,,9032,2026-05-31,5300108,Brasilia,DF,2026,22
1779580800000,202621,30.0,30,30,30,0.6520996,1.0262133,0,1,530010820262120683,2026-08-18,Brasília,,1.1083006,2923369,17.2512142857143,85.4741428571429,0,0,1,66.4965285714286,46.0138857142857,21.2217571428571,25.5671571428571,23,,,,,9032,2026-05-24,5300108,Brasilia,DF,2026,21
1778976000000,202620,35.0,35,35,35,0.900372,1.1972488,0,1,530010820262020683,2026-08-18,Brasília,,1.3923581,2923369,18.1722,85.6796857142857,0,0,1,64.0478428571429,42.0939857142857,22.4911142857143,27.0704,28,,,,,9032,2026-05-17,5300108,Brasilia,DF,2026,20
1778371200000,202619,24.0,24,24,24,0.516731,0.8209706,0,1,530010820261920683,2026-08-18,Brasília,,1.0121136,2923369,17.6701571428571,85.2201857142857,0,0,1,63.8675285714286,40.1107714285714,22.4173857142857,27.5054,20,,,,,9032,2026-05-10,5300108,Brasilia,DF,2026,19
1777766400000,202618,24.0,24,24,24,0.72220343,0.8209706,0,1,530010820261820683,2026-08-18,Brasília,,1.1925863,2923369,21.3461,64.6686,0,0,1,64.6686,64.6686,21.3461,21.3461,18,,,,,9032,2026-05-03,5300108,Brasilia,DF,2026,18
1777161600000,202617,28.0,28,28,28,0.9506198,0.957799,0,1,530010820261720683,2026-08-18,Brasília,,1.6397886,2923369,21.5058571428571,69.5123,0,1,1,69.5123,69.5123,21.5058571428571,21.5058571428571,19,,,,,9032,2026-04-26,5300108,Brasilia,DF,2026,17
1776556800000,202616,19.0,19,19,19,0.685251,0.64993507,0,1,530010820261620683,2026-08-18,Brasília,,1.1747115,2923369,17.9098857142857,84.1736285714286,0,0,1,66.3531142857143,45.3595571428571,22.2808285714286,27.0191428571429,10,,,,,9032,2026-04-19,5300108,Brasilia,DF,2026,16
1775952000000,202615,14.0,14,14,14,0.37602645,0.4788995,0,2,530010820261520683,2026-08-18,Brasília,,0.8918831,2923369,18.1907571428571,90.6527285714286,1,0,1,76.2713428571429,57.5802714285714,21.6576857142857,25.5527428571429,9,,,,,9032,2026-04-12,5300108,Brasilia,DF,2026,15
1775347200000,202614,19.0,19,19,19,0.73636323,0.64993507,0,2,530010820261420683,2026-08-18,Brasília,,1.2382929,2923369,18.5141142857143,93.1115142857143,1,0,1,78.9915571428571,60.3169571428571,22.2680857142857,26.5276285714286,17,,,,,9032,2026-04-05,5300108,Brasilia,DF,2026,14
1774742400000,202613,13.0,13,13,13,0.4318186,0.4446924,0,2,530010820261320683,2026-08-18,Brasília,,0.9368325,2923369,17.8981571428571,91.9661714285714,1,0,1,76.9703714285714,57.8993142857143,21.6776571428571,26.3406142857143,11,,,,,9032,2026-03-29,5300108,Brasilia,DF,2026,13
1774137600000,202612,18.0,18,18,18,0.84605384,0.61572796,0,2,530010820261220683,2026-08-18,Brasília,,1.4440359,2923369,18.2335428571429,95.0457142857143,1,0,1,80.1374285714286,62.8803857142857,21.6229285714286,25.6422428571429,13,,,,,9032,2026-03-22,5300108,Brasilia,DF,2026,12
1773532800000,202611,14.0,14,14,14,0.6368357,0.4788995,0,2,530010820261120683,2026-08-18,Brasília,,1.1441416,2923369,18.9641,96.9973428571429,1,0,1,82.6296571428571,60.5773428571429,22.2452714285714,26.6054,10,,,,,9032,2026-03-15,5300108,Brasilia,DF,2026,11
1772928000000,202610,10.0,10,10,10,0.44032475,0.3420711,0,2,530010820261020683,2026-08-18,Brasília,,0.9373072,2923369,18.8420857142857,96.8761428571429,1,0,0,82.5444142857143,62.1543,22.3449285714286,26.8503857142857,9,,,,,9032,2026-03-08,5300108,Brasilia,DF,2026,10
1772323200000,202609,14.0,14,14,14,0.9375381,0.4788995,0,2,530010820260920683,2026-08-18,Brasília,,1.9581254,2923369,18.8590142857143,95.6115285714286,1,0,1,79.4475,60.3038142857143,22.4146428571429,26.6576857142857,11,,,,,9032,2026-03-01,5300108,Brasilia,DF,2026,9
1771718400000,202608,13.0,13,13,13,0.96591884,0.4446924,0,2,530010820260820683,2026-08-18,Brasília,,2.3798468,2923369,19.0052,95.9175714285714,1,1,1,86.5934428571429,72.3973714285714,21.0640428571429,24.5296571428571,12,,,,,9032,2026-02-22,5300108,Brasilia,DF,2026,8
1771113600000,202607,6.0,6,6,6,0.4599311,0.20524265,0,2,530010820260720683,2026-08-18,Brasília,,0.946133,2923369,18.8912142857143,89.7889857142857,1,0,0,74.3873714285714,56.9740428571429,22.5151,26.6196714285714,3,,,,,9032,2026-02-15,5300108,Brasilia,DF,2026,7
1770508800000,202606,1.0,1,1,1,0.010708136,0.03420711,0,2,530010820260620683,2026-08-18,Brasília,,0.15278491,2923369,18.0440857142857,95.5104857142857,1,0,0,80.5550571428572,61.8745,21.6539428571429,25.7268571428571,1,,,,,9032,2026-02-08,5300108,Brasilia,DF,2026,6
1769904000000,202605,11.0,11,11,11,0.81940985,0.3762782,0,2,530010820260520683,2026-08-18,Brasília,,1.5261506,2923369,19.0353857142857,95.9482142857143,1,0,1,84.2646714285714,65.9584428571429,21.8494857142857,25.6237714285714,9,,,,,9032,2026-02-01,5300108,Brasilia,DF,2026,5
1769299200000,202604,4.0,4,4,4,0.08112602,0.13682844,0,2,530010820260420683,2026-08-18,Brasília,,0.45641455,2923369,18.5233857142857,94.4757285714286,1,0,0,79.1079428571429,57.9487857142857,22.305,27.2129428571429,4,,,,,9032,2026-01-25,5300108,Brasilia,DF,2026,4
1768694400000,202603,7.0,7,7,7,0.2831177,0.23944975,0,2,530010820260320683,2026-08-18,Brasília,,0.75681174,2923369,18.6895285714286,95.2238,1,0,0,86.4792285714286,74.6948714285714,20.8654714285714,23.3861428571429,5,,,,,9032,2026-01-18,5300108,Brasilia,DF,2026,3
1768089600000,202602,9.0,9,9,9,0.59766114,0.30786398,0,2,530010820260220683,2026-08-18,Brasília,,1.1242505,2923369,18.3624285714286,88.322,1,0,0,69.1713714285714,49.0434714285714,22.9209714285714,27.5068285714286,6,,,,,9032,2026-01-11,5300108,Brasilia,DF,2026,2
1767484800000,202601,12.0,12,12,12,0.89332634,0.4104853,0,2,530010820260120683,2026-08-18,Brasília,,1.7734088,2923369,18.5175285714286,95.0713571428571,1,0,1,81.4357285714286,62.0752,21.3464714285714,24.8989142857143,8,,,,,9032,2026-01-04,5300108,Brasilia,DF,2026,1
1766880000000,202553,6.0,6,6,6,0.46748567,0.20524265,0,2,530010820255320683,2026-08-18,Brasília,,0.95598334,2923369,19.7712,91.8467714285714,1,0,0,75.3416428571429,55.9550428571429,23.9162,28.5334,3,,,,,9032,2025-12-28,5300108,Brasilia,DF,2025,53
1766275200000,202552,8.0,8,8,8,0.3940085,0.27365687,0,2,530010820255220683,2026-08-18,Brasília,,0.8806632,2923369,18.4614571428571,89.3073857142857,1,0,0,69.3393714285714,50.4087285714286,23.1671,27.9089142857143,6,,,,,9032,2025-12-21,5300108,Brasilia,DF,2025,52
1765670400000,202551,5.0,5,5,5,0.019546146,0.17103554,0,2,530010820255120683,2026-08-18,Brasília,,0.37053955,2923369,19.5468285714286,96.1316714285714,1,0,0,83.0461428571429,64.4161142857143,22.0513,25.3624714285714,5,,,,,9032,2025-12-14,5300108,Brasilia,DF,2025,51
1765065600000,202550,3.0,3,3,3,0.0043170787,0.102621324,0,2,530010820255020683,2026-08-18,Brasília,,0.23579472,2923369,18.786,95.3298714285714,1,0,0,82.3398142857143,65.2640857142857,21.7042857142857,25.6474142857143,3,,,,,9032,2025-12-07,5300108,Brasilia,DF,2025,50
1764460800000,202549,23.0,23,23,23,0.9925782,0.7867635,0,1,530010820254920683,2026-08-18,Brasília,,2.4192,2923369,19.4008,94.1600142857143,1,1,1,81.9842571428571,64.3840285714286,22.0923857142857,25.4679571428571,23,,,,,9032,2025-11-30,5300108,Brasilia,DF,2025,49
1763856000000,202548,12.0,12,12,12,0.8046821,0.4104853,0,1,530010820254820683,2026-08-18,Brasília,,1.4580824,2923369,18.6947,95.4113285714286,1,0,1,78.9761142857143,57.5128285714286,22.2819,26.5785,9,,,,,9032,2025-11-23,5300108,Brasilia,DF,2025,48
1763251200000,202547,7.0,7,7,7,0.30079508,0.23944975,0,1,530010820254720683,2026-08-18,Brasília,,0.7748796,2923369,19.7562714285714,80.4750571428571,0,0,0,60.8881,42.0815285714286,24.2802285714286,28.8372,7,,,,,9032,2025-11-16,5300108,Brasilia,DF,2025,47
1762646400000,202546,9.0,9,9,9,0.39396408,0.30786398,0,1,530010820254620683,2026-08-18,Brasília,,0.8865793,2923369,19.4776428571429,84.0040571428571,0,0,0,67.9613428571429,48.4441,23.3566857142857,28.0500714285714,7,,,,,9032,2025-11-09,5300108,Brasilia,DF,2025,46
1762041600000,202545,6.0,6,6,6,0.23519632,0.20524265,0,1,530010820254520683,2026-08-18,Brasília,,0.6913039,2923369,19.6023857142857,93.1396428571429,1,0,0,75.9093285714286,55.3075428571429,23.3754428571429,27.9411428571429,5,,,,,9032,2025-11-02,5300108,Brasilia,DF,2025,45
1761436800000,202544,15.0,15,15,15,0.968477,0.51310664,0,1,530010820254420683,2026-08-18,Brasília,,2.2594035,2923369,20.1681714285714,74.0943285714286,0,1,1,54.3112714285714,35.6905,24.8515857142857,29.8930571428571,14,,,,,9032,2025-10-26,5300108,Brasilia,DF,2025,44
1760832000000,202543,8.0,8,8,8,0.5985867,0.27365687,0,1,530010820254320683,2026-08-18,Brasília,,1.1334614,2923369,16.7630285714286,83.7,0,0,0,65.9676857142857,46.9061714285714,20.6544142857143,25.0093428571429,7,,,,,9032,2025-10-19,5300108,Brasilia,DF,2025,43
1760227200000,202542,5.0,5,5,5,0.141091,0.17103554,0,1,530010820254220683,2026-08-18,Brasília,,0.5646934,2923369,20.2143714285714,78.5429142857143,0,0,0,57.7520428571429,38.6555571428571,24.7703285714286,29.7167,2,,,,,9032,2025-10-12,5300108,Brasilia,DF,2025,42
1759622400000,202541,5.0,5,5,5,0.14106269,0.17103554,0,1,530010820254120683,2026-08-18,Brasília,,0.5646599,2923369,20.4174142857143,48.9243285714286,0,0,0,34.1476142857143,21.7758428571429,26.2606,32.0098142857143,3,,,,,9032,2025-10-05,5300108,Brasilia,DF,2025,41
1759017600000,202540,12.0,12,12,12,0.84783685,0.4104853,0,1,530010820254020683,2026-08-18,Brasília,,1.5846096,2923369,18.0615571428571,47.3669,0,0,1,31.9643714285714,18.0046285714286,24.517,31.0881285714286,8,,,,,9032,2025-09-28,5300108,Brasilia,DF,2025,40
1758412800000,202539,9.0,9,9,9,0.74359596,0.30786398,0,1,530010820253920683,2026-08-18,Brasília,,1.3849618,2923369,19.2108142857143,76.6982142857143,0,0,0,57.8607,38.4090285714286,23.8004,28.7897285714286,5,,,,,9032,2025-09-21,5300108,Brasilia,DF,2025,39
1757808000000,202538,7.0,7,7,7,0.5760618,0.23944975,0,1,530010820253820683,2026-08-18,Brasília,,1.1072954,2923369,20.8107857142857,55.9675142857143,0,0,0,41.2035428571429,26.2182142857143,25.4858714285714,30.6488428571429,4,,,,,9032,2025-09-14,5300108,Brasilia,DF,2025,38
1757203200000,202537,7.0,7,7,7,0.5505869,0.23944975,0,1,530010820253720683,2026-08-18,Brasília,,1.0692978,2923369,19.2459428571429,39.9687714285714,0,0,0,27.5233571428571,17.0446285714286,25.5307142857143,31.9205714285714,2,,,,,9032,2025-09-07,5300108,Brasilia,DF,2025,37
1756598400000,202536,4.0,4,4,4,0.30007538,0.13682844,0,1,530010820253620683,2026-08-18,Brasília,,0.7212793,2923369,17.9133714285714,57.2710142857143,0,0,0,41.9663571428571,27.6715428571429,22.7065857142857,27.7986,1,,,,,9032,2025-08-31,5300108,Brasilia,DF,2025,36
1755993600000,202535,10.0,10,10,10,0.9186515,0.3420711,0,1,530010820253520683,2026-08-18,Brasília,,2.0683599,2923369,17.9482428571429,50.3724428571429,0,0,0,36.5398571428571,23.554,23.5184428571429,29.2779571428571,6,,,,,9032,2025-08-24,5300108,Brasilia,DF,2025,35
1755388800000,202534,4.0,4,4,4,0.37402564,0.13682844,0,1,530010820253420683,2026-08-18,Brasília,,0.81402147,2923369,15.7243285714286,48.8020714285714,0,0,0,33.4520714285714,18.9785,22.2084142857143,28.7789,2,,,,,9032,2025-08-17,5300108,Brasilia,DF,2025,34
1754784000000,202533,4.0,4,4,4,0.4437283,0.13682844,0,1,530010820253320683,2026-08-18,Brasília,,0.9112013,2923369,15.3575285714286,51.8691,0,0,0,37.1794142857143,22.7757571428571,21.6123714285714,28.1972142857143,4,,,,,9032,2025-08-10,5300108,Brasilia,DF,2025,33
1754179200000,202532,6.0,6,6,6,0.786561,0.20524265,0,1,530010820253220683,2026-08-18,Brasília,,1.6433637,2923369,15.7970285714286,59.8563714285714,0,0,0,43.1738428571429,27.1705714285714,21.3163285714286,26.8146,3,,,,,9032,2025-08-03,5300108,Brasilia,DF,2025,32
1753574400000,202531,5.0,5,5,5,0.6148018,0.17103554,0,1,530010820253120676,2026-08-11,Brasília,,1.2027484,2923369,15.8116428571429,61.0311,0,0,0,44.0176285714286,26.8527142857143,21.5146142857143,27.5126714285714,5,,,,,9032,2025-07-27,5300108,Brasilia,DF,2025,31
1752969600000,202530,2.0,2,2,2,0.09146678,0.06841422,0,1,530010820253020671,2026-08-06,Brasília,,0.37572417,2923369,15.4642428571429,63.7508,0,0,0,44.9195571428571,28.2891,21.2623714285714,27.3100857142857,2,,,,,9032,2025-07-20,5300108,Brasilia,DF,2025,30
1752364800000,202529,4.0,4,4,4,0.24644877,0.13682844,0,1,530010820252920662,2026-07-28,Brasília,,0.6579825,2923369,13.5208571428571,67.3907428571429,0,0,0,48.7768857142857,29.7828142857143,18.9076,24.6834285714286,3,,,,,9032,2025-07-13,5300108,Brasilia,DF,2025,29
1751760000000,202528,6.0,6,6,6,0.4470934,0.20524265,0,1,530010820252820654,2026-07-20,Brasília,,0.9296876,2923369,14.3130857142857,66.7816714285714,0,0,0,50.4813428571429,33.2340857142857,18.8928,24.1113142857143,5,,,,,9032,2025-07-06,5300108,Brasilia,DF,2025,28
1751155200000,202527,6.0,6,6,6,0.35874707,0.20524265,0,1,530010820252720647,2026-07-13,Brasília,,0.8246074,2923369,14.7487285714286,67.8744428571429,0,0,0,52.0119571428571,33.7319428571429,19.7088428571429,25.1986857142857,3,,,,,9032,2025-06-29,5300108,Brasilia,DF,2025,27
1750550400000,202526,7.0,7,7,7,0.3678797,0.23944975,0,1,530010820252620642,2026-07-08,Brasília,,0.845129,2923369,15.6944857142857,78.5482428571429,0,0,0,59.0222714285714,37.3708714285714,20.5201857142857,26.2060714285714,5,,,,,9032,2025-06-22,5300108,Brasilia,DF,2025,26
1749945600000,202525,5.0,5,5,5,0.20593137,0.17103554,0,1,530010820252520636,2026-07-02,Brasília,,0.63844335,2923369,14.6394142857143,72.2130285714286,0,0,0,56.4086142857143,36.3034142857143,19.2889,24.5249857142857,4,,,,,9032,2025-06-15,5300108,Brasilia,DF,2025,25
1749340800000,202524,12.0,12,12,12,0.86790967,0.4104853,0,1,530010820252420627,2026-06-23,Brasília,,1.6584287,2923369,16.1376714285714,77.5567857142857,0,0,1,59.5544428571429,39.2220428571429,20.5335,25.4929428571429,8,,,,,9032,2025-06-08,5300108,Brasilia,DF,2025,24
1748736000000,202523,6.0,6,6,6,0.305093,0.20524265,0,1,530010820252320621,2026-06-17,Brasília,,0.7656308,2923369,16.8976714285714,81.7692714285714,0,0,0,64.3362714285714,43.3497142857143,21.3355,26.4360714285714,5,,,,,9032,2025-06-01,5300108,Brasilia,DF,2025,23
1748131200000,202522,8.0,8,8,8,0.37792128,0.27365687,0,1,530010820252220619,2026-06-15,Brasília,,0.86390847,2923369,15.6967571428571,82.0335142857143,0,0,0,63.9391285714286,42.1637571428571,20.5339714285714,25.6269857142857,4,,,,,9032,2025-05-25,5300108,Brasilia,DF,2025,22
1747526400000,202521,5.0,5,5,5,0.096499264,0.17103554,0,1,530010820252120608,2026-06-04,Brasília,,0.5090757,2923369,15.2581142857143,80.0678714285714,0,0,0,63.4565428571429,42.2972285714286,19.9503857142857,25.2063,5,,,,,9032,2025-05-18,5300108,Brasilia,DF,2025,21
1746921600000,202520,13.0,13,13,13,0.7405831,0.4446924,0,1,530010820252020599,2026-05-26,Brasília,,1.3040808,2923369,16.9802714285714,82.7165428571429,0,0,1,68.0236857142857,49.1307285714286,20.6012285714286,24.6038285714286,10,,,,,9032,2025-05-11,5300108,Brasilia,DF,2025,20
1746316800000,202519,7.0,7,7,7,0.31099725,0.23944975,0,1,530010820251920592,2026-05-19,Brasília,,0.78536695,2923369,17.0575,81.8459285714286,0,0,0,66.5847571428571,47.0819571428571,21.3952428571429,26.1316,5,,,,,9032,2025-05-04,5300108,Brasilia,DF,2025,19
1745712000000,202518,13.0,13,13,13,0.8987419,0.4446924,0,2,530010820251820587,2026-05-14,Brasília,,1.7566663,2923369,18.4677142857143,94.7004428571429,1,0,1,81.4347428571429,63.3753,21.7698285714286,25.7045857142857,9,,,,,9032,2025-04-27,5300108,Brasilia,DF,2025,18
1745107200000,202517,8.0,8,8,8,0.58513945,0.27365687,0,2,530010820251720578,2026-05-05,Brasília,,1.113432,2923369,19.0309,92.1048428571429,1,0,0,76.7857714285714,57.3451,22.8152428571429,27.0292285714286,5,,,,,9032,2025-04-20,5300108,Brasilia,DF,2025,17
1744502400000,202516,8.0,8,8,8,0.36789957,0.27365687,0,1,530010820251620571,2026-04-28,Brasília,,0.85359997,2923369,18.8958285714286,95.3467285714286,1,0,0,83.4770428571429,64.9190714285714,22.1179857142857,26.2671857142857,4,,,,,9032,2025-04-13,5300108,Brasilia,DF,2025,16
1743897600000,202515,4.0,4,4,4,0.024078315,0.13682844,0,1,530010820251520566,2026-04-23,Brasília,,0.35208952,2923369,18.7841142857143,88.7314714285714,1,0,0,73.3795428571429,53.3078285714286,22.4337714285714,26.8320285714286,4,,,,,9032,2025-04-06,5300108,Brasilia,DF,2025,15
1743292800000,202514,10.0,10,10,10,0.35234395,0.3420711,0,1,530010820251420557,2026-04-14,Brasília,,0.85236114,2923369,19.4293142857143,84.4613714285714,0,0,0,66.7145,46.3585571428571,23.6625285714286,28.2677142857143,7,,,,,9032,2025-03-30,5300108,Brasilia,DF,2025,14
1742688000000,202513,14.0,14,14,14,0.6174018,0.4788995,0,1,530010820251320552,2026-04-09,Brasília,,1.1211287,2923369,19.2221,97.1044857142857,1,0,0,82.1430142857143,61.2619714285714,22.5168,26.7914714285714,12,,,,,9032,2025-03-23,5300108,Brasilia,DF,2025,13
1742083200000,202512,10.0,10,10,10,0.22064637,0.3420711,0,1,530010820251220543,2026-03-31,Brasília,,0.7313782,2923369,19.8549285714286,84.3922285714286,0,0,0,64.7248142857143,42.4562,24.5198285714286,29.4812,7,,,,,9032,2025-03-16,5300108,Brasilia,DF,2025,12
1741478400000,202511,12.0,12,12,12,0.24741147,0.4104853,0,1,530010820251120535,2026-03-23,Brasília,,0.77308804,2923369,20.5080285714286,79.3017428571429,0,0,0,58.8209428571429,37.4231714285714,25.2754,30.4953,4,,,,,9032,2025-03-09,5300108,Brasilia,DF,2025,11
1740873600000,202510,16.0,16,16,16,0.3658351,0.54731375,0,1,530010820251020529,2026-03-17,Brasília,,0.89019126,2923369,19.3494142857143,72.2894285714286,0,0,0,59.5017857142857,43.2648857142857,23.3014571428571,27.6824428571429,11,,,,,9032,2025-03-02,5300108,Brasilia,DF,2025,10
1740268800000,202509,10.0,10,10,10,0.09603825,0.3420711,0,1,530010820250920522,2026-03-10,Brasília,,0.60299635,2923369,19.4055714285714,83.5183714285714,0,0,0,66.9434428571429,48.9807571428571,23.4753857142857,28.0126285714286,6,,,,,9032,2025-02-23,5300108,Brasilia,DF,2025,9
1739664000000,202508,25.0,25,25,25,0.9727179,0.8551777,0,1,530010820250820516,2026-03-04,Brasília,,1.8759836,2923369,18.9842285714286,81.2066857142857,0,0,0,61.3427571428571,39.9258857142857,24.0290714285714,29.1724142857143,16,,,,,9032,2025-02-16,5300108,Brasilia,DF,2025,8
1739059200000,202507,17.0,17,17,17,0.851054,0.58152086,0,1,530010820250720508,2026-02-24,Brasília,,1.4733958,2923369,18.5551142857143,91.3855142857143,1,0,0,73.3891285714286,52.6695571428571,22.6535142857143,27.0917,16,,,,,9032,2025-02-09,5300108,Brasilia,DF,2025,7
1738454400000,202506,10.0,10,10,10,0.46227023,0.3420711,0,1,530010820250620503,2026-02-19,Brasília,,0.9597574,2923369,18.8246142857143,87.9592285714286,0,0,0,72.5271142857143,53.7188714285714,22.3634428571429,26.3764142857143,6,,,,,9032,2025-02-02,5300108,Brasilia,DF,2025,6
1737849600000,202505,14.0,14,14,14,0.83313555,0.4788995,0,2,530010820250520495,2026-02-11,Brasília,,1.4860718,2923369,19.4749714285714,95.0127,1,0,0,81.5451,65.6735571428571,22.4374142857143,25.8185285714286,7,,,,,9032,2025-01-26,5300108,Brasilia,DF,2025,5
1737244800000,202504,8.0,8,8,8,0.55082023,0.27365687,0,2,530010820250420491,2026-02-07,Brasília,,1.06519,2923369,18.5898,93.4145285714286,1,0,0,75.6201285714286,55.4716,23.0456857142857,28.1685,4,,,,,9032,2025-01-19,5300108,Brasilia,DF,2025,4
1736640000000,202503,12.0,12,12,12,0.92437047,0.4104853,0,2,530010820250320486,2026-02-02,Brasília,,1.9686915,2923369,18.9841285714286,96.9961142857143,1,0,0,88.7042142857143,75.1405285714286,21.0257428571429,23.8594,7,,,,,9032,2025-01-12,5300108,Brasilia,DF,2025,3
1736035200000,202502,7.0,7,7,7,0.5565924,0.23944975,0,2,530010820250220460,2026-01-07,Brasília,,1.0780469,2923369,19.1725714285714,96.9573428571429,1,0,0,85.5153571428571,69.6295714285714,21.9477142857143,25.8069142857143,6,,,,,9032,2025-01-05,5300108,Brasilia,DF,2025,2
1735430400000,202501,4.0,4,4,4,0.1506741,0.13682844,0,2,530010820250120460,2026-01-07,Brasília,,0.5462802,2923369,19.0906,95.9540428571429,1,0,0,82.2406857142857,63.2577428571429,22.0143857142857,25.8693571428571,2,,,,,9032,2024-12-29,5300108,Brasilia,DF,2025,1
1734825600000,202452,7.0,7,7,7,0.4137104,0.23944975,0,2,530010820245220437,2025-12-15,Brasília,,0.8956557,2923369,19.6095,97.1434714285714,1,0,0,85.5948857142857,66.9157571428571,21.8239285714286,25.0965571428571,4,,,,,9032,2024-12-22,5300108,Brasilia,DF,2024,52
1734220800000,202451,8.0,8,8,8,0.45210758,0.27365687,0,2,530010820245120437,2025-12-15,Brasília,,0.9438233,2923369,19.6753,96.6818285714286,1,0,0,81.9829142857143,59.7599142857143,22.6349714285714,27.199,8,,,,,9032,2024-12-15,5300108,Brasilia,DF,2024,51
1733616000000,202450,7.0,7,7,7,0.29254913,0.23944975,0,2,530010820245020437,2025-12-15,Brasília,,0.76643735,2923369,19.6345857142857,90.5262,1,0,0,71.4193428571429,49.7177428571429,23.9027714285714,28.3690142857143,6,,,,,9032,2024-12-08,5300108,Brasilia,DF,2024,50
1733011200000,202449,9.0,9,9,9,0.42007127,0.30786398,0,2,530010820244920431,2025-12-09,Brasília,,0.9131016,2923369,19.1844285714286,91.7854714285714,1,0,0,76.3203571428571,57.4569571428571,22.9661428571429,27.1493571428571,6,,,,,9032,2024-12-01,5300108,Brasilia,DF,2024,49
1732406400000,202448,9.0,9,9,9,0.28463528,0.30786398,0,2,530010820244820425,2025-12-03,Brasília,,0.78106594,2923369,19.1185285714286,93.9241571428571,1,0,0,80.0631571428571,61.8903714285714,22.2715285714286,26.4145571428571,5,,,,,9032,2024-11-24,5300108,Brasilia,DF,2024,48
1731801600000,202447,10.0,10,10,10,0.25475097,0.3420711,0,2,530010820244720418,2025-11-26,Brasília,,0.762842,2923369,18.7945142857143,96.3176571428571,1,0,0,81.1718857142857,63.7350714285714,22.3033714285714,26.2425428571429,5,,,,,9032,2024-11-17,5300108,Brasilia,DF,2024,47
1731196800000,202446,9.0,9,9,9,0.30012745,0.30786398,0,2,530010820244620410,2025-11-18,Brasília,,0.79570127,2923369,18.6256857142857,96.703,1,0,0,84.4701857142857,67.8833142857143,21.4708,25.0796285714286,3,,,,,9032,2024-11-10,5300108,Brasilia,DF,2024,46
1730592000000,202445,18.0,18,18,18,0.9741098,0.61572796,0,2,530010820244520403,2025-11-11,Brasília,,2.167112,2923369,19.041,94.8913571428571,1,0,0,83.4829,65.9833285714286,21.6592,25.4941285714286,10,,,,,9032,2024-11-03,5300108,Brasilia,DF,2024,45
1729987200000,202444,12.0,12,12,12,0.8573604,0.4104853,0,2,530010820244420395,2025-11-03,Brasília,,1.6181256,2923369,18.8422142857143,93.7521428571429,1,0,0,79.8654142857143,64.2223714285714,22.0840714285714,25.5712857142857,7,,,,,9032,2024-10-27,5300108,Brasilia,DF,2024,44
1729382400000,202443,5.0,5,5,5,0.2874715,0.17103554,0,1,530010820244320389,2025-10-28,Brasília,,0.72890294,2923369,19.7547285714286,93.7119714285714,1,0,0,78.8821571428571,58.7130857142857,22.9986571428571,27.1885,4,,,,,9032,2024-10-20,5300108,Brasilia,DF,2024,43
1728777600000,202442,8.0,8,8,8,0.76617587,0.27365687,0,1,530010820244220381,2025-10-20,Brasília,,1.4734887,2923369,19.6851,91.9728,1,0,0,77.0724142857143,55.8337,22.8356571428571,27.2532714285714,5,,,,,9032,2024-10-13,5300108,Brasilia,DF,2024,42
1728172800000,202441,9.0,9,9,9,0.9026034,0.30786398,0,1,530010820244120375,2025-10-14,Brasília,,2.0250401,2923369,22.0235571428571,70.8463428571429,0,0,0,53.4701142857143,35.4846571428571,26.6405714285714,31.7326714285714,7,,,,,9032,2024-10-06,5300108,Brasilia,DF,2024,41
1727568000000,202440,3.0,3,3,3,0.4382019,0.102621324,0,1,530010820244020368,2025-10-07,Brasília,,0.8909405,2923369,20.6808285714286,48.7738285714286,0,0,0,30.6651714285714,18.0957714285714,27.3216,33.4183428571429,3,,,,,9032,2024-09-29,5300108,Brasilia,DF,2024,40
1726963200000,202439,6.0,6,6,6,0.91356087,0.20524265,0,1,530010820243920363,2025-10-02,Brasília,,2.5669787,2923369,20.6584142857143,45.0961,0,0,0,29.1696857142857,16.7742,27.2590142857143,33.6074428571429,5,,,,,9032,2024-09-22,5300108,Brasilia,DF,2024,39
1726358400000,202438,3.0,3,3,3,0.607474,0.102621324,0,1,530010820243820353,2025-09-22,Brasília,,1.2429321,2923369,19.6136857142857,49.4744142857143,0,0,0,33.2877571428571,20.0465428571429,25.8385142857143,31.9235857142857,2,,,,,9032,2024-09-15,5300108,Brasilia,DF,2024,38
1725753600000,202437,2.0,2,2,2,0.19382532,0.06841422,0,1,530010820243720347,2025-09-16,Brasília,,0.5080172,2923369,17.4519571428571,43.4961142857143,0,0,0,32.0015,20.1088428571429,23.9103285714286,30.3833571428571,2,,,,,9032,2024-09-08,5300108,Brasilia,DF,2024,37
1725148800000,202436,1.0,1,1,1,0.024085892,0.03420711,0,1,530010820243620339,2025-09-08,Brasília,,0.1860234,2923369,17.7228857142857,40.1280571428571,0,0,0,26.1744285714286,14.1768285714286,24.6672714285714,31.6741857142857,1,,,,,9032,2024-09-01,5300108,Brasilia,DF,2024,36
1724544000000,202435,4.0,4,4,4,0.28299162,0.13682844,0,1,530010820243520332,2025-09-01,Brasília,,0.7008641,2923369,16.6269428571429,61.4717142857143,0,0,0,42.6537428571429,25.1559285714286,22.8053571428571,29.0379714285714,4,,,,,9032,2024-08-25,5300108,Brasilia,DF,2024,35
1723939200000,202434,7.0,7,7,7,0.6389469,0.23944975,0,1,530010820243420328,2025-08-28,Brasília,,1.2129207,2923369,15.8256857142857,48.8172714285714,0,0,0,31.7903714285714,17.9028142857143,22.9027714285714,29.8241857142857,5,,,,,9032,2024-08-18,5300108,Brasilia,DF,2024,34
1723334400000,202433,5.0,5,5,5,0.40562788,0.17103554,0,1,530010820243320321,2025-08-21,Brasília,,0.869152,2923369,15.4908857142857,56.6001,0,0,0,38.3598285714286,21.7462285714286,22.1076857142857,29.1259857142857,3,,,,,9032,2024-08-11,5300108,Brasilia,DF,2024,33
1722729600000,202432,6.0,6,6,6,0.59678,0.20524265,0,1,530010820243220312,2025-08-12,Brasília,,1.1515962,2923369,15.6936142857143,63.7294,0,0,0,45.6172571428571,29.1526428571429,21.0099857142857,26.8393714285714,6,,,,,9032,2024-08-04,5300108,Brasilia,DF,2024,32
1722124800000,202431,6.0,6,6,6,0.6553693,0.20524265,0,1,530010820243120305,2025-08-05,Brasília,,1.2654393,2923369,15.9515571428571,66.5346857142857,0,0,0,47.4732857142857,29.1758142857143,21.2564714285714,26.6909571428571,5,,,,,9032,2024-07-28,5300108,Brasilia,DF,2024,31
1721520000000,202430,6.0,6,6,6,0.53310776,0.20524265,0,1,530010820243020298,2025-07-29,Brasília,,1.0479409,2923369,13.0953,65.7113,0,0,0,46.6519142857143,28.4806571428571,19.2667428571429,25.7361428571429,6,,,,,9032,2024-07-21,5300108,Brasilia,DF,2024,30
1720915200000,202429,3.0,3,3,3,0.09423697,0.102621324,0,1,530010820242920291,2025-07-22,Brasília,,0.4346764,2923369,13.3298714285714,68.8326571428571,0,0,0,48.2817714285714,29.3918857142857,19.2568571428571,25.4175,2,,,,,9032,2024-07-14,5300108,Brasilia,DF,2024,29
1720310400000,202428,5.0,5,5,5,0.2620384,0.17103554,0,1,530010820242820283,2025-07-14,Brasília,,0.70051366,2923369,15.2886142857143,65.8820571428571,0,0,0,45.3511285714286,26.2315142857143,21.3259,27.5156428571429,4,,,,,9032,2024-07-07,5300108,Brasilia,DF,2024,28
1719705600000,202427,10.0,10,10,10,0.6958558,0.3420711,0,1,530010820242720278,2025-07-09,Brasília,,1.2681657,2923369,14.8669571428571,65.9831857142857,0,0,0,47.8145714285714,29.6953285714286,20.2704714285714,26.1680428571429,6,,,,,9032,2024-06-30,5300108,Brasilia,DF,2024,27
1719100800000,202426,4.0,4,4,4,0.074767776,0.13682844,0,1,530010820242620270,2025-07-01,Brasília,,0.44709447,2923369,15.3036714285714,69.0186142857143,0,0,0,48.8884,28.8304285714286,20.6306428571429,26.5235714285714,3,,,,,9032,2024-06-23,5300108,Brasilia,DF,2024,26
1718496000000,202425,10.0,10,10,10,0.4607334,0.3420711,0,1,530010820242520262,2025-06-23,Brasília,,0.9581642,2923369,14.351,73.3111285714286,0,0,0,54.9992142857143,34.6443571428571,19.6371857142857,25.2230142857143,7,,,,,9032,2024-06-16,5300108,Brasilia,DF,2024,25
1717891200000,202424,7.0,7,7,7,0.088892415,0.23944975,0,1,530010820242420255,2025-06-16,Brasília,,0.5456941,2923369,15.1545857142857,76.6941428571429,0,0,0,58.0647142857143,36.2113142857143,20.3967285714286,26.1459714285714,4,,,,,9032,2024-06-09,5300108,Brasilia,DF,2024,24
1717286400000,202423,12.0,12,12,12,0.13199666,0.4104853,0,1,530010820242320249,2025-06-10,Brasília,,0.6661835,2923369,16.3689142857143,80.4537,0,0,0,61.5483857142857,41.0984,20.4999,25.3003,9,,,,,9032,2024-06-02,5300108,Brasilia,DF,2024,23
1716681600000,202422,10.0,10,10,10,0.006541585,0.3420711,0,1,530010820242220241,2025-06-02,Brasília,,0.4152074,2923369,15.7582428571429,78.7445428571429,0,0,0,56.9949142857143,34.5585,21.0278285714286,26.5693,6,,,,,9032,2024-05-26,5300108,Brasilia,DF,2024,22
1716076800000,202421,16.0,16,16,16,0.037524775,0.54731375,0,1,530010820242120227,2025-05-19,Brasília,,0.5804495,2923369,17.2295714285714,78.4366,0,0,0,58.7893857142857,37.2123,22.043,27.3358857142857,6,,,,,9032,2024-05-19,5300108,Brasilia,DF,2024,21
1715472000000,202420,29.0,29,29,29,0.45291373,0.9920061,0,1,530010820242020227,2025-05-19,Brasília,,0.9698505,2923369,16.7929571428571,76.0441714285714,0,0,0,55.8065285714286,34.4328285714286,22.5165857142857,28.2445,20,,,,,9032,2024-05-12,5300108,Brasilia,DF,2024,20
1714867200000,202419,26.0,26,26,26,0.17720787,0.8893848,0,1,530010820241920224,2025-05-16,Brasília,,0.7865002,2923369,16.8666285714286,78.9833142857143,0,0,0,60.9340857142857,39.7944428571429,21.8216857142857,27.4399142857143,12,,,,,9032,2024-05-05,5300108,Brasilia,DF,2024,19
1714262400000,202418,31.0,31,31,31,0.22648823,1.0604204,0,1,530010820241820214,2025-05-06,Brasília,,0.83438045,2923369,17.8793,82.1622285714286,0,0,0,61.5202571428571,39.1411,23.2156,28.6351714285714,13,,,,,9032,2024-04-28,5300108,Brasilia,DF,2024,18
1713657600000,202417,30.0,30,30,30,0.060564633,1.0262133,0,1,530010820241720206,2025-04-28,Brasília,,0.6953356,2923369,18.2187857142857,84.9569571428571,0,0,0,68.3651714285714,48.6726714285714,22.5420285714286,27.2316714285714,10,,,,,9032,2024-04-21,5300108,Brasilia,DF,2024,17
1713052800000,202416,42.0,42,42,42,0.13991359,1.4366986,0,1,530010820241620201,2025-04-23,Brasília,,0.800832,2923369,19.4023285714286,86.6807857142857,0,0,0,71.9516714285714,55.4689571428571,22.9952714285714,26.8962285714286,18,,,,,9032,2024-04-14,5300108,Brasilia,DF,2024,16
1712448000000,202415,32.0,32,32,32,0.0004443215,1.0946275,0,2,530010820241520192,2025-04-14,Brasília,,0.49901116,2923369,19.4862428571429,90.0682,1,0,0,76.2233857142857,57.2214571428571,22.7452,26.5650571428571,16,,,,,9032,2024-04-07,5300108,Brasilia,DF,2024,15
1711843200000,202414,65.0,65,65,65,0.10140626,2.223462,0,2,530010820241420188,2025-04-10,Brasília,,0.80953443,2923369,19.6815,98.1078571428571,1,0,0,86.0912,69.0845,22.5227142857143,26.4106571428571,37,,,,,9032,2024-03-31,5300108,Brasilia,DF,2024,14
1711238400000,202413,45.0,45,45,45,0.0001042977,1.5393199,0,2,530010820241320178,2025-03-31,Brasília,,0.5165626,2923369,19.4519714285714,95.9558285714286,1,0,0,82.0978,60.6407142857143,22.4535857142857,26.6828428571429,19,,,,,9032,2024-03-24,5300108,Brasilia,DF,2024,13
1710633600000,202412,96.0,96,96,96,0.8386827,3.2838824,0,2,530010820241220171,2025-03-24,Brasília,,1.1592643,2923369,20.4030428571429,95.5469428571429,1,0,0,79.9017,60.3887,23.9585285714286,28.0455857142857,31,,,,,9032,2024-03-17,5300108,Brasilia,DF,2024,12
1710028800000,202411,95.0,95,95,95,0.88431835,3.2496753,0,1,530010820241120165,2025-03-18,Brasília,,1.1987426,2923369,20.5242857142857,92.9955714285714,1,0,0,77.6525571428571,58.9384142857143,24.1342571428571,28.1799285714286,46,,,,,9032,2024-03-10,5300108,Brasilia,DF,2024,11
1709424000000,202410,79.0,79,79,79,0.5078794,2.7023616,0,1,530010820241020157,2025-03-10,Brasília,,1.0031419,2923369,19.8196,93.8722285714286,1,0,0,79.4438,59.4867428571429,23.3449857142857,27.5457,24,,,,,9032,2024-03-03,5300108,Brasilia,DF,2024,10
1708819200000,202409,75.0,75,75,75,0.4213065,2.5655332,0,1,530010820240920153,2025-03-06,Brasília,,0.96843237,2923369,19.3833857142857,87.1045857142857,0,0,0,68.5183428571429,46.7477857142857,24.1701428571429,29.2475714285714,12,,,,,9032,2024-02-25,5300108,Brasilia,DF,2024,9
1708214400000,202408,86.0,86,86,86,0.65882,2.9418113,0,2,530010820240820145,2025-02-26,Brasília,,1.0652883,2923369,19.4538428571429,97.0400714285714,1,0,0,88.3955714285714,74.4316571428571,21.5562142857143,24.6631428571429,14,,,,,9032,2024-02-18,5300108,Brasilia,DF,2024,8
1707609600000,202407,73.0,73,73,73,0.18789971,2.497119,0,2,530010820240720137,2025-02-18,Brasília,,0.86836976,2923369,19.1978857142857,89.9587571428571,1,0,0,77.5302142857143,60.4101142857143,22.6382428571429,26.8051428571429,15,,,,,9032,2024-02-11,5300108,Brasilia,DF,2024,7
1707004800000,202406,72.0,72,72,72,0.38980952,2.4629118,0,2,530010820240620130,2025-02-11,Brasília,,0.955068,2923369,19.3211428571429,96.6608571428571,1,0,0,85.1913142857143,67.0563714285714,21.9603428571429,25.8102142857143,6,,,,,9032,2024-02-04,5300108,Brasilia,DF,2024,6
1706400000000,202405,106.0,106,106,106,0.9993111,3.6259534,0,2,530010820240520122,2025-02-03,Brasília,,1.6425363,2923369,19.1535142857143,95.4250571428571,1,0,0,82.4189142857143,64.5053285714286,22.2444571428571,26.1647142857143,25,,,,,9032,2024-01-28,5300108,Brasilia,DF,2024,5
1705795200000,202404,70.0,70,70,70,0.8557573,2.3944976,0,2,530010820240420116,2025-01-28,Brasília,,1.2061224,2923369,19.9428571428571,94.6610857142857,1,0,0,83.6999285714286,68.0376857142857,22.5587142857143,25.9222428571429,14,,,,,9032,2024-01-21,5300108,Brasilia,DF,2024,4
1705190400000,202403,59.0,59,59,59,0.8584046,2.0182195,0,2,530010820240320108,2025-01-20,Brasília,,1.2303321,2923369,19.6937428571429,91.0984,1,0,0,72.3731714285714,49.7091857142857,24.0098857142857,28.6773428571429,17,,,,,9032,2024-01-14,5300108,Brasilia,DF,2024,3
1704585600000,202402,63.0,63,63,63,0.9990977,2.155048,0,2,530010820240220095,2025-01-07,Brasília,,1.9181093,2923369,19.2617428571429,96.8541,1,0,0,83.7961428571429,66.2968714285714,22.3296857142857,25.9902571428571,19,,,,,9032,2024-01-07,5300108,Brasilia,DF,2024,2
1703980800000,202401,55.0,55,55,55,0.9999421,1.8813909,0,1,530010820240120095,2025-01-07,Brasília,,2.5077596,2923369,19.5911,96.8563142857143,1,0,0,89.4806714285714,76.4628142857143,21.5246714285714,23.8457714285714,16,,,,,9032,2023-12-31,5300108,Brasilia,DF,2024,1
1703376000000,202352,27.0,27,27,27,0.909112,0.9235919,0,1,530010820235220087,2024-12-30,Brasília,,1.4883318,2923369,20.5493571428571,94.8793571428571,1,0,0,77.4403571428571,52.7554571428571,24.1578142857143,28.8674142857143,13,,,,,9032,2023-12-24,5300108,Brasilia,DF,2023,52
1702771200000,202351,18.0,18,18,18,0.58825916,0.61572796,0,1,530010820235120080,2024-12-23,Brasília,,1.0777265,2923369,19.9984,87.2241857142857,0,0,0,71.4165714285714,53.2940714285714,23.5341,27.6089285714286,13,,,,,9032,2023-12-17,5300108,Brasilia,DF,2023,51
1702166400000,202350,17.0,17,17,17,0.7007275,0.58152086,0,1,530010820235020073,2024-12-16,Brasília,,1.2052413,2923369,20.5542571428571,78.9627857142857,0,0,0,58.9966142857143,38.2817,25.2606857142857,30.4129428571429,11,,,,,9032,2023-12-10,5300108,Brasilia,DF,2023,50
1701561600000,202349,20.0,20,20,20,0.94266605,0.6841422,0,1,530010820234920066,2024-12-09,Brasília,,1.7629111,2923369,19.7759142857143,86.0695428571428,0,0,0,67.9925857142857,45.0997285714286,24.2570857142857,29.4431571428571,15,,,,,9032,2023-12-03,5300108,Brasilia,DF,2023,49
1700956800000,202348,12.0,12,12,12,0.7375362,0.4104853,0,1,530010820234820059,2024-12-02,Brasília,,1.3130522,2923369,20.2907571428571,88.8524285714286,1,0,0,68.5315285714286,47.4845857142857,24.4583285714286,29.0672428571429,6,,,,,9032,2023-11-26,5300108,Brasilia,DF,2023,48
1700352000000,202347,13.0,13,13,13,0.8364512,0.4446924,0,1,530010820234720055,2024-11-28,Brasília,,1.5195582,2923369,20.4102714285714,92.7902142857143,1,0,0,74.1455285714286,52.5482,24.3068142857143,28.8876857142857,10,,,,,9032,2023-11-19,5300108,Brasilia,DF,2023,47
1699747200000,202346,7.0,7,7,7,0.3595146,0.23944975,0,1,530010820234620046,2024-11-19,Brasília,,0.8361682,2923369,20.7189,75.0308571428571,0,0,0,52.5197285714286,30.8981857142857,26.4171285714286,32.8407,4,,,,,9032,2023-11-12,5300108,Brasilia,DF,2023,46
1699142400000,202345,8.0,8,8,8,0.5640708,0.27365687,0,1,530010820234520038,2024-11-11,Brasília,,1.0833602,2923369,19.4295,78.9625857142857,0,0,0,58.1221428571429,35.2622285714286,24.9718,31.1135571428571,2,,,,,9032,2023-11-05,5300108,Brasilia,DF,2023,45
1698537600000,202344,11.0,11,11,11,0.8398513,0.3762782,0,1,530010820234420032,2024-11-05,Brasília,,1.5916315,2923369,20.0598285714286,88.3466142857143,1,0,0,71.4226571428571,46.5703571428571,24.1432428571429,30.1935,8,,,,,9032,2023-10-29,5300108,Brasilia,DF,2023,44
1697932800000,202343,5.0,5,5,5,0.27907467,0.17103554,0,1,530010820234320026,2024-10-30,Brasília,,0.71949166,2923369,19.9083142857143,87.4988,0,0,0,69.1638571428571,45.4360714285714,24.1523571428571,29.6279,4,,,,,9032,2023-10-22,5300108,Brasilia,DF,2023,43
1697328000000,202342,8.0,8,8,8,0.5804743,0.27365687,0,1,530010820234220018,2024-10-22,Brasília,,1.1066407,2923369,20.0793714285714,71.4859142857143,0,0,0,51.5535714285714,31.6507571428571,25.6340428571429,31.7655,6,,,,,9032,2023-10-15,5300108,Brasilia,DF,2023,42
1696723200000,202341,6.0,6,6,6,0.35021156,0.20524265,0,1,530010820234120011,2024-10-15,Brasília,,0.8150414,2923369,20.4056142857143,84.7822571428571,0,0,0,67.3706285714286,44.3130857142857,24.8936571428571,30.5907857142857,5,,,,,9032,2023-10-08,5300108,Brasilia,DF,2023,41
1696118400000,202340,8.0,8,8,8,0.5633718,0.27365687,0,1,530010820234020004,2024-10-08,Brasília,,1.0823879,2923369,19.9263714285714,88.2413714285714,1,0,0,70.6063285714286,47.5071,24.0071428571429,29.2767857142857,5,,,,,9032,2023-10-01,5300108,Brasilia,DF,2023,40
1695513600000,202339,7.0,7,7,7,0.42105684,0.23944975,0,1,530010820233919997,2024-10-01,Brasília,,0.9040173,2923369,21.2975,72.0486571428571,0,0,0,54.0786857142857,35.4654142857143,26.2397285714286,32.0692142857143,4,,,,,9032,2023-09-24,5300108,Brasilia,DF,2023,39
1694908800000,202338,8.0,8,8,8,0.46285632,0.27365687,0,1,530010820233819989,2024-09-23,Brasília,,0.9560604,2923369,19.6248428571429,61.3337571428571,0,0,0,42.1223142857143,24.3798142857143,25.8499857142857,32.4282714285714,7,,,,,9032,2023-09-17,5300108,Brasilia,DF,2023,38
1694304000000,202337,6.0,6,6,6,0.23580743,0.20524265,0,1,530010820233719983,2024-09-17,Brasília,,0.6919506,2923369,18.4179571428571,62.3736857142857,0,0,0,44.8549,28.3875714285714,24.0610428571429,30.1139285714286,2,,,,,9032,2023-09-10,5300108,Brasilia,DF,2023,37
1693699200000,202336,11.0,11,11,11,0.6274294,0.3762782,0,1,530010820233619978,2024-09-12,Brasília,,1.1510389,2923369,18.4727571428571,73.1115714285714,0,0,0,54.2246,33.0028142857143,23.6178857142857,29.5942142857143,5,,,,,9032,2023-09-03,5300108,Brasilia,DF,2023,36
1693094400000,202335,6.0,6,6,6,0.16684856,0.20524265,0,1,530010820233519969,2024-09-03,Brasília,,0.617852,2923369,18.4636428571429,91.3761142857143,1,0,0,74.5832714285714,49.8937571428571,22.5248,27.9633142857143,4,,,,,9032,2023-08-27,5300108,Brasilia,DF,2023,35
1692489600000,202334,11.0,11,11,11,0.6861533,0.3762782,0,1,530010820233419962,2024-08-27,Brasília,,1.2380929,2923369,17.5038714285714,69.1836857142857,0,0,0,48.8183428571429,28.1661285714286,23.4683714285714,30.3472428571429,9,,,,,9032,2023-08-20,5300108,Brasilia,DF,2023,34
1691884800000,202333,11.0,11,11,11,0.59755266,0.3762782,0,1,530010820233319955,2024-08-20,Brasília,,1.1118332,2923369,15.9277428571429,65.3137,0,0,0,46.8448142857143,29.5068142857143,21.5248,27.5326285714286,6,,,,,9032,2023-08-13,5300108,Brasilia,DF,2023,33
1691280000000,202332,8.0,8,8,8,0.1349363,0.27365687,0,1,530010820233219948,2024-08-13,Brasília,,0.6191234,2923369,16.1061,58.0735714285714,0,0,0,38.7595857142857,20.4851714285714,22.7737,30.1123571428571,5,,,,,9032,2023-08-06,5300108,Brasilia,DF,2023,32
1690675200000,202331,6.0,6,6,6,0.032634687,0.20524265,0,1,530010820233119940,2024-08-05,Brasília,,0.43049696,2923369,14.3972,71.4594857142857,0,0,0,46.1240857142857,24.2995571428571,21.2965571428571,28.4358142857143,4,,,,,9032,2023-07-30,5300108,Brasilia,DF,2023,31
1690070400000,202330,17.0,17,17,17,0.7029421,0.58152086,0,1,530010820233019933,2024-07-29,Brasília,,1.2081058,2923369,14.8564142857143,72.4463285714286,0,0,0,51.1926428571429,30.3036142857143,20.7054142857143,27.0827285714286,12,,,,,9032,2023-07-23,5300108,Brasilia,DF,2023,30
1689465600000,202329,15.0,15,15,15,0.42320216,0.51310664,0,1,530010820232919928,2024-07-24,Brasília,,0.9337002,2923369,16.0398714285714,74.4640428571429,0,0,0,54.5847,33.6314714285714,21.2161857142857,26.9909857142857,14,,,,,9032,2023-07-16,5300108,Brasilia,DF,2023,29
1688860800000,202328,10.0,10,10,10,0.038388383,0.3420711,0,1,530010820232819919,2024-07-15,Brasília,,0.5163511,2923369,14.6385857142857,75.1798428571429,0,0,0,53.1245857142857,29.3215142857143,20.869,28.1019428571429,7,,,,,9032,2023-07-09,5300108,Brasilia,DF,2023,28
1688256000000,202327,19.0,19,19,19,0.24510555,0.64993507,0,1,530010820232719912,2024-07-08,Brasília,0,0.81033856,2923369,16.7142857142857,55.6458987142857,0,0,0,52.0367727142857,48.2889567142857,17.4761905714286,18.2857142857143,13,,,,,9032,2023-07-02,5300108,Brasilia,DF,2023,27
1687651200000,202326,15.0,15,15,15,0.040465064,0.51310664,0,1,530010820232619904,2024-06-30,Brasília,0,0.57714397,2923369,18.5714285714286,57.253633,0,0,0,54.7851431428571,52.1784072857143,19.0476191428571,19.5714285714286,9,,,,,9032,2023-06-25,5300108,Brasilia,DF,2023,26
1687046400000,202325,28.0,28,28,28,0.4608576,0.957799,0,1,530010820232519897,2024-06-23,Brasília,0,0.9744288,2923369,18.0,64.0836305714286,0,0,0,60.9203788571429,57.6386442857143,18.7142857142857,19.4285714285714,23,,,,,9032,2023-06-18,5300108,Brasilia,DF,2023,25
1686441600000,202324,25.0,25,25,25,0.16957894,0.8551777,0,1,530010820232419884,2024-06-10,Brasília,,0.7772557,2923369,16.3668,85.0702285714286,0,0,0,65.1084142857143,42.0856428571429,21.2721571428571,26.7865285714286,16,,,,,9032,2023-06-11,5300108,Brasilia,DF,2023,24
1685836800000,202323,26.0,26,26,26,0.13248537,0.8893848,0,1,530010820232319884,2024-06-10,Brasília,,0.75137305,2923369,13.9496857142857,81.1122857142857,0,0,0,59.8242428571429,36.2950428571429,19.9718714285714,26.4076571428571,20,,,,,9032,2023-06-04,5300108,Brasilia,DF,2023,23
1685232000000,202322,37.0,37,37,37,0.43716142,1.265663,0,1,530010820232219876,2024-06-02,Brasília,0,0.9644079,2923369,20.3,67.169108,0,0,0,63.6827369,60.2327318,21.1,21.9,29,,,,,9032,2023-05-28,5300108,Brasilia,DF,2023,22
1684627200000,202321,31.0,31,31,31,0.08935818,1.0604204,0,1,530010820232119869,2024-05-26,Brasília,0,0.7305428,2923369,14.0,78.9360135,0,0,0,60.0060449,41.7556427,19.1958332,24.4,23,,,,,9032,2023-05-21,5300108,Brasilia,DF,2023,21
1684022400000,202320,38.0,38,38,38,0.25797132,1.2998701,0,1,530010820232019862,2024-05-19,Brasília,0,0.8666997,2923369,14.8333333333333,78.6741533888889,0,0,0,54.5352862222222,34.0003195555556,20.4537035555556,25.4444444444444,29,,,,,9032,2023-05-14,5300108,Brasilia,DF,2023,20
1683417600000,202319,46.0,46,46,46,0.6130549,1.573527,0,1,530010820231919856,2024-05-13,Brasília,0,1.0624037,2923369,19.875,69.332691875,0,0,0,61.188341375,52.937484875,21.7083335,23.75,40,,,,,9032,2023-05-07,5300108,Brasilia,DF,2023,19
1682812800000,202318,44.0,44,44,44,0.59048635,1.5051128,0,1,530010820231819848,2024-05-05,Brasília,0,1.0503707,2923369,20.2,72.555739,0,0,0,68.7814148,63.9723086,20.9333336,21.8,32,,,,,9032,2023-04-30,5300108,Brasilia,DF,2023,18
1682208000000,202317,44.0,44,44,44,0.7109948,1.5051128,0,2,530010820231719841,2024-04-28,Brasília,0,1.1293591,2923369,17.5652173913043,88.9228126086957,1,0,0,71.9095056521739,49.9794486086957,21.5923913913043,26.3913043478261,32,,,,,9032,2023-04-23,5300108,Brasilia,DF,2023,17
1681603200000,202316,42.0,42,42,42,0.7352016,1.4366986,0,2,530010820231619834,2024-04-21,Brasília,0,1.1518344,2923369,18.4285714285714,91.6000642857143,1,0,0,75.3259434285714,53.8946497142857,22.0952382857143,27.0,33,,,,,9032,2023-04-16,5300108,Brasilia,DF,2023,16
1680998400000,202315,43.0,43,43,43,0.7122305,1.4709057,0,1,530010820231519827,2024-04-14,Brasília,0,1.1319165,2923369,19.1428571428571,94.0203,1,0,0,77.2057447142857,51.4963784285714,22.4523808571429,27.7142857142857,27,,,,,9032,2023-04-09,5300108,Brasilia,DF,2023,15
1680393600000,202314,28.0,28,28,28,0.05990305,0.957799,0,1,530010820231419821,2024-04-08,Brasília,0,0.686523,2923369,18.7142857142857,90.7521171428571,1,0,0,75.2732408571429,51.3468842857143,21.660714,26.5714285714286,23,,,,,9032,2023-04-02,5300108,Brasilia,DF,2023,14
1679788800000,202313,43.0,43,43,43,0.48172122,1.4709057,0,1,530010820231319814,2024-04-01,Brasília,0,0.99023485,2923369,20.8571428571429,72.2697849047619,0,0,0,55.8554788095238,44.1183038571429,24.4166664761905,27.3809523809524,29,,,,,9032,2023-03-26,5300108,Brasilia,DF,2023,13
1679184000000,202312,37.0,37,37,37,0.2090909,1.265663,0,1,530010820231219808,2024-03-26,Brasília,0,0.83605665,2923369,17.5454545454545,91.3497589090909,1,0,0,71.9430174545455,48.5877656363636,21.8560603636364,27.0,19,,,,,9032,2023-03-19,5300108,Brasilia,DF,2023,12
1678579200000,202311,48.0,48,48,48,0.7325452,1.6419412,0,1,530010820231119800,2024-03-18,Brasília,0,1.1391157,2923369,21.3,81.283395,0,0,0,81.277472,81.271548,21.35,21.4,34,,,,,9032,2023-03-12,5300108,Brasilia,DF,2023,11
1677974400000,202310,42.0,42,42,42,0.68907565,1.4366986,0,1,530010820231019794,2024-03-12,Brasília,0,1.1163403,2923369,22.1428571428571,70.8364115714286,0,0,0,68.8942271428571,66.952045,22.3571428571429,22.5714285714286,31,,,,,9032,2023-03-05,5300108,Brasilia,DF,2023,10
1677369600000,202309,50.0,50,50,50,0.9189723,1.7103554,0,1,530010820230919786,2024-03-04,Brasília,0,1.3498057,2923369,22.0,75.1189728333333,0,0,0,72.9228621666667,70.7267544166667,22.3333333333333,22.6666666666667,36,,,,,9032,2023-02-26,5300108,Brasilia,DF,2023,9
1676764800000,202308,30.0,30,30,30,0.11058626,1.0262133,0,1,530010820230819780,2024-02-27,Brasília,0,0.7468444,2923369,18.9473684210526,90.1438903157895,1,0,0,73.7145455789474,51.9968642105263,22.1798247368421,27.6842105263158,25,,,,,9032,2023-02-19,5300108,Brasilia,DF,2023,8
1676160000000,202307,37.0,37,37,37,0.34631765,1.265663,0,1,530010820230719773,2024-02-20,Brasília,0,0.9144916,2923369,24.5714285714286,59.7649554285714,0,0,0,58.9899425714286,58.2149302857143,24.7142857142857,24.8571428571429,21,,,,,9032,2023-02-12,5300108,Brasilia,DF,2023,7
1675555200000,202306,39.0,39,39,39,0.7108566,1.3340772,0,1,530010820230619768,2024-02-15,Brasília,0,1.1380082,2923369,23.0,71.7624368571429,0,0,0,69.3454032857143,66.0995661428571,23.4940477142857,24.2857142857143,23,,,,,9032,2023-02-05,5300108,Brasilia,DF,2023,6
1674950400000,202305,51.0,51,51,51,0.9960536,1.6693131,0,1,530010820230519759,2024-02-06,Brasília,0,1.8390691,3055149,21.7142857142857,73.9629072857143,0,0,0,68.9879072857143,61.1977235714286,22.970238,24.4285714285714,39,,,,,9032,2023-01-29,5300108,Brasilia,DF,2023,5
1674345600000,202304,29.0,29,29,29,0.7827197,0.9492172,0,1,530010820230419752,2024-01-30,Brasília,0,1.2396187,3055149,20.5714285714286,81.7212771428571,0,0,0,81.7212771428571,81.7212771428571,20.5714285714286,20.5714285714286,20,,,,,9032,2023-01-22,5300108,Brasilia,DF,2023,4
1673740800000,202303,29.0,29,29,29,0.89827263,0.9492172,0,1,530010820230319740,2024-01-18,Brasília,0,1.4369689,3055149,22.1428571428571,69.4868628571429,0,0,0,69.4868628571429,69.4868628571429,22.1428571428571,22.1428571428571,15,,,,,9032,2023-01-15,5300108,Brasilia,DF,2023,3
1673136000000,202302,21.0,21,21,21,0.78878903,0.68736416,0,2,530010820230219740,2024-01-18,Brasília,0,1.2986339,3055149,19.0,90.6840257142857,1,0,0,79.6281335714286,62.9142951428571,21.1190474285714,24.2857142857143,15,,,,,9032,2023-01-08,5300108,Brasilia,DF,2023,2
1672531200000,202301,23.0,23,23,23,0.97459936,0.75282747,0,2,530010820230119740,2024-01-18,Brasília,0,1.9599599,3055149,19.2857142857143,92.3190262857143,1,0,0,76.6823057142857,56.4081015714286,21.9821425714286,26.0,15,,,,,9032,2023-01-01,5300108,Brasilia,DF,2023,1
1671926400000,202252,8.0,8,8,8,0.62294114,0.261853,0,2,530010820225219734,2024-01-12,Brasília,0,1.1716124,3055149,19.0,93.9743466666667,1,0,0,89.5614333333333,70.8377946666667,20.05303,21.6666666666667,8,,,,,9032,2022-12-25,5300108,Brasilia,DF,2022,52
1671321600000,202251,12.0,12,12,12,0.9738136,0.39277953,0,2,530010820225119718,2023-12-27,Brasília,0,2.6780071,3055149,18.5,93.92977,1,0,0,84.775325,63.8116875,20.677885,24.5,10,,,,,9032,2022-12-18,5300108,Brasilia,DF,2022,51
1670716800000,202250,6.0,6,6,6,0.78150403,0.19638976,0,2,530010820225019718,2023-12-27,Brasília,0,1.6235335,3055149,19.6666666666667,90.2900316666667,1,0,0,75.5618248333333,57.4447295,22.213889,25.6666666666667,6,,,,,9032,2022-12-11,5300108,Brasilia,DF,2022,50
1670112000000,202249,4.0,4,4,4,0.41240472,0.1309265,0,2,530010820224919708,2023-12-17,Brasília,0,0.86606044,3055149,19.0,93.1274897142857,1,0,0,78.3807888571429,56.234546,21.8760822857143,26.1428571428571,3,,,,,9032,2022-12-04,5300108,Brasilia,DF,2022,49
1669507200000,202248,2.0,2,2,2,0.082212895,0.06546325,0,2,530010820224819684,2023-11-23,Brasília,0,0.36270717,3055149,18.2857142857143,93.988274,1,0,0,79.0060364285714,56.1041121428571,21.3357145714286,25.5714285714286,2,,,,,9032,2022-11-27,5300108,Brasilia,DF,2022,48
1668902400000,202247,5.0,5,5,5,0.48829094,0.16365814,0,2,530010820224719684,2023-11-23,Brasília,0,0.9824264,3055149,18.2857142857143,96.5898705714286,1,0,0,81.2759271428571,61.2429421428571,21.1251727142857,25.0,4,,,,,9032,2022-11-20,5300108,Brasilia,DF,2022,47
1668297600000,202246,7.0,7,7,7,0.7450754,0.2291214,0,2,530010820224619684,2023-11-23,Brasília,0,1.4521726,3055149,18.5714285714286,96.5969728571429,1,0,0,81.6690514285714,57.1657104285714,21.5520188571429,26.7142857142857,4,,,,,9032,2022-11-13,5300108,Brasilia,DF,2022,46
1667692800000,202245,5.0,5,5,5,0.44038624,0.16365814,0,2,530010820224519684,2023-11-23,Brasília,0,0.91473454,3055149,17.5714285714286,92.4072482857143,1,0,0,77.5294514285714,56.1062768571429,21.0367965714286,25.8571428571429,2,,,,,9032,2022-11-06,5300108,Brasilia,DF,2022,45
1667088000000,202244,3.0,3,3,3,0.19356135,0.09819488,0,1,530010820224419684,2023-11-23,Brasília,0,0.5599461,3055149,17.8571428571429,97.4635071428571,1,0,0,79.355244,57.1676717142857,21.0447995714286,25.4285714285714,2,,,,,9032,2022-10-30,5300108,Brasilia,DF,2022,44
1666483200000,202243,7.0,7,7,7,0.79581684,0.2291214,0,1,530010820224319684,2023-11-23,Brasília,0,1.6156281,3055149,18.4285714285714,92.5638954285714,1,0,0,71.6844725714286,52.4301154285714,22.4214288571429,26.7142857142857,6,,,,,9032,2022-10-23,5300108,Brasilia,DF,2022,43
1665878400000,202242,6.0,6,6,6,0.70310956,0.19638976,0,1,530010820224219684,2023-11-23,Brasília,0,1.3774319,3055149,19.2857142857143,66.993991,0,0,0,44.4687085714286,27.5304324285714,24.915796,30.5714285714286,5,,,,,9032,2022-10-16,5300108,Brasilia,DF,2022,42
1665273600000,202241,4.0,4,4,4,0.22303775,0.1309265,0,1,530010820224119684,2023-11-23,Brasília,0,0.63084954,3055149,18.7142857142857,64.3749081428571,0,0,0,46.136526,29.3426358571429,24.6547617142857,30.2857142857143,3,,,,,9032,2022-10-09,5300108,Brasilia,DF,2022,41
1664668800000,202240,2.0,2,2,2,0.017990258,0.06546325,0,1,530010820224019684,2023-11-23,Brasília,0,0.24574861,3055149,19.8571428571429,81.5691865714286,0,0,0,64.9166772857143,45.6374,22.9918831428571,27.0,2,,,,,9032,2022-10-02,5300108,Brasilia,DF,2022,40
1664064000000,202239,7.0,7,7,7,0.3021741,0.2291214,0,1,530010820223919684,2023-11-23,Brasília,0,0.77629423,3055149,18.8571428571429,86.7825357142857,0,0,0,64.6520471428571,42.8540258571429,23.5778388571429,28.0,5,,,,,9032,2022-09-25,5300108,Brasilia,DF,2022,39
1663459200000,202238,10.0,10,10,10,0.4490342,0.32731628,0,1,530010820223819684,2023-11-23,Brasília,0,0.94614166,3055149,19.5714285714286,87.0378442857143,0,0,0,75.3965907142857,57.6158354285714,21.9340491428571,26.0,7,,,,,9032,2022-09-18,5300108,Brasilia,DF,2022,38
1662854400000,202237,7.0,7,7,7,0.11099985,0.2291214,0,1,530010820223719684,2023-11-23,Brasília,0,0.5737838,3055149,17.5714285714286,64.9366548571429,0,0,0,43.0064551428571,26.1892998571429,23.4399585714286,29.4285714285714,4,,,,,9032,2022-09-11,5300108,Brasilia,DF,2022,37
1662249600000,202236,11.0,11,11,11,0.38775554,0.3600479,0,1,530010820223619684,2023-11-23,Brasília,0,0.8904554,3055149,14.4285714285714,67.5492405714286,0,0,0,41.9576865714286,21.892369,22.5362314285714,29.7142857142857,7,,,,,9032,2022-09-04,5300108,Brasilia,DF,2022,36
1661644800000,202235,13.0,13,13,13,0.63001204,0.42551115,0,1,530010820223519684,2023-11-23,Brasília,0,1.1414057,3055149,13.4285714285714,69.280637,0,0,0,49.9762477142857,33.2029888571429,19.3575757142857,25.0,9,,,,,9032,2022-08-28,5300108,Brasilia,DF,2022,35
1661040000000,202234,14.0,14,14,14,0.669598,0.4582428,0,1,530010820223419684,2023-11-23,Brasília,0,1.185631,3055149,13.5714285714286,72.683668,0,0,0,50.569373,33.1938754285714,19.5404452857143,25.1428571428571,9,,,,,9032,2022-08-21,5300108,Brasilia,DF,2022,34
1660435200000,202233,10.0,10,10,10,0.2108944,0.32731628,0,1,530010820223319684,2023-11-23,Brasília,0,0.7222583,3055149,14.8571428571429,73.5639842857143,0,0,0,50.4622805714286,32.8632422857143,20.7673075714286,26.2857142857143,4,,,,,9032,2022-08-14,5300108,Brasilia,DF,2022,33
1659830400000,202232,10.0,10,10,10,0.18566458,0.32731628,0,1,530010820223219684,2023-11-23,Brasília,0,0.6982629,3055149,14.0,74.8994007142857,0,0,0,47.8615458571429,27.7368811428571,21.470238,29.1428571428571,8,,,,,9032,2022-08-07,5300108,Brasilia,DF,2022,32
1659225600000,202231,15.0,15,15,15,0.644448,0.49097443,0,1,530010820223119684,2023-11-23,Brasília,0,1.1478746,3055149,13.4285714285714,76.0803137142857,0,0,0,52.1349268571429,31.9962834285714,19.8380951428571,26.1428571428571,11,,,,,9032,2022-07-31,5300108,Brasilia,DF,2022,31
1658620800000,202230,18.0,18,18,18,0.74701357,0.5891693,0,1,530010820223019684,2023-11-23,Brasília,0,1.2609967,3055149,12.4285714285714,78.6261435714286,0,0,0,54.0497742857143,30.9571408571429,19.095798,26.1428571428571,13,,,,,9032,2022-07-24,5300108,Brasilia,DF,2022,30
1658016000000,202229,9.0,9,9,9,0.051036883,0.29458466,0,1,530010820222919684,2023-11-23,Brasília,0,0.52463365,3055149,12.5714285714286,80.6108865714286,0,0,0,58.6534278571429,39.1537008571429,18.5440477142857,24.5714285714286,7,,,,,9032,2022-07-17,5300108,Brasilia,DF,2022,29
1657411200000,202228,13.0,13,13,13,0.17738041,0.42551115,0,1,530010820222819684,2023-11-23,Brasília,0,0.71911335,3055149,11.0,86.75139,0,0,0,62.5207772857143,38.6839828571429,17.5059522857143,24.1428571428571,10,,,,,9032,2022-07-10,5300108,Brasilia,DF,2022,28
1656806400000,202227,20.0,20,20,20,0.6381675,0.65463257,0,1,530010820222719684,2023-11-23,Brasília,0,1.1204927,3055149,12.1428571428571,82.89579,0,0,0,61.0753394285714,39.6007082857143,18.2591992857143,24.7142857142857,16,,,,,9032,2022-07-03,5300108,Brasilia,DF,2022,27
1656201600000,202226,19.0,19,19,19,0.4848428,0.6219009,0,1,530010820222619684,2023-11-23,Brasília,0,0.9879149,3055149,11.0,85.1387,0,0,0,58.8449532857143,34.3125784285714,18.4954482857143,25.7142857142857,16,,,,,9032,2022-06-26,5300108,Brasilia,DF,2022,26
1655596800000,202225,16.0,16,16,16,0.19110322,0.523706,0,1,530010820222519684,2023-11-23,Brasília,0,0.7523868,3055149,13.2857142857143,82.0726174285714,0,0,0,59.0751315714286,38.3953017142857,19.625,25.4285714285714,16,,,,,9032,2022-06-19,5300108,Brasilia,DF,2022,25
1654992000000,202224,18.0,18,18,18,0.20700793,0.5891693,0,1,530010820222419684,2023-11-23,Brasília,0,0.77646875,3055149,15.0,85.588163,0,0,0,62.9264948571429,40.3096182857143,20.4821425714286,26.7142857142857,8,,,,,9032,2022-06-12,5300108,Brasilia,DF,2022,24
1654387200000,202223,25.0,25,25,25,0.35693792,0.8182907,0,1,530010820222319684,2023-11-23,Brasília,0,0.9045324,3055149,13.5714285714286,85.4172108571429,0,0,0,66.5823192857143,46.0246508571429,18.5127551428571,24.0,18,,,,,9032,2022-06-05,5300108,Brasilia,DF,2022,23
1653782400000,202222,18.0,18,18,18,0.011747567,0.5891693,0,1,530010820222219684,2023-11-23,Brasília,0,0.52816933,3055149,12.1428571428571,81.9714232857143,0,0,0,56.3103858571429,31.9399344285714,19.6437072857143,27.4285714285714,18,,,,,9032,2022-05-29,5300108,Brasilia,DF,2022,22
1653177600000,202221,29.0,29,29,29,0.050218936,0.9492172,0,1,530010820222119684,2023-11-23,Brasília,0,0.67765975,3055149,12.5714285714286,87.08086,0,0,0,61.4327034285714,37.2640028571429,19.1617965714286,25.7142857142857,22,,,,,9032,2022-05-22,5300108,Brasilia,DF,2022,21
1652572800000,202220,33.0,33,33,33,0.023735607,1.0801437,0,1,530010820222019684,2023-11-23,Brasília,0,0.64699733,3055149,11.8571428571429,84.4952805714286,0,0,0,62.9035674285714,36.2579531428571,17.3392857142857,23.8571428571429,29,,,,,9032,2022-05-15,5300108,Brasilia,DF,2022,20
1651968000000,202219,39.0,39,39,39,0.08825448,1.2765335,0,1,530010820221919684,2023-11-23,Brasília,0,0.7529226,3055149,16.1428571428571,89.6756457142857,0,0,0,65.2229281428571,43.6238678571429,21.5833334285714,26.7142857142857,35,,,,,9032,2022-05-08,5300108,Brasilia,DF,2022,19
1651363200000,202218,60.0,60,60,60,0.8703776,1.9638977,0,1,530010820221819684,2023-11-23,Brasília,0,1.2418444,3055149,17.1428571428571,88.1557562857143,1,0,0,67.6145771428571,49.3507055714286,22.2571428571429,27.0,44,,,,,9032,2022-05-01,5300108,Brasilia,DF,2022,18
1650758400000,202217,55.0,55,55,55,0.77070105,1.8002396,0,1,530010820221719684,2023-11-23,Brasília,0,1.1571852,3055149,17.2857142857143,86.0567122857143,0,0,0,66.4426838571429,42.8870952857143,22.236472,27.4285714285714,34,,,,,9032,2022-04-24,5300108,Brasilia,DF,2022,17
1650153600000,202216,43.0,43,43,43,0.3418245,1.40746,0,1,530010820221619684,2023-11-23,Brasília,0,0.9179417,3055149,16.1428571428571,89.7645371428571,0,0,0,64.1034552857143,40.3803115714286,22.3747414285714,28.1428571428571,37,,,,,9032,2022-04-17,5300108,Brasilia,DF,2022,16
1649548800000,202215,48.0,48,48,48,0.72818404,1.5711181,0,1,530010820221519684,2023-11-23,Brasília,0,1.1358615,3055149,19.4285714285714,93.2098842857143,1,0,0,74.8484662857143,50.8316565714286,23.1062924285714,28.4285714285714,36,,,,,9032,2022-04-10,5300108,Brasilia,DF,2022,15
1648944000000,202214,52.0,52,52,52,0.94212174,1.7020446,0,1,530010820221419684,2023-11-23,Brasília,0,1.396146,3055149,17.2857142857143,87.3265614285714,0,0,0,63.44131,44.125536,23.2321428571429,28.4285714285714,45,,,,,9032,2022-04-03,5300108,Brasilia,DF,2022,14
1648339200000,202213,42.0,42,42,42,0.7972303,1.3747283,0,1,530010820221319684,2023-11-23,Brasília,0,1.2083629,3055149,18.4285714285714,84.3402228571429,0,0,0,59.8388778571429,36.4468214285714,24.3579401428571,30.0,37,,,,,9032,2022-03-27,5300108,Brasilia,DF,2022,13
1647734400000,202212,34.0,34,34,34,0.5951841,1.1128753,0,2,530010820221219684,2023-11-23,Brasília,0,1.060691,3055149,18.0,90.6027648571429,1,0,0,66.8086637142857,43.0196412857143,23.4200681428571,28.8571428571429,27,,,,,9032,2022-03-20,5300108,Brasilia,DF,2022,12
1647129600000,202211,36.0,36,36,36,0.8183129,1.1783386,0,2,530010820221119684,2023-11-23,Brasília,0,1.2525561,3055149,19.7142857142857,96.6082785714286,1,0,0,79.7926615714286,57.9405338571429,22.5005102857143,26.7142857142857,30,,,,,9032,2022-03-13,5300108,Brasilia,DF,2022,11
1646524800000,202210,35.0,35,35,35,0.8432921,1.145607,0,2,530010820221019684,2023-11-23,Brasília,0,1.2906122,3055149,18.7142857142857,88.2747214285714,1,0,0,68.221165,45.3070775714286,23.2678571428571,28.2857142857143,27,,,,,9032,2022-03-06,5300108,Brasilia,DF,2022,10
1645920000000,202209,24.0,24,24,24,0.45211524,0.78555906,0,2,530010820220919684,2023-11-23,Brasília,0,0.9664317,3055149,17.8571428571429,91.4735677142857,1,0,0,72.9869754285714,47.0274331428571,22.3637684285714,28.0,18,,,,,9032,2022-02-27,5300108,Brasilia,DF,2022,9
1645315200000,202208,30.0,30,30,30,0.88601995,0.98194885,0,2,530010820220819684,2023-11-23,Brasília,0,1.3990389,3055149,18.8571428571429,95.6832957142857,1,0,0,77.1322252857143,54.3417425714286,22.6666665714286,27.2857142857143,28,,,,,9032,2022-02-20,5300108,Brasilia,DF,2022,8
1644710400000,202207,26.0,26,26,26,0.841649,0.8510223,0,2,530010820220719684,2023-11-23,Brasília,0,1.3448521,3055149,19.0,98.3242914285714,1,0,0,85.8533042857143,64.1374115714286,21.3015871428571,25.2857142857143,20,,,,,9032,2022-02-13,5300108,Brasilia,DF,2022,7
1644105600000,202206,20.0,20,20,20,0.62303835,0.65463257,0,2,530010820220619684,2023-11-23,Brasília,0,1.1057694,3055149,19.5714285714286,94.1018757142857,1,0,0,81.1187141428571,61.4136694285714,21.8537782857143,25.1428571428571,18,,,,,9032,2022-02-06,5300108,Brasilia,DF,2022,6
1643500800000,202205,18.0,18,18,18,0.6499781,0.5891693,0,1,530010820220519684,2023-11-23,Brasília,0,1.1400411,3055149,19.2857142857143,94.0717157142857,1,0,0,76.8378707142857,55.116085,22.8452382857143,27.4285714285714,15,,,,,9032,2022-01-30,5300108,Brasilia,DF,2022,5
1642896000000,202204,21.0,21,21,21,0.9395351,0.68736416,0,1,530010820220419684,2023-11-23,Brasília,0,1.7174708,3055149,19.2857142857143,88.4009338571429,1,0,0,68.8524324285714,42.3662232857143,23.329365,27.7142857142857,18,,,,,9032,2022-01-23,5300108,Brasilia,DF,2022,4
1642291200000,202203,14.0,14,14,14,0.9365999,0.4582428,0,1,530010820220319684,2023-11-23,Brasília,0,1.9503905,3055149,19.0,84.439927,0,0,0,60.8991127142857,38.1223407142857,24.0661762857143,28.8571428571429,13,,,,,9032,2022-01-16,5300108,Brasilia,DF,2022,3
1641686400000,202202,16.0,16,16,16,0.99897754,0.523706,0,2,530010820220219684,2023-11-23,Brasília,0,4.791941,3055149,18.2857142857143,95.7747814285714,1,0,0,81.8159628571428,62.0994928571429,21.529762,25.4285714285714,13,,,,,9032,2022-01-09,5300108,Brasilia,DF,2022,2
1641081600000,202201,5.0,5,5,5,0.86459273,0.16365814,0,2,530010820220119684,2023-11-23,Brasília,0,2.2246823,3055149,19.4285714285714,97.4365414285714,1,0,0,84.7637071428571,65.0754605714286,21.9415975714286,25.7142857142857,4,,,,,9032,2022-01-02,5300108,Brasilia,DF,2022,1
1640476800000,202152,2.0,2,2,2,0.36478263,0.06546325,0,2,530010820215219684,2023-11-23,Brasília,0,0.7457057,3055149,19.2857142857143,96.5631842857143,1,0,0,83.1031221428571,64.7107498571429,21.7639754285714,24.8571428571429,2,,,,,9032,2021-12-26,5300108,Brasilia,DF,2021,52
1639872000000,202151,1.0,1,1,1,0.105039366,0.032731626,0,2,530010820215119684,2023-11-23,Brasília,0,0.30759785,3055149,19.2857142857143,99.1455371428571,1,0,0,83.8618135714286,60.7938734285714,22.1863351428571,26.2857142857143,1,,,,,9032,2021-12-19,5300108,Brasilia,DF,2021,51
1639267200000,202150,4.0,4,4,4,0.41180757,0.1309265,0,2,530010820215019684,2023-11-23,Brasília,0,0.8652249,3055149,19.5714285714286,98.2847528571429,1,0,0,83.3876711428571,61.1714955714286,22.3749294285714,26.7142857142857,4,,,,,9032,2021-12-12,5300108,Brasilia,DF,2021,50
1638662400000,202149,2.0,2,2,2,0.057824392,0.06546325,0,2,530010820214919684,2023-11-23,Brasília,0,0.3259131,3055149,19.2857142857143,96.5631842857143,1,0,0,80.2377128571429,55.6742594285714,22.5274328571429,27.2857142857143,2,,,,,9032,2021-12-05,5300108,Brasilia,DF,2021,49
1638057600000,202148,4.0,4,4,4,0.2697989,0.1309265,0,2,530010820214819684,2023-11-23,Brasília,0,0.6852778,3055149,19.4285714285714,96.6515714285714,1,0,0,81.5217685714286,56.1278164285714,22.835686,27.1428571428571,1,,,,,9032,2021-11-28,5300108,Brasilia,DF,2021,48
1637452800000,202147,8.0,8,8,8,0.8784086,0.261853,0,2,530010820214719684,2023-11-23,Brasília,0,1.9435604,3055149,19.1428571428571,95.8185,1,0,0,71.9879885714286,45.4034822857143,23.8032182857143,29.1428571428571,7,,,,,9032,2021-11-21,5300108,Brasilia,DF,2021,47
1636848000000,202146,7.0,7,7,7,0.92846024,0.2291214,0,2,530010820214619684,2023-11-23,Brasília,0,2.5748627,3055149,18.8571428571429,99.1392157142857,1,0,0,86.6335664285714,67.6370247142857,21.0626762857143,24.5714285714286,7,,,,,9032,2021-11-14,5300108,Brasilia,DF,2021,46
1636243200000,202145,3.0,3,3,3,0.6490351,0.09819488,0,1,530010820214519684,2023-11-23,Brasília,0,1.3651568,3055149,19.7142857142857,96.5695057142857,1,0,0,83.8560065714286,63.9031078571429,21.916996,25.7142857142857,2,,,,,9032,2021-11-07,5300108,Brasilia,DF,2021,45
1635638400000,202144,3.0,3,3,3,0.5686871,0.09819488,0,1,530010820214419684,2023-11-23,Brasília,0,1.1452118,3055149,19.1428571428571,94.9049228571429,1,0,0,79.0485935714286,57.034604,22.2845851428571,26.5714285714286,1,,,,,9032,2021-10-31,5300108,Brasilia,DF,2021,44
1635033600000,202143,1.0,1,1,1,0.08941104,0.032731626,0,1,530010820214319684,2023-11-23,Brasília,0,0.28707558,3055149,19.7142857142857,87.2303314285714,0,0,0,65.7627388571429,42.7663114285714,24.1959345714286,29.7142857142857,1,,,,,9032,2021-10-24,5300108,Brasilia,DF,2021,43
1634428800000,202142,3.0,3,3,3,0.2891442,0.09819488,0,1,530010820214219684,2023-11-23,Brasília,0,0.6778441,3055149,19.1428571428571,92.4420505714286,1,0,0,72.9548801428571,49.7485974285714,23.406469,28.4285714285714,3,,,,,9032,2021-10-17,5300108,Brasilia,DF,2021,42
1633824000000,202141,3.0,3,3,3,0.2321101,0.09819488,0,1,530010820214119684,2023-11-23,Brasília,0,0.60677016,3055149,19.5714285714286,93.2596742857143,1,0,0,73.6615957142857,49.1899128571429,23.391634,28.8571428571429,2,,,,,9032,2021-10-10,5300108,Brasilia,DF,2021,41
1633219200000,202140,5.0,5,5,5,0.55660975,0.16365814,0,1,530010820214019684,2023-11-23,Brasília,0,1.0920991,3055149,20.0,76.1088971428571,0,0,0,50.1387944285714,26.7316421428571,26.4464288571429,33.0,5,,,,,9032,2021-10-03,5300108,Brasilia,DF,2021,40
1632614400000,202139,5.0,5,5,5,0.69797707,0.16365814,0,1,530010820213919684,2023-11-23,Brasília,0,1.4046242,3055149,19.1428571428571,78.4010768571429,0,0,0,55.5234057142857,34.1598694285714,24.5157865714286,30.2857142857143,4,,,,,9032,2021-09-26,5300108,Brasilia,DF,2021,39
1632009600000,202138,6.0,6,6,6,0.8674345,0.19638976,0,1,530010820213819684,2023-11-23,Brasília,0,2.086743,3055149,18.1428571428571,66.7016934285714,0,0,0,42.6825678571429,24.1409134285714,25.714286,33.0,6,,,,,9032,2021-09-19,5300108,Brasilia,DF,2021,38
1631404800000,202137,2.0,2,2,2,0.37603047,0.06546325,0,1,530010820213719684,2023-11-23,Brasília,0,0.76379484,3055149,16.1428571428571,59.2610882857143,0,0,0,34.514394,17.1883684285714,24.92029,32.1428571428571,2,,,,,9032,2021-09-12,5300108,Brasilia,DF,2021,37
1630800000000,202136,4.0,4,4,4,0.6626326,0.1309265,0,1,530010820213619684,2023-11-23,Brasília,0,1.3512311,3055149,16.5714285714286,64.8095248571429,0,0,0,37.2584027142857,17.8000632857143,25.5155277142857,33.4285714285714,4,,,,,9032,2021-09-05,5300108,Brasilia,DF,2021,36
1630195200000,202135,1.0,1,1,1,0.109381765,0.032731626,0,1,530010820213519684,2023-11-23,Brasília,0,0.31322867,3055149,15.7142857142857,73.0531564285714,0,0,0,49.6873562857143,28.6732232857143,22.1380345714286,28.7142857142857,0,,,,,9032,2021-08-29,5300108,Brasilia,DF,2021,35
1629590400000,202134,4.0,4,4,4,0.573882,0.1309265,0,1,530010820213419684,2023-11-23,Brasília,0,1.1372387,3055149,14.2857142857143,71.4570802857143,0,0,0,44.6969774285714,24.613081,22.5527948571429,30.0,3,,,,,9032,2021-08-22,5300108,Brasilia,DF,2021,34
1628985600000,202133,3.0,3,3,3,0.26732004,0.09819488,0,1,530010820213319684,2023-11-23,Brasília,0,0.65025866,3055149,12.7142857142857,74.385162,0,0,0,46.1761064285714,26.1762268571429,20.7950314285714,27.8571428571429,3,,,,,9032,2021-08-15,5300108,Brasilia,DF,2021,33
1628380800000,202132,3.0,3,3,3,0.12345287,0.09819488,0,1,530010820213219684,2023-11-23,Brasília,0,0.47340423,3055149,12.1428571428571,79.8900945714286,0,0,0,50.8448611428571,27.7660268571429,20.2732914285714,27.5714285714286,2,,,,,9032,2021-08-08,5300108,Brasilia,DF,2021,32
1627776000000,202131,4.0,4,4,4,0.10825966,0.1309265,0,1,530010820213119684,2023-11-23,Brasília,0,0.49349484,3055149,13.5714285714286,76.406646,0,0,0,55.1886467142857,36.0426724285714,19.2289665714286,24.7142857142857,3,,,,,9032,2021-08-01,5300108,Brasilia,DF,2021,31
1627171200000,202130,7.0,7,7,7,0.32363522,0.2291214,0,1,530010820213019684,2023-11-23,Brasília,0,0.7984369,3055149,10.5714285714286,75.366805,0,0,0,49.8458544285714,31.1257135714286,18.7826088571429,26.7142857142857,7,,,,,9032,2021-07-25,5300108,Brasilia,DF,2021,30
1626566400000,202129,7.0,7,7,7,0.39348614,0.2291214,0,1,530010820212919684,2023-11-23,Brasília,0,0.87303376,3055149,12.7142857142857,74.9124467142857,0,0,0,51.354167,31.2764212857143,19.6708077142857,26.2857142857143,5,,,,,9032,2021-07-18,5300108,Brasilia,DF,2021,29
1625961600000,202128,13.0,13,13,13,0.8017512,0.42551115,0,1,530010820212819684,2023-11-23,Brasília,0,1.4285878,3055149,10.1428571428571,84.1847835714286,0,0,0,56.1268215714286,31.4361722857143,18.5222565714286,26.1428571428571,7,,,,,9032,2021-07-11,5300108,Brasilia,DF,2021,28
1625356800000,202127,4.0,4,4,4,0.017938264,0.1309265,0,1,530010820212719684,2023-11-23,Brasília,0,0.33447272,3055149,9.28571428571429,84.98449,0,0,0,55.942113,29.4734464285714,17.5155282857143,25.2857142857143,4,,,,,9032,2021-07-04,5300108,Brasilia,DF,2021,27
1624752000000,202126,9.0,9,9,9,0.13367034,0.29458466,0,1,530010820212619684,2023-11-23,Brasília,0,0.63264984,3055149,10.8571428571429,83.5715771428571,0,0,0,59.7952774285714,37.5027352857143,17.5344437142857,24.1428571428571,8,,,,,9032,2021-06-27,5300108,Brasilia,DF,2021,26
1624147200000,202125,12.0,12,12,12,0.32377797,0.39277953,0,1,530010820212519684,2023-11-23,Brasília,0,0.8387979,3055149,13.0,87.7259265714286,0,0,0,60.1422724285714,32.6517378571429,19.931112,26.8571428571429,11,,,,,9032,2021-06-20,5300108,Brasilia,DF,2021,25
1623542400000,202124,16.0,16,16,16,0.60093886,0.523706,0,1,530010820212419684,2023-11-23,Brasília,0,1.0955561,3055149,14.2857142857143,86.6938714285714,0,0,0,64.0337278571428,43.005393,19.9184782857143,25.2857142857143,11,,,,,9032,2021-06-13,5300108,Brasilia,DF,2021,24
1622937600000,202123,16.0,16,16,16,0.38115194,0.523706,0,1,530010820212319684,2023-11-23,Brasília,0,0.9021869,3055149,15.0,88.7808271428571,0,0,0,67.8732564285714,45.2684524285714,20.0833335714286,25.8571428571429,13,,,,,9032,2021-06-06,5300108,Brasilia,DF,2021,23
1622332800000,202122,9.0,9,9,9,0.0133563485,0.29458466,0,1,530010820212219684,2023-11-23,Brasília,0,0.43389788,3055149,14.0,87.9087857142857,0,0,0,63.6846164285714,37.631327,20.5736282857143,27.2857142857143,5,,,,,9032,2021-05-30,5300108,Brasilia,DF,2021,22
1621728000000,202121,21.0,21,21,21,0.51626325,0.68736416,0,1,530010820212119684,2023-11-23,Brasília,0,1.0125762,3055149,16.7142857142857,92.2280257142857,0,0,0,67.7113187142857,42.8719665714286,22.375,28.4285714285714,14,,,,,9032,2021-05-23,5300108,Brasilia,DF,2021,21
1621123200000,202120,20.0,20,20,20,0.728117,0.65463257,0,1,530010820212019684,2023-11-23,Brasília,0,1.2207873,3055149,13.0,91.2107414285714,0,0,0,62.314748,35.1850972857143,20.4761905714286,27.1428571428571,14,,,,,9032,2021-05-16,5300108,Brasilia,DF,2021,20
1620518400000,202119,26.0,26,26,26,0.994118,0.8510223,0,1,530010820211919684,2023-11-23,Brasília,0,2.3503108,3055149,14.1428571428571,88.6733928571429,0,0,0,64.3450831428571,41.1646547142857,20.125,25.7142857142857,18,,,,,9032,2021-05-09,5300108,Brasilia,DF,2021,19
1619913600000,202118,16.0,16,16,16,0.9590911,0.523706,0,1,530010820211819684,2023-11-23,Brasília,0,2.0620713,3055149,14.5714285714286,88.9441585714286,0,0,0,67.5060581428571,42.5059274285714,20.4880954285714,26.1428571428571,12,,,,,9032,2021-05-02,5300108,Brasilia,DF,2021,18
1619308800000,202117,9.0,9,9,9,0.7275755,0.29458466,0,1,530010820211719684,2023-11-23,Brasília,0,1.3490974,3055149,17.5714285714286,95.7048842857143,1,0,0,77.3551394285714,54.2797311428571,21.5520185714286,25.8571428571429,5,,,,,9032,2021-04-25,5300108,Brasilia,DF,2021,17
1618704000000,202116,8.0,8,8,8,0.64889276,0.261853,0,1,530010820211619684,2023-11-23,Brasília,0,1.2153226,3055149,15.2857142857143,93.89014,0,0,0,73.4630407142857,50.37927,19.9399095714286,25.1428571428571,5,,,,,9032,2021-04-18,5300108,Brasilia,DF,2021,16
1618099200000,202115,4.0,4,4,4,0.32409176,0.1309265,0,1,530010820211519684,2023-11-23,Brasília,0,0.75052524,3055149,16.2857142857143,89.7070257142857,0,0,0,67.434619,43.7768872857143,21.7261905714286,27.2857142857143,4,,,,,9032,2021-04-11,5300108,Brasilia,DF,2021,15
1617494400000,202114,10.0,10,10,10,0.9585058,0.32731628,0,1,530010820211419684,2023-11-23,Brasília,0,2.5892234,3055149,18.2857142857143,94.8571971428571,1,0,0,79.5558544285714,59.3112671428571,21.1607142857143,25.2857142857143,4,,,,,9032,2021-04-04,5300108,Brasilia,DF,2021,14
1616889600000,202113,4.0,4,4,4,0.61542636,0.1309265,0,1,530010820211319684,2023-11-23,Brasília,0,1.2289381,3055149,17.7142857142857,89.8154948571429,1,0,0,64.6507262857143,40.2301368571429,23.504348,29.4285714285714,1,,,,,9032,2021-03-28,5300108,Brasilia,DF,2021,13
1616284800000,202112,4.0,4,4,4,0.6469367,0.1309265,0,1,530010820211219684,2023-11-23,Brasília,0,1.3080424,3055149,16.4285714285714,88.9287742857143,0,0,0,63.8930594285714,38.4806095714286,22.3869045714286,28.1428571428571,2,,,,,9032,2021-03-21,5300108,Brasilia,DF,2021,12
1615680000000,202111,2.0,2,2,2,0.42313793,0.06546325,0,2,530010820211119684,2023-11-23,Brasília,0,0.8447156,3055149,19.2857142857143,96.54408,1,0,0,81.2212574285714,61.589928,21.7251725714286,25.2857142857143,1,,,,,9032,2021-03-14,5300108,Brasilia,DF,2021,11
1615075200000,202110,5.0,5,5,5,0.8795954,0.16365814,0,2,530010820211019684,2023-11-23,Brasília,0,2.3723903,3055149,19.4285714285714,94.0377471428571,1,0,0,80.3793621428571,57.9639117142857,21.9704968571429,26.4285714285714,3,,,,,9032,2021-03-07,5300108,Brasilia,DF,2021,10
1614470400000,202109,1.0,1,1,1,0.21801099,0.032731626,0,2,530010820210919684,2023-11-23,Brasília,0,0.45505694,3055149,18.2857142857143,93.20218,1,0,0,76.8389297142857,60.481756,21.7889851428571,25.4285714285714,1,,,,,9032,2021-02-28,5300108,Brasilia,DF,2021,9
1613865600000,202108,2.0,2,2,2,0.44305366,0.06546325,0,2,530010820210819684,2023-11-23,Brasília,0,0.8818302,3055149,19.0,95.7024,1,0,0,85.4754722857143,68.6904364285714,21.0818558571429,24.8571428571429,0,,,,,9032,2021-02-21,5300108,Brasilia,DF,2021,8
1613260800000,202107,3.0,3,3,3,0.6093019,0.09819488,0,2,530010820210719684,2023-11-23,Brasília,0,1.2478901,3055149,19.8571428571429,97.43029,1,0,0,87.0259122857143,67.941441,21.5729814285714,25.7142857142857,1,,,,,9032,2021-02-14,5300108,Brasilia,DF,2021,7
1612656000000,202106,1.0,1,1,1,0.22375233,0.032731626,0,1,530010820210619684,2023-11-23,Brasília,0,0.46295753,3055149,18.8571428571429,95.7417291428571,1,0,0,84.8033824285714,67.4999421428571,21.139234,25.1428571428571,0,,,,,9032,2021-02-07,5300108,Brasilia,DF,2021,6
1612051200000,202105,4.0,4,4,4,0.83877313,0.1309265,0,1,530010820210519684,2023-11-23,Brasília,0,2.2015798,3055149,19.7142857142857,90.0852285714286,1,0,0,74.4659757142857,54.7082732857143,23.2533314285714,27.5714285714286,4,,,,,9032,2021-01-31,5300108,Brasilia,DF,2021,5
1611446400000,202104,1.0,1,1,1,0.35085428,0.032731626,0,1,530010820210419684,2023-11-23,Brasília,0,0.66178876,3055149,18.2857142857143,84.5731074285714,0,0,0,63.7151582857143,43.7780817142857,23.1924601428571,28.1428571428571,0,,,,,9032,2021-01-24,5300108,Brasilia,DF,2021,4
1610841600000,202103,3.0,3,3,3,0.79582447,0.09819488,0,1,530010820210319684,2023-11-23,Brasília,0,2.0834403,3055149,17.8571428571429,91.6025291428571,1,0,0,65.5975597142857,43.1606454285714,23.3387445714286,28.1428571428571,1,,,,,9032,2021-01-17,5300108,Brasilia,DF,2021,3
1610236800000,202102,0.0,0,0,0,0.0,0.0,0,1,530010820210219684,2023-11-23,Brasília,0,0.0,3055149,19.5714285714286,96.5695057142857,0,0,0,81.7848205714286,60.8395625714286,22.154729,26.5714285714286,1,,,,,9032,2021-01-10,5300108,Brasilia,DF,2021,2
1609632000000,202101,3.0,3,3,3,0.6378075,0.09819488,0,1,530010820210119684,2023-11-23,Brasília,0,1.3300383,3055149,19.1428571428571,91.5289014285714,1,0,0,73.1375412857143,47.3362918571429,23.405538,28.7142857142857,2,,,,,9032,2021-01-03,5300108,Brasilia,DF,2021,1
1609027200000,202053,3.0,3,3,3,0.2707436,0.09819488,0,2,530010820205319589,2023-08-20,Brasília,0,0.6545487,3055149,19.0,88.269605,1,0,0,70.346973,43.828385,22.625,29.0,0,,,,,9032,2020-12-27,5300108,Brasilia,DF,2020,53
1608422400000,202052,3.0,3,3,3,0.24637526,0.09819488,0,2,530010820205219589,2023-08-20,Brasília,0,0.62426716,3055149,19.08,89.18544416,1,0,0,,,,,0,,,,,9032,2020-12-20,5300108,Brasilia,DF,2020,52
1607817600000,202051,6.0,6,6,6,0.6694542,0.19638976,0,2,530010820205119589,2023-08-20,Brasília,0,1.2963554,3055149,19.16,90.10128332,1,0,0,,,,,1,,,,,9032,2020-12-13,5300108,Brasilia,DF,2020,51
1607212800000,202050,4.0,4,4,4,0.3963207,0.1309265,0,2,530010820205019589,2023-08-20,Brasília,0,0.843854,3055149,19.24,91.01712248,1,0,0,,,,,2,,,,,9032,2020-12-06,5300108,Brasilia,DF,2020,50
1606608000000,202049,6.0,6,6,6,0.54081756,0.19638976,0,2,530010820204919589,2023-08-20,Brasília,0,1.0596253,3055149,19.32,91.93296164,1,0,0,,,,,3,,,,,9032,2020-11-29,5300108,Brasilia,DF,2020,49
1606003200000,202048,2.0,2,2,2,0.071157895,0.06546325,0,2,530010820204819589,2023-08-20,Brasília,0,0.34656537,3055149,19.4,92.8488008,1,0,0,76.536782,55.6382074,22.6426876,26.8,0,,,,,9032,2020-11-22,5300108,Brasilia,DF,2020,48
1605398400000,202047,8.0,8,8,8,0.7178115,0.261853,0,2,530010820204719589,2023-08-20,Brasília,0,1.3517928,3055149,19.7142857142857,94.98075,1,0,0,78.051455,56.0577165714286,23.4233951428571,28.1428571428571,1,,,,,9032,2020-11-15,5300108,Brasilia,DF,2020,47
1604793600000,202046,6.0,6,6,6,0.45961162,0.19638976,0,2,530010820204619589,2023-08-20,Brasília,0,0.94571936,3055149,20.1666666666667,90.4472266666667,1,0,0,74.2262956666667,48.799564,23.8993466666667,29.1666666666667,5,,,,,9032,2020-11-08,5300108,Brasilia,DF,2020,46
1604188800000,202045,3.0,3,3,3,0.22847654,0.09819488,0,2,530010820204519589,2023-08-20,Brasília,0,0.602334,3055149,19.2857142857143,94.8811542857143,1,0,0,76.4401137142857,49.5668171428571,23.0226568571429,28.4285714285714,1,,,,,9032,2020-11-01,5300108,Brasilia,DF,2020,45
1603584000000,202044,11.0,11,11,11,0.97740084,0.3600479,0,1,530010820204419589,2023-08-20,Brasília,0,2.9577687,3055149,20.5714285714286,93.2780757142857,1,0,0,78.1103414285714,56.511382,23.3482968571429,27.5714285714286,0,,,,,9032,2020-10-25,5300108,Brasilia,DF,2020,44
1602979200000,202043,3.0,3,3,3,0.38739842,0.09819488,0,1,530010820204319589,2023-08-20,Brasília,0,0.81204736,3055149,19.8571428571429,94.16264,1,0,0,80.1241831428571,61.2628961428571,22.5866742857143,26.5714285714286,1,,,,,9032,2020-10-18,5300108,Brasilia,DF,2020,43
1602374400000,202042,3.0,3,3,3,0.34009245,0.09819488,0,1,530010820204219589,2023-08-20,Brasília,0,0.7449973,3055149,20.0,86.1631828571429,0,0,0,64.3453175714286,39.6213817142857,24.7814791428571,30.7142857142857,3,,,,,9032,2020-10-11,5300108,Brasilia,DF,2020,42
1601769600000,202041,4.0,4,4,4,0.448212,0.1309265,0,1,530010820204119589,2023-08-20,Brasília,0,0.9178891,3055149,20.1428571428571,62.5708698571429,0,0,0,36.8508507142857,17.996575,28.0147517142857,35.7142857142857,2,,,,,9032,2020-10-04,5300108,Brasilia,DF,2020,41
1601164800000,202040,4.0,4,4,4,0.45636532,0.1309265,0,1,530010820204019589,2023-08-20,Brasília,0,0.93020844,3055149,17.2857142857143,65.7091887142857,0,0,0,39.3952008571429,19.7423272857143,25.8045065714286,33.7142857142857,3,,,,,9032,2020-09-27,5300108,Brasilia,DF,2020,40
1600560000000,202039,4.0,4,4,4,0.542014,0.1309265,0,1,530010820203919589,2023-08-20,Brasília,0,1.0745834,3055149,18.1428571428571,85.2838851428571,0,0,0,60.7414517142857,36.3818038571429,23.8338508571429,30.0,3,,,,,9032,2020-09-20,5300108,Brasilia,DF,2020,39
1599955200000,202038,6.0,6,6,6,0.76039404,0.19638976,0,1,530010820203819589,2023-08-20,Brasília,0,1.5469537,3055149,17.5714285714286,62.0121022857143,0,0,0,39.6025677142857,22.710204,24.7060042857143,31.1428571428571,0,,,,,9032,2020-09-13,5300108,Brasilia,DF,2020,38
1599350400000,202037,2.0,2,2,2,0.1069947,0.06546325,0,1,530010820203719589,2023-08-20,Brasília,0,0.39682895,3055149,14.5714285714286,72.0561828571429,0,0,0,42.6524082857143,21.5614704285714,23.5127751428571,31.2857142857143,1,,,,,9032,2020-09-06,5300108,Brasilia,DF,2020,37
1598745600000,202036,4.0,4,4,4,0.010007082,0.1309265,0,1,530010820203619589,2023-08-20,Brasília,0,0.30488646,3055149,14.7142857142857,71.5903858571429,0,0,0,45.7134751428571,25.652764,22.6461977142857,29.8571428571429,2,,,,,9032,2020-08-30,5300108,Brasilia,DF,2020,36
1598140800000,202035,5.0,5,5,5,0.0,0.16365814,0,1,530010820203519589,2023-08-20,Brasília,0,0.09698199,3055149,13.4285714285714,77.2957211428571,0,0,0,51.4758597142857,26.6237167142857,21.028468,28.8571428571429,4,,,,,9032,2020-08-23,5300108,Brasilia,DF,2020,35
1597536000000,202034,4.0,4,4,4,0.0,0.1309265,0,1,530010820203419589,2023-08-20,Brasília,0,0.03207495,3055149,16.1428571428571,81.0905214285714,0,0,0,53.2130517142857,31.3650547142857,23.8683888571429,30.7142857142857,4,,,,,9032,2020-08-16,5300108,Brasilia,DF,2020,34
1596931200000,202033,7.0,7,7,7,0.0,0.2291214,0,1,530010820203319589,2023-08-20,Brasília,0,0.046859223,3055149,14.0,80.6486957142857,0,0,0,53.8767831428571,30.1924594285714,21.3943391428571,28.4285714285714,1,,,,,9032,2020-08-09,5300108,Brasilia,DF,2020,33
1596326400000,202032,132.0,132,132,132,0.99976885,4.3205748,0,1,530010820203219589,2023-08-20,Brasília,0,1.6253116,3055149,13.2857142857143,77.6079342857143,0,1,1,57.4005497142857,37.3312118571429,18.6803834285714,24.4285714285714,2,,,,,9032,2020-08-02,5300108,Brasilia,DF,2020,32
1595721600000,202031,288.0,288,288,288,1.0,9.426709,0,1,530010820203119589,2023-08-20,Brasília,0,14.096348,3055149,13.5714285714286,85.3140458571429,0,1,1,57.982508,32.3109621428571,20.4030982857143,27.0,2,,,,,9032,2020-07-26,5300108,Brasilia,DF,2020,31
1595116800000,202030,8.0,8,8,8,0.7403565,0.261853,0,1,530010820203019589,2023-08-20,Brasília,0,1.4051224,3055149,11.4285714285714,90.687838,0,0,0,60.0307062857143,35.8624102857143,19.3062768571429,26.1428571428571,5,,,,,9032,2020-07-19,5300108,Brasilia,DF,2020,30
1594512000000,202029,4.0,4,4,4,0.02293931,0.1309265,0,1,530010820202919589,2023-08-20,Brasília,0,0.3490425,3055149,11.4285714285714,85.074415,0,0,0,56.5115657142857,29.6686241428571,19.3206994285714,27.1428571428571,3,,,,,9032,2020-07-12,5300108,Brasilia,DF,2020,29
1593907200000,202028,4.0,4,4,4,2.72075e-05,0.1309265,0,1,530010820202819589,2023-08-20,Brasília,0,0.16786882,3055149,12.5714285714286,88.6165742857143,0,0,0,64.1549684285714,36.1689917142857,19.1090455714286,26.1428571428571,5,,,,,9032,2020-07-05,5300108,Brasilia,DF,2020,28
1593302400000,202027,5.0,5,5,5,6.15e-08,0.16365814,0,1,530010820202719589,2023-08-20,Brasília,0,0.13626201,3055149,12.75,87.7548365,0,0,0,65.10611175,41.28447925,19.39533525,26.25,2,,,,,9032,2020-06-28,5300108,Brasilia,DF,2020,27
1592697600000,202026,24.0,24,24,24,0.006722562,0.78555906,0,1,530010820202619589,2023-08-20,Brasília,0,0.54396147,3055149,12.25,92.130341,0,0,0,69.42213875,42.09459375,18.24442575,26.5,0,,,,,9032,2020-06-21,5300108,Brasilia,DF,2020,26
1592092800000,202025,42.0,42,42,42,0.37370455,1.3747283,0,1,530010820202519589,2023-08-20,Brasília,0,0.9335596,3055149,16.0,86.82093,0,0,0,73.9081525,52.2088125,19.16789625,24.0,1,,,,,9032,2020-06-14,5300108,Brasilia,DF,2020,25
1591488000000,202024,45.0,45,45,45,0.63129646,1.4729233,0,1,530010820202419589,2023-08-20,Brasília,0,1.0742441,3055149,14.1666666666667,93.803185,0,0,0,69.6592866666667,40.215806,20.402778,27.3333333333333,7,,,,,9032,2020-06-07,5300108,Brasilia,DF,2020,24
1590883200000,202023,52.0,52,52,52,0.8330541,1.7020446,0,1,530010820202319589,2023-08-20,Brasília,0,1.2192775,3055149,13.8571428571429,93.724342,0,0,0,70.5141934285714,43.6918814285714,20.6309522857143,27.5714285714286,3,,,,,9032,2020-05-31,5300108,Brasilia,DF,2020,23
1590278400000,202022,36.0,36,36,36,0.07297398,1.1783386,0,1,530010820202219589,2023-08-20,Brasília,0,0.72965604,3055149,13.5714285714286,92.0528768571429,0,0,0,69.9062687142857,42.2619901428571,19.6904765714286,26.2857142857143,8,,,,,9032,2020-05-24,5300108,Brasilia,DF,2020,22
1589673600000,202021,40.0,40,40,40,0.062212188,1.3092651,0,1,530010820202119589,2023-08-20,Brasília,0,0.72901905,3055149,16.8571428571429,94.7384354285714,0,0,0,77.6645612857143,56.1353478571429,21.2797622857143,26.1428571428571,5,,,,,9032,2020-05-17,5300108,Brasilia,DF,2020,21
1589068800000,202020,47.0,47,47,47,0.31193373,1.5383865,0,1,530010820202019589,2023-08-20,Brasília,0,0.9063899,3055149,15.5714285714286,95.54601,0,0,0,77.5833255714286,54.4287637142857,20.295238,26.0,2,,,,,9032,2020-05-10,5300108,Brasilia,DF,2020,20
1588464000000,202019,66.0,66,66,66,0.97022986,2.1602874,0,1,530010820201919589,2023-08-20,Brasília,0,1.429451,3055149,16.1428571428571,90.4847614285714,0,0,0,71.2979182857143,47.779535,21.1130954285714,26.4285714285714,14,,,,,9032,2020-05-03,5300108,Brasilia,DF,2020,19
1587859200000,202018,52.0,52,52,52,0.78748894,1.7020446,0,1,530010820201819589,2023-08-20,Brasília,0,1.1761166,3055149,15.2857142857143,93.7856005714286,0,0,0,70.0920012857143,44.7584124285714,21.1964285714286,27.0,4,,,,,9032,2020-04-26,5300108,Brasilia,DF,2020,18
1587254400000,202017,41.0,41,41,41,0.37659878,1.3419968,0,2,530010820201719589,2023-08-20,Brasília,0,0.934316,3055149,19.8571428571429,94.9427114285714,1,0,0,84.919722,68.5638907142857,22.0238094285714,25.4285714285714,4,,,,,9032,2020-04-19,5300108,Brasilia,DF,2020,17
1586649600000,202016,46.0,46,46,46,0.69441736,1.5056549,0,2,530010820201619589,2023-08-20,Brasília,0,1.1144971,3055149,19.8571428571429,94.9302085714286,1,0,0,82.8242042857143,64.168793,22.5357142857143,26.2857142857143,4,,,,,9032,2020-04-12,5300108,Brasilia,DF,2020,16
1586044800000,202015,43.0,43,43,43,0.756625,1.40746,0,2,530010820201519589,2023-08-20,Brasília,0,1.1677846,3055149,20.7142857142857,94.9730985714286,1,0,0,78.1272734285714,52.911129,24.2083331428571,29.5714285714286,4,,,,,9032,2020-04-05,5300108,Brasilia,DF,2020,15
1585440000000,202014,48.0,48,48,48,0.8469508,1.5711181,0,2,530010820201419589,2023-08-20,Brasília,0,1.2456218,3055149,19.5714285714286,92.4085957142857,1,0,0,69.1127041428571,44.5349284285714,24.9285714285714,30.2857142857143,4,,,,,9032,2020-03-29,5300108,Brasilia,DF,2020,14
1584835200000,202013,30.0,30,30,30,0.045535006,0.98194885,0,2,530010820201319589,2023-08-20,Brasília,0,0.6748901,3055149,20.1428571428571,98.2973257142857,1,0,0,87.7532198571429,69.186956,22.1428571428571,26.2857142857143,1,,,,,9032,2020-03-22,5300108,Brasilia,DF,2020,13
1584230400000,202012,32.0,32,32,32,0.08284138,1.047412,0,2,530010820201219589,2023-08-20,Brasília,0,0.72740203,3055149,19.7142857142857,90.8647865714286,1,0,0,77.6681498571429,58.973507,22.5995671428571,26.5714285714286,1,,,,,9032,2020-03-15,5300108,Brasilia,DF,2020,12
1583625600000,202011,55.0,55,55,55,0.968051,1.8002396,0,2,530010820201119589,2023-08-20,Brasília,0,1.473279,3055149,20.7142857142857,93.2664471428571,1,0,0,81.3387764285714,64.1798621428571,23.1352811428571,26.7142857142857,5,,,,,9032,2020-03-08,5300108,Brasilia,DF,2020,11
1583020800000,202010,45.0,45,45,45,0.91760725,1.4729233,0,2,530010820201019589,2023-08-20,Brasília,0,1.3704735,3055149,20.2857142857143,97.4428628571429,1,0,0,86.4160564285714,73.098703,22.297078,24.8571428571429,6,,,,,9032,2020-03-01,5300108,Brasilia,DF,2020,10
1582416000000,202009,40.0,40,40,40,0.68884015,1.3092651,0,2,530010820200919589,2023-08-20,Brasília,0,1.119256,3055149,20.5714285714286,94.9481585714286,1,0,0,84.7401114285714,67.8492261428571,22.8566017142857,26.7142857142857,3,,,,,9032,2020-02-23,5300108,Brasilia,DF,2020,9
1581811200000,202008,21.0,21,21,21,0.006309708,0.68736416,0,2,530010820200819589,2023-08-20,Brasília,0,0.5222049,3055149,21.0,93.3246265714286,1,0,0,84.3276742857143,76.6478397142857,22.4025971428571,23.7142857142857,1,,,,,9032,2020-02-16,5300108,Brasilia,DF,2020,8
1581206400000,202007,42.0,42,42,42,0.57417256,1.3747283,0,2,530010820200719589,2023-08-20,Brasília,0,1.0418735,3055149,19.8571428571429,94.0811228571429,1,0,0,89.6373401428571,83.8569494285714,21.1142857142857,22.2857142857143,2,,,,,9032,2020-02-09,5300108,Brasilia,DF,2020,7
1580601600000,202006,36.0,36,36,36,0.6264696,1.1783386,0,2,530010820200619589,2023-08-20,Brasília,0,1.0800755,3055149,20.0,93.2598771428571,1,0,0,82.0111215714286,68.9063538571429,22.6011905714286,25.4285714285714,2,,,,,9032,2020-02-02,5300108,Brasilia,DF,2020,6
1579996800000,202005,54.0,54,54,54,0.9994442,1.7675079,0,1,530010820200519589,2023-08-20,Brasília,0,2.123901,3055149,20.5714285714286,94.0694242857143,1,0,0,76.7092428571429,52.7331998571429,24.0952377142857,29.1428571428571,1,,,,,9032,2020-01-26,5300108,Brasilia,DF,2020,5
1579392000000,202004,25.0,25,25,25,0.8892738,0.8182907,0,1,530010820200419589,2023-08-20,Brasília,0,1.4566272,3055149,21.1428571428571,94.0437657142857,1,0,0,82.469923,64.8863707142857,23.4345237142857,27.1428571428571,1,,,,,9032,2020-01-19,5300108,Brasilia,DF,2020,4
1578787200000,202003,31.0,31,31,31,0.9995422,1.0146805,0,1,530010820200319589,2023-08-20,Brasília,0,2.9860451,3055149,20.8571428571429,84.6269542857143,0,0,0,61.9866042857143,40.339235,26.1309522857143,31.4285714285714,0,,,,,9032,2020-01-12,5300108,Brasilia,DF,2020,3
1578182400000,202002,15.0,15,15,15,0.9683888,0.49097443,0,2,530010820200219589,2023-08-20,Brasília,0,2.2578728,3055149,20.2857142857143,94.93646,1,0,0,81.0192821428572,61.600405,23.5523805714286,27.5714285714286,2,,,,,9032,2020-01-05,5300108,Brasilia,DF,2020,2
1577577600000,202001,8.0,8,8,8,0.8006102,0.261853,0,1,530010820200119589,2023-08-20,Brasília,0,1.5806105,3055149,20.6666666666667,91.3808733333333,1,0,0,78.256815,58.8144246666667,22.9694443333333,27.0,0,,,,,9032,2019-12-29,5300108,Brasilia,DF,2020,1
1576972800000,201952,7.0,7,7,7,0.78304464,0.2291214,0,1,530010820195219589,2023-08-20,Brasília,0,1.5699341,3055149,20.2857142857143,88.5374357142857,1,0,0,81.7564242857143,70.7298128571429,21.8158728571429,24.0,0,,,,,9032,2019-12-22,5300108,Brasilia,DF,2019,52
1576368000000,201951,3.0,3,3,3,0.27401522,0.09819488,0,1,530010820195119589,2023-08-20,Brasília,0,0.65866053,3055149,20.1428571428571,85.4108108571428,0,0,0,76.6244357142857,66.7672311428571,22.1428571428571,24.8571428571429,0,,,,,9032,2019-12-15,5300108,Brasilia,DF,2019,51
1575763200000,201950,7.0,7,7,7,0.6472091,0.2291214,0,1,530010820195019589,2023-08-20,Brasília,0,1.2283359,3055149,20.5714285714286,94.9120657142857,1,0,0,89.4822734285714,82.46952,21.3210315714286,22.5714285714286,6,,,,,9032,2019-12-08,5300108,Brasilia,DF,2019,50
1575158400000,201949,0.0,0,0,0,0.0,0.0,0,1,530010820194919589,2023-08-20,Brasília,0,0.0,3055149,21.0,94.9301385714286,0,0,0,88.7458828571429,84.0757014285714,21.7571428571429,22.4285714285714,0,,,,,9032,2019-12-01,5300108,Brasilia,DF,2019,49
1574553600000,201948,10.0,10,10,10,0.9716056,0.32731628,0,1,530010820194819589,2023-08-20,Brasília,0,2.9338095,3055149,20.7142857142857,93.2093914285714,1,0,0,88.4090734285714,81.9633924285714,21.7,22.8571428571429,5,,,,,9032,2019-11-24,5300108,Brasilia,DF,2019,48
1573948800000,201947,5.0,5,5,5,0.802622,0.16365814,0,1,530010820194719589,2023-08-20,Brasília,0,1.803636,3055149,19.7142857142857,93.1467334285714,1,0,0,86.5033892857143,80.26802,20.6650792857143,21.7142857142857,3,,,,,9032,2019-11-17,5300108,Brasilia,DF,2019,47
1573344000000,201946,2.0,2,2,2,0.27524817,0.06546325,0,1,530010820194619589,2023-08-20,Brasília,0,0.61446905,3055149,21.5714285714286,74.6293081428571,0,0,0,64.6643605714286,51.9924652857143,23.8428571428571,26.7142857142857,0,,,,,9032,2019-11-10,5300108,Brasilia,DF,2019,46
1572739200000,201945,3.0,3,3,3,0.35946813,0.09819488,0,1,530010820194519589,2023-08-20,Brasília,0,0.7718244,3055149,20.8571428571429,88.4662028571429,1,0,0,77.605495,66.3822857142857,22.6428571428571,24.4285714285714,1,,,,,9032,2019-11-03,5300108,Brasilia,DF,2019,45
1572134400000,201944,2.0,2,2,2,0.25483653,0.06546325,0,1,530010820194419589,2023-08-20,Brasília,0,0.5869834,3055149,20.7142857142857,78.771418,0,0,0,68.55201,56.3240627142857,22.7467534285714,25.1428571428571,0,,,,,9032,2019-10-27,5300108,Brasilia,DF,2019,44
1571529600000,201943,6.0,6,6,6,0.88901955,0.19638976,0,1,530010820194319589,2023-08-20,Brasília,0,2.275382,3055149,20.4285714285714,82.4392952857143,0,0,0,73.8886335714286,62.8859527142857,22.4883117142857,24.8571428571429,2,,,,,9032,2019-10-20,5300108,Brasilia,DF,2019,43
1570924800000,201942,3.0,3,3,3,0.647243,0.09819488,0,1,530010820194219589,2023-08-20,Brasília,0,1.3594364,3055149,17.4285714285714,68.6735242857143,0,0,0,52.131513,35.6002271428571,21.5350648571429,26.4285714285714,0,,,,,9032,2019-10-13,5300108,Brasilia,DF,2019,42
1570320000000,201941,2.0,2,2,2,0.521179,0.06546325,0,1,530010820194119589,2023-08-20,Brasília,0,1.0494568,3055149,20.7142857142857,83.9983814285714,0,0,0,72.5207528571429,55.0464801428571,22.6155842857143,25.2857142857143,2,,,,,9032,2019-10-06,5300108,Brasilia,DF,2019,41
1569715200000,201940,3.0,3,3,3,0.6359126,0.09819488,0,1,530010820194019589,2023-08-20,Brasília,0,1.3242757,3055149,19.4285714285714,77.5876118571429,0,0,0,63.4991004285714,48.9821551428571,22.52987,25.8571428571429,0,,,,,9032,2019-09-29,5300108,Brasilia,DF,2019,40
1569110400000,201939,1.0,1,1,1,0.09723433,0.032731626,0,1,530010820193919589,2023-08-20,Brasília,0,0.29740748,3055149,19.5714285714286,73.0459488571429,0,0,0,63.9959984285714,52.4830275714286,21.7844154285714,24.8571428571429,0,,,,,9032,2019-09-22,5300108,Brasilia,DF,2019,39
1568505600000,201938,2.0,2,2,2,0.17473763,0.06546325,0,1,530010820193819589,2023-08-20,Brasília,0,0.48385936,3055149,17.8571428571429,57.2333657142857,0,0,0,44.6969718571429,30.6542451428571,21.2285714285714,26.1428571428571,1,,,,,9032,2019-09-15,5300108,Brasilia,DF,2019,38
1567900800000,201937,3.0,3,3,3,0.37745214,0.09819488,0,1,530010820193719589,2023-08-20,Brasília,0,0.797497,3055149,16.5714285714286,65.1175161428571,0,0,0,53.16735,36.7817517142857,20.0025974285714,25.2857142857143,2,,,,,9032,2019-09-08,5300108,Brasilia,DF,2019,37
1567296000000,201936,6.0,6,6,6,0.821119,0.19638976,0,1,530010820193619589,2023-08-20,Brasília,0,1.7984233,3055149,16.7142857142857,66.1342802857143,0,0,0,51.5059137142857,34.5350757142857,20.151948,25.1428571428571,4,,,,,9032,2019-09-01,5300108,Brasilia,DF,2019,36
1566691200000,201935,3.0,3,3,3,0.47525036,0.09819488,0,1,530010820193519589,2023-08-20,Brasília,0,0.9542968,3055149,16.4285714285714,70.4861752857143,0,0,0,57.7209194285714,43.5347438571429,19.3766231428571,23.1428571428571,1,,,,,9032,2019-08-25,5300108,Brasilia,DF,2019,35
1566086400000,201934,3.0,3,3,3,0.5278197,0.09819488,0,1,530010820193419589,2023-08-20,Brasília,0,1.0552106,3055149,16.8571428571429,68.579201,0,0,0,54.4558552857143,38.3258545714286,19.9220777142857,24.2857142857143,0,,,,,9032,2019-08-18,5300108,Brasilia,DF,2019,34
1565481600000,201933,4.0,4,4,4,0.66034025,0.1309265,0,1,530010820193319589,2023-08-20,Brasília,0,1.3447483,3055149,15.1428571428571,73.8403124285714,0,0,0,59.9574537142857,45.6748382857143,18.2337664285714,22.0,0,,,,,9032,2019-08-11,5300108,Brasilia,DF,2019,33
1564876800000,201932,2.0,2,2,2,0.20261356,0.06546325,0,1,530010820193219589,2023-08-20,Brasília,0,0.51918805,3055149,14.7142857142857,85.57731,0,0,0,72.8886507142857,53.880869,17.3116881428571,21.1428571428571,2,,,,,9032,2019-08-04,5300108,Brasilia,DF,2019,32
1564272000000,201931,3.0,3,3,3,0.19687814,0.09819488,0,1,530010820193119589,2023-08-20,Brasília,0,0.5639646,3055149,13.7142857142857,79.92182,0,0,0,65.355831,47.1138647142857,17.0259741428571,21.7142857142857,3,,,,,9032,2019-07-28,5300108,Brasilia,DF,2019,31
1563667200000,201930,3.0,3,3,3,0.08850812,0.09819488,0,1,530010820193019589,2023-08-20,Brasília,0,0.42669648,3055149,13.4285714285714,83.0919731428571,0,0,0,73.9442892857143,60.1033567142857,16.0259738571429,19.2857142857143,1,,,,,9032,2019-07-21,5300108,Brasilia,DF,2019,30
1563062400000,201929,6.0,6,6,6,0.21215081,0.19638976,0,1,530010820192919589,2023-08-20,Brasília,0,0.6668538,3055149,13.2857142857143,78.3096692857143,0,0,0,67.1946792857143,52.8261578571429,16.2597402857143,20.2857142857143,3,,,,,9032,2019-07-14,5300108,Brasilia,DF,2019,29
1562457600000,201928,6.0,6,6,6,0.10954294,0.19638976,0,1,530010820192819589,2023-08-20,Brasília,0,0.55110085,3055149,11.0,84.3199878571429,0,0,0,70.8505108571429,55.5645845714286,14.2077921428571,18.5714285714286,3,,,,,9032,2019-07-07,5300108,Brasilia,DF,2019,28
1561852800000,201927,10.0,10,10,10,0.26364395,0.32731628,0,1,530010820192719589,2023-08-20,Brasília,0,0.7709769,3055149,13.4285714285714,87.0082451428571,0,0,0,78.1196452857143,62.3600285714286,16.1181817142857,20.1428571428571,1,,,,,9032,2019-06-30,5300108,Brasilia,DF,2019,27
1561248000000,201926,10.0,10,10,10,0.09812465,0.32731628,0,1,530010820192619589,2023-08-20,Brasília,0,0.60553557,3055149,13.8571428571429,86.2513228571429,0,0,0,74.8542935714286,58.2690801428571,16.6363635714286,20.7142857142857,3,,,,,9032,2019-06-23,5300108,Brasilia,DF,2019,26
1560643200000,201925,14.0,14,14,14,0.09648645,0.4582428,0,1,530010820192519589,2023-08-20,Brasília,0,0.6466206,3055149,13.4285714285714,87.9628457142857,0,0,0,77.3012927142857,62.9884997142857,16.1168832857143,20.0,5,,,,,9032,2019-06-16,5300108,Brasilia,DF,2019,25
1560038400000,201924,12.0,12,12,12,0.020743169,0.39277953,0,1,530010820192419589,2023-08-20,Brasília,0,0.5007699,3055149,14.7142857142857,88.9108057142857,0,0,0,76.6860707142857,64.6974814285714,17.83171,20.8571428571429,8,,,,,9032,2019-06-09,5300108,Brasilia,DF,2019,24
1559433600000,201923,26.0,26,26,26,0.7064991,0.8510223,0,1,530010820192319589,2023-08-20,Brasília,0,1.1679653,3055149,15.7142857142857,89.61977,0,0,0,79.4126234285714,69.5694294285714,18.4935071428571,21.5714285714286,17,,,,,9032,2019-06-02,5300108,Brasilia,DF,2019,23
1558828800000,201922,26.0,26,26,26,0.8598736,0.8510223,0,1,530010820192219589,2023-08-20,Brasília,0,1.3791872,3055149,16.4285714285714,92.1806434285714,0,0,0,83.0533162857143,69.060529,18.766234,22.2857142857143,12,,,,,9032,2019-05-26,5300108,Brasilia,DF,2019,22
1558224000000,201921,23.0,23,23,23,0.83815974,0.75282747,0,1,530010820192119589,2023-08-20,Brasília,0,1.3651547,3055149,16.0,93.8726014285714,0,0,0,84.029065,69.5596885714286,18.496104,22.2857142857143,10,,,,,9032,2019-05-19,5300108,Brasilia,DF,2019,21
1557619200000,201920,19.0,19,19,19,0.6238814,0.6219009,0,2,530010820192019589,2023-08-20,Brasília,0,1.1094997,3055149,17.7142857142857,93.9574691428571,1,0,0,86.6759622857143,77.0606534285714,19.4727274285714,21.7142857142857,10,,,,,9032,2019-05-12,5300108,Brasilia,DF,2019,20
1557014400000,201919,13.0,13,13,13,0.22593737,0.42551115,0,2,530010820191919589,2023-08-20,Brasília,0,0.761967,3055149,18.5714285714286,94.8097285714286,1,0,0,84.4866135714286,71.0238592857143,20.9334417142857,24.0,9,,,,,9032,2019-05-05,5300108,Brasilia,DF,2019,19
1556409600000,201918,20.0,20,20,20,0.64702564,0.65463257,0,2,530010820191819589,2023-08-20,Brasília,0,1.1293483,3055149,19.5714285714286,94.8872657142857,1,0,0,89.233367,78.6254758571429,20.8285717142857,23.1428571428571,10,,,,,9032,2019-04-28,5300108,Brasilia,DF,2019,18
1555804800000,201917,17.0,17,17,17,0.29739624,0.5564377,0,2,530010820191719589,2023-08-20,Brasília,0,0.8413289,3055149,18.4285714285714,95.7106234285714,1,0,0,88.5482148571429,81.288248,20.3966031428571,22.7142857142857,7,,,,,9032,2019-04-21,5300108,Brasilia,DF,2019,17
1555200000000,201916,14.0,14,14,14,0.11864557,0.4582428,0,2,530010820191619589,2023-08-20,Brasília,0,0.6707612,3055149,19.5714285714286,96.5757571428571,1,0,0,91.0609585714286,82.6224417142857,21.0499498571429,22.8571428571429,4,,,,,9032,2019-04-14,5300108,Brasilia,DF,2019,16
1554595200000,201915,23.0,23,23,23,0.70633096,0.75282747,0,2,530010820191519589,2023-08-20,Brasília,0,1.1795617,3055149,19.7142857142857,98.2973257142857,1,0,0,92.1561428571429,84.2214247142857,20.8005414285714,22.4285714285714,10,,,,,9032,2019-04-07,5300108,Brasilia,DF,2019,15
1553990400000,201914,24.0,24,24,24,0.8257715,0.78555906,0,2,530010820191419589,2023-08-20,Brasília,0,1.3337033,3055149,19.2857142857143,92.368972,1,0,0,86.1333492857143,75.171833,20.9000002857143,23.1428571428571,6,,,,,9032,2019-03-31,5300108,Brasilia,DF,2019,14
1553385600000,201913,15.0,15,15,15,0.4719123,0.49097443,0,2,530010820191319589,2023-08-20,Brasília,0,0.9750967,3055149,19.8571428571429,95.6895477142857,1,0,0,90.6411265714286,85.54249,20.6363637142857,22.0,10,,,,,9032,2019-03-24,5300108,Brasilia,DF,2019,13
1552780800000,201912,24.0,24,24,24,0.9388052,0.78555906,0,2,530010820191219589,2023-08-20,Brasília,0,1.6482402,3055149,19.5714285714286,96.5694357142857,1,0,0,90.6354621428571,83.27312,20.6064934285714,22.1428571428571,9,,,,,9032,2019-03-17,5300108,Brasilia,DF,2019,12
1552176000000,201911,11.0,11,11,11,0.20384938,0.3600479,0,2,530010820191119589,2023-08-20,Brasília,0,0.7256945,3055149,20.1428571428571,89.9537328571429,1,0,0,84.7204107142857,75.8468071428571,21.2727271428571,23.2857142857143,6,,,,,9032,2019-03-10,5300108,Brasilia,DF,2019,11
1551571200000,201910,14.0,14,14,14,0.50678,0.4582428,0,2,530010820191019589,2023-08-20,Brasília,0,1.0063585,3055149,18.1428571428571,97.4111857142857,1,0,0,91.5836028571428,86.1104091428572,19.6636362857143,20.7142857142857,7,,,,,9032,2019-03-03,5300108,Brasilia,DF,2019,10
1550966400000,201909,17.0,17,17,17,0.8790719,0.5564377,0,2,530010820190919589,2023-08-20,Brasília,0,1.5550162,3055149,19.7142857142857,94.8479371428571,1,0,0,88.1935692857143,80.3762864285714,21.051948,22.4285714285714,10,,,,,9032,2019-02-24,5300108,Brasilia,DF,2019,9
1550361600000,201908,16.0,16,16,16,0.9176445,0.523706,0,2,530010820190819589,2023-08-20,Brasília,0,1.7414505,3055149,19.4285714285714,93.9681185714286,1,0,0,88.9575744285714,81.75066,20.4155845714286,21.5714285714286,6,,,,,9032,2019-02-17,5300108,Brasilia,DF,2019,8
1549756800000,201907,9.0,9,9,9,0.56667113,0.29458466,0,1,530010820190719589,2023-08-20,Brasília,0,1.0819834,3055149,19.7142857142857,92.4445057142857,1,0,0,86.3459728571429,79.1729835714286,21.1714285714286,22.7142857142857,3,,,,,9032,2019-02-10,5300108,Brasilia,DF,2019,7
1549152000000,201906,8.0,8,8,8,0.6390991,0.261853,0,1,530010820190619589,2023-08-20,Brasília,0,1.1984223,3055149,19.7142857142857,94.2076642857143,1,0,0,79.4637761428571,61.1307278571429,22.5376981428571,27.4285714285714,4,,,,,9032,2019-02-03,5300108,Brasilia,DF,2019,6
1548547200000,201905,11.0,11,11,11,0.9000457,0.3600479,0,1,530010820190519589,2023-08-20,Brasília,0,1.8632846,3055149,18.1428571428571,84.3868708571429,0,0,0,59.4086522857143,35.8593115714286,24.2380954285714,29.8571428571429,5,,,,,9032,2019-01-27,5300108,Brasilia,DF,2019,5
1547942400000,201904,5.0,5,5,5,0.2872093,0.16365814,0,1,530010820190419589,2023-08-20,Brasília,0,0.7286084,3055149,19.7142857142857,83.0639728571429,0,0,0,60.1835437142857,38.3832544285714,25.0297617142857,30.5714285714286,2,,,,,9032,2019-01-20,5300108,Brasilia,DF,2019,4
1547337600000,201903,5.0,5,5,5,0.26198176,0.16365814,0,1,530010820190319589,2023-08-20,Brasília,0,0.7004507,3055149,18.8571428571429,87.4907005714286,0,0,0,68.945513,50.693095,23.3809522857143,28.1428571428571,2,,,,,9032,2019-01-13,5300108,Brasilia,DF,2019,3
1546732800000,201902,6.0,6,6,6,0.5679836,0.19638976,0,2,530010820190219589,2023-08-20,Brasília,0,1.1025866,3055149,18.5714285714286,91.609522,1,0,0,80.7433237142857,69.307483,20.4428571428571,22.4285714285714,2,,,,,9032,2019-01-06,5300108,Brasilia,DF,2019,2
1546128000000,201901,12.0,12,12,12,0.9767171,0.39277953,0,2,530010820190119589,2023-08-20,Brasília,0,2.7692227,3055149,19.1428571428571,92.4099651428571,1,0,0,83.8881727142857,73.7355725714286,20.6857142857143,22.7142857142857,3,,,,,9032,2018-12-30,5300108,Brasilia,DF,2019,1
1545523200000,201852,1.0,1,1,1,0.09849259,0.032731626,0,2,530010820185219589,2023-08-20,Brasília,0,0.29905728,3055149,19.0,94.0550488,1,0,0,84.4303552,67.689914,21.4538888,24.4,0,,,,,9032,2018-12-23,5300108,Brasilia,DF,2018,52
1544918400000,201851,7.0,7,7,7,0.9391893,0.2291214,0,2,530010820185119589,2023-08-20,Brasília,0,2.7615886,3055149,19.2380952380952,94.3304172952381,1,0,0,,,,,2,,,,,9032,2018-12-16,5300108,Brasilia,DF,2018,51
1544313600000,201850,2.0,2,2,2,0.41095355,0.06546325,0,2,530010820185019589,2023-08-20,Brasília,0,0.822915,3055149,19.4761904761905,94.6057857904762,1,0,0,,,,,1,,,,,9032,2018-12-09,5300108,Brasilia,DF,2018,50
1543708800000,201849,3.0,3,3,3,0.47531903,0.09819488,0,2,530010820184919589,2023-08-20,Brasília,0,0.9544196,3055149,19.7142857142857,94.8811542857143,1,0,0,89.3434171428571,80.9390635714286,20.6674601428571,22.5714285714286,1,,,,,9032,2018-12-02,5300108,Brasilia,DF,2018,49
1543104000000,201848,1.0,1,1,1,0.087209865,0.032731626,0,2,530010820184819589,2023-08-20,Brasília,0,0.28414217,3055149,18.5714285714286,92.3061191428571,1,0,0,86.2330228571429,77.6836178571428,19.9178571428571,21.8571428571429,1,,,,,9032,2018-11-25,5300108,Brasilia,DF,2018,48
1542499200000,201847,4.0,4,4,4,0.61032903,0.1309265,0,2,530010820184719589,2023-08-20,Brasília,0,1.2169807,3055149,19.0,94.88671,1,0,0,88.9910134285714,79.793325,20.3813491428571,22.4285714285714,1,,,,,9032,2018-11-18,5300108,Brasilia,DF,2018,47
1541894400000,201846,4.0,4,4,4,0.6404493,0.1309265,0,2,530010820184619589,2023-08-20,Brasília,0,1.2909721,3055149,18.8571428571429,97.4238985714286,1,0,0,91.2821378571429,81.5304237142857,20.1821424285714,22.2857142857143,1,,,,,9032,2018-11-11,5300108,Brasilia,DF,2018,46
1541289600000,201845,3.0,3,3,3,0.4535956,0.09819488,0,2,530010820184519589,2023-08-20,Brasília,0,0.9165921,3055149,19.1428571428571,96.5504714285714,1,0,0,90.7268385714286,82.5312428571429,19.904762,21.2857142857143,1,,,,,9032,2018-11-04,5300108,Brasilia,DF,2018,45
1540684800000,201844,3.0,3,3,3,0.4161751,0.09819488,0,2,530010820184419589,2023-08-20,Brasília,0,0.8557244,3055149,19.7142857142857,91.5414748571429,1,0,0,84.7162965714286,73.9152668571429,21.0162337142857,23.1428571428571,0,,,,,9032,2018-10-28,5300108,Brasilia,DF,2018,44
1540080000000,201843,3.0,3,3,3,0.50402564,0.09819488,0,2,530010820184319589,2023-08-20,Brasília,0,1.0077237,3055149,19.1428571428571,96.6209914285714,1,0,0,89.3454042857143,79.030422,20.5091991428571,22.7142857142857,1,,,,,9032,2018-10-21,5300108,Brasilia,DF,2018,43
1539475200000,201842,4.0,4,4,4,0.85359454,0.1309265,0,2,530010820184219589,2023-08-20,Brasília,0,2.3397567,3055149,18.0,100.0,1,0,0,89.99922,80.951455,20.068182,22.0,1,,,,,9032,2018-10-14,5300108,Brasilia,DF,2018,42
1538870400000,201841,4.0,4,4,4,0.9173236,0.1309265,0,1,530010820184119589,2023-08-20,Brasília,0,3.3494174,3055149,18.0,96.27173625,1,0,0,,,,,1,,,,,9032,2018-10-07,5300108,Brasilia,DF,2018,41
1538265600000,201840,1.0,1,1,1,0.20543334,0.032731626,0,1,530010820184019589,2023-08-20,Brasília,0,0.4379707,3055149,18.0,92.5434725,1,0,0,81.64804125,69.39496,19.977273,22.0,1,,,,,9032,2018-09-30,5300108,Brasilia,DF,2018,40
1537660800000,201839,0.0,0,0,0,0.0,0.0,0,1,530010820183919589,2023-08-20,Brasília,0,0.0,3055149,15.1428571428571,92.1393,0,0,0,75.6999955714286,51.677306,18.7716451428571,23.4285714285714,0,,,,,9032,2018-09-23,5300108,Brasilia,DF,2018,39
1537056000000,201838,2.0,2,2,2,0.055216167,0.06546325,0,1,530010820183819589,2023-08-20,Brasília,0,0.32167488,3055149,15.8571428571429,99.1328242857143,0,0,0,90.2123874285714,73.5056512857143,18.3245671428571,21.8571428571429,1,,,,,9032,2018-09-16,5300108,Brasilia,DF,2018,38
1536451200000,201837,4.0,4,4,4,0.21695921,0.1309265,0,1,530010820183719589,2023-08-20,Brasília,0,0.62382096,3055149,12.8571428571429,82.8850302857143,0,0,0,65.2829797142857,44.3758081428571,16.6715364285714,21.5714285714286,4,,,,,9032,2018-09-09,5300108,Brasilia,DF,2018,37
1535846400000,201836,8.0,8,8,8,0.7008911,0.261853,0,1,530010820183619589,2023-08-20,Brasília,0,1.3149742,3055149,13.0,85.4367364285714,0,0,0,67.8282804285714,48.7459614285714,17.1336582857143,22.0,4,,,,,9032,2018-09-02,5300108,Brasilia,DF,2018,36
1535241600000,201835,7.0,7,7,7,0.61895293,0.2291214,0,1,530010820183519589,2023-08-20,Brasília,0,1.1772344,3055149,14.0,84.0712191428571,0,0,0,65.5264721428571,49.2310167142857,17.4128788571429,21.4285714285714,5,,,,,9032,2018-08-26,5300108,Brasilia,DF,2018,35
1534636800000,201834,4.0,4,4,4,0.36511493,0.1309265,0,1,530010820183419589,2023-08-20,Brasília,0,0.80237764,3055149,12.8571428571429,85.2993865714286,0,0,0,70.9141297142857,55.3196785714286,16.1650432857143,19.8571428571429,2,,,,,9032,2018-08-19,5300108,Brasilia,DF,2018,34
1534032000000,201833,9.0,9,9,9,0.91516554,0.29458466,0,1,530010820183319589,2023-08-20,Brasília,0,2.130326,3055149,12.2857142857143,85.5404807142857,0,0,0,66.3062278571429,43.2940031428571,16.411008,22.1428571428571,3,,,,,9032,2018-08-12,5300108,Brasilia,DF,2018,33
1533427200000,201832,3.0,3,3,3,0.33653817,0.09819488,0,1,530010820183219589,2023-08-20,Brasília,0,0.7401619,3055149,14.1428571428571,89.5315942857143,0,0,0,60.9638951428571,29.1533562857143,21.0119048571429,28.7142857142857,0,,,,,9032,2018-08-05,5300108,Brasilia,DF,2018,32
1532822400000,201831,5.0,5,5,5,0.59996426,0.16365814,0,1,530010820183119589,2023-08-20,Brasília,0,1.1726564,3055149,11.0,87.6890871428571,0,0,0,54.618591,21.6808644285714,19.5238094285714,28.4285714285714,1,,,,,9032,2018-07-29,5300108,Brasilia,DF,2018,31
1532217600000,201830,3.0,3,3,3,0.38147599,0.09819488,0,1,530010820183019589,2023-08-20,Brasília,0,0.80335194,3055149,9.28571428571429,88.3618034285714,0,0,0,57.3098288571429,26.7521431428571,17.0059525714286,25.1428571428571,1,,,,,9032,2018-07-22,5300108,Brasilia,DF,2018,30
1531612800000,201829,5.0,5,5,5,0.8258766,0.16365814,0,1,530010820182919589,2023-08-20,Brasília,0,1.9355642,3055149,10.5714285714286,89.2166221428571,0,0,0,65.9835537142857,40.7287048571429,16.2938312857143,22.7142857142857,0,,,,,9032,2018-07-15,5300108,Brasilia,DF,2018,29
1531008000000,201828,5.0,5,5,5,0.8546845,0.16365814,0,1,530010820182819589,2023-08-20,Brasília,0,2.1399262,3055149,11.1428571428571,90.231216,0,0,0,79.2669381428571,61.4436665714286,14.1899351428571,18.5714285714286,1,,,,,9032,2018-07-08,5300108,Brasilia,DF,2018,28
1530403200000,201827,1.0,1,1,1,0.18376853,0.032731626,0,1,530010820182719589,2023-08-20,Brasília,0,0.4091589,3055149,8.71428571428571,92.5800475714286,0,0,0,78.7596252857143,61.146714,12.4994588571429,17.0,0,,,,,9032,2018-07-01,5300108,Brasilia,DF,2018,27
1529798400000,201826,2.0,2,2,2,0.51907045,0.06546325,0,1,530010820182619589,2023-08-20,Brasília,0,1.0443777,3055149,9.57142857142857,90.122995,0,0,0,78.8331087142857,61.8806012857143,12.6138528571429,17.0,0,,,,,9032,2018-06-24,5300108,Brasilia,DF,2018,26
1529193600000,201825,4.0,4,4,4,0.80632174,0.1309265,0,1,530010820182519589,2023-08-20,Brasília,0,1.9588788,3055149,10.8571428571429,91.0082948571429,0,0,0,78.8835492857143,59.9280891428571,13.9464284285714,18.2857142857143,0,,,,,9032,2018-06-17,5300108,Brasilia,DF,2018,25
1528588800000,201824,1.0,1,1,1,0.0730318,0.032731626,0,1,530010820182419589,2023-08-20,Brasília,0,0.2648774,3055149,12.0,95.4712491428571,0,0,0,83.2826702857143,66.0816021428571,15.0308444285714,19.1428571428571,0,,,,,9032,2018-06-10,5300108,Brasilia,DF,2018,24
1527984000000,201823,1.0,1,1,1,0.019029059,0.032731626,0,1,530010820182319589,2023-08-20,Brasília,0,0.17495817,3055149,12.2857142857143,92.8212042857143,0,0,0,83.6093564285714,68.7794932857143,15.2126624285714,19.1428571428571,1,,,,,9032,2018-06-03,5300108,Brasilia,DF,2018,23
1527379200000,201822,3.0,3,3,3,0.14584403,0.09819488,0,1,530010820182219589,2023-08-20,Brasília,0,0.50163215,3055149,10.8571428571429,93.6589785714286,0,0,0,83.2202651428571,69.8190568571429,13.9925324285714,17.5714285714286,1,,,,,9032,2018-05-27,5300108,Brasilia,DF,2018,22
1526774400000,201821,8.0,8,8,8,0.78687143,0.261853,0,1,530010820182119589,2023-08-20,Brasília,0,1.5353117,3055149,12.8571428571429,94.6691857142857,0,0,0,84.9002027142857,69.2745392857143,15.5243505714286,19.5714285714286,1,,,,,9032,2018-05-20,5300108,Brasilia,DF,2018,21
1526169600000,201820,6.0,6,6,6,0.7208811,0.19638976,0,1,530010820182019589,2023-08-20,Brasília,0,1.4251271,3055149,12.4285714285714,94.6910357142857,0,0,0,69.71466,36.3938718571429,19.2023811428571,26.7142857142857,3,,,,,9032,2018-05-13,5300108,Brasilia,DF,2018,20
1525564800000,201819,5.0,5,5,5,0.71379656,0.16365814,0,1,530010820181919589,2023-08-20,Brasília,0,1.4515152,3055149,12.7142857142857,94.6480642857143,0,0,0,67.552808,37.4296558571429,19.4226188571429,26.0,3,,,,,9032,2018-05-06,5300108,Brasilia,DF,2018,19
1524960000000,201818,5.0,5,5,5,0.6361026,0.16365814,0,1,530010820181819589,2023-08-20,Brasília,0,1.2486221,3055149,14.8571428571429,89.8055657142857,0,0,0,67.5512401428571,38.6471891428571,20.4583337142857,27.0,2,,,,,9032,2018-04-29,5300108,Brasilia,DF,2018,18
1524355200000,201817,2.0,2,2,2,0.13217445,0.06546325,0,1,530010820181719589,2023-08-20,Brasília,0,0.42977244,3055149,15.5714285714286,93.0111654285714,0,0,0,74.7060045714286,46.9750641428571,20.3333334285714,26.4285714285714,0,,,,,9032,2018-04-22,5300108,Brasilia,DF,2018,17
1523750400000,201816,3.0,3,3,3,0.36625478,0.09819488,0,1,530010820181619589,2023-08-20,Brasília,0,0.7814203,3055149,15.7142857142857,93.0175534285714,0,0,0,83.5250631428571,69.9775341428571,18.6961041428571,21.8571428571429,0,,,,,9032,2018-04-15,5300108,Brasilia,DF,2018,16
1523145600000,201815,8.0,8,8,8,0.8860341,0.261853,0,2,530010820181519589,2023-08-20,Brasília,0,1.9951465,3055149,17.1428571428571,94.757966,1,0,0,88.9460402857143,82.464787,18.3544371428571,19.8571428571429,5,,,,,9032,2018-04-08,5300108,Brasilia,DF,2018,15
1522540800000,201814,2.0,2,2,2,0.07429177,0.06546325,0,2,530010820181419589,2023-08-20,Brasília,0,0.3512175,3055149,18.1428571428571,94.0413757142857,1,0,0,86.8595385714286,76.5665478571429,19.7884197142857,21.8571428571429,1,,,,,9032,2018-04-01,5300108,Brasilia,DF,2018,14
1521936000000,201813,2.0,2,2,2,0.04136938,0.06546325,0,2,530010820181319589,2023-08-20,Brasília,0,0.29763916,3055149,17.5714285714286,90.8387157142857,1,0,0,80.9323821428572,71.2884814285714,19.5604977142857,22.0,1,,,,,9032,2018-03-25,5300108,Brasilia,DF,2018,13
1521331200000,201812,8.0,8,8,8,0.6252412,0.261853,0,2,530010820181219589,2023-08-20,Brasília,0,1.1753515,3055149,17.8571428571429,96.5247668571429,1,0,0,86.3466601428571,76.319258,20.121212,22.5714285714286,4,,,,,9032,2018-03-18,5300108,Brasilia,DF,2018,12
1520726400000,201811,6.0,6,6,6,0.5012568,0.19638976,0,2,530010820181119589,2023-08-20,Brasília,0,1.0017587,3055149,18.8571428571429,93.2236442857143,1,0,0,85.3534727142857,70.6755931428571,20.9327201428571,24.0,4,,,,,9032,2018-03-11,5300108,Brasilia,DF,2018,11
1520121600000,201810,8.0,8,8,8,0.841016,0.261853,0,2,530010820181019589,2023-08-20,Brasília,0,1.7405034,3055149,18.6666666666667,93.9670533333333,1,0,0,84.1354466666667,76.0057316666667,20.004545,21.3333333333333,1,,,,,9032,2018-03-04,5300108,Brasilia,DF,2018,10
1519516800000,201809,6.0,6,6,6,0.80064034,0.19638976,0,1,530010820180919589,2023-08-20,Brasília,0,1.7020941,3055149,18.4285714285714,91.5219485714286,1,0,0,75.254332,53.5405731428571,21.7639282857143,26.1428571428571,0,,,,,9032,2018-02-25,5300108,Brasilia,DF,2018,9
1518912000000,201808,5.0,5,5,5,0.7133088,0.16365814,0,1,530010820180819589,2023-08-20,Brasília,0,1.4500171,3055149,19.0,92.4215042857143,1,0,0,86.2730742857143,75.0327,20.2630951428571,22.0,2,,,,,9032,2018-02-18,5300108,Brasilia,DF,2018,8
1518307200000,201807,2.0,2,2,2,0.25009027,0.06546325,0,1,530010820180719589,2023-08-20,Brasília,0,0.58068657,3055149,18.5714285714286,86.1030914285714,0,0,0,75.6478842857143,63.9317058571429,20.6,23.1428571428571,1,,,,,9032,2018-02-11,5300108,Brasilia,DF,2018,7
1517702400000,201806,4.0,4,4,4,0.58620226,0.1309265,0,1,530010820180619589,2023-08-20,Brasília,0,1.1631359,3055149,18.1428571428571,97.5495188571429,1,0,0,87.7539664285714,77.7775105714286,19.4515875714286,21.4285714285714,2,,,,,9032,2018-02-04,5300108,Brasilia,DF,2018,6
1517097600000,201805,4.0,4,4,4,0.49196294,0.1309265,0,1,530010820180519589,2023-08-20,Brasília,0,0.98661405,3055149,19.4285714285714,94.0323171428571,1,0,0,87.810627,81.0663728571429,20.5428571428571,21.7142857142857,1,,,,,9032,2018-01-28,5300108,Brasilia,DF,2018,5
1516492800000,201804,2.0,2,2,2,0.122893535,0.06546325,0,1,530010820180419589,2023-08-20,Brasília,0,0.41776574,3055149,18.4285714285714,86.0537834285714,0,0,0,68.2273435714286,44.8479174285714,21.5359211428571,26.1428571428571,0,,,,,9032,2018-01-21,5300108,Brasilia,DF,2018,4
1515888000000,201803,5.0,5,5,5,0.5024263,0.16365814,0,2,530010820180319589,2023-08-20,Brasília,0,1.0036983,3055149,17.2857142857143,89.0138111428571,1,0,0,74.5576338571429,60.333589,20.0857142857143,23.1428571428571,1,,,,,9032,2018-01-14,5300108,Brasilia,DF,2018,3
1515283200000,201802,4.0,4,4,4,0.4712895,0.1309265,0,1,530010820180219589,2023-08-20,Brasília,0,0.9533144,3055149,18.0,89.8707705714286,1,0,0,82.27582,75.7994037142857,19.5714285714286,21.2857142857143,1,,,,,9032,2018-01-07,5300108,Brasilia,DF,2018,2
1514678400000,201801,7.0,7,7,7,0.8842704,0.2291214,0,1,530010820180119589,2023-08-20,Brasília,0,2.0891526,3055149,18.8571428571429,94.8225114285714,1,0,0,89.8873771428571,83.2528934285714,19.8428571428571,20.8571428571429,2,,,,,9032,2017-12-31,5300108,Brasilia,DF,2018,1
1514073600000,201752,3.0,3,3,3,0.54823184,0.09819488,0,1,530010820175219589,2023-08-20,Brasília,0,1.0987064,3055149,19.1428571428571,86.8635442857143,0,0,0,78.5883127142857,67.8196414285714,21.1888887142857,23.4285714285714,1,,,,,9032,2017-12-24,5300108,Brasilia,DF,2017,52
1513468800000,201751,4.0,4,4,4,0.74680984,0.1309265,0,2,530010820175119589,2023-08-20,Brasília,0,1.6448108,3055149,17.4285714285714,91.5223002857143,1,0,0,78.1993728571429,65.7363848571429,20.5313492857143,23.4285714285714,1,,,,,9032,2017-12-17,5300108,Brasilia,DF,2017,51
1512864000000,201750,2.0,2,2,2,0.35332185,0.06546325,0,2,530010820175019589,2023-08-20,Brasília,0,0.72770125,3055149,18.1666666666667,96.964804,1,0,0,91.1291156666667,81.1464446666667,19.0916666666667,21.0,2,,,,,9032,2017-12-10,5300108,Brasilia,DF,2017,50
1512259200000,201749,3.0,3,3,3,0.33689585,0.09819488,0,2,530010820174919589,2023-08-20,Brasília,0,0.7406474,3055149,19.5714285714286,90.7450285714286,1,0,0,83.419618,70.7765421428571,21.2270974285714,24.0,0,,,,,9032,2017-12-03,5300108,Brasilia,DF,2017,49
1511654400000,201748,1.0,1,1,1,0.024641884,0.032731626,0,2,530010820174819589,2023-08-20,Brasília,0,0.18716976,3055149,18.5,93.907157,1,0,0,78.747975,61.0472205,21.041666,24.5,0,,,,,9032,2017-11-26,5300108,Brasilia,DF,2017,48
1511049600000,201747,5.0,5,5,5,0.416633,0.16365814,0,1,530010820174719589,2023-08-20,Brasília,0,0.8833063,3055149,17.975,91.84822725,1,0,0,,,,,3,,,,,9032,2017-11-19,5300108,Brasilia,DF,2017,47
1510444800000,201746,5.0,5,5,5,0.4422028,0.16365814,0,1,530010820174619589,2023-08-20,Brasília,0,0.9171912,3055149,17.45,89.7892975,1,0,0,,,,,1,,,,,9032,2017-11-12,5300108,Brasilia,DF,2017,46
1509840000000,201745,8.0,8,8,8,0.6937301,0.261853,0,1,530010820174519589,2023-08-20,Brasília,0,1.3001179,3055149,16.925,87.73036775,0,0,0,,,,,3,,,,,9032,2017-11-05,5300108,Brasilia,DF,2017,45
1509235200000,201744,2.0,2,2,2,0.03187246,0.06546325,0,1,530010820174419589,2023-08-20,Brasília,0,0.2790108,3055149,16.4,85.671438,0,0,0,,,,,1,,,,,9032,2017-10-29,5300108,Brasilia,DF,2017,44
1508630400000,201743,9.0,9,9,9,0.5970268,0.29458466,0,1,530010820174319589,2023-08-20,Brasília,0,1.1233534,3055149,15.875,83.61250825,0,0,0,,,,,3,,,,,9032,2017-10-22,5300108,Brasilia,DF,2017,43
1508025600000,201742,4.0,4,4,4,0.21407422,0.1309265,0,1,530010820174219589,2023-08-20,Brasília,0,0.6204853,3055149,15.35,81.5535785,0,0,0,,,,,1,,,,,9032,2017-10-15,5300108,Brasilia,DF,2017,42
1507420800000,201741,12.0,12,12,12,0.97861195,0.39277953,0,1,530010820174119589,2023-08-20,Brasília,0,2.836986,3055149,14.825,79.49464875,0,0,0,,,,,2,,,,,9032,2017-10-08,5300108,Brasilia,DF,2017,41
1506816000000,201740,7.0,7,7,7,0.83273613,0.2291214,0,1,530010820174019589,2023-08-20,Brasília,0,1.7718883,3055149,14.3,77.435719,0,0,0,,,,,2,,,,,9032,2017-10-01,5300108,Brasilia,DF,2017,40
1506211200000,201739,1.0,1,1,1,0.06371766,0.032731626,0,1,530010820173919589,2023-08-20,Brasília,0,0.25175202,3055149,13.775,75.37678925,0,0,0,,,,,0,,,,,9032,2017-09-24,5300108,Brasilia,DF,2017,39
1505606400000,201738,5.0,5,5,5,0.7170042,0.16365814,0,1,530010820173819589,2023-08-20,Brasília,0,1.4614546,3055149,13.25,73.3178595,0,0,0,,,,,2,,,,,9032,2017-09-17,5300108,Brasilia,DF,2017,38
1505001600000,201737,5.0,5,5,5,0.7401084,0.16365814,0,1,530010820173719589,2023-08-20,Brasília,0,1.5379317,3055149,12.725,71.25892975,0,0,0,,,,,3,,,,,9032,2017-09-10,5300108,Brasilia,DF,2017,37
1504396800000,201736,2.0,2,2,2,0.28720993,0.06546325,0,1,530010820173619589,2023-08-20,Brasília,0,0.63091844,3055149,12.2,69.2,0,0,0,53.9321426,38.8,15.7285714,19.6,0,,,,,9032,2017-09-03,5300108,Brasilia,DF,2017,36
1503792000000,201735,4.0,4,4,4,0.65771776,0.1309265,0,1,530010820173519589,2023-08-20,Brasília,0,1.3374075,3055149,13.1428571428571,64.7142857142857,0,0,0,51.4603174285714,36.4285714285714,15.5178571428571,18.7142857142857,1,,,,,9032,2017-08-27,5300108,Brasilia,DF,2017,35
1503187200000,201734,3.0,3,3,3,0.53513026,0.09819488,0,1,530010820173419589,2023-08-20,Brasília,0,1.070477,3055149,15.2857142857143,72.4285714285714,0,0,0,63.3015871428571,52.8571428571429,17.1726191428571,19.1428571428571,1,,,,,9032,2017-08-20,5300108,Brasilia,DF,2017,34
1502582400000,201733,3.0,3,3,3,0.52209204,0.09819488,0,1,530010820173319589,2023-08-20,Brasília,0,1.0434799,3055149,13.5714285714286,64.5714285714286,0,0,0,54.4107142857143,41.5714285714286,16.0694444285714,19.2857142857143,0,,,,,9032,2017-08-13,5300108,Brasilia,DF,2017,33
1501977600000,201732,3.0,3,3,3,0.4498828,0.09819488,0,1,530010820173219589,2023-08-20,Brasília,0,0.9103218,3055149,14.0,72.1428571428571,0,0,0,63.6488091428571,53.0,15.6130952857143,17.7142857142857,1,,,,,9032,2017-08-06,5300108,Brasilia,DF,2017,32
1501372800000,201731,2.0,2,2,2,0.26575634,0.06546325,0,1,530010820173119589,2023-08-20,Brasília,0,0.60160166,3055149,10.7142857142857,78.0,0,0,0,68.2678571428571,57.8571428571429,12.4821428571429,14.8571428571429,1,,,,,9032,2017-07-30,5300108,Brasilia,DF,2017,31
1500768000000,201730,4.0,4,4,4,0.5426151,0.1309265,0,1,530010820173019589,2023-08-20,Brasília,0,1.0757124,3055149,11.0,74.1428571428571,0,0,0,64.8333337142857,53.2857142857143,12.9033447142857,15.8571428571429,4,,,,,9032,2017-07-23,5300108,Brasilia,DF,2017,30
1500163200000,201729,4.0,4,4,4,0.2771084,0.1309265,0,1,530010820172919589,2023-08-20,Brasília,0,0.6938961,3055149,10.1428571428571,81.4285714285714,0,0,0,71.2678571428571,61.0,12.3392857142857,14.7142857142857,3,,,,,9032,2017-07-16,5300108,Brasilia,DF,2017,29
1499558400000,201728,1.0,1,1,1,0.0023034015,0.032731626,0,1,530010820172819589,2023-08-20,Brasília,0,0.114128955,3055149,12.4285714285714,80.8571428571429,0,0,0,71.7099201428571,62.0,13.7638888571429,15.1428571428571,0,,,,,9032,2017-07-09,5300108,Brasilia,DF,2017,28
1498953600000,201727,7.0,7,7,7,0.11661487,0.2291214,0,1,530010820172719589,2023-08-20,Brasília,0,0.5805597,3055149,11.2857142857143,77.0,0,0,0,70.051588,61.4285714285714,12.515873,14.0,6,,,,,9032,2017-07-02,5300108,Brasilia,DF,2017,27
1498348800000,201726,7.0,7,7,7,0.04470727,0.2291214,0,1,530010820172619589,2023-08-20,Brasília,0,0.47740382,3055149,13.2857142857143,77.5714285714286,0,0,0,66.5651928571429,55.2857142857143,15.3472221428571,16.8571428571429,2,,,,,9032,2017-06-25,5300108,Brasilia,DF,2017,26
1497744000000,201725,14.0,14,14,14,0.301432,0.4582428,0,1,530010820172519589,2023-08-20,Brasília,0,0.8309242,3055149,12.7142857142857,80.8571428571429,0,0,0,73.7301592857143,65.7142857142857,14.156746,16.1428571428571,3,,,,,9032,2017-06-18,5300108,Brasilia,DF,2017,25
1497139200000,201724,14.0,14,14,14,0.25139076,0.4582428,0,1,530010820172419589,2023-08-20,Brasília,0,0.790058,3055149,14.2857142857143,89.8571428571429,0,0,0,80.9348071428571,69.2857142857143,16.1686507142857,18.8571428571429,7,,,,,9032,2017-06-11,5300108,Brasilia,DF,2017,24
1496534400000,201723,17.0,17,17,17,0.5033651,0.5564377,0,1,530010820172319589,2023-08-20,Brasília,0,1.002864,3055149,15.1428571428571,94.0,0,0,0,88.2103171428571,81.2857142857143,16.6805557142857,18.5714285714286,3,,,,,9032,2017-06-04,5300108,Brasilia,DF,2017,23
1495929600000,201722,21.0,21,21,21,0.79249525,0.68736416,0,1,530010820172219589,2023-08-20,Brasília,0,1.3044752,3055149,16.8571428571429,93.1428571428571,0,0,0,86.6031742857143,79.8571428571429,18.3988094285714,20.1428571428571,5,,,,,9032,2017-05-28,5300108,Brasilia,DF,2017,22
1495324800000,201721,14.0,14,14,14,0.44623306,0.4582428,0,1,530010820172119589,2023-08-20,Brasília,0,0.95148253,3055149,18.0,95.0,1,0,0,91.1206342857143,85.2857142857143,19.0083334285714,20.4285714285714,1,,,,,9032,2017-05-21,5300108,Brasilia,DF,2017,21
1494720000000,201720,19.0,19,19,19,0.85607374,0.6219009,0,1,530010820172019589,2023-08-20,Brasília,0,1.4529942,3055149,17.0,97.4285714285714,0,0,0,89.9309864285714,79.7142857142857,18.9165981428571,20.8571428571429,8,,,,,9032,2017-05-14,5300108,Brasilia,DF,2017,20
1494115200000,201719,13.0,13,13,13,0.61305356,0.42551115,0,1,530010820171919589,2023-08-20,Brasília,0,1.1207333,3055149,16.0,89.0,0,0,0,79.252551,69.5714285714286,17.7653061428571,20.1428571428571,4,,,,,9032,2017-05-07,5300108,Brasilia,DF,2017,19
1493510400000,201718,15.0,15,15,15,0.7908476,0.49097443,0,1,530010820171819589,2023-08-20,Brasília,0,1.3696545,3055149,16.8571428571429,94.8571428571429,0,0,0,84.5280614285714,75.2857142857143,18.9260202857143,20.7142857142857,4,,,,,9032,2017-04-30,5300108,Brasilia,DF,2017,18
1492905600000,201717,9.0,9,9,9,0.37016004,0.29458466,0,2,530010820171719589,2023-08-20,Brasília,0,0.8629751,3055149,19.2857142857143,96.5714285714286,1,0,0,91.2924264285714,82.4285714285714,20.4856175714286,22.4285714285714,4,,,,,9032,2017-04-23,5300108,Brasilia,DF,2017,17
1492300800000,201716,13.0,13,13,13,0.6546445,0.42551115,0,2,530010820171619589,2023-08-20,Brasília,0,1.1730596,3055149,18.4285714285714,91.7142857142857,1,0,0,85.4999984285714,75.8571428571429,19.9875282857143,21.8571428571429,2,,,,,9032,2017-04-16,5300108,Brasilia,DF,2017,16
1491696000000,201715,9.0,9,9,9,0.1792911,0.29458466,0,2,530010820171519589,2023-08-20,Brasília,0,0.68005633,3055149,17.8571428571429,92.4285714285714,1,0,0,80.7494321428571,65.1428571428571,20.2063492857143,23.0,3,,,,,9032,2017-04-09,5300108,Brasilia,DF,2017,15
1491091200000,201714,10.0,10,10,10,0.19238292,0.32731628,0,2,530010820171419589,2023-08-20,Brasília,0,0.70471895,3055149,18.0,94.0,1,0,0,87.0733742857143,78.4285714285714,19.8468507142857,21.8571428571429,3,,,,,9032,2017-04-02,5300108,Brasilia,DF,2017,14
1490486400000,201713,13.0,13,13,13,0.5321176,0.42551115,0,2,530010820171319589,2023-08-20,Brasília,0,1.0318403,3055149,18.5714285714286,97.4285714285714,1,0,0,90.9754791428571,81.1428571428571,19.875263,21.2857142857143,1,,,,,9032,2017-03-26,5300108,Brasilia,DF,2017,13
1489881600000,201712,19.0,19,19,19,0.92838126,0.6219009,0,2,530010820171219589,2023-08-20,Brasília,0,1.7078413,3055149,18.2857142857143,96.5714285714286,1,0,0,89.9855434285714,80.5714285714286,19.6284012857143,21.7142857142857,10,,,,,9032,2017-03-19,5300108,Brasilia,DF,2017,12
1489276800000,201711,9.0,9,9,9,0.46040052,0.29458466,0,2,530010820171119589,2023-08-20,Brasília,0,0.9557112,3055149,18.2857142857143,92.7142857142857,1,0,0,82.5025514285714,69.1428571428571,21.0408164285714,23.4285714285714,1,,,,,9032,2017-03-12,5300108,Brasilia,DF,2017,11
1488672000000,201710,13.0,13,13,13,0.8604532,0.42551115,0,2,530010820171019589,2023-08-20,Brasília,0,1.5962106,3055149,20.2857142857143,90.0,1,0,0,80.1154762857143,67.0,22.0928571428571,24.1428571428571,2,,,,,9032,2017-03-05,5300108,Brasilia,DF,2017,10
1488067200000,201709,10.0,10,10,10,0.5896874,0.32731628,0,2,530010820170919589,2023-08-20,Brasília,0,1.1071053,3055149,18.0,97.1428571428571,1,0,0,89.6066791428571,80.1428571428571,19.7307515714286,21.4285714285714,2,,,,,9032,2017-02-26,5300108,Brasilia,DF,2017,9
1487462400000,201708,5.0,5,5,5,0.056186154,0.16365814,0,2,530010820170819589,2023-08-20,Brasília,0,0.44947767,3055149,19.5714285714286,90.5714285714286,1,0,0,82.4666671428571,71.5714285714286,21.470238,23.4285714285714,2,,,,,9032,2017-02-19,5300108,Brasilia,DF,2017,8
1486857600000,201707,10.0,10,10,10,0.2555213,0.32731628,0,2,530010820170719589,2023-08-20,Brasília,0,0.76354736,3055149,19.1428571428571,94.8571428571429,1,0,0,84.2842971428571,67.0,20.8106578571429,22.5714285714286,2,,,,,9032,2017-02-12,5300108,Brasilia,DF,2017,7
1486252800000,201706,10.0,10,10,10,0.21869454,0.32731628,0,2,530010820170619589,2023-08-20,Brasília,0,0.72955847,3055149,19.5714285714286,95.7142857142857,1,0,0,90.7521895714286,79.7142857142857,20.9316501428571,23.1428571428571,1,,,,,9032,2017-02-05,5300108,Brasilia,DF,2017,6
1485648000000,201705,15.0,15,15,15,0.6173137,0.49097443,0,2,530010820170519589,2023-08-20,Brasília,0,1.1167072,3055149,19.5714285714286,90.7142857142857,1,0,0,83.3244995714286,74.4285714285714,21.0728368571429,22.8571428571429,6,,,,,9032,2017-01-29,5300108,Brasilia,DF,2017,5
1485043200000,201704,14.0,14,14,14,0.57897806,0.4582428,0,2,530010820170419589,2023-08-20,Brasília,0,1.0785055,3055149,18.7142857142857,96.0,1,0,0,85.9585037142857,73.8571428571429,20.4312927142857,23.0,8,,,,,9032,2017-01-22,5300108,Brasilia,DF,2017,4
1484438400000,201703,13.0,13,13,13,0.54853195,0.42551115,0,1,530010820170319589,2023-08-20,Brasília,0,1.0487678,3055149,18.7142857142857,94.8571428571429,1,0,0,85.686888,66.5714285714286,20.707794,23.4285714285714,1,,,,,9032,2017-01-15,5300108,Brasilia,DF,2017,3
1483833600000,201702,14.0,14,14,14,0.7406146,0.4582428,0,1,530010820170219589,2023-08-20,Brasília,0,1.2912408,3055149,19.8571428571429,90.7142857142857,1,0,0,83.31172,68.8571428571429,21.6940901428571,23.7142857142857,5,,,,,9032,2017-01-08,5300108,Brasilia,DF,2017,2
1483228800000,201701,11.0,11,11,11,0.8057043,0.3600479,0,1,530010820170119589,2023-08-20,Brasília,0,1.4868898,3055149,19.7142857142857,87.4285714285714,0,0,0,72.289117,56.2857142857143,22.7341267142857,25.7142857142857,4,,,,,9032,2017-01-01,5300108,Brasilia,DF,2017,1
1482624000000,201652,15.0,15,15,15,0.9905876,0.49097443,0,1,530010820165219589,2023-08-20,Brasília,0,3.0144703,3055149,19.0,92.2857142857143,1,0,0,77.8925728571429,62.8571428571429,21.828456,24.7142857142857,4,,,,,9032,2016-12-25,5300108,Brasilia,DF,2016,52
1482019200000,201651,5.0,5,5,5,0.42277887,0.16365814,0,1,530010820165119589,2023-08-20,Brasília,0,0.8913189,3055149,20.1428571428571,85.2857142857143,0,0,0,74.4387757142857,61.2857142857143,22.1479591428571,24.5714285714286,2,,,,,9032,2016-12-18,5300108,Brasilia,DF,2016,51
1481414400000,201650,4.0,4,4,4,0.12029761,0.1309265,0,2,530010820165019589,2023-08-20,Brasília,0,0.50894964,3055149,19.7142857142857,95.7142857142857,1,0,0,89.082014,79.2857142857143,20.8965221428571,22.4285714285714,3,,,,,9032,2016-12-11,5300108,Brasilia,DF,2016,50
1480809600000,201649,3.0,3,3,3,0.048983876,0.09819488,0,2,530010820164919589,2023-08-20,Brasília,0,0.36509532,3055149,20.0,92.2857142857143,1,0,0,85.1367972857143,72.5714285714286,21.5807042857143,23.8571428571429,1,,,,,9032,2016-12-04,5300108,Brasilia,DF,2016,49
1480204800000,201648,11.0,11,11,11,0.8366177,0.3600479,0,2,530010820164819589,2023-08-20,Brasília,0,1.580643,3055149,18.7142857142857,95.7142857142857,1,0,0,87.5812262857143,75.5714285714286,21.4258894285714,24.5714285714286,3,,,,,9032,2016-11-27,5300108,Brasilia,DF,2016,48
1479600000000,201647,9.0,9,9,9,0.78692573,0.29458466,0,2,530010820164719589,2023-08-20,Brasília,0,1.496819,3055149,19.1666666666667,98.0,1,0,0,89.8182611666667,81.1666666666667,20.6537588333333,22.5,4,,,,,9032,2016-11-20,5300108,Brasilia,DF,2016,47
1478995200000,201646,6.0,6,6,6,0.58453584,0.19638976,0,2,530010820164619589,2023-08-20,Brasília,0,1.1302807,3055149,19.0,98.2857142857143,1,0,0,88.4113421428571,76.4285714285714,20.5806982857143,22.7142857142857,2,,,,,9032,2016-11-13,5300108,Brasilia,DF,2016,46
1478390400000,201645,6.0,6,6,6,0.72032875,0.19638976,0,1,530010820164519589,2023-08-20,Brasília,0,1.4235864,3055149,19.2857142857143,94.1428571428571,1,0,0,86.5108848571429,75.7142857142857,20.9880951428571,23.1428571428571,4,,,,,9032,2016-11-06,5300108,Brasilia,DF,2016,45
1477785600000,201644,6.0,6,6,6,0.8460929,0.19638976,0,1,530010820164419589,2023-08-20,Brasília,0,1.9388052,3055149,19.8571428571429,93.4285714285714,1,0,0,85.7820195714286,75.5714285714286,21.1360837142857,22.4285714285714,4,,,,,9032,2016-10-30,5300108,Brasilia,DF,2016,44
1477180800000,201643,4.0,4,4,4,0.74971133,0.1309265,0,1,530010820164319589,2023-08-20,Brasília,0,1.6574512,3055149,19.2857142857143,87.0,0,0,0,76.2435685714286,62.8571428571429,21.2112748571429,23.7142857142857,3,,,,,9032,2016-10-23,5300108,Brasilia,DF,2016,43
1476576000000,201642,3.0,3,3,3,0.58548534,0.09819488,0,1,530010820164219589,2023-08-20,Brasília,0,1.1858721,3055149,20.2857142857143,80.4285714285714,0,0,0,71.1638888571429,58.2857142857143,21.9146827142857,24.2857142857143,1,,,,,9032,2016-10-16,5300108,Brasilia,DF,2016,42
1475971200000,201641,2.0,2,2,2,0.21987312,0.06546325,0,1,530010820164119589,2023-08-20,Brasília,0,0.5412813,3055149,20.1428571428571,75.2857142857143,0,0,0,67.3004545714286,55.7142857142857,21.5955212857143,23.5714285714286,1,,,,,9032,2016-10-09,5300108,Brasilia,DF,2016,41
1475366400000,201640,2.0,2,2,2,0.08555752,0.06546325,0,1,530010820164019589,2023-08-20,Brasília,0,0.36745733,3055149,18.0,90.7142857142857,1,0,0,80.3370985714286,68.4285714285714,20.0352565714286,22.2857142857143,0,,,,,9032,2016-10-02,5300108,Brasilia,DF,2016,40
1474761600000,201639,3.0,3,3,3,0.13503897,0.09819488,0,1,530010820163919589,2023-08-20,Brasília,0,0.48812205,3055149,17.7142857142857,94.0,1,0,0,84.3971092857143,72.5714285714286,19.8089564285714,22.8571428571429,0,,,,,9032,2016-09-25,5300108,Brasilia,DF,2016,39
1474156800000,201638,6.0,6,6,6,0.6191828,0.19638976,0,1,530010820163819589,2023-08-20,Brasília,0,1.1926326,3055149,18.2857142857143,80.1428571428571,0,0,0,68.0518615714286,53.7142857142857,20.0165567142857,22.8571428571429,5,,,,,9032,2016-09-18,5300108,Brasilia,DF,2016,38
1473552000000,201637,8.0,8,8,8,0.8913448,0.261853,0,1,530010820163719589,2023-08-20,Brasília,0,2.0338404,3055149,14.7142857142857,73.5714285714286,0,0,0,59.3626411428571,44.1428571428571,17.8866214285714,21.1428571428571,6,,,,,9032,2016-09-11,5300108,Brasilia,DF,2016,37
1472947200000,201636,5.0,5,5,5,0.616753,0.16365814,0,1,530010820163619589,2023-08-20,Brasília,0,1.2068144,3055149,14.5714285714286,73.5714285714286,0,0,0,59.6295342857143,46.8571428571429,17.3146257142857,20.4285714285714,2,,,,,9032,2016-09-04,5300108,Brasilia,DF,2016,36
1472342400000,201635,2.0,2,2,2,0.15761206,0.06546325,0,1,530010820163519589,2023-08-20,Brasília,0,0.46220407,3055149,15.2857142857143,79.0,0,0,0,61.1159295714286,42.4285714285714,19.5615075714286,23.8571428571429,0,,,,,9032,2016-08-28,5300108,Brasilia,DF,2016,35
1471737600000,201634,5.0,5,5,5,0.61791116,0.16365814,0,1,530010820163419589,2023-08-20,Brasília,0,1.2092403,3055149,13.4285714285714,85.0,0,0,0,70.3480991428571,54.7142857142857,17.0159275714286,21.0,2,,,,,9032,2016-08-21,5300108,Brasilia,DF,2016,34
1471132800000,201633,5.0,5,5,5,0.5836019,0.16365814,0,1,530010820163319589,2023-08-20,Brasília,0,1.1410486,3055149,16.4285714285714,78.7142857142857,0,0,0,68.9680478571429,58.4285714285714,18.7260538571429,20.8571428571429,3,,,,,9032,2016-08-14,5300108,Brasilia,DF,2016,33
1470528000000,201632,3.0,3,3,3,0.20372161,0.09819488,0,1,530010820163219589,2023-08-20,Brasília,0,0.57225615,3055149,13.4285714285714,74.1428571428571,0,0,0,61.0568771428571,47.4285714285714,16.3796294285714,20.1428571428571,0,,,,,9032,2016-08-07,5300108,Brasilia,DF,2016,32
1469923200000,201631,5.0,5,5,5,0.27648383,0.16365814,0,1,530010820163119589,2023-08-20,Brasília,0,0.7165962,3055149,11.8571428571429,83.8571428571429,0,0,0,67.3651914285714,49.7142857142857,15.1477325714286,18.8571428571429,2,,,,,9032,2016-07-31,5300108,Brasilia,DF,2016,31
1469318400000,201630,4.0,4,4,4,0.08675515,0.1309265,0,1,530010820163019589,2023-08-20,Brasília,0,0.46443197,3055149,12.4285714285714,79.1428571428571,0,0,0,65.7624717142857,53.7142857142857,15.5039682857143,18.5714285714286,1,,,,,9032,2016-07-24,5300108,Brasilia,DF,2016,30
1468713600000,201629,7.0,7,7,7,0.28738484,0.2291214,0,1,530010820162919589,2023-08-20,Brasília,0,0.76116323,3055149,11.7142857142857,83.0,0,0,0,69.3151912857143,55.1428571428571,14.6000565714286,17.8571428571429,2,,,,,9032,2016-07-17,5300108,Brasilia,DF,2016,29
1468108800000,201628,10.0,10,10,10,0.55122995,0.32731628,0,1,530010820162819589,2023-08-20,Brasília,0,1.0588377,3055149,10.2857142857143,89.4285714285714,0,0,0,75.4257362857143,57.1428571428571,13.4325398571429,17.4285714285714,4,,,,,9032,2016-07-10,5300108,Brasilia,DF,2016,28
1467504000000,201627,9.0,9,9,9,0.44670624,0.29458466,0,1,530010820162719589,2023-08-20,Brasília,0,0.9409914,3055149,14.1428571428571,82.7142857142857,0,0,0,71.2820285714286,56.2857142857143,16.170068,18.8571428571429,7,,,,,9032,2016-07-03,5300108,Brasilia,DF,2016,27
1466899200000,201626,9.0,9,9,9,0.4373587,0.29458466,0,1,530010820162619589,2023-08-20,Brasília,0,0.93109787,3055149,12.2857142857143,88.8571428571429,0,0,0,74.8065812857143,57.2857142857143,14.41523,17.0,3,,,,,9032,2016-06-26,5300108,Brasilia,DF,2016,26
1466294400000,201625,11.0,11,11,11,0.4268852,0.3600479,0,1,530010820162519589,2023-08-20,Brasília,0,0.9270782,3055149,11.8571428571429,94.0,0,0,0,80.1425732857143,66.1428571428571,14.3024375714286,17.2857142857143,3,,,,,9032,2016-06-19,5300108,Brasilia,DF,2016,25
1465689600000,201624,8.0,8,8,8,0.05702053,0.261853,0,1,530010820162419589,2023-08-20,Brasília,0,0.5179268,3055149,11.5714285714286,94.8571428571429,0,0,0,84.1095234285714,70.8571428571429,14.0441041428571,16.8571428571429,1,,,,,9032,2016-06-12,5300108,Brasilia,DF,2016,24
1465084800000,201623,9.0,9,9,9,0.04264307,0.29458466,0,1,530010820162319589,2023-08-20,Brasília,0,0.50956655,3055149,14.7142857142857,96.7142857142857,0,0,0,85.0391148571429,71.2857142857143,17.3015871428571,20.2857142857143,4,,,,,9032,2016-06-05,5300108,Brasilia,DF,2016,23
1464480000000,201622,20.0,20,20,20,0.47648588,0.65463257,0,1,530010820162219589,2023-08-20,Brasília,0,0.98179466,3055149,13.0,93.1428571428571,0,0,0,81.6394545714286,68.4285714285714,15.8486394285714,18.8571428571429,9,,,,,9032,2016-05-29,5300108,Brasilia,DF,2016,22
1463875200000,201621,15.0,15,15,15,0.037227474,0.49097443,0,1,530010820162119589,2023-08-20,Brasília,0,0.5710246,3055149,15.4285714285714,95.7142857142857,0,0,0,82.2964865714286,67.5714285714286,18.0731294285714,20.8571428571429,4,,,,,9032,2016-05-22,5300108,Brasilia,DF,2016,21
1463270400000,201620,21.0,21,21,21,0.03917681,0.68736416,0,1,530010820162019589,2023-08-20,Brasília,0,0.6198471,3055149,17.8571428571429,94.0,1,0,0,85.986962,74.7142857142857,19.2891154285714,21.4285714285714,9,,,,,9032,2016-05-15,5300108,Brasilia,DF,2016,20
1462665600000,201619,20.0,20,20,20,0.014206409,0.65463257,0,1,530010820161919589,2023-08-20,Brasília,0,0.55269617,3055149,15.5714285714286,88.1428571428571,0,0,0,75.1598618571429,59.2857142857143,18.2619048571429,21.4285714285714,8,,,,,9032,2016-05-08,5300108,Brasilia,DF,2016,19
1462060800000,201618,42.0,42,42,42,0.7319591,1.3747283,0,1,530010820161819589,2023-08-20,Brasília,0,1.1491891,3055149,15.4285714285714,94.0,0,0,0,81.981576,68.7142857142857,17.8897392857143,20.8571428571429,21,,,,,9032,2016-05-01,5300108,Brasilia,DF,2016,18
1461456000000,201617,39.0,39,39,39,0.35922265,1.2765335,0,1,530010820161719589,2023-08-20,Brasília,0,0.9234615,3055149,17.0,94.0,0,0,0,85.6716438571429,68.8571428571429,18.850505,21.7142857142857,27,,,,,9032,2016-04-24,5300108,Brasilia,DF,2016,17
1460851200000,201616,28.0,28,28,28,0.006178672,0.9164856,0,1,530010820161619589,2023-08-20,Brasília,0,0.5622717,3055149,16.5714285714286,88.0,0,0,0,67.2322385714286,43.1428571428571,20.5540441428571,24.8571428571429,18,,,,,9032,2016-04-17,5300108,Brasilia,DF,2016,16
1460246400000,201615,44.0,44,44,44,0.18842666,1.4401916,0,1,530010820161519589,2023-08-20,Brasília,0,0.83579886,3055149,16.2857142857143,89.0,0,0,0,58.2568032857143,24.5714285714286,22.7471658571429,28.7142857142857,39,,,,,9032,2016-04-10,5300108,Brasilia,DF,2016,15
1459641600000,201614,51.0,51,51,51,0.5818322,1.6693131,0,1,530010820161419589,2023-08-20,Brasília,0,1.0420194,3055149,17.1428571428571,91.5714285714286,1,0,0,80.3276642857143,66.1428571428571,19.5107708571429,22.5714285714286,43,,,,,9032,2016-04-03,5300108,Brasilia,DF,2016,14
1459036800000,201613,60.0,60,60,60,0.9124209,1.9638977,0,1,530010820161319589,2023-08-20,Brasília,0,1.3012654,3055149,16.4285714285714,96.5714285714286,0,0,0,87.1434238571429,76.0,18.3407027142857,20.5714285714286,48,,,,,9032,2016-03-27,5300108,Brasilia,DF,2016,13
1458432000000,201612,48.0,48,48,48,0.37363413,1.5711181,0,2,530010820161219589,2023-08-20,Brasília,0,0.93757874,3055149,17.4285714285714,96.5714285714286,1,0,0,89.8616778571429,80.2857142857143,18.929705,20.8571428571429,40,,,,,9032,2016-03-20,5300108,Brasilia,DF,2016,12
1457827200000,201611,40.0,40,40,40,0.018113904,1.3092651,0,2,530010820161119589,2023-08-20,Brasília,0,0.65712994,3055149,17.2857142857143,95.8571428571429,1,0,0,87.914682,77.1428571428571,19.1309525714286,21.5714285714286,41,,,,,9032,2016-03-13,5300108,Brasilia,DF,2016,11
1457222400000,201610,47.0,47,47,47,0.026509546,1.5383865,0,2,530010820161019589,2023-08-20,Brasília,0,0.69549465,3055149,19.7142857142857,99.1428571428571,1,0,0,90.8820865714286,80.0,20.6164965714286,22.0,42,,,,,9032,2016-03-06,5300108,Brasilia,DF,2016,10
1456617600000,201609,67.0,67,67,67,0.45140523,2.1930192,0,2,530010820160919589,2023-08-20,Brasília,0,0.97929424,3055149,19.0,95.7142857142857,1,0,0,88.2529098571429,76.7142857142857,20.6726508571429,22.4285714285714,66,,,,,9032,2016-02-28,5300108,Brasilia,DF,2016,9
1456012800000,201608,67.0,67,67,67,0.7128637,2.1930192,0,2,530010820160819589,2023-08-20,Brasília,0,1.1042548,3055149,17.2857142857143,96.8571428571429,1,0,0,89.1411558571429,80.2857142857143,18.72449,20.8571428571429,65,,,,,9032,2016-02-21,5300108,Brasilia,DF,2016,8
1455408000000,201607,76.0,76,76,76,0.9944434,2.4876037,0,1,530010820160719589,2023-08-20,Brasília,0,1.5849829,3055149,17.5714285714286,94.0,1,0,0,85.2006808571429,65.7142857142857,19.4691558571429,21.5714285714286,74,,,,,9032,2016-02-14,5300108,Brasilia,DF,2016,7
1454803200000,201606,65.0,65,65,65,0.9965728,2.1275558,0,1,530010820160619589,2023-08-20,Brasília,0,1.7171184,3055149,18.5714285714286,94.8571428571429,1,0,0,70.5996,37.1428571428571,23.3761632857143,29.1428571428571,60,,,,,9032,2016-02-07,5300108,Brasilia,DF,2016,6
1454198400000,201605,44.0,44,44,44,0.9237978,1.4401916,0,1,530010820160519589,2023-08-20,Brasília,0,1.3902193,3055149,16.7142857142857,96.5714285714286,0,0,0,69.3639462857143,34.7142857142857,22.9293205714286,29.0,37,,,,,9032,2016-01-31,5300108,Brasilia,DF,2016,5
1453593600000,201604,36.0,36,36,36,0.9036777,1.1783386,0,2,530010820160419589,2023-08-20,Brasília,0,1.3928078,3055149,19.1428571428571,97.4285714285714,1,0,0,88.2325914285714,76.2857142857143,20.553884,22.4285714285714,30,,,,,9032,2016-01-24,5300108,Brasilia,DF,2016,4
1452988800000,201603,32.0,32,32,32,0.96922004,1.047412,0,2,530010820160319589,2023-08-20,Brasília,0,1.6971421,3055149,19.4285714285714,96.5714285714286,1,0,0,91.8866034285714,83.8571428571429,20.3352258571429,21.7142857142857,25,,,,,9032,2016-01-17,5300108,Brasilia,DF,2016,3
1452384000000,201602,28.0,28,28,28,0.9927209,0.9164856,0,2,530010820160219589,2023-08-20,Brasília,0,2.194758,3055149,19.8571428571429,96.5714285714286,1,0,0,91.8952377142857,85.0,20.4555558571429,21.7142857142857,26,,,,,9032,2016-01-10,5300108,Brasilia,DF,2016,2
1451779200000,201601,18.0,18,18,18,0.9598022,0.5891693,0,2,530010820160119589,2023-08-20,Brasília,0,1.9731866,3055149,19.8571428571429,95.7142857142857,1,0,0,92.1944434285714,87.0,20.3042657142857,21.2857142857143,14,,,,,9032,2016-01-03,5300108,Brasilia,DF,2016,1
1451174400000,201552,11.0,11,11,11,0.74532545,0.3600479,0,2,530010820155219589,2023-08-20,Brasília,0,1.345015,3055149,18.7142857142857,97.4285714285714,1,0,0,88.9041938571429,79.7142857142857,19.7125842857143,21.4285714285714,13,,,,,9032,2015-12-27,5300108,Brasilia,DF,2015,52
1450569600000,201551,9.0,9,9,9,0.5057808,0.29458466,0,2,530010820155119589,2023-08-20,Brasília,0,1.006707,3055149,18.1428571428571,93.4285714285714,1,0,0,81.7665335714286,70.7142857142857,20.3035714285714,22.7142857142857,8,,,,,9032,2015-12-20,5300108,Brasilia,DF,2015,51
1449964800000,201550,5.0,5,5,5,0.18725449,0.16365814,0,2,530010820155019589,2023-08-20,Brasília,0,0.6176284,3055149,18.2857142857143,93.1428571428571,1,0,0,82.9737322857143,69.8571428571429,19.9398998571429,22.1428571428571,5,,,,,9032,2015-12-13,5300108,Brasilia,DF,2015,50
1449360000000,201549,12.0,12,12,12,0.947443,0.39277953,0,2,530010820154919589,2023-08-20,Brasília,0,2.1917338,3055149,18.4285714285714,96.5714285714286,1,0,0,81.6306114285714,56.7142857142857,21.272789,25.7142857142857,10,,,,,9032,2015-12-06,5300108,Brasilia,DF,2015,49
1448755200000,201548,9.0,9,9,9,0.95627534,0.29458466,0,2,530010820154819589,2023-08-20,Brasília,0,2.7046895,3055149,18.7142857142857,94.8571428571429,1,0,0,70.8344028571429,37.2857142857143,23.9021398571429,30.2857142857143,9,,,,,9032,2015-11-29,5300108,Brasilia,DF,2015,48
1448150400000,201547,5.0,5,5,5,0.8434218,0.16365814,0,1,530010820154719589,2023-08-20,Brasília,0,2.0534453,3055149,18.7142857142857,97.4285714285714,1,0,0,77.7202051428571,37.7142857142857,22.4175107142857,29.1428571428571,5,,,,,9032,2015-11-22,5300108,Brasilia,DF,2015,47
1447545600000,201546,2.0,2,2,2,0.58380073,0.06546325,0,1,530010820154619589,2023-08-20,Brasília,0,1.2190315,3055149,19.1428571428571,94.8571428571429,1,0,0,79.5603714285714,46.0,22.4648577142857,28.4285714285714,2,,,,,9032,2015-11-15,5300108,Brasilia,DF,2015,46
1446940800000,201545,3.0,3,3,3,0.91448146,0.09819488,0,1,530010820154519589,2023-08-20,Brasília,0,3.977209,3055149,17.5714285714286,82.5714285714286,0,0,0,50.3418361428571,18.0,25.0438774285714,32.5714285714286,3,,,,,9032,2015-11-08,5300108,Brasilia,DF,2015,45
1446336000000,201544,2.0,2,2,2,0.8562977,0.06546325,0,1,530010820154419589,2023-08-20,Brasília,0,3.304573,3055149,18.0,94.25,1,0,0,64.834939875,22.375,23.845613,31.125,2,,,,,9032,2015-11-01,5300108,Brasilia,DF,2015,44
1445731200000,201543,0.0,0,0,0,0.0,0.0,0,1,530010820154319589,2023-08-20,Brasília,0,0.0,3055149,18.5714285714286,94.0,0,0,0,74.2970257142857,32.4285714285714,22.5373938571429,28.0,0,,,,,9032,2015-10-25,5300108,Brasilia,DF,2015,43
1445126400000,201542,0.0,0,0,0,0.0,0.0,0,1,530010820154219589,2023-08-20,Brasília,0,0.0,3055149,17.1428571428571,77.1428571428571,0,0,0,46.4860485714286,20.1428571428571,25.4464884285714,33.2857142857143,0,,,,,9032,2015-10-18,5300108,Brasilia,DF,2015,42
1444521600000,201541,2.0,2,2,2,0.63975954,0.06546325,0,1,530010820154119589,2023-08-20,Brasília,0,1.4112109,3055149,16.1428571428571,66.7142857142857,0,0,0,35.5308012857143,9.85714285714286,25.3737717142857,33.2857142857143,2,,,,,9032,2015-10-11,5300108,Brasilia,DF,2015,41
1443916800000,201540,0.0,0,0,0,0.0,0.0,0,1,530010820154019589,2023-08-20,Brasília,0,0.0,3055149,17.5714285714286,84.0,0,0,0,50.7846942857143,20.1428571428571,24.9978081428571,32.7142857142857,0,,,,,9032,2015-10-04,5300108,Brasilia,DF,2015,40
1443312000000,201539,3.0,3,3,3,0.8397282,0.09819488,0,1,530010820153919589,2023-08-20,Brasília,0,2.495913,3055149,16.5714285714286,88.4285714285714,0,0,0,54.077763,20.4285714285714,23.6662562857143,31.0,1,,,,,9032,2015-09-27,5300108,Brasilia,DF,2015,39
1442707200000,201538,0.0,0,0,0,0.0,0.0,0,1,530010820153819589,2023-08-20,Brasília,0,0.0,3055149,14.7142857142857,73.8571428571429,0,0,0,40.6734691428571,10.1428571428571,24.3418368571429,33.1428571428571,0,,,,,9032,2015-09-20,5300108,Brasilia,DF,2015,38
1442102400000,201537,2.0,2,2,2,0.9061679,0.06546325,0,1,530010820153719589,2023-08-20,Brasília,0,4.84327,3055149,16.2857142857143,84.1428571428571,0,0,0,57.0918375714286,26.2857142857143,22.607143,29.4285714285714,2,,,,,9032,2015-09-13,5300108,Brasilia,DF,2015,37
1441497600000,201536,1.0,1,1,1,0.7533292,0.032731626,0,1,530010820153619589,2023-08-20,Brasília,0,2.447096,3055149,17.0,81.4285714285714,0,0,0,55.8860647142857,24.2857142857143,23.6015798571429,30.8571428571429,1,,,,,9032,2015-09-06,5300108,Brasilia,DF,2015,36
1440892800000,201535,0.0,0,0,0,0.0,0.0,0,1,530010820153519589,2023-08-20,Brasília,0,0.0,3055149,12.7142857142857,80.5714285714286,0,0,0,43.9671204285714,13.0,22.354308,31.2857142857143,0,,,,,9032,2015-08-30,5300108,Brasilia,DF,2015,35
1440288000000,201534,0.0,0,0,0,0.0,0.0,0,1,530010820153419589,2023-08-20,Brasília,0,0.0,3055149,14.0,82.5714285714286,0,0,0,47.7384612857143,15.1428571428571,22.6258045714286,30.7142857142857,0,,,,,9032,2015-08-23,5300108,Brasilia,DF,2015,34
1439683200000,201533,1.0,1,1,1,0.3286228,0.032731626,0,1,530010820153319589,2023-08-20,Brasília,0,0.62286067,3055149,12.7142857142857,85.5714285714286,0,0,0,53.7023218571429,17.7142857142857,20.4750174285714,28.5714285714286,2,,,,,9032,2015-08-16,5300108,Brasilia,DF,2015,33
1439078400000,201532,2.0,2,2,2,0.4648844,0.06546325,0,1,530010820153219589,2023-08-20,Brasília,0,0.92485136,3055149,11.1428571428571,83.1428571428571,0,0,0,55.3128078571429,21.5714285714286,18.1850808571429,25.8571428571429,1,,,,,9032,2015-08-09,5300108,Brasilia,DF,2015,32
1438473600000,201531,1.0,1,1,1,0.10906785,0.032731626,0,1,530010820153119589,2023-08-20,Brasília,0,0.31282237,3055149,9.71428571428571,83.5714285714286,0,0,0,49.9438775714286,15.0,18.7755101428571,27.2857142857143,1,,,,,9032,2015-08-02,5300108,Brasilia,DF,2015,31
1437868800000,201530,2.0,2,2,2,0.1641751,0.06546325,0,1,530010820153019589,2023-08-20,Brasília,0,0.47050923,3055149,13.4285714285714,82.7142857142857,0,0,0,50.6590141428571,19.7142857142857,20.8265307142857,27.2857142857143,2,,,,,9032,2015-07-26,5300108,Brasilia,DF,2015,30
1437264000000,201529,3.0,3,3,3,0.2095791,0.09819488,0,1,530010820152919589,2023-08-20,Brasília,0,0.579357,3055149,13.0,83.1428571428571,0,0,0,55.1442867142857,24.4285714285714,19.7262584285714,26.0,4,,,,,9032,2015-07-19,5300108,Brasilia,DF,2015,29
1436659200000,201528,5.0,5,5,5,0.4110758,0.16365814,0,1,530010820152819589,2023-08-20,Brasília,0,0.87612855,3055149,13.7142857142857,87.1428571428571,0,0,0,59.0944818571429,26.5714285714286,20.080688,26.0,5,,,,,9032,2015-07-12,5300108,Brasilia,DF,2015,28
1436054400000,201527,4.0,4,4,4,0.4197111,0.1309265,0,1,530010820152719589,2023-08-20,Brasília,0,0.87635565,3055149,14.2857142857143,89.7142857142857,0,0,0,65.7380361428571,33.5714285714286,19.7841307142857,26.0,4,,,,,9032,2015-07-05,5300108,Brasilia,DF,2015,27
1435449600000,201526,8.0,8,8,8,0.94755024,0.261853,0,1,530010820152619589,2023-08-20,Brasília,0,2.710533,3055149,12.0,85.2857142857143,0,0,0,59.876417,25.2857142857143,19.1681785714286,25.7142857142857,7,,,,,9032,2015-06-28,5300108,Brasilia,DF,2015,26
1434844800000,201525,5.0,5,5,5,0.8081608,0.16365814,0,1,530010820152519589,2023-08-20,Brasília,0,1.8329428,3055149,12.8571428571429,88.4285714285714,0,0,0,66.1838508571429,36.2857142857143,17.8029554285714,22.7142857142857,5,,,,,9032,2015-06-21,5300108,Brasilia,DF,2015,25
1434240000000,201524,1.0,1,1,1,0.088855244,0.032731626,0,1,530010820152419589,2023-08-20,Brasília,0,0.2863361,3055149,14.0,87.1428571428571,0,0,0,61.7091842857143,30.4285714285714,20.1428572857143,26.0,2,,,,,9032,2015-06-14,5300108,Brasilia,DF,2015,24
1433635200000,201523,3.0,3,3,3,0.2759293,0.09819488,0,1,530010820152319589,2023-08-20,Brasília,0,0.66107196,3055149,13.2857142857143,90.5714285714286,0,0,0,64.2448971428571,31.1428571428571,19.5918364285714,25.2857142857143,2,,,,,9032,2015-06-07,5300108,Brasilia,DF,2015,23
1433030400000,201522,3.0,3,3,3,0.1833804,0.09819488,0,1,530010820152219589,2023-08-20,Brasília,0,0.54760283,3055149,14.8571428571429,90.5714285714286,0,0,0,67.945919,36.4285714285714,19.8690475714286,25.0,3,,,,,9032,2015-05-31,5300108,Brasilia,DF,2015,22
1432425600000,201521,5.0,5,5,5,0.42515197,0.16365814,0,1,530010820152119589,2023-08-20,Brasília,0,0.8944344,3055149,14.1428571428571,91.4285714285714,0,0,0,67.2397967142857,32.8571428571429,19.9711471428571,26.0,5,,,,,9032,2015-05-24,5300108,Brasilia,DF,2015,21
1431820800000,201520,5.0,5,5,5,0.55420184,0.16365814,0,1,530010820152019589,2023-08-20,Brasília,0,1.0879078,3055149,15.4285714285714,92.2857142857143,0,0,0,72.6418005714286,44.7142857142857,19.2973258571429,24.0,5,,,,,9032,2015-05-17,5300108,Brasilia,DF,2015,20
1431216000000,201519,8.0,8,8,8,0.75026846,0.261853,0,1,530010820151919589,2023-08-20,Brasília,0,1.4303526,3055149,15.7142857142857,93.4285714285714,0,0,0,80.1965742857143,59.2857142857143,19.0622945714286,22.8571428571429,8,,,,,9032,2015-05-10,5300108,Brasilia,DF,2015,19
1430611200000,201518,3.0,3,3,3,0.0073636584,0.09819488,0,1,530010820151819589,2023-08-20,Brasília,0,0.2549521,3055149,17.7142857142857,96.5714285714286,1,0,0,80.4563685714286,57.8571428571429,20.5177691428571,24.5714285714286,4,,,,,9032,2015-05-03,5300108,Brasilia,DF,2015,18
1430006400000,201517,3.0,3,3,3,0.0001976556,0.09819488,0,1,530010820151719589,2023-08-20,Brasília,0,0.16638908,3055149,16.8571428571429,95.7142857142857,0,0,0,80.6601361428571,54.8571428571429,20.0105428571429,24.7142857142857,3,,,,,9032,2015-04-26,5300108,Brasilia,DF,2015,17
1429401600000,201516,6.0,6,6,6,0.015380628,0.19638976,0,2,530010820151619589,2023-08-20,Brasília,0,0.38278744,3055149,18.4285714285714,95.7142857142857,1,0,0,76.4443514285714,44.0,22.134099,27.5714285714286,6,,,,,9032,2015-04-19,5300108,Brasilia,DF,2015,16
1428796800000,201515,32.0,32,32,32,0.99981934,1.047412,0,2,530010820151519589,2023-08-20,Brasília,0,3.269485,3055149,18.4285714285714,93.1428571428571,1,0,0,75.9855337142857,48.7142857142857,21.6359731428571,26.2857142857143,7,,,,,9032,2015-04-12,5300108,Brasilia,DF,2015,15
1428192000000,201514,13.0,13,13,13,0.94147927,0.42551115,0,2,530010820151419589,2023-08-20,Brasília,0,2.0528834,3055149,18.7142857142857,94.0,1,0,0,77.1866985714286,46.1428571428571,21.7334595714286,26.0,10,,,,,9032,2015-04-05,5300108,Brasilia,DF,2015,14
1427587200000,201513,9.0,9,9,9,0.79716253,0.29458466,0,2,530010820151319589,2023-08-20,Brasília,0,1.5272355,3055149,18.2857142857143,96.5714285714286,1,0,0,75.3332528571429,37.0,22.202622,27.8571428571429,3,,,,,9032,2015-03-29,5300108,Brasilia,DF,2015,13
1426982400000,201512,4.0,4,4,4,0.2285798,0.1309265,0,2,530010820151219589,2023-08-20,Brasília,0,0.6372608,3055149,17.7142857142857,95.7142857142857,1,0,0,80.8270671428571,48.2857142857143,21.0986725714286,25.5714285714286,3,,,,,9032,2015-03-22,5300108,Brasilia,DF,2015,12
1426377600000,201511,6.0,6,6,6,0.45579132,0.19638976,0,2,530010820151119589,2023-08-20,Brasília,0,0.9407905,3055149,17.2857142857143,98.2857142857143,1,0,0,84.3561707142857,61.0,19.6327768571429,23.8571428571429,6,,,,,9032,2015-03-15,5300108,Brasilia,DF,2015,11
1425772800000,201510,7.0,7,7,7,0.5234268,0.2291214,0,2,530010820151019589,2023-08-20,Brasília,0,1.0311766,3055149,17.8571428571429,97.4285714285714,1,0,0,81.830273,42.8571428571429,20.7808065714286,25.0,8,,,,,9032,2015-03-08,5300108,Brasilia,DF,2015,10
1425168000000,201509,6.0,6,6,6,0.3256227,0.19638976,0,2,530010820150919589,2023-08-20,Brasília,0,0.7878991,3055149,17.7142857142857,94.8571428571429,1,0,0,77.6841821428571,53.5714285714286,21.1905647142857,26.1428571428571,6,,,,,9032,2015-03-01,5300108,Brasilia,DF,2015,9
1424563200000,201508,6.0,6,6,6,0.22518036,0.19638976,0,2,530010820150819589,2023-08-20,Brasília,0,0.680696,3055149,18.4285714285714,91.5714285714286,1,0,0,71.7595595714286,43.1428571428571,22.0693454285714,26.8571428571429,6,,,,,9032,2015-02-22,5300108,Brasilia,DF,2015,8
1423958400000,201507,9.0,9,9,9,0.38237283,0.29458466,0,2,530010820150719589,2023-08-20,Brasília,0,0.8750235,3055149,18.4285714285714,90.4285714285714,1,0,0,73.3940567142857,41.8571428571429,21.562666,25.8571428571429,9,,,,,9032,2015-02-15,5300108,Brasilia,DF,2015,7
1423353600000,201506,6.0,6,6,6,0.13664159,0.19638976,0,2,530010820150619589,2023-08-20,Brasília,0,0.58367836,3055149,18.0,90.5714285714286,1,0,0,67.802691,41.1428571428571,22.5324597142857,27.4285714285714,7,,,,,9032,2015-02-08,5300108,Brasilia,DF,2015,6
1422748800000,201505,14.0,14,14,14,0.8243979,0.4582428,0,1,530010820150519589,2023-08-20,Brasília,0,1.4631943,3055149,18.0,88.5714285714286,1,0,0,70.6312791428571,46.4285714285714,21.8600745714286,26.0,16,,,,,9032,2015-02-01,5300108,Brasilia,DF,2015,5
1422144000000,201504,9.0,9,9,9,0.5992775,0.29458466,0,1,530010820150419589,2023-08-20,Brasília,0,1.126543,3055149,17.7142857142857,94.8571428571429,1,0,0,72.687755,46.0,21.8853057142857,27.1428571428571,7,,,,,9032,2015-01-25,5300108,Brasilia,DF,2015,4
1421539200000,201503,10.0,10,10,10,0.89547986,0.32731628,0,1,530010820150319589,2023-08-20,Brasília,0,1.8980416,3055149,18.4285714285714,83.2857142857143,0,0,0,60.6201637142857,31.2857142857143,23.1567552857143,29.1428571428571,17,,,,,9032,2015-01-18,5300108,Brasilia,DF,2015,3
1420934400000,201502,10.0,10,10,10,0.9709136,0.32731628,0,1,530010820150219589,2023-08-20,Brasília,0,2.910643,3055149,18.5714285714286,77.1428571428571,0,0,0,50.7448981428571,21.5714285714286,24.6224488571429,30.0,11,,,,,9032,2015-01-11,5300108,Brasilia,DF,2015,2
1420329600000,201501,4.0,4,4,4,0.6520717,0.1309265,0,1,530010820150119589,2023-08-20,Brasília,0,1.321869,3055149,18.5714285714286,81.2857142857143,0,0,0,58.0342871428571,27.2857142857143,24.0890255714286,30.1428571428571,4,,,,,9032,2015-01-04,5300108,Brasilia,DF,2015,1
1419724800000,201453,2.0,2,2,2,0.4312447,0.06546325,0,1,530010820145319589,2023-08-20,Brasília,0,0.859593,3055149,19.5714285714286,79.2857142857143,0,0,0,56.4904285714286,28.0,25.3328994285714,31.2857142857143,9,,,,,9032,2014-12-28,5300108,Brasilia,DF,2014,53
1419120000000,201452,4.0,4,4,4,0.91846156,0.1309265,0,1,530010820145219589,2023-08-20,Brasília,0,3.3788157,3055149,20.2857142857143,85.2857142857143,0,0,0,67.0388671428571,38.7142857142857,24.0076002857143,28.2857142857143,4,,,,,9032,2014-12-21,5300108,Brasilia,DF,2014,52
1418515200000,201451,3.0,3,3,3,0.94217443,0.09819488,0,1,530010820145119589,2023-08-20,Brasília,0,5.348402,3055149,20.2857142857143,91.5714285714286,1,0,0,76.6791265714286,48.1428571428571,23.1513462857143,27.5714285714286,4,,,,,9032,2014-12-14,5300108,Brasilia,DF,2014,51
1417910400000,201450,0.0,0,0,0,0.0,0.0,0,1,530010820145019589,2023-08-20,Brasília,0,0.0,3055149,19.7142857142857,87.4285714285714,0,0,0,75.6467557142857,51.5714285714286,21.6147557142857,25.1428571428571,2,,,,,9032,2014-12-07,5300108,Brasilia,DF,2014,50
1417305600000,201449,1.0,1,1,1,0.9632679,0.032731626,0,1,530010820144919589,2023-08-20,Brasília,0,18.521618,3055149,19.5714285714286,87.2857142857143,0,0,0,70.9073905714286,44.1428571428571,22.5436531428571,27.0,3,,,,,9032,2014-11-30,5300108,Brasilia,DF,2014,49
1416700800000,201448,0.0,0,0,0,0.5,0.0,0,1,530010820144819589,2023-08-20,Brasília,0,0.0,3055149,19.7142857142857,90.7142857142857,0,0,0,73.7014085714286,38.2857142857143,22.7467577142857,27.5714285714286,0,,,,,9032,2014-11-23,5300108,Brasilia,DF,2014,48
1416096000000,201447,0.0,0,0,0,0.5,0.0,0,1,530010820144719589,2023-08-20,Brasília,0,0.0,3055149,20.0,80.1428571428571,0,0,0,62.0314897142857,35.5714285714286,23.9725545714286,29.0,3,,,,,9032,2014-11-16,5300108,Brasilia,DF,2014,47
1415491200000,201446,0.0,0,0,0,0.5,0.0,0,1,530010820144619589,2023-08-20,Brasília,0,0.0,3055149,20.4285714285714,85.1428571428571,0,0,0,69.7232632857143,41.0,23.4804765714286,27.8571428571429,1,,,,,9032,2014-11-09,5300108,Brasilia,DF,2014,46
1414886400000,201445,0.0,0,0,0,0.5,0.0,0,1,530010820144519589,2023-08-20,Brasília,0,0.0,3055149,20.4285714285714,81.5714285714286,0,0,0,59.1109688571429,26.5714285714286,24.9634501428571,30.8571428571429,2,,,,,9032,2014-11-02,5300108,Brasilia,DF,2014,45
1414281600000,201444,0.0,0,0,0,0.5,0.0,0,1,530010820144419589,2023-08-20,Brasília,0,0.0,3055149,18.7142857142857,86.7142857142857,0,0,0,69.1197214285714,40.7142857142857,22.9397954285714,28.4285714285714,3,,,,,9032,2014-10-26,5300108,Brasilia,DF,2014,44
1413676800000,201443,0.0,0,0,0,0.5,0.0,0,1,530010820144319589,2023-08-20,Brasília,0,0.0,3055149,21.0,71.1428571428571,0,0,0,51.6806957142857,24.8571428571429,25.3099822857143,30.5714285714286,0,,,,,9032,2014-10-19,5300108,Brasilia,DF,2014,43
1413072000000,201442,0.0,0,0,0,0.5,0.0,0,1,530010820144219589,2023-08-20,Brasília,0,0.0,3055149,18.8571428571429,56.1428571428571,0,0,0,29.4879067142857,8.57142857142857,27.5274,34.7142857142857,1,,,,,9032,2014-10-12,5300108,Brasilia,DF,2014,42
1412467200000,201441,0.0,0,0,0,0.5,0.0,0,1,530010820144119589,2023-08-20,Brasília,0,0.0,3055149,17.5714285714286,54.2857142857143,0,0,0,33.6224492857143,11.5714285714286,24.1836735714286,30.4285714285714,2,,,,,9032,2014-10-05,5300108,Brasilia,DF,2014,41
1411862400000,201440,0.0,0,0,0,0.5,0.0,0,1,530010820144019589,2023-08-20,Brasília,0,0.0,3055149,20.2857142857143,68.8571428571429,0,0,0,47.508461,20.8571428571429,25.6130834285714,31.8571428571429,3,,,,,9032,2014-09-28,5300108,Brasilia,DF,2014,40
1411257600000,201439,0.0,0,0,0,0.5,0.0,0,1,530010820143919589,2023-08-20,Brasília,0,0.0,3055149,21.1428571428571,69.0,0,0,0,46.7214994285714,19.7142857142857,26.0149544285714,31.7142857142857,0,,,,,9032,2014-09-21,5300108,Brasilia,DF,2014,39
1410652800000,201438,0.0,0,0,0,0.5,0.0,0,1,530010820143819589,2023-08-20,Brasília,0,0.0,3055149,18.2857142857143,62.1428571428571,0,0,0,33.3552531428571,10.7142857142857,26.3418368571429,32.8571428571429,1,,,,,9032,2014-09-14,5300108,Brasilia,DF,2014,38
1410048000000,201437,0.0,0,0,0,0.5,0.0,0,1,530010820143719589,2023-08-20,Brasília,0,0.0,3055149,16.2857142857143,57.0,0,0,0,35.1071425714286,12.4285714285714,23.2499997142857,29.5714285714286,0,,,,,9032,2014-09-07,5300108,Brasilia,DF,2014,37
1409443200000,201436,0.0,0,0,0,0.5,0.0,0,1,530010820143619589,2023-08-20,Brasília,0,0.0,3055149,19.4285714285714,73.0,0,0,0,47.2049047142857,20.4285714285714,24.8238971428571,30.8571428571429,1,,,,,9032,2014-08-31,5300108,Brasilia,DF,2014,36
1408838400000,201435,0.0,0,0,0,0.5,0.0,0,1,530010820143519589,2023-08-20,Brasília,0,0.0,3055149,16.4285714285714,60.4285714285714,0,0,0,34.8724491428571,10.1428571428571,24.3877548571429,31.5714285714286,1,,,,,9032,2014-08-24,5300108,Brasilia,DF,2014,35
1408233600000,201434,0.0,0,0,0,0.5,0.0,0,1,530010820143419589,2023-08-20,Brasília,0,0.0,3055149,13.8571428571429,71.2857142857143,0,0,0,41.7519352857143,14.0,21.7931032857143,28.4285714285714,0,,,,,9032,2014-08-17,5300108,Brasilia,DF,2014,34
1407628800000,201433,0.0,0,0,0,0.5,0.0,0,1,530010820143319589,2023-08-20,Brasília,0,0.0,3055149,13.8571428571429,71.0,0,0,0,40.5595781428571,14.4285714285714,21.5458335714286,28.2857142857143,1,,,,,9032,2014-08-10,5300108,Brasilia,DF,2014,33
1407024000000,201432,0.0,0,0,0,0.5,0.0,0,1,530010820143219589,2023-08-20,Brasília,0,0.0,3055149,14.1428571428571,68.0,0,0,0,40.7653051428571,13.2857142857143,21.5969388571429,28.2857142857143,0,,,,,9032,2014-08-03,5300108,Brasilia,DF,2014,32
1406419200000,201431,0.0,0,0,0,0.5,0.0,0,1,530010820143119589,2023-08-20,Brasília,0,0.0,3055149,14.8571428571429,80.8571428571429,0,0,0,60.4843962857143,35.7142857142857,19.6590917142857,25.1428571428571,0,,,,,9032,2014-07-27,5300108,Brasilia,DF,2014,31
1405814400000,201430,0.0,0,0,0,0.5,0.0,0,1,530010820143019589,2023-08-20,Brasília,0,0.0,3055149,15.5714285714286,77.8571428571429,0,0,0,55.2837485714286,28.8571428571429,20.8577097142857,26.4285714285714,0,,,,,9032,2014-07-20,5300108,Brasilia,DF,2014,30
1405209600000,201429,0.0,0,0,0,0.5,0.0,0,1,530010820142919589,2023-08-20,Brasília,0,0.0,3055149,13.5714285714286,77.8571428571429,0,0,0,50.6938775714286,19.4285714285714,20.357143,27.0,0,,,,,9032,2014-07-13,5300108,Brasilia,DF,2014,29
1404604800000,201428,0.0,0,0,0,0.5,0.0,0,1,530010820142819589,2023-08-20,Brasília,0,0.0,3055149,14.5714285714286,74.5714285714286,0,0,0,50.923469,21.8571428571429,20.8520405714286,26.1428571428571,0,,,,,9032,2014-07-06,5300108,Brasilia,DF,2014,28
1404000000000,201427,0.0,0,0,0,0.5,0.0,0,1,530010820142719589,2023-08-20,Brasília,0,0.0,3055149,13.1428571428571,77.4285714285714,0,0,0,48.0728351428571,17.4285714285714,20.9090431428571,27.8571428571429,0,,,,,9032,2014-06-29,5300108,Brasilia,DF,2014,27
1403395200000,201426,0.0,0,0,0,0.5,0.0,0,1,530010820142619589,2023-08-20,Brasília,0,0.0,3055149,13.2857142857143,80.8571428571429,0,0,0,54.574489,24.1428571428571,19.9792517142857,26.5714285714286,0,,,,,9032,2014-06-22,5300108,Brasilia,DF,2014,26
1402790400000,201425,0.0,0,0,0,0.5,0.0,0,1,530010820142519589,2023-08-20,Brasília,0,0.0,3055149,15.7142857142857,81.2857142857143,0,0,0,59.2356225714286,28.2857142857143,21.2226344285714,26.5714285714286,0,,,,,9032,2014-06-15,5300108,Brasilia,DF,2014,25
1402185600000,201424,0.0,0,0,0,0.5,0.0,0,1,530010820142419589,2023-08-20,Brasília,0,0.0,3055149,15.7142857142857,78.2857142857143,0,0,0,57.1260028571429,28.7142857142857,21.0147077142857,26.4285714285714,0,,,,,9032,2014-06-08,5300108,Brasilia,DF,2014,24
1401580800000,201423,0.0,0,0,0,0.5,0.0,0,1,530010820142319589,2023-08-20,Brasília,0,0.0,3055149,16.8571428571429,81.4285714285714,0,0,0,61.0873571428571,30.0,21.9909217142857,27.7142857142857,0,,,,,9032,2014-06-01,5300108,Brasilia,DF,2014,23
1400976000000,201422,0.0,0,0,0,0.5,0.0,0,1,530010820142219589,2023-08-20,Brasília,0,0.0,3055149,16.1428571428571,79.0,0,0,0,58.0800491428571,28.8571428571429,21.9535537142857,28.1428571428571,0,,,,,9032,2014-05-25,5300108,Brasilia,DF,2014,22
1400371200000,201421,0.0,0,0,0,0.5,0.0,0,1,530010820142119589,2023-08-20,Brasília,0,0.0,3055149,18.0,81.2857142857143,0,0,0,57.814059,28.7142857142857,23.2891152857143,28.5714285714286,0,,,,,9032,2014-05-18,5300108,Brasilia,DF,2014,21
1399766400000,201420,0.0,0,0,0,0.5,0.0,0,1,530010820142019589,2023-08-20,Brasília,0,0.0,3055149,15.7142857142857,79.2857142857143,0,0,0,56.2071052857143,28.1428571428571,21.6887757142857,27.1428571428571,1,,,,,9032,2014-05-11,5300108,Brasilia,DF,2014,20
1399161600000,201419,0.0,0,0,0,0.5,0.0,0,1,530010820141919589,2023-08-20,Brasília,0,0.0,3055149,17.0,81.7142857142857,0,0,0,58.8106048571429,30.4285714285714,22.5957138571429,27.8571428571429,0,,,,,9032,2014-05-04,5300108,Brasilia,DF,2014,19
1398556800000,201418,0.0,0,0,0,0.5,0.0,0,1,530010820141819589,2023-08-20,Brasília,0,0.0,3055149,14.5714285714286,80.4285714285714,0,0,0,58.2117348571429,29.1428571428571,20.994898,27.0,0,,,,,9032,2014-04-27,5300108,Brasilia,DF,2014,18
1397952000000,201417,0.0,0,0,0,0.5,0.0,0,1,530010820141719589,2023-08-20,Brasília,0,0.0,3055149,19.4285714285714,83.0,0,0,0,70.4458207142857,42.1428571428571,23.1601132857143,27.8571428571429,0,,,,,9032,2014-04-20,5300108,Brasilia,DF,2014,17
1397347200000,201416,0.0,0,0,0,0.5,0.0,0,1,530010820141619589,2023-08-20,Brasília,0,0.0,3055149,20.0,85.2857142857143,0,0,0,65.1334474285714,34.5714285714286,24.4886325714286,29.0,0,,,,,9032,2014-04-13,5300108,Brasilia,DF,2014,16
1396742400000,201415,0.0,0,0,0,0.5,0.0,0,1,530010820141519589,2023-08-20,Brasília,0,0.0,3055149,20.5714285714286,88.2857142857143,0,0,0,70.485928,37.1428571428571,24.0806597142857,29.1428571428571,0,,,,,9032,2014-04-06,5300108,Brasilia,DF,2014,15
1396137600000,201414,0.0,0,0,0,0.5,0.0,0,1,530010820141419589,2023-08-20,Brasília,0,0.0,3055149,20.1428571428571,89.2857142857143,0,0,0,74.6359222857143,46.0,23.0129837142857,28.0,0,,,,,9032,2014-03-30,5300108,Brasilia,DF,2014,14
1395532800000,201413,0.0,0,0,0,0.5,0.0,0,1,530010820141319589,2023-08-20,Brasília,0,0.0,3055149,19.8571428571429,90.8571428571429,0,0,0,77.2736085714286,45.8571428571429,22.1759181428571,26.7142857142857,0,,,,,9032,2014-03-23,5300108,Brasilia,DF,2014,13
1394928000000,201412,0.0,0,0,0,0.5,0.0,0,1,530010820141219589,2023-08-20,Brasília,0,0.0,3055149,19.5714285714286,85.2857142857143,0,0,0,67.9831368571429,38.7142857142857,23.3476074285714,29.2857142857143,0,,,,,9032,2014-03-16,5300108,Brasilia,DF,2014,12
1394323200000,201411,0.0,0,0,0,0.5,0.0,0,1,530010820141119589,2023-08-20,Brasília,0,0.0,3055149,19.8571428571429,83.8571428571429,0,0,0,63.4616961428571,34.4285714285714,24.1478344285714,28.8571428571429,0,,,,,9032,2014-03-09,5300108,Brasilia,DF,2014,11
1393718400000,201410,0.0,0,0,0,0.5,0.0,0,1,530010820141019589,2023-08-20,Brasília,0,0.0,3055149,19.8571428571429,89.7142857142857,0,0,0,74.45122,44.5714285714286,23.0490265714286,27.5714285714286,0,,,,,9032,2014-03-02,5300108,Brasilia,DF,2014,10
1393113600000,201409,0.0,0,0,0,0.5,0.0,0,1,530010820140919589,2023-08-20,Brasília,0,0.0,3055149,19.2857142857143,83.0,0,0,0,64.8678975714286,38.8571428571429,23.6188598571429,28.4285714285714,0,,,,,9032,2014-02-23,5300108,Brasilia,DF,2014,9
1392508800000,201408,0.0,0,0,0,0.5,0.0,0,1,530010820140819589,2023-08-20,Brasília,0,0.0,3055149,19.1428571428571,92.4285714285714,0,0,0,76.7170394285714,51.0,22.0341674285714,26.4285714285714,0,,,,,9032,2014-02-16,5300108,Brasilia,DF,2014,8
1391904000000,201407,0.0,0,0,0,0.5,0.0,0,1,530010820140719589,2023-08-20,Brasília,0,0.0,3055149,18.1428571428571,89.4285714285714,0,0,0,64.5335765714286,38.1428571428571,23.330237,28.4285714285714,0,,,,,9032,2014-02-09,5300108,Brasilia,DF,2014,7
1391299200000,201406,0.0,0,0,0,0.5,0.0,0,1,530010820140619589,2023-08-20,Brasília,0,0.0,3055149,18.4285714285714,77.8571428571429,0,0,0,50.6020405714286,21.7142857142857,24.4540815714286,30.1428571428571,0,,,,,9032,2014-02-02,5300108,Brasilia,DF,2014,6
1390694400000,201405,0.0,0,0,0,0.5,0.0,0,1,530010820140519589,2023-08-20,Brasília,0,0.0,3055149,18.5714285714286,79.5714285714286,0,0,0,59.0306118571429,32.8571428571429,23.2653058571429,28.5714285714286,0,,,,,9032,2014-01-26,5300108,Brasilia,DF,2014,5
1390089600000,201404,0.0,0,0,0,0.5,0.0,0,1,530010820140419589,2023-08-20,Brasília,0,0.0,3055149,18.1428571428571,93.1428571428571,0,0,0,74.4857485714286,36.5714285714286,21.7493897142857,27.1428571428571,0,,,,,9032,2014-01-19,5300108,Brasilia,DF,2014,4
1389484800000,201403,0.0,0,0,0,0.5,0.0,0,1,530010820140319589,2023-08-20,Brasília,0,0.0,3055149,19.0,84.8571428571429,0,0,0,61.93049,32.1428571428571,23.8968517142857,29.8571428571429,0,,,,,9032,2014-01-12,5300108,Brasilia,DF,2014,3
1388880000000,201402,0.0,0,0,0,0.5,0.0,0,1,530010820140219589,2023-08-20,Brasília,0,0.0,3055149,18.2857142857143,83.8571428571429,0,0,0,55.7462791428571,25.7142857142857,24.1043958571429,29.7142857142857,0,,,,,9032,2014-01-05,5300108,Brasilia,DF,2014,2
1388275200000,201401,0.0,0,0,0,0.5,0.0,0,1,530010820140119589,2023-08-20,Brasília,0,0.0,3055149,18.5714285714286,89.8571428571429,0,0,0,65.0826708571429,34.4285714285714,24.1233797142857,29.8571428571429,0,,,,,9032,2013-12-29,5300108,Brasilia,DF,2014,1
