data_iniSE,se_codigo,casos_est,casos_est_min,casos_est_max,casos,p_rt1,p_inc100k,Localidade_id,nivel,id,versao_modelo,municipio_nome,tweet,Rt,pop,tempmin,umidmax,receptivo,transmissao,nivel_inc,umidmed,umidmin,tempmed,tempmax,casprov,casprov_est,casprov_est_min,casprov_est_max,casconf,notif_accum_year,data_ini_se,cod_ibge,municipio,uf,ano,semana
1786233600000,202632,0.0,0,0,0,0.0,0.0,0,1,317040420263220683,2026-08-18,Unaí,,0.0,86867,0.0,0.0,0,0,0,0.0,0.0,0.0,0.0,0,,,,,136,2026-08-09,3170404,Unai,MG,2026,32
1785628800000,202631,0.0,0,0,0,0.0,0.0,0,1,317040420263120683,2026-08-18,Unaí,,0.0,86867,17.5170666666667,41.22955,0,0,0,38.0691833333333,35.2483666666667,18.6842,19.8795666666667,0,,,,,136,2026-08-02,3170404,Unai,MG,2026,31
1785024000000,202630,0.0,0,0,0,0.0,0.0,0,1,317040420263020683,2026-08-18,Unaí,,0.0,86867,22.7503857142857,45.9800714285714,0,0,0,45.9800714285714,45.9800714285714,22.7503857142857,22.7503857142857,0,,,,,136,2026-07-26,3170404,Unai,MG,2026,30
1784419200000,202629,0.0,0,0,0,0.0,0.0,0,1,317040420262920683,2026-08-18,Unaí,,0.0,86867,20.6786714285714,51.7156428571429,0,0,0,51.7156428571429,51.7156428571429,20.6786714285714,20.6786714285714,0,,,,,136,2026-07-19,3170404,Unai,MG,2026,29
1783814400000,202628,0.0,0,0,0,0.0,0.0,0,1,317040420262820683,2026-08-18,Unaí,,0.0,86867,20.8269714285714,52.6484142857143,0,0,0,52.6484142857143,52.6484142857143,20.8269714285714,20.8269714285714,0,,,,,136,2026-07-12,3170404,Unai,MG,2026,28
1783209600000,202627,0.0,0,0,0,0.0,0.0,0,1,317040420262720683,2026-08-18,Unaí,,0.0,86867,21.2714,53.6969,0,0,0,53.6969,53.6969,21.2714,21.2714,0,,,,,136,2026-07-05,3170404,Unai,MG,2026,27
1782604800000,202626,0.0,0,0,0,0.0,0.0,0,1,317040420262620683,2026-08-18,Unaí,,0.0,86867,19.7700857142857,63.1659571428571,0,0,0,63.1659571428571,63.1659571428571,19.7700857142857,19.7700857142857,0,,,,,136,2026-06-28,3170404,Unai,MG,2026,26
1782000000000,202625,1.0,1,1,1,0.59505916,1.1511852,0,1,317040420262520683,2026-08-18,Unaí,,1.3353008,86867,20.8184142857143,63.2084571428571,0,0,0,63.2084571428571,63.2084571428571,20.8184142857143,20.8184142857143,1,,,,,136,2026-06-21,3170404,Unai,MG,2026,25
1781395200000,202624,0.0,0,0,0,0.0,0.0,0,1,317040420262420683,2026-08-18,Unaí,,0.0,86867,21.0684571428571,73.0642142857143,0,0,0,73.0642142857143,73.0642142857143,21.0684571428571,21.0684571428571,0,,,,,136,2026-06-14,3170404,Unai,MG,2026,24
1780790400000,202623,1.0,1,1,1,0.6177504,1.1511852,0,1,317040420262320683,2026-08-18,Unaí,,1.4390478,86867,18.3634142857143,75.6031714285714,1,0,0,71.5597142857143,66.7008857142857,19.6931857142857,21.2114,0,,,,,136,2026-06-07,3170404,Unai,MG,2026,23
1780185600000,202622,1.0,1,1,1,0.8145292,1.1511852,0,1,317040420262220683,2026-08-18,Unaí,,3.3788157,86867,16.2968571428571,79.2502142857143,0,0,0,61.6175571428571,42.8781857142857,20.9787571428571,25.6178428571429,0,,,,,136,2026-05-31,3170404,Unai,MG,2026,22
1779580800000,202621,1.0,1,1,1,0.9632679,1.1511852,0,1,317040420262120683,2026-08-18,Unaí,,18.521616,86867,18.1620857142857,83.1837428571429,1,0,0,66.4232285714286,48.1521142857143,22.3111714285714,26.5551142857143,0,,,,,136,2026-05-24,3170404,Unai,MG,2026,21
1778976000000,202620,0.0,0,0,0,0.0,0.0,0,1,317040420262020683,2026-08-18,Unaí,,0.0,86867,19.1953142857143,81.7502714285714,0,0,0,64.0364571428571,45.3829,23.5835,27.9965285714286,0,,,,,136,2026-05-17,3170404,Unai,MG,2026,20
1778371200000,202619,0.0,0,0,0,0.0,0.0,0,1,317040420261920683,2026-08-18,Unaí,,0.0,86867,18.6939857142857,81.2699142857143,0,0,0,63.0696285714286,41.9500285714286,23.4985,28.5554714285714,0,,,,,136,2026-05-10,3170404,Unai,MG,2026,19
1777766400000,202618,0.0,0,0,0,0.0,0.0,0,1,317040420261820683,2026-08-18,Unaí,,0.0,86867,22.6721571428571,62.0522428571429,0,0,0,62.0522428571429,62.0522428571429,22.6721571428571,22.6721571428571,0,,,,,136,2026-05-03,3170404,Unai,MG,2026,18
1777161600000,202617,0.0,0,0,0,0.0,0.0,0,1,317040420261720683,2026-08-18,Unaí,,0.0,86867,22.8352571428571,65.8356857142857,0,0,0,65.8356857142857,65.8356857142857,22.8352571428571,22.8352571428571,0,,,,,136,2026-04-26,3170404,Unai,MG,2026,17
1776556800000,202616,0.0,0,0,0,0.0,0.0,0,1,317040420261620683,2026-08-18,Unaí,,0.0,86867,18.9247714285714,80.3042,0,0,0,64.0624285714286,45.6764,23.6055142857143,28.3483142857143,0,,,,,136,2026-04-19,3170404,Unai,MG,2026,16
1775952000000,202615,0.0,0,0,0,0.0,0.0,0,1,317040420261520683,2026-08-18,Unaí,,0.0,86867,19.1831,86.8744285714286,0,0,0,72.1083285714286,55.5763142857143,22.8971571428571,26.6304857142857,0,,,,,136,2026-04-12,3170404,Unai,MG,2026,15
1775347200000,202614,0.0,0,0,0,0.0,0.0,0,1,317040420261420683,2026-08-18,Unaí,,0.0,86867,19.9962142857143,89.9857,0,0,0,76.3546,60.9689285714286,23.7191142857143,27.5348142857143,0,,,,,136,2026-04-05,3170404,Unai,MG,2026,14
1774742400000,202613,0.0,0,0,0,0.0,0.0,0,1,317040420261320683,2026-08-18,Unaí,,0.0,86867,18.9774142857143,91.2968428571428,0,0,0,76.8668857142857,58.5247,22.8049571428571,27.1840285714286,0,,,,,136,2026-03-29,3170404,Unai,MG,2026,13
1774137600000,202612,2.0,2,2,2,0.8535879,2.3023703,0,1,317040420261220683,2026-08-18,Unaí,,3.2496839,86867,19.0095714285714,93.6371571428571,1,0,0,79.2219857142857,62.2095714285714,22.8022714285714,26.9063285714286,2,,,,,136,2026-03-22,3170404,Unai,MG,2026,12
1773532800000,202611,0.0,0,0,0,0.0,0.0,0,1,317040420261120683,2026-08-18,Unaí,,0.0,86867,20.4234142857143,95.5577857142857,0,0,0,83.4486142857143,64.2383,23.5324857142857,27.6937285714286,0,,,,,136,2026-03-15,3170404,Unai,MG,2026,11
1772928000000,202610,1.0,1,1,1,0.4738897,1.1511852,0,1,317040420261020683,2026-08-18,Unaí,,0.92818046,86867,20.3600428571429,94.7089142857143,1,0,0,80.2884714285714,60.4629,24.0359571428571,28.5058285714286,0,,,,,136,2026-03-08,3170404,Unai,MG,2026,10
1772323200000,202609,0.0,0,0,0,0.0,0.0,0,1,317040420260920683,2026-08-18,Unaí,,0.0,86867,20.4001142857143,92.4328285714286,0,0,0,77.9487142857143,58.8542142857143,23.8601285714286,27.9801428571429,0,,,,,136,2026-03-01,3170404,Unai,MG,2026,9
1771718400000,202608,2.0,2,2,2,0.40311703,2.3023703,0,1,317040420260820683,2026-08-18,Unaí,,0.80923086,86867,20.5391428571429,92.8700285714286,1,0,0,84.4169285714286,68.8474714285714,22.8177,26.5280428571429,2,,,,,136,2026-02-22,3170404,Unai,MG,2026,8
1771113600000,202607,0.0,0,0,0,0.0,0.0,0,1,317040420260720683,2026-08-18,Unaí,,0.0,86867,20.0959285714286,87.5696,0,0,0,73.6904285714286,57.9842857142857,23.9108285714286,27.7692,0,,,,,136,2026-02-15,3170404,Unai,MG,2026,7
1770508800000,202606,4.0,4,4,4,0.55319995,4.6047406,0,2,317040420260620683,2026-08-18,Unaí,,1.0959125,86867,19.624,92.4021285714286,1,0,0,78.5453285714286,61.7992857142857,23.3644428571429,27.1360714285714,0,,,,,136,2026-02-08,3170404,Unai,MG,2026,6
1769904000000,202605,2.0,2,2,2,0.2251146,2.3023703,0,2,317040420260520683,2026-08-18,Unaí,,0.5480421,86867,20.4672,94.0102285714286,1,0,0,82.2342,64.0926714285714,23.5094428571429,27.5353,1,,,,,136,2026-02-01,3170404,Unai,MG,2026,5
1769299200000,202604,5.0,5,5,5,0.7219418,5.7559257,0,2,317040420260420683,2026-08-18,Unaí,,1.4770602,86867,19.7148285714286,92.4005571428571,1,0,0,78.2418,60.0366142857143,23.5353142857143,28.0310285714286,0,,,,,136,2026-01-25,3170404,Unai,MG,2026,4
1768694400000,202603,3.0,3,3,3,0.5465851,3.4535553,0,2,317040420260320683,2026-08-18,Unaí,,1.0950943,86867,19.8893571428571,94.0987714285714,1,0,0,86.1154142857143,75.8553571428571,22.0878857142857,24.5858857142857,0,,,,,136,2026-01-18,3170404,Unai,MG,2026,3
1768089600000,202602,4.0,4,4,4,0.7864609,4.6047406,0,2,317040420260220683,2026-08-18,Unaí,,1.8393236,86867,19.5359857142857,85.2616857142857,1,0,0,69.4320857142857,51.7249142857143,24.1559714285714,28.7158428571429,0,,,,,136,2026-01-11,3170404,Unai,MG,2026,2
1767484800000,202601,3.0,3,3,3,0.6709718,3.4535553,0,2,317040420260120683,2026-08-18,Unaí,,1.4390478,86867,19.6918142857143,93.4240428571429,1,0,0,81.6206285714286,65.4857714285714,22.6435,26.1541285714286,0,,,,,136,2026-01-04,3170404,Unai,MG,2026,1
1766880000000,202553,1.0,1,1,1,0.33499518,1.1511852,0,2,317040420255320683,2026-08-18,Unaí,,0.63379884,86867,21.1557142857143,89.8052571428571,1,0,0,73.0035857142857,54.5688142857143,25.6319142857143,30.2403428571429,1,,,,,136,2025-12-28,3170404,Unai,MG,2025,53
1766275200000,202552,3.0,3,3,3,0.9304139,3.4535553,0,1,317040420255220683,2026-08-18,Unaí,,4.6445785,86867,20.0651428571429,83.1654714285714,1,0,0,65.8535428571429,49.3596285714286,24.7581571428571,29.4182857142857,2,,,,,136,2025-12-21,3170404,Unai,MG,2025,52
1765670400000,202551,2.0,2,2,2,0.97798216,2.3023703,0,1,317040420255120683,2026-08-18,Unaí,,18.52136,86867,20.5306571428571,95.2746285714286,1,0,0,83.0224714285714,65.9721428571429,23.4316857142857,26.7703714285714,0,,,,,136,2025-12-14,3170404,Unai,MG,2025,51
1765065600000,202550,0.0,0,0,0,0.0,0.0,0,1,317040420255020683,2026-08-18,Unaí,,0.0,86867,20.2905,92.9232285714286,0,0,0,80.9589714285714,62.6723857142857,23.2096428571429,27.2461142857143,0,,,,,136,2025-12-07,3170404,Unai,MG,2025,50
1764460800000,202549,0.0,0,0,0,0.0,0.0,0,1,317040420254920683,2026-08-18,Unaí,,0.0,86867,20.9123142857143,90.3431571428571,0,0,0,77.5544285714286,60.6878142857143,23.9292285714286,27.6034428571429,0,,,,,136,2025-11-30,3170404,Unai,MG,2025,49
1763856000000,202548,0.0,0,0,0,0.0,0.0,0,1,317040420254820683,2026-08-18,Unaí,,0.0,86867,20.0752714285714,93.7872428571429,0,0,0,77.9597428571429,56.1528714285714,23.6244571428571,28.2742,0,,,,,136,2025-11-23,3170404,Unai,MG,2025,48
1763251200000,202547,0.0,0,0,0,0.0,0.0,0,1,317040420254720683,2026-08-18,Unaí,,0.0,86867,21.4376,75.9404714285714,0,0,0,53.8569285714286,33.7616142857143,26.2917142857143,31.3588571428571,0,,,,,136,2025-11-16,3170404,Unai,MG,2025,47
1762646400000,202546,0.0,0,0,0,0.0,0.0,0,1,317040420254620683,2026-08-18,Unaí,,0.0,86867,20.6779285714286,79.0908,0,0,0,62.6848,45.4049142857143,24.9242571428571,29.3320571428571,0,,,,,136,2025-11-09,3170404,Unai,MG,2025,46
1762041600000,202545,0.0,0,0,0,0.0,0.0,0,1,317040420254520683,2026-08-18,Unaí,,0.0,86867,21.1258285714286,88.9549714285714,0,0,0,69.8896714285714,45.2624714285714,25.4744714285714,30.908,0,,,,,136,2025-11-02,3170404,Unai,MG,2025,45
1761436800000,202544,1.0,1,1,1,0.4241742,1.1511852,0,1,317040420254420683,2026-08-18,Unaí,,0.8082302,86867,21.5871571428571,66.8159428571429,0,0,0,50.1078428571429,33.9152714285714,26.4653714285714,31.6954142857143,0,,,,,136,2025-10-26,3170404,Unai,MG,2025,44
1760832000000,202543,2.0,2,2,2,0.7378372,2.3023703,0,1,317040420254320683,2026-08-18,Unaí,,1.9136398,86867,18.1457857142857,78.9439428571429,1,0,0,61.4521857142857,44.5590428571429,21.9123428571429,25.8768142857143,0,,,,,136,2025-10-19,3170404,Unai,MG,2025,43
1760227200000,202542,1.0,1,1,1,0.5190193,1.1511852,0,1,317040420254220683,2026-08-18,Unaí,,1.0569261,86867,21.8341857142857,73.0955428571429,1,0,0,51.7244,34.3218285714286,26.7245,31.9938285714286,0,,,,,136,2025-10-12,3170404,Unai,MG,2025,42
1759622400000,202541,1.0,1,1,1,0.5679426,1.1511852,0,1,317040420254120683,2026-08-18,Unaí,,1.2252156,86867,21.0509285714286,52.0392571428571,0,0,0,36.2291857142857,24.2393285714286,27.0239714285714,32.7551714285714,1,,,,,136,2025-10-05,3170404,Unai,MG,2025,41
1759017600000,202540,1.0,1,1,1,0.5205067,1.1511852,0,1,317040420254020683,2026-08-18,Unaí,,1.0615584,86867,18.3726857142857,49.4262428571429,0,0,0,34.1948714285714,21.1212142857143,24.8956285714286,31.5037,1,,,,,136,2025-09-28,3170404,Unai,MG,2025,40
1758412800000,202539,1.0,1,1,1,0.33393636,1.1511852,0,1,317040420253920683,2026-08-18,Unaí,,0.6319695,86867,20.2825142857143,76.8046285714286,1,0,0,55.4774714285714,35.8090142857143,24.9806142857143,30.2889285714286,1,,,,,136,2025-09-21,3170404,Unai,MG,2025,39
1757808000000,202538,0.0,0,0,0,0.0,0.0,0,1,317040420253820683,2026-08-18,Unaí,,0.0,86867,21.5072714285714,51.9905571428571,0,0,0,37.6754142857143,25.7378142857143,26.7412428571429,32.1328,0,,,,,136,2025-09-14,3170404,Unai,MG,2025,38
1757203200000,202537,2.0,2,2,2,0.71392775,2.3023703,0,1,317040420253720683,2026-08-18,Unaí,,1.7632211,86867,18.4055857142857,47.0420142857143,0,0,0,30.8679285714286,19.3385,25.7312285714286,32.5362857142857,0,,,,,136,2025-09-07,3170404,Unai,MG,2025,37
1756598400000,202536,3.0,3,3,3,0.89852315,3.4535553,0,1,317040420253620683,2026-08-18,Unaí,,3.5010803,86867,18.2582428571429,60.4281,0,0,0,42.7343714285714,29.1885142857143,23.5068571428571,28.3657285714286,0,,,,,136,2025-08-31,3170404,Unai,MG,2025,36
1755993600000,202535,0.0,0,0,0,0.0,0.0,0,1,317040420253520683,2026-08-18,Unaí,,0.0,86867,17.6265428571429,56.0186714285714,0,0,0,39.9666428571429,26.2499,23.8107428571429,29.934,0,,,,,136,2025-08-24,3170404,Unai,MG,2025,35
1755388800000,202534,1.0,1,1,1,0.61585563,1.1511852,0,1,317040420253420683,2026-08-18,Unaí,,1.4299282,86867,16.0442571428571,53.2656571428571,0,0,0,37.4282,23.0211142857143,22.6475857142857,29.3341857142857,0,,,,,136,2025-08-17,3170404,Unai,MG,2025,34
1754784000000,202533,1.0,1,1,1,0.784609,1.1511852,0,1,317040420253320683,2026-08-18,Unaí,,2.8575172,86867,16.2613428571429,52.9892,0,0,0,39.0335285714286,26.3347,22.3737285714286,28.6332571428571,1,,,,,136,2025-08-10,3170404,Unai,MG,2025,33
1754179200000,202532,1.0,1,1,1,0.81445366,1.1511852,0,1,317040420253220683,2026-08-18,Unaí,,3.3772886,86867,16.4598428571429,59.9244571428571,0,0,0,44.7498714285714,30.3950142857143,22.0261142857143,27.6847428571429,0,,,,,136,2025-08-03,3170404,Unai,MG,2025,32
1753574400000,202531,0.0,0,0,0,0.0,0.0,0,1,317040420253120676,2026-08-11,Unaí,,0.0,86867,15.8986142857143,61.0408857142857,0,0,0,45.3795428571429,29.6409,21.8987,27.9564571428571,0,,,,,136,2025-07-27,3170404,Unai,MG,2025,31
1752969600000,202530,0.0,0,0,0,0.0,0.0,0,1,317040420253020671,2026-08-06,Unaí,,0.0,86867,16.1403142857143,62.9421,0,0,0,47.0510857142857,31.1768428571429,21.7972142857143,27.7758,0,,,,,136,2025-07-20,3170404,Unai,MG,2025,30
1752364800000,202529,1.0,1,1,1,0.81437725,1.1511852,0,1,317040420252920662,2026-07-28,Unaí,,3.3757458,86867,14.7419,65.1863714285714,0,0,0,49.0952142857143,32.8649428571429,19.8851571428571,25.2619142857143,1,,,,,136,2025-07-13,3170404,Unai,MG,2025,29
1751760000000,202528,0.0,0,0,0,0.0,0.0,0,1,317040420252820654,2026-07-20,Unaí,,0.0,86867,14.4056142857143,71.1213,0,0,0,53.1108571428571,34.9747428571429,19.4064,24.8088714285714,0,,,,,136,2025-07-06,3170404,Unai,MG,2025,28
1751155200000,202527,0.0,0,0,0,0.0,0.0,0,1,317040420252720647,2026-07-13,Unaí,,0.0,86867,14.9482428571429,71.853,0,0,0,54.6241571428571,37.2634142857143,20.2994571428571,25.7632142857143,0,,,,,136,2025-06-29,3170404,Unai,MG,2025,27
1750550400000,202526,1.0,1,1,1,0.6634571,1.1511852,0,1,317040420252620643,2026-07-09,Unaí,,1.6894035,86867,16.1922,75.9348,0,0,0,58.0871571428571,39.0770428571429,21.3763428571429,26.9529857142857,1,,,,,136,2025-06-22,3170404,Unai,MG,2025,26
1749945600000,202525,0.0,0,0,0,0.0,0.0,0,1,317040420252520636,2026-07-02,Unaí,,0.0,86867,14.9639857142857,72.4758428571429,0,0,0,57.8511428571429,39.6901142857143,19.9004714285714,25.1885,0,,,,,136,2025-06-15,3170404,Unai,MG,2025,25
1749340800000,202524,0.0,0,0,0,0.0,0.0,0,1,317040420252420627,2026-06-23,Unaí,,0.0,86867,16.9151714285714,73.2575571428571,0,0,0,58.0896428571429,41.4845571428571,21.5592714285714,26.4291,0,,,,,136,2025-06-08,3170404,Unai,MG,2025,24
1748736000000,202523,2.0,2,2,2,0.9061011,2.3023703,0,1,317040420252320621,2026-06-17,Unaí,,4.840168,86867,18.0054142857143,80.5481428571428,1,0,0,63.6878428571429,44.2932857142857,22.5777,27.5318571428571,0,,,,,136,2025-06-01,3170404,Unai,MG,2025,23
1748131200000,202522,1.0,1,1,1,0.7488563,1.1511852,0,1,317040420252220619,2026-06-15,Unaí,,2.3967068,86867,16.5830857142857,81.2718285714286,0,0,0,64.3357428571429,45.1306,21.4867571428571,26.5391428571429,1,,,,,136,2025-05-25,3170404,Unai,MG,2025,22
1747526400000,202521,0.0,0,0,0,0.0,0.0,0,1,317040420252120608,2026-06-04,Unaí,,0.0,86867,15.8760428571429,78.5309,0,0,0,62.0801571428571,43.3882857142857,20.9325285714286,26.1673142857143,0,,,,,136,2025-05-18,3170404,Unai,MG,2025,21
1746921600000,202520,0.0,0,0,0,0.0,0.0,0,1,317040420252020599,2026-05-26,Unaí,,0.0,86867,18.1168428571429,80.9655428571429,0,0,0,65.9260714285714,50.1340857142857,21.8906428571429,25.6316714285714,0,,,,,136,2025-05-11,3170404,Unai,MG,2025,20
1746316800000,202519,1.0,1,1,1,0.30045852,1.1511852,0,1,317040420251920592,2026-05-19,Unaí,,0.57644784,86867,17.868,80.3250285714286,0,0,0,66.5195857142857,48.0681285714286,22.2268428571429,26.9145571428571,1,,,,,136,2025-05-04,3170404,Unai,MG,2025,19
1745712000000,202518,2.0,2,2,2,0.7948528,2.3023703,0,1,317040420251820587,2026-05-14,Unaí,,2.397612,86867,19.5445142857143,93.8602142857143,1,0,0,80.6540571428571,62.5074285714286,22.8703428571429,26.7204714285714,1,,,,,136,2025-04-27,3170404,Unai,MG,2025,18
1745107200000,202517,3.0,3,3,3,0.986405,3.4535553,0,1,317040420251720578,2026-05-05,Unaí,,17.546589,86867,20.2639285714286,89.0038714285714,1,0,0,74.7189428571428,56.8959285714286,24.1287,28.3225428571429,0,,,,,136,2025-04-20,3170404,Unai,MG,2025,17
1744502400000,202516,0.0,0,0,0,0.0,0.0,0,1,317040420251620571,2026-04-28,Unaí,,0.0,86867,20.3837285714286,94.8751714285714,0,0,0,82.5854571428571,65.9233,23.4623,27.2399,0,,,,,136,2025-04-13,3170404,Unai,MG,2025,16
1743897600000,202515,0.0,0,0,0,0.0,0.0,0,1,317040420251520566,2026-04-23,Unaí,,0.0,86867,20.2825142857143,83.0636714285714,0,0,0,68.2926428571429,51.7045428571429,23.9931571428571,28.2053142857143,0,,,,,136,2025-04-06,3170404,Unai,MG,2025,15
1743292800000,202514,0.0,0,0,0,0.0,0.0,0,1,317040420251420557,2026-04-14,Unaí,,0.0,86867,20.6019428571429,80.5613857142857,0,0,0,62.9800714285714,43.5166714285714,25.2721714285714,30.0477142857143,0,,,,,136,2025-03-30,3170404,Unai,MG,2025,14
1742688000000,202513,0.0,0,0,0,0.0,0.0,0,1,317040420251320552,2026-04-09,Unaí,,0.0,86867,20.8043142857143,93.7434714285714,0,0,0,79.3873285714286,60.6880857142857,24.1202428571429,28.0974142857143,0,,,,,136,2025-03-23,3170404,Unai,MG,2025,13
1742083200000,202512,2.0,2,2,2,0.71027577,2.3023703,0,1,317040420251220544,2026-04-01,Unaí,,1.7422042,86867,21.7643857142857,80.8916571428571,1,0,0,60.6843142857143,42.6630857142857,26.3145428571429,31.0741714285714,2,,,,,136,2025-03-16,3170404,Unai,MG,2025,12
1741478400000,202511,1.0,1,1,1,0.68664473,1.1511852,0,1,317040420251120536,2026-03-24,Unaí,,1.8437793,86867,21.9783857142857,70.8539571428571,0,0,0,51.3511857142857,34.4369428571429,27.2766714285714,32.3794857142857,1,,,,,136,2025-03-09,3170404,Unai,MG,2025,11
1740873600000,202510,2.0,2,2,2,0.9661878,2.3023703,0,1,317040420251020529,2026-03-17,Unaí,,12.347744,86867,20.6500285714286,72.8214142857143,1,0,0,56.2081142857143,40.5321142857143,24.9563142857143,29.3705285714286,1,,,,,136,2025-03-02,3170404,Unai,MG,2025,10
1740268800000,202509,0.0,0,0,0,0.0,0.0,0,1,317040420250920522,2026-03-10,Unaí,,0.0,86867,21.0577285714286,78.4706571428571,0,0,0,60.8095,43.9552142857143,25.3828714285714,29.9415142857143,0,,,,,136,2025-02-23,3170404,Unai,MG,2025,9
1739664000000,202508,0.0,0,0,0,0.0,0.0,0,1,317040420250820516,2026-03-04,Unaí,,0.0,86867,20.6079428571429,76.1932142857143,0,0,0,58.0387285714286,40.142,25.772,30.6835142857143,0,,,,,136,2025-02-16,3170404,Unai,MG,2025,8
1739059200000,202507,0.0,0,0,0,0.0,0.0,0,1,317040420250720508,2026-02-24,Unaí,,0.0,86867,20.0641571428571,86.9284,0,0,0,70.9679857142857,53.6202571428571,24.1975142857143,28.3359428571429,0,,,,,136,2025-02-09,3170404,Unai,MG,2025,7
1738454400000,202506,1.0,1,1,1,0.9278851,1.1511852,0,1,317040420250620504,2026-02-20,Unaí,,9.260809,86867,19.7819428571429,87.0404857142857,1,0,0,71.5678857142857,53.5653428571429,23.7923571428571,27.8721,0,,,,,136,2025-02-02,3170404,Unai,MG,2025,6
1737849600000,202505,0.0,0,0,0,0.0,0.0,0,1,317040420250520495,2026-02-11,Unaí,,0.0,86867,20.5648857142857,93.4258285714286,0,0,0,79.1927857142857,62.3486142857143,24.0557142857143,27.6181857142857,0,,,,,136,2025-01-26,3170404,Unai,MG,2025,5
1737244800000,202504,0.0,0,0,0,0.0,0.0,0,1,317040420250420491,2026-02-07,Unaí,,0.0,86867,19.9918285714286,92.7425142857143,0,0,0,74.3800428571429,54.697,24.6994285714286,29.6376,0,,,,,136,2025-01-19,3170404,Unai,MG,2025,4
1736640000000,202503,0.0,0,0,0,0.0,0.0,0,1,317040420250320486,2026-02-02,Unaí,,0.0,86867,20.2732142857143,94.9530857142857,0,0,0,85.2318142857143,69.8091428571429,22.8433571428571,26.0757,0,,,,,136,2025-01-12,3170404,Unai,MG,2025,3
1736035200000,202502,1.0,1,1,1,0.9632679,1.1511852,0,1,317040420250220460,2026-01-07,Unaí,,18.521618,86867,20.4904,95.4126857142857,1,0,0,83.9442285714286,66.5460428571429,23.3212714285714,27.5108714285714,0,,,,,136,2025-01-05,3170404,Unai,MG,2025,2
1735430400000,202501,0.0,0,0,0,0.0,0.0,0,1,317040420250120460,2026-01-07,Unaí,,0.0,86867,20.2585142857143,95.9277285714286,0,0,0,83.9262285714286,66.2213714285714,23.0440142857143,26.7067714285714,0,,,,,136,2024-12-29,3170404,Unai,MG,2025,1
1734825600000,202452,0.0,0,0,0,0.0,0.0,0,1,317040420245220438,2025-12-16,Unaí,,0.0,86867,20.7032285714286,95.2566,0,0,0,83.8429142857143,65.2558,23.3002,26.7805857142857,0,,,,,136,2024-12-22,3170404,Unai,MG,2024,52
1734220800000,202451,0.0,0,0,0,0.0,0.0,0,1,317040420245120438,2025-12-16,Unaí,,0.0,86867,20.7821,95.4313285714286,0,0,0,81.7637142857143,62.8567,23.9418857142857,28.134,0,,,,,136,2024-12-15,3170404,Unai,MG,2024,51
1733616000000,202450,0.0,0,0,0,0.0,0.0,0,1,317040420245020438,2025-12-16,Unaí,,0.0,86867,20.5308428571429,89.9093,0,0,0,72.2191571428571,52.1690142857143,25.0663714285714,29.7934428571429,0,,,,,136,2024-12-08,3170404,Unai,MG,2024,50
1733011200000,202449,0.0,0,0,0,0.0,0.0,0,1,317040420244920432,2025-12-10,Unaí,,0.0,86867,20.5383714285714,90.3160714285714,0,0,0,74.9861142857143,56.6238428571429,24.3687285714286,28.4099857142857,0,,,,,136,2024-12-01,3170404,Unai,MG,2024,49
1732406400000,202448,0.0,0,0,0,0.0,0.0,0,1,317040420244820425,2025-12-03,Unaí,,0.0,86867,19.8901,91.3193857142857,0,0,0,75.6252428571429,58.5202714285714,23.6526571428571,27.4848428571429,0,,,,,136,2024-11-24,3170404,Unai,MG,2024,48
1731801600000,202447,0.0,0,0,0,0.0,0.0,0,1,317040420244720418,2025-11-26,Unaí,,0.0,86867,20.1593285714286,94.9904285714286,0,0,0,80.7201571428571,63.3881,23.6951857142857,27.8203285714286,0,,,,,136,2024-11-17,3170404,Unai,MG,2024,47
1731196800000,202446,0.0,0,0,0,0.0,0.0,0,1,317040420244620411,2025-11-19,Unaí,,0.0,86867,20.1349857142857,94.0076,0,0,0,82.0974,66.5840285714286,22.9357714285714,26.4580142857143,0,,,,,136,2024-11-10,3170404,Unai,MG,2024,46
1730592000000,202445,0.0,0,0,0,0.0,0.0,0,1,317040420244520404,2025-11-12,Unaí,,0.0,86867,20.0068,94.4865714285714,0,0,0,82.1052142857143,66.0873571428571,22.8063285714286,26.3831,0,,,,,136,2024-11-03,3170404,Unai,MG,2024,45
1729987200000,202444,0.0,0,0,0,0.0,0.0,0,1,317040420244420395,2025-11-03,Unaí,,0.0,86867,20.2265857142857,92.6303714285714,0,0,0,79.2642428571429,63.9233428571429,23.2272285714286,26.5852428571429,0,,,,,136,2024-10-27,3170404,Unai,MG,2024,44
1729382400000,202443,0.0,0,0,0,0.0,0.0,0,1,317040420244320389,2025-10-28,Unaí,,0.0,86867,20.7979285714286,93.7147571428571,0,0,0,78.9716142857143,60.2724571428571,24.1301285714286,28.0879428571429,0,,,,,136,2024-10-20,3170404,Unai,MG,2024,43
1728777600000,202442,0.0,0,0,0,0.0,0.0,0,1,317040420244220381,2025-10-20,Unaí,,0.0,86867,21.0378857142857,89.8206714285714,0,0,0,72.4447,53.5122142857143,24.6319285714286,28.9427571428571,0,,,,,136,2024-10-13,3170404,Unai,MG,2024,42
1728172800000,202441,0.0,0,0,0,0.0,0.0,0,1,317040420244120376,2025-10-15,Unaí,,0.0,86867,22.8468428571429,71.8958,0,0,0,51.7904571428571,32.5565285714286,28.0264285714286,33.5939428571429,0,,,,,136,2024-10-06,3170404,Unai,MG,2024,41
1727568000000,202440,0.0,0,0,0,0.0,0.0,0,1,317040420244020368,2025-10-07,Unaí,,0.0,86867,21.6656571428571,49.3940285714286,0,0,0,32.8184,20.4584142857143,28.1232,34.2917,0,,,,,136,2024-09-29,3170404,Unai,MG,2024,40
1726963200000,202439,0.0,0,0,0,0.0,0.0,0,1,317040420243920363,2025-10-02,Unaí,,0.0,86867,20.7518,47.8258428571429,0,0,0,31.8748571428571,19.4940857142857,27.6859571428571,34.2482428571429,0,,,,,136,2024-09-22,3170404,Unai,MG,2024,39
1726358400000,202438,0.0,0,0,0,0.0,0.0,0,1,317040420243820354,2025-09-23,Unaí,,0.0,86867,19.8623285714286,52.8344571428571,0,0,0,35.8370571428571,22.7358714285714,26.4645714285714,32.7905285714286,0,,,,,136,2024-09-15,3170404,Unai,MG,2024,38
1725753600000,202437,0.0,0,0,0,0.0,0.0,0,1,317040420243720347,2025-09-16,Unaí,,0.0,86867,17.4238857142857,50.0903,0,0,0,35.5871571428571,22.6404428571429,24.4871,31.1738142857143,0,,,,,136,2024-09-08,3170404,Unai,MG,2024,37
1725148800000,202436,0.0,0,0,0,0.0,0.0,0,1,317040420243620340,2025-09-09,Unaí,,0.0,86867,17.9914,43.0557857142857,0,0,0,27.8334142857143,16.3770714285714,25.7538,32.7172857142857,0,,,,,136,2024-09-01,3170404,Unai,MG,2024,36
1724544000000,202435,0.0,0,0,0,0.0,0.0,0,1,317040420243520333,2025-09-02,Unaí,,0.0,86867,17.4470857142857,60.8199714285714,0,0,0,42.4855714285714,26.9340571428571,23.6216428571429,29.8369571428571,0,,,,,136,2024-08-25,3170404,Unai,MG,2024,35
1723939200000,202434,0.0,0,0,0,0.0,0.0,0,1,317040420243420328,2025-08-28,Unaí,,0.0,86867,16.5931,49.7556571428571,0,0,0,33.7767714285714,19.8497857142857,23.8010857142857,30.7132285714286,0,,,,,136,2024-08-18,3170404,Unai,MG,2024,34
1723334400000,202433,2.0,2,2,2,0.9779825,2.3023703,0,1,317040420243320321,2025-08-21,Unaí,,18.521618,86867,15.6583142857143,59.4926428571429,0,0,0,40.3463857142857,23.391,22.4785857142857,29.5135428571429,0,,,,,136,2024-08-11,3170404,Unai,MG,2024,33
1722729600000,202432,0.0,0,0,0,0.0,0.0,0,1,317040420243220312,2025-08-12,Unaí,,0.0,86867,17.0259285714286,64.9563,0,0,0,47.4798285714286,30.7975142857143,22.2281714285714,27.8916,0,,,,,136,2024-08-04,3170404,Unai,MG,2024,32
1722124800000,202431,0.0,0,0,0,0.0,0.0,0,1,317040420243120305,2025-08-05,Unaí,,0.0,86867,16.7183714285714,68.2765285714286,0,0,0,49.2031428571429,32.8215285714286,22.1219428571429,27.4730428571429,0,,,,,136,2024-07-28,3170404,Unai,MG,2024,31
1721520000000,202430,0.0,0,0,0,0.0,0.0,0,1,317040420243020298,2025-07-29,Unaí,,0.0,86867,14.1644,66.5728285714286,0,0,0,48.2288714285714,31.4070571428571,20.1863285714286,26.5134285714286,0,,,,,136,2024-07-21,3170404,Unai,MG,2024,30
1720915200000,202429,0.0,0,0,0,0.0,0.0,0,1,317040420242920292,2025-07-23,Unaí,,0.0,86867,13.8973142857143,69.4117714285714,0,0,0,49.8856,33.0453285714286,20.1431857142857,26.1992571428571,0,,,,,136,2024-07-14,3170404,Unai,MG,2024,29
1720310400000,202428,0.0,0,0,0,0.0,0.0,0,1,317040420242820284,2025-07-15,Unaí,,0.0,86867,15.7314285714286,66.4700714285714,0,0,0,47.4841714285714,28.3363857142857,22.1209571428571,28.4775714285714,0,,,,,136,2024-07-07,3170404,Unai,MG,2024,28
1719705600000,202427,0.0,0,0,0,0.0,0.0,0,1,317040420242720278,2025-07-09,Unaí,,0.0,86867,15.6343142857143,65.5133428571429,0,0,0,48.5710857142857,32.5606428571429,21.2612857142857,26.9272285714286,0,,,,,136,2024-06-30,3170404,Unai,MG,2024,27
1719100800000,202426,0.0,0,0,0,0.0,0.0,0,1,317040420242620270,2025-07-01,Unaí,,0.0,86867,16.2208,67.1948,0,0,0,50.1764857142857,31.6532142857143,21.6843,27.5891571428571,0,,,,,136,2024-06-23,3170404,Unai,MG,2024,26
1718496000000,202425,0.0,0,0,0,0.0,0.0,0,1,317040420242520263,2025-06-24,Unaí,,0.0,86867,15.221,73.2262285714286,0,0,0,55.8795285714286,37.5298571428571,20.5958571428571,26.1470714285714,0,,,,,136,2024-06-16,3170404,Unai,MG,2024,25
1717891200000,202424,0.0,0,0,0,0.0,0.0,0,1,317040420242420256,2025-06-17,Unaí,,0.0,86867,15.6423714285714,77.1327571428571,0,0,0,59.0563285714286,38.9550857142857,21.1574571428571,26.9440571428571,0,,,,,136,2024-06-09,3170404,Unai,MG,2024,24
1717286400000,202423,1.0,1,1,1,0.6613001,1.1511852,0,1,317040420242320249,2025-06-10,Unaí,,1.6761006,86867,17.3114714285714,79.0406428571429,0,0,0,62.1061571428571,45.3634714285714,21.6185142857143,26.0809,1,,,,,136,2024-06-02,3170404,Unai,MG,2024,23
1716681600000,202422,2.0,2,2,2,0.9062018,2.3023703,0,1,317040420242220242,2025-06-03,Unaí,,4.8448405,86867,17.0077857142857,76.2088285714286,0,0,0,57.6771857142857,38.2412,22.1739142857143,27.4490142857143,2,,,,,136,2024-05-26,3170404,Unai,MG,2024,22
1716076800000,202421,0.0,0,0,0,0.0,0.0,0,1,317040420242120228,2025-05-20,Unaí,,0.0,86867,18.0069428571429,76.3758,0,0,0,58.5141,40.1068,22.9936571428571,28.1567428571429,0,,,,,136,2024-05-19,3170404,Unai,MG,2024,21
1715472000000,202420,0.0,0,0,0,0.0,0.0,0,1,317040420242020228,2025-05-20,Unaí,,0.0,86867,18.1738857142857,74.0165857142857,0,0,0,55.3956142857143,36.3028,23.9189142857143,29.3617428571429,0,,,,,136,2024-05-12,3170404,Unai,MG,2024,20
1714867200000,202419,1.0,1,1,1,0.43468282,1.1511852,0,2,317040420241920224,2025-05-16,Unaí,,0.831971,86867,18.1041714285714,77.9210142857143,1,0,0,60.7566142857143,41.3672571428571,23.1191285714286,28.4645571428571,0,,,,,136,2024-05-05,3170404,Unai,MG,2024,19
1714262400000,202418,1.0,1,1,1,0.49087417,1.1511852,0,1,317040420241820214,2025-05-06,Unaí,,0.97411305,86867,19.2688571428571,78.2676571428571,1,0,0,60.6462142857143,41.055,24.6104714285714,29.7104857142857,0,,,,,136,2024-04-28,3170404,Unai,MG,2024,18
1713657600000,202417,2.0,2,2,2,0.7584105,2.3023703,0,1,317040420241720207,2025-04-29,Unaí,,2.0642893,86867,19.3422714285714,82.4126142857143,1,0,0,66.5220428571429,48.7441142857143,23.9016428571429,28.4294285714286,2,,,,,136,2024-04-21,3170404,Unai,MG,2024,17
1713052800000,202416,0.0,0,0,0,0.0,0.0,0,1,317040420241620201,2025-04-23,Unaí,,0.0,86867,20.4296714285714,84.6497571428571,0,0,0,71.2705142857143,55.7599285714286,24.1011142857143,27.984,0,,,,,136,2024-04-14,3170404,Unai,MG,2024,16
1712448000000,202415,2.0,2,2,2,0.7366447,2.3023703,0,1,317040420241520193,2025-04-15,Unaí,,1.9055593,86867,20.2477142857143,86.9953857142857,1,0,0,73.2482142857143,54.5399,24.0121714285714,28.1737,2,,,,,136,2024-04-07,3170404,Unai,MG,2024,15
1711843200000,202414,0.0,0,0,0,0.0,0.0,0,1,317040420241420188,2025-04-10,Unaí,,0.0,86867,21.0802285714286,95.7593142857143,0,0,0,83.9525857142857,68.2575714285714,24.0921571428571,27.6409142857143,0,,,,,136,2024-03-31,3170404,Unai,MG,2024,14
1711238400000,202413,1.0,1,1,1,0.4060535,1.1511852,0,2,317040420241320179,2025-04-01,Unaí,,0.769078,86867,20.6802571428571,93.5078428571429,1,0,0,79.7598857142857,59.8926857142857,23.9633428571429,28.1380857142857,0,,,,,136,2024-03-24,3170404,Unai,MG,2024,13
1710633600000,202412,2.0,2,2,2,0.6443398,2.3023703,0,2,317040420241220172,2025-03-25,Unaí,,1.4292079,86867,21.8429571428571,92.9722571428571,1,0,0,78.1443571428571,60.1266,25.548,29.6228571428571,1,,,,,136,2024-03-17,3170404,Unai,MG,2024,12
1710028800000,202411,1.0,1,1,1,0.27200064,1.1511852,0,2,317040420241120165,2025-03-18,Unaí,,0.5323912,86867,21.8951714285714,90.4126428571429,1,0,0,75.8624142857143,58.3661142857143,25.6267571428571,29.6377,0,,,,,136,2024-03-10,3170404,Unai,MG,2024,11
1709424000000,202410,1.0,1,1,1,0.24393684,1.1511852,0,2,317040420241020158,2025-03-11,Unaí,,0.49129897,86867,21.1187714285714,93.0558857142857,1,0,0,79.9087857142857,63.3182714285714,24.6079571428571,28.5971,1,,,,,136,2024-03-03,3170404,Unai,MG,2024,10
1708819200000,202409,2.0,2,2,2,0.6092619,2.3023703,0,2,317040420240920154,2025-03-07,Unaí,,1.3006761,86867,20.2737,87.1553,1,0,0,69.2086285714286,48.8559571428571,25.3247428571429,30.3044714285714,2,,,,,136,2024-02-25,3170404,Unai,MG,2024,9
1708214400000,202408,3.0,3,3,3,0.84850264,3.4535553,0,2,317040420240820145,2025-02-26,Unaí,,2.6022725,86867,20.6204428571429,95.227,1,0,0,85.7158428571429,71.6974142857143,23.1794714285714,26.6968857142857,2,,,,,136,2024-02-18,3170404,Unai,MG,2024,8
1707609600000,202407,1.0,1,1,1,0.44170484,1.1511852,0,2,317040420240720137,2025-02-18,Unaí,,0.84828764,86867,20.1804142857143,88.8013142857143,1,0,0,75.9710428571429,61.3181571428571,23.8890571428571,27.7213142857143,0,,,,,136,2024-02-11,3170404,Unai,MG,2024,7
1707004800000,202406,1.0,1,1,1,0.46851066,1.1511852,0,2,317040420240620130,2025-02-11,Unaí,,0.91420525,86867,20.5848285714286,93.5267714285714,1,0,0,83.4926142857143,67.9038285714286,23.3473428571429,26.8044571428571,1,,,,,136,2024-02-04,3170404,Unai,MG,2024,6
1706400000000,202405,1.0,1,1,1,0.6887566,1.1511852,0,1,317040420240520123,2025-02-04,Unaí,,1.8589644,86867,20.5840285714286,93.7362714285714,1,0,0,80.8951142857143,63.4544285714286,23.7267285714286,27.7515857142857,0,,,,,136,2024-01-28,3170404,Unai,MG,2024,5
1705795200000,202404,2.0,2,2,2,0.97795385,2.3023703,0,1,317040420240420117,2025-01-29,Unaí,,18.49869,86867,21.4448428571429,92.6016857142857,1,0,0,79.5727428571429,62.203,24.4570428571429,28.2791,1,,,,,136,2024-01-21,3170404,Unai,MG,2024,4
1705190400000,202403,0.0,0,0,0,0.0,0.0,0,1,317040420240320109,2025-01-21,Unaí,,0.0,86867,21.0555,89.2755714285714,0,0,0,72.2503142857143,52.2570571428571,25.5678714285714,30.0299428571429,0,,,,,136,2024-01-14,3170404,Unai,MG,2024,3
1704585600000,202402,0.0,0,0,0,0.0,0.0,0,1,317040420240220096,2025-01-08,Unaí,,0.0,86867,20.7863428571429,94.8177857142857,0,0,0,82.1760857142857,65.8692,23.9591571428571,27.7090285714286,0,,,,,136,2024-01-07,3170404,Unai,MG,2024,2
1703980800000,202401,0.0,0,0,0,0.0,0.0,0,1,317040420240120096,2025-01-08,Unaí,,0.0,86867,20.8288285714286,96.0447285714286,0,0,0,87.7997428571429,74.4052714285714,23.0447285714286,26.0405714285714,0,,,,,136,2023-12-31,3170404,Unai,MG,2024,1
1703376000000,202352,0.0,0,0,0,0.0,0.0,0,1,317040420235220088,2024-12-31,Unaí,,0.0,86867,22.2075857142857,91.3923714285714,0,0,0,74.9151714285714,54.7053428571429,25.8603714285714,30.2165714285714,0,,,,,136,2023-12-24,3170404,Unai,MG,2023,52
1702771200000,202351,0.0,0,0,0,0.0,0.0,0,1,317040420235120081,2024-12-24,Unaí,,0.0,86867,21.9520142857143,80.5574285714286,0,0,0,65.9938,50.5267428571429,25.5925285714286,29.6602571428571,0,,,,,136,2023-12-17,3170404,Unai,MG,2023,51
1702166400000,202350,1.0,1,1,1,0.9278832,1.1511852,0,1,317040420235020074,2024-12-17,Unaí,,9.260553,86867,22.9832,66.3511142857143,0,0,0,48.5763,31.2071571428571,27.9406857142857,33.2339428571429,0,,,,,136,2023-12-10,3170404,Unai,MG,2023,50
1701561600000,202349,0.0,0,0,0,0.0,0.0,0,1,317040420234920067,2024-12-10,Unaí,,0.0,86867,21.5315,82.7834714285714,0,0,0,62.9417714285714,43.1724142857143,26.3069714285714,31.1590714285714,0,,,,,136,2023-12-03,3170404,Unai,MG,2023,49
1700956800000,202348,0.0,0,0,0,0.0,0.0,0,1,317040420234820060,2024-12-03,Unaí,,0.0,86867,22.6826,79.9888142857143,0,0,0,59.4983,41.4217857142857,27.0007571428571,31.6838285714286,0,,,,,136,2023-11-26,3170404,Unai,MG,2023,48
1700352000000,202347,0.0,0,0,0,0.0,0.0,0,1,317040420234720056,2024-11-29,Unaí,,0.0,86867,22.6600857142857,87.1283142857143,0,0,0,66.1116285714286,47.0065142857143,26.9224285714286,31.3902571428571,0,,,,,136,2023-11-19,3170404,Unai,MG,2023,47
1699747200000,202346,1.0,1,1,1,0.6886934,1.1511852,0,1,317040420234620046,2024-11-19,Unaí,,1.8585072,86867,22.4873285714286,60.6351142857143,0,0,0,39.9158285714286,23.6199,28.9796571428571,35.8892571428571,0,,,,,136,2023-11-12,3170404,Unai,MG,2023,46
1699142400000,202345,0.0,0,0,0,0.0,0.0,0,1,317040420234520039,2024-11-12,Unaí,,0.0,86867,21.0567857142857,66.9401142857143,0,0,0,49.9225714285714,30.8395571428571,26.6553857142857,32.8436428571429,0,,,,,136,2023-11-05,3170404,Unai,MG,2023,45
1698537600000,202344,0.0,0,0,0,0.0,0.0,0,1,317040420234420032,2024-11-05,Unaí,,0.0,86867,21.3799142857143,84.5278285714286,0,0,0,63.8575571428571,40.4306285714286,26.1146285714286,32.0969285714286,0,,,,,136,2023-10-29,3170404,Unai,MG,2023,44
1697932800000,202343,2.0,2,2,2,0.921898,2.3023703,0,1,317040420234320026,2024-10-30,Unaí,,5.715059,86867,21.5125142857143,79.5734285714286,1,0,0,60.8209428571429,39.2896285714286,26.1199285714286,32.2038714285714,2,,,,,136,2023-10-22,3170404,Unai,MG,2023,43
1697328000000,202342,0.0,0,0,0,0.0,0.0,0,1,317040420234220019,2024-10-23,Unaí,,0.0,86867,21.5475,66.9617,0,0,0,47.333,30.4746857142857,27.2604,33.2604142857143,0,,,,,136,2023-10-15,3170404,Unai,MG,2023,42
1696723200000,202341,0.0,0,0,0,0.0,0.0,0,1,317040420234120012,2024-10-16,Unaí,,0.0,86867,21.7247571428571,80.0745,0,0,0,59.1876142857143,38.3746571428571,26.8887714285714,32.8680142857143,0,,,,,136,2023-10-08,3170404,Unai,MG,2023,41
1696118400000,202340,1.0,1,1,1,0.9632679,1.1511852,0,1,317040420234020005,2024-10-09,Unaí,,18.521618,86867,20.8845,86.2120714285714,1,0,0,66.9814285714286,45.3628857142857,25.3484857142857,31.0522571428571,0,,,,,136,2023-10-01,3170404,Unai,MG,2023,40
1695513600000,202339,0.0,0,0,0,0.0,0.0,0,1,317040420233919998,2024-10-02,Unaí,,0.0,86867,21.5663857142857,71.2155285714286,0,0,0,54.187,34.7325142857143,27.1232857142857,33.6139,0,,,,,136,2023-09-24,3170404,Unai,MG,2023,39
1694908800000,202338,0.0,0,0,0,0.0,0.0,0,1,317040420233819990,2024-09-24,Unaí,,0.0,86867,19.2801285714286,64.8428142857143,0,0,0,45.1511142857143,28.3166857142857,25.8996571428571,32.4705,0,,,,,136,2023-09-17,3170404,Unai,MG,2023,38
1694304000000,202337,0.0,0,0,0,0.0,0.0,0,1,317040420233719984,2024-09-18,Unaí,,0.0,86867,17.7447571428571,67.1857285714286,0,0,0,50.1725285714286,32.9199142857143,23.8366,30.2696714285714,0,,,,,136,2023-09-10,3170404,Unai,MG,2023,37
1693699200000,202336,0.0,0,0,0,0.0,0.0,0,1,317040420233619978,2024-09-12,Unaí,,0.0,86867,19.0785428571429,73.0643428571429,0,0,0,55.2967285714286,37.3598571428571,24.1433714285714,29.6893714285714,0,,,,,136,2023-09-03,3170404,Unai,MG,2023,36
1693094400000,202335,0.0,0,0,0,0.0,0.0,0,1,317040420233519969,2024-09-03,Unaí,,0.0,86867,19.2081428571429,90.8996571428572,0,0,0,72.7153,48.2020714285714,23.5093,29.4234714285714,0,,,,,136,2023-08-27,3170404,Unai,MG,2023,35
1692489600000,202334,0.0,0,0,0,0.0,0.0,0,1,317040420233419962,2024-08-27,Unaí,,0.0,86867,18.6116,66.2370428571429,0,0,0,46.7800714285714,27.7791142857143,24.449,31.7297,0,,,,,136,2023-08-20,3170404,Unai,MG,2023,34
1691884800000,202333,0.0,0,0,0,0.0,0.0,0,1,317040420233319956,2024-08-21,Unaí,,0.0,86867,15.8836285714286,68.9521571428571,0,0,0,49.2786285714286,31.6500428571429,21.9074428571429,28.1840857142857,0,,,,,136,2023-08-13,3170404,Unai,MG,2023,33
1691280000000,202332,0.0,0,0,0,0.0,0.0,0,1,317040420233219949,2024-08-14,Unaí,,0.0,86867,15.6206714285714,62.3199857142857,0,0,0,43.9179714285714,26.0790428571429,22.3866857142857,29.8507428571429,0,,,,,136,2023-08-06,3170404,Unai,MG,2023,32
1690675200000,202331,0.0,0,0,0,0.0,0.0,0,1,317040420233119941,2024-08-06,Unaí,,0.0,86867,15.4481571428571,66.4059857142857,0,0,0,48.2281,29.0917714285714,21.7057285714286,28.8049428571429,0,,,,,136,2023-07-30,3170404,Unai,MG,2023,31
1690070400000,202330,0.0,0,0,0,0.0,0.0,0,1,317040420233019934,2024-07-30,Unaí,,0.0,86867,15.5093285714286,72.9732285714286,0,0,0,55.1163428571429,35.1247571428571,20.9252714285714,27.1046428571429,0,,,,,136,2023-07-23,3170404,Unai,MG,2023,30
1689465600000,202329,0.0,0,0,0,0.0,0.0,0,1,317040420232919929,2024-07-25,Unaí,,0.0,86867,16.3454,76.3293571428571,0,0,0,57.4531571428571,37.1473714285714,21.6271428571429,27.5912857142857,0,,,,,136,2023-07-16,3170404,Unai,MG,2023,29
1688860800000,202328,0.0,0,0,0,0.0,0.0,0,1,317040420232819919,2024-07-15,Unaí,,0.0,86867,15.8074142857143,68.6568142857143,0,0,0,51.0679285714286,31.4503714285714,21.6638571428571,28.9129,0,,,,,136,2023-07-09,3170404,Unai,MG,2023,28
1688256000000,202327,0.0,0,0,0,0.0,0.0,0,1,317040420232719913,2024-07-09,Unaí,0,0.0,86867,17.1428571428571,57.9203708571429,0,0,0,53.6855945714286,50.8379971428571,18.1190477142857,18.8571428571429,0,,,,,136,2023-07-02,3170404,Unai,MG,2023,27
1687651200000,202326,0.0,0,0,0,0.0,0.0,0,1,317040420232619905,2024-07-01,Unaí,0,0.0,86867,17.8571428571429,64.8497052857143,0,0,0,60.0138398571429,56.3151295714286,18.9761905714286,19.8571428571429,0,,,,,136,2023-06-25,3170404,Unai,MG,2023,26
1687046400000,202325,0.0,0,0,0,0.0,0.0,0,1,317040420232519898,2024-06-24,Unaí,0,0.0,86867,18.5714285714286,64.3439018571429,0,0,0,60.6481234285714,58.4162354285714,19.3571428571429,19.8571428571429,0,,,,,136,2023-06-18,3170404,Unai,MG,2023,25
1686441600000,202324,0.0,0,0,0,0.0,0.0,0,1,317040420232419884,2024-06-10,Unaí,,0.0,86867,17.3543714285714,79.8307142857143,0,0,0,64.4013428571429,43.4547142857143,21.7468142857143,27.6744714285714,0,,,,,136,2023-06-11,3170404,Unai,MG,2023,24
1685836800000,202323,0.0,0,0,0,0.0,0.0,0,1,317040420232319884,2024-06-10,Unaí,,0.0,86867,14.0406,77.7322,0,0,0,60.9531857142857,40.637,19.8184571428571,26.5373571428571,0,,,,,136,2023-06-04,3170404,Unai,MG,2023,23
1685232000000,202322,0.0,0,0,0,0.0,0.0,0,1,317040420232219877,2024-06-03,Unaí,0,0.0,86867,19.3076923076923,70.9567779230769,0,0,0,64.3829968461538,60.7061979230769,20.102564,20.8461538461538,0,,,,,136,2023-05-28,3170404,Unai,MG,2023,22
1684627200000,202321,1.0,1,1,1,0.5574727,1.1511852,0,1,317040420232119870,2024-05-27,Unaí,0,1.1862017,86867,16.0,80.6431985714286,0,0,0,58.7663407142857,42.4798425714286,21.2789112857143,25.7142857142857,1,,,,,136,2023-05-21,3170404,Unai,MG,2023,21
1684022400000,202320,1.0,1,1,1,0.4320213,1.1511852,0,1,317040420232019863,2024-05-20,Unaí,0,0.8258827,86867,18.7142857142857,74.6930704285714,1,0,0,58.0954844285714,44.5073284285714,22.6632652857143,26.0,0,,,,,136,2023-05-14,3170404,Unai,MG,2023,20
1683417600000,202319,0.0,0,0,0,0.0,0.0,0,1,317040420231919856,2024-05-13,Unaí,0,0.0,86867,20.7777777777778,70.8140450740741,0,0,0,62.320052,54.3135855555556,22.3663139259259,24.1481481481481,0,,,,,136,2023-05-07,3170404,Unai,MG,2023,19
1682812800000,202318,2.0,2,2,2,0.5728369,2.3023703,0,2,317040420231819849,2024-05-06,Unaí,0,1.1864017,86867,20.4285714285714,80.0199718571429,1,0,0,76.1264952857143,71.7526324285714,20.8428571428571,21.2857142857143,0,,,,,136,2023-04-30,3170404,Unai,MG,2023,18
1682208000000,202317,1.0,1,1,1,0.33499485,1.1511852,0,2,317040420231719842,2024-04-29,Unaí,0,0.63379824,86867,19.2857142857143,80.5147198571429,1,0,0,56.3672855714286,34.5001575714286,24.9231291428571,30.8571428571429,0,,,,,136,2023-04-23,3170404,Unai,MG,2023,17
1681603200000,202316,2.0,2,2,2,0.7524294,2.3023703,0,2,317040420231619835,2024-04-22,Unaí,0,2.0181644,86867,20.4285714285714,88.9105557142857,1,0,0,61.4141592857143,38.2028541428571,26.034013,31.4285714285714,0,,,,,136,2023-04-16,3170404,Unai,MG,2023,16
1680998400000,202315,2.0,2,2,2,0.92080325,2.3023703,0,1,317040420231519828,2024-04-15,Unaí,0,5.6435637,86867,20.8571428571429,99.1455371428571,1,0,0,64.5436204285714,38.4549145714286,26.2176872857143,32.1428571428571,1,,,,,136,2023-04-09,3170404,Unai,MG,2023,15
1680393600000,202314,1.0,1,1,1,0.92779905,1.1511852,0,1,317040420231419821,2024-04-08,Unaí,0,9.249345,86867,19.7142857142857,81.4381942857143,1,0,0,54.6043357142857,32.2615782857143,26.2244895714286,32.7142857142857,0,,,,,136,2023-04-02,3170404,Unai,MG,2023,14
1679788800000,202313,0.0,0,0,0,0.0,0.0,0,1,317040420231319815,2024-04-02,Unaí,0,0.0,86867,22.0,63.8752214285714,0,0,0,49.8391834285714,37.1447047142857,25.8044068571429,29.5714285714286,0,,,,,136,2023-03-26,3170404,Unai,MG,2023,13
1679184000000,202312,0.0,0,0,0,0.0,0.0,0,1,317040420231219809,2024-03-27,Unaí,0,0.0,86867,20.0,76.7705371428571,0,0,0,52.7513442857143,33.2790385714286,25.5680272857143,30.8571428571429,0,,,,,136,2023-03-19,3170404,Unai,MG,2023,12
1678579200000,202311,0.0,0,0,0,0.0,0.0,0,1,317040420231119801,2024-03-19,Unaí,0,0.0,86867,23.0833333333333,64.0832999166667,0,0,0,60.4615767083333,57.7393514166667,23.875,24.5,0,,,,,136,2023-03-12,3170404,Unai,MG,2023,11
1677974400000,202310,1.0,1,1,1,0.69941014,1.1511852,0,1,317040420231019795,2024-03-13,Unaí,0,1.9387758,86867,23.962962962963,64.8186791111111,0,0,0,60.6507633333333,56.877049962963,24.6851851851852,25.4074074074074,1,,,,,136,2023-03-05,3170404,Unai,MG,2023,10
1677369600000,202309,0.0,0,0,0,0.0,0.0,0,1,317040420230919787,2024-03-05,Unaí,0,0.0,86867,23.8571428571429,60.6962627142857,0,0,0,57.358699,53.5546815714286,24.4642857142857,25.1428571428571,0,,,,,136,2023-02-26,3170404,Unai,MG,2023,9
1676764800000,202308,1.0,1,1,1,0.5207611,1.1511852,0,1,317040420230819780,2024-02-27,Unaí,0,1.0623531,86867,20.2857142857143,82.4866908571429,1,0,0,59.7073565714286,41.7486347142857,25.5646258571429,30.2857142857143,0,,,,,136,2023-02-19,3170404,Unai,MG,2023,8
1676160000000,202307,0.0,0,0,0,0.0,0.0,0,1,317040420230719773,2024-02-20,Unaí,0,0.0,86867,23.8571428571429,67.1607606190476,0,0,0,65.104002,62.8650876190476,24.3333332380952,24.7619047619048,0,,,,,136,2023-02-12,3170404,Unai,MG,2023,7
1675555200000,202306,1.0,1,1,1,0.58240587,1.1511852,0,1,317040420230619768,2024-02-15,Unaí,0,1.2822105,86867,25.7142857142857,62.2031435714286,0,0,0,61.191805,60.1804664285714,25.8571428571429,26.0,1,,,,,136,2023-02-05,3170404,Unai,MG,2023,6
1674950400000,202305,2.0,2,2,2,0.8820878,2.3548806,0,1,317040420230519759,2024-02-06,Unaí,0,3.945363,84930,22.7142857142857,76.9182357142857,1,0,0,68.6969585714286,59.9674785714286,24.0612245714286,25.5714285714286,2,,,,,136,2023-01-29,3170404,Unai,MG,2023,5
1674345600000,202304,0.0,0,0,0,0.0,0.0,0,1,317040420230419752,2024-01-30,Unaí,0,0.0,84930,21.7142857142857,93.4440928571429,0,0,0,93.0693792857143,92.6946671428571,21.7857142857143,21.8571428571429,0,,,,,136,2023-01-22,3170404,Unai,MG,2023,4
1673740800000,202303,1.0,1,1,1,0.9632679,1.1774403,0,1,317040420230319740,2024-01-18,Unaí,0,18.521618,84930,23.5714285714286,70.8890304285714,0,0,0,70.2798767142857,69.6707232857143,23.6428571428571,23.7142857142857,0,,,,,136,2023-01-15,3170404,Unai,MG,2023,3
1673136000000,202302,0.0,0,0,0,0.5,0.0,0,1,317040420230219740,2024-01-18,Unaí,0,0.0,84930,20.5714285714286,100.0,0,0,0,85.1746842857143,66.8431758571429,23.3698978571429,27.1428571428571,0,,,,,136,2023-01-08,3170404,Unai,MG,2023,2
1672531200000,202301,0.0,0,0,0,0.5,0.0,0,1,317040420230119740,2024-01-18,Unaí,0,0.0,84930,20.4285714285714,94.41508,0,0,0,79.9674628571429,58.5471398571429,23.3480465714286,28.0,0,,,,,136,2023-01-01,3170404,Unai,MG,2023,1
1671926400000,202252,0.0,0,0,0,0.5,0.0,0,1,317040420225219734,2024-01-12,Unaí,0,0.0,84930,20.3333333333333,96.0900133333333,0,0,0,85.80031,71.302125,21.799603,24.0,0,,,,,136,2022-12-25,3170404,Unai,MG,2022,52
1671321600000,202251,0.0,0,0,0,0.5,0.0,0,1,317040420225119718,2023-12-27,Unaí,0,0.0,84930,20.0,100.0,0,0,0,94.337425,80.91863,21.730953,25.0,0,,,,,136,2022-12-18,3170404,Unai,MG,2022,51
1670716800000,202250,0.0,0,0,0,0.5,0.0,0,1,317040420225019718,2023-12-27,Unaí,0,0.0,84930,20.0,98.086385,0,0,0,84.6706075,65.0482091666667,22.8234125,26.1666666666667,0,,,,,136,2022-12-11,3170404,Unai,MG,2022,50
1670112000000,202249,0.0,0,0,0,0.0,0.0,0,1,317040420224919708,2023-12-17,Unaí,0,0.0,84930,19.8571428571429,95.8700771428571,0,0,0,75.4314792857143,53.9335705714286,23.5646257142857,28.1428571428571,0,,,,,136,2022-12-04,3170404,Unai,MG,2022,49
1669507200000,202248,0.0,0,0,0,0.0,0.0,0,1,317040420224819684,2023-11-23,Unaí,0,0.0,84930,20.5714285714286,100.0,0,0,0,78.1805757142857,55.1040875714286,23.6122447142857,27.8571428571429,0,,,,,136,2022-11-27,3170404,Unai,MG,2022,48
1668902400000,202247,0.0,0,0,0,0.0,0.0,0,1,317040420224719684,2023-11-23,Unaí,0,0.0,84930,20.0,92.6932471428571,0,0,0,75.4033241428571,55.3896471428571,23.108844,27.0,0,,,,,136,2022-11-20,3170404,Unai,MG,2022,47
1668297600000,202246,0.0,0,0,0,0.0,0.0,0,1,317040420224619684,2023-11-23,Unaí,0,0.0,84930,20.8571428571429,89.9539892857143,0,0,0,71.4313085714286,50.044906,23.9336734285714,28.1428571428571,0,,,,,136,2022-11-13,3170404,Unai,MG,2022,46
1667692800000,202245,0.0,0,0,0,0.0,0.0,0,1,317040420224519684,2023-11-23,Unaí,0,0.0,84930,19.4285714285714,78.9872965714286,0,0,0,56.8605615714286,38.3704798571429,24.1311848571429,29.0,0,,,,,136,2022-11-06,3170404,Unai,MG,2022,45
1667088000000,202244,0.0,0,0,0,0.0,0.0,0,1,317040420224419684,2023-11-23,Unaí,0,0.0,84930,19.7142857142857,89.5199907142857,0,0,0,69.0981851428571,45.3845747142857,23.2797622857143,28.1428571428571,0,,,,,136,2022-10-30,3170404,Unai,MG,2022,44
1666483200000,202243,0.0,0,0,0,0.0,0.0,0,1,317040420224319684,2023-11-23,Unaí,0,0.0,84930,20.2857142857143,80.9646535714286,0,0,0,61.921162,42.4888215714286,24.7904761428571,29.4285714285714,0,,,,,136,2022-10-23,3170404,Unai,MG,2022,43
1665878400000,202242,0.0,0,0,0,0.0,0.0,0,1,317040420224219684,2023-11-23,Unaí,0,0.0,84930,20.1428571428571,68.6719621428571,0,0,0,42.1473878571429,25.2871742857143,26.4219852857143,31.8571428571429,0,,,,,136,2022-10-16,3170404,Unai,MG,2022,42
1665273600000,202241,0.0,0,0,0,0.0,0.0,0,1,317040420224119684,2023-11-23,Unaí,0,0.0,84930,20.7142857142857,64.2005921428571,0,0,0,38.834284,22.3681675714286,26.9742114285714,32.2857142857143,0,,,,,136,2022-10-09,3170404,Unai,MG,2022,41
1664668800000,202240,0.0,0,0,0,0.0,0.0,0,1,317040420224019684,2023-11-23,Unaí,0,0.0,84930,20.4285714285714,81.3901414285714,0,0,0,59.4466094285714,40.9703032857143,25.1020401428571,30.1428571428571,0,,,,,136,2022-10-02,3170404,Unai,MG,2022,40
1664064000000,202239,0.0,0,0,0,0.0,0.0,0,1,317040420223919684,2023-11-23,Unaí,0,0.0,84930,19.8571428571429,72.0078585714286,0,0,0,50.3225474285714,33.741276,25.7396825714286,30.7142857142857,0,,,,,136,2022-09-25,3170404,Unai,MG,2022,39
1663459200000,202238,0.0,0,0,0,0.0,0.0,0,1,317040420223819684,2023-11-23,Unaí,0,0.0,84930,20.0,77.1214564285714,0,0,0,58.5839927142857,41.0907862857143,24.4192175714286,29.0,0,,,,,136,2022-09-18,3170404,Unai,MG,2022,38
1662854400000,202237,0.0,0,0,0,0.0,0.0,0,1,317040420223719684,2023-11-23,Unaí,0,0.0,84930,19.1428571428571,54.7780917142857,0,0,0,34.6156907142857,24.0223705714286,25.6108487142857,30.2857142857143,0,,,,,136,2022-09-11,3170404,Unai,MG,2022,37
1662249600000,202236,0.0,0,0,0,0.0,0.0,0,1,317040420223619684,2023-11-23,Unaí,0,0.0,84930,15.8571428571429,69.1179352857143,0,0,0,42.2804964285714,22.8066484285714,23.7891154285714,30.4285714285714,0,,,,,136,2022-09-04,3170404,Unai,MG,2022,36
1661644800000,202235,0.0,0,0,0,0.0,0.0,0,1,317040420223519684,2023-11-23,Unaí,0,0.0,84930,14.2857142857143,71.3918972857143,0,0,0,49.2800141428571,31.8728095714286,19.522959,24.4285714285714,0,,,,,136,2022-08-28,3170404,Unai,MG,2022,35
1661040000000,202234,0.0,0,0,0,0.0,0.0,0,1,317040420223419684,2023-11-23,Unaí,0,0.0,84930,15.7142857142857,73.0643757142857,0,0,0,50.1284921428571,33.755263,21.1020407142857,25.5714285714286,0,,,,,136,2022-08-21,3170404,Unai,MG,2022,34
1660435200000,202233,0.0,0,0,0,0.0,0.0,0,1,317040420223319684,2023-11-23,Unaí,0,0.0,84930,14.2857142857143,72.9579342857143,0,0,0,47.7837871428571,29.5844195714286,20.9367344285714,26.7142857142857,0,,,,,136,2022-08-14,3170404,Unai,MG,2022,33
1659830400000,202232,0.0,0,0,0,0.0,0.0,0,1,317040420223219684,2023-11-23,Unaí,0,0.0,84930,15.4285714285714,67.935591,0,0,0,39.3286902857143,20.7278387142857,24.1736171428571,31.5714285714286,0,,,,,136,2022-08-07,3170404,Unai,MG,2022,32
1659225600000,202231,0.0,0,0,0,0.0,0.0,0,1,317040420223119684,2023-11-23,Unaí,0,0.0,84930,15.0,73.6125738571429,0,0,0,50.6252095714286,33.7873972857143,21.4272114285714,27.1428571428571,0,,,,,136,2022-07-31,3170404,Unai,MG,2022,31
1658620800000,202230,0.0,0,0,0,0.0,0.0,0,1,317040420223019684,2023-11-23,Unaí,0,0.0,84930,13.7142857142857,78.8730035714286,0,0,0,51.0921194285714,28.328315,20.7374672857143,27.5714285714286,0,,,,,136,2022-07-24,3170404,Unai,MG,2022,30
1658016000000,202229,0.0,0,0,0,0.0,0.0,0,1,317040420222919684,2023-11-23,Unaí,0,0.0,84930,14.0,80.7101431428571,0,0,0,54.6546575714286,35.3217571428571,20.581633,26.5714285714286,0,,,,,136,2022-07-17,3170404,Unai,MG,2022,29
1657411200000,202228,0.0,0,0,0,0.0,0.0,0,1,317040420222819684,2023-11-23,Unaí,0,0.0,84930,15.1428571428571,76.439515,0,0,0,54.5717092857143,34.2916437142857,20.5419501428571,26.4285714285714,0,,,,,136,2022-07-10,3170404,Unai,MG,2022,28
1656806400000,202227,0.0,0,0,0,0.0,0.0,0,1,317040420222719684,2023-11-23,Unaí,0,0.0,84930,13.0,86.1361592857143,0,0,0,56.1132151428571,33.4996372857143,20.3570247142857,26.7142857142857,0,,,,,136,2022-07-03,3170404,Unai,MG,2022,27
1656201600000,202226,0.0,0,0,0,0.0,0.0,0,1,317040420222619684,2023-11-23,Unaí,0,0.0,84930,12.0,86.056256,0,0,0,56.7437867142857,30.6492451428571,19.5574778571429,27.0,0,,,,,136,2022-06-26,3170404,Unai,MG,2022,26
1655596800000,202225,0.0,0,0,0,0.0,0.0,0,1,317040420222519684,2023-11-23,Unaí,0,0.0,84930,13.8571428571429,81.3365537142857,0,0,0,54.2851778571429,32.3355397142857,21.1972785714286,27.7142857142857,0,,,,,136,2022-06-19,3170404,Unai,MG,2022,25
1654992000000,202224,0.0,0,0,0,0.0,0.0,0,1,317040420222419684,2023-11-23,Unaí,0,0.0,84930,14.0,80.5539628571428,0,0,0,53.2033742857143,29.2037841428571,21.2517005714286,28.2857142857143,0,,,,,136,2022-06-12,3170404,Unai,MG,2022,24
1654387200000,202223,0.0,0,0,0,0.0,0.0,0,1,317040420222319684,2023-11-23,Unaí,0,0.0,84930,12.5714285714286,87.2988608571429,0,0,0,60.646599,37.2472652857143,18.5289631428571,24.7142857142857,0,,,,,136,2022-06-05,3170404,Unai,MG,2022,23
1653782400000,202222,0.0,0,0,0,0.0,0.0,0,1,317040420222219684,2023-11-23,Unaí,0,0.0,84930,13.7142857142857,87.99733,0,0,0,57.7223764285714,31.5045061428571,21.6960418571429,29.4285714285714,0,,,,,136,2022-05-29,3170404,Unai,MG,2022,22
1653177600000,202221,0.0,0,0,0,0.0,0.0,0,1,317040420222119684,2023-11-23,Unaí,0,0.0,84930,12.7142857142857,88.6838198571429,0,0,0,57.7209851428571,32.458185,20.3626925714286,27.2857142857143,0,,,,,136,2022-05-22,3170404,Unai,MG,2022,21
1652572800000,202220,0.0,0,0,0,0.0,0.0,0,1,317040420222019684,2023-11-23,Unaí,0,0.0,84930,13.0,85.8493828571429,0,0,0,56.0076012857143,29.8423502857143,19.755102,26.4285714285714,0,,,,,136,2022-05-15,3170404,Unai,MG,2022,20
1651968000000,202219,0.0,0,0,0,0.0,0.0,0,1,317040420221919684,2023-11-23,Unaí,0,0.0,84930,15.8571428571429,87.4092357142857,0,0,0,60.5758851428571,33.7180514285714,22.1503404285714,29.0,0,,,,,136,2022-05-08,3170404,Unai,MG,2022,19
1651363200000,202218,0.0,0,0,0,0.0,0.0,0,1,317040420221819684,2023-11-23,Unaí,0,0.0,84930,18.4285714285714,83.5694708571429,0,0,0,59.0458211428571,34.6087082857143,24.6386054285714,31.1428571428571,0,,,,,136,2022-05-01,3170404,Unai,MG,2022,18
1650758400000,202217,0.0,0,0,0,0.0,0.0,0,1,317040420221719684,2023-11-23,Unaí,0,0.0,84930,18.2857142857143,90.226348,0,0,0,62.6333467142857,39.4524227142857,23.7891157142857,29.4285714285714,0,,,,,136,2022-04-24,3170404,Unai,MG,2022,17
1650153600000,202216,0.0,0,0,0,0.0,0.0,0,1,317040420221619684,2023-11-23,Unaí,0,0.0,84930,16.4285714285714,93.1258428571429,0,0,0,61.6881147142857,33.7119401428571,23.5346941428571,30.7142857142857,0,,,,,136,2022-04-17,3170404,Unai,MG,2022,16
1649548800000,202215,0.0,0,0,0,0.0,0.0,0,1,317040420221519684,2023-11-23,Unaí,0,0.0,84930,20.4285714285714,96.66028,0,0,0,72.755802,40.3771535714286,25.1218304285714,31.4285714285714,0,,,,,136,2022-04-10,3170404,Unai,MG,2022,15
1648944000000,202214,0.0,0,0,0,0.0,0.0,0,1,317040420221419684,2023-11-23,Unaí,0,0.0,84930,19.2857142857143,81.6278642857143,0,0,0,58.401093,36.1246208571429,25.4901361428571,32.0,0,,,,,136,2022-04-03,3170404,Unai,MG,2022,14
1648339200000,202213,0.0,0,0,0,0.0,0.0,0,1,317040420221319684,2023-11-23,Unaí,0,0.0,84930,18.8571428571429,81.3772994285714,0,0,0,53.1109865714286,29.7007261428571,26.2932781428571,33.1428571428571,0,,,,,136,2022-03-27,3170404,Unai,MG,2022,13
1647734400000,202212,0.0,0,0,0,0.0,0.0,0,1,317040420221219684,2023-11-23,Unaí,0,0.0,84930,19.1428571428571,86.5575642857143,0,0,0,57.5036152857143,34.6846192857143,25.7789115714286,31.1428571428571,0,,,,,136,2022-03-20,3170404,Unai,MG,2022,12
1647129600000,202211,0.0,0,0,0,0.0,0.0,0,1,317040420221119684,2023-11-23,Unaí,0,0.0,84930,20.0,87.7635257142857,0,0,0,63.3371744285714,43.8095558571429,25.3649038571429,30.2857142857143,0,,,,,136,2022-03-13,3170404,Unai,MG,2022,11
1646524800000,202210,0.0,0,0,0,0.0,0.0,0,1,317040420221019684,2023-11-23,Unaí,0,0.0,84930,18.5714285714286,86.0439068571429,0,0,0,58.8794672857143,34.9733027142857,25.5374147142857,32.0,0,,,,,136,2022-03-06,3170404,Unai,MG,2022,10
1645920000000,202209,1.0,1,1,1,0.9573679,1.1774403,0,1,317040420220919684,2023-11-23,Unaí,0,15.9097185,84930,18.4285714285714,90.04765,1,0,0,62.6348647142857,41.1816422857143,24.7687074285714,30.4285714285714,1,,,,,136,2022-02-27,3170404,Unai,MG,2022,9
1645315200000,202208,0.0,0,0,0,0.0,0.0,0,1,317040420220819684,2023-11-23,Unaí,0,0.0,84930,20.0,95.8943485714286,0,0,0,69.143915,42.2879632857143,25.5442177142857,31.2857142857143,0,,,,,136,2022-02-20,3170404,Unai,MG,2022,8
1644710400000,202207,0.0,0,0,0,0.0,0.0,0,1,317040420220719684,2023-11-23,Unaí,0,0.0,84930,20.4285714285714,100.0,0,0,0,82.5512207142857,55.7399377142857,23.7176872857143,29.0,0,,,,,136,2022-02-13,3170404,Unai,MG,2022,7
1644105600000,202206,0.0,0,0,0,0.0,0.0,0,1,317040420220619684,2023-11-23,Unaí,0,0.0,84930,20.4285714285714,97.5868128571429,0,0,0,80.672402,60.4875995714286,23.6088434285714,27.7142857142857,0,,,,,136,2022-02-06,3170404,Unai,MG,2022,6
1643500800000,202205,0.0,0,0,0,0.0,0.0,0,1,317040420220519684,2023-11-23,Unaí,0,0.0,84930,21.1428571428571,96.9282357142857,0,0,0,72.6935281428571,46.578086,25.4730574285714,31.2857142857143,0,,,,,136,2022-01-30,3170404,Unai,MG,2022,5
1642896000000,202204,2.0,2,2,2,0.9779825,2.3548806,0,1,317040420220419684,2023-11-23,Unaí,0,18.521618,84930,19.8571428571429,89.3368528571429,1,0,0,67.8467877142857,45.0774971428571,24.5998924285714,29.7142857142857,1,,,,,136,2022-01-23,3170404,Unai,MG,2022,4
1642291200000,202203,0.0,0,0,0,0.0,0.0,0,1,317040420220319684,2023-11-23,Unaí,0,0.0,84930,20.1428571428571,87.8876385714286,0,0,0,63.7583311428571,41.8160077142857,25.4020407142857,30.7142857142857,0,,,,,136,2022-01-16,3170404,Unai,MG,2022,3
1641686400000,202202,0.0,0,0,0,0.0,0.0,0,1,317040420220219684,2023-11-23,Unaí,0,0.0,84930,19.5714285714286,98.3362385714286,0,0,0,72.292322,45.7048554285714,24.9023808571429,30.0,0,,,,,136,2022-01-09,3170404,Unai,MG,2022,2
1641081600000,202201,0.0,0,0,0,0.0,0.0,0,1,317040420220119684,2023-11-23,Unaí,0,0.0,84930,20.8571428571429,100.0,0,0,0,87.7849435714286,66.5619228571429,23.0788222857143,26.8571428571429,0,,,,,136,2022-01-02,3170404,Unai,MG,2022,1
1640476800000,202152,0.0,0,0,0,0.0,0.0,0,1,317040420215219684,2023-11-23,Unaí,0,0.0,84930,20.1428571428571,100.0,0,0,0,86.1490978571428,65.1156657142857,22.6072452857143,26.0,0,,,,,136,2021-12-26,3170404,Unai,MG,2021,52
1639872000000,202151,0.0,0,0,0,0.0,0.0,0,1,317040420215119684,2023-11-23,Unaí,0,0.0,84930,20.7142857142857,100.0,0,0,0,85.7544055714286,64.4812602857143,22.9224491428571,26.5714285714286,0,,,,,136,2021-12-19,3170404,Unai,MG,2021,51
1639267200000,202150,0.0,0,0,0,0.0,0.0,0,1,317040420215019684,2023-11-23,Unaí,0,0.0,84930,21.3333333333333,92.513525,0,0,0,70.5210533333333,50.9027705,25.451274,29.6666666666667,0,,,,,136,2021-12-12,3170404,Unai,MG,2021,50
1638662400000,202149,0.0,0,0,0,0.0,0.0,0,1,317040420214919684,2023-11-23,Unaí,0,0.0,84930,20.2857142857143,98.34806,0,0,0,77.4402442857143,52.4823381428571,23.889062,29.0,0,,,,,136,2021-12-05,3170404,Unai,MG,2021,49
1638057600000,202148,0.0,0,0,0,0.0,0.0,0,1,317040420214819684,2023-11-23,Unaí,0,0.0,84930,20.4285714285714,96.7111071428571,0,0,0,78.8635347142857,50.380327,23.9680827142857,28.8571428571429,0,,,,,136,2021-11-28,3170404,Unai,MG,2021,48
1637452800000,202147,0.0,0,0,0,0.0,0.0,0,1,317040420214719684,2023-11-23,Unaí,0,0.0,84930,19.5714285714286,93.6605642857143,0,0,0,67.3041347142857,42.1033272857143,24.5487705714286,29.4285714285714,0,,,,,136,2021-11-21,3170404,Unai,MG,2021,47
1636848000000,202146,0.0,0,0,0,0.0,0.0,0,1,317040420214619684,2023-11-23,Unaí,0,0.0,84930,19.4285714285714,89.984336,0,0,0,71.189523,54.3494177142857,22.9219477142857,26.5714285714286,0,,,,,136,2021-11-14,3170404,Unai,MG,2021,46
1636243200000,202145,0.0,0,0,0,0.0,0.0,0,1,317040420214519684,2023-11-23,Unaí,0,0.0,84930,20.4285714285714,95.9230514285714,0,0,0,78.3275492857143,56.1918605714286,23.351951,27.5714285714286,0,,,,,136,2021-11-07,3170404,Unai,MG,2021,45
1635638400000,202144,0.0,0,0,0,0.0,0.0,0,1,317040420214419684,2023-11-23,Unaí,0,0.0,84930,20.4285714285714,96.1841371428571,0,0,0,76.3839668571429,51.872201,24.2001432857143,29.1428571428571,0,,,,,136,2021-10-31,3170404,Unai,MG,2021,44
1635033600000,202143,0.0,0,0,0,0.0,0.0,0,1,317040420214319684,2023-11-23,Unaí,0,0.0,84930,20.5714285714286,83.6448794285714,0,0,0,57.6600388571429,37.0166622857143,25.7983617142857,31.0,0,,,,,136,2021-10-24,3170404,Unai,MG,2021,43
1634428800000,202142,0.0,0,0,0,0.0,0.0,0,1,317040420214219684,2023-11-23,Unaí,0,0.0,84930,20.7142857142857,86.1037242857143,0,0,0,61.223115,37.3523382857143,25.675188,30.8571428571429,0,,,,,136,2021-10-17,3170404,Unai,MG,2021,42
1633824000000,202141,0.0,0,0,0,0.0,0.0,0,1,317040420214119684,2023-11-23,Unaí,0,0.0,84930,19.8,97.654008,0,0,0,66.3852734,39.6879918,24.7792486,30.4,0,,,,,136,2021-10-10,3170404,Unai,MG,2021,41
1633219200000,202140,0.0,0,0,0,0.0,0.0,0,1,317040420214019684,2023-11-23,Unaí,0,0.0,84930,19.35,87.154696,0,0,0,,,,,0,,,,,136,2021-10-03,3170404,Unai,MG,2021,40
1632614400000,202139,0.0,0,0,0,0.0,0.0,0,1,317040420213919684,2023-11-23,Unaí,0,0.0,84930,18.9,76.655384,0,0,0,,,,,0,,,,,136,2021-09-26,3170404,Unai,MG,2021,39
1632009600000,202138,0.0,0,0,0,0.0,0.0,0,1,317040420213819684,2023-11-23,Unaí,0,0.0,84930,18.45,66.156072,0,0,0,,,,,0,,,,,136,2021-09-19,3170404,Unai,MG,2021,38
1631404800000,202137,0.0,0,0,0,0.0,0.0,0,1,317040420213719684,2023-11-23,Unaí,0,0.0,84930,18.0,55.65676,0,0,0,29.965601,12.358535,27.842106,35.0,0,,,,,136,2021-09-12,3170404,Unai,MG,2021,37
1630800000000,202136,0.0,0,0,0,0.0,0.0,0,1,317040420213619684,2023-11-23,Unaí,0,0.0,84930,18.5714285714286,62.5257067142857,0,0,0,33.9592418571429,14.8596454285714,27.8412938571429,35.4285714285714,0,,,,,136,2021-09-05,3170404,Unai,MG,2021,36
1630195200000,202135,0.0,0,0,0,0.0,0.0,0,1,317040420213519684,2023-11-23,Unaí,0,0.0,84930,16.5714285714286,74.0430371428571,0,0,0,47.1668968571429,28.072215,23.4809704285714,29.0,0,,,,,136,2021-08-29,3170404,Unai,MG,2021,35
1629590400000,202134,0.0,0,0,0,0.0,0.0,0,1,317040420213419684,2023-11-23,Unaí,0,0.0,84930,15.1428571428571,70.1360378571429,0,0,0,42.6350791428571,23.2311047142857,23.5108667142857,29.7142857142857,0,,,,,136,2021-08-22,3170404,Unai,MG,2021,34
1628985600000,202133,0.0,0,0,0,0.0,0.0,0,1,317040420213319684,2023-11-23,Unaí,0,0.0,84930,15.8571428571429,69.6847074285714,0,0,0,42.9906875714286,23.964227,23.3610695714286,29.4285714285714,0,,,,,136,2021-08-15,3170404,Unai,MG,2021,33
1628380800000,202132,0.0,0,0,0,0.0,0.0,0,1,317040420213219684,2023-11-23,Unaí,0,0.0,84930,16.1428571428571,71.9287128571429,0,0,0,46.146926,25.7064924285714,22.7432122857143,28.5714285714286,0,,,,,136,2021-08-08,3170404,Unai,MG,2021,32
1627776000000,202131,0.0,0,0,0,0.0,0.0,0,1,317040420213119684,2023-11-23,Unaí,0,0.0,84930,12.0,79.319506,0,0,0,49.9619103333333,29.4568865,19.7013366666667,25.6666666666667,0,,,,,136,2021-08-01,3170404,Unai,MG,2021,31
1627171200000,202130,0.0,0,0,0,0.0,0.0,0,1,317040420213019684,2023-11-23,Unaí,0,0.0,84930,13.8571428571429,73.9312414285714,0,0,0,45.7873912857143,25.1317,21.592159,28.5714285714286,0,,,,,136,2021-07-25,3170404,Unai,MG,2021,30
1626566400000,202129,0.0,0,0,0,0.0,0.0,0,1,317040420212919684,2023-11-23,Unaí,0,0.0,84930,14.5714285714286,74.7374675714286,0,0,0,47.350981,26.6268661428571,22.082319,28.4285714285714,0,,,,,136,2021-07-18,3170404,Unai,MG,2021,29
1625961600000,202128,0.0,0,0,0,0.0,0.0,0,1,317040420212819684,2023-11-23,Unaí,0,0.0,84930,12.8571428571429,78.2968994285714,0,0,0,47.301024,25.1025224285714,21.5234871428571,28.7142857142857,0,,,,,136,2021-07-11,3170404,Unai,MG,2021,28
1625356800000,202127,0.0,0,0,0,0.0,0.0,0,1,317040420212719684,2023-11-23,Unaí,0,0.0,84930,12.0,81.2163774285714,0,0,0,49.1476412857143,25.3943581428571,20.373514,27.5714285714286,0,,,,,136,2021-07-04,3170404,Unai,MG,2021,27
1624752000000,202126,0.0,0,0,0,0.0,0.0,0,1,317040420212619684,2023-11-23,Unaí,0,0.0,84930,12.0,83.826465,0,0,0,54.5859987142857,29.7108495714286,19.6857978571429,26.4285714285714,0,,,,,136,2021-06-27,3170404,Unai,MG,2021,26
1624147200000,202125,1.0,1,1,1,0.9632679,1.1774403,0,1,317040420212519684,2023-11-23,Unaí,0,18.521618,84930,13.2857142857143,87.8305537142857,0,0,0,53.6093787142857,27.801395,21.4317457142857,28.4285714285714,1,,,,,136,2021-06-20,3170404,Unai,MG,2021,25
1623542400000,202124,0.0,0,0,0,0.5,0.0,0,1,317040420212419684,2023-11-23,Unaí,0,0.0,84930,13.8333333333333,86.1238843333333,0,0,0,60.3807116666667,37.3223085,20.2539683333333,26.5,0,,,,,136,2021-06-13,3170404,Unai,MG,2021,24
1622937600000,202123,0.0,0,0,0,0.5,0.0,0,1,317040420212319684,2023-11-23,Unaí,0,0.0,84930,16.0,93.963305,0,0,0,66.588954,49.6478975,21.208333,25.0,0,,,,,136,2021-06-06,3170404,Unai,MG,2021,23
1622332800000,202122,0.0,0,0,0,0.5,0.0,0,1,317040420212219684,2023-11-23,Unaí,0,0.0,84930,17.0,79.909645,0,0,0,50.633539,27.900835,24.6875,30.0,0,,,,,136,2021-05-30,3170404,Unai,MG,2021,22
1621728000000,202121,0.0,0,0,0,0.5,0.0,0,1,317040420212119684,2023-11-23,Unaí,0,0.0,84930,17.3888888888889,83.2580375,0,0,0,,,,,0,,,,,136,2021-05-23,3170404,Unai,MG,2021,21
1621123200000,202120,0.0,0,0,0,0.5,0.0,0,1,317040420212019684,2023-11-23,Unaí,0,0.0,84930,17.7777777777778,86.60643,0,0,0,,,,,0,,,,,136,2021-05-16,3170404,Unai,MG,2021,20
1620518400000,202119,0.0,0,0,0,0.5,0.0,0,1,317040420211919684,2023-11-23,Unaí,0,0.0,84930,18.1666666666667,89.9548225,0,0,0,,,,,0,,,,,136,2021-05-09,3170404,Unai,MG,2021,19
1619913600000,202118,0.0,0,0,0,0.5,0.0,0,1,317040420211819684,2023-11-23,Unaí,0,0.0,84930,18.5555555555556,93.303215,0,0,0,,,,,0,,,,,136,2021-05-02,3170404,Unai,MG,2021,18
1619308800000,202117,0.0,0,0,0,0.5,0.0,0,1,317040420211719684,2023-11-23,Unaí,0,0.0,84930,18.9444444444444,96.6516075,0,0,0,,,,,0,,,,,136,2021-04-25,3170404,Unai,MG,2021,17
1618704000000,202116,0.0,0,0,0,0.5,0.0,0,1,317040420211619684,2023-11-23,Unaí,0,0.0,84930,19.3333333333333,100.0,0,0,0,88.61808,70.8780833333333,21.2539686666667,25.0,0,,,,,136,2021-04-18,3170404,Unai,MG,2021,16
1618099200000,202115,0.0,0,0,0,0.5,0.0,0,1,317040420211519684,2023-11-23,Unaí,0,0.0,84930,19.4166666666667,95.6880665,0,0,0,,,,,0,,,,,136,2021-04-11,3170404,Unai,MG,2021,15
1617494400000,202114,0.0,0,0,0,0.5,0.0,0,1,317040420211419684,2023-11-23,Unaí,0,0.0,84930,19.5,91.376133,0,0,0,69.807692,53.132452,23.5625,26.5,0,,,,,136,2021-04-04,3170404,Unai,MG,2021,14
1616889600000,202113,0.0,0,0,0,0.5,0.0,0,1,317040420211319684,2023-11-23,Unaí,0,0.0,84930,17.0,100.0,0,0,0,56.152363,26.083574,26.294117,34.0,0,,,,,136,2021-03-28,3170404,Unai,MG,2021,13
1616284800000,202112,0.0,0,0,0,0.5,0.0,0,1,317040420211219684,2023-11-23,Unaí,0,0.0,84930,17.0,88.01384,0,0,0,53.742638,33.32379,25.9,32.0,0,,,,,136,2021-03-21,3170404,Unai,MG,2021,12
1615680000000,202111,0.0,0,0,0,0.5,0.0,0,1,317040420211119684,2023-11-23,Unaí,0,0.0,84930,17.75,89.7464775,0,0,0,68.56210825,49.9813775,22.6416665,26.75,0,,,,,136,2021-03-14,3170404,Unai,MG,2021,11
1615075200000,202110,0.0,0,0,0,0.5,0.0,0,1,317040420211019684,2023-11-23,Unaí,0,0.0,84930,20.5,100.0,0,0,0,90.888205,74.439445,22.3,26.0,0,,,,,136,2021-03-07,3170404,Unai,MG,2021,10
1614470400000,202109,0.0,0,0,0,0.5,0.0,0,1,317040420210919684,2023-11-23,Unaí,0,0.0,84930,19.0,91.2662583333333,0,0,0,71.855252,53.9940076666667,22.8834793333333,27.0,0,,,,,136,2021-02-28,3170404,Unai,MG,2021,9
1613865600000,202108,0.0,0,0,0,0.5,0.0,0,1,317040420210819684,2023-11-23,Unaí,0,0.0,84930,20.25,94.5522925,0,0,0,79.67333225,57.31556,23.32574775,27.0,0,,,,,136,2021-02-21,3170404,Unai,MG,2021,8
1613260800000,202107,0.0,0,0,0,0.5,0.0,0,1,317040420210719684,2023-11-23,Unaí,0,0.0,84930,22.5,78.311635,0,0,0,70.378805,60.993147,24.3076925,26.5,0,,,,,136,2021-02-14,3170404,Unai,MG,2021,7
1612656000000,202106,0.0,0,0,0,0.5,0.0,0,1,317040420210619684,2023-11-23,Unaí,0,0.0,84930,18.0,100.0,0,0,0,97.15841,82.9904,19.875,22.0,0,,,,,136,2021-02-07,3170404,Unai,MG,2021,6
1612051200000,202105,0.0,0,0,0,0.5,0.0,0,1,317040420210519684,2023-11-23,Unaí,0,0.0,84930,22.0,71.04192,0,0,0,55.438765,41.37177,26.130953,30.0,0,,,,,136,2021-01-31,3170404,Unai,MG,2021,5
1611446400000,202104,0.0,0,0,0,0.5,0.0,0,1,317040420210419684,2023-11-23,Unaí,0,0.0,84930,21.0,69.36743975,0,0,0,49.687238,30.74509625,26.375506,31.25,0,,,,,136,2021-01-24,3170404,Unai,MG,2021,4
1610841600000,202103,0.0,0,0,0,0.5,0.0,0,1,317040420210319684,2023-11-23,Unaí,0,0.0,84930,20.5,77.964585,0,0,0,53.9147015,35.7469465,26.0,30.5,0,,,,,136,2021-01-17,3170404,Unai,MG,2021,3
1610236800000,202102,0.0,0,0,0,0.5,0.0,0,1,317040420210219684,2023-11-23,Unaí,0,0.0,84930,21.0,100.0,0,0,0,74.8314675,48.7074525,25.3,30.0,0,,,,,136,2021-01-10,3170404,Unai,MG,2021,2
1609632000000,202101,0.0,0,0,0,0.5,0.0,0,1,317040420210119684,2023-11-23,Unaí,0,0.0,84930,20.8857142857143,97.9210991428571,0,0,0,,,,,0,,,,,136,2021-01-03,3170404,Unai,MG,2021,1
1609027200000,202053,0.0,0,0,0,0.5,0.0,0,1,317040420205319589,2023-08-20,Unaí,0,0.0,84930,20.7714285714286,95.8421982857143,0,0,0,,,,,0,,,,,136,2020-12-27,3170404,Unai,MG,2020,53
1608422400000,202052,0.0,0,0,0,0.5,0.0,0,1,317040420205219589,2023-08-20,Unaí,0,0.0,84930,20.6571428571429,93.7632974285714,0,0,0,,,,,0,,,,,136,2020-12-20,3170404,Unai,MG,2020,52
1607817600000,202051,0.0,0,0,0,0.5,0.0,0,1,317040420205119589,2023-08-20,Unaí,0,0.0,84930,20.5428571428571,91.6843965714286,0,0,0,,,,,0,,,,,136,2020-12-13,3170404,Unai,MG,2020,51
1607212800000,202050,0.0,0,0,0,0.5,0.0,0,1,317040420205019589,2023-08-20,Unaí,0,0.0,84930,20.4285714285714,89.6054957142857,0,0,0,,,,,0,,,,,136,2020-12-06,3170404,Unai,MG,2020,50
1606608000000,202049,0.0,0,0,0,0.5,0.0,0,1,317040420204919589,2023-08-20,Unaí,0,0.0,84930,20.3142857142857,87.5265948571429,0,0,0,,,,,0,,,,,136,2020-11-29,3170404,Unai,MG,2020,49
1606003200000,202048,0.0,0,0,0,0.5,0.0,0,1,317040420204819589,2023-08-20,Unaí,0,0.0,84930,20.2,85.447694,0,0,0,65.3373552,47.744656,23.9337418,27.6,0,,,,,136,2020-11-22,3170404,Unai,MG,2020,48
1605398400000,202047,0.0,0,0,0,0.5,0.0,0,1,317040420204719589,2023-08-20,Unaí,0,0.0,84930,20.8571428571429,98.3597585714286,0,0,0,81.0270078571428,60.5719581428571,23.9833987142857,27.8571428571429,0,,,,,136,2020-11-15,3170404,Unai,MG,2020,47
1604793600000,202046,0.0,0,0,0,0.5,0.0,0,1,317040420204619589,2023-08-20,Unaí,0,0.0,84930,21.6,80.79149,0,0,0,54.1291518,34.485004,27.0494154,32.0,0,,,,,136,2020-11-08,3170404,Unai,MG,2020,46
1604188800000,202045,0.0,0,0,0,0.5,0.0,0,1,317040420204519589,2023-08-20,Unaí,0,0.0,84930,20.2857142857143,85.6025051428571,0,0,0,66.4958867142857,51.0606345714286,23.7075627142857,26.8571428571429,0,,,,,136,2020-11-01,3170404,Unai,MG,2020,45
1603584000000,202044,0.0,0,0,0,0.5,0.0,0,1,317040420204419589,2023-08-20,Unaí,0,0.0,84930,20.8571428571429,95.9514622857143,0,0,0,79.20264,57.3902147142857,23.7618204285714,28.2857142857143,0,,,,,136,2020-10-25,3170404,Unai,MG,2020,44
1602979200000,202043,0.0,0,0,0,0.5,0.0,0,1,317040420204319589,2023-08-20,Unaí,0,0.0,84930,20.1428571428571,87.0653471428571,0,0,0,68.92765,48.43317,23.2579994285714,27.5714285714286,0,,,,,136,2020-10-18,3170404,Unai,MG,2020,43
1602374400000,202042,0.0,0,0,0,0.5,0.0,0,1,317040420204219589,2023-08-20,Unaí,0,0.0,84930,21.5714285714286,75.486479,0,0,0,50.3289945714286,29.5648271428571,27.083183,32.4285714285714,0,,,,,136,2020-10-11,3170404,Unai,MG,2020,42
1601769600000,202041,0.0,0,0,0,0.5,0.0,0,1,317040420204119589,2023-08-20,Unaí,0,0.0,84930,22.4285714285714,54.2343377142857,0,0,0,28.5989658571429,14.8790264285714,30.9624088571429,37.1428571428571,0,,,,,136,2020-10-04,3170404,Unai,MG,2020,41
1601164800000,202040,0.0,0,0,0,0.5,0.0,0,1,317040420204019589,2023-08-20,Unaí,0,0.0,84930,19.8571428571429,54.7737587142857,0,0,0,27.4730241428571,14.7670302857143,29.5788525714286,36.0,0,,,,,136,2020-09-27,3170404,Unai,MG,2020,40
1600560000000,202039,0.0,0,0,0,0.5,0.0,0,1,317040420203919589,2023-08-20,Unaí,0,0.0,84930,20.0,70.3931212857143,0,0,0,42.9715214285714,24.8668604285714,27.136223,32.7142857142857,0,,,,,136,2020-09-20,3170404,Unai,MG,2020,39
1599955200000,202038,0.0,0,0,0,0.5,0.0,0,1,317040420203819589,2023-08-20,Unaí,0,0.0,84930,18.2857142857143,63.0627385714286,0,0,0,32.9144565714286,17.8744864285714,27.068136,33.0,0,,,,,136,2020-09-13,3170404,Unai,MG,2020,38
1599350400000,202037,0.0,0,0,0,0.5,0.0,0,1,317040420203719589,2023-08-20,Unaí,0,0.0,84930,16.8571428571429,66.7298028571429,0,0,0,35.4655991428571,17.882603,26.1529558571429,32.2857142857143,0,,,,,136,2020-09-06,3170404,Unai,MG,2020,37
1598745600000,202036,0.0,0,0,0,0.5,0.0,0,1,317040420203619589,2023-08-20,Unaí,0,0.0,84930,16.5714285714286,71.8304714285714,0,0,0,38.8454311428571,20.372588,25.1573202857143,31.0,0,,,,,136,2020-08-30,3170404,Unai,MG,2020,36
1598140800000,202035,0.0,0,0,0,0.0,0.0,0,1,317040420203519589,2023-08-20,Unaí,0,0.0,84930,14.5714285714286,70.9370318571429,0,0,0,44.2023231428571,26.5092768571429,22.3874392857143,28.1428571428571,0,,,,,136,2020-08-23,3170404,Unai,MG,2020,35
1597536000000,202034,0.0,0,0,0,0.0,0.0,0,1,317040420203419589,2023-08-20,Unaí,0,0.0,84930,17.0,76.6759021428571,0,0,0,46.6754695714286,27.3504424285714,25.3319574285714,31.1428571428571,0,,,,,136,2020-08-16,3170404,Unai,MG,2020,34
1596931200000,202033,0.0,0,0,0,0.0,0.0,0,1,317040420203319589,2023-08-20,Unaí,0,0.0,84930,16.4285714285714,80.9967585714286,0,0,0,47.497106,28.5459741428571,23.6484592857143,28.8571428571429,0,,,,,136,2020-08-09,3170404,Unai,MG,2020,33
1596326400000,202032,0.0,0,0,0,0.0,0.0,0,1,317040420203219589,2023-08-20,Unaí,0,0.0,84930,14.0,76.5385088571429,0,0,0,48.9184545714286,29.8008101428571,20.8033842857143,25.8571428571429,0,,,,,136,2020-08-02,3170404,Unai,MG,2020,32
1595721600000,202031,0.0,0,0,0,0.0,0.0,0,1,317040420203119589,2023-08-20,Unaí,0,0.0,84930,15.1428571428571,77.3503322857143,0,0,0,49.1234218571429,31.2107547142857,22.3632121428571,27.1428571428571,0,,,,,136,2020-07-26,3170404,Unai,MG,2020,31
1595116800000,202030,0.0,0,0,0,0.0,0.0,0,1,317040420203019589,2023-08-20,Unaí,0,0.0,84930,13.8571428571429,80.1150008571429,0,0,0,51.3414581428571,31.0476577142857,22.1160042857143,27.4285714285714,0,,,,,136,2020-07-19,3170404,Unai,MG,2020,30
1594512000000,202029,0.0,0,0,0,0.0,0.0,0,1,317040420202919589,2023-08-20,Unaí,0,0.0,84930,14.1428571428571,80.1028065714286,0,0,0,44.2600967142857,27.234822,23.4237551428571,28.0,0,,,,,136,2020-07-12,3170404,Unai,MG,2020,29
1593907200000,202028,0.0,0,0,0,0.0,0.0,0,1,317040420202819589,2023-08-20,Unaí,0,0.0,84930,14.4285714285714,81.4767421428571,0,0,0,48.4596161428571,31.9456324285714,23.1428571428571,27.2857142857143,0,,,,,136,2020-07-05,3170404,Unai,MG,2020,28
1593302400000,202027,0.0,0,0,0,0.0,0.0,0,1,317040420202719589,2023-08-20,Unaí,0,0.0,84930,18.1428571428571,76.8087111428571,0,0,0,48.5402257142857,33.4966462857143,24.7362248571429,28.4285714285714,0,,,,,136,2020-06-28,3170404,Unai,MG,2020,27
1592697600000,202026,0.0,0,0,0,0.0,0.0,0,1,317040420202619589,2023-08-20,Unaí,0,0.0,84930,23.0,47.7181907142857,0,0,0,36.0291294285714,28.0470751428571,25.9158728571429,28.1428571428571,0,,,,,136,2020-06-21,3170404,Unai,MG,2020,26
1592092800000,202025,0.0,0,0,0,0.0,0.0,0,1,317040420202519589,2023-08-20,Unaí,0,0.0,84930,21.5714285714286,58.8543601428571,0,0,0,47.1080508571429,39.1082522857143,24.6715508571429,26.7142857142857,0,,,,,136,2020-06-14,3170404,Unai,MG,2020,25
1591488000000,202024,0.0,0,0,0,0.0,0.0,0,1,317040420202419589,2023-08-20,Unaí,0,0.0,84930,24.1428571428571,54.8647838571429,0,0,0,39.4276335714286,29.8706381428571,27.2599207142857,29.4285714285714,0,,,,,136,2020-06-07,3170404,Unai,MG,2020,24
1590883200000,202023,0.0,0,0,0,0.0,0.0,0,1,317040420202319589,2023-08-20,Unaí,0,0.0,84930,23.5714285714286,54.6858391428571,0,0,0,44.8322248571429,36.3205675714286,26.325397,28.4285714285714,0,,,,,136,2020-05-31,3170404,Unai,MG,2020,23
1590278400000,202022,0.0,0,0,0,0.0,0.0,0,1,317040420202219589,2023-08-20,Unaí,0,0.0,84930,21.8571428571429,60.710356,0,0,0,48.897318,40.4892221428571,24.8353172857143,27.1428571428571,0,,,,,136,2020-05-24,3170404,Unai,MG,2020,22
1589673600000,202021,0.0,0,0,0,0.0,0.0,0,1,317040420202119589,2023-08-20,Unaí,0,0.0,84930,22.1428571428571,65.8919482857143,0,0,0,52.9888181428571,44.1686147142857,25.202839,27.4285714285714,0,,,,,136,2020-05-17,3170404,Unai,MG,2020,21
1589068800000,202020,0.0,0,0,0,0.0,0.0,0,1,317040420202019589,2023-08-20,Unaí,0,0.0,84930,23.1428571428571,63.7696897142857,0,0,0,51.2558868571429,41.69319,25.9563492857143,28.2857142857143,0,,,,,136,2020-05-10,3170404,Unai,MG,2020,20
1588464000000,202019,0.0,0,0,0,0.0,0.0,0,1,317040420201919589,2023-08-20,Unaí,0,0.0,84930,22.2857142857143,66.9696707142857,0,0,0,51.5647572857143,40.7234158571429,25.3370852857143,27.5714285714286,0,,,,,136,2020-05-03,3170404,Unai,MG,2020,19
1587859200000,202018,0.0,0,0,0,0.0,0.0,0,1,317040420201819589,2023-08-20,Unaí,0,0.0,84930,24.0,53.9906815714286,0,0,0,41.0500328571429,32.9308991428571,27.2630951428571,29.2857142857143,0,,,,,136,2020-04-26,3170404,Unai,MG,2020,18
1587254400000,202017,0.0,0,0,0,0.0,0.0,0,1,317040420201719589,2023-08-20,Unaí,0,0.0,84930,24.7142857142857,58.8295637142857,0,0,0,53.1790182857143,48.8056518571429,26.127551,27.1428571428571,0,,,,,136,2020-04-19,3170404,Unai,MG,2020,17
1586649600000,202016,0.0,0,0,0,0.0,0.0,0,1,317040420201619589,2023-08-20,Unaí,0,0.0,84930,25.1428571428571,70.5322795714286,0,0,0,64.4116931428571,59.2762675714286,26.6178574285714,27.7142857142857,0,,,,,136,2020-04-12,3170404,Unai,MG,2020,16
1586044800000,202015,0.0,0,0,0,0.0,0.0,0,1,317040420201519589,2023-08-20,Unaí,0,0.0,84930,22.1428571428571,95.6494664285714,0,0,0,76.9730374285714,53.313162,25.7284781428571,30.8571428571429,0,,,,,136,2020-04-05,3170404,Unai,MG,2020,15
1585440000000,202014,0.0,0,0,0,0.0,0.0,0,1,317040420201419589,2023-08-20,Unaí,0,0.0,84930,19.2857142857143,98.30002,0,0,0,66.2135952857143,39.3670754285714,25.846975,32.4285714285714,0,,,,,136,2020-03-29,3170404,Unai,MG,2020,14
1584835200000,202013,0.0,0,0,0,0.0,0.0,0,1,317040420201319589,2023-08-20,Unaí,0,0.0,84930,19.8571428571429,93.28497,0,0,0,75.4914824285714,56.8813797142857,23.3486397142857,27.0,0,,,,,136,2020-03-22,3170404,Unai,MG,2020,13
1584230400000,202012,0.0,0,0,0,0.0,0.0,0,1,317040420201219589,2023-08-20,Unaí,0,0.0,84930,19.8571428571429,97.4754542857143,0,0,0,76.5112857142857,55.8069317142857,24.1700681428571,28.7142857142857,0,,,,,136,2020-03-15,3170404,Unai,MG,2020,12
1583625600000,202011,0.0,0,0,0,0.0,0.0,0,1,317040420201119589,2023-08-20,Unaí,0,0.0,84930,20.1428571428571,102.468098571429,0,0,0,81.1608392857143,63.7759487142857,23.2529375714286,26.5714285714286,0,,,,,136,2020-03-08,3170404,Unai,MG,2020,11
1583020800000,202010,0.0,0,0,0,0.0,0.0,0,1,317040420201019589,2023-08-20,Unaí,0,0.0,84930,21.1428571428571,98.3597585714286,0,0,0,95.9360057142857,89.0066761428571,21.9855441428571,23.1428571428571,0,,,,,136,2020-03-01,3170404,Unai,MG,2020,10
1582416000000,202009,0.0,0,0,0,0.0,0.0,0,1,317040420200919589,2023-08-20,Unaí,0,0.0,84930,22.0,91.0214114285714,0,0,0,70.8105967142857,48.399038,25.8503401428571,30.8571428571429,0,,,,,136,2020-02-23,3170404,Unai,MG,2020,9
1581811200000,202008,0.0,0,0,0,0.0,0.0,0,1,317040420200819589,2023-08-20,Unaí,0,0.0,84930,20.7142857142857,85.2883151428571,0,0,0,74.9262135714286,64.0769897142857,22.9610388571429,25.2857142857143,0,,,,,136,2020-02-16,3170404,Unai,MG,2020,8
1581206400000,202007,0.0,0,0,0,0.0,0.0,0,1,317040420200719589,2023-08-20,Unaí,0,0.0,84930,21.2857142857143,96.6460014285714,0,0,0,87.012623,78.6302758571429,22.5510205714286,23.8571428571429,0,,,,,136,2020-02-09,3170404,Unai,MG,2020,7
1580601600000,202006,0.0,0,0,0,0.0,0.0,0,1,317040420200619589,2023-08-20,Unaí,0,0.0,84930,21.1428571428571,91.8789914285714,0,0,0,75.8070921428571,62.0345335714286,24.3020008571429,27.1428571428571,0,,,,,136,2020-02-02,3170404,Unai,MG,2020,6
1579996800000,202005,0.0,0,0,0,0.0,0.0,0,1,317040420200519589,2023-08-20,Unaí,0,0.0,84930,20.4285714285714,96.66053,0,0,0,76.0009161428572,53.144855,25.0952384285714,29.7142857142857,0,,,,,136,2020-01-26,3170404,Unai,MG,2020,5
1579392000000,202004,0.0,0,0,0,0.0,0.0,0,1,317040420200419589,2023-08-20,Unaí,0,0.0,84930,20.8571428571429,94.41508,0,0,0,81.2457634285714,63.9968264285714,23.8707485714286,26.8571428571429,0,,,,,136,2020-01-19,3170404,Unai,MG,2020,4
1578787200000,202003,0.0,0,0,0,0.0,0.0,0,1,317040420200319589,2023-08-20,Unaí,0,0.0,84930,20.5714285714286,81.6968828571429,0,0,0,52.8844475714286,30.9723345714286,27.823129,33.5714285714286,0,,,,,136,2020-01-12,3170404,Unai,MG,2020,3
1578182400000,202002,0.0,0,0,0,0.0,0.0,0,1,317040420200219589,2023-08-20,Unaí,0,0.0,84930,20.5714285714286,97.51877,0,0,0,74.3494505714286,49.9319624285714,25.1163267142857,30.0,0,,,,,136,2020-01-05,3170404,Unai,MG,2020,2
1577577600000,202001,0.0,0,0,0,0.0,0.0,0,1,317040420200119589,2023-08-20,Unaí,0,0.0,84930,20.0,89.738911,0,0,0,72.522514,58.4164865,23.7619041666667,27.0,0,,,,,136,2019-12-29,3170404,Unai,MG,2020,1
1576972800000,201952,0.0,0,0,0,0.0,0.0,0,1,317040420195219589,2023-08-20,Unaí,0,0.0,84930,21.4285714285714,79.288492,0,0,0,66.2880328571429,54.6535962857143,23.734694,26.1428571428571,0,,,,,136,2019-12-22,3170404,Unai,MG,2019,52
1576368000000,201951,0.0,0,0,0,0.0,0.0,0,1,317040420195119589,2023-08-20,Unaí,0,0.0,84930,21.2857142857143,71.39289,0,0,0,59.0389687142857,46.191352,23.8653062857143,26.8571428571429,0,,,,,136,2019-12-15,3170404,Unai,MG,2019,51
1575763200000,201950,0.0,0,0,0,0.0,0.0,0,1,317040420195019589,2023-08-20,Unaí,0,0.0,84930,20.7142857142857,83.5772722857143,0,0,0,72.2345055714286,60.5601454285714,23.312925,25.5714285714286,0,,,,,136,2019-12-08,3170404,Unai,MG,2019,50
1575158400000,201949,0.0,0,0,0,0.0,0.0,0,1,317040420194919589,2023-08-20,Unaí,0,0.0,84930,21.7142857142857,95.9795857142857,0,0,0,90.4683257142857,81.36697,22.412698,23.4285714285714,0,,,,,136,2019-12-01,3170404,Unai,MG,2019,49
1574553600000,201948,0.0,0,0,0,0.0,0.0,0,1,317040420194819589,2023-08-20,Unaí,0,0.0,84930,20.4285714285714,88.269208,0,0,0,71.8958921428572,60.4491217142857,23.2789117142857,25.5714285714286,0,,,,,136,2019-11-24,3170404,Unai,MG,2019,48
1573948800000,201947,1.0,1,1,1,0.9632679,1.1774403,0,1,317040420194719589,2023-08-20,Unaí,0,18.521618,84930,21.2857142857143,89.64602,1,0,0,80.6536792857143,72.2812514285714,22.4566325714286,23.5714285714286,1,,,,,136,2019-11-17,3170404,Unai,MG,2019,47
1573344000000,201946,0.0,0,0,0,0.0,0.0,0,1,317040420194619589,2023-08-20,Unaí,0,0.0,84930,22.4285714285714,59.8719208571429,0,0,0,45.682805,36.5148694285714,25.2700678571429,27.7142857142857,0,,,,,136,2019-11-10,3170404,Unai,MG,2019,46
1572739200000,201945,0.0,0,0,0,0.0,0.0,0,1,317040420194519589,2023-08-20,Unaí,0,0.0,84930,22.1428571428571,66.4890424285714,0,0,0,51.361436,39.6961934285714,25.4795918571429,28.2857142857143,0,,,,,136,2019-11-03,3170404,Unai,MG,2019,45
1572134400000,201944,0.0,0,0,0,0.0,0.0,0,1,317040420194419589,2023-08-20,Unaí,0,0.0,84930,21.4285714285714,69.0531238571429,0,0,0,55.3721054285714,39.3689221428571,24.1964285714286,27.1428571428571,0,,,,,136,2019-10-27,3170404,Unai,MG,2019,44
1571529600000,201943,0.0,0,0,0,0.0,0.0,0,1,317040420194319589,2023-08-20,Unaí,0,0.0,84930,21.8571428571429,79.9244308571429,0,0,0,70.9096665714286,59.7900757142857,23.5535714285714,25.2857142857143,0,,,,,136,2019-10-20,3170404,Unai,MG,2019,43
1570924800000,201942,0.0,0,0,0,0.0,0.0,0,1,317040420194219589,2023-08-20,Unaí,0,0.0,84930,19.8571428571429,59.5677228571429,0,0,0,42.77807,28.43969,23.0229592857143,26.1428571428571,0,,,,,136,2019-10-13,3170404,Unai,MG,2019,42
1570320000000,201941,0.0,0,0,0,0.0,0.0,0,1,317040420194119589,2023-08-20,Unaí,0,0.0,84930,21.1428571428571,66.9333642857143,0,0,0,52.5813625714286,38.422172,23.7959182857143,26.5714285714286,0,,,,,136,2019-10-06,3170404,Unai,MG,2019,41
1569715200000,201940,0.0,0,0,0,0.0,0.0,0,1,317040420194019589,2023-08-20,Unaí,0,0.0,84930,19.8571428571429,78.748338,0,0,0,63.6488127142857,49.8656617142857,22.2448978571429,24.7142857142857,0,,,,,136,2019-09-29,3170404,Unai,MG,2019,40
1569110400000,201939,0.0,0,0,0,0.0,0.0,0,1,317040420193919589,2023-08-20,Unaí,0,0.0,84930,19.4285714285714,67.1233754285714,0,0,0,56.5759,41.789001,21.9821428571429,25.1428571428571,0,,,,,136,2019-09-22,3170404,Unai,MG,2019,39
1568505600000,201938,0.0,0,0,0,0.0,0.0,0,1,317040420193819589,2023-08-20,Unaí,0,0.0,84930,18.7142857142857,60.7983348571429,0,0,0,44.0247937142857,29.0561862857143,22.4044787142857,26.1428571428571,0,,,,,136,2019-09-15,3170404,Unai,MG,2019,38
1567900800000,201937,0.0,0,0,0,0.0,0.0,0,1,317040420193719589,2023-08-20,Unaí,0,0.0,84930,17.5714285714286,62.4411748571429,0,0,0,47.2120518571429,32.5725028571429,21.1865078571429,25.1428571428571,0,,,,,136,2019-09-08,3170404,Unai,MG,2019,37
1567296000000,201936,0.0,0,0,0,0.0,0.0,0,1,317040420193619589,2023-08-20,Unaí,0,0.0,84930,17.1428571428571,68.5296514285714,0,0,0,52.7167464285714,37.1438255714286,21.1505102857143,24.8571428571429,0,,,,,136,2019-09-01,3170404,Unai,MG,2019,36
1566691200000,201935,0.0,0,0,0,0.0,0.0,0,1,317040420193519589,2023-08-20,Unaí,0,0.0,84930,16.1428571428571,74.4568157142857,0,0,0,60.024041,45.013024,19.2142857142857,22.4285714285714,0,,,,,136,2019-08-25,3170404,Unai,MG,2019,35
1566086400000,201934,0.0,0,0,0,0.0,0.0,0,1,317040420193419589,2023-08-20,Unaí,0,0.0,84930,17.0,68.7095607142857,0,0,0,56.4251531428571,43.4346471428571,19.8367347142857,23.0,0,,,,,136,2019-08-18,3170404,Unai,MG,2019,34
1565481600000,201933,0.0,0,0,0,0.0,0.0,0,1,317040420193319589,2023-08-20,Unaí,0,0.0,84930,15.0,70.220498,0,0,0,57.6154742857143,43.5812727142857,18.4107142857143,22.0,0,,,,,136,2019-08-11,3170404,Unai,MG,2019,33
1564876800000,201932,0.0,0,0,0,0.0,0.0,0,1,317040420193219589,2023-08-20,Unaí,0,0.0,84930,19.0,74.4603954285714,0,0,0,63.8974184285714,51.7724648571429,20.4821428571429,22.4285714285714,0,,,,,136,2019-08-04,3170404,Unai,MG,2019,32
1564272000000,201931,0.0,0,0,0,0.0,0.0,0,1,317040420193119589,2023-08-20,Unaí,0,0.0,84930,15.4285714285714,72.9113292857143,0,0,0,58.8356398571429,41.8979067142857,18.6714285714286,22.5714285714286,0,,,,,136,2019-07-28,3170404,Unai,MG,2019,31
1563667200000,201930,0.0,0,0,0,0.0,0.0,0,1,317040420193019589,2023-08-20,Unaí,0,0.0,84930,16.4285714285714,77.3609128571429,0,0,0,65.8021075714286,50.6698285714286,18.3571428571429,21.4285714285714,0,,,,,136,2019-07-21,3170404,Unai,MG,2019,30
1563062400000,201929,1.0,1,1,1,0.8145292,1.1774403,0,1,317040420192919589,2023-08-20,Unaí,0,3.3788157,84930,13.7142857142857,69.9522178571429,0,0,0,57.714654,44.1262001428571,16.6989795714286,20.0,0,,,,,136,2019-07-14,3170404,Unai,MG,2019,29
1562457600000,201928,1.0,1,1,1,0.9632679,1.1774403,0,1,317040420192819589,2023-08-20,Unaí,0,18.521618,84930,12.1428571428571,76.1362595714286,0,0,0,63.9802281428571,48.7619754285714,15.2882652857143,19.1428571428571,0,,,,,136,2019-07-07,3170404,Unai,MG,2019,28
1561852800000,201927,0.0,0,0,0,0.0,0.0,0,1,317040420192719589,2023-08-20,Unaí,0,0.0,84930,14.7142857142857,73.8116388571429,0,0,0,59.8229904285714,45.2297091428571,17.9489795714286,21.5714285714286,0,,,,,136,2019-06-30,3170404,Unai,MG,2019,27
1561248000000,201926,0.0,0,0,0,0.0,0.0,0,1,317040420192619589,2023-08-20,Unaí,0,0.0,84930,16.0,82.8199528571429,0,0,0,69.6430731428571,56.9142478571429,18.6785714285714,21.4285714285714,0,,,,,136,2019-06-23,3170404,Unai,MG,2019,26
1560643200000,201925,0.0,0,0,0,0.0,0.0,0,1,317040420192519589,2023-08-20,Unaí,0,0.0,84930,15.1428571428571,81.5901951428571,0,0,0,68.4676262857143,55.5235724285714,17.6964285714286,20.5714285714286,0,,,,,136,2019-06-16,3170404,Unai,MG,2019,25
1560038400000,201924,0.0,0,0,0,0.0,0.0,0,1,317040420192419589,2023-08-20,Unaí,0,0.0,84930,16.4285714285714,83.5983271428571,0,0,0,69.5911341428571,55.2229421428571,19.4923471428571,22.5714285714286,0,,,,,136,2019-06-09,3170404,Unai,MG,2019,24
1559433600000,201923,0.0,0,0,0,0.0,0.0,0,1,317040420192319589,2023-08-20,Unaí,0,0.0,84930,15.7142857142857,79.5502345714286,0,0,0,66.6002485714286,53.8707674285714,18.7792208571429,21.7142857142857,0,,,,,136,2019-06-02,3170404,Unai,MG,2019,23
1558828800000,201922,0.0,0,0,0,0.0,0.0,0,1,317040420192219589,2023-08-20,Unaí,0,0.0,84930,18.0,81.9534694285714,0,0,0,68.3166471428571,53.3090161428571,20.9183674285714,24.1428571428571,0,,,,,136,2019-05-26,3170404,Unai,MG,2019,22
1558224000000,201921,0.0,0,0,0,0.0,0.0,0,1,317040420192119589,2023-08-20,Unaí,0,0.0,84930,18.2857142857143,84.4780208571429,0,0,0,71.4693635714286,57.9560792857143,20.9285714285714,24.0,0,,,,,136,2019-05-19,3170404,Unai,MG,2019,21
1557619200000,201920,0.0,0,0,0,0.0,0.0,0,1,317040420192019589,2023-08-20,Unaí,0,0.0,84930,18.1428571428571,86.6628865714286,0,0,0,73.7471357142857,62.0360101428571,20.7270407142857,23.2857142857143,0,,,,,136,2019-05-12,3170404,Unai,MG,2019,20
1557014400000,201919,0.0,0,0,0,0.0,0.0,0,1,317040420191919589,2023-08-20,Unaí,0,0.0,84930,18.2857142857143,85.9577045714286,0,0,0,75.3442928571429,63.2116551428571,20.7103172857143,23.2857142857143,0,,,,,136,2019-05-05,3170404,Unai,MG,2019,19
1556409600000,201918,0.0,0,0,0,0.0,0.0,0,1,317040420191819589,2023-08-20,Unaí,0,0.0,84930,20.2857142857143,91.1051614285714,0,0,0,77.3697767142857,64.722509,22.6635338571429,24.8571428571429,0,,,,,136,2019-04-28,3170404,Unai,MG,2019,18
1555804800000,201917,0.0,0,0,0,0.0,0.0,0,1,317040420191719589,2023-08-20,Unaí,0,0.0,84930,20.1428571428571,86.2935965714286,0,0,0,75.4964857142857,60.6217447142857,22.4515925714286,25.7142857142857,0,,,,,136,2019-04-21,3170404,Unai,MG,2019,17
1555200000000,201916,0.0,0,0,0,0.0,0.0,0,1,317040420191619589,2023-08-20,Unaí,0,0.0,84930,20.2857142857143,96.7260285714286,0,0,0,82.3530295714286,67.936112,22.737245,25.4285714285714,0,,,,,136,2019-04-14,3170404,Unai,MG,2019,16
1554595200000,201915,0.0,0,0,0,0.0,0.0,0,1,317040420191519589,2023-08-20,Unaí,0,0.0,84930,20.5714285714286,98.3362385714286,0,0,0,85.2716244285714,72.64235,22.5119045714286,24.5714285714286,0,,,,,136,2019-04-07,3170404,Unai,MG,2019,15
1553990400000,201914,0.0,0,0,0,0.0,0.0,0,1,317040420191419589,2023-08-20,Unaí,0,0.0,84930,19.5714285714286,93.2383291428571,0,0,0,82.4895328571429,71.832618,21.6071428571429,23.5714285714286,0,,,,,136,2019-03-31,3170404,Unai,MG,2019,14
1553385600000,201913,0.0,0,0,0,0.0,0.0,0,1,317040420191319589,2023-08-20,Unaí,0,0.0,84930,20.5714285714286,91.77901,0,0,0,83.06395,73.5543362857143,21.9821428571429,23.4285714285714,0,,,,,136,2019-03-24,3170404,Unai,MG,2019,13
1552780800000,201912,0.0,0,0,0,0.0,0.0,0,1,317040420191219589,2023-08-20,Unaí,0,0.0,84930,21.7142857142857,96.73235,0,0,0,83.4954355714286,72.4214754285714,23.5357142857143,25.4285714285714,0,,,,,136,2019-03-17,3170404,Unai,MG,2019,12
1552176000000,201911,0.0,0,0,0,0.0,0.0,0,1,317040420191119589,2023-08-20,Unaí,0,0.0,84930,21.5714285714286,81.9147485714286,0,0,0,68.7826272857143,56.0477425714286,24.4107142857143,26.5714285714286,0,,,,,136,2019-03-10,3170404,Unai,MG,2019,11
1551571200000,201910,1.0,1,1,1,0.92788416,1.1774403,0,1,317040420191019589,2023-08-20,Unaí,0,9.260681,84930,20.2857142857143,85.4367957142857,1,0,0,70.8207708571429,55.9470318571429,23.1326531428571,26.1428571428571,1,,,,,136,2019-03-03,3170404,Unai,MG,2019,10
1550966400000,201909,0.0,0,0,0,0.0,0.0,0,1,317040420190919589,2023-08-20,Unaí,0,0.0,84930,21.4285714285714,87.9787671428571,0,0,0,79.2677348571429,67.5399475714286,23.0678571428571,24.8571428571429,0,,,,,136,2019-02-24,3170404,Unai,MG,2019,9
1550361600000,201908,0.0,0,0,0,0.0,0.0,0,1,317040420190819589,2023-08-20,Unaí,0,0.0,84930,21.0,95.15687,0,0,0,84.2787014285714,71.5512327142857,22.7372448571429,24.8571428571429,0,,,,,136,2019-02-17,3170404,Unai,MG,2019,8
1549756800000,201907,0.0,0,0,0,0.0,0.0,0,1,317040420190719589,2023-08-20,Unaí,0,0.0,84930,21.1428571428571,85.0765174285714,0,0,0,75.1488705714286,61.7614851428571,22.8741495714286,25.1428571428571,0,,,,,136,2019-02-10,3170404,Unai,MG,2019,7
1549152000000,201906,1.0,1,1,1,0.81203085,1.1774403,0,1,317040420190619589,2023-08-20,Unaí,0,3.3289664,84930,21.0,91.6478242857143,1,0,0,69.1720358571429,49.1217278571429,25.3646254285714,30.1428571428571,1,,,,,136,2019-02-03,3170404,Unai,MG,2019,6
1548547200000,201905,0.0,0,0,0,0.0,0.0,0,1,317040420190519589,2023-08-20,Unaí,0,0.0,84930,20.5714285714286,73.1281442857143,0,0,0,42.5245908571429,21.7888104285714,28.2108842857143,34.4285714285714,0,,,,,136,2019-01-27,3170404,Unai,MG,2019,5
1547942400000,201904,0.0,0,0,0,0.0,0.0,0,1,317040420190419589,2023-08-20,Unaí,0,0.0,84930,20.7142857142857,71.9205671428572,0,0,0,42.773957,23.3779407142857,28.2040818571429,34.5714285714286,0,,,,,136,2019-01-20,3170404,Unai,MG,2019,4
1547337600000,201903,1.0,1,1,1,0.730556,1.1774403,0,1,317040420190319589,2023-08-20,Unaí,0,2.207831,84930,20.2857142857143,80.7426437142857,1,0,0,53.8292135714286,34.0733667142857,26.4557827142857,31.5714285714286,1,,,,,136,2019-01-13,3170404,Unai,MG,2019,3
1546732800000,201902,0.0,0,0,0,0.0,0.0,0,1,317040420190219589,2023-08-20,Unaí,0,0.0,84930,19.5714285714286,82.27116,0,0,0,69.0290325714286,54.6296694285714,22.3333331428571,25.4285714285714,0,,,,,136,2019-01-06,3170404,Unai,MG,2019,2
1546128000000,201901,1.0,1,1,1,0.9631786,1.1774403,0,1,317040420190119589,2023-08-20,Unaí,0,18.47582,84930,19.8571428571429,92.7393714285714,1,0,0,82.8003154285714,67.5711778571429,22.0544212857143,24.7142857142857,1,,,,,136,2018-12-30,3170404,Unai,MG,2019,1
1545523200000,201852,0.0,0,0,0,0.0,0.0,0,1,317040420185219589,2023-08-20,Unaí,0,0.0,84930,20.4285714285714,95.085178,0,0,0,80.8586192857143,62.9977192857143,23.3004541428571,27.2857142857143,0,,,,,136,2018-12-23,3170404,Unai,MG,2018,52
1544918400000,201851,0.0,0,0,0,0.0,0.0,0,1,317040420185119589,2023-08-20,Unaí,0,0.0,84930,19.1428571428571,83.7367431428572,0,0,0,52.2374715714286,29.9440671428571,27.0136055714286,33.1428571428571,0,,,,,136,2018-12-16,3170404,Unai,MG,2018,51
1544313600000,201850,0.0,0,0,0,0.0,0.0,0,1,317040420185019589,2023-08-20,Unaí,0,0.0,84930,18.4285714285714,91.8513071428571,0,0,0,66.0993632857143,43.6971078571429,23.9183675714286,28.8571428571429,0,,,,,136,2018-12-09,3170404,Unai,MG,2018,50
1543708800000,201849,0.0,0,0,0,0.0,0.0,0,1,317040420184919589,2023-08-20,Unaí,0,0.0,84930,21.1428571428571,100.0,0,0,0,94.0057842857143,87.5707588571429,22.1632651428571,23.1428571428571,0,,,,,136,2018-12-02,3170404,Unai,MG,2018,49
1543104000000,201848,0.0,0,0,0,0.0,0.0,0,1,317040420184819589,2023-08-20,Unaí,0,0.0,84930,19.2857142857143,85.0080957142857,0,0,0,76.6816055714286,67.2466848571429,21.1598641428571,23.0,0,,,,,136,2018-11-25,3170404,Unai,MG,2018,48
1542499200000,201847,1.0,1,1,1,0.9632679,1.1774403,0,1,317040420184719589,2023-08-20,Unaí,0,18.521618,84930,21.1428571428571,79.3983722857143,1,0,0,70.2776188571429,59.9015618571429,22.6938771428571,24.7142857142857,1,,,,,136,2018-11-18,3170404,Unai,MG,2018,47
1541894400000,201846,0.0,0,0,0,0.0,0.0,0,1,317040420184619589,2023-08-20,Unaí,0,0.0,84930,21.0,94.3597214285714,0,0,0,89.4663835714286,79.9620227142857,21.8979592857143,23.4285714285714,0,,,,,136,2018-11-11,3170404,Unai,MG,2018,46
1541289600000,201845,0.0,0,0,0,0.0,0.0,0,1,317040420184519589,2023-08-20,Unaí,0,0.0,84930,20.4285714285714,88.9522114285714,0,0,0,81.9517765714286,75.8870178571429,21.5833334285714,22.5714285714286,0,,,,,136,2018-11-04,3170404,Unai,MG,2018,45
1540684800000,201844,0.0,0,0,0,0.0,0.0,0,1,317040420184419589,2023-08-20,Unaí,0,0.0,84930,21.0,92.1395628571428,0,0,0,83.6374534285714,72.983147,22.3698978571429,23.7142857142857,0,,,,,136,2018-10-28,3170404,Unai,MG,2018,44
1540080000000,201843,0.0,0,0,0,0.0,0.0,0,1,317040420184319589,2023-08-20,Unaí,0,0.0,84930,19.8571428571429,88.7250422857143,0,0,0,82.4989305714286,71.8781532857143,21.2346938571429,23.1428571428571,0,,,,,136,2018-10-21,3170404,Unai,MG,2018,43
1539475200000,201842,0.0,0,0,0,0.0,0.0,0,1,317040420184219589,2023-08-20,Unaí,0,0.0,84930,23.0,74.5033985714286,0,0,0,51.4827247142857,33.7686314285714,28.1801018571429,33.0,0,,,,,136,2018-10-14,3170404,Unai,MG,2018,42
1538870400000,201841,0.0,0,0,0,0.0,0.0,0,1,317040420184119589,2023-08-20,Unaí,0,0.0,84930,22.0,56.4921615714286,0,0,0,32.7422558571429,18.878297,28.9047615714286,34.8571428571429,0,,,,,136,2018-10-07,3170404,Unai,MG,2018,41
1538265600000,201840,0.0,0,0,0,0.0,0.0,0,1,317040420184019589,2023-08-20,Unaí,0,0.0,84930,22.1428571428571,57.2248785714286,0,0,0,39.1788381428571,26.4937365714286,27.0918365714286,31.0,0,,,,,136,2018-09-30,3170404,Unai,MG,2018,40
1537660800000,201839,0.0,0,0,0,0.0,0.0,0,1,317040420183919589,2023-08-20,Unaí,0,0.0,84930,20.7142857142857,59.120725,0,0,0,44.146084,29.4197438571429,23.8392857142857,27.2857142857143,0,,,,,136,2018-09-23,3170404,Unai,MG,2018,39
1537056000000,201838,0.0,0,0,0,0.0,0.0,0,1,317040420183819589,2023-08-20,Unaí,0,0.0,84930,20.1428571428571,73.8995771428571,0,0,0,64.3169682857143,54.7910964285714,22.5076531428571,24.7142857142857,0,,,,,136,2018-09-16,3170404,Unai,MG,2018,38
1536451200000,201837,0.0,0,0,0,0.0,0.0,0,1,317040420183719589,2023-08-20,Unaí,0,0.0,84930,16.7142857142857,64.5220574285714,0,0,0,48.9643107142857,35.0731527142857,20.1567458571429,23.2857142857143,0,,,,,136,2018-09-09,3170404,Unai,MG,2018,37
1535846400000,201836,0.0,0,0,0,0.0,0.0,0,1,317040420183619589,2023-08-20,Unaí,0,0.0,84930,16.5714285714286,68.1006591428571,0,0,0,52.2155981428571,38.0064602857143,20.3769842857143,24.1428571428571,0,,,,,136,2018-09-02,3170404,Unai,MG,2018,36
1535241600000,201835,0.0,0,0,0,0.0,0.0,0,1,317040420183519589,2023-08-20,Unaí,0,0.0,84930,16.5714285714286,72.7052871428571,0,0,0,59.1177905714286,45.4941955714286,19.8095237142857,23.0,0,,,,,136,2018-08-26,3170404,Unai,MG,2018,35
1534636800000,201834,0.0,0,0,0,0.0,0.0,0,1,317040420183419589,2023-08-20,Unaí,0,0.0,84930,16.2857142857143,74.8946857142857,0,0,0,60.6479114285714,45.9707707142857,19.0535714285714,22.0,0,,,,,136,2018-08-19,3170404,Unai,MG,2018,34
1534032000000,201833,0.0,0,0,0,0.0,0.0,0,1,317040420183319589,2023-08-20,Unaí,0,0.0,84930,16.8571428571429,70.7735581428571,0,0,0,53.3697758571429,38.6821641428571,21.1241495714286,25.2857142857143,0,,,,,136,2018-08-12,3170404,Unai,MG,2018,33
1533427200000,201832,1.0,1,1,1,0.9632679,1.1774403,0,1,317040420183219589,2023-08-20,Unaí,0,18.521618,84930,18.7142857142857,74.4868624285714,1,0,0,45.7049361428571,25.8143437142857,26.2789112857143,32.8571428571429,1,,,,,136,2018-08-05,3170404,Unai,MG,2018,32
1532822400000,201831,0.0,0,0,0,0.5,0.0,0,1,317040420183119589,2023-08-20,Unaí,0,0.0,84930,14.7142857142857,77.8123207142857,0,0,0,47.5586174285714,24.6222964285714,23.2491944285714,30.5714285714286,0,,,,,136,2018-07-29,3170404,Unai,MG,2018,31
1532217600000,201830,0.0,0,0,0,0.5,0.0,0,1,317040420183019589,2023-08-20,Unaí,0,0.0,84930,13.2857142857143,81.3387214285714,0,0,0,48.3947274285714,25.6305855714286,21.2789115714286,27.4285714285714,0,,,,,136,2018-07-22,3170404,Unai,MG,2018,30
1531612800000,201829,0.0,0,0,0,0.5,0.0,0,1,317040420182919589,2023-08-20,Unaí,0,0.0,84930,14.2857142857143,83.1021894285714,0,0,0,57.49503,36.9640761428571,20.3965677142857,25.8571428571429,0,,,,,136,2018-07-15,3170404,Unai,MG,2018,29
1531008000000,201828,0.0,0,0,0,0.5,0.0,0,1,317040420182819589,2023-08-20,Unaí,0,0.0,84930,13.7142857142857,82.1999165714286,0,0,0,69.4752442857143,53.4056788571429,16.997449,21.0,0,,,,,136,2018-07-08,3170404,Unai,MG,2018,28
1530403200000,201827,0.0,0,0,0,0.5,0.0,0,1,317040420182719589,2023-08-20,Unaí,0,0.0,84930,13.4285714285714,83.7121638571429,0,0,0,69.8475134285714,51.9935248571429,16.5138887142857,20.7142857142857,0,,,,,136,2018-07-01,3170404,Unai,MG,2018,27
1529798400000,201826,0.0,0,0,0,0.5,0.0,0,1,317040420182619589,2023-08-20,Unaí,0,0.0,84930,13.8571428571429,83.0008294285714,0,0,0,65.1301165714286,48.4642108571429,17.835034,21.8571428571429,0,,,,,136,2018-06-24,3170404,Unai,MG,2018,26
1529193600000,201825,0.0,0,0,0,0.5,0.0,0,1,317040420182519589,2023-08-20,Unaí,0,0.0,84930,13.8571428571429,92.2864485714286,0,0,0,74.4227421428571,60.1380154285714,16.9795918571429,19.7142857142857,0,,,,,136,2018-06-17,3170404,Unai,MG,2018,25
1528588800000,201824,0.0,0,0,0,0.5,0.0,0,1,317040420182419589,2023-08-20,Unaí,0,0.0,84930,15.4285714285714,90.5528985714286,0,0,0,77.9485092857143,62.0728344285714,18.0255102857143,21.4285714285714,0,,,,,136,2018-06-10,3170404,Unai,MG,2018,24
1527984000000,201823,0.0,0,0,0,0.5,0.0,0,1,317040420182319589,2023-08-20,Unaí,0,0.0,84930,16.0,89.85309,0,0,0,77.6816842857143,66.2248714285714,18.4107142857143,21.0,0,,,,,136,2018-06-03,3170404,Unai,MG,2018,23
1527379200000,201822,0.0,0,0,0,0.5,0.0,0,1,317040420182219589,2023-08-20,Unaí,0,0.0,84930,15.0,86.6784585714286,0,0,0,78.6713648571429,70.0977842857143,16.477041,18.4285714285714,0,,,,,136,2018-05-27,3170404,Unai,MG,2018,22
1526774400000,201821,0.0,0,0,0,0.5,0.0,0,1,317040420182119589,2023-08-20,Unaí,0,0.0,84930,17.2857142857143,85.9629614285714,0,0,0,73.1869062857143,60.6924328571429,19.8455215714286,22.4285714285714,0,,,,,136,2018-05-20,3170404,Unai,MG,2018,21
1526169600000,201820,0.0,0,0,0,0.5,0.0,0,1,317040420182019589,2023-08-20,Unaí,0,0.0,84930,16.8571428571429,89.0910937142857,0,0,0,58.6209092857143,33.4874912857143,23.9659868571429,30.5714285714286,0,,,,,136,2018-05-13,3170404,Unai,MG,2018,20
1525564800000,201819,0.0,0,0,0,0.5,0.0,0,1,317040420181919589,2023-08-20,Unaí,0,0.0,84930,15.4285714285714,93.8889728571429,0,0,0,60.5918055714286,36.3194271428571,22.5646255714286,28.4285714285714,0,,,,,136,2018-05-06,3170404,Unai,MG,2018,19
1524960000000,201818,0.0,0,0,0,0.5,0.0,0,1,317040420181819589,2023-08-20,Unaí,0,0.0,84930,15.8571428571429,90.5536557142857,0,0,0,59.8200024285714,35.0759618571429,23.3809522857143,29.8571428571429,0,,,,,136,2018-04-29,3170404,Unai,MG,2018,18
1524355200000,201817,0.0,0,0,0,0.5,0.0,0,1,317040420181719589,2023-08-20,Unaí,0,0.0,84930,17.2857142857143,93.2450448571429,0,0,0,64.2185661428571,43.650095,22.9047621428571,27.8571428571429,0,,,,,136,2018-04-22,3170404,Unai,MG,2018,17
1523750400000,201816,0.0,0,0,0,0.5,0.0,0,1,317040420181619589,2023-08-20,Unaí,0,0.0,84930,17.5714285714286,91.8651785714286,0,0,0,78.1706872857143,67.5720685714286,20.0586732857143,22.5714285714286,0,,,,,136,2018-04-15,3170404,Unai,MG,2018,16
1523145600000,201815,0.0,0,0,0,0.0,0.0,0,1,317040420181519589,2023-08-20,Unaí,0,0.0,84930,19.8571428571429,89.3019522857143,0,0,0,83.290822,76.7658385714286,20.8392857142857,21.8571428571429,0,,,,,136,2018-04-08,3170404,Unai,MG,2018,15
1522540800000,201814,0.0,0,0,0,0.0,0.0,0,1,317040420181419589,2023-08-20,Unaí,0,0.0,84930,20.4285714285714,88.4941857142857,0,0,0,78.0877774285714,68.6632531428571,22.3571428571429,24.1428571428571,0,,,,,136,2018-04-01,3170404,Unai,MG,2018,14
1521936000000,201813,0.0,0,0,0,0.0,0.0,0,1,317040420181319589,2023-08-20,Unaí,0,0.0,84930,18.7142857142857,92.4639797142857,0,0,0,79.8540731428571,67.9773671428571,20.6639611428571,22.8571428571429,0,,,,,136,2018-03-25,3170404,Unai,MG,2018,13
1521331200000,201812,0.0,0,0,0,0.0,0.0,0,1,317040420181219589,2023-08-20,Unaí,0,0.0,84930,20.2857142857143,91.7234185714286,0,0,0,80.6654405714286,69.8446242857143,22.125,24.1428571428571,0,,,,,136,2018-03-18,3170404,Unai,MG,2018,12
1520726400000,201811,0.0,0,0,0,0.0,0.0,0,1,317040420181119589,2023-08-20,Unaí,0,0.0,84930,21.0,100.0,0,0,0,95.3319742857143,84.1840685714286,22.3061225714286,24.0,0,,,,,136,2018-03-11,3170404,Unai,MG,2018,11
1520121600000,201810,0.0,0,0,0,0.0,0.0,0,1,317040420181019589,2023-08-20,Unaí,0,0.0,84930,21.4285714285714,99.1517885714286,0,0,0,94.402932,86.8411694285714,22.4948978571429,23.5714285714286,0,,,,,136,2018-03-04,3170404,Unai,MG,2018,10
1519516800000,201809,0.0,0,0,0,0.0,0.0,0,1,317040420180919589,2023-08-20,Unaí,0,0.0,84930,20.5714285714286,93.438738,0,0,0,71.0475108571429,49.4815334285714,25.07602,29.2857142857143,0,,,,,136,2018-02-25,3170404,Unai,MG,2018,9
1518912000000,201808,0.0,0,0,0,0.0,0.0,0,1,317040420180819589,2023-08-20,Unaí,0,0.0,84930,21.0,92.0395837142857,0,0,0,81.949138,69.498025,22.8443878571429,25.0,0,,,,,136,2018-02-18,3170404,Unai,MG,2018,8
1518307200000,201807,0.0,0,0,0,0.0,0.0,0,1,317040420180719589,2023-08-20,Unaí,0,0.0,84930,19.5714285714286,89.3297585714286,0,0,0,73.2936935714286,59.4314582857143,21.8197277142857,24.2857142857143,0,,,,,136,2018-02-11,3170404,Unai,MG,2018,7
1517702400000,201806,0.0,0,0,0,0.0,0.0,0,1,317040420180619589,2023-08-20,Unaí,0,0.0,84930,20.2857142857143,99.1579742857143,0,0,0,92.629377,85.1216095714286,21.6054422857143,23.1428571428571,0,,,,,136,2018-02-04,3170404,Unai,MG,2018,6
1517097600000,201805,0.0,0,0,0,0.0,0.0,0,1,317040420180519589,2023-08-20,Unaí,0,0.0,84930,21.0,97.4998485714286,0,0,0,88.5315214285714,81.2130367142857,21.9773241428571,23.1428571428571,0,,,,,136,2018-01-28,3170404,Unai,MG,2018,5
1516492800000,201804,0.0,0,0,0,0.0,0.0,0,1,317040420180419589,2023-08-20,Unaí,0,0.0,84930,20.4285714285714,72.1050997142857,0,0,0,57.6868545714286,41.7779361428571,23.2074832857143,26.5714285714286,0,,,,,136,2018-01-21,3170404,Unai,MG,2018,4
1515888000000,201803,0.0,0,0,0,0.0,0.0,0,1,317040420180319589,2023-08-20,Unaí,0,0.0,84930,20.1428571428571,81.7544428571429,0,0,0,66.1467305714286,50.8655895714286,23.1564625714286,26.2857142857143,0,,,,,136,2018-01-14,3170404,Unai,MG,2018,3
1515283200000,201802,0.0,0,0,0,0.0,0.0,0,1,317040420180219589,2023-08-20,Unaí,0,0.0,84930,20.1428571428571,82.4642751428571,0,0,0,73.3193927142857,59.436998,21.9693878571429,24.5714285714286,0,,,,,136,2018-01-07,3170404,Unai,MG,2018,2
1514678400000,201801,0.0,0,0,0,0.0,0.0,0,1,317040420180119589,2023-08-20,Unaí,0,0.0,84930,21.1428571428571,92.5955285714286,0,0,0,81.6151885714286,72.8826335714286,22.8537411428571,24.2857142857143,0,,,,,136,2017-12-31,3170404,Unai,MG,2018,1
1514073600000,201752,0.0,0,0,0,0.0,0.0,0,1,317040420175219589,2023-08-20,Unaí,0,0.0,84930,20.5714285714286,81.5875894285714,0,0,0,63.4481237142857,48.78309,24.2721088571429,27.7142857142857,0,,,,,136,2017-12-24,3170404,Unai,MG,2017,52
1513468800000,201751,0.0,0,0,0,0.0,0.0,0,1,317040420175119589,2023-08-20,Unaí,0,0.0,84930,19.4285714285714,85.144168,0,0,0,64.3586027142857,45.4041988571429,23.5432902857143,27.5714285714286,0,,,,,136,2017-12-17,3170404,Unai,MG,2017,51
1512864000000,201750,0.0,0,0,0,0.0,0.0,0,1,317040420175019589,2023-08-20,Unaí,0,0.0,84930,19.4285714285714,99.1392157142857,0,0,0,93.7373128571429,83.4533121428571,21.0204082857143,23.1428571428571,0,,,,,136,2017-12-10,3170404,Unai,MG,2017,50
1512259200000,201749,0.0,0,0,0,0.0,0.0,0,1,317040420174919589,2023-08-20,Unaí,0,0.0,84930,21.0,96.73235,0,0,0,84.8229391428571,68.0724671428571,23.1734691428571,26.0,0,,,,,136,2017-12-03,3170404,Unai,MG,2017,49
1511654400000,201748,0.0,0,0,0,0.0,0.0,0,1,317040420174819589,2023-08-20,Unaí,0,0.0,84930,20.5714285714286,82.6000082857143,0,0,0,59.0353427142857,41.8652264285714,25.5306121428571,29.7142857142857,0,,,,,136,2017-11-26,3170404,Unai,MG,2017,48
1511049600000,201747,0.0,0,0,0,0.0,0.0,0,1,317040420174719589,2023-08-20,Unaí,0,0.0,84930,21.1428571428571,90.12799,0,0,0,62.9604141428571,40.572715,25.5714285714286,30.2857142857143,0,,,,,136,2017-11-19,3170404,Unai,MG,2017,47
1510444800000,201746,0.0,0,0,0,0.0,0.0,0,1,317040420174619589,2023-08-20,Unaí,0,0.0,84930,20.5,70.856135,0,0,0,44.6329995,26.7079965,27.4047615,33.0,0,,,,,136,2017-11-12,3170404,Unai,MG,2017,46
1509840000000,201745,0.0,0,0,0,0.0,0.0,0,1,317040420174519589,2023-08-20,Unaí,0,0.0,84930,19.99,70.5505215,0,0,0,,,,,0,,,,,136,2017-11-05,3170404,Unai,MG,2017,45
1509235200000,201744,0.0,0,0,0,0.0,0.0,0,1,317040420174419589,2023-08-20,Unaí,0,0.0,84930,19.48,70.244908,0,0,0,,,,,0,,,,,136,2017-10-29,3170404,Unai,MG,2017,44
1508630400000,201743,0.0,0,0,0,0.0,0.0,0,1,317040420174319589,2023-08-20,Unaí,0,0.0,84930,18.97,69.9392945,0,0,0,,,,,0,,,,,136,2017-10-22,3170404,Unai,MG,2017,43
1508025600000,201742,0.0,0,0,0,0.0,0.0,0,1,317040420174219589,2023-08-20,Unaí,0,0.0,84930,18.46,69.633681,0,0,0,,,,,0,,,,,136,2017-10-15,3170404,Unai,MG,2017,42
1507420800000,201741,0.0,0,0,0,0.0,0.0,0,1,317040420174119589,2023-08-20,Unaí,0,0.0,84930,17.95,69.3280675,0,0,0,,,,,0,,,,,136,2017-10-08,3170404,Unai,MG,2017,41
1506816000000,201740,0.0,0,0,0,0.0,0.0,0,1,317040420174019589,2023-08-20,Unaí,0,0.0,84930,17.44,69.022454,0,0,0,,,,,0,,,,,136,2017-10-01,3170404,Unai,MG,2017,40
1506211200000,201739,0.0,0,0,0,0.0,0.0,0,1,317040420173919589,2023-08-20,Unaí,0,0.0,84930,16.93,68.7168405,0,0,0,,,,,0,,,,,136,2017-09-24,3170404,Unai,MG,2017,39
1505606400000,201738,0.0,0,0,0,0.0,0.0,0,1,317040420173819589,2023-08-20,Unaí,0,0.0,84930,16.42,68.411227,0,0,0,,,,,0,,,,,136,2017-09-17,3170404,Unai,MG,2017,38
1505001600000,201737,0.0,0,0,0,0.0,0.0,0,1,317040420173719589,2023-08-20,Unaí,0,0.0,84930,15.91,68.1056135,0,0,0,,,,,0,,,,,136,2017-09-10,3170404,Unai,MG,2017,37
1504396800000,201736,0.0,0,0,0,0.0,0.0,0,1,317040420173619589,2023-08-20,Unaí,0,0.0,84930,15.4,67.8,0,0,0,53.6526322,44.4,18.9298248,21.6,0,,,,,136,2017-09-03,3170404,Unai,MG,2017,36
1503792000000,201735,0.0,0,0,0,0.0,0.0,0,1,317040420173519589,2023-08-20,Unaí,0,0.0,84930,15.8571428571429,62.1428571428571,0,0,0,52.0476194285714,43.5714285714286,18.1666671428571,20.4285714285714,0,,,,,136,2017-08-27,3170404,Unai,MG,2017,35
1503187200000,201734,0.0,0,0,0,0.0,0.0,0,1,317040420173419589,2023-08-20,Unaí,0,0.0,84930,17.5714285714286,63.5714285714286,0,0,0,59.7380948571429,56.2857142857143,18.5714282857143,19.2857142857143,0,,,,,136,2017-08-20,3170404,Unai,MG,2017,34
1502582400000,201733,0.0,0,0,0,0.0,0.0,0,1,317040420173319589,2023-08-20,Unaí,0,0.0,84930,14.2857142857143,66.5714285714286,0,0,0,57.2857142857143,49.5714285714286,16.5000001428571,18.4285714285714,0,,,,,136,2017-08-13,3170404,Unai,MG,2017,33
1501977600000,201732,0.0,0,0,0,0.0,0.0,0,1,317040420173219589,2023-08-20,Unaí,0,0.0,84930,15.5714285714286,67.4285714285714,0,0,0,61.8809525714286,56.7142857142857,16.7976188571429,17.8571428571429,0,,,,,136,2017-08-06,3170404,Unai,MG,2017,32
1501372800000,201731,0.0,0,0,0,0.0,0.0,0,1,317040420173119589,2023-08-20,Unaí,0,0.0,84930,14.7142857142857,66.0,0,0,0,60.6309525714286,55.0,15.8690478571429,17.4285714285714,0,,,,,136,2017-07-30,3170404,Unai,MG,2017,31
1500768000000,201730,0.0,0,0,0,0.0,0.0,0,1,317040420173019589,2023-08-20,Unaí,0,0.0,84930,15.2857142857143,73.5714285714286,0,0,0,67.3452388571429,62.0,16.297619,17.1428571428571,0,,,,,136,2017-07-23,3170404,Unai,MG,2017,30
1500163200000,201729,0.0,0,0,0,0.0,0.0,0,1,317040420172919589,2023-08-20,Unaí,0,0.0,84930,15.0,72.5714285714286,0,0,0,62.0714291428571,55.1428571428571,16.8095237142857,18.1428571428571,0,,,,,136,2017-07-16,3170404,Unai,MG,2017,29
1499558400000,201728,0.0,0,0,0,0.0,0.0,0,1,317040420172819589,2023-08-20,Unaí,0,0.0,84930,15.2857142857143,76.1428571428571,0,0,0,71.1666662857143,64.8571428571429,16.6309525714286,18.0,0,,,,,136,2017-07-09,3170404,Unai,MG,2017,28
1498953600000,201727,1.0,1,1,1,0.81452835,1.1774403,0,1,317040420172719589,2023-08-20,Unaí,0,3.3787987,84930,14.1428571428571,72.8571428571429,0,0,0,65.7238097142857,58.8571428571429,15.609524,16.8571428571429,0,,,,,136,2017-07-02,3170404,Unai,MG,2017,27
1498348800000,201726,1.0,1,1,1,0.9631786,1.1774403,0,1,317040420172619589,2023-08-20,Unaí,0,18.47582,84930,15.5714285714286,74.2857142857143,0,0,0,68.5952388571429,61.8571428571429,16.5595237142857,17.7142857142857,1,,,,,136,2017-06-25,3170404,Unai,MG,2017,26
1497744000000,201725,0.0,0,0,0,0.0,0.0,0,1,317040420172519589,2023-08-20,Unaí,0,0.0,84930,16.0,70.2857142857143,0,0,0,64.9047622857143,60.5714285714286,17.4285717142857,18.5714285714286,0,,,,,136,2017-06-18,3170404,Unai,MG,2017,25
1497139200000,201724,0.0,0,0,0,0.0,0.0,0,1,317040420172419589,2023-08-20,Unaí,0,0.0,84930,16.4285714285714,79.7142857142857,0,0,0,69.1033831428571,61.0,18.9592728571429,21.0,0,,,,,136,2017-06-11,3170404,Unai,MG,2017,24
1496534400000,201723,0.0,0,0,0,0.0,0.0,0,1,317040420172319589,2023-08-20,Unaí,0,0.0,84930,17.1428571428571,78.1428571428571,0,0,0,71.9761908571429,65.2857142857143,18.5833334285714,20.0,0,,,,,136,2017-06-04,3170404,Unai,MG,2017,23
1495929600000,201722,0.0,0,0,0,0.0,0.0,0,1,317040420172219589,2023-08-20,Unaí,0,0.0,84930,17.0,79.7142857142857,0,0,0,73.5833337142857,67.7142857142857,18.1785714285714,19.4285714285714,0,,,,,136,2017-05-28,3170404,Unai,MG,2017,22
1495324800000,201721,0.0,0,0,0,0.0,0.0,0,1,317040420172119589,2023-08-20,Unaí,0,0.0,84930,18.2857142857143,86.8571428571429,0,0,0,82.0357142857143,78.2857142857143,19.1809522857143,20.0,0,,,,,136,2017-05-21,3170404,Unai,MG,2017,21
1494720000000,201720,1.0,1,1,1,0.9278851,1.1774403,0,1,317040420172019589,2023-08-20,Unaí,0,9.260809,84930,18.7142857142857,84.0,1,0,0,76.5982142857143,69.7142857142857,20.0833331428571,21.4285714285714,1,,,,,136,2017-05-14,3170404,Unai,MG,2017,20
1494115200000,201719,0.0,0,0,0,0.0,0.0,0,1,317040420171919589,2023-08-20,Unaí,0,0.0,84930,18.5,77.0,0,0,0,69.6748365,62.3333333333333,20.125,21.8333333333333,0,,,,,136,2017-05-07,3170404,Unai,MG,2017,19
1493510400000,201718,0.0,0,0,0,0.0,0.0,0,1,317040420171819589,2023-08-20,Unaí,0,0.0,84930,19.2857142857143,75.1428571428571,0,0,0,67.9145654285714,61.0,20.8473388571429,22.4285714285714,0,,,,,136,2017-04-30,3170404,Unai,MG,2017,18
1492905600000,201717,0.0,0,0,0,0.0,0.0,0,1,317040420171719589,2023-08-20,Unaí,0,0.0,84930,20.5714285714286,80.8571428571429,0,0,0,71.7579367142857,64.1428571428571,22.1984124285714,23.8571428571429,0,,,,,136,2017-04-23,3170404,Unai,MG,2017,17
1492300800000,201716,1.0,1,1,1,0.9632679,1.1774403,0,1,317040420171619589,2023-08-20,Unaí,0,18.521618,84930,18.2857142857143,80.2857142857143,1,0,0,71.2380954285714,61.8571428571429,20.6825395714286,23.0,1,,,,,136,2017-04-16,3170404,Unai,MG,2017,16
1491696000000,201715,0.0,0,0,0,0.5,0.0,0,1,317040420171519589,2023-08-20,Unaí,0,0.0,84930,19.4285714285714,80.1428571428571,0,0,0,68.9486214285714,59.1428571428571,22.1255637142857,24.4285714285714,0,,,,,136,2017-04-09,3170404,Unai,MG,2017,15
1491091200000,201714,0.0,0,0,0,0.5,0.0,0,1,317040420171419589,2023-08-20,Unaí,0,0.0,84930,18.7142857142857,83.7142857142857,0,0,0,74.6928571428572,66.5714285714286,20.8928571428571,22.8571428571429,0,,,,,136,2017-04-02,3170404,Unai,MG,2017,14
1490486400000,201713,0.0,0,0,0,0.0,0.0,0,1,317040420171319589,2023-08-20,Unaí,0,0.0,84930,19.5714285714286,89.5714285714286,0,0,0,80.9523805714286,73.8571428571429,21.3055552857143,22.8571428571429,0,,,,,136,2017-03-26,3170404,Unai,MG,2017,13
1489881600000,201712,0.0,0,0,0,0.0,0.0,0,1,317040420171219589,2023-08-20,Unaí,0,0.0,84930,19.5,84.5,0,0,0,72.672514,63.1666666666667,22.105263,24.3333333333333,0,,,,,136,2017-03-19,3170404,Unai,MG,2017,12
1489276800000,201711,0.0,0,0,0,0.0,0.0,0,1,317040420171119589,2023-08-20,Unaí,0,0.0,84930,20.5714285714286,74.4285714285714,0,0,0,63.8055554285714,53.0,22.8968255714286,25.2857142857143,0,,,,,136,2017-03-12,3170404,Unai,MG,2017,11
1488672000000,201710,0.0,0,0,0,0.0,0.0,0,1,317040420171019589,2023-08-20,Unaí,0,0.0,84930,20.1428571428571,82.2857142857143,0,0,0,73.3452388571429,64.8571428571429,22.2142857142857,24.2857142857143,0,,,,,136,2017-03-05,3170404,Unai,MG,2017,10
1488067200000,201709,0.0,0,0,0,0.0,0.0,0,1,317040420170919589,2023-08-20,Unaí,0,0.0,84930,20.2857142857143,92.1428571428571,0,0,0,82.5462185714286,72.5714285714286,21.6568625714286,23.4285714285714,0,,,,,136,2017-02-26,3170404,Unai,MG,2017,9
1487462400000,201708,0.0,0,0,0,0.0,0.0,0,1,317040420170819589,2023-08-20,Unaí,0,0.0,84930,20.0,80.1428571428571,0,0,0,69.7969928571429,61.5714285714286,22.2619045714286,24.1428571428571,0,,,,,136,2017-02-19,3170404,Unai,MG,2017,8
1486857600000,201707,0.0,0,0,0,0.0,0.0,0,1,317040420170719589,2023-08-20,Unaí,0,0.0,84930,20.7142857142857,79.4285714285714,0,0,0,70.5809508571429,63.0,22.2976191428571,23.8571428571429,0,,,,,136,2017-02-12,3170404,Unai,MG,2017,7
1486252800000,201706,0.0,0,0,0,0.0,0.0,0,1,317040420170619589,2023-08-20,Unaí,0,0.0,84930,21.6,94.2,0,0,0,88.7666672,81.4,22.3555554,23.2,0,,,,,136,2017-02-05,3170404,Unai,MG,2017,6
1485648000000,201705,0.0,0,0,0,0.0,0.0,0,1,317040420170519589,2023-08-20,Unaí,0,0.0,84930,22.1428571428571,78.0,0,0,0,70.178572,60.1428571428571,23.3640348571429,25.1428571428571,0,,,,,136,2017-01-29,3170404,Unai,MG,2017,5
1485043200000,201704,0.0,0,0,0,0.0,0.0,0,1,317040420170419589,2023-08-20,Unaí,0,0.0,84930,20.8571428571429,67.4285714285714,0,0,0,52.0527218571429,41.4285714285714,24.8554422857143,28.0,0,,,,,136,2017-01-22,3170404,Unai,MG,2017,4
1484438400000,201703,0.0,0,0,0,0.0,0.0,0,1,317040420170319589,2023-08-20,Unaí,0,0.0,84930,20.7142857142857,77.5714285714286,0,0,0,64.5492074285714,54.8571428571429,23.895238,26.4285714285714,0,,,,,136,2017-01-15,3170404,Unai,MG,2017,3
1483833600000,201702,0.0,0,0,0,0.0,0.0,0,1,317040420170219589,2023-08-20,Unaí,0,0.0,84930,21.8571428571429,73.5714285714286,0,0,0,59.3187682857143,48.1428571428571,24.575397,27.0,0,,,,,136,2017-01-08,3170404,Unai,MG,2017,2
1483228800000,201701,0.0,0,0,0,0.0,0.0,0,1,317040420170119589,2023-08-20,Unaí,0,0.0,84930,21.4285714285714,68.8571428571429,0,0,0,51.983888,40.8571428571429,25.6305051428571,28.5714285714286,0,,,,,136,2017-01-01,3170404,Unai,MG,2017,1
1482624000000,201652,0.0,0,0,0,0.0,0.0,0,1,317040420165219589,2023-08-20,Unaí,0,0.0,84930,20.5714285714286,75.1428571428571,0,0,0,59.801587,48.0,23.8928567142857,26.5714285714286,0,,,,,136,2016-12-25,3170404,Unai,MG,2016,52
1482019200000,201651,0.0,0,0,0,0.0,0.0,0,1,317040420165119589,2023-08-20,Unaí,0,0.0,84930,19.4,84.0,0,0,0,69.219474,57.2,22.5303512,25.4,0,,,,,136,2016-12-18,3170404,Unai,MG,2016,51
1481414400000,201650,0.0,0,0,0,0.0,0.0,0,1,317040420165019589,2023-08-20,Unaí,0,0.0,84930,21.5,89.1666666666667,0,0,0,79.213888,71.3333333333333,22.975,24.1666666666667,0,,,,,136,2016-12-11,3170404,Unai,MG,2016,50
1480809600000,201649,0.0,0,0,0,0.0,0.0,0,1,317040420164919589,2023-08-20,Unaí,0,0.0,84930,22.0,84.4285714285714,0,0,0,76.2357142857143,68.7142857142857,23.3619048571429,24.7142857142857,0,,,,,136,2016-12-04,3170404,Unai,MG,2016,49
1480204800000,201648,0.0,0,0,0,0.0,0.0,0,1,317040420164819589,2023-08-20,Unaí,0,0.0,84930,21.7142857142857,77.5714285714286,0,0,0,67.9849628571429,59.5714285714286,23.887218,26.0,0,,,,,136,2016-11-27,3170404,Unai,MG,2016,48
1479600000000,201647,0.0,0,0,0,0.0,0.0,0,1,317040420164719589,2023-08-20,Unaí,0,0.0,84930,20.2857142857143,87.8571428571429,0,0,0,79.6940994285714,71.0,21.7686334285714,23.4285714285714,0,,,,,136,2016-11-20,3170404,Unai,MG,2016,47
1478995200000,201646,0.0,0,0,0,0.0,0.0,0,1,317040420164619589,2023-08-20,Unaí,0,0.0,84930,21.0,99.0,0,0,0,84.7101846666667,70.5,22.8768521666667,25.5,0,,,,,136,2016-11-13,3170404,Unai,MG,2016,46
1478390400000,201645,0.0,0,0,0,0.0,0.0,0,1,317040420164519589,2023-08-20,Unaí,0,0.0,84930,21.0,75.5714285714286,0,0,0,63.3616772857143,51.4285714285714,23.5255102857143,25.8571428571429,0,,,,,136,2016-11-06,3170404,Unai,MG,2016,45
1477785600000,201644,0.0,0,0,0,0.0,0.0,0,1,317040420164419589,2023-08-20,Unaí,0,0.0,84930,20.1428571428571,75.8571428571429,0,0,0,64.521428,54.5714285714286,22.1904762857143,23.8571428571429,0,,,,,136,2016-10-30,3170404,Unai,MG,2016,44
1477180800000,201643,0.0,0,0,0,0.0,0.0,0,1,317040420164319589,2023-08-20,Unaí,0,0.0,84930,22.0,63.5714285714286,0,0,0,53.9761902857143,42.8571428571429,24.1428571428571,26.5714285714286,0,,,,,136,2016-10-23,3170404,Unai,MG,2016,43
1476576000000,201642,0.0,0,0,0,0.0,0.0,0,1,317040420164219589,2023-08-20,Unaí,0,0.0,84930,22.7142857142857,60.1428571428571,0,0,0,48.1761908571429,38.7142857142857,25.3484848571429,27.5714285714286,0,,,,,136,2016-10-16,3170404,Unai,MG,2016,42
1475971200000,201641,0.0,0,0,0,0.0,0.0,0,1,317040420164119589,2023-08-20,Unaí,0,0.0,84930,20.8571428571429,76.1428571428571,0,0,0,66.2925168571429,57.8571428571429,23.0986394285714,25.0,0,,,,,136,2016-10-09,3170404,Unai,MG,2016,41
1475366400000,201640,0.0,0,0,0,0.0,0.0,0,1,317040420164019589,2023-08-20,Unaí,0,0.0,84930,20.3333333333333,67.3333333333333,0,0,0,49.3981473333333,36.0,24.3333333333333,27.6666666666667,0,,,,,136,2016-10-02,3170404,Unai,MG,2016,40
1474761600000,201639,0.0,0,0,0,0.0,0.0,0,1,317040420163919589,2023-08-20,Unaí,0,0.0,84930,21.1666666666667,76.1666666666667,0,0,0,68.8194446666667,61.3333333333333,22.4027776666667,24.0,0,,,,,136,2016-09-25,3170404,Unai,MG,2016,39
1474156800000,201638,0.0,0,0,0,0.0,0.0,0,1,317040420163819589,2023-08-20,Unaí,0,0.0,84930,21.4285714285714,59.2857142857143,0,0,0,52.2694237142857,47.0,23.546366,25.2857142857143,0,,,,,136,2016-09-18,3170404,Unai,MG,2016,38
1473552000000,201637,0.0,0,0,0,0.0,0.0,0,1,317040420163719589,2023-08-20,Unaí,0,0.0,84930,19.1428571428571,58.4285714285714,0,0,0,48.5170067142857,39.4285714285714,21.6190474285714,23.8571428571429,0,,,,,136,2016-09-11,3170404,Unai,MG,2016,37
1472947200000,201636,0.0,0,0,0,0.0,0.0,0,1,317040420163619589,2023-08-20,Unaí,0,0.0,84930,18.1666666666667,62.5,0,0,0,53.027778,44.6666666666667,20.565476,22.6666666666667,0,,,,,136,2016-09-04,3170404,Unai,MG,2016,36
1472342400000,201635,0.0,0,0,0,0.0,0.0,0,1,317040420163519589,2023-08-20,Unaí,0,0.0,84930,18.0,71.2857142857143,0,0,0,55.4913688571429,42.1428571428571,21.9134301428571,25.5714285714286,0,,,,,136,2016-08-28,3170404,Unai,MG,2016,35
1471737600000,201634,0.0,0,0,0,0.0,0.0,0,1,317040420163419589,2023-08-20,Unaí,0,0.0,84930,16.8571428571429,72.0,0,0,0,59.7863951428571,51.2857142857143,20.5210887142857,23.2857142857143,0,,,,,136,2016-08-21,3170404,Unai,MG,2016,34
1471132800000,201633,0.0,0,0,0,0.0,0.0,0,1,317040420163319589,2023-08-20,Unaí,0,0.0,84930,19.1428571428571,67.2857142857143,0,0,0,58.7413434285714,50.7142857142857,20.8777054285714,22.5714285714286,0,,,,,136,2016-08-14,3170404,Unai,MG,2016,33
1470528000000,201632,0.0,0,0,0,0.0,0.0,0,1,317040420163219589,2023-08-20,Unaí,0,0.0,84930,16.4285714285714,67.1428571428571,0,0,0,58.3679657142857,49.2857142857143,18.9339828571429,21.2857142857143,0,,,,,136,2016-08-07,3170404,Unai,MG,2016,32
1469923200000,201631,0.0,0,0,0,0.0,0.0,0,1,317040420163119589,2023-08-20,Unaí,0,0.0,84930,16.4285714285714,74.0,0,0,0,64.6115642857143,55.5714285714286,18.6278911428571,20.8571428571429,0,,,,,136,2016-07-31,3170404,Unai,MG,2016,31
1469318400000,201630,0.0,0,0,0,0.0,0.0,0,1,317040420163019589,2023-08-20,Unaí,0,0.0,84930,15.7142857142857,76.0,0,0,0,64.1925468571429,55.1428571428571,17.9880954285714,20.0,0,,,,,136,2016-07-24,3170404,Unai,MG,2016,30
1468713600000,201629,0.0,0,0,0,0.0,0.0,0,1,317040420162919589,2023-08-20,Unaí,0,0.0,84930,16.8571428571429,73.4285714285714,0,0,0,63.4190474285714,55.5714285714286,19.4428571428571,21.2857142857143,0,,,,,136,2016-07-17,3170404,Unai,MG,2016,29
1468108800000,201628,0.0,0,0,0,0.0,0.0,0,1,317040420162819589,2023-08-20,Unaí,0,0.0,84930,13.7142857142857,71.4285714285714,0,0,0,61.4025971428571,53.5714285714286,16.6060604285714,19.1428571428571,0,,,,,136,2016-07-10,3170404,Unai,MG,2016,28
1467504000000,201627,0.0,0,0,0,0.0,0.0,0,1,317040420162719589,2023-08-20,Unaí,0,0.0,84930,15.8571428571429,78.5714285714286,0,0,0,67.7891151428571,59.1428571428571,18.3945581428571,20.5714285714286,0,,,,,136,2016-07-03,3170404,Unai,MG,2016,27
1466899200000,201626,0.0,0,0,0,0.0,0.0,0,1,317040420162619589,2023-08-20,Unaí,0,0.0,84930,15.4285714285714,77.0,0,0,0,67.1969697142857,58.0,17.3268401428571,19.2857142857143,0,,,,,136,2016-06-26,3170404,Unai,MG,2016,26
1466294400000,201625,1.0,1,1,1,0.96317756,1.1774403,0,1,317040420162519589,2023-08-20,Unaí,0,18.475313,84930,14.2857142857143,80.0,0,0,0,70.0731288571429,60.4285714285714,16.8367348571429,19.2857142857143,1,,,,,136,2016-06-19,3170404,Unai,MG,2016,25
1465689600000,201624,0.0,0,0,0,0.0,0.0,0,1,317040420162419589,2023-08-20,Unaí,0,0.0,84930,14.0,80.7142857142857,0,0,0,70.8308282857143,60.2857142857143,16.5169174285714,19.2857142857143,0,,,,,136,2016-06-12,3170404,Unai,MG,2016,24
1465084800000,201623,0.0,0,0,0,0.0,0.0,0,1,317040420162319589,2023-08-20,Unaí,0,0.0,84930,18.6666666666667,77.0,0,0,0,69.3571428333333,62.3333333333333,20.5079361666667,22.1666666666667,0,,,,,136,2016-06-05,3170404,Unai,MG,2016,23
1464480000000,201622,0.0,0,0,0,0.0,0.0,0,1,317040420162219589,2023-08-20,Unaí,0,0.0,84930,16.2857142857143,77.1428571428571,0,0,0,66.0833337142857,57.4285714285714,19.145238,21.7142857142857,0,,,,,136,2016-05-29,3170404,Unai,MG,2016,22
1463875200000,201621,0.0,0,0,0,0.0,0.0,0,1,317040420162119589,2023-08-20,Unaí,0,0.0,84930,16.8571428571429,83.4285714285714,0,0,0,74.0416674285714,64.0,19.25,21.7142857142857,0,,,,,136,2016-05-22,3170404,Unai,MG,2016,21
1463270400000,201620,0.0,0,0,0,0.0,0.0,0,1,317040420162019589,2023-08-20,Unaí,0,0.0,84930,19.1428571428571,80.8571428571429,0,0,0,73.3775515714286,67.5714285714286,20.7482991428571,21.8571428571429,0,,,,,136,2016-05-15,3170404,Unai,MG,2016,20
1462665600000,201619,1.0,1,1,1,0.8145292,1.1774403,0,1,317040420161919589,2023-08-20,Unaí,0,3.3788157,84930,17.6,78.2,0,0,0,67.02,55.6,20.3533336,23.0,0,,,,,136,2016-05-08,3170404,Unai,MG,2016,19
1462060800000,201618,1.0,1,1,1,0.9632679,1.1774403,0,1,317040420161819589,2023-08-20,Unaí,0,18.521618,84930,19.8,81.6,1,0,0,73.2833336,65.6,21.1666668,23.0,0,,,,,136,2016-05-01,3170404,Unai,MG,2016,18
1461456000000,201617,0.0,0,0,0,0.5,0.0,0,1,317040420161719589,2023-08-20,Unaí,0,0.0,84930,19.8333333333333,79.8333333333333,0,0,0,71.91865,64.3333333333333,21.1150791666667,22.6666666666667,0,,,,,136,2016-04-24,3170404,Unai,MG,2016,17
1460851200000,201616,0.0,0,0,0,0.5,0.0,0,1,317040420161619589,2023-08-20,Unaí,0,0.0,84930,25.5,53.75,0,0,0,46.583333,36.25,27.083333,30.0,0,,,,,136,2016-04-17,3170404,Unai,MG,2016,16
1460246400000,201615,0.0,0,0,0,0.5,0.0,0,1,317040420161519589,2023-08-20,Unaí,0,0.0,84930,21.1428571428571,70.7142857142857,0,0,0,49.831214,27.5714285714286,26.4716535714286,32.2857142857143,0,,,,,136,2016-04-10,3170404,Unai,MG,2016,15
1459641600000,201614,0.0,0,0,0,0.5,0.0,0,1,317040420161419589,2023-08-20,Unaí,0,0.0,84930,19.7142857142857,78.0,0,0,0,65.3636377142857,56.1428571428571,23.1616882857143,25.5714285714286,0,,,,,136,2016-04-03,3170404,Unai,MG,2016,14
1459036800000,201613,0.0,0,0,0,0.5,0.0,0,1,317040420161319589,2023-08-20,Unaí,0,0.0,84930,20.1428571428571,79.4285714285714,0,0,0,68.4217685714286,59.2857142857143,22.5510205714286,24.5714285714286,0,,,,,136,2016-03-27,3170404,Unai,MG,2016,13
1458432000000,201612,0.0,0,0,0,0.5,0.0,0,1,317040420161219589,2023-08-20,Unaí,0,0.0,84930,21.4285714285714,78.8571428571429,0,0,0,69.5181705714286,59.8571428571429,23.4837092857143,25.8571428571429,0,,,,,136,2016-03-20,3170404,Unai,MG,2016,12
1457827200000,201611,0.0,0,0,0,0.5,0.0,0,1,317040420161119589,2023-08-20,Unaí,0,0.0,84930,20.7142857142857,81.5714285714286,0,0,0,72.3726708571429,63.1428571428571,22.9668737142857,24.8571428571429,0,,,,,136,2016-03-13,3170404,Unai,MG,2016,11
1457222400000,201610,0.0,0,0,0,0.5,0.0,0,1,317040420161019589,2023-08-20,Unaí,0,0.0,84930,20.8571428571429,88.4285714285714,0,0,0,81.1385285714286,73.8571428571429,22.3852811428571,23.8571428571429,0,,,,,136,2016-03-06,3170404,Unai,MG,2016,10
1456617600000,201609,0.0,0,0,0,0.5,0.0,0,1,317040420160919589,2023-08-20,Unaí,0,0.0,84930,21.8571428571429,77.4285714285714,0,0,0,66.5442168571429,58.4285714285714,24.1836735714286,25.8571428571429,0,,,,,136,2016-02-28,3170404,Unai,MG,2016,9
1456012800000,201608,0.0,0,0,0,0.5,0.0,0,1,317040420160819589,2023-08-20,Unaí,0,0.0,84930,21.4285714285714,79.4285714285714,0,0,0,70.3127714285714,63.1428571428571,23.45671,25.1428571428571,0,,,,,136,2016-02-21,3170404,Unai,MG,2016,8
1455408000000,201607,0.0,0,0,0,0.5,0.0,0,1,317040420160719589,2023-08-20,Unaí,0,0.0,84930,20.0,87.1428571428571,0,0,0,77.4438775714286,66.8571428571429,22.085034,24.4285714285714,0,,,,,136,2016-02-14,3170404,Unai,MG,2016,7
1454803200000,201606,0.0,0,0,0,0.5,0.0,0,1,317040420160619589,2023-08-20,Unaí,0,0.0,84930,20.7142857142857,83.0,0,0,0,57.7071877142857,37.2857142857143,26.6085845714286,31.5714285714286,0,,,,,136,2016-02-07,3170404,Unai,MG,2016,6
1454198400000,201605,0.0,0,0,0,0.5,0.0,0,1,317040420160519589,2023-08-20,Unaí,0,0.0,84930,19.7142857142857,88.1428571428571,0,0,0,57.7882157142857,34.4285714285714,26.5092325714286,32.1428571428571,0,,,,,136,2016-01-31,3170404,Unai,MG,2016,5
1453593600000,201604,0.0,0,0,0,0.5,0.0,0,1,317040420160419589,2023-08-20,Unaí,0,0.0,84930,20.7142857142857,99.1428571428571,0,0,0,86.6595337142857,74.2857142857143,22.6722565714286,24.8571428571429,0,,,,,136,2016-01-24,3170404,Unai,MG,2016,4
1452988800000,201603,0.0,0,0,0,0.5,0.0,0,1,317040420160319589,2023-08-20,Unaí,0,0.0,84930,20.4285714285714,98.2857142857143,0,0,0,95.7534157142857,91.0,20.8112837142857,21.5714285714286,0,,,,,136,2016-01-17,3170404,Unai,MG,2016,3
1452384000000,201602,0.0,0,0,0,0.5,0.0,0,1,317040420160219589,2023-08-20,Unaí,0,0.0,84930,21.5714285714286,88.2857142857143,0,0,0,83.38201,75.5714285714286,22.555291,24.0,0,,,,,136,2016-01-10,3170404,Unai,MG,2016,2
1451779200000,201601,0.0,0,0,0,0.5,0.0,0,1,317040420160119589,2023-08-20,Unaí,0,0.0,84930,21.7142857142857,90.1428571428571,0,0,0,81.7930402857143,71.1428571428571,22.970696,25.0,0,,,,,136,2016-01-03,3170404,Unai,MG,2016,1
1451174400000,201552,0.0,0,0,0,0.5,0.0,0,1,317040420155219589,2023-08-20,Unaí,0,0.0,84930,22.0,73.0,0,0,0,60.3721531428571,50.2857142857143,24.6614905714286,27.0,0,,,,,136,2015-12-27,3170404,Unai,MG,2015,52
1450569600000,201551,0.0,0,0,0,0.5,0.0,0,1,317040420155119589,2023-08-20,Unaí,0,0.0,84930,21.5714285714286,71.8571428571429,0,0,0,62.2357142857143,54.5714285714286,23.6357142857143,25.7142857142857,0,,,,,136,2015-12-20,3170404,Unai,MG,2015,51
1449964800000,201550,0.0,0,0,0,0.5,0.0,0,1,317040420155019589,2023-08-20,Unaí,0,0.0,84930,22.1428571428571,66.7142857142857,0,0,0,59.2639754285714,49.7142857142857,23.9363354285714,26.2857142857143,0,,,,,136,2015-12-13,3170404,Unai,MG,2015,50
1449360000000,201549,0.0,0,0,0,0.5,0.0,0,1,317040420154919589,2023-08-20,Unaí,0,0.0,84930,21.7142857142857,83.7142857142857,0,0,0,68.5503525714286,51.8571428571429,24.9875237142857,29.0,0,,,,,136,2015-12-06,3170404,Unai,MG,2015,49
1448755200000,201548,0.0,0,0,0,0.5,0.0,0,1,317040420154819589,2023-08-20,Unaí,0,0.0,84930,23.4285714285714,76.0,0,0,0,51.1417184285714,26.5714285714286,29.2087008571429,35.0,0,,,,,136,2015-11-29,3170404,Unai,MG,2015,48
1448150400000,201547,0.0,0,0,0,0.5,0.0,0,1,317040420154719589,2023-08-20,Unaí,0,0.0,84930,21.7142857142857,89.2857142857143,0,0,0,62.6256468571429,35.2857142857143,26.8298971428571,33.4285714285714,0,,,,,136,2015-11-22,3170404,Unai,MG,2015,47
1447545600000,201546,0.0,0,0,0,0.5,0.0,0,1,317040420154619589,2023-08-20,Unaí,0,0.0,84930,22.1428571428571,88.5714285714286,0,0,0,66.009212,42.4285714285714,25.9522884285714,30.8571428571429,0,,,,,136,2015-11-15,3170404,Unai,MG,2015,46
1446940800000,201545,0.0,0,0,0,0.5,0.0,0,1,317040420154519589,2023-08-20,Unaí,0,0.0,84930,24.0,50.8571428571429,0,0,0,30.2082495714286,14.5714285714286,30.9403237142857,37.0,0,,,,,136,2015-11-08,3170404,Unai,MG,2015,45
1446336000000,201544,0.0,0,0,0,0.5,0.0,0,1,317040420154419589,2023-08-20,Unaí,0,0.0,84930,22.875,51.5,0,0,0,26.853519375,13.125,30.97386125,37.25,0,,,,,136,2015-11-01,3170404,Unai,MG,2015,44
1445731200000,201543,0.0,0,0,0,0.5,0.0,0,1,317040420154319589,2023-08-20,Unaí,0,0.0,84930,22.2857142857143,73.5714285714286,0,0,0,50.1073805714286,30.0,27.5695237142857,33.0,0,,,,,136,2015-10-25,3170404,Unai,MG,2015,43
1445126400000,201542,0.0,0,0,0,0.5,0.0,0,1,317040420154219589,2023-08-20,Unaí,0,0.0,84930,22.8571428571429,58.8571428571429,0,0,0,33.7418734285714,16.8571428571429,30.2316251428571,36.5714285714286,0,,,,,136,2015-10-18,3170404,Unai,MG,2015,42
1444521600000,201541,0.0,0,0,0,0.5,0.0,0,1,317040420154119589,2023-08-20,Unaí,0,0.0,84930,22.0,48.4285714285714,0,0,0,25.6992968571429,11.0,29.4135147142857,36.0,0,,,,,136,2015-10-11,3170404,Unai,MG,2015,41
1443916800000,201540,0.0,0,0,0,0.5,0.0,0,1,317040420154019589,2023-08-20,Unaí,0,0.0,84930,20.5714285714286,59.1428571428571,0,0,0,32.8809522857143,16.0,28.779762,35.1428571428571,0,,,,,136,2015-10-04,3170404,Unai,MG,2015,40
1443312000000,201539,0.0,0,0,0,0.5,0.0,0,1,317040420153919589,2023-08-20,Unaí,0,0.0,84930,21.1428571428571,49.5714285714286,0,0,0,25.0,11.0,29.6190477142857,36.1428571428571,0,,,,,136,2015-09-27,3170404,Unai,MG,2015,39
1442707200000,201538,0.0,0,0,0,0.5,0.0,0,1,317040420153819589,2023-08-20,Unaí,0,0.0,84930,20.8571428571429,52.5714285714286,0,0,0,27.3969048571429,13.0,29.7454762857143,36.2857142857143,0,,,,,136,2015-09-20,3170404,Unai,MG,2015,38
1442102400000,201537,0.0,0,0,0,0.5,0.0,0,1,317040420153719589,2023-08-20,Unaí,0,0.0,84930,20.1428571428571,68.4285714285714,0,0,0,38.8648377142857,19.5714285714286,27.2013214285714,33.4285714285714,0,,,,,136,2015-09-13,3170404,Unai,MG,2015,37
1441497600000,201536,0.0,0,0,0,0.5,0.0,0,1,317040420153619589,2023-08-20,Unaí,0,0.0,84930,21.5714285714286,59.4285714285714,0,0,0,34.495682,18.2857142857143,28.7663397142857,34.4285714285714,0,,,,,136,2015-09-06,3170404,Unai,MG,2015,36
1440892800000,201535,0.0,0,0,0,0.5,0.0,0,1,317040420153519589,2023-08-20,Unaí,0,0.0,84930,16.0,115.714285714286,0,0,0,37.3952382857143,15.7142857142857,26.3346937142857,34.0,0,,,,,136,2015-08-30,3170404,Unai,MG,2015,35
1440288000000,201534,0.0,0,0,0,0.5,0.0,0,1,317040420153419589,2023-08-20,Unaí,0,0.0,84930,17.2857142857143,72.1428571428571,0,0,0,40.6418217142857,16.7142857142857,25.6252585714286,32.4285714285714,0,,,,,136,2015-08-23,3170404,Unai,MG,2015,34
1439683200000,201533,0.0,0,0,0,0.5,0.0,0,1,317040420153319589,2023-08-20,Unaí,0,0.0,84930,17.0,79.4285714285714,0,0,0,49.6591611428571,28.0,24.1226705714286,30.0,0,,,,,136,2015-08-16,3170404,Unai,MG,2015,33
1439078400000,201532,0.0,0,0,0,0.5,0.0,0,1,317040420153219589,2023-08-20,Unaí,0,0.0,84930,16.0,74.8571428571429,0,0,0,46.7157271428571,25.8571428571429,22.0433302857143,27.2857142857143,0,,,,,136,2015-08-09,3170404,Unai,MG,2015,32
1438473600000,201531,0.0,0,0,0,0.5,0.0,0,1,317040420153119589,2023-08-20,Unaí,0,0.0,84930,13.5714285714286,73.4285714285714,0,0,0,41.3035714285714,19.0,22.5416665714286,29.0,0,,,,,136,2015-08-02,3170404,Unai,MG,2015,31
1437868800000,201530,0.0,0,0,0,0.5,0.0,0,1,317040420153019589,2023-08-20,Unaí,0,0.0,84930,16.5714285714286,73.4285714285714,0,0,0,44.5759834285714,20.0,23.7060248571429,29.7142857142857,0,,,,,136,2015-07-26,3170404,Unai,MG,2015,30
1437264000000,201529,0.0,0,0,0,0.5,0.0,0,1,317040420152919589,2023-08-20,Unaí,0,0.0,84930,14.7142857142857,80.0,0,0,0,50.9285708571429,24.8571428571429,21.809524,28.0,0,,,,,136,2015-07-19,3170404,Unai,MG,2015,29
1436659200000,201528,0.0,0,0,0,0.5,0.0,0,1,317040420152819589,2023-08-20,Unaí,0,0.0,84930,15.8571428571429,83.1428571428571,0,0,0,54.7637231428571,31.4285714285714,22.6461438571429,28.1428571428571,0,,,,,136,2015-07-12,3170404,Unai,MG,2015,28
1436054400000,201527,0.0,0,0,0,0.5,0.0,0,1,317040420152719589,2023-08-20,Unaí,0,0.0,84930,16.5714285714286,79.1428571428571,0,0,0,54.5026451428571,32.4285714285714,22.8591267142857,28.1428571428571,0,,,,,136,2015-07-05,3170404,Unai,MG,2015,27
1435449600000,201526,0.0,0,0,0,0.5,0.0,0,1,317040420152619589,2023-08-20,Unaí,0,0.0,84930,15.8571428571429,75.8571428571429,0,0,0,49.4586431428571,26.2857142857143,22.7926984285714,28.4285714285714,0,,,,,136,2015-06-28,3170404,Unai,MG,2015,26
1434844800000,201525,0.0,0,0,0,0.5,0.0,0,1,317040420152519589,2023-08-20,Unaí,0,0.0,84930,15.7142857142857,77.2857142857143,0,0,0,53.816252,30.8571428571429,21.3219462857143,26.7142857142857,0,,,,,136,2015-06-21,3170404,Unai,MG,2015,25
1434240000000,201524,0.0,0,0,0,0.5,0.0,0,1,317040420152419589,2023-08-20,Unaí,0,0.0,84930,16.1428571428571,79.5714285714286,0,0,0,48.9032097142857,23.4285714285714,23.9888714285714,30.5714285714286,0,,,,,136,2015-06-14,3170404,Unai,MG,2015,24
1433635200000,201523,0.0,0,0,0,0.5,0.0,0,1,317040420152319589,2023-08-20,Unaí,0,0.0,84930,15.5714285714286,84.8571428571429,0,0,0,53.0808868571429,26.1428571428571,23.2833765714286,29.8571428571429,0,,,,,136,2015-06-07,3170404,Unai,MG,2015,23
1433030400000,201522,0.0,0,0,0,0.5,0.0,0,1,317040420152219589,2023-08-20,Unaí,0,0.0,84930,16.0,88.1428571428571,0,0,0,55.3170291428571,29.2857142857143,23.4169254285714,29.2857142857143,0,,,,,136,2015-05-31,3170404,Unai,MG,2015,22
1432425600000,201521,0.0,0,0,0,0.5,0.0,0,1,317040420152119589,2023-08-20,Unaí,0,0.0,84930,15.7142857142857,85.7142857142857,0,0,0,56.5289851428571,30.2857142857143,23.495342,30.2857142857143,0,,,,,136,2015-05-24,3170404,Unai,MG,2015,21
1431820800000,201520,0.0,0,0,0,0.5,0.0,0,1,317040420152019589,2023-08-20,Unaí,0,0.0,84930,16.5714285714286,85.7142857142857,0,0,0,57.8682708571429,34.4285714285714,22.4733434285714,27.7142857142857,0,,,,,136,2015-05-17,3170404,Unai,MG,2015,20
1431216000000,201519,0.0,0,0,0,0.5,0.0,0,1,317040420151919589,2023-08-20,Unaí,0,0.0,84930,17.5714285714286,84.4285714285714,0,0,0,60.070424,35.8571428571429,23.3087162857143,28.4285714285714,0,,,,,136,2015-05-10,3170404,Unai,MG,2015,19
1430611200000,201518,0.0,0,0,0,0.5,0.0,0,1,317040420151819589,2023-08-20,Unaí,0,0.0,84930,18.8571428571429,87.7142857142857,0,0,0,64.2625877142857,37.7142857142857,24.069273,29.8571428571429,0,,,,,136,2015-05-03,3170404,Unai,MG,2015,18
1430006400000,201517,0.0,0,0,0,0.5,0.0,0,1,317040420151719589,2023-08-20,Unaí,0,0.0,84930,18.5714285714286,86.7142857142857,0,0,0,63.4894257142857,36.7142857142857,23.3766634285714,28.8571428571429,0,,,,,136,2015-04-26,3170404,Unai,MG,2015,17
1429401600000,201516,0.0,0,0,0,0.5,0.0,0,1,317040420151619589,2023-08-20,Unaí,0,0.0,84930,20.5714285714286,88.5714285714286,0,0,0,63.2302514285714,38.5714285714286,26.1731584285714,31.7142857142857,0,,,,,136,2015-04-19,3170404,Unai,MG,2015,16
1428796800000,201515,0.0,0,0,0,0.5,0.0,0,1,317040420151519589,2023-08-20,Unaí,0,0.0,84930,18.4285714285714,91.5714285714286,0,0,0,59.6723185714286,33.2857142857143,25.0182781428571,31.0,0,,,,,136,2015-04-12,3170404,Unai,MG,2015,15
1428192000000,201514,0.0,0,0,0,0.5,0.0,0,1,317040420151419589,2023-08-20,Unaí,0,0.0,84930,19.5714285714286,91.4285714285714,0,0,0,66.4064608571429,41.7142857142857,24.7678568571429,29.8571428571429,0,,,,,136,2015-04-05,3170404,Unai,MG,2015,14
1427587200000,201513,0.0,0,0,0,0.5,0.0,0,1,317040420151319589,2023-08-20,Unaí,0,0.0,84930,20.1428571428571,86.0,0,0,0,56.777026,30.1428571428571,26.6851891428571,32.7142857142857,0,,,,,136,2015-03-29,3170404,Unai,MG,2015,13
1426982400000,201512,0.0,0,0,0,0.5,0.0,0,1,317040420151219589,2023-08-20,Unaí,0,0.0,84930,19.5714285714286,95.7142857142857,0,0,0,72.033078,45.0,24.6988992857143,30.2857142857143,0,,,,,136,2015-03-22,3170404,Unai,MG,2015,12
1426377600000,201511,0.0,0,0,0,0.5,0.0,0,1,317040420151119589,2023-08-20,Unaí,0,0.0,84930,20.5714285714286,84.1428571428571,0,0,0,56.9607112857143,32.1428571428571,25.9685191428571,31.7142857142857,0,,,,,136,2015-03-15,3170404,Unai,MG,2015,11
1425772800000,201510,0.0,0,0,0,0.5,0.0,0,1,317040420151019589,2023-08-20,Unaí,0,0.0,84930,20.4285714285714,84.2857142857143,0,0,0,52.0830737142857,26.2857142857143,27.6933228571429,33.7142857142857,0,,,,,136,2015-03-08,3170404,Unai,MG,2015,10
1425168000000,201509,0.0,0,0,0,0.5,0.0,0,1,317040420150919589,2023-08-20,Unaí,0,0.0,84930,21.0,86.2857142857143,0,0,0,61.7526014285714,31.5714285714286,25.8082282857143,31.1428571428571,0,,,,,136,2015-03-01,3170404,Unai,MG,2015,9
1424563200000,201508,0.0,0,0,0,0.5,0.0,0,1,317040420150819589,2023-08-20,Unaí,0,0.0,84930,20.4285714285714,80.1428571428571,0,0,0,55.5143034285714,30.5714285714286,26.2603108571429,31.4285714285714,0,,,,,136,2015-02-22,3170404,Unai,MG,2015,8
1423958400000,201507,0.0,0,0,0,0.5,0.0,0,1,317040420150719589,2023-08-20,Unaí,0,0.0,84930,20.7142857142857,80.1428571428571,0,0,0,53.8928468571429,29.8571428571429,26.494472,32.0,0,,,,,136,2015-02-15,3170404,Unai,MG,2015,7
1423353600000,201506,0.0,0,0,0,0.5,0.0,0,1,317040420150619589,2023-08-20,Unaí,0,0.0,84930,19.4285714285714,89.5714285714286,0,0,0,61.0184782857143,36.5714285714286,25.442754,31.0,0,,,,,136,2015-02-08,3170404,Unai,MG,2015,6
1422748800000,201505,0.0,0,0,0,0.5,0.0,0,1,317040420150519589,2023-08-20,Unaí,0,0.0,84930,20.0,84.5714285714286,0,0,0,58.4138354285714,30.0,25.5669501428571,30.8571428571429,0,,,,,136,2015-02-01,3170404,Unai,MG,2015,5
1422144000000,201504,0.0,0,0,0,0.5,0.0,0,1,317040420150419589,2023-08-20,Unaí,0,0.0,84930,20.7142857142857,74.0,0,0,0,42.8198255714286,19.7142857142857,28.468946,35.1428571428571,0,,,,,136,2015-01-25,3170404,Unai,MG,2015,4
1421539200000,201503,0.0,0,0,0,0.5,0.0,0,1,317040420150319589,2023-08-20,Unaí,0,0.0,84930,20.8571428571429,67.1428571428571,0,0,0,40.880952,20.1428571428571,28.0952382857143,34.4285714285714,0,,,,,136,2015-01-18,3170404,Unai,MG,2015,3
1420934400000,201502,0.0,0,0,0,0.5,0.0,0,1,317040420150219589,2023-08-20,Unaí,0,0.0,84930,20.2857142857143,70.8571428571429,0,0,0,39.4409937142857,19.4285714285714,28.1635608571429,34.2857142857143,0,,,,,136,2015-01-11,3170404,Unai,MG,2015,2
1420329600000,201501,0.0,0,0,0,0.5,0.0,0,1,317040420150119589,2023-08-20,Unaí,0,0.0,84930,19.7142857142857,74.4285714285714,0,0,0,43.0535725714286,21.0,27.5476191428571,33.7142857142857,0,,,,,136,2015-01-04,3170404,Unai,MG,2015,1
1419724800000,201453,0.0,0,0,0,0.5,0.0,0,1,317040420145319589,2023-08-20,Unaí,0,0.0,84930,19.2857142857143,80.8571428571429,0,0,0,43.1488091428571,20.2857142857143,28.7797617142857,35.1428571428571,0,,,,,136,2014-12-28,3170404,Unai,MG,2014,53
1419120000000,201452,0.0,0,0,0,0.5,0.0,0,1,317040420145219589,2023-08-20,Unaí,0,0.0,84930,20.4285714285714,88.4285714285714,0,0,0,59.9377717142857,33.4285714285714,26.1545031428571,31.8571428571429,0,,,,,136,2014-12-21,3170404,Unai,MG,2014,52
1418515200000,201451,0.0,0,0,0,0.5,0.0,0,1,317040420145119589,2023-08-20,Unaí,0,0.0,84930,20.1428571428571,94.0,0,0,0,69.88483,31.8571428571429,24.6836951428571,29.5714285714286,0,,,,,136,2014-12-14,3170404,Unai,MG,2014,51
1417910400000,201450,0.0,0,0,0,0.5,0.0,0,1,317040420145019589,2023-08-20,Unaí,0,0.0,84930,20.0,85.1428571428571,0,0,0,60.861472,35.5714285714286,24.7916668571429,29.1428571428571,0,,,,,136,2014-12-07,3170404,Unai,MG,2014,50
1417305600000,201449,0.0,0,0,0,0.5,0.0,0,1,317040420144919589,2023-08-20,Unaí,0,0.0,84930,19.7142857142857,85.4285714285714,0,0,0,55.4107148571429,28.8571428571429,25.5178571428571,30.8571428571429,0,,,,,136,2014-11-30,3170404,Unai,MG,2014,49
1416700800000,201448,0.0,0,0,0,0.5,0.0,0,1,317040420144819589,2023-08-20,Unaí,0,0.0,84930,21.2857142857143,89.4285714285714,0,0,0,70.470291,46.7142857142857,24.9821955714286,30.2857142857143,0,,,,,136,2014-11-23,3170404,Unai,MG,2014,48
1416096000000,201447,0.0,0,0,0,0.5,0.0,0,1,317040420144719589,2023-08-20,Unaí,0,0.0,84930,18.2857142857143,83.4285714285714,0,0,0,59.0346802857143,38.1428571428571,24.0463251428571,29.0,0,,,,,136,2014-11-16,3170404,Unai,MG,2014,47
1415491200000,201446,0.0,0,0,0,0.5,0.0,0,1,317040420144619589,2023-08-20,Unaí,0,0.0,84930,20.5714285714286,92.4285714285714,0,0,0,72.916962,48.5714285714286,24.4815451428571,29.0,0,,,,,136,2014-11-09,3170404,Unai,MG,2014,46
1414886400000,201445,0.0,0,0,0,0.5,0.0,0,1,317040420144519589,2023-08-20,Unaí,0,0.0,84930,20.4285714285714,75.4285714285714,0,0,0,45.3897514285714,24.7142857142857,27.3703417142857,33.2857142857143,0,,,,,136,2014-11-02,3170404,Unai,MG,2014,45
1414281600000,201444,0.0,0,0,0,0.5,0.0,0,1,317040420144419589,2023-08-20,Unaí,0,0.0,84930,20.0,87.2857142857143,0,0,0,68.5644025714286,41.0,23.7143108571429,28.4285714285714,0,,,,,136,2014-10-26,3170404,Unai,MG,2014,44
1413676800000,201443,0.0,0,0,0,0.5,0.0,0,1,317040420144319589,2023-08-20,Unaí,0,0.0,84930,20.2857142857143,73.0,0,0,0,45.7461457142857,24.4285714285714,27.0202415714286,33.5714285714286,0,,,,,136,2014-10-19,3170404,Unai,MG,2014,43
1413072000000,201442,0.0,0,0,0,0.5,0.0,0,1,317040420144219589,2023-08-20,Unaí,0,0.0,84930,19.5714285714286,54.4285714285714,0,0,0,27.9660977142857,10.0,28.8030537142857,35.5714285714286,0,,,,,136,2014-10-12,3170404,Unai,MG,2014,42
1412467200000,201441,0.0,0,0,0,0.5,0.0,0,1,317040420144119589,2023-08-20,Unaí,0,0.0,84930,15.7142857142857,68.8571428571429,0,0,0,35.7230845714286,16.0,24.0188925714286,30.8571428571429,0,,,,,136,2014-10-05,3170404,Unai,MG,2014,41
1411862400000,201440,0.0,0,0,0,0.5,0.0,0,1,317040420144019589,2023-08-20,Unaí,0,0.0,84930,20.5714285714286,60.1428571428571,0,0,0,37.9782611428571,20.2857142857143,27.3449794285714,33.5714285714286,0,,,,,136,2014-09-28,3170404,Unai,MG,2014,40
1411257600000,201439,0.0,0,0,0,0.5,0.0,0,1,317040420143919589,2023-08-20,Unaí,0,0.0,84930,18.4285714285714,68.4285714285714,0,0,0,38.1495862857143,16.1428571428571,26.4702382857143,33.0,0,,,,,136,2014-09-21,3170404,Unai,MG,2014,39
1410652800000,201438,0.0,0,0,0,0.5,0.0,0,1,317040420143819589,2023-08-20,Unaí,0,0.0,84930,17.2857142857143,63.4285714285714,0,0,0,33.2491771428571,11.7142857142857,26.1308111428571,33.0,0,,,,,136,2014-09-14,3170404,Unai,MG,2014,38
1410048000000,201437,0.0,0,0,0,0.5,0.0,0,1,317040420143719589,2023-08-20,Unaí,0,0.0,84930,14.5714285714286,76.5714285714286,0,0,0,41.5643891428571,17.7142857142857,23.0716045714286,29.0,0,,,,,136,2014-09-07,3170404,Unai,MG,2014,37
1409443200000,201436,0.0,0,0,0,0.5,0.0,0,1,317040420143619589,2023-08-20,Unaí,0,0.0,84930,18.2857142857143,70.2857142857143,0,0,0,41.6495857142857,19.8571428571429,25.3550725714286,31.2857142857143,0,,,,,136,2014-08-31,3170404,Unai,MG,2014,36
1408838400000,201435,0.0,0,0,0,0.5,0.0,0,1,317040420143519589,2023-08-20,Unaí,0,0.0,84930,15.7142857142857,67.8571428571429,0,0,0,36.7459528571429,13.5714285714286,25.09118,32.7142857142857,0,,,,,136,2014-08-24,3170404,Unai,MG,2014,35
1408233600000,201434,0.0,0,0,0,0.5,0.0,0,1,317040420143419589,2023-08-20,Unaí,0,0.0,84930,15.1428571428571,76.2857142857143,0,0,0,45.6741714285714,22.4285714285714,22.9523808571429,29.0,0,,,,,136,2014-08-17,3170404,Unai,MG,2014,34
1407628800000,201433,0.0,0,0,0,0.5,0.0,0,1,317040420143319589,2023-08-20,Unaí,0,0.0,84930,14.4285714285714,73.4285714285714,0,0,0,45.9656814285714,23.5714285714286,22.0815015714286,28.1428571428571,0,,,,,136,2014-08-10,3170404,Unai,MG,2014,33
1407024000000,201432,0.0,0,0,0,0.5,0.0,0,1,317040420143219589,2023-08-20,Unaí,0,0.0,84930,14.2857142857143,72.1428571428571,0,0,0,39.518892,16.4285714285714,22.516822,29.1428571428571,0,,,,,136,2014-08-03,3170404,Unai,MG,2014,32
1406419200000,201431,0.0,0,0,0,0.5,0.0,0,1,317040420143119589,2023-08-20,Unaí,0,0.0,84930,16.4285714285714,74.8571428571429,0,0,0,53.337168,30.5714285714286,21.7045765714286,27.4285714285714,0,,,,,136,2014-07-27,3170404,Unai,MG,2014,31
1405814400000,201430,0.0,0,0,0,0.5,0.0,0,1,317040420143019589,2023-08-20,Unaí,0,0.0,84930,14.8571428571429,82.2857142857143,0,0,0,54.5357137142857,26.1428571428571,22.2321431428571,28.7142857142857,0,,,,,136,2014-07-20,3170404,Unai,MG,2014,30
1405209600000,201429,0.0,0,0,0,0.5,0.0,0,1,317040420142919589,2023-08-20,Unaí,0,0.0,84930,13.0,86.2857142857143,0,0,0,52.1306211428571,22.7142857142857,21.296584,28.0,0,,,,,136,2014-07-13,3170404,Unai,MG,2014,29
1404604800000,201428,0.0,0,0,0,0.5,0.0,0,1,317040420142819589,2023-08-20,Unaí,0,0.0,84930,14.4285714285714,84.7142857142857,0,0,0,54.4583325714286,26.7142857142857,21.815476,28.0,0,,,,,136,2014-07-06,3170404,Unai,MG,2014,28
1404000000000,201427,0.0,0,0,0,0.5,0.0,0,1,317040420142719589,2023-08-20,Unaí,0,0.0,84930,14.2857142857143,79.8571428571429,0,0,0,48.375,20.8571428571429,22.5892857142857,29.4285714285714,0,,,,,136,2014-06-29,3170404,Unai,MG,2014,27
1403395200000,201426,0.0,0,0,0,0.5,0.0,0,1,317040420142619589,2023-08-20,Unaí,0,0.0,84930,13.8571428571429,86.4285714285714,0,0,0,57.24146,29.8571428571429,21.0370082857143,27.5714285714286,0,,,,,136,2014-06-22,3170404,Unai,MG,2014,26
1402790400000,201425,0.0,0,0,0,0.5,0.0,0,1,317040420142519589,2023-08-20,Unaí,0,0.0,84930,15.1428571428571,89.7142857142857,0,0,0,60.6700308571429,33.1428571428571,21.6172362857143,27.2857142857143,0,,,,,136,2014-06-15,3170404,Unai,MG,2014,25
1402185600000,201424,0.0,0,0,0,0.5,0.0,0,1,317040420142419589,2023-08-20,Unaí,0,0.0,84930,16.4285714285714,83.2857142857143,0,0,0,57.0574542857143,32.5714285714286,22.6138714285714,28.0,0,,,,,136,2014-06-08,3170404,Unai,MG,2014,24
1401580800000,201423,0.0,0,0,0,0.5,0.0,0,1,317040420142319589,2023-08-20,Unaí,0,0.0,84930,15.7142857142857,89.0,0,0,0,60.1786261428571,28.4285714285714,22.6613805714286,29.7142857142857,0,,,,,136,2014-06-01,3170404,Unai,MG,2014,23
1400976000000,201422,0.0,0,0,0,0.5,0.0,0,1,317040420142219589,2023-08-20,Unaí,0,0.0,84930,18.0,85.2857142857143,0,0,0,57.9490165714286,33.4285714285714,24.4161488571429,29.8571428571429,0,,,,,136,2014-05-25,3170404,Unai,MG,2014,22
1400371200000,201421,0.0,0,0,0,0.5,0.0,0,1,317040420142119589,2023-08-20,Unaí,0,0.0,84930,15.8571428571429,85.4285714285714,0,0,0,53.5691128571429,26.2857142857143,23.99374,30.7142857142857,0,,,,,136,2014-05-18,3170404,Unai,MG,2014,21
1399766400000,201420,0.0,0,0,0,0.5,0.0,0,1,317040420142019589,2023-08-20,Unaí,0,0.0,84930,14.7142857142857,87.1428571428571,0,0,0,54.7049322857143,25.5714285714286,22.2704081428571,28.8571428571429,0,,,,,136,2014-05-11,3170404,Unai,MG,2014,20
1399161600000,201419,0.0,0,0,0,0.5,0.0,0,1,317040420141919589,2023-08-20,Unaí,0,0.0,84930,17.5714285714286,87.4285714285714,0,0,0,60.0690474285714,30.8571428571429,24.1835717142857,30.1428571428571,0,,,,,136,2014-05-04,3170404,Unai,MG,2014,19
1398556800000,201418,0.0,0,0,0,0.5,0.0,0,1,317040420141819589,2023-08-20,Unaí,0,0.0,84930,13.2857142857143,91.4285714285714,0,0,0,54.4462498571429,22.7142857142857,21.5572345714286,28.0,0,,,,,136,2014-04-27,3170404,Unai,MG,2014,18
1397952000000,201417,0.0,0,0,0,0.5,0.0,0,1,317040420141719589,2023-08-20,Unaí,0,0.0,84930,19.4285714285714,86.7142857142857,0,0,0,61.8537785714286,36.0,25.4083848571429,30.5714285714286,0,,,,,136,2014-04-20,3170404,Unai,MG,2014,17
1397347200000,201416,0.0,0,0,0,0.5,0.0,0,1,317040420141619589,2023-08-20,Unaí,0,0.0,84930,19.5714285714286,86.5714285714286,0,0,0,57.226968,27.1428571428571,26.4818842857143,32.4285714285714,0,,,,,136,2014-04-13,3170404,Unai,MG,2014,16
1396742400000,201415,0.0,0,0,0,0.5,0.0,0,1,317040420141519589,2023-08-20,Unaí,0,0.0,84930,19.4285714285714,88.2857142857143,0,0,0,63.3035714285714,35.5714285714286,25.785714,31.5714285714286,0,,,,,136,2014-04-06,3170404,Unai,MG,2014,15
1396137600000,201414,0.0,0,0,0,0.5,0.0,0,1,317040420141419589,2023-08-20,Unaí,0,0.0,84930,20.7142857142857,92.2857142857143,0,0,0,70.3487617142857,42.4285714285714,25.1330228571429,30.2857142857143,0,,,,,136,2014-03-30,3170404,Unai,MG,2014,14
1395532800000,201413,0.0,0,0,0,0.5,0.0,0,1,317040420141319589,2023-08-20,Unaí,0,0.0,84930,20.8571428571429,89.0,0,0,0,70.2298757142857,47.7142857142857,24.734938,29.2857142857143,0,,,,,136,2014-03-23,3170404,Unai,MG,2014,13
1394928000000,201412,0.0,0,0,0,0.5,0.0,0,1,317040420141219589,2023-08-20,Unaí,0,0.0,84930,20.1428571428571,83.7142857142857,0,0,0,56.5946582857143,32.1428571428571,26.4770185714286,31.8571428571429,0,,,,,136,2014-03-16,3170404,Unai,MG,2014,12
1394323200000,201411,0.0,0,0,0,0.5,0.0,0,1,317040420141119589,2023-08-20,Unaí,0,0.0,84930,20.1428571428571,87.2857142857143,0,0,0,63.3428911428571,34.8571428571429,24.9932674285714,30.1428571428571,0,,,,,136,2014-03-09,3170404,Unai,MG,2014,11
1393718400000,201410,0.0,0,0,0,0.5,0.0,0,1,317040420141019589,2023-08-20,Unaí,0,0.0,84930,20.2857142857143,84.5714285714286,0,0,0,58.3633537142857,35.2857142857143,25.8229814285714,31.0,0,,,,,136,2014-03-02,3170404,Unai,MG,2014,10
1393113600000,201409,0.0,0,0,0,0.5,0.0,0,1,317040420140919589,2023-08-20,Unaí,0,0.0,84930,19.8571428571429,85.2857142857143,0,0,0,56.6291411428571,32.7142857142857,25.994048,32.1428571428571,0,,,,,136,2014-02-23,3170404,Unai,MG,2014,9
1392508800000,201408,0.0,0,0,0,0.5,0.0,0,1,317040420140819589,2023-08-20,Unaí,0,0.0,84930,20.0,85.4285714285714,0,0,0,58.5338588571429,33.4285714285714,25.7014637142857,31.2857142857143,0,,,,,136,2014-02-16,3170404,Unai,MG,2014,8
1391904000000,201407,0.0,0,0,0,0.5,0.0,0,1,317040420140719589,2023-08-20,Unaí,0,0.0,84930,19.5714285714286,80.8571428571429,0,0,0,50.0926497142857,26.5714285714286,26.465062,32.4285714285714,0,,,,,136,2014-02-09,3170404,Unai,MG,2014,7
1391299200000,201406,0.0,0,0,0,0.5,0.0,0,1,317040420140619589,2023-08-20,Unaí,0,0.0,84930,19.2857142857143,82.1428571428571,0,0,0,48.9479811428571,23.7142857142857,26.4076088571429,32.1428571428571,0,,,,,136,2014-02-02,3170404,Unai,MG,2014,6
1390694400000,201405,0.0,0,0,0,0.5,0.0,0,1,317040420140519589,2023-08-20,Unaí,0,0.0,84930,19.5714285714286,82.2857142857143,0,0,0,52.6826918571429,27.7142857142857,25.7651097142857,31.1428571428571,0,,,,,136,2014-01-26,3170404,Unai,MG,2014,5
1390089600000,201404,0.0,0,0,0,0.5,0.0,0,1,317040420140419589,2023-08-20,Unaí,0,0.0,84930,19.8571428571429,91.4285714285714,0,0,0,67.753314,38.2857142857143,24.9083088571429,30.5714285714286,0,,,,,136,2014-01-19,3170404,Unai,MG,2014,4
1389484800000,201403,0.0,0,0,0,0.5,0.0,0,1,317040420140319589,2023-08-20,Unaí,0,0.0,84930,20.1428571428571,85.1428571428571,0,0,0,58.152838,35.0,26.3098245714286,31.7142857142857,0,,,,,136,2014-01-12,3170404,Unai,MG,2014,3
1388880000000,201402,0.0,0,0,0,0.5,0.0,0,1,317040420140219589,2023-08-20,Unaí,0,0.0,84930,18.8571428571429,87.4285714285714,0,0,0,56.8353255714286,33.0,25.2204601428571,30.5714285714286,0,,,,,136,2014-01-05,3170404,Unai,MG,2014,2
1388275200000,201401,0.0,0,0,0,0.5,0.0,0,1,317040420140119589,2023-08-20,Unaí,0,0.0,84930,19.8571428571429,91.4285714285714,0,0,0,62.0119051428571,35.2857142857143,26.1071428571429,32.0,0,,,,,136,2013-12-29,3170404,Unai,MG,2014,1
