data_iniSE,se_codigo,casos_est,casos_est_min,casos_est_max,casos,p_rt1,p_inc100k,Localidade_id,nivel,id,versao_modelo,municipio_nome,tweet,Rt,pop,tempmin,umidmax,receptivo,transmissao,nivel_inc,umidmed,umidmin,tempmed,tempmax,casprov,casprov_est,casprov_est_min,casprov_est_max,casconf,notif_accum_year,data_ini_se,cod_ibge,municipio,uf,ano,semana
1786233600000,202632,0.0,0,0,0,0.0,0.0,0,1,520551320263220683,2026-08-18,Cocalzinho de Goiás,,0.0,24018,0.0,0.0,0,0,0,0.0,0.0,0.0,0.0,0,,,,,5785,2026-08-09,5205513,Cocalzinho de Goias,GO,2026,32
1785628800000,202631,1.0,1,1,1,0.42540032,4.163544,0,1,520551320263120683,2026-08-18,Cocalzinho de Goiás,,0.81095964,24018,18.0533166666667,35.2926,0,0,0,32.6669666666667,30.0216666666667,18.9638,19.9918166666667,1,,,,,5785,2026-08-02,5205513,Cocalzinho de Goias,GO,2026,31
1785024000000,202630,0.0,0,0,0,0.0,0.0,0,1,520551320263020683,2026-08-18,Cocalzinho de Goiás,,0.0,24018,23.4062714285714,39.2916428571429,0,0,0,39.2916428571429,39.2916428571429,23.4062714285714,23.4062714285714,0,,,,,5785,2026-07-26,5205513,Cocalzinho de Goias,GO,2026,30
1784419200000,202629,1.0,1,1,1,0.4073028,4.163544,0,1,520551320262920683,2026-08-18,Cocalzinho de Goiás,,0.7717083,24018,21.5210428571429,46.4882857142857,0,0,0,46.4882857142857,46.4882857142857,21.5210428571429,21.5210428571429,1,,,,,5785,2026-07-19,5205513,Cocalzinho de Goias,GO,2026,29
1783814400000,202628,3.0,3,3,3,0.8749261,12.490632,0,1,520551320262820683,2026-08-18,Cocalzinho de Goiás,,2.9986892,24018,21.7445571428571,50.8514428571429,0,0,0,50.8514428571429,50.8514428571429,21.7445571428571,21.7445571428571,3,,,,,5785,2026-07-12,5205513,Cocalzinho de Goias,GO,2026,28
1783209600000,202627,1.0,1,1,1,0.38033846,4.163544,0,1,520551320262720683,2026-08-18,Cocalzinho de Goiás,,0.71702874,24018,21.6165,50.5007571428571,0,0,0,50.5007571428571,50.5007571428571,21.6165,21.6165,1,,,,,5785,2026-07-05,5205513,Cocalzinho de Goias,GO,2026,27
1782604800000,202626,0.0,0,0,0,0.0,0.0,0,1,520551320262620683,2026-08-18,Cocalzinho de Goiás,,0.0,24018,20.3129285714286,54.4313857142857,0,0,0,54.4313857142857,54.4313857142857,20.3129285714286,20.3129285714286,0,,,,,5785,2026-06-28,5205513,Cocalzinho de Goias,GO,2026,26
1782000000000,202625,2.0,2,2,2,0.6430967,8.327088,0,1,520551320262520683,2026-08-18,Cocalzinho de Goiás,,1.4242841,24018,22.1456285714286,60.7892,0,0,0,60.7892,60.7892,22.1456285714286,22.1456285714286,1,,,,,5785,2026-06-21,5205513,Cocalzinho de Goias,GO,2026,25
1781395200000,202624,2.0,2,2,2,0.59351844,8.327088,0,1,520551320262420683,2026-08-18,Cocalzinho de Goiás,,1.2491765,24018,21.5381428571429,66.8096571428571,0,0,0,66.8096571428571,66.8096571428571,21.5381428571429,21.5381428571429,2,,,,,5785,2026-06-14,5205513,Cocalzinho de Goias,GO,2026,24
1780790400000,202623,1.0,1,1,1,0.21603045,4.163544,0,1,520551320262320683,2026-08-18,Cocalzinho de Goiás,,0.45234677,24018,18.3126714285714,72.9947857142857,0,0,0,66.2989428571429,58.6537142857143,20.0315428571429,22.0529428571429,1,,,,,5785,2026-06-07,5205513,Cocalzinho de Goias,GO,2026,23
1780185600000,202622,1.0,1,1,1,0.14651223,4.163544,0,1,520551320262220683,2026-08-18,Cocalzinho de Goiás,,0.36089265,24018,16.0735857142857,78.9318285714286,0,0,0,58.6449857142857,37.7736571428571,20.9973428571429,26.2188714285714,1,,,,,5785,2026-05-31,5205513,Cocalzinho de Goias,GO,2026,22
1779580800000,202621,3.0,3,3,3,0.44399643,12.490632,0,1,520551320262120683,2026-08-18,Cocalzinho de Goiás,,0.9004905,24018,17.6492428571429,84.9162142857143,0,0,0,63.3974285714286,42.9017714285714,22.2652,26.9842,1,,,,,5785,2026-05-24,5205513,Cocalzinho de Goias,GO,2026,21
1778976000000,202620,2.0,2,2,2,0.26366135,8.327088,0,1,520551320262020683,2026-08-18,Cocalzinho de Goiás,,0.5987823,24018,19.2204,83.1040142857143,0,0,0,62.8673428571429,40.3789285714286,23.5066714285714,28.3003714285714,1,,,,,5785,2026-05-17,5205513,Cocalzinho de Goias,GO,2026,20
1778371200000,202619,4.0,4,4,4,0.65766907,16.654177,0,1,520551320261920683,2026-08-18,Cocalzinho de Goiás,,1.3372718,24018,17.8269142857143,84.9001571428571,0,0,0,63.5338428571429,40.1594285714286,22.9880428571429,28.2451857142857,3,,,,,5785,2026-05-10,5205513,Cocalzinho de Goias,GO,2026,19
1777766400000,202618,4.0,4,4,4,0.61178297,16.654177,0,1,520551320261820683,2026-08-18,Cocalzinho de Goiás,,1.2203695,24018,22.1382571428571,62.9872571428571,0,0,0,62.9872571428571,62.9872571428571,22.1382571428571,22.1382571428571,1,,,,,5785,2026-05-03,5205513,Cocalzinho de Goias,GO,2026,18
1777161600000,202617,2.0,2,2,2,0.22250794,8.327088,0,1,520551320261720683,2026-08-18,Cocalzinho de Goiás,,0.5446765,24018,22.3675142857143,67.3496571428571,0,0,0,67.3496571428571,67.3496571428571,22.3675142857143,22.3675142857143,1,,,,,5785,2026-04-26,5205513,Cocalzinho de Goias,GO,2026,17
1776556800000,202616,3.0,3,3,3,0.4693018,12.490632,0,2,520551320261620683,2026-08-18,Cocalzinho de Goiás,,0.9437393,24018,18.1147857142857,86.8910571428571,1,0,0,69.5568857142857,46.2409,22.7831428571429,27.8151142857143,1,,,,,5785,2026-04-19,5205513,Cocalzinho de Goias,GO,2026,16
1775952000000,202615,5.0,5,5,5,0.8344114,20.81772,0,2,520551320261520683,2026-08-18,Cocalzinho de Goiás,,1.9906144,24018,18.6914142857143,89.5219857142857,1,0,0,75.6057571428571,56.6211142857143,22.5446,26.8280142857143,4,,,,,5785,2026-04-12,5205513,Cocalzinho de Goias,GO,2026,15
1775347200000,202614,3.0,3,3,3,0.5647003,12.490632,0,2,520551320261420683,2026-08-18,Cocalzinho de Goiás,,1.1359005,24018,18.9382714285714,93.1790285714286,1,0,0,79.0713428571429,57.7173285714286,22.9529285714286,27.6901285714286,1,,,,,5785,2026-04-05,5205513,Cocalzinho de Goias,GO,2026,14
1774742400000,202613,2.0,2,2,2,0.2660714,8.327088,0,2,520551320261320683,2026-08-18,Cocalzinho de Goiás,,0.6020263,24018,18.3753428571429,90.0282,1,0,0,76.5571,57.5841142857143,22.2573428571429,26.9840428571429,2,,,,,5785,2026-03-29,5205513,Cocalzinho de Goias,GO,2026,13
1774137600000,202612,2.0,2,2,2,0.24859415,8.327088,0,2,520551320261220683,2026-08-18,Cocalzinho de Goiás,,0.5787084,24018,18.7754571428571,94.0371142857143,1,0,0,80.2426857142857,62.2381857142857,22.2303142857143,26.458,1,,,,,5785,2026-03-22,5205513,Cocalzinho de Goias,GO,2026,12
1773532800000,202611,4.0,4,4,4,0.7080448,16.654177,0,2,520551320261120683,2026-08-18,Cocalzinho de Goiás,,1.4942625,24018,19.6359,96.2545428571429,1,0,0,82.0914142857143,61.5827714285714,22.8421,27.0812,2,,,,,5785,2026-03-15,5205513,Cocalzinho de Goias,GO,2026,11
1772928000000,202610,4.0,4,4,4,0.8692941,16.654177,0,2,520551320261020683,2026-08-18,Cocalzinho de Goiás,,2.5126815,24018,19.5330428571429,96.0113571428571,1,0,0,82.6866142857143,62.9831285714286,22.9161571428571,27.2151714285714,2,,,,,5785,2026-03-08,5205513,Cocalzinho de Goias,GO,2026,10
1772323200000,202609,3.0,3,3,3,0.88829565,12.490632,0,2,520551320260920683,2026-08-18,Cocalzinho de Goiás,,3.2603877,24018,19.3945571428571,96.5092,1,0,0,80.3103857142857,60.3431142857143,22.9374285714286,27.1940857142857,0,,,,,5785,2026-03-01,5205513,Cocalzinho de Goias,GO,2026,9
1771718400000,202608,1.0,1,1,1,0.53534794,4.163544,0,1,520551320260820683,2026-08-18,Cocalzinho de Goiás,,1.1093223,24018,19.3142,97.8880571428571,1,0,0,89.2746571428571,75.3652,21.2680714285714,24.6078142857143,1,,,,,5785,2026-02-22,5205513,Cocalzinho de Goias,GO,2026,8
1771113600000,202607,1.0,1,1,1,0.35186094,4.163544,0,1,520551320260720683,2026-08-18,Cocalzinho de Goiás,,0.663604,24018,19.1003714285714,91.9237142857143,1,0,0,76.6939,58.6951571428571,22.9046714285714,27.2853714285714,1,,,,,5785,2026-02-15,5205513,Cocalzinho de Goias,GO,2026,7
1770508800000,202606,0.0,0,0,0,0.0,0.0,0,1,520551320260620683,2026-08-18,Cocalzinho de Goiás,,0.0,24018,18.6879428571429,95.3751,0,0,0,80.6488,61.8160714285714,22.0564857142857,26.0948857142857,0,,,,,5785,2026-02-08,5205513,Cocalzinho de Goias,GO,2026,6
1769904000000,202605,2.0,2,2,2,0.4196959,8.327088,0,2,520551320260520683,2026-08-18,Cocalzinho de Goiás,,0.8384903,24018,19.5029428571429,96.5646714285714,1,0,0,86.6061285714286,69.5886428571429,22.0129142857143,25.4381142857143,0,,,,,5785,2026-02-01,5205513,Cocalzinho de Goias,GO,2026,5
1769299200000,202604,2.0,2,2,2,0.46243966,8.327088,0,2,520551320260420683,2026-08-18,Cocalzinho de Goiás,,0.91990274,24018,18.9120428571429,94.9395285714286,1,0,0,79.0260857142857,56.7703714285714,22.9567428571429,28.0018142857143,0,,,,,5785,2026-01-25,5205513,Cocalzinho de Goias,GO,2026,4
1768694400000,202603,3.0,3,3,3,0.7382772,12.490632,0,2,520551320260320683,2026-08-18,Cocalzinho de Goiás,,1.7243751,24018,19.1808714285714,95.8789428571429,1,0,0,87.2206857142857,75.4706,21.3500285714286,23.9663285714286,0,,,,,5785,2026-01-18,5205513,Cocalzinho de Goias,GO,2026,3
1768089600000,202602,2.0,2,2,2,0.6877538,8.327088,0,2,520551320260220683,2026-08-18,Cocalzinho de Goiás,,1.6222752,24018,19.2425714285714,86.8831857142857,1,0,0,68.1383857142857,46.2406285714286,23.6715285714286,28.6626285714286,0,,,,,5785,2026-01-11,5205513,Cocalzinho de Goias,GO,2026,2
1767484800000,202601,2.0,2,2,2,0.8178772,8.327088,0,2,520551320260120683,2026-08-18,Cocalzinho de Goiás,,2.6705964,24018,19.1432,94.1636428571429,1,0,0,82.3751857142857,64.1363285714286,21.7377285714286,25.1701142857143,0,,,,,5785,2026-01-04,5205513,Cocalzinho de Goias,GO,2026,1
1766880000000,202553,1.0,1,1,1,0.81445277,4.163544,0,1,520551320255320683,2026-08-18,Cocalzinho de Goiás,,3.3772714,24018,20.2875142857143,91.2243,1,0,0,74.4786714285714,55.5342571428571,24.5180714285714,29.1444142857143,1,,,,,5785,2025-12-28,5205513,Cocalzinho de Goias,GO,2025,53
1766275200000,202552,1.0,1,1,1,0.9602233,4.163544,0,1,520551320255220683,2026-08-18,Cocalzinho de Goiás,,17.077047,24018,18.5768714285714,93.0194285714286,1,0,0,72.5815714285714,51.7285,23.5343571428571,28.4500142857143,0,,,,,5785,2025-12-21,5205513,Cocalzinho de Goias,GO,2025,52
1765670400000,202551,0.0,0,0,0,0.0,0.0,0,1,520551320255120683,2026-08-18,Cocalzinho de Goiás,,0.0,24018,20.048,95.2507,0,0,0,82.9657714285714,63.3991714285714,22.6884285714286,26.4457571428571,0,,,,,5785,2025-12-14,5205513,Cocalzinho de Goias,GO,2025,51
1765065600000,202550,0.0,0,0,0,0.0,0.0,0,1,520551320255020683,2026-08-18,Cocalzinho de Goiás,,0.0,24018,19.2339285714286,95.5625857142857,0,0,0,83.5284285714286,66.6696428571429,22.0856714285714,26.0480714285714,0,,,,,5785,2025-12-07,5205513,Cocalzinho de Goias,GO,2025,50
1764460800000,202549,0.0,0,0,0,0.0,0.0,0,1,520551320254920683,2026-08-18,Cocalzinho de Goiás,,0.0,24018,20.0980857142857,93.0696857142857,0,0,0,81.0971714285714,65.8813142857143,22.7723571428571,26.0176142857143,0,,,,,5785,2025-11-30,5205513,Cocalzinho de Goias,GO,2025,49
1763856000000,202548,0.0,0,0,0,0.0,0.0,0,1,520551320254820683,2026-08-18,Cocalzinho de Goiás,,0.0,24018,19.5037142857143,94.0110142857143,0,0,0,77.7415142857143,57.3497857142857,23.1193285714286,27.4938285714286,0,,,,,5785,2025-11-23,5205513,Cocalzinho de Goias,GO,2025,48
1763251200000,202547,1.0,1,1,1,0.59135956,4.163544,0,1,520551320254720683,2026-08-18,Cocalzinho de Goiás,,1.3194484,24018,20.1879285714286,78.3503285714286,0,0,0,58.0490857142857,39.3433571428571,25.2350285714286,29.9300142857143,0,,,,,5785,2025-11-16,5205513,Cocalzinho de Goias,GO,2025,47
1762646400000,202546,1.0,1,1,1,0.63712674,4.163544,0,1,520551320254620683,2026-08-18,Cocalzinho de Goiás,,1.537639,24018,19.8166857142857,86.2992,1,0,0,68.8804,49.7281,24.0525,28.5635142857143,0,,,,,5785,2025-11-09,5205513,Cocalzinho de Goias,GO,2025,46
1762041600000,202545,1.0,1,1,1,0.50312597,4.163544,0,1,520551320254520683,2026-08-18,Cocalzinho de Goiás,,1.0090731,24018,20.4128714285714,92.4410714285714,1,0,0,73.2689428571429,52.9873571428571,24.3311142857143,28.8225428571429,0,,,,,5785,2025-11-02,5205513,Cocalzinho de Goias,GO,2025,45
1761436800000,202544,0.0,0,0,0,0.0,0.0,0,1,520551320254420683,2026-08-18,Cocalzinho de Goiás,,0.0,24018,21.4100285714286,69.7795714285714,0,0,0,50.3874142857143,32.7611857142857,26.1021285714286,31.0366857142857,0,,,,,5785,2025-10-26,5205513,Cocalzinho de Goias,GO,2025,44
1760832000000,202543,1.0,1,1,1,0.4939406,4.163544,0,1,520551320254320683,2026-08-18,Cocalzinho de Goiás,,0.9827135,24018,18.3777857142857,76.7037,0,0,0,59.6621571428571,42.0490857142857,22.5654571428571,27.2410714285714,0,,,,,5785,2025-10-19,5205513,Cocalzinho de Goias,GO,2025,43
1760227200000,202542,2.0,2,2,2,0.7715417,8.327088,0,1,520551320254220683,2026-08-18,Cocalzinho de Goiás,,2.173202,24018,20.4568,81.4348714285714,0,0,0,58.5957571428571,37.4698857142857,25.3989714285714,30.7335285714286,0,,,,,5785,2025-10-12,5205513,Cocalzinho de Goias,GO,2025,42
1759622400000,202541,1.0,1,1,1,0.2572515,4.163544,0,1,520551320254120683,2026-08-18,Cocalzinho de Goiás,,0.51053005,24018,21.0033857142857,53.1749857142857,0,0,0,33.2497142857143,21.2834571428571,27.4524571428571,33.1415428571429,0,,,,,5785,2025-10-05,5205513,Cocalzinho de Goias,GO,2025,41
1759017600000,202540,0.0,0,0,0,0.0,0.0,0,1,520551320254020683,2026-08-18,Cocalzinho de Goiás,,0.0,24018,19.4816142857143,42.2903857142857,0,0,0,27.2394142857143,15.3117,26.4009285714286,33.0562428571429,0,,,,,5785,2025-09-28,5205513,Cocalzinho de Goias,GO,2025,40
1758412800000,202539,1.0,1,1,1,0.26678774,4.163544,0,1,520551320253920683,2026-08-18,Cocalzinho de Goiás,,0.5245941,24018,20.1199,73.2309,0,0,0,55.1982,36.1845428571429,24.9979285714286,30.1791857142857,0,,,,,5785,2025-09-21,5205513,Cocalzinho de Goias,GO,2025,39
1757808000000,202538,6.0,6,6,6,0.993428,24.981264,0,1,520551320253820683,2026-08-18,Cocalzinho de Goiás,,9.752797,24018,20.9104285714286,59.4708428571429,0,1,1,41.8623,26.4379428571429,26.1692,31.3851,1,,,,,5785,2025-09-14,5205513,Cocalzinho de Goias,GO,2025,38
1757203200000,202537,1.0,1,1,1,0.630183,4.163544,0,1,520551320253720683,2026-08-18,Cocalzinho de Goiás,,1.501147,24018,19.5916285714286,39.9880857142857,0,0,0,25.5196857142857,15.7531857142857,26.8367142857143,33.4558857142857,1,,,,,5785,2025-09-07,5205513,Cocalzinho de Goias,GO,2025,37
1756598400000,202536,0.0,0,0,0,0.0,0.0,0,1,520551320253620683,2026-08-18,Cocalzinho de Goiás,,0.0,24018,19.3445285714286,52.4933,0,0,0,37.8747714285714,24.4369571428571,24.3814857142857,29.6989571428571,0,,,,,5785,2025-08-31,5205513,Cocalzinho de Goias,GO,2025,36
1755993600000,202535,0.0,0,0,0,0.0,0.0,0,1,520551320253520683,2026-08-18,Cocalzinho de Goiás,,0.0,24018,19.0924,47.9085285714286,0,0,0,33.4067857142857,21.2696,24.9530857142857,30.7844714285714,0,,,,,5785,2025-08-24,5205513,Cocalzinho de Goias,GO,2025,35
1755388800000,202534,0.0,0,0,0,0.0,0.0,0,1,520551320253420683,2026-08-18,Cocalzinho de Goiás,,0.0,24018,16.1328857142857,48.2216571428571,0,0,0,31.0608,17.3839,23.3958,30.3131142857143,0,,,,,5785,2025-08-17,5205513,Cocalzinho de Goias,GO,2025,34
1754784000000,202533,11.0,11,11,11,0.97882247,45.798985,0,1,520551320253320683,2026-08-18,Cocalzinho de Goiás,,3.0170639,24018,15.8369142857143,46.6082,0,1,1,34.2780285714286,21.3240714285714,22.3258428571429,29.3262142857143,0,,,,,5785,2025-08-10,5205513,Cocalzinho de Goias,GO,2025,33
1754179200000,202532,4.0,4,4,4,0.8072071,16.654177,0,1,520551320253220683,2026-08-18,Cocalzinho de Goiás,,1.9646462,24018,16.1421714285714,58.3580428571429,0,0,0,40.9895,25.0594,22.1160285714286,27.9889857142857,2,,,,,5785,2025-08-03,5205513,Cocalzinho de Goias,GO,2025,32
1753574400000,202531,4.0,4,4,4,0.94223535,16.654177,0,1,520551320253120676,2026-08-11,Cocalzinho de Goiás,,4.2072434,24018,16.6368714285714,58.5848285714286,0,0,0,41.5766857142857,24.3321571428571,22.5923857142857,28.9156714285714,1,,,,,5785,2025-07-27,5205513,Cocalzinho de Goias,GO,2025,31
1752969600000,202530,2.0,2,2,2,0.8536948,8.327088,0,1,520551320253020671,2026-08-06,Cocalzinho de Goiás,,3.2518132,24018,15.3327,65.6731,0,0,0,45.1194857142857,27.2103714285714,22.0287714285714,28.5583285714286,0,,,,,5785,2025-07-20,5205513,Cocalzinho de Goias,GO,2025,30
1752364800000,202529,0.0,0,0,0,0.0,0.0,0,1,520551320252920662,2026-07-28,Cocalzinho de Goiás,,0.0,24018,13.9741428571429,65.7625857142857,0,0,0,46.8583285714286,28.4426571428571,19.9128428571429,25.9024,0,,,,,5785,2025-07-13,5205513,Cocalzinho de Goias,GO,2025,29
1751760000000,202528,1.0,1,1,1,0.53172356,4.163544,0,1,520551320252820654,2026-07-20,Cocalzinho de Goiás,,1.0973917,24018,15.1316,63.4206571428571,0,0,0,46.9582428571429,30.4659714285714,20.2034142857143,25.6413142857143,0,,,,,5785,2025-07-06,5205513,Cocalzinho de Goias,GO,2025,28
1751155200000,202527,0.0,0,0,0,0.0,0.0,0,1,520551320252720647,2026-07-13,Cocalzinho de Goiás,,0.0,24018,15.3586428571429,67.2144428571429,0,0,0,48.8553714285714,30.3157142857143,20.9316,26.7794142857143,0,,,,,5785,2025-06-29,5205513,Cocalzinho de Goias,GO,2025,27
1750550400000,202526,2.0,2,2,2,0.702165,8.327088,0,1,520551320252620642,2026-07-08,Cocalzinho de Goiás,,1.6971674,24018,16.4614428571429,75.0049857142857,0,0,0,55.1709714285714,34.8880285714286,21.7118714285714,27.4964142857143,1,,,,,5785,2025-06-22,5205513,Cocalzinho de Goias,GO,2025,26
1749945600000,202525,0.0,0,0,0,0.0,0.0,0,1,520551320252520636,2026-07-02,Cocalzinho de Goiás,,0.0,24018,15.5507,70.2802428571429,0,0,0,52.6637714285714,33.6562571428571,20.5888285714286,25.8314428571429,0,,,,,5785,2025-06-15,5205513,Cocalzinho de Goias,GO,2025,25
1749340800000,202524,1.0,1,1,1,0.0077612256,4.163544,0,1,520551320252420627,2026-06-23,Cocalzinho de Goiás,,0.14266354,24018,16.8815857142857,74.6424571428571,0,0,0,56.3854142857143,36.4874571428571,21.6261857142857,26.8134285714286,0,,,,,5785,2025-06-08,5205513,Cocalzinho de Goias,GO,2025,24
1748736000000,202523,1.0,1,1,1,0.0001425979,4.163544,0,1,520551320252320621,2026-06-17,Cocalzinho de Goiás,,0.07827323,24018,17.2391142857143,81.1393857142857,0,0,0,61.3797571428571,39.7201571428571,22.3324285714286,27.7124,0,,,,,5785,2025-06-01,5205513,Cocalzinho de Goias,GO,2025,23
1748131200000,202522,7.0,7,7,7,0.007974612,29.144808,0,1,520551320252220619,2026-06-15,Cocalzinho de Goiás,,0.37224337,24018,16.5489285714286,79.3889571428571,0,0,1,59.5588571428571,38.5930428571429,21.7350285714286,26.9956571428571,0,,,,,5785,2025-05-25,5205513,Cocalzinho de Goias,GO,2025,22
1747526400000,202521,11.0,11,11,11,0.04653054,45.798985,0,1,520551320252120608,2026-06-04,Cocalzinho de Goiás,,0.54508287,24018,16.0117857142857,79.2617,0,0,1,59.5326142857143,38.0925285714286,21.2719,26.8064714285714,0,,,,,5785,2025-05-18,5205513,Cocalzinho de Goias,GO,2025,21
1746921600000,202520,21.0,21,21,21,0.7744317,87.434425,0,1,520551320252020599,2026-05-26,Cocalzinho de Goiás,,1.2769026,24018,17.8801,79.1925,0,0,1,62.5720285714286,41.8323571428571,22.1053142857143,26.9390285714286,4,,,,,5785,2025-05-11,5205513,Cocalzinho de Goias,GO,2025,20
1746316800000,202519,28.0,28,28,28,0.986036,116.57923,0,1,520551320251920592,2026-05-19,Cocalzinho de Goiás,,1.9957814,24018,17.7749,80.3034,0,1,2,62.9323285714286,42.8474714285714,22.6973714285714,27.6800571428571,9,,,,,5785,2025-05-04,5205513,Cocalzinho de Goias,GO,2025,19
1745712000000,202518,10.0,10,10,10,0.1925047,41.63544,0,2,520551320251820587,2026-05-14,Cocalzinho de Goiás,,0.7048355,24018,19.1192571428571,92.2442571428572,1,0,1,78.0125714285714,59.5080857142857,22.7817428571429,27.0734571428571,2,,,,,5785,2025-04-27,5205513,Cocalzinho de Goias,GO,2025,18
1745107200000,202517,16.0,16,16,16,0.509714,66.61671,0,2,520551320251720578,2026-05-05,Cocalzinho de Goiás,,1.008552,24018,19.4548714285714,92.3526571428571,1,0,1,76.4782714285714,56.1642285714286,23.4641285714286,27.9648714285714,6,,,,,5785,2025-04-20,5205513,Cocalzinho de Goias,GO,2025,17
1744502400000,202516,11.0,11,11,11,0.14006972,45.798985,0,1,520551320251620571,2026-04-28,Cocalzinho de Goiás,,0.6640768,24018,19.4229857142857,95.7345285714286,1,0,1,82.7218571428571,62.0802571428571,22.7507,27.2482285714286,5,,,,,5785,2025-04-13,5205513,Cocalzinho de Goias,GO,2025,16
1743897600000,202515,18.0,18,18,18,0.5591796,74.943794,0,1,520551320251520566,2026-04-23,Cocalzinho de Goiás,,1.0509089,24018,19.4038285714286,88.1248857142857,1,0,1,73.0424285714286,53.1426,23.2160428571429,27.8573571428571,10,,,,,5785,2025-04-06,5205513,Cocalzinho de Goias,GO,2025,15
1743292800000,202514,18.0,18,18,18,0.40170762,74.943794,0,1,520551320251420557,2026-04-14,Cocalzinho de Goiás,,0.92272544,24018,19.8212428571429,84.9739285714286,0,0,1,68.0052142857143,46.7359285714286,24.2401,28.9604857142857,9,,,,,5785,2025-03-30,5205513,Cocalzinho de Goias,GO,2025,14
1742688000000,202513,13.0,13,13,13,0.08059464,54.126072,0,1,520551320251320552,2026-04-09,Cocalzinho de Goiás,,0.61805475,24018,19.7734,96.5447857142857,1,0,1,81.5499142857143,59.8848714285714,23.0786142857143,27.5809,8,,,,,5785,2025-03-23,5205513,Cocalzinho de Goias,GO,2025,13
1742083200000,202512,22.0,22,22,22,0.64047587,91.59797,0,1,520551320251220543,2026-03-31,Cocalzinho de Goiás,,1.1167084,24018,20.5484571428571,86.5802142857143,1,0,1,66.8828142857143,44.8066571428571,25.0128,29.7113142857143,13,,,,,5785,2025-03-16,5205513,Cocalzinho de Goias,GO,2025,12
1741478400000,202511,22.0,22,22,22,0.7063406,91.59797,0,1,520551320251120535,2026-03-23,Cocalzinho de Goiás,,1.1840546,24018,21.0492714285714,82.5797714285714,0,0,1,63.1591142857143,41.1249,25.5842142857143,30.6023714285714,13,,,,,5785,2025-03-09,5205513,Cocalzinho de Goias,GO,2025,11
1740873600000,202510,23.0,23,23,23,0.65871334,95.76151,0,1,520551320251020529,2026-03-17,Cocalzinho de Goiás,,1.1310774,24018,19.7970857142857,74.0519285714286,0,0,1,59.7733571428571,42.4893285714286,24.0257571428571,28.6471857142857,9,,,,,5785,2025-03-02,5205513,Cocalzinho de Goias,GO,2025,10
1740268800000,202509,10.0,10,10,10,0.028836822,41.63544,0,1,520551320250920521,2026-03-09,Cocalzinho de Goiás,,0.4956231,24018,19.472,87.2351,1,0,1,70.1732142857143,51.2232285714286,23.8832285714286,28.6030714285714,6,,,,,5785,2025-02-23,5205513,Cocalzinho de Goias,GO,2025,9
1739664000000,202508,28.0,28,28,28,0.9353837,116.57923,0,1,520551320250820516,2026-03-04,Cocalzinho de Goiás,,1.5675244,24018,18.4846714285714,85.7335,0,0,2,63.9731428571429,40.2981285714286,24.3564142857143,29.9955,17,,,,,5785,2025-02-16,5205513,Cocalzinho de Goias,GO,2025,8
1739059200000,202507,18.0,18,18,18,0.7864618,74.943794,0,2,520551320250720508,2026-02-24,Cocalzinho de Goiás,,1.3233743,24018,19.138,90.7012428571429,1,0,1,73.2095571428571,52.2579857142857,23.2845714285714,27.6774714285714,12,,,,,5785,2025-02-09,5205513,Cocalzinho de Goias,GO,2025,7
1738454400000,202506,20.0,20,20,20,0.99016374,83.27088,0,3,520551320250620503,2026-02-19,Cocalzinho de Goiás,,2.4875906,24018,18.6551714285714,92.1623,1,1,1,74.9409857142857,55.0132,22.7607285714286,26.9990571428571,16,,,,,5785,2025-02-02,5205513,Cocalzinho de Goias,GO,2025,6
1737849600000,202505,15.0,15,15,15,0.9977104,62.45316,0,2,520551320250520495,2026-02-11,Cocalzinho de Goiás,,4.233085,24018,19.9251428571429,94.5805857142857,1,1,1,82.0084571428571,64.8007857142857,22.9305428571429,26.6968857142857,14,,,,,5785,2025-01-26,5205513,Cocalzinho de Goias,GO,2025,5
1737244800000,202504,7.0,7,7,7,0.9873753,29.144808,0,2,520551320250420491,2026-02-07,Cocalzinho de Goiás,,5.551927,24018,19.1016428571429,92.3998142857143,1,1,1,75.1821,55.4856142857143,23.656,28.6308857142857,7,,,,,5785,2025-01-19,5205513,Cocalzinho de Goias,GO,2025,4
1736640000000,202503,2.0,2,2,2,0.9218316,8.327088,0,1,520551320250320486,2026-02-02,Cocalzinho de Goiás,,5.7106667,24018,19.4289857142857,98.1344857142857,1,0,0,90.9656571428571,80.1103428571429,21.1511,23.4667714285714,1,,,,,5785,2025-01-12,5205513,Cocalzinho de Goias,GO,2025,3
1736035200000,202502,1.0,1,1,1,0.9572781,4.163544,0,1,520551320250220459,2026-01-06,Cocalzinho de Goiás,,15.875539,24018,19.5785714285714,97.8292,1,0,0,87.3627714285714,73.0799428571429,22.3025285714286,25.7538857142857,1,,,,,5785,2025-01-05,5205513,Cocalzinho de Goias,GO,2025,2
1735430400000,202501,0.0,0,0,0,0.0,0.0,0,1,520551320250120459,2026-01-06,Cocalzinho de Goiás,,0.0,24018,19.4071428571429,95.1579857142857,0,0,0,83.5197571428571,65.5330142857143,22.3500428571429,26.2184142857143,0,,,,,5785,2024-12-29,5205513,Cocalzinho de Goias,GO,2025,1
1734825600000,202452,0.0,0,0,0,0.0,0.0,0,1,520551320245220437,2025-12-15,Cocalzinho de Goiás,,0.0,24018,19.9472428571429,96.3589428571429,0,0,0,86.6978285714286,72.1441,22.1192142857143,25.0027285714286,0,,,,,5785,2024-12-22,5205513,Cocalzinho de Goias,GO,2024,52
1734220800000,202451,0.0,0,0,0,0.0,0.0,0,1,520551320245120437,2025-12-15,Cocalzinho de Goiás,,0.0,24018,20.3001857142857,94.7765285714286,0,0,0,81.0615285714286,61.7003714285714,23.3483142857143,27.4608285714286,0,,,,,5785,2024-12-15,5205513,Cocalzinho de Goias,GO,2024,51
1733616000000,202450,0.0,0,0,0,0.0,0.0,0,1,520551320245020437,2025-12-15,Cocalzinho de Goiás,,0.0,24018,20.2889857142857,90.4321571428572,0,0,0,74.5098,55.2724714285714,24.1498571428571,28.5140571428571,0,,,,,5785,2024-12-08,5205513,Cocalzinho de Goias,GO,2024,50
1733011200000,202449,2.0,2,2,2,0.73306847,8.327088,0,2,520551320244920431,2025-12-09,Cocalzinho de Goiás,,1.881717,24018,19.8220571428571,91.9031714285714,1,0,0,76.5128428571429,56.7716,23.6548285714286,27.7237857142857,1,,,,,5785,2024-12-01,5205513,Cocalzinho de Goias,GO,2024,49
1732406400000,202448,1.0,1,1,1,0.44677663,4.163544,0,2,520551320244820425,2025-12-03,Cocalzinho de Goiás,,0.860308,24018,19.8020428571429,93.2763,1,0,0,80.3826428571429,63.8909142857143,22.9001857142857,26.7706142857143,0,,,,,5785,2024-11-24,5205513,Cocalzinho de Goias,GO,2024,48
1731801600000,202447,1.0,1,1,1,0.2885322,4.163544,0,2,520551320244720418,2025-11-26,Cocalzinho de Goiás,,0.5576636,24018,19.1454714285714,96.5216571428571,1,0,0,81.4115428571429,64.3431285714286,22.9017285714286,26.9634142857143,1,,,,,5785,2024-11-17,5205513,Cocalzinho de Goias,GO,2024,47
1731196800000,202446,1.0,1,1,1,0.15882476,4.163544,0,2,520551320244620410,2025-11-18,Cocalzinho de Goiás,,0.37671986,24018,19.1638857142857,97.1128142857143,1,0,0,85.5802428571429,70.0913428571429,21.8953571428571,25.3188,1,,,,,5785,2024-11-10,5205513,Cocalzinho de Goias,GO,2024,46
1730592000000,202445,1.0,1,1,1,0.1136187,4.163544,0,2,520551320244520403,2025-11-11,Cocalzinho de Goiás,,0.31870195,24018,19.9432285714286,93.3448285714286,1,0,0,82.1510571428571,65.4363857142857,22.5648285714286,26.2784,0,,,,,5785,2024-11-03,5205513,Cocalzinho de Goias,GO,2024,45
1729987200000,202444,4.0,4,4,4,0.6269049,16.654177,0,2,520551320244420395,2025-11-03,Cocalzinho de Goiás,,1.2566794,24018,19.7598142857143,91.4095571428571,1,0,0,76.8784,58.9598,23.1207714285714,26.8604857142857,1,,,,,5785,2024-10-27,5205513,Cocalzinho de Goias,GO,2024,44
1729382400000,202443,2.0,2,2,2,0.463339,8.327088,0,1,520551320244320389,2025-10-28,Cocalzinho de Goiás,,0.92171913,24018,20.5138714285714,93.7273285714286,1,0,0,78.2463285714286,56.8683857142857,23.6693285714286,27.8814571428571,0,,,,,5785,2024-10-20,5205513,Cocalzinho de Goias,GO,2024,43
1728777600000,202442,5.0,5,5,5,0.96866757,20.81772,0,1,520551320244220381,2025-10-20,Cocalzinho de Goiás,,4.992428,24018,20.3068285714286,90.2689857142857,1,0,0,75.054,53.7133142857143,23.6647714285714,28.3538857142857,2,,,,,5785,2024-10-13,5205513,Cocalzinho de Goias,GO,2024,42
1728172800000,202441,2.0,2,2,2,0.8571468,8.327088,0,1,520551320244120375,2025-10-14,Cocalzinho de Goiás,,3.322175,24018,22.1648142857143,74.2917571428571,0,0,0,53.0331857142857,33.2231714285714,27.47,32.7691285714286,1,,,,,5785,2024-10-06,5205513,Cocalzinho de Goias,GO,2024,41
1727568000000,202440,0.0,0,0,0,0.0,0.0,0,1,520551320244020367,2025-10-06,Cocalzinho de Goiás,,0.0,24018,21.5608285714286,47.1550714285714,0,0,0,29.9598857142857,18.4092142857143,28.2940285714286,34.1848857142857,0,,,,,5785,2024-09-29,5205513,Cocalzinho de Goias,GO,2024,40
1726963200000,202439,1.0,1,1,1,0.11310491,4.163544,0,1,520551320243920363,2025-10-02,Cocalzinho de Goiás,,0.31803918,24018,21.7358714285714,44.5827428571429,0,0,0,28.6350714285714,16.9887142857143,28.3315714285714,34.4452142857143,1,,,,,5785,2024-09-22,5205513,Cocalzinho de Goias,GO,2024,39
1726358400000,202438,0.0,0,0,0,0.0,0.0,0,1,520551320243820353,2025-09-22,Cocalzinho de Goiás,,0.0,24018,20.6085571428571,47.8638714285714,0,0,0,31.4142857142857,18.7765,27.0684857142857,33.1756571428571,0,,,,,5785,2024-09-15,5205513,Cocalzinho de Goias,GO,2024,38
1725753600000,202437,1.0,1,1,1,0.0046289,4.163544,0,1,520551320243720346,2025-09-15,Cocalzinho de Goiás,,0.12894715,24018,17.9530285714286,43.0697428571429,0,0,0,29.4958714285714,17.5504428571429,25.1387285714286,31.9762142857143,0,,,,,5785,2024-09-08,5205513,Cocalzinho de Goias,GO,2024,37
1725148800000,202436,9.0,9,9,9,0.63776386,37.471897,0,1,520551320243620339,2025-09-08,Cocalzinho de Goiás,,1.1841254,24018,16.7733428571429,44.2931428571429,0,0,1,26.0583142857143,13.2758714285714,25.0924857142857,32.9024428571429,2,,,,,5785,2024-09-01,5205513,Cocalzinho de Goias,GO,2024,36
1724544000000,202435,9.0,9,9,9,0.601914,37.471897,0,1,520551320243520332,2025-09-01,Cocalzinho de Goiás,,1.1303025,24018,17.6143714285714,58.0290571428571,0,0,1,40.1746,23.0249714285714,24.0679857142857,30.5748285714286,9,,,,,5785,2024-08-25,5205513,Cocalzinho de Goias,GO,2024,35
1723939200000,202434,6.0,6,6,6,0.33621106,24.981264,0,1,520551320243420328,2025-08-28,Cocalzinho de Goiás,,0.7995168,24018,16.0131571428571,49.6063428571429,0,0,1,30.2609142857143,16.2454571428571,23.7951428571429,31.1858857142857,3,,,,,5785,2024-08-18,5205513,Cocalzinho de Goias,GO,2024,34
1723334400000,202433,8.0,8,8,8,0.80093426,33.308353,0,1,520551320243320321,2025-08-21,Cocalzinho de Goiás,,1.5817256,24018,16.2357,50.6159428571429,0,0,1,35.9652714285714,21.1564857142857,23.1547714285714,30.4812857142857,3,,,,,5785,2024-08-11,5205513,Cocalzinho de Goias,GO,2024,33
1722729600000,202432,11.0,11,11,11,0.98156077,45.798985,0,1,520551320243220312,2025-08-12,Cocalzinho de Goiás,,3.1475625,24018,15.2908,65.6310285714286,0,1,1,44.1128428571429,27.546,21.6603,27.7796857142857,8,,,,,5785,2024-08-04,5205513,Cocalzinho de Goias,GO,2024,32
1722124800000,202431,3.0,3,3,3,0.4252834,12.490632,0,1,520551320243120305,2025-08-05,Cocalzinho de Goiás,,0.8700853,24018,16.7896142857143,61.7060857142857,0,0,0,44.1803142857143,26.8278142857143,22.4003,28.1558571428571,2,,,,,5785,2024-07-28,5205513,Cocalzinho de Goias,GO,2024,31
1721520000000,202430,2.0,2,2,2,0.2961472,8.327088,0,1,520551320243020298,2025-07-29,Cocalzinho de Goiás,,0.6433933,24018,13.2728428571429,64.8397714285714,0,0,0,43.7628,26.4048,20.2050285714286,27.0531428571429,1,,,,,5785,2024-07-21,5205513,Cocalzinho de Goias,GO,2024,30
1720915200000,202429,5.0,5,5,5,0.7448511,20.81772,0,1,520551320242920291,2025-07-22,Cocalzinho de Goiás,,1.5548005,24018,13.6416428571429,67.6122,0,0,0,45.9858857142857,26.6955285714286,20.1651,26.7361857142857,5,,,,,5785,2024-07-14,5205513,Cocalzinho de Goias,GO,2024,29
1720310400000,202428,3.0,3,3,3,0.24471231,12.490632,0,1,520551320242820283,2025-07-14,Cocalzinho de Goiás,,0.62222,24018,15.0396285714286,66.6345142857143,0,0,0,45.2375,25.8654857142857,21.8585428571429,28.4690142857143,2,,,,,5785,2024-07-07,5205513,Cocalzinho de Goias,GO,2024,28
1719705600000,202427,1.0,1,1,1,0.009391096,4.163544,0,1,520551320242720278,2025-07-09,Cocalzinho de Goiás,,0.14848933,24018,14.8324285714286,65.8895,0,0,0,46.6910571428571,28.2529571428571,21.0403428571429,27.4584571428571,1,,,,,5785,2024-06-30,5205513,Cocalzinho de Goias,GO,2024,27
1719100800000,202426,6.0,6,6,6,0.29427633,24.981264,0,1,520551320242620269,2025-06-30,Cocalzinho de Goiás,,0.7540118,24018,14.3469857142857,72.1794571428571,0,0,1,48.9435714285714,28.5524,20.9379714285714,27.1732571428571,5,,,,,5785,2024-06-23,5205513,Cocalzinho de Goias,GO,2024,26
1718496000000,202425,6.0,6,6,6,0.2585911,24.981264,0,1,520551320242520262,2025-06-23,Cocalzinho de Goiás,,0.71605235,24018,14.8076428571429,72.7619142857143,0,0,1,52.5259285714286,31.7342714285714,20.5975571428571,26.5042142857143,4,,,,,5785,2024-06-16,5205513,Cocalzinho de Goias,GO,2024,25
1717891200000,202424,10.0,10,10,10,0.4317662,41.63544,0,1,520551320242420255,2025-06-16,Cocalzinho de Goiás,,0.9287159,24018,15.6854,75.6001571428571,0,0,1,55.1521285714286,34.9242285714286,21.3793571428571,27.2468428571429,9,,,,,5785,2024-06-09,5205513,Cocalzinho de Goias,GO,2024,24
1717286400000,202423,7.0,7,7,7,0.01088749,29.144808,0,1,520551320242320249,2025-06-10,Cocalzinho de Goiás,,0.38691673,24018,17.0664857142857,76.9422,0,0,1,57.5200428571429,37.6560714285714,21.5705285714286,26.6701571428571,5,,,,,5785,2024-06-02,5205513,Cocalzinho de Goias,GO,2024,23
1716681600000,202422,8.0,8,8,8,0.0002302475,33.308353,0,1,520551320242220241,2025-06-02,Cocalzinho de Goiás,,0.2836478,24018,16.2972,78.0149714285714,0,0,1,55.9425,33.6438142857143,21.7986428571429,27.6298285714286,6,,,,,5785,2024-05-26,5205513,Cocalzinho de Goias,GO,2024,22
1716076800000,202421,14.0,14,14,14,0.0011853884,58.289616,0,1,520551320242120236,2025-05-28,Cocalzinho de Goiás,,0.40372187,24018,17.3430285714286,79.3974714285714,0,0,1,58.2646142857143,37.0023,22.7211714285714,28.2677142857143,8,,,,,5785,2024-05-19,5205513,Cocalzinho de Goias,GO,2024,21
1715472000000,202420,33.0,33,33,33,0.22938952,137.39696,0,4,520551320242020227,2025-05-19,Cocalzinho de Goiás,,0.8406072,24018,16.3968857142857,76.0189571428571,0,0,2,55.3421714285714,34.0344428571429,22.7733,28.9586571428571,29,,,,,5785,2024-05-12,5205513,Cocalzinho de Goias,GO,2024,20
1714867200000,202419,38.0,38,38,38,0.061514005,158.21468,0,4,520551320241920224,2025-05-16,Cocalzinho de Goiás,,0.7227429,24018,16.6751714285714,80.3390142857143,0,0,2,60.0493714285714,37.6701428571429,22.4434142857143,28.5322285714286,30,,,,,5785,2024-05-05,5205513,Cocalzinho de Goias,GO,2024,19
1714262400000,202418,34.0,34,34,34,2.96703e-05,141.5605,0,4,520551320241820214,2025-05-06,Cocalzinho de Goiás,,0.4515842,24018,18.6938714285714,80.3728,0,0,2,61.1439714285714,38.2820285714286,24.1465857142857,29.5449285714286,30,,,,,5785,2024-04-28,5205513,Cocalzinho de Goias,GO,2024,18
1713657600000,202417,40.0,40,40,40,1.4687e-06,166.54176,0,4,520551320241720206,2025-04-28,Cocalzinho de Goiás,,0.43015364,24018,18.7493428571429,84.2478714285714,0,0,2,66.8521428571429,45.9065,23.5033142857143,28.5562285714286,38,,,,,5785,2024-04-21,5205513,Cocalzinho de Goias,GO,2024,17
1713052800000,202416,85.0,85,85,85,0.15036747,353.90125,0,4,520551320241620200,2025-04-22,Cocalzinho de Goiás,,0.8585958,24018,19.8881857142857,86.289,1,0,2,71.2885,53.5650857142857,23.7566142857143,28.1240857142857,80,,,,,5785,2024-04-14,5205513,Cocalzinho de Goias,GO,2024,16
1712448000000,202415,98.0,98,98,98,0.5169178,408.0273,0,4,520551320241520192,2025-04-14,Cocalzinho de Goiás,,1.0060745,24018,20.5421714285714,92.3158571428571,1,0,2,79.3134,60.6294714285714,23.3674285714286,26.9620428571429,89,,,,,5785,2024-04-07,5205513,Cocalzinho de Goias,GO,2024,15
1711843200000,202414,106.0,106,106,106,0.7647575,441.33566,0,4,520551320241420188,2025-04-10,Cocalzinho de Goiás,,1.1067952,24018,20.1764,96.5075142857143,1,0,2,85.1976,68.5234142857143,23.2077285714286,27.0721857142857,95,,,,,5785,2024-03-31,5205513,Cocalzinho de Goias,GO,2024,14
1711238400000,202413,94.0,94,94,94,0.4123912,391.37314,0,4,520551320241320178,2025-03-31,Cocalzinho de Goiás,,0.9685382,24018,20.1006428571429,94.7501142857143,1,0,2,82.0852,60.7797285714286,23.0657428571429,27.1505428571429,81,,,,,5785,2024-03-24,5205513,Cocalzinho de Goias,GO,2024,13
1710633600000,202412,97.0,97,97,97,0.38743606,403.86377,0,4,520551320241220171,2025-03-24,Cocalzinho de Goiás,,0.96024346,24018,20.7893428571429,95.4175,1,0,2,81.3572857142857,61.3193142857143,24.3375,28.7002285714286,84,,,,,5785,2024-03-17,5205513,Cocalzinho de Goias,GO,2024,12
1710028800000,202411,93.0,93,93,93,0.24756776,387.2096,0,4,520551320241120165,2025-03-18,Cocalzinho de Goiás,,0.907173,24018,21.0294714285714,93.0299428571429,1,0,2,77.8290571428571,60.8847,24.6959428571429,28.5981428571429,86,,,,,5785,2024-03-10,5205513,Cocalzinho de Goias,GO,2024,11
1709424000000,202410,104.0,104,104,104,0.67380375,433.00858,0,4,520551320241020158,2025-03-11,Cocalzinho de Goiás,,1.065379,24018,20.4102285714286,93.8222285714286,1,0,2,79.2186428571429,59.6707142857143,23.9273142857143,28.1761571428571,95,,,,,5785,2024-03-03,5205513,Cocalzinho de Goias,GO,2024,10
1708819200000,202409,107.0,107,107,107,0.8849647,445.4992,0,4,520551320240920153,2025-03-06,Cocalzinho de Goiás,,1.186353,24018,19.8161857142857,86.9716142857143,1,0,2,68.4146142857143,46.2073428571429,24.7619571428571,30.0339571428571,98,,,,,5785,2024-02-25,5205513,Cocalzinho de Goias,GO,2024,9
1708214400000,202408,102.0,102,102,102,0.7794124,424.6815,0,4,520551320240820145,2025-02-26,Cocalzinho de Goiás,,1.1169889,24018,19.7076857142857,97.5463857142857,1,0,2,89.9130714285714,75.5957857142857,21.7550142857143,25.0224714285714,83,,,,,5785,2024-02-18,5205513,Cocalzinho de Goias,GO,2024,8
1707609600000,202407,85.0,85,85,85,0.07427938,353.90125,0,4,520551320240720137,2025-02-18,Cocalzinho de Goiás,,0.8107377,24018,19.6326714285714,90.6281,1,0,2,77.5356714285714,58.5390142857143,23.3061142857143,27.9058285714286,64,,,,,5785,2024-02-11,5205513,Cocalzinho de Goias,GO,2024,7
1707004800000,202406,81.0,81,81,81,0.0049573756,337.24707,0,4,520551320240620130,2025-02-11,Cocalzinho de Goiás,,0.69160324,24018,20.0942571428571,95.4396285714286,1,0,2,83.3689571428571,64.4801714285714,22.8080714285714,26.8141714285714,71,,,,,5785,2024-02-04,5205513,Cocalzinho de Goias,GO,2024,6
1706400000000,202405,104.0,104,104,104,0.23836535,433.00858,0,4,520551320240520123,2025-02-04,Cocalzinho de Goiás,,0.90832806,24018,19.6720571428571,96.1519142857143,1,0,2,81.5827285714286,59.0005714285714,22.9572142857143,27.5922285714286,93,,,,,5785,2024-01-28,5205513,Cocalzinho de Goias,GO,2024,5
1705795200000,202404,134.0,134,134,134,0.9880529,557.9149,0,4,520551320240420116,2025-01-28,Cocalzinho de Goiás,,1.3453708,24018,20.1356142857143,96.3597,1,1,2,85.5213285714286,71.9132142857143,22.8309,25.8254857142857,113,,,,,5785,2024-01-21,5205513,Cocalzinho de Goias,GO,2024,4
1705190400000,202403,116.0,116,116,116,0.99906915,482.9711,0,4,520551320240320109,2025-01-21,Cocalzinho de Goiás,,1.5792701,24018,19.8394285714286,92.7321142857143,1,1,2,74.1900571428571,52.6784428571429,24.3051142857143,28.8326428571429,99,,,,,5785,2024-01-14,5205513,Cocalzinho de Goias,GO,2024,3
1704585600000,202402,105.0,105,105,105,1.0,437.17212,0,4,520551320240220102,2025-01-14,Cocalzinho de Goiás,,2.5715404,24018,19.8202857142857,95.9004285714286,1,1,2,83.0834571428571,66.7469571428571,22.8215857142857,26.2663857142857,85,,,,,5785,2024-01-07,5205513,Cocalzinho de Goias,GO,2024,2
1703980800000,202401,86.0,86,86,86,1.0,358.0648,0,4,520551320240120095,2025-01-07,Cocalzinho de Goiás,,4.061646,24018,20.0717714285714,97.5525285714286,1,1,2,90.1452142857143,76.9390857142857,21.9126571428571,24.4777428571429,72,,,,,5785,2023-12-31,5205513,Cocalzinho de Goias,GO,2024,1
1703376000000,202352,29.0,29,29,29,0.7720983,120.742775,0,1,520551320235220087,2024-12-30,Cocalzinho de Goiás,,1.2268966,24018,21.1448714285714,92.6417,1,0,2,74.8678714285714,52.6374428571429,24.9530428571429,29.4438428571429,23,,,,,5785,2023-12-24,5205513,Cocalzinho de Goias,GO,2023,52
1702771200000,202351,7.0,7,7,7,5.0769e-06,29.144808,0,1,520551320235120080,2024-12-23,Cocalzinho de Goiás,,0.20808947,24018,20.3464714285714,87.3079571428571,1,0,1,71.4419142857143,56.7703857142857,24.0125571428571,27.6946714285714,6,,,,,5785,2023-12-17,5205513,Cocalzinho de Goias,GO,2023,51
1702166400000,202350,16.0,16,16,16,0.005539903,66.61671,0,4,520551320235020074,2024-12-17,Cocalzinho de Goiás,,0.4772243,24018,20.8988428571429,81.7749,0,0,2,58.6643285714286,36.9610428571429,26.0581857142857,31.5148,16,,,,,5785,2023-12-10,5205513,Cocalzinho de Goias,GO,2023,50
1701561600000,202349,50.0,50,50,50,0.99578005,208.1772,0,4,520551320234920067,2024-12-10,Cocalzinho de Goiás,,1.8406813,24018,20.2503,85.2355,0,1,2,66.2950285714286,44.1273571428571,25.0562142857143,30.4001285714286,47,,,,,5785,2023-12-03,5205513,Cocalzinho de Goias,GO,2023,49
1700956800000,202348,33.0,33,33,33,0.9513798,137.39696,0,4,520551320234820060,2024-12-03,Cocalzinho de Goiás,,1.5741289,24018,20.6620428571429,87.5523428571429,1,1,2,66.3416285714286,44.9574857142857,25.2047714285714,30.1490571428571,32,,,,,5785,2023-11-26,5205513,Cocalzinho de Goias,GO,2023,48
1700352000000,202347,25.0,25,25,25,0.93709993,104.0886,0,4,520551320234720056,2024-11-29,Cocalzinho de Goiás,,1.6217141,24018,20.9743142857143,90.9547,1,0,2,70.2523,49.0617428571429,25.2687714285714,29.8900571428571,22,,,,,5785,2023-11-19,5205513,Cocalzinho de Goias,GO,2023,47
1699747200000,202346,24.0,24,24,24,0.96622896,99.92506,0,1,520551320234620046,2024-11-19,Cocalzinho de Goiás,,1.8349965,24018,21.4142571428571,74.1139857142857,0,1,2,54.0377857142857,34.4695142857143,26.8944714285714,32.8936714285714,20,,,,,5785,2023-11-12,5205513,Cocalzinho de Goias,GO,2023,46
1699142400000,202345,12.0,12,12,12,0.2826757,49.96253,0,1,520551320234520039,2024-11-12,Cocalzinho de Goiás,,0.8035021,24018,20.2966142857143,78.5639428571429,0,0,1,57.8353428571429,35.8451428571429,25.8706,31.8266857142857,12,,,,,5785,2023-11-05,5205513,Cocalzinho de Goias,GO,2023,45
1698537600000,202344,11.0,11,11,11,0.14340949,45.798985,0,1,520551320234420032,2024-11-05,Cocalzinho de Goiás,,0.6674975,24018,20.6733285714286,88.5334428571429,1,0,1,71.3459142857143,44.7615285714286,24.7524571428571,31.0602285714286,10,,,,,5785,2023-10-29,5205513,Cocalzinho de Goias,GO,2023,44
1697932800000,202343,13.0,13,13,13,0.4433901,54.126072,0,1,520551320234320026,2024-10-30,Cocalzinho de Goiás,,0.9472065,24018,20.7117857142857,86.2579571428571,1,0,1,67.5714285714286,44.5786142857143,24.9908428571429,30.3360857142857,8,,,,,5785,2023-10-22,5205513,Cocalzinho de Goias,GO,2023,43
1697328000000,202342,24.0,24,24,24,0.9851409,99.92506,0,1,520551320234220019,2024-10-23,Cocalzinho de Goiás,,2.1104946,24018,21.3886857142857,66.469,0,1,2,47.8480285714286,29.4010857142857,27.0026571428571,33.0861857142857,17,,,,,5785,2023-10-15,5205513,Cocalzinho de Goias,GO,2023,42
1696723200000,202341,11.0,11,11,11,0.52520233,45.798985,0,1,520551320234120011,2024-10-15,Cocalzinho de Goiás,,1.0269742,24018,21.28,84.9947,0,0,1,66.6608571428571,43.8145714285714,25.7889857142857,31.4443571428571,9,,,,,5785,2023-10-08,5205513,Cocalzinho de Goias,GO,2023,41
1696118400000,202340,8.0,8,8,8,0.45642534,33.308353,0,1,520551320234020005,2024-10-09,Cocalzinho de Goiás,,0.9487154,24018,20.6839714285714,86.2156714285714,1,0,1,68.5645285714286,44.6477714285714,24.8554,30.3826714285714,7,,,,,5785,2023-10-01,5205513,Cocalzinho de Goias,GO,2023,40
1695513600000,202339,16.0,16,16,16,0.985789,66.61671,0,1,520551320233919998,2024-10-02,Cocalzinho de Goiás,,2.627243,24018,22.0969571428571,72.9501857142857,0,1,2,55.8538,37.7808714285714,26.7492428571429,32.1362714285714,10,,,,,5785,2023-09-24,5205513,Cocalzinho de Goias,GO,2023,39
1694908800000,202338,6.0,6,6,6,0.67231804,24.981264,0,1,520551320233819990,2024-09-24,Cocalzinho de Goiás,,1.3028419,24018,21.0481714285714,58.2517142857143,0,0,1,40.9281714285714,23.7632714285714,27.0506142857143,33.4865428571429,3,,,,,5785,2023-09-17,5205513,Cocalzinho de Goias,GO,2023,38
1694304000000,202337,6.0,6,6,6,0.83062017,24.981264,0,1,520551320233719983,2024-09-17,Cocalzinho de Goiás,,1.8484308,24018,19.5165428571429,59.3739571428571,0,0,1,42.5091285714286,26.4947714285714,25.3604285714286,31.5510285714286,0,,,,,5785,2023-09-10,5205513,Cocalzinho de Goias,GO,2023,37
1693699200000,202336,5.0,5,5,5,0.87134194,20.81772,0,1,520551320233619978,2024-09-12,Cocalzinho de Goiás,,2.2879229,24018,19.5575428571429,71.3366,0,0,0,51.8863571428571,30.6999142857143,24.9541142857143,31.1055428571429,0,,,,,5785,2023-09-03,5205513,Cocalzinho de Goias,GO,2023,36
1693094400000,202335,3.0,3,3,3,0.58822155,12.490632,0,1,520551320233519969,2024-09-03,Cocalzinho de Goiás,,1.1927251,24018,19.1134,88.6686714285714,1,0,0,70.0157285714286,45.3191,23.5914571428571,29.5232142857143,1,,,,,5785,2023-08-27,5205513,Cocalzinho de Goias,GO,2023,35
1692489600000,202334,2.0,2,2,2,0.2084619,8.327088,0,1,520551320233419962,2024-08-27,Cocalzinho de Goiás,,0.52664834,24018,18.2602857142857,67.5873285714286,0,0,0,49.2796571428571,29.2679142857143,24.1325,31.0116,0,,,,,5785,2023-08-20,5205513,Cocalzinho de Goias,GO,2023,34
1691884800000,202333,0.0,0,0,0,0.0,0.0,0,1,520551320233319956,2024-08-21,Cocalzinho de Goiás,,0.0,24018,17.2047428571429,61.2559142857143,0,0,0,43.9776857142857,28.3407142857143,22.8119571428571,28.7458,0,,,,,5785,2023-08-13,5205513,Cocalzinho de Goias,GO,2023,33
1691280000000,202332,7.0,7,7,7,0.9162056,29.144808,0,1,520551320233219949,2024-08-14,Cocalzinho de Goiás,,2.404888,24018,17.2194285714286,56.0344285714286,0,0,1,38.0899,19.8876142857143,23.8365571428571,31.4662142857143,3,,,,,5785,2023-08-06,5205513,Cocalzinho de Goias,GO,2023,32
1690675200000,202331,3.0,3,3,3,0.61009073,12.490632,0,1,520551320233119941,2024-08-06,Cocalzinho de Goiás,,1.2500405,24018,15.7258571428571,65.7483285714286,0,0,0,43.9821571428571,23.5898285714286,22.5094714285714,29.4783142857143,3,,,,,5785,2023-07-30,5205513,Cocalzinho de Goias,GO,2023,31
1690070400000,202330,3.0,3,3,3,0.57121444,12.490632,0,1,520551320233019934,2024-07-30,Cocalzinho de Goiás,,1.1511799,24018,15.9311142857143,68.4444285714286,0,0,0,48.7731142857143,28.6030571428571,21.9030571428571,28.2476571428571,2,,,,,5785,2023-07-23,5205513,Cocalzinho de Goias,GO,2023,30
1689465600000,202329,2.0,2,2,2,0.2641559,8.327088,0,1,520551320232919929,2024-07-25,Cocalzinho de Goiás,,0.5994472,24018,16.7294285714286,72.7308142857143,0,0,0,52.8102428571429,31.9736142857143,22.2591285714286,28.1554857142857,1,,,,,5785,2023-07-16,5205513,Cocalzinho de Goias,GO,2023,29
1688860800000,202328,2.0,2,2,2,0.14169094,8.327088,0,1,520551320232819919,2024-07-15,Cocalzinho de Goiás,,0.4419691,24018,14.8753714285714,74.6123142857143,0,0,0,52.4361428571429,29.4862428571429,21.4164285714286,28.7450428571429,1,,,,,5785,2023-07-09,5205513,Cocalzinho de Goias,GO,2023,28
1688256000000,202327,4.0,4,4,4,0.21743801,16.654177,0,1,520551320232719913,2024-07-09,Cocalzinho de Goiás,0,0.6243745,24018,16.7142857142857,55.6458987142857,0,0,0,52.0367727142857,48.2889567142857,17.4761905714286,18.2857142857143,2,,,,,5785,2023-07-02,5205513,Cocalzinho de Goias,GO,2023,27
1687651200000,202326,3.0,3,3,3,0.07862446,12.490632,0,1,520551320232619905,2024-07-01,Cocalzinho de Goiás,0,0.41251045,24018,18.5714285714286,57.253633,0,0,0,54.7851431428571,52.1784072857143,19.0476191428571,19.5714285714286,0,,,,,5785,2023-06-25,5205513,Cocalzinho de Goias,GO,2023,26
1687046400000,202325,7.0,7,7,7,0.5349421,29.144808,0,1,520551320232519898,2024-06-24,Cocalzinho de Goiás,0,1.047062,24018,18.0,64.0836305714286,0,0,1,60.9203788571429,57.6386442857143,18.7142857142857,19.4285714285714,1,,,,,5785,2023-06-18,5205513,Cocalzinho de Goias,GO,2023,25
1686441600000,202324,10.0,10,10,10,0.8071524,41.63544,0,1,520551320232419884,2024-06-10,Cocalzinho de Goiás,,1.5218678,24018,17.3312857142857,83.4008285714286,0,0,1,66.7465,43.1226714285714,21.7444714285714,27.2959,3,,,,,5785,2023-06-11,5205513,Cocalzinho de Goias,GO,2023,24
1685836800000,202323,4.0,4,4,4,0.18706673,16.654177,0,1,520551320232319884,2024-06-10,Cocalzinho de Goiás,,0.5891853,24018,15.2397571428571,78.1164285714286,0,0,0,58.3434142857143,34.6297428571429,21.0778285714286,27.5308285714286,0,,,,,5785,2023-06-04,5205513,Cocalzinho de Goias,GO,2023,23
1685232000000,202322,8.0,8,8,8,0.5337272,33.308353,0,1,520551320232219876,2024-06-02,Cocalzinho de Goiás,0,1.0425147,24018,20.3,67.169108,0,0,1,63.6827369,60.2327318,21.1,21.9,1,,,,,5785,2023-05-28,5205513,Cocalzinho de Goias,GO,2023,22
1684627200000,202321,6.0,6,6,6,0.16122653,24.981264,0,1,520551320232119869,2024-05-26,Cocalzinho de Goiás,0,0.6116142,24018,14.0,78.9360135,0,0,1,60.0060449,41.7556427,19.1958332,24.4,4,,,,,5785,2023-05-21,5205513,Cocalzinho de Goias,GO,2023,21
1684022400000,202320,7.0,7,7,7,0.10879852,29.144808,0,1,520551320232019863,2024-05-20,Cocalzinho de Goiás,0,0.5710928,24018,14.8333333333333,78.6741533888889,0,0,1,54.5352862222222,34.0003195555556,20.4537035555556,25.4444444444444,4,,,,,5785,2023-05-14,5205513,Cocalzinho de Goias,GO,2023,20
1683417600000,202319,9.0,9,9,9,0.19505264,37.471897,0,1,520551320231919856,2024-05-13,Cocalzinho de Goiás,0,0.6956431,24018,19.875,69.332691875,0,0,1,61.188341375,52.937484875,21.7083335,23.75,3,,,,,5785,2023-05-07,5205513,Cocalzinho de Goias,GO,2023,19
1682812800000,202318,14.0,14,14,14,0.7359838,58.289616,0,1,520551320231819849,2024-05-06,Cocalzinho de Goiás,0,1.2835181,24018,20.2,72.555739,0,0,1,68.7814148,63.9723086,20.9333336,21.8,4,,,,,5785,2023-04-30,5205513,Cocalzinho de Goias,GO,2023,18
1682208000000,202317,14.0,14,14,14,0.9422016,58.289616,0,1,520551320231719841,2024-04-28,Cocalzinho de Goiás,0,1.9987283,24018,17.5652173913043,88.9228126086957,0,0,1,71.9095056521739,49.9794486086957,21.5923913913043,26.3913043478261,1,,,,,5785,2023-04-23,5205513,Cocalzinho de Goias,GO,2023,17
1681603200000,202316,13.0,13,13,13,0.9889061,54.126072,0,2,520551320231619835,2024-04-22,Cocalzinho de Goiás,0,3.2134774,24018,18.4285714285714,91.6000642857143,1,1,1,75.3259434285714,53.8946497142857,22.0952382857143,27.0,3,,,,,5785,2023-04-16,5205513,Cocalzinho de Goias,GO,2023,16
1680998400000,202315,6.0,6,6,6,0.8442141,24.981264,0,1,520551320231519827,2024-04-14,Cocalzinho de Goiás,0,1.9271687,24018,19.1428571428571,94.0203,1,0,1,77.2057447142857,51.4963784285714,22.4523808571429,27.7142857142857,3,,,,,5785,2023-04-09,5205513,Cocalzinho de Goias,GO,2023,15
1680393600000,202314,2.0,2,2,2,0.31530815,8.327088,0,1,520551320231419821,2024-04-08,Cocalzinho de Goiás,0,0.6707254,24018,18.7142857142857,90.7521171428571,1,0,0,75.2732408571429,51.3468842857143,21.660714,26.5714285714286,0,,,,,5785,2023-04-02,5205513,Cocalzinho de Goias,GO,2023,14
1679788800000,202313,4.0,4,4,4,0.624529,16.654177,0,1,520551320231319814,2024-04-01,Cocalzinho de Goiás,0,1.2508416,24018,20.8571428571429,72.2697849047619,0,0,0,55.8554788095238,44.1183038571429,24.4166664761905,27.3809523809524,0,,,,,5785,2023-03-26,5205513,Cocalzinho de Goias,GO,2023,13
1679184000000,202312,2.0,2,2,2,0.18096077,8.327088,0,1,520551320231219808,2024-03-26,Cocalzinho de Goiás,0,0.4917258,24018,17.5454545454545,91.3497589090909,0,0,0,71.9430174545455,48.5877656363636,21.8560603636364,27.0,1,,,,,5785,2023-03-19,5205513,Cocalzinho de Goias,GO,2023,12
1678579200000,202311,4.0,4,4,4,0.26839384,16.654177,0,1,520551320231119800,2024-03-18,Cocalzinho de Goiás,0,0.68362576,24018,21.3,81.283395,0,0,0,81.277472,81.271548,21.35,21.4,0,,,,,5785,2023-03-12,5205513,Cocalzinho de Goias,GO,2023,11
1677974400000,202310,2.0,2,2,2,0.050450124,8.327088,0,1,520551320231019794,2024-03-12,Cocalzinho de Goiás,0,0.3137203,24018,22.1428571428571,70.8364115714286,0,0,0,68.8942271428571,66.952045,22.3571428571429,22.5714285714286,1,,,,,5785,2023-03-05,5205513,Cocalzinho de Goias,GO,2023,10
1677369600000,202309,7.0,7,7,7,0.6986969,29.144808,0,1,520551320230919786,2024-03-04,Cocalzinho de Goiás,0,1.3350883,24018,22.0,75.1189728333333,0,0,1,72.9228621666667,70.7267544166667,22.3333333333333,22.6666666666667,4,,,,,5785,2023-02-26,5205513,Cocalzinho de Goias,GO,2023,9
1676764800000,202308,9.0,9,9,9,0.8322895,37.471897,0,1,520551320230819780,2024-02-27,Cocalzinho de Goiás,0,1.6477524,24018,18.9473684210526,90.1438903157895,1,0,1,73.7145455789474,51.9968642105263,22.1798247368421,27.6842105263158,1,,,,,5785,2023-02-19,5205513,Cocalzinho de Goias,GO,2023,8
1676160000000,202307,3.0,3,3,3,0.0811014,12.490632,0,1,520551320230719773,2024-02-20,Cocalzinho de Goiás,0,0.416121,24018,24.5714285714286,59.7649554285714,0,0,0,58.9899425714286,58.2149302857143,24.7142857142857,24.8571428571429,1,,,,,5785,2023-02-12,5205513,Cocalzinho de Goias,GO,2023,7
1675555200000,202306,4.0,4,4,4,0.105222285,16.654177,0,1,520551320230619768,2024-02-15,Cocalzinho de Goiás,0,0.48951516,24018,23.0,71.7624368571429,0,0,0,69.3454032857143,66.0995661428571,23.4940477142857,24.2857142857143,2,,,,,5785,2023-02-05,5205513,Cocalzinho de Goias,GO,2023,6
1674950400000,202305,9.0,9,9,9,0.67792207,43.893875,0,1,520551320230519759,2024-02-06,Cocalzinho de Goiás,0,1.2515626,20504,21.7142857142857,73.9629072857143,0,0,1,68.9879072857143,61.1977235714286,22.970238,24.4285714285714,1,,,,,5785,2023-01-29,5205513,Cocalzinho de Goias,GO,2023,5
1674345600000,202304,8.0,8,8,8,0.86539036,39.016777,0,1,520551320230419752,2024-01-30,Cocalzinho de Goiás,0,1.8646139,20504,20.5714285714286,81.7212771428571,0,0,1,81.7212771428571,81.7212771428571,20.5714285714286,20.5714285714286,2,,,,,5785,2023-01-22,5205513,Cocalzinho de Goias,GO,2023,4
1673740800000,202303,10.0,10,10,10,0.99767715,48.770973,0,1,520551320230319747,2024-01-25,Cocalzinho de Goiás,0,7.02842,20504,22.1428571428571,69.4868628571429,0,1,1,69.4868628571429,69.4868628571429,22.1428571428571,22.1428571428571,4,,,,,5785,2023-01-15,5205513,Cocalzinho de Goias,GO,2023,3
1673136000000,202302,2.0,2,2,2,0.921865,9.754194,0,1,520551320230219747,2024-01-25,Cocalzinho de Goiás,0,5.712874,20504,19.0,90.6840257142857,1,0,0,79.6281335714286,62.9142951428571,21.1190474285714,24.2857142857143,1,,,,,5785,2023-01-08,5205513,Cocalzinho de Goias,GO,2023,2
1672531200000,202301,1.0,1,1,1,0.96031237,4.877097,0,1,520551320230119740,2024-01-18,Cocalzinho de Goiás,0,17.116165,20504,19.2857142857143,92.3190262857143,1,0,0,76.6823057142857,56.4081015714286,21.9821425714286,26.0,0,,,,,5785,2023-01-01,5205513,Cocalzinho de Goias,GO,2023,1
1671926400000,202252,0.0,0,0,0,0.0,0.0,0,1,520551320225219733,2024-01-11,Cocalzinho de Goiás,0,0.0,20504,19.0,93.9743466666667,0,0,0,89.5614333333333,70.8377946666667,20.05303,21.6666666666667,0,,,,,5785,2022-12-25,5205513,Cocalzinho de Goias,GO,2022,52
1671321600000,202251,0.0,0,0,0,0.0,0.0,0,1,520551320225119718,2023-12-27,Cocalzinho de Goiás,0,0.0,20504,18.5,93.92977,0,0,0,84.775325,63.8116875,20.677885,24.5,0,,,,,5785,2022-12-18,5205513,Cocalzinho de Goias,GO,2022,51
1670716800000,202250,0.0,0,0,0,0.0,0.0,0,1,520551320225019718,2023-12-27,Cocalzinho de Goiás,0,0.0,20504,19.6666666666667,90.2900316666667,0,0,0,75.5618248333333,57.4447295,22.213889,25.6666666666667,0,,,,,5785,2022-12-11,5205513,Cocalzinho de Goias,GO,2022,50
1670112000000,202249,0.0,0,0,0,0.0,0.0,0,1,520551320224919708,2023-12-17,Cocalzinho de Goiás,0,0.0,20504,19.0,93.1274897142857,0,0,0,78.3807888571429,56.234546,21.8760822857143,26.1428571428571,0,,,,,5785,2022-12-04,5205513,Cocalzinho de Goias,GO,2022,49
1669507200000,202248,1.0,1,1,1,0.72601396,4.877097,0,1,520551320224819684,2023-11-23,Cocalzinho de Goiás,0,2.1648266,20504,18.2857142857143,93.988274,1,0,0,79.0060364285714,56.1041121428571,21.3357145714286,25.5714285714286,1,,,,,5785,2022-11-27,5205513,Cocalzinho de Goias,GO,2022,48
1668902400000,202247,0.0,0,0,0,0.0,0.0,0,1,520551320224719684,2023-11-23,Cocalzinho de Goiás,0,0.0,20504,18.2857142857143,96.5898705714286,0,0,0,81.2759271428571,61.2429421428571,21.1251727142857,25.0,0,,,,,5785,2022-11-20,5205513,Cocalzinho de Goias,GO,2022,47
1668297600000,202246,1.0,1,1,1,0.6634578,4.877097,0,1,520551320224619684,2023-11-23,Cocalzinho de Goiás,0,1.6894078,20504,18.5714285714286,96.5969728571429,1,0,0,81.6690514285714,57.1657104285714,21.5520188571429,26.7142857142857,1,,,,,5785,2022-11-13,5205513,Cocalzinho de Goias,GO,2022,46
1667692800000,202245,0.0,0,0,0,0.0,0.0,0,1,520551320224519684,2023-11-23,Cocalzinho de Goiás,0,0.0,20504,17.5714285714286,92.4072482857143,0,0,0,77.5294514285714,56.1062768571429,21.0367965714286,25.8571428571429,0,,,,,5785,2022-11-06,5205513,Cocalzinho de Goias,GO,2022,45
1667088000000,202244,0.0,0,0,0,0.0,0.0,0,1,520551320224419684,2023-11-23,Cocalzinho de Goiás,0,0.0,20504,17.8571428571429,97.4635071428571,0,0,0,79.355244,57.1676717142857,21.0447995714286,25.4285714285714,0,,,,,5785,2022-10-30,5205513,Cocalzinho de Goias,GO,2022,44
1666483200000,202243,2.0,2,2,2,0.9207706,9.754194,0,1,520551320224319684,2023-11-23,Cocalzinho de Goiás,0,5.641457,20504,18.4285714285714,92.5638954285714,1,0,0,71.6844725714286,52.4301154285714,22.4214288571429,26.7142857142857,2,,,,,5785,2022-10-23,5205513,Cocalzinho de Goias,GO,2022,43
1665878400000,202242,1.0,1,1,1,0.92503905,4.877097,0,1,520551320224219684,2023-11-23,Cocalzinho de Goiás,0,8.895706,20504,19.2857142857143,66.993991,0,0,0,44.4687085714286,27.5304324285714,24.915796,30.5714285714286,1,,,,,5785,2022-10-16,5205513,Cocalzinho de Goias,GO,2022,42
1665273600000,202241,0.0,0,0,0,0.0,0.0,0,1,520551320224119684,2023-11-23,Cocalzinho de Goiás,0,0.0,20504,18.7142857142857,64.3749081428571,0,0,0,46.136526,29.3426358571429,24.6547617142857,30.2857142857143,0,,,,,5785,2022-10-09,5205513,Cocalzinho de Goias,GO,2022,41
1664668800000,202240,0.0,0,0,0,0.0,0.0,0,1,520551320224019684,2023-11-23,Cocalzinho de Goiás,0,0.0,20504,19.8571428571429,81.5691865714286,0,0,0,64.9166772857143,45.6374,22.9918831428571,27.0,0,,,,,5785,2022-10-02,5205513,Cocalzinho de Goias,GO,2022,40
1664064000000,202239,0.0,0,0,0,0.0,0.0,0,1,520551320223919684,2023-11-23,Cocalzinho de Goiás,0,0.0,20504,18.8571428571429,86.7825357142857,0,0,0,64.6520471428571,42.8540258571429,23.5778388571429,28.0,0,,,,,5785,2022-09-25,5205513,Cocalzinho de Goias,GO,2022,39
1663459200000,202238,1.0,1,1,1,0.779731,4.877097,0,1,520551320223819684,2023-11-23,Cocalzinho de Goiás,0,2.78589,20504,19.5714285714286,87.0378442857143,1,0,0,75.3965907142857,57.6158354285714,21.9340491428571,26.0,1,,,,,5785,2022-09-18,5205513,Cocalzinho de Goias,GO,2022,38
1662854400000,202237,1.0,1,1,1,0.75339836,4.877097,0,1,520551320223719684,2023-11-23,Cocalzinho de Goiás,0,2.447889,20504,17.5714285714286,64.9366548571429,0,0,0,43.0064551428571,26.1892998571429,23.4399585714286,29.4285714285714,1,,,,,5785,2022-09-11,5205513,Cocalzinho de Goias,GO,2022,37
1662249600000,202236,0.0,0,0,0,0.0,0.0,0,1,520551320223619684,2023-11-23,Cocalzinho de Goiás,0,0.0,20504,14.4285714285714,67.5492405714286,0,0,0,41.9576865714286,21.892369,22.5362314285714,29.7142857142857,0,,,,,5785,2022-09-04,5205513,Cocalzinho de Goias,GO,2022,36
1661644800000,202235,0.0,0,0,0,0.0,0.0,0,1,520551320223519684,2023-11-23,Cocalzinho de Goiás,0,0.0,20504,13.4285714285714,69.280637,0,0,0,49.9762477142857,33.2029888571429,19.3575757142857,25.0,0,,,,,5785,2022-08-28,5205513,Cocalzinho de Goias,GO,2022,35
1661040000000,202234,1.0,1,1,1,0.37912694,4.877097,0,1,520551320223419684,2023-11-23,Cocalzinho de Goiás,0,0.71467006,20504,13.5714285714286,72.683668,0,0,0,50.569373,33.1938754285714,19.5404452857143,25.1428571428571,1,,,,,5785,2022-08-21,5205513,Cocalzinho de Goias,GO,2022,34
1660435200000,202233,2.0,2,2,2,0.55238867,9.754194,0,1,520551320223319684,2023-11-23,Cocalzinho de Goiás,0,1.1291077,20504,14.8571428571429,73.5639842857143,0,0,0,50.4622805714286,32.8632422857143,20.7673075714286,26.2857142857143,1,,,,,5785,2022-08-14,5205513,Cocalzinho de Goias,GO,2022,33
1659830400000,202232,1.0,1,1,1,0.2250042,4.877097,0,1,520551320223219684,2023-11-23,Cocalzinho de Goiás,0,0.46468917,20504,14.0,74.8994007142857,0,0,0,47.8615458571429,27.7368811428571,21.470238,29.1428571428571,1,,,,,5785,2022-08-07,5205513,Cocalzinho de Goias,GO,2022,32
1659225600000,202231,1.0,1,1,1,0.31740758,4.877097,0,1,520551320223119684,2023-11-23,Cocalzinho de Goiás,0,0.60401374,20504,13.4285714285714,76.0803137142857,0,0,0,52.1349268571429,31.9962834285714,19.8380951428571,26.1428571428571,1,,,,,5785,2022-07-31,5205513,Cocalzinho de Goias,GO,2022,31
1658620800000,202230,4.0,4,4,4,0.8578055,19.508389,0,1,520551320223019684,2023-11-23,Cocalzinho de Goiás,0,2.3831367,20504,12.4285714285714,78.6261435714286,0,0,0,54.0497742857143,30.9571408571429,19.095798,26.1428571428571,4,,,,,5785,2022-07-24,5205513,Cocalzinho de Goias,GO,2022,30
1658016000000,202229,1.0,1,1,1,0.11734014,4.877097,0,1,520551320222919684,2023-11-23,Cocalzinho de Goiás,0,0.3234957,20504,12.5714285714286,80.6108865714286,0,0,0,58.6534278571429,39.1537008571429,18.5440477142857,24.5714285714286,1,,,,,5785,2022-07-17,5205513,Cocalzinho de Goias,GO,2022,29
1657411200000,202228,0.0,0,0,0,0.0,0.0,0,1,520551320222819684,2023-11-23,Cocalzinho de Goiás,0,0.0,20504,11.0,86.75139,0,0,0,62.5207772857143,38.6839828571429,17.5059522857143,24.1428571428571,0,,,,,5785,2022-07-10,5205513,Cocalzinho de Goias,GO,2022,28
1656806400000,202227,4.0,4,4,4,0.14837125,19.508389,0,1,520551320222719684,2023-11-23,Cocalzinho de Goiás,0,0.54351294,20504,12.1428571428571,82.89579,0,0,0,61.0753394285714,39.6007082857143,18.2591992857143,24.7142857142857,3,,,,,5785,2022-07-03,5205513,Cocalzinho de Goias,GO,2022,27
1656201600000,202226,4.0,4,4,4,0.041647628,19.508389,0,1,520551320222619684,2023-11-23,Cocalzinho de Goiás,0,0.391449,20504,11.0,85.1387,0,0,0,58.8449532857143,34.3125784285714,18.4954482857143,25.7142857142857,3,,,,,5785,2022-06-26,5205513,Cocalzinho de Goias,GO,2022,26
1655596800000,202225,8.0,8,8,8,0.078520924,39.016777,0,1,520551320222519684,2023-11-23,Cocalzinho de Goiás,0,0.5500612,20504,13.2857142857143,82.0726174285714,0,0,1,59.0751315714286,38.3953017142857,19.625,25.4285714285714,8,,,,,5785,2022-06-19,5205513,Cocalzinho de Goias,GO,2022,25
1654992000000,202224,9.0,9,9,9,0.02207765,43.893875,0,1,520551320222419684,2023-11-23,Cocalzinho de Goiás,0,0.46283492,20504,15.0,85.588163,0,0,1,62.9264948571429,40.3096182857143,20.4821425714286,26.7142857142857,9,,,,,5785,2022-06-12,5205513,Cocalzinho de Goias,GO,2022,24
1654387200000,202223,13.0,13,13,13,0.026010351,63.402264,0,1,520551320222319684,2023-11-23,Cocalzinho de Goiás,0,0.526414,20504,13.5714285714286,85.4172108571429,0,0,1,66.5823192857143,46.0246508571429,18.5127551428571,24.0,11,,,,,5785,2022-06-05,5205513,Cocalzinho de Goias,GO,2022,23
1653782400000,202222,23.0,23,23,23,0.09171245,112.17323,0,4,520551320222219684,2023-11-23,Cocalzinho de Goiás,0,0.7003644,20504,12.1428571428571,81.9714232857143,0,0,2,56.3103858571429,31.9399344285714,19.6437072857143,27.4285714285714,23,,,,,5785,2022-05-29,5205513,Cocalzinho de Goias,GO,2022,22
1653177600000,202221,19.0,19,19,19,0.0016838781,92.66485,0,4,520551320222119684,2023-11-23,Cocalzinho de Goiás,0,0.45958954,20504,12.5714285714286,87.08086,0,0,2,61.4327034285714,37.2640028571429,19.1617965714286,25.7142857142857,19,,,,,5785,2022-05-22,5205513,Cocalzinho de Goias,GO,2022,21
1652572800000,202220,34.0,34,34,34,0.0407812,165.8213,0,4,520551320222019684,2023-11-23,Cocalzinho de Goiás,0,0.68248767,20504,11.8571428571429,84.4952805714286,0,0,2,62.9035674285714,36.2579531428571,17.3392857142857,23.8571428571429,34,,,,,5785,2022-05-15,5205513,Cocalzinho de Goias,GO,2022,20
1651968000000,202219,45.0,45,45,45,0.1256469,219.46938,0,4,520551320221919684,2023-11-23,Cocalzinho de Goiás,1,0.79649204,20504,16.1428571428571,89.6756457142857,0,0,2,65.2229281428571,43.6238678571429,21.5833334285714,26.7142857142857,42,,,,,5785,2022-05-08,5205513,Cocalzinho de Goias,GO,2022,19
1651363200000,202218,41.0,41,41,41,0.09007165,199.96098,0,4,520551320221819684,2023-11-23,Cocalzinho de Goiás,0,0.7594742,20504,17.1428571428571,88.1557562857143,0,0,2,67.6145771428571,49.3507055714286,22.2571428571429,27.0,42,,,,,5785,2022-05-01,5205513,Cocalzinho de Goias,GO,2022,18
1650758400000,202217,74.0,74,74,74,0.9947839,360.90518,0,4,520551320221719684,2023-11-23,Cocalzinho de Goiás,0,1.6033813,20504,17.2857142857143,86.0567122857143,0,1,2,66.4426838571429,42.8870952857143,22.236472,27.4285714285714,69,,,,,5785,2022-04-24,5205513,Cocalzinho de Goias,GO,2022,17
1650153600000,202216,48.0,48,48,48,0.9086755,234.10066,0,4,520551320221619684,2023-11-23,Cocalzinho de Goiás,0,1.3378919,20504,16.1428571428571,89.7645371428571,0,0,2,64.1034552857143,40.3803115714286,22.3747414285714,28.1428571428571,45,,,,,5785,2022-04-17,5205513,Cocalzinho de Goias,GO,2022,16
1649548800000,202215,53.0,53,53,53,0.9977867,258.48615,0,4,520551320221519684,2023-11-23,Cocalzinho de Goiás,0,1.9084449,20504,19.4285714285714,93.2098842857143,1,1,2,74.8484662857143,50.8316565714286,23.1062924285714,28.4285714285714,53,,,,,5785,2022-04-10,5205513,Cocalzinho de Goias,GO,2022,15
1648944000000,202214,33.0,33,33,33,0.9113426,160.9442,0,4,520551320221419684,2023-11-23,Cocalzinho de Goiás,0,1.4343716,20504,17.2857142857143,87.3265614285714,0,0,2,63.44131,44.125536,23.2321428571429,28.4285714285714,32,,,,,5785,2022-04-03,5205513,Cocalzinho de Goias,GO,2022,14
1648339200000,202213,24.0,24,24,24,0.8349775,117.05033,0,4,520551320221319684,2023-11-23,Cocalzinho de Goiás,1,1.3499091,20504,18.4285714285714,84.3402228571429,0,0,2,59.8388778571429,36.4468214285714,24.3579401428571,30.0,23,,,,,5785,2022-03-27,5205513,Cocalzinho de Goias,GO,2022,13
1647734400000,202212,26.0,26,26,26,0.9757684,126.80453,0,4,520551320221219684,2023-11-23,Cocalzinho de Goiás,0,1.8858017,20504,18.0,90.6027648571429,0,1,2,66.8086637142857,43.0196412857143,23.4200681428571,28.8571428571429,26,,,,,5785,2022-03-20,5205513,Cocalzinho de Goias,GO,2022,12
1647129600000,202211,19.0,19,19,19,0.7345057,92.66485,0,1,520551320221119684,2023-11-23,Cocalzinho de Goiás,0,1.2357898,20504,19.7142857142857,96.6082785714286,1,0,2,79.7926615714286,57.9405338571429,22.5005102857143,26.7142857142857,19,,,,,5785,2022-03-13,5205513,Cocalzinho de Goias,GO,2022,11
1646524800000,202210,7.0,7,7,7,0.011914926,34.13968,0,1,520551320221019684,2023-11-23,Cocalzinho de Goiás,0,0.39143756,20504,18.7142857142857,88.2747214285714,1,0,1,68.221165,45.3070775714286,23.2678571428571,28.2857142857143,7,,,,,5785,2022-03-06,5205513,Cocalzinho de Goias,GO,2022,10
1645920000000,202209,15.0,15,15,15,0.44113526,73.156456,0,4,520551320220919684,2023-11-23,Cocalzinho de Goiás,0,0.94871294,20504,17.8571428571429,91.4735677142857,0,0,2,72.9869754285714,47.0274331428571,22.3637684285714,28.0,15,,,,,5785,2022-02-27,5205513,Cocalzinho de Goias,GO,2022,9
1645315200000,202208,24.0,24,24,24,0.9851344,117.05033,0,4,520551320220819684,2023-11-23,Cocalzinho de Goiás,1,2.1103413,20504,18.8571428571429,95.6832957142857,1,1,2,77.1322252857143,54.3417425714286,22.6666665714286,27.2857142857143,20,,,,,5785,2022-02-20,5205513,Cocalzinho de Goias,GO,2022,8
1644710400000,202207,15.0,15,15,15,0.9371568,73.156456,0,2,520551320220719684,2023-11-23,Cocalzinho de Goiás,0,1.9050558,20504,19.0,98.3242914285714,1,0,2,85.8533042857143,64.1374115714286,21.3015871428571,25.2857142857143,14,,,,,5785,2022-02-13,5205513,Cocalzinho de Goias,GO,2022,7
1644105600000,202206,12.0,12,12,12,0.92008567,58.525166,0,2,520551320220619684,2023-11-23,Cocalzinho de Goiás,0,1.9364625,20504,19.5714285714286,94.1018757142857,1,0,1,81.1187141428571,61.4136694285714,21.8537782857143,25.1428571428571,12,,,,,5785,2022-02-06,5205513,Cocalzinho de Goias,GO,2022,6
1643500800000,202205,5.0,5,5,5,0.5342048,24.385487,0,1,520551320220519684,2023-11-23,Cocalzinho de Goiás,0,1.0541039,20504,19.2857142857143,94.0717157142857,1,0,1,76.8378707142857,55.116085,22.8452382857143,27.4285714285714,4,,,,,5785,2022-01-30,5205513,Cocalzinho de Goias,GO,2022,5
1642896000000,202204,8.0,8,8,8,0.9151434,39.016777,0,1,520551320220419684,2023-11-23,Cocalzinho de Goiás,0,2.2443411,20504,19.2857142857143,88.4009338571429,1,0,1,68.8524324285714,42.3662232857143,23.329365,27.7142857142857,7,,,,,5785,2022-01-23,5205513,Cocalzinho de Goias,GO,2022,4
1642291200000,202203,4.0,4,4,4,0.73016673,19.508389,0,1,520551320220319684,2023-11-23,Cocalzinho de Goiás,0,1.5762635,20504,19.0,84.439927,0,0,0,60.8991127142857,38.1223407142857,24.0661762857143,28.8571428571429,4,,,,,5785,2022-01-16,5205513,Cocalzinho de Goias,GO,2022,3
1641686400000,202202,3.0,3,3,3,0.85254323,14.631291,0,1,520551320220219684,2023-11-23,Cocalzinho de Goiás,0,2.6548846,20504,18.2857142857143,95.7747814285714,1,0,0,81.8159628571428,62.0994928571429,21.529762,25.4285714285714,3,,,,,5785,2022-01-09,5205513,Cocalzinho de Goias,GO,2022,2
1641081600000,202201,4.0,4,4,4,0.99244237,19.508389,0,1,520551320220119684,2023-11-23,Cocalzinho de Goiás,0,18.12716,20504,19.4285714285714,97.4365414285714,1,0,0,84.7637071428571,65.0754605714286,21.9415975714286,25.7142857142857,3,,,,,5785,2022-01-02,5205513,Cocalzinho de Goias,GO,2022,1
1640476800000,202152,0.0,0,0,0,0.0,0.0,0,1,520551320215219684,2023-11-23,Cocalzinho de Goiás,0,0.0,20504,19.2857142857143,96.5631842857143,0,0,0,83.1031221428571,64.7107498571429,21.7639754285714,24.8571428571429,0,,,,,5785,2021-12-26,5205513,Cocalzinho de Goias,GO,2021,52
1639872000000,202151,0.0,0,0,0,0.0,0.0,0,1,520551320215119684,2023-11-23,Cocalzinho de Goiás,0,0.0,20504,19.2857142857143,99.1455371428571,0,0,0,83.8618135714286,60.7938734285714,22.1863351428571,26.2857142857143,0,,,,,5785,2021-12-19,5205513,Cocalzinho de Goias,GO,2021,51
1639267200000,202150,0.0,0,0,0,0.0,0.0,0,1,520551320215019684,2023-11-23,Cocalzinho de Goiás,0,0.0,20504,19.5714285714286,98.2847528571429,0,0,0,83.3876711428571,61.1714955714286,22.3749294285714,26.7142857142857,0,,,,,5785,2021-12-12,5205513,Cocalzinho de Goias,GO,2021,50
1638662400000,202149,0.0,0,0,0,0.0,0.0,0,1,520551320214919684,2023-11-23,Cocalzinho de Goiás,0,0.0,20504,19.2857142857143,96.5631842857143,0,0,0,80.2377128571429,55.6742594285714,22.5274328571429,27.2857142857143,0,,,,,5785,2021-12-05,5205513,Cocalzinho de Goias,GO,2021,49
1638057600000,202148,1.0,1,1,1,0.63908696,4.877097,0,1,520551320214819684,2023-11-23,Cocalzinho de Goiás,0,1.5481893,20504,19.4285714285714,96.6515714285714,1,0,0,81.5217685714286,56.1278164285714,22.835686,27.1428571428571,0,,,,,5785,2021-11-28,5205513,Cocalzinho de Goias,GO,2021,48
1637452800000,202147,2.0,2,2,2,0.85978055,9.754194,0,1,520551320214719684,2023-11-23,Cocalzinho de Goiás,0,3.378052,20504,19.1428571428571,95.8185,1,0,0,71.9879885714286,45.4034822857143,23.8032182857143,29.1428571428571,2,,,,,5785,2021-11-21,5205513,Cocalzinho de Goias,GO,2021,47
1636848000000,202146,0.0,0,0,0,0.0,0.0,0,1,520551320214619684,2023-11-23,Cocalzinho de Goiás,0,0.0,20504,18.8571428571429,99.1392157142857,0,0,0,86.6335664285714,67.6370247142857,21.0626762857143,24.5714285714286,0,,,,,5785,2021-11-14,5205513,Cocalzinho de Goias,GO,2021,46
1636243200000,202145,0.0,0,0,0,0.0,0.0,0,1,520551320214519684,2023-11-23,Cocalzinho de Goiás,0,0.0,20504,19.7142857142857,96.5695057142857,0,0,0,83.8560065714286,63.9031078571429,21.916996,25.7142857142857,0,,,,,5785,2021-11-07,5205513,Cocalzinho de Goias,GO,2021,45
1635638400000,202144,2.0,2,2,2,0.921898,9.754194,0,1,520551320214419684,2023-11-23,Cocalzinho de Goiás,0,5.715059,20504,19.1428571428571,94.9049228571429,1,0,0,79.0485935714286,57.034604,22.2845851428571,26.5714285714286,2,,,,,5785,2021-10-31,5205513,Cocalzinho de Goias,GO,2021,44
1635033600000,202143,0.0,0,0,0,0.0,0.0,0,1,520551320214319684,2023-11-23,Cocalzinho de Goiás,0,0.0,20504,19.7142857142857,87.2303314285714,0,0,0,65.7627388571429,42.7663114285714,24.1959345714286,29.7142857142857,0,,,,,5785,2021-10-24,5205513,Cocalzinho de Goias,GO,2021,43
1634428800000,202142,0.0,0,0,0,0.0,0.0,0,1,520551320214219684,2023-11-23,Cocalzinho de Goiás,0,0.0,20504,19.1428571428571,92.4420505714286,0,0,0,72.9548801428571,49.7485974285714,23.406469,28.4285714285714,0,,,,,5785,2021-10-17,5205513,Cocalzinho de Goias,GO,2021,42
1633824000000,202141,1.0,1,1,1,0.9632679,4.877097,0,1,520551320214119684,2023-11-23,Cocalzinho de Goiás,0,18.521612,20504,19.5714285714286,93.2596742857143,1,0,0,73.6615957142857,49.1899128571429,23.391634,28.8571428571429,1,,,,,5785,2021-10-10,5205513,Cocalzinho de Goias,GO,2021,41
1633219200000,202140,0.0,0,0,0,0.0,0.0,0,1,520551320214019684,2023-11-23,Cocalzinho de Goiás,0,0.0,20504,20.0,76.1088971428571,0,0,0,50.1387944285714,26.7316421428571,26.4464288571429,33.0,0,,,,,5785,2021-10-03,5205513,Cocalzinho de Goias,GO,2021,40
1632614400000,202139,0.0,0,0,0,0.0,0.0,0,1,520551320213919684,2023-11-23,Cocalzinho de Goiás,0,0.0,20504,19.1428571428571,78.4010768571429,0,0,0,55.5234057142857,34.1598694285714,24.5157865714286,30.2857142857143,0,,,,,5785,2021-09-26,5205513,Cocalzinho de Goias,GO,2021,39
1632009600000,202138,0.0,0,0,0,0.0,0.0,0,1,520551320213819684,2023-11-23,Cocalzinho de Goiás,0,0.0,20504,18.1428571428571,66.7016934285714,0,0,0,42.6825678571429,24.1409134285714,25.714286,33.0,0,,,,,5785,2021-09-19,5205513,Cocalzinho de Goias,GO,2021,38
1631404800000,202137,0.0,0,0,0,0.0,0.0,0,1,520551320213719684,2023-11-23,Cocalzinho de Goiás,0,0.0,20504,16.1428571428571,59.2610882857143,0,0,0,34.514394,17.1883684285714,24.92029,32.1428571428571,0,,,,,5785,2021-09-12,5205513,Cocalzinho de Goias,GO,2021,37
1630800000000,202136,0.0,0,0,0,0.0,0.0,0,1,520551320213619684,2023-11-23,Cocalzinho de Goiás,0,0.0,20504,16.5714285714286,64.8095248571429,0,0,0,37.2584027142857,17.8000632857143,25.5155277142857,33.4285714285714,0,,,,,5785,2021-09-05,5205513,Cocalzinho de Goias,GO,2021,36
1630195200000,202135,0.0,0,0,0,0.0,0.0,0,1,520551320213519684,2023-11-23,Cocalzinho de Goiás,0,0.0,20504,15.7142857142857,73.0531564285714,0,0,0,49.6873562857143,28.6732232857143,22.1380345714286,28.7142857142857,0,,,,,5785,2021-08-29,5205513,Cocalzinho de Goias,GO,2021,35
1629590400000,202134,0.0,0,0,0,0.0,0.0,0,1,520551320213419684,2023-11-23,Cocalzinho de Goiás,0,0.0,20504,14.2857142857143,71.4570802857143,0,0,0,44.6969774285714,24.613081,22.5527948571429,30.0,0,,,,,5785,2021-08-22,5205513,Cocalzinho de Goias,GO,2021,34
1628985600000,202133,2.0,2,2,2,0.96417683,9.754194,0,1,520551320213319684,2023-11-23,Cocalzinho de Goiás,0,11.697929,20504,12.7142857142857,74.385162,0,0,0,46.1761064285714,26.1762268571429,20.7950314285714,27.8571428571429,1,,,,,5785,2021-08-15,5205513,Cocalzinho de Goias,GO,2021,33
1628380800000,202132,0.0,0,0,0,0.0,0.0,0,1,520551320213219684,2023-11-23,Cocalzinho de Goiás,0,0.0,20504,12.1428571428571,79.8900945714286,0,0,0,50.8448611428571,27.7660268571429,20.2732914285714,27.5714285714286,0,,,,,5785,2021-08-08,5205513,Cocalzinho de Goias,GO,2021,32
1627776000000,202131,0.0,0,0,0,0.0,0.0,0,1,520551320213119684,2023-11-23,Cocalzinho de Goiás,0,0.0,20504,13.5714285714286,76.406646,0,0,0,55.1886467142857,36.0426724285714,19.2289665714286,24.7142857142857,0,,,,,5785,2021-08-01,5205513,Cocalzinho de Goias,GO,2021,31
1627171200000,202130,0.0,0,0,0,0.0,0.0,0,1,520551320213019684,2023-11-23,Cocalzinho de Goiás,0,0.0,20504,10.5714285714286,75.366805,0,0,0,49.8458544285714,31.1257135714286,18.7826088571429,26.7142857142857,0,,,,,5785,2021-07-25,5205513,Cocalzinho de Goias,GO,2021,30
1626566400000,202129,1.0,1,1,1,0.5191627,4.877097,0,1,520551320212919684,2023-11-23,Cocalzinho de Goiás,0,1.0573715,20504,12.7142857142857,74.9124467142857,0,0,0,51.354167,31.2764212857143,19.6708077142857,26.2857142857143,0,,,,,5785,2021-07-18,5205513,Cocalzinho de Goias,GO,2021,29
1625961600000,202128,2.0,2,2,2,0.8946526,9.754194,0,1,520551320212819684,2023-11-23,Cocalzinho de Goiás,0,4.3648424,20504,10.1428571428571,84.1847835714286,0,0,0,56.1268215714286,31.4361722857143,18.5222565714286,26.1428571428571,1,,,,,5785,2021-07-11,5205513,Cocalzinho de Goias,GO,2021,28
1625356800000,202127,1.0,1,1,1,0.68434817,4.877097,0,1,520551320212719684,2023-11-23,Cocalzinho de Goiás,0,1.8274934,20504,9.28571428571429,84.98449,0,0,0,55.942113,29.4734464285714,17.5155282857143,25.2857142857143,0,,,,,5785,2021-07-04,5205513,Cocalzinho de Goias,GO,2021,27
1624752000000,202126,0.0,0,0,0,0.0,0.0,0,1,520551320212619684,2023-11-23,Cocalzinho de Goiás,0,0.0,20504,10.8571428571429,83.5715771428571,0,0,0,59.7952774285714,37.5027352857143,17.5344437142857,24.1428571428571,0,,,,,5785,2021-06-27,5205513,Cocalzinho de Goias,GO,2021,26
1624147200000,202125,0.0,0,0,0,0.0,0.0,0,1,520551320212519684,2023-11-23,Cocalzinho de Goiás,0,0.0,20504,13.0,87.7259265714286,0,0,0,60.1422724285714,32.6517378571429,19.931112,26.8571428571429,0,,,,,5785,2021-06-20,5205513,Cocalzinho de Goias,GO,2021,25
1623542400000,202124,2.0,2,2,2,0.58596957,9.754194,0,1,520551320212419684,2023-11-23,Cocalzinho de Goiás,0,1.2256564,20504,14.2857142857143,86.6938714285714,0,0,0,64.0337278571428,43.005393,19.9184782857143,25.2857142857143,0,,,,,5785,2021-06-13,5205513,Cocalzinho de Goias,GO,2021,24
1622937600000,202123,0.0,0,0,0,0.0,0.0,0,1,520551320212319684,2023-11-23,Cocalzinho de Goiás,0,0.0,20504,15.0,88.7808271428571,0,0,0,67.8732564285714,45.2684524285714,20.0833335714286,25.8571428571429,0,,,,,5785,2021-06-06,5205513,Cocalzinho de Goias,GO,2021,23
1622332800000,202122,2.0,2,2,2,0.7948894,9.754194,0,1,520551320212219684,2023-11-23,Cocalzinho de Goiás,0,2.3980012,20504,14.0,87.9087857142857,0,0,0,63.6846164285714,37.631327,20.5736282857143,27.2857142857143,0,,,,,5785,2021-05-30,5205513,Cocalzinho de Goias,GO,2021,22
1621728000000,202121,3.0,3,3,3,0.98681736,14.631291,0,1,520551320212119684,2023-11-23,Cocalzinho de Goiás,0,18.02801,20504,16.7142857142857,92.2280257142857,0,0,0,67.7113187142857,42.8719665714286,22.375,28.4285714285714,2,,,,,5785,2021-05-23,5205513,Cocalzinho de Goias,GO,2021,21
1621123200000,202120,0.0,0,0,0,0.0,0.0,0,1,520551320212019684,2023-11-23,Cocalzinho de Goiás,0,0.0,20504,13.0,91.2107414285714,0,0,0,62.314748,35.1850972857143,20.4761905714286,27.1428571428571,0,,,,,5785,2021-05-16,5205513,Cocalzinho de Goias,GO,2021,20
1620518400000,202119,0.0,0,0,0,0.0,0.0,0,1,520551320211919684,2023-11-23,Cocalzinho de Goiás,0,0.0,20504,14.1428571428571,88.6733928571429,0,0,0,64.3450831428571,41.1646547142857,20.125,25.7142857142857,0,,,,,5785,2021-05-09,5205513,Cocalzinho de Goias,GO,2021,19
1619913600000,202118,0.0,0,0,0,0.0,0.0,0,1,520551320211819684,2023-11-23,Cocalzinho de Goiás,0,0.0,20504,14.5714285714286,88.9441585714286,0,0,0,67.5060581428571,42.5059274285714,20.4880954285714,26.1428571428571,0,,,,,5785,2021-05-02,5205513,Cocalzinho de Goias,GO,2021,18
1619308800000,202117,0.0,0,0,0,0.0,0.0,0,1,520551320211719684,2023-11-23,Cocalzinho de Goiás,0,0.0,20504,17.5714285714286,95.7048842857143,0,0,0,77.3551394285714,54.2797311428571,21.5520185714286,25.8571428571429,0,,,,,5785,2021-04-25,5205513,Cocalzinho de Goias,GO,2021,17
1618704000000,202116,1.0,1,1,1,0.4951765,4.877097,0,1,520551320211619684,2023-11-23,Cocalzinho de Goiás,0,0.98620766,20504,15.2857142857143,93.89014,0,0,0,73.4630407142857,50.37927,19.9399095714286,25.1428571428571,0,,,,,5785,2021-04-18,5205513,Cocalzinho de Goias,GO,2021,16
1618099200000,202115,0.0,0,0,0,0.0,0.0,0,1,520551320211519684,2023-11-23,Cocalzinho de Goiás,0,0.0,20504,16.2857142857143,89.7070257142857,0,0,0,67.434619,43.7768872857143,21.7261905714286,27.2857142857143,0,,,,,5785,2021-04-11,5205513,Cocalzinho de Goias,GO,2021,15
1617494400000,202114,2.0,2,2,2,0.6525153,9.754194,0,1,520551320211419684,2023-11-23,Cocalzinho de Goiás,0,1.4623464,20504,18.2857142857143,94.8571971428571,1,0,0,79.5558544285714,59.3112671428571,21.1607142857143,25.2857142857143,1,,,,,5785,2021-04-04,5205513,Cocalzinho de Goias,GO,2021,14
1616889600000,202113,0.0,0,0,0,0.0,0.0,0,1,520551320211319684,2023-11-23,Cocalzinho de Goiás,0,0.0,20504,17.7142857142857,89.8154948571429,0,0,0,64.6507262857143,40.2301368571429,23.504348,29.4285714285714,0,,,,,5785,2021-03-28,5205513,Cocalzinho de Goias,GO,2021,13
1616284800000,202112,3.0,3,3,3,0.8665744,14.631291,0,1,520551320211219684,2023-11-23,Cocalzinho de Goiás,0,2.8587158,20504,16.4285714285714,88.9287742857143,0,0,0,63.8930594285714,38.4806095714286,22.3869045714286,28.1428571428571,1,,,,,5785,2021-03-21,5205513,Cocalzinho de Goias,GO,2021,12
1615680000000,202111,0.0,0,0,0,0.0,0.0,0,1,520551320211119684,2023-11-23,Cocalzinho de Goiás,0,0.0,20504,19.2857142857143,96.54408,0,0,0,81.2212574285714,61.589928,21.7251725714286,25.2857142857143,0,,,,,5785,2021-03-14,5205513,Cocalzinho de Goias,GO,2021,11
1615075200000,202110,1.0,1,1,1,0.5609603,4.877097,0,1,520551320211019684,2023-11-23,Cocalzinho de Goiás,0,1.1989985,20504,19.4285714285714,94.0377471428571,1,0,0,80.3793621428571,57.9639117142857,21.9704968571429,26.4285714285714,1,,,,,5785,2021-03-07,5205513,Cocalzinho de Goias,GO,2021,10
1614470400000,202109,2.0,2,2,2,0.81664705,9.754194,0,1,520551320210919684,2023-11-23,Cocalzinho de Goiás,0,2.6544135,20504,18.2857142857143,93.20218,1,0,0,76.8389297142857,60.481756,21.7889851428571,25.4285714285714,0,,,,,5785,2021-02-28,5205513,Cocalzinho de Goias,GO,2021,9
1613865600000,202108,0.0,0,0,0,0.0,0.0,0,1,520551320210819684,2023-11-23,Cocalzinho de Goiás,0,0.0,20504,19.0,95.7024,0,0,0,85.4754722857143,68.6904364285714,21.0818558571429,24.8571428571429,0,,,,,5785,2021-02-21,5205513,Cocalzinho de Goias,GO,2021,8
1613260800000,202107,1.0,1,1,1,0.6613615,4.877097,0,1,520551320210719684,2023-11-23,Cocalzinho de Goiás,0,1.6764767,20504,19.8571428571429,97.43029,1,0,0,87.0259122857143,67.941441,21.5729814285714,25.7142857142857,0,,,,,5785,2021-02-14,5205513,Cocalzinho de Goias,GO,2021,7
1612656000000,202106,1.0,1,1,1,0.593234,4.877097,0,1,520551320210619684,2023-11-23,Cocalzinho de Goiás,0,1.3274451,20504,18.8571428571429,95.7417291428571,1,0,0,84.8033824285714,67.4999421428571,21.139234,25.1428571428571,0,,,,,5785,2021-02-07,5205513,Cocalzinho de Goias,GO,2021,6
1612051200000,202105,0.0,0,0,0,0.0,0.0,0,1,520551320210519684,2023-11-23,Cocalzinho de Goiás,0,0.0,20504,19.7142857142857,90.0852285714286,0,0,0,74.4659757142857,54.7082732857143,23.2533314285714,27.5714285714286,0,,,,,5785,2021-01-31,5205513,Cocalzinho de Goias,GO,2021,5
1611446400000,202104,1.0,1,1,1,0.5223627,4.877097,0,1,520551320210419684,2023-11-23,Cocalzinho de Goiás,0,1.0673769,20504,18.2857142857143,84.5731074285714,0,0,0,63.7151582857143,43.7780817142857,23.1924601428571,28.1428571428571,1,,,,,5785,2021-01-24,5205513,Cocalzinho de Goias,GO,2021,4
1610841600000,202103,1.0,1,1,1,0.6176925,4.877097,0,1,520551320210319684,2023-11-23,Cocalzinho de Goiás,1,1.4387676,20504,17.8571428571429,91.6025291428571,0,0,0,65.5975597142857,43.1606454285714,23.3387445714286,28.1428571428571,0,,,,,5785,2021-01-17,5205513,Cocalzinho de Goias,GO,2021,3
1610236800000,202102,1.0,1,1,1,0.8119555,4.877097,0,1,520551320210219684,2023-11-23,Cocalzinho de Goiás,0,3.327484,20504,19.5714285714286,96.5695057142857,1,0,0,81.7848205714286,60.8395625714286,22.154729,26.5714285714286,1,,,,,5785,2021-01-10,5205513,Cocalzinho de Goias,GO,2021,2
1609632000000,202101,1.0,1,1,1,0.92503905,4.877097,0,1,520551320210119684,2023-11-23,Cocalzinho de Goiás,0,8.895706,20504,19.1428571428571,91.5289014285714,1,0,0,73.1375412857143,47.3362918571429,23.405538,28.7142857142857,1,,,,,5785,2021-01-03,5205513,Cocalzinho de Goias,GO,2021,1
1609027200000,202053,0.0,0,0,0,0.0,0.0,0,1,520551320205319589,2023-08-20,Cocalzinho de Goiás,0,0.0,20504,19.0,88.269605,0,0,0,70.346973,43.828385,22.625,29.0,0,,,,,5785,2020-12-27,5205513,Cocalzinho de Goias,GO,2020,53
1608422400000,202052,0.0,0,0,0,0.0,0.0,0,1,520551320205219589,2023-08-20,Cocalzinho de Goiás,0,0.0,20504,19.08,89.18544416,0,0,0,,,,,0,,,,,5785,2020-12-20,5205513,Cocalzinho de Goias,GO,2020,52
1607817600000,202051,0.0,0,0,0,0.0,0.0,0,1,520551320205119589,2023-08-20,Cocalzinho de Goiás,0,0.0,20504,19.16,90.10128332,0,0,0,,,,,0,,,,,5785,2020-12-13,5205513,Cocalzinho de Goias,GO,2020,51
1607212800000,202050,1.0,1,1,1,0.8145292,4.877097,0,1,520551320205019589,2023-08-20,Cocalzinho de Goiás,0,3.3788157,20504,19.24,91.01712248,1,0,0,,,,,1,,,,,5785,2020-12-06,5205513,Cocalzinho de Goias,GO,2020,50
1606608000000,202049,1.0,1,1,1,0.9632679,4.877097,0,1,520551320204919589,2023-08-20,Cocalzinho de Goiás,0,18.521618,20504,19.32,91.93296164,1,0,0,,,,,0,,,,,5785,2020-11-29,5205513,Cocalzinho de Goias,GO,2020,49
1606003200000,202048,0.0,0,0,0,0.0,0.0,0,1,520551320204819589,2023-08-20,Cocalzinho de Goiás,0,0.0,20504,19.4,92.8488008,0,0,0,76.536782,55.6382074,22.6426876,26.8,0,,,,,5785,2020-11-22,5205513,Cocalzinho de Goias,GO,2020,48
1605398400000,202047,0.0,0,0,0,0.0,0.0,0,1,520551320204719589,2023-08-20,Cocalzinho de Goiás,0,0.0,20504,19.7142857142857,94.98075,0,0,0,78.051455,56.0577165714286,23.4233951428571,28.1428571428571,0,,,,,5785,2020-11-15,5205513,Cocalzinho de Goias,GO,2020,47
1604793600000,202046,0.0,0,0,0,0.0,0.0,0,1,520551320204619589,2023-08-20,Cocalzinho de Goiás,0,0.0,20504,20.1666666666667,90.4472266666667,0,0,0,74.2262956666667,48.799564,23.8993466666667,29.1666666666667,0,,,,,5785,2020-11-08,5205513,Cocalzinho de Goias,GO,2020,46
1604188800000,202045,0.0,0,0,0,0.0,0.0,0,1,520551320204519589,2023-08-20,Cocalzinho de Goiás,0,0.0,20504,19.2857142857143,94.8811542857143,0,0,0,76.4401137142857,49.5668171428571,23.0226568571429,28.4285714285714,0,,,,,5785,2020-11-01,5205513,Cocalzinho de Goias,GO,2020,45
1603584000000,202044,0.0,0,0,0,0.0,0.0,0,1,520551320204419589,2023-08-20,Cocalzinho de Goiás,0,0.0,20504,20.5714285714286,93.2780757142857,0,0,0,78.1103414285714,56.511382,23.3482968571429,27.5714285714286,0,,,,,5785,2020-10-25,5205513,Cocalzinho de Goias,GO,2020,44
1602979200000,202043,0.0,0,0,0,0.0,0.0,0,1,520551320204319589,2023-08-20,Cocalzinho de Goiás,0,0.0,20504,19.8571428571429,94.16264,0,0,0,80.1241831428571,61.2628961428571,22.5866742857143,26.5714285714286,0,,,,,5785,2020-10-18,5205513,Cocalzinho de Goias,GO,2020,43
1602374400000,202042,0.0,0,0,0,0.0,0.0,0,1,520551320204219589,2023-08-20,Cocalzinho de Goiás,0,0.0,20504,20.0,86.1631828571429,0,0,0,64.3453175714286,39.6213817142857,24.7814791428571,30.7142857142857,0,,,,,5785,2020-10-11,5205513,Cocalzinho de Goias,GO,2020,42
1601769600000,202041,0.0,0,0,0,0.0,0.0,0,1,520551320204119589,2023-08-20,Cocalzinho de Goiás,0,0.0,20504,20.1428571428571,62.5708698571429,0,0,0,36.8508507142857,17.996575,28.0147517142857,35.7142857142857,0,,,,,5785,2020-10-04,5205513,Cocalzinho de Goias,GO,2020,41
1601164800000,202040,0.0,0,0,0,0.0,0.0,0,1,520551320204019589,2023-08-20,Cocalzinho de Goiás,0,0.0,20504,17.2857142857143,65.7091887142857,0,0,0,39.3952008571429,19.7423272857143,25.8045065714286,33.7142857142857,0,,,,,5785,2020-09-27,5205513,Cocalzinho de Goias,GO,2020,40
1600560000000,202039,0.0,0,0,0,0.0,0.0,0,1,520551320203919589,2023-08-20,Cocalzinho de Goiás,0,0.0,20504,18.1428571428571,85.2838851428571,0,0,0,60.7414517142857,36.3818038571429,23.8338508571429,30.0,0,,,,,5785,2020-09-20,5205513,Cocalzinho de Goias,GO,2020,39
1599955200000,202038,1.0,1,1,1,0.6884379,4.877097,0,1,520551320203819589,2023-08-20,Cocalzinho de Goiás,0,1.8566599,20504,17.5714285714286,62.0121022857143,0,0,0,39.6025677142857,22.710204,24.7060042857143,31.1428571428571,1,,,,,5785,2020-09-13,5205513,Cocalzinho de Goias,GO,2020,38
1599350400000,202037,1.0,1,1,1,0.7194162,4.877097,0,1,520551320203719589,2023-08-20,Cocalzinho de Goiás,0,2.1048136,20504,14.5714285714286,72.0561828571429,0,0,0,42.6524082857143,21.5614704285714,23.5127751428571,31.2857142857143,0,,,,,5785,2020-09-06,5205513,Cocalzinho de Goias,GO,2020,37
1598745600000,202036,0.0,0,0,0,0.0,0.0,0,1,520551320203619589,2023-08-20,Cocalzinho de Goiás,0,0.0,20504,14.7142857142857,71.5903858571429,0,0,0,45.7134751428571,25.652764,22.6461977142857,29.8571428571429,0,,,,,5785,2020-08-30,5205513,Cocalzinho de Goias,GO,2020,36
1598140800000,202035,1.0,1,1,1,0.40859583,4.877097,0,1,520551320203519589,2023-08-20,Cocalzinho de Goiás,0,0.7744412,20504,13.4285714285714,77.2957211428571,0,0,0,51.4758597142857,26.6237167142857,21.028468,28.8571428571429,0,,,,,5785,2020-08-23,5205513,Cocalzinho de Goias,GO,2020,35
1597536000000,202034,0.0,0,0,0,0.0,0.0,0,1,520551320203419589,2023-08-20,Cocalzinho de Goiás,0,0.0,20504,16.1428571428571,81.0905214285714,0,0,0,53.2130517142857,31.3650547142857,23.8683888571429,30.7142857142857,0,,,,,5785,2020-08-16,5205513,Cocalzinho de Goias,GO,2020,34
1596931200000,202033,0.0,0,0,0,0.0,0.0,0,1,520551320203319589,2023-08-20,Cocalzinho de Goiás,0,0.0,20504,14.0,80.6486957142857,0,0,0,53.8767831428571,30.1924594285714,21.3943391428571,28.4285714285714,0,,,,,5785,2020-08-09,5205513,Cocalzinho de Goias,GO,2020,33
1596326400000,202032,5.0,5,5,5,0.5369308,24.385487,0,1,520551320203219589,2023-08-20,Cocalzinho de Goiás,0,1.0586106,20504,13.2857142857143,77.6079342857143,0,0,1,57.4005497142857,37.3312118571429,18.6803834285714,24.4285714285714,3,,,,,5785,2020-08-02,5205513,Cocalzinho de Goias,GO,2020,32
1595721600000,202031,0.0,0,0,0,0.0,0.0,0,1,520551320203119589,2023-08-20,Cocalzinho de Goiás,0,0.0,20504,13.5714285714286,85.3140458571429,0,0,0,57.982508,32.3109621428571,20.4030982857143,27.0,0,,,,,5785,2020-07-26,5205513,Cocalzinho de Goias,GO,2020,31
1595116800000,202030,6.0,6,6,6,0.15216757,29.262583,0,1,520551320203019589,2023-08-20,Cocalzinho de Goiás,0,0.60145676,20504,11.4285714285714,90.687838,0,0,1,60.0307062857143,35.8624102857143,19.3062768571429,26.1428571428571,4,,,,,5785,2020-07-19,5205513,Cocalzinho de Goias,GO,2020,30
1594512000000,202029,6.0,6,6,6,0.08134743,29.262583,0,1,520551320202919589,2023-08-20,Cocalzinho de Goiás,0,0.5138925,20504,11.4285714285714,85.074415,0,0,1,56.5115657142857,29.6686241428571,19.3206994285714,27.1428571428571,2,,,,,5785,2020-07-12,5205513,Cocalzinho de Goias,GO,2020,29
1593907200000,202028,10.0,10,10,10,0.4204268,48.770973,0,1,520551320202819589,2023-08-20,Cocalzinho de Goiás,0,0.9174619,20504,12.5714285714286,88.6165742857143,0,0,1,64.1549684285714,36.1689917142857,19.1090455714286,26.1428571428571,5,,,,,5785,2020-07-05,5205513,Cocalzinho de Goias,GO,2020,28
1593302400000,202027,15.0,15,15,15,0.8476782,73.156456,0,1,520551320202719589,2023-08-20,Cocalzinho de Goiás,0,1.5039403,20504,12.75,87.7548365,0,0,2,65.10611175,41.28447925,19.39533525,26.25,12,,,,,5785,2020-06-28,5205513,Cocalzinho de Goias,GO,2020,27
1592697600000,202026,10.0,10,10,10,0.39993027,48.770973,0,1,520551320202619589,2023-08-20,Cocalzinho de Goiás,0,0.897457,20504,12.25,92.130341,0,0,1,69.42213875,42.09459375,18.24442575,26.5,8,,,,,5785,2020-06-21,5205513,Cocalzinho de Goias,GO,2020,26
1592092800000,202025,9.0,9,9,9,0.19972871,43.893875,0,1,520551320202519589,2023-08-20,Cocalzinho de Goiás,0,0.70021445,20504,16.0,86.82093,0,0,1,73.9081525,52.2088125,19.16789625,24.0,7,,,,,5785,2020-06-14,5205513,Cocalzinho de Goias,GO,2020,25
1591488000000,202024,9.0,9,9,9,0.29730842,43.893875,0,1,520551320202419589,2023-08-20,Cocalzinho de Goiás,0,0.7930351,20504,14.1666666666667,93.803185,0,0,1,69.6592866666667,40.215806,20.402778,27.3333333333333,7,,,,,5785,2020-06-07,5205513,Cocalzinho de Goias,GO,2020,24
1590883200000,202023,17.0,17,17,17,0.95117337,82.91065,0,4,520551320202319589,2023-08-20,Cocalzinho de Goiás,0,1.9319558,20504,13.8571428571429,93.724342,0,1,2,70.5141934285714,43.6918814285714,20.6309522857143,27.5714285714286,9,,,,,5785,2020-05-31,5205513,Cocalzinho de Goias,GO,2020,23
1590278400000,202022,13.0,13,13,13,0.7756476,63.402264,0,1,520551320202219589,2023-08-20,Cocalzinho de Goiás,0,1.3710147,20504,13.5714285714286,92.0528768571429,0,0,2,69.9062687142857,42.2619901428571,19.6904765714286,26.2857142857143,10,,,,,5785,2020-05-24,5205513,Cocalzinho de Goias,GO,2020,22
1589673600000,202021,4.0,4,4,4,0.017452916,19.508389,0,1,520551320202119589,2023-08-20,Cocalzinho de Goiás,0,0.33293387,20504,16.8571428571429,94.7384354285714,0,0,0,77.6645612857143,56.1353478571429,21.2797622857143,26.1428571428571,4,,,,,5785,2020-05-17,5205513,Cocalzinho de Goias,GO,2020,21
1589068800000,202020,10.0,10,10,10,0.22305217,48.770973,0,1,520551320202019589,2023-08-20,Cocalzinho de Goiás,0,0.7336176,20504,15.5714285714286,95.54601,0,0,1,77.5833255714286,54.4287637142857,20.295238,26.0,8,,,,,5785,2020-05-10,5205513,Cocalzinho de Goias,GO,2020,20
1588464000000,202019,12.0,12,12,12,0.36947566,58.525166,0,4,520551320201919589,2023-08-20,Cocalzinho de Goiás,0,0.8784673,20504,16.1428571428571,90.4847614285714,0,0,2,71.2979182857143,47.779535,21.1130954285714,26.4285714285714,7,,,,,5785,2020-05-03,5205513,Cocalzinho de Goias,GO,2020,19
1587859200000,202018,16.0,16,16,16,0.73287207,78.033554,0,4,520551320201819589,2023-08-20,Cocalzinho de Goiás,0,1.2577548,20504,15.2857142857143,93.7856005714286,0,0,2,70.0920012857143,44.7584124285714,21.1964285714286,27.0,14,,,,,5785,2020-04-26,5205513,Cocalzinho de Goias,GO,2020,18
1587254400000,202017,12.0,12,12,12,0.59336925,58.525166,0,4,520551320201719589,2023-08-20,Cocalzinho de Goiás,0,1.1018747,20504,19.8571428571429,94.9427114285714,1,0,2,84.919722,68.5638907142857,22.0238094285714,25.4285714285714,9,,,,,5785,2020-04-19,5205513,Cocalzinho de Goias,GO,2020,17
1586649600000,202016,16.0,16,16,16,0.8948375,78.033554,0,2,520551320201619589,2023-08-20,Cocalzinho de Goiás,0,1.6366998,20504,19.8571428571429,94.9302085714286,1,0,2,82.8242042857143,64.168793,22.5357142857143,26.2857142857143,13,,,,,5785,2020-04-12,5205513,Cocalzinho de Goias,GO,2020,16
1586044800000,202015,8.0,8,8,8,0.42137206,39.016777,0,2,520551320201519589,2023-08-20,Cocalzinho de Goiás,0,0.9098387,20504,20.7142857142857,94.9730985714286,1,0,1,78.1272734285714,52.911129,24.2083331428571,29.5714285714286,8,,,,,5785,2020-04-05,5205513,Cocalzinho de Goias,GO,2020,15
1585440000000,202014,11.0,11,11,11,0.77995867,53.648067,0,2,520551320201419589,2023-08-20,Cocalzinho de Goiás,0,1.4210532,20504,19.5714285714286,92.4085957142857,1,0,1,69.1127041428571,44.5349284285714,24.9285714285714,30.2857142857143,9,,,,,5785,2020-03-29,5205513,Cocalzinho de Goias,GO,2020,14
1584835200000,202013,9.0,9,9,9,0.6407189,43.893875,0,2,520551320201319589,2023-08-20,Cocalzinho de Goiás,0,1.1888077,20504,20.1428571428571,98.2973257142857,1,0,1,87.7532198571429,69.186956,22.1428571428571,26.2857142857143,9,,,,,5785,2020-03-22,5205513,Cocalzinho de Goias,GO,2020,13
1584230400000,202012,7.0,7,7,7,0.32014352,34.13968,0,2,520551320201219589,2023-08-20,Cocalzinho de Goiás,0,0.7948162,20504,19.7142857142857,90.8647865714286,1,0,1,77.6681498571429,58.973507,22.5995671428571,26.5714285714286,6,,,,,5785,2020-03-15,5205513,Cocalzinho de Goias,GO,2020,12
1583625600000,202011,7.0,7,7,7,0.15360312,34.13968,0,2,520551320201119589,2023-08-20,Cocalzinho de Goiás,0,0.6227491,20504,20.7142857142857,93.2664471428571,1,0,1,81.3387764285714,64.1798621428571,23.1352811428571,26.7142857142857,5,,,,,5785,2020-03-08,5205513,Cocalzinho de Goias,GO,2020,11
1583020800000,202010,8.0,8,8,8,0.11138019,39.016777,0,2,520551320201019589,2023-08-20,Cocalzinho de Goiás,0,0.5920541,20504,20.2857142857143,97.4428628571429,1,0,1,86.4160564285714,73.098703,22.297078,24.8571428571429,5,,,,,5785,2020-03-01,5205513,Cocalzinho de Goias,GO,2020,10
1582416000000,202009,11.0,11,11,11,0.31545633,53.648067,0,2,520551320200919589,2023-08-20,Cocalzinho de Goiás,0,0.8253698,20504,20.5714285714286,94.9481585714286,1,0,1,84.7401114285714,67.8492261428571,22.8566017142857,26.7142857142857,7,,,,,5785,2020-02-23,5205513,Cocalzinho de Goias,GO,2020,9
1581811200000,202008,15.0,15,15,15,0.8317687,73.156456,0,4,520551320200819589,2023-08-20,Cocalzinho de Goiás,0,1.461517,20504,21.0,93.3246265714286,1,0,2,84.3276742857143,76.6478397142857,22.4025971428571,23.7142857142857,16,,,,,5785,2020-02-16,5205513,Cocalzinho de Goias,GO,2020,8
1581206400000,202007,16.0,16,16,16,0.9731853,78.033554,0,2,520551320200719589,2023-08-20,Cocalzinho de Goiás,0,2.274367,20504,19.8571428571429,94.0811228571429,1,1,2,89.6373401428571,83.8569494285714,21.1142857142857,22.2857142857143,15,,,,,5785,2020-02-09,5205513,Cocalzinho de Goias,GO,2020,7
1580601600000,202006,10.0,10,10,10,0.9157686,48.770973,0,2,520551320200619589,2023-08-20,Cocalzinho de Goiás,0,2.0440233,20504,20.0,93.2598771428571,1,0,1,82.0111215714286,68.9063538571429,22.6011905714286,25.4285714285714,9,,,,,5785,2020-02-02,5205513,Cocalzinho de Goias,GO,2020,6
1579996800000,202005,5.0,5,5,5,0.7932102,24.385487,0,1,520551320200519589,2023-08-20,Cocalzinho de Goiás,0,1.756457,20504,20.5714285714286,94.0694242857143,1,0,1,76.7092428571429,52.7331998571429,24.0952377142857,29.1428571428571,5,,,,,5785,2020-01-26,5205513,Cocalzinho de Goias,GO,2020,5
1579392000000,202004,7.0,7,7,7,0.983733,34.13968,0,1,520551320200419589,2023-08-20,Cocalzinho de Goiás,0,4.9353857,20504,21.1428571428571,94.0437657142857,1,1,1,82.469923,64.8863707142857,23.4345237142857,27.1428571428571,7,,,,,5785,2020-01-19,5205513,Cocalzinho de Goias,GO,2020,4
1578787200000,202003,1.0,1,1,1,0.6802827,4.877097,0,1,520551320200319589,2023-08-20,Cocalzinho de Goiás,0,1.7992289,20504,20.8571428571429,84.6269542857143,0,0,0,61.9866042857143,40.339235,26.1309522857143,31.4285714285714,1,,,,,5785,2020-01-12,5205513,Cocalzinho de Goias,GO,2020,3
1578182400000,202002,2.0,2,2,2,0.927196,9.754194,0,1,520551320200219589,2023-08-20,Cocalzinho de Goiás,0,6.090493,20504,20.2857142857143,94.93646,1,0,0,81.0192821428572,61.600405,23.5523805714286,27.5714285714286,2,,,,,5785,2020-01-05,5205513,Cocalzinho de Goias,GO,2020,2
1577577600000,202001,0.0,0,0,0,0.0,0.0,0,1,520551320200119589,2023-08-20,Cocalzinho de Goiás,0,0.0,20504,20.6666666666667,91.3808733333333,0,0,0,78.256815,58.8144246666667,22.9694443333333,27.0,0,,,,,5785,2019-12-29,5205513,Cocalzinho de Goias,GO,2020,1
1576972800000,201952,0.0,0,0,0,0.0,0.0,0,1,520551320195219589,2023-08-20,Cocalzinho de Goiás,0,0.0,20504,20.2857142857143,88.5374357142857,0,0,0,81.7564242857143,70.7298128571429,21.8158728571429,24.0,0,,,,,5785,2019-12-22,5205513,Cocalzinho de Goias,GO,2019,52
1576368000000,201951,0.0,0,0,0,0.0,0.0,0,1,520551320195119589,2023-08-20,Cocalzinho de Goiás,0,0.0,20504,20.1428571428571,85.4108108571428,0,0,0,76.6244357142857,66.7672311428571,22.1428571428571,24.8571428571429,0,,,,,5785,2019-12-15,5205513,Cocalzinho de Goias,GO,2019,51
1575763200000,201950,4.0,4,4,4,0.9426284,19.508389,0,1,520551320195019589,2023-08-20,Cocalzinho de Goiás,0,4.2257524,20504,20.5714285714286,94.9120657142857,1,0,0,89.4822734285714,82.46952,21.3210315714286,22.5714285714286,4,,,,,5785,2019-12-08,5205513,Cocalzinho de Goias,GO,2019,50
1575158400000,201949,1.0,1,1,1,0.53039277,4.877097,0,1,520551320194919589,2023-08-20,Cocalzinho de Goiás,0,1.093055,20504,21.0,94.9301385714286,1,0,0,88.7458828571429,84.0757014285714,21.7571428571429,22.4285714285714,1,,,,,5785,2019-12-01,5205513,Cocalzinho de Goias,GO,2019,49
1574553600000,201948,0.0,0,0,0,0.0,0.0,0,1,520551320194819589,2023-08-20,Cocalzinho de Goiás,0,0.0,20504,20.7142857142857,93.2093914285714,0,0,0,88.4090734285714,81.9633924285714,21.7,22.8571428571429,0,,,,,5785,2019-11-24,5205513,Cocalzinho de Goias,GO,2019,48
1573948800000,201947,2.0,2,2,2,0.73552525,9.754194,0,1,520551320194719589,2023-08-20,Cocalzinho de Goiás,0,1.8980341,20504,19.7142857142857,93.1467334285714,1,0,0,86.5033892857143,80.26802,20.6650792857143,21.7142857142857,1,,,,,5785,2019-11-17,5205513,Cocalzinho de Goias,GO,2019,47
1573344000000,201946,0.0,0,0,0,0.0,0.0,0,1,520551320194619589,2023-08-20,Cocalzinho de Goiás,0,0.0,20504,21.5714285714286,74.6293081428571,0,0,0,64.6643605714286,51.9924652857143,23.8428571428571,26.7142857142857,0,,,,,5785,2019-11-10,5205513,Cocalzinho de Goias,GO,2019,46
1572739200000,201945,1.0,1,1,1,0.37225175,4.877097,0,1,520551320194519589,2023-08-20,Cocalzinho de Goiás,0,0.7014347,20504,20.8571428571429,88.4662028571429,1,0,0,77.605495,66.3822857142857,22.6428571428571,24.4285714285714,1,,,,,5785,2019-11-03,5205513,Cocalzinho de Goias,GO,2019,45
1572134400000,201944,2.0,2,2,2,0.69243497,9.754194,0,1,520551320194419589,2023-08-20,Cocalzinho de Goiás,0,1.6459229,20504,20.7142857142857,78.771418,0,0,0,68.55201,56.3240627142857,22.7467534285714,25.1428571428571,1,,,,,5785,2019-10-27,5205513,Cocalzinho de Goias,GO,2019,44
1571529600000,201943,1.0,1,1,1,0.52055496,4.877097,0,1,520551320194319589,2023-08-20,Cocalzinho de Goiás,0,1.0617092,20504,20.4285714285714,82.4392952857143,0,0,0,73.8886335714286,62.8859527142857,22.4883117142857,24.8571428571429,1,,,,,5785,2019-10-20,5205513,Cocalzinho de Goias,GO,2019,43
1570924800000,201942,2.0,2,2,2,0.68771845,9.754194,0,1,520551320194219589,2023-08-20,Cocalzinho de Goiás,0,1.6220992,20504,17.4285714285714,68.6735242857143,0,0,0,52.131513,35.6002271428571,21.5350648571429,26.4285714285714,1,,,,,5785,2019-10-13,5205513,Cocalzinho de Goias,GO,2019,42
1570320000000,201941,0.0,0,0,0,0.0,0.0,0,1,520551320194119589,2023-08-20,Cocalzinho de Goiás,0,0.0,20504,20.7142857142857,83.9983814285714,0,0,0,72.5207528571429,55.0464801428571,22.6155842857143,25.2857142857143,0,,,,,5785,2019-10-06,5205513,Cocalzinho de Goias,GO,2019,41
1569715200000,201940,1.0,1,1,1,0.56090534,4.877097,0,1,520551320194019589,2023-08-20,Cocalzinho de Goiás,0,1.1987953,20504,19.4285714285714,77.5876118571429,0,0,0,63.4991004285714,48.9821551428571,22.52987,25.8571428571429,0,,,,,5785,2019-09-29,5205513,Cocalzinho de Goias,GO,2019,40
1569110400000,201939,3.0,3,3,3,0.960867,14.631291,0,1,520551320193919589,2023-08-20,Cocalzinho de Goiás,0,7.2530475,20504,19.5714285714286,73.0459488571429,0,0,0,63.9959984285714,52.4830275714286,21.7844154285714,24.8571428571429,3,,,,,5785,2019-09-22,5205513,Cocalzinho de Goias,GO,2019,39
1568505600000,201938,0.0,0,0,0,0.0,0.0,0,1,520551320193819589,2023-08-20,Cocalzinho de Goiás,0,0.0,20504,17.8571428571429,57.2333657142857,0,0,0,44.6969718571429,30.6542451428571,21.2285714285714,26.1428571428571,0,,,,,5785,2019-09-15,5205513,Cocalzinho de Goias,GO,2019,38
1567900800000,201937,0.0,0,0,0,0.0,0.0,0,1,520551320193719589,2023-08-20,Cocalzinho de Goiás,0,0.0,20504,16.5714285714286,65.1175161428571,0,0,0,53.16735,36.7817517142857,20.0025974285714,25.2857142857143,0,,,,,5785,2019-09-08,5205513,Cocalzinho de Goias,GO,2019,37
1567296000000,201936,1.0,1,1,1,0.15981604,4.877097,0,1,520551320193619589,2023-08-20,Cocalzinho de Goiás,0,0.3779981,20504,16.7142857142857,66.1342802857143,0,0,0,51.5059137142857,34.5350757142857,20.151948,25.1428571428571,1,,,,,5785,2019-09-01,5205513,Cocalzinho de Goias,GO,2019,36
1566691200000,201935,0.0,0,0,0,0.0,0.0,0,1,520551320193519589,2023-08-20,Cocalzinho de Goiás,0,0.0,20504,16.4285714285714,70.4861752857143,0,0,0,57.7209194285714,43.5347438571429,19.3766231428571,23.1428571428571,0,,,,,5785,2019-08-25,5205513,Cocalzinho de Goias,GO,2019,35
1566086400000,201934,2.0,2,2,2,0.10914507,9.754194,0,1,520551320193419589,2023-08-20,Cocalzinho de Goiás,0,0.39969432,20504,16.8571428571429,68.579201,0,0,0,54.4558552857143,38.3258545714286,19.9220777142857,24.2857142857143,1,,,,,5785,2019-08-18,5205513,Cocalzinho de Goias,GO,2019,34
1565481600000,201933,6.0,6,6,6,0.74587685,29.262583,0,1,520551320193319589,2023-08-20,Cocalzinho de Goiás,0,1.4993149,20504,15.1428571428571,73.8403124285714,0,0,1,59.9574537142857,45.6748382857143,18.2337664285714,22.0,6,,,,,5785,2019-08-11,5205513,Cocalzinho de Goias,GO,2019,33
1564876800000,201932,6.0,6,6,6,0.7486487,29.262583,0,1,520551320193219589,2023-08-20,Cocalzinho de Goiás,0,1.5081289,20504,14.7142857142857,85.57731,0,0,1,72.8886507142857,53.880869,17.3116881428571,21.1428571428571,2,,,,,5785,2019-08-04,5205513,Cocalzinho de Goias,GO,2019,32
1564272000000,201931,4.0,4,4,4,0.15113078,19.508389,0,1,520551320193119589,2023-08-20,Cocalzinho de Goiás,0,0.54682803,20504,13.7142857142857,79.92182,0,0,0,65.355831,47.1138647142857,17.0259741428571,21.7142857142857,4,,,,,5785,2019-07-28,5205513,Cocalzinho de Goias,GO,2019,31
1563667200000,201930,1.0,1,1,1,0.0001001624,4.877097,0,1,520551320193019589,2023-08-20,Cocalzinho de Goiás,0,0.07527076,20504,13.4285714285714,83.0919731428571,0,0,0,73.9442892857143,60.1033567142857,16.0259738571429,19.2857142857143,1,,,,,5785,2019-07-21,5205513,Cocalzinho de Goias,GO,2019,30
1563062400000,201929,6.0,6,6,6,0.0007843866,29.262583,0,1,520551320192919589,2023-08-20,Cocalzinho de Goiás,0,0.2736111,20504,13.2857142857143,78.3096692857143,0,0,1,67.1946792857143,52.8261578571429,16.2597402857143,20.2857142857143,4,,,,,5785,2019-07-14,5205513,Cocalzinho de Goias,GO,2019,29
1562457600000,201928,14.0,14,14,14,0.0007905184,68.27936,0,4,520551320192819589,2023-08-20,Cocalzinho de Goiás,0,0.39214703,20504,11.0,84.3199878571429,0,0,2,70.8505108571429,55.5645845714286,14.2077921428571,18.5714285714286,11,,,,,5785,2019-07-07,5205513,Cocalzinho de Goias,GO,2019,28
1561852800000,201927,17.0,17,17,17,4.4093e-06,82.91065,0,4,520551320192719589,2023-08-20,Cocalzinho de Goiás,0,0.32032964,20504,13.4285714285714,87.0082451428571,0,0,2,78.1196452857143,62.3600285714286,16.1181817142857,20.1428571428571,8,,,,,5785,2019-06-30,5205513,Cocalzinho de Goias,GO,2019,27
1561248000000,201926,34.0,34,34,34,0.0003255166,165.8213,0,4,520551320192619589,2023-08-20,Cocalzinho de Goiás,0,0.5003578,20504,13.8571428571429,86.2513228571429,0,0,2,74.8542935714286,58.2690801428571,16.6363635714286,20.7142857142857,18,,,,,5785,2019-06-23,5205513,Cocalzinho de Goias,GO,2019,26
1560643200000,201925,53.0,53,53,53,0.018454885,258.48615,0,4,520551320192519589,2023-08-20,Cocalzinho de Goiás,0,0.6917795,20504,13.4285714285714,87.9628457142857,0,0,2,77.3012927142857,62.9884997142857,16.1168832857143,20.0,47,,,,,5785,2019-06-16,5205513,Cocalzinho de Goias,GO,2019,25
1560038400000,201924,76.0,76,76,76,0.31595027,370.6594,0,4,520551320192419589,2023-08-20,Cocalzinho de Goiás,0,0.9267716,20504,14.7142857142857,88.9108057142857,0,0,2,76.6860707142857,64.6974814285714,17.83171,20.8571428571429,66,,,,,5785,2019-06-09,5205513,Cocalzinho de Goias,GO,2019,24
1559433600000,201923,74.0,74,74,74,0.16734707,360.90518,0,4,520551320192319589,2023-08-20,Cocalzinho de Goiás,0,0.8587528,20504,15.7142857142857,89.61977,0,0,2,79.4126234285714,69.5694294285714,18.4935071428571,21.5714285714286,61,,,,,5785,2019-06-02,5205513,Cocalzinho de Goias,GO,2019,23
1558828800000,201922,87.0,87,87,87,0.5208549,424.30746,0,4,520551320192219589,2023-08-20,Cocalzinho de Goiás,0,1.0079577,20504,16.4285714285714,92.1806434285714,0,0,2,83.0533162857143,69.060529,18.766234,22.2857142857143,76,,,,,5785,2019-05-26,5205513,Cocalzinho de Goias,GO,2019,22
1558224000000,201921,80.0,80,80,80,0.57532275,390.1678,0,4,520551320192119589,2023-08-20,Cocalzinho de Goiás,0,1.03064,20504,16.0,93.8726014285714,0,0,2,84.029065,69.5596885714286,18.496104,22.2857142857143,75,,,,,5785,2019-05-19,5205513,Cocalzinho de Goias,GO,2019,21
1557619200000,201920,104.0,104,104,104,0.997107,507.2181,0,4,520551320192019589,2023-08-20,Cocalzinho de Goiás,0,1.5288113,20504,17.7142857142857,93.9574691428571,0,1,2,86.6759622857143,77.0606534285714,19.4727274285714,21.7142857142857,96,,,,,5785,2019-05-12,5205513,Cocalzinho de Goias,GO,2019,20
1557014400000,201919,69.0,69,69,69,0.8626167,336.5197,0,4,520551320191919589,2023-08-20,Cocalzinho de Goiás,0,1.2147757,20504,18.5714285714286,94.8097285714286,1,0,2,84.4866135714286,71.0238592857143,20.9334417142857,24.0,63,,,,,5785,2019-05-05,5205513,Cocalzinho de Goias,GO,2019,19
1556409600000,201918,70.0,70,70,70,0.99695706,341.3968,0,4,520551320191819589,2023-08-20,Cocalzinho de Goiás,0,1.693689,20504,19.5714285714286,94.8872657142857,1,1,2,89.233367,78.6254758571429,20.8285717142857,23.1428571428571,61,,,,,5785,2019-04-28,5205513,Cocalzinho de Goias,GO,2019,18
1555804800000,201917,65.0,65,65,65,0.9999381,317.01132,0,4,520551320191719589,2023-08-20,Cocalzinho de Goiás,0,2.2774816,20504,18.4285714285714,95.7106234285714,1,1,2,88.5482148571429,81.288248,20.3966031428571,22.7142857142857,49,,,,,5785,2019-04-21,5205513,Cocalzinho de Goias,GO,2019,17
1555200000000,201916,36.0,36,36,36,0.9742608,175.5755,0,4,520551320191619589,2023-08-20,Cocalzinho de Goiás,0,1.6798112,20504,19.5714285714286,96.5757571428571,1,1,2,91.0609585714286,82.6224417142857,21.0499498571429,22.8571428571429,34,,,,,5785,2019-04-14,5205513,Cocalzinho de Goias,GO,2019,16
1554595200000,201915,26.0,26,26,26,0.9338881,126.80453,0,4,520551320191519589,2023-08-20,Cocalzinho de Goiás,0,1.590729,20504,19.7142857142857,98.2973257142857,1,0,2,92.1561428571429,84.2214247142857,20.8005414285714,22.4285714285714,21,,,,,5785,2019-04-07,5205513,Cocalzinho de Goias,GO,2019,15
1553990400000,201914,20.0,20,20,20,0.9384668,97.54195,0,4,520551320191419589,2023-08-20,Cocalzinho de Goiás,0,1.7370931,20504,19.2857142857143,92.368972,1,0,2,86.1333492857143,75.171833,20.9000002857143,23.1428571428571,13,,,,,5785,2019-03-31,5205513,Cocalzinho de Goias,GO,2019,14
1553385600000,201913,20.0,20,20,20,0.9834941,97.54195,0,2,520551320191319589,2023-08-20,Cocalzinho de Goiás,0,2.2556944,20504,19.8571428571429,95.6895477142857,1,1,2,90.6411265714286,85.54249,20.6363637142857,22.0,15,,,,,5785,2019-03-24,5205513,Cocalzinho de Goias,GO,2019,13
1552780800000,201912,6.0,6,6,6,0.40324366,29.262583,0,2,520551320191219589,2023-08-20,Cocalzinho de Goiás,0,0.8759718,20504,19.5714285714286,96.5694357142857,1,0,1,90.6354621428571,83.27312,20.6064934285714,22.1428571428571,6,,,,,5785,2019-03-17,5205513,Cocalzinho de Goias,GO,2019,12
1552176000000,201911,12.0,12,12,12,0.95761615,58.525166,0,2,520551320191119589,2023-08-20,Cocalzinho de Goiás,0,2.3328223,20504,20.1428571428571,89.9537328571429,1,1,2,84.7204107142857,75.8468071428571,21.2727271428571,23.2857142857143,7,,,,,5785,2019-03-10,5205513,Cocalzinho de Goias,GO,2019,11
1551571200000,201910,5.0,5,5,5,0.6775128,24.385487,0,2,520551320191019589,2023-08-20,Cocalzinho de Goiás,0,1.3486629,20504,18.1428571428571,97.4111857142857,1,0,1,91.5836028571428,86.1104091428572,19.6636362857143,20.7142857142857,5,,,,,5785,2019-03-03,5205513,Cocalzinho de Goias,GO,2019,10
1550966400000,201909,6.0,6,6,6,0.89246863,29.262583,0,2,520551320190919589,2023-08-20,Cocalzinho de Goiás,0,2.3104386,20504,19.7142857142857,94.8479371428571,1,0,1,88.1935692857143,80.3762864285714,21.051948,22.4285714285714,7,,,,,5785,2019-02-24,5205513,Cocalzinho de Goias,GO,2019,9
1550361600000,201908,3.0,3,3,3,0.7304409,14.631291,0,2,520551320190819589,2023-08-20,Cocalzinho de Goiás,0,1.6853583,20504,19.4285714285714,93.9681185714286,1,0,0,88.9575744285714,81.75066,20.4155845714286,21.5714285714286,3,,,,,5785,2019-02-17,5205513,Cocalzinho de Goias,GO,2019,8
1549756800000,201907,3.0,3,3,3,0.81758916,14.631291,0,1,520551320190719589,2023-08-20,Cocalzinho de Goiás,0,2.266929,20504,19.7142857142857,92.4445057142857,1,0,0,86.3459728571429,79.1729835714286,21.1714285714286,22.7142857142857,3,,,,,5785,2019-02-10,5205513,Cocalzinho de Goias,GO,2019,7
1549152000000,201906,1.0,1,1,1,0.437399,4.877097,0,1,520551320190619589,2023-08-20,Cocalzinho de Goiás,0,0.83823836,20504,19.7142857142857,94.2076642857143,1,0,0,79.4637761428571,61.1307278571429,22.5376981428571,27.4285714285714,1,,,,,5785,2019-02-03,5205513,Cocalzinho de Goias,GO,2019,6
1548547200000,201905,2.0,2,2,2,0.55776757,9.754194,0,1,520551320190519589,2023-08-20,Cocalzinho de Goiás,0,1.1437553,20504,18.1428571428571,84.3868708571429,0,0,0,59.4086522857143,35.8593115714286,24.2380954285714,29.8571428571429,2,,,,,5785,2019-01-27,5205513,Cocalzinho de Goias,GO,2019,5
1547942400000,201904,0.0,0,0,0,0.0,0.0,0,1,520551320190419589,2023-08-20,Cocalzinho de Goiás,0,0.0,20504,19.7142857142857,83.0639728571429,0,0,0,60.1835437142857,38.3832544285714,25.0297617142857,30.5714285714286,0,,,,,5785,2019-01-20,5205513,Cocalzinho de Goias,GO,2019,4
1547337600000,201903,2.0,2,2,2,0.47383565,9.754194,0,2,520551320190319589,2023-08-20,Cocalzinho de Goiás,0,0.9432691,20504,18.8571428571429,87.4907005714286,1,0,0,68.945513,50.693095,23.3809522857143,28.1428571428571,2,,,,,5785,2019-01-13,5205513,Cocalzinho de Goias,GO,2019,3
1546732800000,201902,3.0,3,3,3,0.784024,14.631291,0,2,520551320190219589,2023-08-20,Cocalzinho de Goiás,0,1.9970421,20504,18.5714285714286,91.609522,1,0,0,80.7433237142857,69.307483,20.4428571428571,22.4285714285714,2,,,,,5785,2019-01-06,5205513,Cocalzinho de Goias,GO,2019,2
1546128000000,201901,2.0,2,2,2,0.78031486,9.754194,0,1,520551320190119589,2023-08-20,Cocalzinho de Goiás,0,2.2525437,20504,19.1428571428571,92.4099651428571,1,0,0,83.8881727142857,73.7355725714286,20.6857142857143,22.7142857142857,2,,,,,5785,2018-12-30,5205513,Cocalzinho de Goias,GO,2019,1
1545523200000,201852,2.0,2,2,2,0.8178776,9.754194,0,1,520551320185219589,2023-08-20,Cocalzinho de Goiás,0,2.6706016,20504,19.0,94.0550488,1,0,0,84.4303552,67.689914,21.4538888,24.4,2,,,,,5785,2018-12-23,5205513,Cocalzinho de Goias,GO,2018,52
1544918400000,201851,0.0,0,0,0,0.0,0.0,0,1,520551320185119589,2023-08-20,Cocalzinho de Goiás,0,0.0,20504,19.2380952380952,94.3304172952381,0,0,0,,,,,0,,,,,5785,2018-12-16,5205513,Cocalzinho de Goias,GO,2018,51
1544313600000,201850,1.0,1,1,1,0.8143781,4.877097,0,1,520551320185019589,2023-08-20,Cocalzinho de Goiás,0,3.3757627,20504,19.4761904761905,94.6057857904762,1,0,0,,,,,1,,,,,5785,2018-12-09,5205513,Cocalzinho de Goias,GO,2018,50
1543708800000,201849,1.0,1,1,1,0.9573669,4.877097,0,1,520551320184919589,2023-08-20,Cocalzinho de Goiás,0,15.909339,20504,19.7142857142857,94.8811542857143,1,0,0,89.3434171428571,80.9390635714286,20.6674601428571,22.5714285714286,1,,,,,5785,2018-12-02,5205513,Cocalzinho de Goias,GO,2018,49
1543104000000,201848,0.0,0,0,0,0.0,0.0,0,1,520551320184819589,2023-08-20,Cocalzinho de Goiás,0,0.0,20504,18.5714285714286,92.3061191428571,0,0,0,86.2330228571429,77.6836178571428,19.9178571428571,21.8571428571429,0,,,,,5785,2018-11-25,5205513,Cocalzinho de Goias,GO,2018,48
1542499200000,201847,0.0,0,0,0,0.0,0.0,0,1,520551320184719589,2023-08-20,Cocalzinho de Goiás,0,0.0,20504,19.0,94.88671,0,0,0,88.9910134285714,79.793325,20.3813491428571,22.4285714285714,0,,,,,5785,2018-11-18,5205513,Cocalzinho de Goias,GO,2018,47
1541894400000,201846,0.0,0,0,0,0.0,0.0,0,1,520551320184619589,2023-08-20,Cocalzinho de Goiás,0,0.0,20504,18.8571428571429,97.4238985714286,0,0,0,91.2821378571429,81.5304237142857,20.1821424285714,22.2857142857143,0,,,,,5785,2018-11-11,5205513,Cocalzinho de Goias,GO,2018,46
1541289600000,201845,0.0,0,0,0,0.0,0.0,0,1,520551320184519589,2023-08-20,Cocalzinho de Goiás,0,0.0,20504,19.1428571428571,96.5504714285714,0,0,0,90.7268385714286,82.5312428571429,19.904762,21.2857142857143,0,,,,,5785,2018-11-04,5205513,Cocalzinho de Goias,GO,2018,45
1540684800000,201844,2.0,2,2,2,0.73664546,9.754194,0,1,520551320184419589,2023-08-20,Cocalzinho de Goiás,0,1.9055648,20504,19.7142857142857,91.5414748571429,1,0,0,84.7162965714286,73.9152668571429,21.0162337142857,23.1428571428571,1,,,,,5785,2018-10-28,5205513,Cocalzinho de Goias,GO,2018,44
1540080000000,201843,0.0,0,0,0,0.0,0.0,0,1,520551320184319589,2023-08-20,Cocalzinho de Goiás,0,0.0,20504,19.1428571428571,96.6209914285714,0,0,0,89.3454042857143,79.030422,20.5091991428571,22.7142857142857,0,,,,,5785,2018-10-21,5205513,Cocalzinho de Goias,GO,2018,43
1539475200000,201842,1.0,1,1,1,0.40855634,4.877097,0,1,520551320184219589,2023-08-20,Cocalzinho de Goiás,0,0.7743576,20504,18.0,100.0,0,0,0,89.99922,80.951455,20.068182,22.0,1,,,,,5785,2018-10-14,5205513,Cocalzinho de Goias,GO,2018,42
1538870400000,201841,2.0,2,2,2,0.6723948,9.754194,0,1,520551320184119589,2023-08-20,Cocalzinho de Goiás,0,1.5488757,20504,18.0,96.27173625,0,0,0,,,,,0,,,,,5785,2018-10-07,5205513,Cocalzinho de Goias,GO,2018,41
1538265600000,201840,1.0,1,1,1,0.3816156,4.877097,0,1,520551320184019589,2023-08-20,Cocalzinho de Goiás,0,0.71952385,20504,18.0,92.5434725,0,0,0,81.64804125,69.39496,19.977273,22.0,0,,,,,5785,2018-09-30,5205513,Cocalzinho de Goias,GO,2018,40
1537660800000,201839,1.0,1,1,1,0.44170395,4.877097,0,1,520551320183919589,2023-08-20,Cocalzinho de Goiás,0,0.8482855,20504,15.1428571428571,92.1393,0,0,0,75.6999955714286,51.677306,18.7716451428571,23.4285714285714,0,,,,,5785,2018-09-23,5205513,Cocalzinho de Goias,GO,2018,39
1537056000000,201838,2.0,2,2,2,0.81780547,9.754194,0,1,520551320183819589,2023-08-20,Cocalzinho de Goiás,0,2.6696475,20504,15.8571428571429,99.1328242857143,0,0,0,90.2123874285714,73.5056512857143,18.3245671428571,21.8571428571429,0,,,,,5785,2018-09-16,5205513,Cocalzinho de Goias,GO,2018,38
1536451200000,201837,1.0,1,1,1,0.8095402,4.877097,0,1,520551320183719589,2023-08-20,Cocalzinho de Goiás,0,3.2805665,20504,12.8571428571429,82.8850302857143,0,0,0,65.2829797142857,44.3758081428571,16.6715364285714,21.5714285714286,0,,,,,5785,2018-09-09,5205513,Cocalzinho de Goias,GO,2018,37
1535846400000,201836,1.0,1,1,1,0.89380014,4.877097,0,1,520551320183619589,2023-08-20,Cocalzinho de Goiás,0,6.173759,20504,13.0,85.4367364285714,0,0,0,67.8282804285714,48.7459614285714,17.1336582857143,22.0,1,,,,,5785,2018-09-02,5205513,Cocalzinho de Goias,GO,2018,36
1535241600000,201835,0.0,0,0,0,0.0,0.0,0,1,520551320183519589,2023-08-20,Cocalzinho de Goiás,0,0.0,20504,14.0,84.0712191428571,0,0,0,65.5264721428571,49.2310167142857,17.4128788571429,21.4285714285714,0,,,,,5785,2018-08-26,5205513,Cocalzinho de Goias,GO,2018,35
1534636800000,201834,0.0,0,0,0,0.0,0.0,0,1,520551320183419589,2023-08-20,Cocalzinho de Goiás,0,0.0,20504,12.8571428571429,85.2993865714286,0,0,0,70.9141297142857,55.3196785714286,16.1650432857143,19.8571428571429,0,,,,,5785,2018-08-19,5205513,Cocalzinho de Goias,GO,2018,34
1534032000000,201833,0.0,0,0,0,0.0,0.0,0,1,520551320183319589,2023-08-20,Cocalzinho de Goiás,0,0.0,20504,12.2857142857143,85.5404807142857,0,0,0,66.3062278571429,43.2940031428571,16.411008,22.1428571428571,0,,,,,5785,2018-08-12,5205513,Cocalzinho de Goias,GO,2018,33
1533427200000,201832,2.0,2,2,2,0.85857314,9.754194,0,1,520551320183219589,2023-08-20,Cocalzinho de Goiás,0,3.3521929,20504,14.1428571428571,89.5315942857143,0,0,0,60.9638951428571,29.1533562857143,21.0119048571429,28.7142857142857,1,,,,,5785,2018-08-05,5205513,Cocalzinho de Goias,GO,2018,32
1532822400000,201831,0.0,0,0,0,0.0,0.0,0,1,520551320183119589,2023-08-20,Cocalzinho de Goiás,0,0.0,20504,11.0,87.6890871428571,0,0,0,54.618591,21.6808644285714,19.5238094285714,28.4285714285714,0,,,,,5785,2018-07-29,5205513,Cocalzinho de Goias,GO,2018,31
1532217600000,201830,0.0,0,0,0,0.0,0.0,0,1,520551320183019589,2023-08-20,Cocalzinho de Goiás,0,0.0,20504,9.28571428571429,88.3618034285714,0,0,0,57.3098288571429,26.7521431428571,17.0059525714286,25.1428571428571,0,,,,,5785,2018-07-22,5205513,Cocalzinho de Goias,GO,2018,30
1531612800000,201829,2.0,2,2,2,0.73425585,9.754194,0,1,520551320182919589,2023-08-20,Cocalzinho de Goiás,0,1.8895694,20504,10.5714285714286,89.2166221428571,0,0,0,65.9835537142857,40.7287048571429,16.2938312857143,22.7142857142857,2,,,,,5785,2018-07-15,5205513,Cocalzinho de Goias,GO,2018,29
1531008000000,201828,0.0,0,0,0,0.0,0.0,0,1,520551320182819589,2023-08-20,Cocalzinho de Goiás,0,0.0,20504,11.1428571428571,90.231216,0,0,0,79.2669381428571,61.4436665714286,14.1899351428571,18.5714285714286,0,,,,,5785,2018-07-08,5205513,Cocalzinho de Goias,GO,2018,28
1530403200000,201827,1.0,1,1,1,0.27954346,4.877097,0,1,520551320182719589,2023-08-20,Cocalzinho de Goiás,0,0.5438165,20504,8.71428571428571,92.5800475714286,0,0,0,78.7596252857143,61.146714,12.4994588571429,17.0,1,,,,,5785,2018-07-01,5205513,Cocalzinho de Goias,GO,2018,27
1529798400000,201826,2.0,2,2,2,0.3291869,9.754194,0,1,520551320182619589,2023-08-20,Cocalzinho de Goiás,0,0.691073,20504,9.57142857142857,90.122995,0,0,0,78.8331087142857,61.8806012857143,12.6138528571429,17.0,2,,,,,5785,2018-06-24,5205513,Cocalzinho de Goias,GO,2018,26
1529193600000,201825,1.0,1,1,1,0.017152354,4.877097,0,1,520551320182519589,2023-08-20,Cocalzinho de Goiás,0,0.1704899,20504,10.8571428571429,91.0082948571429,0,0,0,78.8835492857143,59.9280891428571,13.9464284285714,18.2857142857143,1,,,,,5785,2018-06-17,5205513,Cocalzinho de Goias,GO,2018,25
1528588800000,201824,3.0,3,3,3,0.022792349,14.631291,0,1,520551320182419589,2023-08-20,Cocalzinho de Goiás,0,0.30970392,20504,12.0,95.4712491428571,0,0,0,83.2826702857143,66.0816021428571,15.0308444285714,19.1428571428571,1,,,,,5785,2018-06-10,5205513,Cocalzinho de Goias,GO,2018,24
1527984000000,201823,2.0,2,2,2,0.007605179,9.754194,0,1,520551320182319589,2023-08-20,Cocalzinho de Goiás,0,0.2089585,20504,12.2857142857143,92.8212042857143,0,0,0,83.6093564285714,68.7794932857143,15.2126624285714,19.1428571428571,2,,,,,5785,2018-06-03,5205513,Cocalzinho de Goias,GO,2018,23
1527379200000,201822,15.0,15,15,15,0.95567393,73.156456,0,4,520551320182219589,2023-08-20,Cocalzinho de Goiás,0,2.0787601,20504,10.8571428571429,93.6589785714286,0,1,2,83.2202651428571,69.8190568571429,13.9925324285714,17.5714285714286,12,,,,,5785,2018-05-27,5205513,Cocalzinho de Goias,GO,2018,22
1526774400000,201821,12.0,12,12,12,0.9043774,58.525166,0,1,520551320182119589,2023-08-20,Cocalzinho de Goiás,0,1.8340448,20504,12.8571428571429,94.6691857142857,0,0,2,84.9002027142857,69.2745392857143,15.5243505714286,19.5714285714286,7,,,,,5785,2018-05-20,5205513,Cocalzinho de Goias,GO,2018,21
1526169600000,201820,2.0,2,2,2,0.06694985,9.754194,0,1,520551320182019589,2023-08-20,Cocalzinho de Goiás,0,0.34020895,20504,12.4285714285714,94.6910357142857,0,0,0,69.71466,36.3938718571429,19.2023811428571,26.7142857142857,1,,,,,5785,2018-05-13,5205513,Cocalzinho de Goias,GO,2018,20
1525564800000,201819,10.0,10,10,10,0.843824,48.770973,0,1,520551320181919589,2023-08-20,Cocalzinho de Goiás,0,1.6458772,20504,12.7142857142857,94.6480642857143,0,0,1,67.552808,37.4296558571429,19.4226188571429,26.0,8,,,,,5785,2018-05-06,5205513,Cocalzinho de Goias,GO,2018,19
1524960000000,201818,5.0,5,5,5,0.21149383,24.385487,0,1,520551320181819589,2023-08-20,Cocalzinho de Goiás,0,0.64460987,20504,14.8571428571429,89.8055657142857,0,0,1,67.5512401428571,38.6471891428571,20.4583337142857,27.0,4,,,,,5785,2018-04-29,5205513,Cocalzinho de Goias,GO,2018,18
1524355200000,201817,3.0,3,3,3,0.05429584,14.631291,0,1,520551320181719589,2023-08-20,Cocalzinho de Goiás,0,0.37433505,20504,15.5714285714286,93.0111654285714,0,0,0,74.7060045714286,46.9750641428571,20.3333334285714,26.4285714285714,3,,,,,5785,2018-04-22,5205513,Cocalzinho de Goias,GO,2018,17
1523750400000,201816,11.0,11,11,11,0.8903569,53.648067,0,1,520551320181619589,2023-08-20,Cocalzinho de Goiás,0,1.8078852,20504,15.7142857142857,93.0175534285714,0,0,1,83.5250631428571,69.9775341428571,18.6961041428571,21.8571428571429,7,,,,,5785,2018-04-15,5205513,Cocalzinho de Goias,GO,2018,16
1523145600000,201815,8.0,8,8,8,0.92399347,39.016777,0,1,520551320181519589,2023-08-20,Cocalzinho de Goiás,0,2.344011,20504,17.1428571428571,94.757966,0,0,1,88.9460402857143,82.464787,18.3544371428571,19.8571428571429,5,,,,,5785,2018-04-08,5205513,Cocalzinho de Goias,GO,2018,15
1522540800000,201814,8.0,8,8,8,0.9748814,39.016777,0,1,520551320181419589,2023-08-20,Cocalzinho de Goiás,0,3.6180587,20504,18.1428571428571,94.0413757142857,1,1,1,86.8595385714286,76.5665478571429,19.7884197142857,21.8571428571429,5,,,,,5785,2018-04-01,5205513,Cocalzinho de Goias,GO,2018,14
1521936000000,201813,1.0,1,1,1,0.26762712,4.877097,0,1,520551320181319589,2023-08-20,Cocalzinho de Goiás,0,0.5258442,20504,17.5714285714286,90.8387157142857,0,0,0,80.9323821428572,71.2884814285714,19.5604977142857,22.0,0,,,,,5785,2018-03-25,5205513,Cocalzinho de Goias,GO,2018,13
1521331200000,201812,2.0,2,2,2,0.5859324,9.754194,0,1,520551320181219589,2023-08-20,Cocalzinho de Goiás,0,1.2255423,20504,17.8571428571429,96.5247668571429,0,0,0,86.3466601428571,76.319258,20.121212,22.5714285714286,2,,,,,5785,2018-03-18,5205513,Cocalzinho de Goias,GO,2018,12
1520726400000,201811,3.0,3,3,3,0.72061545,14.631291,0,1,520551320181119589,2023-08-20,Cocalzinho de Goiás,0,1.6389472,20504,18.8571428571429,93.2236442857143,1,0,0,85.3534727142857,70.6755931428571,20.9327201428571,24.0,1,,,,,5785,2018-03-11,5205513,Cocalzinho de Goias,GO,2018,11
1520121600000,201810,0.0,0,0,0,0.0,0.0,0,1,520551320181019589,2023-08-20,Cocalzinho de Goiás,0,0.0,20504,18.6666666666667,93.9670533333333,0,0,0,84.1354466666667,76.0057316666667,20.004545,21.3333333333333,0,,,,,5785,2018-03-04,5205513,Cocalzinho de Goias,GO,2018,10
1519516800000,201809,3.0,3,3,3,0.51341975,14.631291,0,2,520551320180919589,2023-08-20,Cocalzinho de Goiás,0,1.0260868,20504,18.4285714285714,91.5219485714286,1,0,0,75.254332,53.5405731428571,21.7639282857143,26.1428571428571,3,,,,,5785,2018-02-25,5205513,Cocalzinho de Goias,GO,2018,9
1518912000000,201808,1.0,1,1,1,0.09477363,4.877097,0,2,520551320180819589,2023-08-20,Cocalzinho de Goiás,0,0.2941721,20504,19.0,92.4215042857143,1,0,0,86.2730742857143,75.0327,20.2630951428571,22.0,0,,,,,5785,2018-02-18,5205513,Cocalzinho de Goias,GO,2018,8
1518307200000,201807,4.0,4,4,4,0.44696277,19.508389,0,2,520551320180719589,2023-08-20,Cocalzinho de Goiás,0,0.91601974,20504,18.5714285714286,86.1030914285714,1,0,0,75.6478842857143,63.9317058571429,20.6,23.1428571428571,3,,,,,5785,2018-02-11,5205513,Cocalzinho de Goias,GO,2018,7
1517702400000,201806,3.0,3,3,3,0.17646256,14.631291,0,2,520551320180619589,2023-08-20,Cocalzinho de Goiás,0,0.53919995,20504,18.1428571428571,97.5495188571429,1,0,0,87.7539664285714,77.7775105714286,19.4515875714286,21.4285714285714,1,,,,,5785,2018-02-04,5205513,Cocalzinho de Goias,GO,2018,6
1517097600000,201805,3.0,3,3,3,0.19328491,14.631291,0,1,520551320180519589,2023-08-20,Cocalzinho de Goiás,0,0.5596112,20504,19.4285714285714,94.0323171428571,1,0,0,87.810627,81.0663728571429,20.5428571428571,21.7142857142857,1,,,,,5785,2018-01-28,5205513,Cocalzinho de Goias,GO,2018,5
1516492800000,201804,8.0,8,8,8,0.8910801,39.016777,0,1,520551320180419589,2023-08-20,Cocalzinho de Goiás,0,2.0318532,20504,18.4285714285714,86.0537834285714,1,0,1,68.2273435714286,44.8479174285714,21.5359211428571,26.1428571428571,6,,,,,5785,2018-01-21,5205513,Cocalzinho de Goias,GO,2018,4
1515888000000,201803,5.0,5,5,5,0.8710162,24.385487,0,1,520551320180319589,2023-08-20,Cocalzinho de Goiás,0,2.2847567,20504,17.2857142857143,89.0138111428571,0,0,1,74.5576338571429,60.333589,20.0857142857143,23.1428571428571,4,,,,,5785,2018-01-14,5205513,Cocalzinho de Goias,GO,2018,3
1515283200000,201802,5.0,5,5,5,0.94824964,24.385487,0,1,520551320180219589,2023-08-20,Cocalzinho de Goiás,0,3.7628357,20504,18.0,89.8707705714286,0,0,1,82.27582,75.7994037142857,19.5714285714286,21.2857142857143,3,,,,,5785,2018-01-07,5205513,Cocalzinho de Goias,GO,2018,2
1514678400000,201801,1.0,1,1,1,0.3285625,4.877097,0,1,520551320180119589,2023-08-20,Cocalzinho de Goiás,0,0.622758,20504,18.8571428571429,94.8225114285714,1,0,0,89.8873771428571,83.2528934285714,19.8428571428571,20.8571428571429,1,,,,,5785,2017-12-31,5205513,Cocalzinho de Goias,GO,2018,1
1514073600000,201752,1.0,1,1,1,0.17482027,4.877097,0,1,520551320175219589,2023-08-20,Cocalzinho de Goiás,0,0.3974475,20504,19.1428571428571,86.8635442857143,1,0,0,78.5883127142857,67.8196414285714,21.1888887142857,23.4285714285714,1,,,,,5785,2017-12-24,5205513,Cocalzinho de Goias,GO,2017,52
1513468800000,201751,1.0,1,1,1,0.086110726,4.877097,0,1,520551320175119589,2023-08-20,Cocalzinho de Goiás,0,0.28267246,20504,17.4285714285714,91.5223002857143,0,0,0,78.1993728571429,65.7363848571429,20.5313492857143,23.4285714285714,0,,,,,5785,2017-12-17,5205513,Cocalzinho de Goias,GO,2017,51
1512864000000,201750,3.0,3,3,3,0.26027438,14.631291,0,2,520551320175019589,2023-08-20,Cocalzinho de Goiás,0,0.6414689,20504,18.1666666666667,96.964804,1,0,0,91.1291156666667,81.1464446666667,19.0916666666667,21.0,3,,,,,5785,2017-12-10,5205513,Cocalzinho de Goias,GO,2017,50
1512259200000,201749,3.0,3,3,3,0.18526004,14.631291,0,1,520551320174919589,2023-08-20,Cocalzinho de Goiás,0,0.5498833,20504,19.5714285714286,90.7450285714286,1,0,0,83.419618,70.7765421428571,21.2270974285714,24.0,3,,,,,5785,2017-12-03,5205513,Cocalzinho de Goias,GO,2017,49
1511654400000,201748,5.0,5,5,5,0.45328048,24.385487,0,1,520551320174819589,2023-08-20,Cocalzinho de Goiás,0,0.93234766,20504,18.5,93.907157,1,0,1,78.747975,61.0472205,21.041666,24.5,5,,,,,5785,2017-11-26,5205513,Cocalzinho de Goias,GO,2017,48
1511049600000,201747,6.0,6,6,6,0.65906423,29.262583,0,1,520551320174719589,2023-08-20,Cocalzinho de Goiás,0,1.2733963,20504,17.975,91.84822725,0,0,1,,,,,3,,,,,5785,2017-11-19,5205513,Cocalzinho de Goias,GO,2017,47
1510444800000,201746,6.0,6,6,6,0.74014765,29.262583,0,1,520551320174619589,2023-08-20,Cocalzinho de Goiás,0,1.4814911,20504,17.45,89.7892975,0,0,1,,,,,5,,,,,5785,2017-11-12,5205513,Cocalzinho de Goias,GO,2017,46
1509840000000,201745,4.0,4,4,4,0.5665548,19.508389,0,1,520551320174519589,2023-08-20,Cocalzinho de Goiás,0,1.1223025,20504,16.925,87.73036775,0,0,0,,,,,4,,,,,5785,2017-11-05,5205513,Cocalzinho de Goias,GO,2017,45
1509235200000,201744,5.0,5,5,5,0.70398873,24.385487,0,1,520551320174419589,2023-08-20,Cocalzinho de Goiás,0,1.4220421,20504,16.4,85.671438,0,0,1,,,,,2,,,,,5785,2017-10-29,5205513,Cocalzinho de Goias,GO,2017,44
1508630400000,201743,2.0,2,2,2,0.24348114,9.754194,0,1,520551320174319589,2023-08-20,Cocalzinho de Goiás,0,0.5719715,20504,15.875,83.61250825,0,0,0,,,,,2,,,,,5785,2017-10-22,5205513,Cocalzinho de Goias,GO,2017,43
1508025600000,201742,5.0,5,5,5,0.6935976,24.385487,0,1,520551320174219589,2023-08-20,Cocalzinho de Goiás,0,1.3922275,20504,15.35,81.5535785,0,0,1,,,,,2,,,,,5785,2017-10-15,5205513,Cocalzinho de Goias,GO,2017,42
1507420800000,201741,2.0,2,2,2,0.29641163,9.754194,0,1,520551320174119589,2023-08-20,Cocalzinho de Goiás,0,0.6437649,20504,14.825,79.49464875,0,0,0,,,,,1,,,,,5785,2017-10-08,5205513,Cocalzinho de Goias,GO,2017,41
1506816000000,201740,5.0,5,5,5,0.8607278,24.385487,0,1,520551320174019589,2023-08-20,Cocalzinho de Goiás,0,2.1905522,20504,14.3,77.435719,0,0,1,,,,,2,,,,,5785,2017-10-01,5205513,Cocalzinho de Goias,GO,2017,40
1506211200000,201739,3.0,3,3,3,0.7822856,14.631291,0,1,520551320173919589,2023-08-20,Cocalzinho de Goiás,0,1.9849743,20504,13.775,75.37678925,0,0,0,,,,,0,,,,,5785,2017-09-24,5205513,Cocalzinho de Goias,GO,2017,39
1505606400000,201738,2.0,2,2,2,0.7486874,9.754194,0,1,520551320173819589,2023-08-20,Cocalzinho de Goiás,0,1.990318,20504,13.25,73.3178595,0,0,0,,,,,1,,,,,5785,2017-09-17,5205513,Cocalzinho de Goias,GO,2017,38
1505001600000,201737,2.0,2,2,2,0.6583202,9.754194,0,1,520551320173719589,2023-08-20,Cocalzinho de Goiás,0,1.4867073,20504,12.725,71.25892975,0,0,0,,,,,2,,,,,5785,2017-09-10,5205513,Cocalzinho de Goias,GO,2017,37
1504396800000,201736,0.0,0,0,0,0.0,0.0,0,1,520551320173619589,2023-08-20,Cocalzinho de Goiás,0,0.0,20504,12.2,69.2,0,0,0,53.9321426,38.8,15.7285714,19.6,0,,,,,5785,2017-09-03,5205513,Cocalzinho de Goias,GO,2017,36
1503792000000,201735,1.0,1,1,1,0.28064266,4.877097,0,1,520551320173519589,2023-08-20,Cocalzinho de Goiás,0,0.54549605,20504,13.1428571428571,64.7142857142857,0,0,0,51.4603174285714,36.4285714285714,15.5178571428571,18.7142857142857,1,,,,,5785,2017-08-27,5205513,Cocalzinho de Goias,GO,2017,35
1503187200000,201734,3.0,3,3,3,0.8379567,14.631291,0,1,520551320173419589,2023-08-20,Cocalzinho de Goiás,0,2.4756415,20504,15.2857142857143,72.4285714285714,0,0,0,63.3015871428571,52.8571428571429,17.1726191428571,19.1428571428571,1,,,,,5785,2017-08-20,5205513,Cocalzinho de Goias,GO,2017,34
1502582400000,201733,2.0,2,2,2,0.710127,9.754194,0,1,520551320173319589,2023-08-20,Cocalzinho de Goiás,0,1.7413579,20504,13.5714285714286,64.5714285714286,0,0,0,54.4107142857143,41.5714285714286,16.0694444285714,19.2857142857143,2,,,,,5785,2017-08-13,5205513,Cocalzinho de Goias,GO,2017,33
1501977600000,201732,1.0,1,1,1,0.2992466,4.877097,0,1,520551320173219589,2023-08-20,Cocalzinho de Goiás,0,0.5745168,20504,14.0,72.1428571428571,0,0,0,63.6488091428571,53.0,15.6130952857143,17.7142857142857,0,,,,,5785,2017-08-06,5205513,Cocalzinho de Goias,GO,2017,32
1501372800000,201731,0.0,0,0,0,0.0,0.0,0,1,520551320173119589,2023-08-20,Cocalzinho de Goiás,0,0.0,20504,10.7142857142857,78.0,0,0,0,68.2678571428571,57.8571428571429,12.4821428571429,14.8571428571429,0,,,,,5785,2017-07-30,5205513,Cocalzinho de Goias,GO,2017,31
1500768000000,201730,3.0,3,3,3,0.33534247,14.631291,0,1,520551320173019589,2023-08-20,Cocalzinho de Goiás,0,0.7385409,20504,11.0,74.1428571428571,0,0,0,64.8333337142857,53.2857142857143,12.9033447142857,15.8571428571429,2,,,,,5785,2017-07-23,5205513,Cocalzinho de Goias,GO,2017,30
1500163200000,201729,1.0,1,1,1,0.017735425,4.877097,0,1,520551320172919589,2023-08-20,Cocalzinho de Goiás,0,0.17190336,20504,10.1428571428571,81.4285714285714,0,0,0,71.2678571428571,61.0,12.3392857142857,14.7142857142857,0,,,,,5785,2017-07-16,5205513,Cocalzinho de Goias,GO,2017,29
1499558400000,201728,4.0,4,4,4,0.17871001,19.508389,0,1,520551320172819589,2023-08-20,Cocalzinho de Goiás,0,0.5794381,20504,12.4285714285714,80.8571428571429,0,0,0,71.7099201428571,62.0,13.7638888571429,15.1428571428571,2,,,,,5785,2017-07-09,5205513,Cocalzinho de Goias,GO,2017,28
1498953600000,201727,7.0,7,7,7,0.47722596,34.13968,0,1,520551320172719589,2023-08-20,Cocalzinho de Goiás,0,0.9710033,20504,11.2857142857143,77.0,0,0,1,70.051588,61.4285714285714,12.515873,14.0,7,,,,,5785,2017-07-02,5205513,Cocalzinho de Goias,GO,2017,27
1498348800000,201726,6.0,6,6,6,0.2929378,29.262583,0,1,520551320172619589,2023-08-20,Cocalzinho de Goiás,0,0.7525786,20504,13.2857142857143,77.5714285714286,0,0,1,66.5651928571429,55.2857142857143,15.3472221428571,16.8571428571429,3,,,,,5785,2017-06-25,5205513,Cocalzinho de Goias,GO,2017,26
1497744000000,201725,10.0,10,10,10,0.45173514,48.770973,0,1,520551320172519589,2023-08-20,Cocalzinho de Goiás,0,0.94890106,20504,12.7142857142857,80.8571428571429,0,0,1,73.7301592857143,65.7142857142857,14.156746,16.1428571428571,6,,,,,5785,2017-06-18,5205513,Cocalzinho de Goias,GO,2017,25
1497139200000,201724,2.0,2,2,2,0.0012005012,9.754194,0,1,520551320172419589,2023-08-20,Cocalzinho de Goiás,0,0.15915008,20504,14.2857142857143,89.8571428571429,0,0,0,80.9348071428571,69.2857142857143,16.1686507142857,18.8571428571429,1,,,,,5785,2017-06-11,5205513,Cocalzinho de Goias,GO,2017,24
1496534400000,201723,16.0,16,16,16,0.583755,78.033554,0,1,520551320172319589,2023-08-20,Cocalzinho de Goiás,0,1.0780697,20504,15.1428571428571,94.0,0,0,2,88.2103171428571,81.2857142857143,16.6805557142857,18.5714285714286,8,,,,,5785,2017-06-04,5205513,Cocalzinho de Goias,GO,2017,23
1495929600000,201722,9.0,9,9,9,0.09688785,43.893875,0,1,520551320172219589,2023-08-20,Cocalzinho de Goiás,0,0.590097,20504,16.8571428571429,93.1428571428571,0,0,1,86.6031742857143,79.8571428571429,18.3988094285714,20.1428571428571,6,,,,,5785,2017-05-28,5205513,Cocalzinho de Goias,GO,2017,22
1495324800000,201721,16.0,16,16,16,0.75103265,78.033554,0,4,520551320172119589,2023-08-20,Cocalzinho de Goiás,0,1.2858465,20504,18.0,95.0,0,0,2,91.1206342857143,85.2857142857143,19.0083334285714,20.4285714285714,8,,,,,5785,2017-05-21,5205513,Cocalzinho de Goias,GO,2017,21
1494720000000,201720,20.0,20,20,20,0.9544282,97.54195,0,1,520551320172019589,2023-08-20,Cocalzinho de Goiás,0,1.8481263,20504,17.0,97.4285714285714,0,1,2,89.9309864285714,79.7142857142857,18.9165981428571,20.8571428571429,12,,,,,5785,2017-05-14,5205513,Cocalzinho de Goias,GO,2017,20
1494115200000,201719,10.0,10,10,10,0.3519212,48.770973,0,1,520551320171919589,2023-08-20,Cocalzinho de Goiás,0,0.8519673,20504,16.0,89.0,0,0,1,79.252551,69.5714285714286,17.7653061428571,20.1428571428571,8,,,,,5785,2017-05-07,5205513,Cocalzinho de Goias,GO,2017,19
1493510400000,201718,8.0,8,8,8,0.19351245,39.016777,0,1,520551320171819589,2023-08-20,Cocalzinho de Goiás,0,0.68078065,20504,16.8571428571429,94.8571428571429,0,0,1,84.5280614285714,75.2857142857143,18.9260202857143,20.7142857142857,3,,,,,5785,2017-04-30,5205513,Cocalzinho de Goias,GO,2017,18
1492905600000,201717,14.0,14,14,14,0.7795248,68.27936,0,4,520551320171719589,2023-08-20,Cocalzinho de Goiás,0,1.3623906,20504,19.2857142857143,96.5714285714286,1,0,2,91.2924264285714,82.4285714285714,20.4856175714286,22.4285714285714,8,,,,,5785,2017-04-23,5205513,Cocalzinho de Goias,GO,2017,17
1492300800000,201716,13.0,13,13,13,0.81964827,63.402264,0,1,520551320171619589,2023-08-20,Cocalzinho de Goiás,0,1.4730796,20504,18.4285714285714,91.7142857142857,1,0,2,85.4999984285714,75.8571428571429,19.9875282857143,21.8571428571429,10,,,,,5785,2017-04-16,5205513,Cocalzinho de Goias,GO,2017,16
1491696000000,201715,9.0,9,9,9,0.6268584,43.893875,0,1,520551320171519589,2023-08-20,Cocalzinho de Goiás,0,1.1671873,20504,17.8571428571429,92.4285714285714,0,0,1,80.7494321428571,65.1428571428571,20.2063492857143,23.0,6,,,,,5785,2017-04-09,5205513,Cocalzinho de Goias,GO,2017,15
1491091200000,201714,10.0,10,10,10,0.7914047,48.770973,0,1,520551320171419589,2023-08-20,Cocalzinho de Goiás,0,1.4769366,20504,18.0,94.0,0,0,1,87.0733742857143,78.4285714285714,19.8468507142857,21.8571428571429,6,,,,,5785,2017-04-02,5205513,Cocalzinho de Goias,GO,2017,14
1490486400000,201713,6.0,6,6,6,0.60689825,29.262583,0,2,520551320171319589,2023-08-20,Cocalzinho de Goiás,0,1.1697882,20504,18.5714285714286,97.4285714285714,1,0,1,90.9754791428571,81.1428571428571,19.875263,21.2857142857143,5,,,,,5785,2017-03-26,5205513,Cocalzinho de Goias,GO,2017,13
1489881600000,201712,9.0,9,9,9,0.9523566,43.893875,0,2,520551320171219589,2023-08-20,Cocalzinho de Goiás,0,2.622976,20504,18.2857142857143,96.5714285714286,1,1,1,89.9855434285714,80.5714285714286,19.6284012857143,21.7142857142857,4,,,,,5785,2017-03-19,5205513,Cocalzinho de Goias,GO,2017,12
1489276800000,201711,4.0,4,4,4,0.74130744,19.508389,0,1,520551320171119589,2023-08-20,Cocalzinho de Goiás,0,1.6214237,20504,18.2857142857143,92.7142857142857,1,0,0,82.5025514285714,69.1428571428571,21.0408164285714,23.4285714285714,3,,,,,5785,2017-03-12,5205513,Cocalzinho de Goias,GO,2017,11
1488672000000,201710,4.0,4,4,4,0.6202422,19.508389,0,1,520551320171019589,2023-08-20,Cocalzinho de Goiás,0,1.2404364,20504,20.2857142857143,90.0,1,0,0,80.1154762857143,67.0,22.0928571428571,24.1428571428571,4,,,,,5785,2017-03-05,5205513,Cocalzinho de Goias,GO,2017,10
1488067200000,201709,1.0,1,1,1,0.04076102,4.877097,0,1,520551320170919589,2023-08-20,Cocalzinho de Goiás,0,0.21660653,20504,18.0,97.1428571428571,0,0,0,89.6066791428571,80.1428571428571,19.7307515714286,21.4285714285714,0,,,,,5785,2017-02-26,5205513,Cocalzinho de Goias,GO,2017,9
1487462400000,201708,2.0,2,2,2,0.15881756,9.754194,0,2,520551320170819589,2023-08-20,Cocalzinho de Goiás,0,0.4637306,20504,19.5714285714286,90.5714285714286,1,0,0,82.4666671428571,71.5714285714286,21.470238,23.4285714285714,0,,,,,5785,2017-02-19,5205513,Cocalzinho de Goias,GO,2017,8
1486857600000,201707,7.0,7,7,7,0.89197505,34.13968,0,2,520551320170719589,2023-08-20,Cocalzinho de Goiás,0,2.1532853,20504,19.1428571428571,94.8571428571429,1,0,1,84.2842971428571,67.0,20.8106578571429,22.5714285714286,6,,,,,5785,2017-02-12,5205513,Cocalzinho de Goias,GO,2017,7
1486252800000,201706,5.0,5,5,5,0.80444825,24.385487,0,2,520551320170619589,2023-08-20,Cocalzinho de Goiás,0,1.8131665,20504,19.5714285714286,95.7142857142857,1,0,1,90.7521895714286,79.7142857142857,20.9316501428571,23.1428571428571,4,,,,,5785,2017-02-05,5205513,Cocalzinho de Goias,GO,2017,6
1485648000000,201705,1.0,1,1,1,0.29212597,4.877097,0,2,520551320170519589,2023-08-20,Cocalzinho de Goiás,0,0.5632732,20504,19.5714285714286,90.7142857142857,1,0,0,83.3244995714286,74.4285714285714,21.0728368571429,22.8571428571429,0,,,,,5785,2017-01-29,5205513,Cocalzinho de Goias,GO,2017,5
1485043200000,201704,5.0,5,5,5,0.9657139,24.385487,0,1,520551320170419589,2023-08-20,Cocalzinho de Goiás,0,4.7412715,20504,18.7142857142857,96.0,1,1,1,85.9585037142857,73.8571428571429,20.4312927142857,23.0,1,,,,,5785,2017-01-22,5205513,Cocalzinho de Goias,GO,2017,4
1484438400000,201703,1.0,1,1,1,0.44820294,4.877097,0,1,520551320170319589,2023-08-20,Cocalzinho de Goiás,0,0.8637249,20504,18.7142857142857,94.8571428571429,1,0,0,85.686888,66.5714285714286,20.707794,23.4285714285714,1,,,,,5785,2017-01-15,5205513,Cocalzinho de Goias,GO,2017,3
1483833600000,201702,0.0,0,0,0,0.0,0.0,0,1,520551320170219589,2023-08-20,Cocalzinho de Goiás,0,0.0,20504,19.8571428571429,90.7142857142857,0,0,0,83.31172,68.8571428571429,21.6940901428571,23.7142857142857,0,,,,,5785,2017-01-08,5205513,Cocalzinho de Goias,GO,2017,2
1483228800000,201701,2.0,2,2,2,0.57463545,9.754194,0,1,520551320170119589,2023-08-20,Cocalzinho de Goiás,0,1.1916584,20504,19.7142857142857,87.4285714285714,1,0,0,72.289117,56.2857142857143,22.7341267142857,25.7142857142857,0,,,,,5785,2017-01-01,5205513,Cocalzinho de Goias,GO,2017,1
1482624000000,201652,1.0,1,1,1,0.10874452,4.877097,0,1,520551320165219589,2023-08-20,Cocalzinho de Goiás,0,0.3124038,20504,19.0,92.2857142857143,1,0,0,77.8925728571429,62.8571428571429,21.828456,24.7142857142857,0,,,,,5785,2016-12-25,5205513,Cocalzinho de Goias,GO,2016,52
1482019200000,201651,1.0,1,1,1,0.04177455,4.877097,0,1,520551320165119589,2023-08-20,Cocalzinho de Goiás,0,0.2182819,20504,20.1428571428571,85.2857142857143,0,0,0,74.4387757142857,61.2857142857143,22.1479591428571,24.5714285714286,1,,,,,5785,2016-12-18,5205513,Cocalzinho de Goias,GO,2016,51
1481414400000,201650,2.0,2,2,2,0.19295496,9.754194,0,2,520551320165019589,2023-08-20,Cocalzinho de Goiás,0,0.506913,20504,19.7142857142857,95.7142857142857,1,0,0,89.082014,79.2857142857143,20.8965221428571,22.4285714285714,1,,,,,5785,2016-12-11,5205513,Cocalzinho de Goias,GO,2016,50
1480809600000,201649,8.0,8,8,8,0.9455178,39.016777,0,2,520551320164919589,2023-08-20,Cocalzinho de Goiás,0,2.6705868,20504,20.0,92.2857142857143,1,0,1,85.1367972857143,72.5714285714286,21.5807042857143,23.8571428571429,5,,,,,5785,2016-12-04,5205513,Cocalzinho de Goias,GO,2016,49
1480204800000,201648,3.0,3,3,3,0.55221534,14.631291,0,2,520551320164819589,2023-08-20,Cocalzinho de Goiás,0,1.1075221,20504,18.7142857142857,95.7142857142857,1,0,0,87.5812262857143,75.5714285714286,21.4258894285714,24.5714285714286,0,,,,,5785,2016-11-27,5205513,Cocalzinho de Goias,GO,2016,48
1479600000000,201647,2.0,2,2,2,0.38671705,9.754194,0,2,520551320164719589,2023-08-20,Cocalzinho de Goiás,0,0.78139126,20504,19.1666666666667,98.0,1,0,0,89.8182611666667,81.1666666666667,20.6537588333333,22.5,2,,,,,5785,2016-11-20,5205513,Cocalzinho de Goias,GO,2016,47
1478995200000,201646,4.0,4,4,4,0.71300846,19.508389,0,2,520551320164619589,2023-08-20,Cocalzinho de Goiás,0,1.5118507,20504,19.0,98.2857142857143,1,0,0,88.4113421428571,76.4285714285714,20.5806982857143,22.7142857142857,3,,,,,5785,2016-11-13,5205513,Cocalzinho de Goias,GO,2016,46
1478390400000,201645,1.0,1,1,1,0.20188326,4.877097,0,2,520551320164519589,2023-08-20,Cocalzinho de Goiás,0,0.4331992,20504,19.2857142857143,94.1428571428571,1,0,0,86.5108848571429,75.7142857142857,20.9880951428571,23.1428571428571,0,,,,,5785,2016-11-06,5205513,Cocalzinho de Goias,GO,2016,45
1477785600000,201644,4.0,4,4,4,0.8732765,19.508389,0,1,520551320164419589,2023-08-20,Cocalzinho de Goiás,0,2.5619378,20504,19.8571428571429,93.4285714285714,1,0,0,85.7820195714286,75.5714285714286,21.1360837142857,22.4285714285714,4,,,,,5785,2016-10-30,5205513,Cocalzinho de Goias,GO,2016,44
1477180800000,201643,2.0,2,2,2,0.75960416,9.754194,0,1,520551320164319589,2023-08-20,Cocalzinho de Goiás,0,2.0737429,20504,19.2857142857143,87.0,1,0,0,76.2435685714286,62.8571428571429,21.2112748571429,23.7142857142857,1,,,,,5785,2016-10-23,5205513,Cocalzinho de Goias,GO,2016,43
1476576000000,201642,2.0,2,2,2,0.6768171,9.754194,0,1,520551320164219589,2023-08-20,Cocalzinho de Goiás,0,1.5693823,20504,20.2857142857143,80.4285714285714,0,0,0,71.1638888571429,58.2857142857143,21.9146827142857,24.2857142857143,2,,,,,5785,2016-10-16,5205513,Cocalzinho de Goias,GO,2016,42
1475971200000,201641,0.0,0,0,0,0.0,0.0,0,1,520551320164119589,2023-08-20,Cocalzinho de Goiás,0,0.0,20504,20.1428571428571,75.2857142857143,0,0,0,67.3004545714286,55.7142857142857,21.5955212857143,23.5714285714286,0,,,,,5785,2016-10-09,5205513,Cocalzinho de Goias,GO,2016,41
1475366400000,201640,1.0,1,1,1,0.0963256,4.877097,0,1,520551320164019589,2023-08-20,Cocalzinho de Goiás,0,0.29621407,20504,18.0,90.7142857142857,0,0,0,80.3370985714286,68.4285714285714,20.0352565714286,22.2857142857143,1,,,,,5785,2016-10-02,5205513,Cocalzinho de Goias,GO,2016,40
1474761600000,201639,2.0,2,2,2,0.2938279,9.754194,0,1,520551320163919589,2023-08-20,Cocalzinho de Goiás,0,0.64014006,20504,17.7142857142857,94.0,0,0,0,84.3971092857143,72.5714285714286,19.8089564285714,22.8571428571429,2,,,,,5785,2016-09-25,5205513,Cocalzinho de Goias,GO,2016,39
1474156800000,201638,5.0,5,5,5,0.8365207,24.385487,0,1,520551320163819589,2023-08-20,Cocalzinho de Goiás,0,2.004865,20504,18.2857142857143,80.1428571428571,0,0,1,68.0518615714286,53.7142857142857,20.0165567142857,22.8571428571429,5,,,,,5785,2016-09-18,5205513,Cocalzinho de Goias,GO,2016,38
1473552000000,201637,3.0,3,3,3,0.60600597,14.631291,0,1,520551320163719589,2023-08-20,Cocalzinho de Goiás,0,1.2389752,20504,14.7142857142857,73.5714285714286,0,0,0,59.3626411428571,44.1428571428571,17.8866214285714,21.1428571428571,3,,,,,5785,2016-09-11,5205513,Cocalzinho de Goias,GO,2016,37
1472947200000,201636,2.0,2,2,2,0.43199047,9.754194,0,1,520551320163619589,2023-08-20,Cocalzinho de Goiás,0,0.8609771,20504,14.5714285714286,73.5714285714286,0,0,0,59.6295342857143,46.8571428571429,17.3146257142857,20.4285714285714,2,,,,,5785,2016-09-04,5205513,Cocalzinho de Goias,GO,2016,36
1472342400000,201635,2.0,2,2,2,0.52098566,9.754194,0,1,520551320163519589,2023-08-20,Cocalzinho de Goiás,0,1.0489894,20504,15.2857142857143,79.0,0,0,0,61.1159295714286,42.4285714285714,19.5615075714286,23.8571428571429,2,,,,,5785,2016-08-28,5205513,Cocalzinho de Goias,GO,2016,35
1471737600000,201634,4.0,4,4,4,0.69488287,19.508389,0,1,520551320163419589,2023-08-20,Cocalzinho de Goiás,0,1.4496622,20504,13.4285714285714,85.0,0,0,0,70.3480991428571,54.7142857142857,17.0159275714286,21.0,4,,,,,5785,2016-08-21,5205513,Cocalzinho de Goias,GO,2016,34
1471132800000,201633,0.0,0,0,0,0.0,0.0,0,1,520551320163319589,2023-08-20,Cocalzinho de Goiás,0,0.0,20504,16.4285714285714,78.7142857142857,0,0,0,68.9680478571429,58.4285714285714,18.7260538571429,20.8571428571429,0,,,,,5785,2016-08-14,5205513,Cocalzinho de Goias,GO,2016,33
1470528000000,201632,2.0,2,2,2,0.08897398,9.754194,0,1,520551320163219589,2023-08-20,Cocalzinho de Goiás,0,0.37225527,20504,13.4285714285714,74.1428571428571,0,0,0,61.0568771428571,47.4285714285714,16.3796294285714,20.1428571428571,0,,,,,5785,2016-08-07,5205513,Cocalzinho de Goias,GO,2016,32
1469923200000,201631,6.0,6,6,6,0.45444238,29.262583,0,1,520551320163119589,2023-08-20,Cocalzinho de Goiás,0,0.93905777,20504,11.8571428571429,83.8571428571429,0,0,1,67.3651914285714,49.7142857142857,15.1477325714286,18.8571428571429,4,,,,,5785,2016-07-31,5205513,Cocalzinho de Goias,GO,2016,31
1469318400000,201630,5.0,5,5,5,0.2666247,24.385487,0,1,520551320163019589,2023-08-20,Cocalzinho de Goiás,0,0.7056095,20504,12.4285714285714,79.1428571428571,0,0,1,65.7624717142857,53.7142857142857,15.5039682857143,18.5714285714286,5,,,,,5785,2016-07-24,5205513,Cocalzinho de Goias,GO,2016,30
1468713600000,201629,5.0,5,5,5,0.2884658,24.385487,0,1,520551320162919589,2023-08-20,Cocalzinho de Goiás,0,0.7300203,20504,11.7142857142857,83.0,0,0,1,69.3151912857143,55.1428571428571,14.6000565714286,17.8571428571429,5,,,,,5785,2016-07-17,5205513,Cocalzinho de Goias,GO,2016,29
1468108800000,201628,11.0,11,11,11,0.69870704,53.648067,0,1,520551320162819589,2023-08-20,Cocalzinho de Goiás,0,1.2588694,20504,10.2857142857143,89.4285714285714,0,0,1,75.4257362857143,57.1428571428571,13.4325398571429,17.4285714285714,5,,,,,5785,2016-07-10,5205513,Cocalzinho de Goias,GO,2016,28
1467504000000,201627,3.0,3,3,3,0.0036309583,14.631291,0,1,520551320162719589,2023-08-20,Cocalzinho de Goiás,0,0.23024146,20504,14.1428571428571,82.7142857142857,0,0,0,71.2820285714286,56.2857142857143,16.170068,18.8571428571429,2,,,,,5785,2016-07-03,5205513,Cocalzinho de Goias,GO,2016,27
1466899200000,201626,8.0,8,8,8,0.023889303,39.016777,0,1,520551320162619589,2023-08-20,Cocalzinho de Goiás,0,0.45071408,20504,12.2857142857143,88.8571428571429,0,0,1,74.8065812857143,57.2857142857143,14.41523,17.0,4,,,,,5785,2016-06-26,5205513,Cocalzinho de Goias,GO,2016,26
1466294400000,201625,13.0,13,13,13,0.09773836,63.402264,0,4,520551320162519589,2023-08-20,Cocalzinho de Goiás,0,0.6387919,20504,11.8571428571429,94.0,0,0,2,80.1425732857143,66.1428571428571,14.3024375714286,17.2857142857143,8,,,,,5785,2016-06-19,5205513,Cocalzinho de Goias,GO,2016,25
1465689600000,201624,18.0,18,18,18,0.47121453,87.78775,0,4,520551320162419589,2023-08-20,Cocalzinho de Goiás,0,0.9766201,20504,11.5714285714286,94.8571428571429,0,0,2,84.1095234285714,70.8571428571429,14.0441041428571,16.8571428571429,13,,,,,5785,2016-06-12,5205513,Cocalzinho de Goias,GO,2016,24
1465084800000,201623,24.0,24,24,24,0.93943864,117.05033,0,4,520551320162319589,2023-08-20,Cocalzinho de Goiás,0,1.6514382,20504,14.7142857142857,96.7142857142857,0,0,2,85.0391148571429,71.2857142857143,17.3015871428571,20.2857142857143,16,,,,,5785,2016-06-05,5205513,Cocalzinho de Goias,GO,2016,23
1464480000000,201622,21.0,21,21,21,0.83759844,102.41904,0,1,520551320162219589,2023-08-20,Cocalzinho de Goiás,0,1.385176,20504,13.0,93.1428571428571,0,0,2,81.6394545714286,68.4285714285714,15.8486394285714,18.8571428571429,14,,,,,5785,2016-05-29,5205513,Cocalzinho de Goias,GO,2016,22
1463875200000,201621,11.0,11,11,11,0.06618961,53.648067,0,1,520551320162119589,2023-08-20,Cocalzinho de Goiás,0,0.57631224,20504,15.4285714285714,95.7142857142857,0,0,1,82.2964865714286,67.5714285714286,18.0731294285714,20.8571428571429,9,,,,,5785,2016-05-22,5205513,Cocalzinho de Goias,GO,2016,21
1463270400000,201620,9.0,9,9,9,0.024549644,43.893875,0,1,520551320162019589,2023-08-20,Cocalzinho de Goiás,0,0.46960738,20504,17.8571428571429,94.0,0,0,1,85.986962,74.7142857142857,19.2891154285714,21.4285714285714,8,,,,,5785,2016-05-15,5205513,Cocalzinho de Goias,GO,2016,20
1462665600000,201619,28.0,28,28,28,0.9554593,136.55872,0,4,520551320161919589,2023-08-20,Cocalzinho de Goiás,0,1.6677483,20504,15.5714285714286,88.1428571428571,0,1,2,75.1598618571429,59.2857142857143,18.2619048571429,21.4285714285714,26,,,,,5785,2016-05-08,5205513,Cocalzinho de Goias,GO,2016,19
1462060800000,201618,17.0,17,17,17,0.64864945,82.91065,0,4,520551320161819589,2023-08-20,Cocalzinho de Goiás,0,1.1429287,20504,15.4285714285714,94.0,0,0,2,81.981576,68.7142857142857,17.8897392857143,20.8571428571429,14,,,,,5785,2016-05-01,5205513,Cocalzinho de Goias,GO,2016,18
1461456000000,201617,18.0,18,18,18,0.71635854,87.78775,0,4,520551320161719589,2023-08-20,Cocalzinho de Goiás,0,1.2187239,20504,17.0,94.0,0,0,2,85.6716438571429,68.8571428571429,18.850505,21.7142857142857,17,,,,,5785,2016-04-24,5205513,Cocalzinho de Goias,GO,2016,17
1460851200000,201616,13.0,13,13,13,0.35191375,63.402264,0,4,520551320161619589,2023-08-20,Cocalzinho de Goiás,0,0.86781275,20504,16.5714285714286,88.0,0,0,2,67.2322385714286,43.1428571428571,20.5540441428571,24.8571428571429,8,,,,,5785,2016-04-17,5205513,Cocalzinho de Goias,GO,2016,16
1460246400000,201615,14.0,14,14,14,0.5053639,68.27936,0,4,520551320161519589,2023-08-20,Cocalzinho de Goiás,0,1.0050254,20504,16.2857142857143,89.0,0,0,2,58.2568032857143,24.5714285714286,22.7471658571429,28.7142857142857,12,,,,,5785,2016-04-10,5205513,Cocalzinho de Goias,GO,2016,15
1459641600000,201614,18.0,18,18,18,0.83179986,87.78775,0,4,520551320161419589,2023-08-20,Cocalzinho de Goiás,0,1.4112623,20504,17.1428571428571,91.5714285714286,0,0,2,80.3276642857143,66.1428571428571,19.5107708571429,22.5714285714286,13,,,,,5785,2016-04-03,5205513,Cocalzinho de Goias,GO,2016,14
1459036800000,201613,12.0,12,12,12,0.53237754,58.525166,0,4,520551320161319589,2023-08-20,Cocalzinho de Goiás,0,1.0334011,20504,16.4285714285714,96.5714285714286,0,0,2,87.1434238571429,76.0,18.3407027142857,20.5714285714286,10,,,,,5785,2016-03-27,5205513,Cocalzinho de Goias,GO,2016,13
1458432000000,201612,14.0,14,14,14,0.73438853,68.27936,0,1,520551320161219589,2023-08-20,Cocalzinho de Goiás,0,1.2808896,20504,17.4285714285714,96.5714285714286,0,0,2,89.8616778571429,80.2857142857143,18.929705,20.8571428571429,11,,,,,5785,2016-03-20,5205513,Cocalzinho de Goias,GO,2016,12
1457827200000,201611,11.0,11,11,11,0.3983861,53.648067,0,1,520551320161119589,2023-08-20,Cocalzinho de Goiás,0,0.90027833,20504,17.2857142857143,95.8571428571429,0,0,1,87.914682,77.1428571428571,19.1309525714286,21.5714285714286,6,,,,,5785,2016-03-13,5205513,Cocalzinho de Goias,GO,2016,11
1457222400000,201610,11.0,11,11,11,0.24785316,53.648067,0,1,520551320161019589,2023-08-20,Cocalzinho de Goiás,0,0.7654863,20504,19.7142857142857,99.1428571428571,1,0,1,90.8820865714286,80.0,20.6164965714286,22.0,9,,,,,5785,2016-03-06,5205513,Cocalzinho de Goias,GO,2016,10
1456617600000,201609,8.0,8,8,8,0.11520212,39.016777,0,1,520551320160919589,2023-08-20,Cocalzinho de Goiás,0,0.5965798,20504,19.0,95.7142857142857,1,0,1,88.2529098571429,76.7142857142857,20.6726508571429,22.4285714285714,4,,,,,5785,2016-02-28,5205513,Cocalzinho de Goias,GO,2016,9
1456012800000,201608,21.0,21,21,21,0.9365903,102.41904,0,4,520551320160819589,2023-08-20,Cocalzinho de Goiás,0,1.7009547,20504,17.2857142857143,96.8571428571429,0,0,2,89.1411558571429,80.2857142857143,18.72449,20.8571428571429,11,,,,,5785,2016-02-21,5205513,Cocalzinho de Goias,GO,2016,8
1455408000000,201607,12.0,12,12,12,0.39548707,58.525166,0,1,520551320160719589,2023-08-20,Cocalzinho de Goiás,0,0.9014907,20504,17.5714285714286,94.0,0,0,2,85.2006808571429,65.7142857142857,19.4691558571429,21.5714285714286,6,,,,,5785,2016-02-14,5205513,Cocalzinho de Goias,GO,2016,7
1454803200000,201606,9.0,9,9,9,0.20253137,43.893875,0,1,520551320160619589,2023-08-20,Cocalzinho de Goiás,0,0.70294416,20504,18.5714285714286,94.8571428571429,1,0,1,70.5996,37.1428571428571,23.3761632857143,29.1428571428571,2,,,,,5785,2016-02-07,5205513,Cocalzinho de Goias,GO,2016,6
1454198400000,201605,16.0,16,16,16,0.86911464,78.033554,0,4,520551320160519589,2023-08-20,Cocalzinho de Goiás,0,1.5453985,20504,16.7142857142857,96.5714285714286,0,0,2,69.3639462857143,34.7142857142857,22.9293205714286,29.0,6,,,,,5785,2016-01-31,5205513,Cocalzinho de Goias,GO,2016,5
1453593600000,201604,15.0,15,15,15,0.91239494,73.156456,0,2,520551320160419589,2023-08-20,Cocalzinho de Goiás,0,1.7487861,20504,19.1428571428571,97.4285714285714,1,0,2,88.2325914285714,76.2857142857143,20.553884,22.4285714285714,1,,,,,5785,2016-01-24,5205513,Cocalzinho de Goias,GO,2016,4
1452988800000,201603,8.0,8,8,8,0.64991176,39.016777,0,2,520551320160319589,2023-08-20,Cocalzinho de Goiás,0,1.217111,20504,19.4285714285714,96.5714285714286,1,0,1,91.8866034285714,83.8571428571429,20.3352258571429,21.7142857142857,3,,,,,5785,2016-01-17,5205513,Cocalzinho de Goias,GO,2016,3
1452384000000,201602,9.0,9,9,9,0.93479425,43.893875,0,2,520551320160219589,2023-08-20,Cocalzinho de Goiás,0,2.3436718,20504,19.8571428571429,96.5714285714286,1,0,1,91.8952377142857,85.0,20.4555558571429,21.7142857142857,0,,,,,5785,2016-01-10,5205513,Cocalzinho de Goias,GO,2016,2
1451779200000,201601,9.0,9,9,9,0.96559185,43.893875,0,2,520551320160119589,2023-08-20,Cocalzinho de Goiás,0,2.9463742,20504,19.8571428571429,95.7142857142857,1,1,1,92.1944434285714,87.0,20.3042657142857,21.2857142857143,1,,,,,5785,2016-01-03,5205513,Cocalzinho de Goias,GO,2016,1
1451174400000,201552,1.0,1,1,1,0.04919326,4.877097,0,2,520551320155219589,2023-08-20,Cocalzinho de Goiás,0,0.23012865,20504,18.7142857142857,97.4285714285714,1,0,0,88.9041938571429,79.7142857142857,19.7125842857143,21.4285714285714,0,,,,,5785,2015-12-27,5205513,Cocalzinho de Goias,GO,2015,52
1450569600000,201551,2.0,2,2,2,0.059494555,9.754194,0,2,520551320155119589,2023-08-20,Cocalzinho de Goiás,0,0.32858858,20504,18.1428571428571,93.4285714285714,1,0,0,81.7665335714286,70.7142857142857,20.3035714285714,22.7142857142857,1,,,,,5785,2015-12-20,5205513,Cocalzinho de Goias,GO,2015,51
1449964800000,201550,5.0,5,5,5,0.33265713,24.385487,0,2,520551320155019589,2023-08-20,Cocalzinho de Goiás,0,0.78050536,20504,18.2857142857143,93.1428571428571,1,0,1,82.9737322857143,69.8571428571429,19.9398998571429,22.1428571428571,0,,,,,5785,2015-12-13,5205513,Cocalzinho de Goias,GO,2015,50
1449360000000,201549,5.0,5,5,5,0.6406987,24.385487,0,2,520551320154919589,2023-08-20,Cocalzinho de Goiás,0,1.258974,20504,18.4285714285714,96.5714285714286,1,0,1,81.6306114285714,56.7142857142857,21.272789,25.7142857142857,0,,,,,5785,2015-12-06,5205513,Cocalzinho de Goias,GO,2015,49
1448755200000,201548,11.0,11,11,11,0.99866897,53.648067,0,2,520551320154819589,2023-08-20,Cocalzinho de Goiás,0,7.448616,20504,18.7142857142857,94.8571428571429,1,1,1,70.8344028571429,37.2857142857143,23.9021398571429,30.2857142857143,4,,,,,5785,2015-11-29,5205513,Cocalzinho de Goias,GO,2015,48
1448150400000,201547,2.0,2,2,2,0.921898,9.754194,0,1,520551320154719589,2023-08-20,Cocalzinho de Goiás,0,5.715059,20504,18.7142857142857,97.4285714285714,1,0,0,77.7202051428571,37.7142857142857,22.4175107142857,29.1428571428571,0,,,,,5785,2015-11-22,5205513,Cocalzinho de Goias,GO,2015,47
1447545600000,201546,1.0,1,1,1,0.9632679,4.877097,0,1,520551320154619589,2023-08-20,Cocalzinho de Goiás,0,18.521618,20504,19.1428571428571,94.8571428571429,1,0,0,79.5603714285714,46.0,22.4648577142857,28.4285714285714,1,,,,,5785,2015-11-15,5205513,Cocalzinho de Goias,GO,2015,46
1446940800000,201545,0.0,0,0,0,0.0,0.0,0,1,520551320154519589,2023-08-20,Cocalzinho de Goiás,0,0.0,20504,17.5714285714286,82.5714285714286,0,0,0,50.3418361428571,18.0,25.0438774285714,32.5714285714286,0,,,,,5785,2015-11-08,5205513,Cocalzinho de Goias,GO,2015,45
1446336000000,201544,0.0,0,0,0,0.0,0.0,0,1,520551320154419589,2023-08-20,Cocalzinho de Goiás,0,0.0,20504,18.0,94.25,0,0,0,64.834939875,22.375,23.845613,31.125,0,,,,,5785,2015-11-01,5205513,Cocalzinho de Goias,GO,2015,44
1445731200000,201543,0.0,0,0,0,0.0,0.0,0,1,520551320154319589,2023-08-20,Cocalzinho de Goiás,0,0.0,20504,18.5714285714286,94.0,0,0,0,74.2970257142857,32.4285714285714,22.5373938571429,28.0,0,,,,,5785,2015-10-25,5205513,Cocalzinho de Goias,GO,2015,43
1445126400000,201542,0.0,0,0,0,0.0,0.0,0,1,520551320154219589,2023-08-20,Cocalzinho de Goiás,0,0.0,20504,17.1428571428571,77.1428571428571,0,0,0,46.4860485714286,20.1428571428571,25.4464884285714,33.2857142857143,0,,,,,5785,2015-10-18,5205513,Cocalzinho de Goias,GO,2015,42
1444521600000,201541,0.0,0,0,0,0.0,0.0,0,1,520551320154119589,2023-08-20,Cocalzinho de Goiás,0,0.0,20504,16.1428571428571,66.7142857142857,0,0,0,35.5308012857143,9.85714285714286,25.3737717142857,33.2857142857143,0,,,,,5785,2015-10-11,5205513,Cocalzinho de Goias,GO,2015,41
1443916800000,201540,0.0,0,0,0,0.0,0.0,0,1,520551320154019589,2023-08-20,Cocalzinho de Goiás,0,0.0,20504,17.5714285714286,84.0,0,0,0,50.7846942857143,20.1428571428571,24.9978081428571,32.7142857142857,0,,,,,5785,2015-10-04,5205513,Cocalzinho de Goias,GO,2015,40
1443312000000,201539,0.0,0,0,0,0.0,0.0,0,1,520551320153919589,2023-08-20,Cocalzinho de Goiás,0,0.0,20504,16.5714285714286,88.4285714285714,0,0,0,54.077763,20.4285714285714,23.6662562857143,31.0,0,,,,,5785,2015-09-27,5205513,Cocalzinho de Goias,GO,2015,39
1442707200000,201538,0.0,0,0,0,0.0,0.0,0,1,520551320153819589,2023-08-20,Cocalzinho de Goiás,0,0.0,20504,14.7142857142857,73.8571428571429,0,0,0,40.6734691428571,10.1428571428571,24.3418368571429,33.1428571428571,0,,,,,5785,2015-09-20,5205513,Cocalzinho de Goias,GO,2015,38
1442102400000,201537,0.0,0,0,0,0.0,0.0,0,1,520551320153719589,2023-08-20,Cocalzinho de Goiás,0,0.0,20504,16.2857142857143,84.1428571428571,0,0,0,57.0918375714286,26.2857142857143,22.607143,29.4285714285714,0,,,,,5785,2015-09-13,5205513,Cocalzinho de Goias,GO,2015,37
1441497600000,201536,2.0,2,2,2,0.97604996,9.754194,0,1,520551320153619589,2023-08-20,Cocalzinho de Goiás,0,17.096582,20504,17.0,81.4285714285714,0,0,0,55.8860647142857,24.2857142857143,23.6015798571429,30.8571428571429,0,,,,,5785,2015-09-06,5205513,Cocalzinho de Goias,GO,2015,36
1440892800000,201535,0.0,0,0,0,0.0,0.0,0,1,520551320153519589,2023-08-20,Cocalzinho de Goiás,0,0.0,20504,12.7142857142857,80.5714285714286,0,0,0,43.9671204285714,13.0,22.354308,31.2857142857143,0,,,,,5785,2015-08-30,5205513,Cocalzinho de Goias,GO,2015,35
1440288000000,201534,0.0,0,0,0,0.0,0.0,0,1,520551320153419589,2023-08-20,Cocalzinho de Goiás,0,0.0,20504,14.0,82.5714285714286,0,0,0,47.7384612857143,15.1428571428571,22.6258045714286,30.7142857142857,0,,,,,5785,2015-08-23,5205513,Cocalzinho de Goias,GO,2015,34
1439683200000,201533,0.0,0,0,0,0.0,0.0,0,1,520551320153319589,2023-08-20,Cocalzinho de Goiás,0,0.0,20504,12.7142857142857,85.5714285714286,0,0,0,53.7023218571429,17.7142857142857,20.4750174285714,28.5714285714286,0,,,,,5785,2015-08-16,5205513,Cocalzinho de Goias,GO,2015,33
1439078400000,201532,0.0,0,0,0,0.0,0.0,0,1,520551320153219589,2023-08-20,Cocalzinho de Goiás,0,0.0,20504,11.1428571428571,83.1428571428571,0,0,0,55.3128078571429,21.5714285714286,18.1850808571429,25.8571428571429,0,,,,,5785,2015-08-09,5205513,Cocalzinho de Goias,GO,2015,32
1438473600000,201531,2.0,2,2,2,0.57069665,9.754194,0,1,520551320153119589,2023-08-20,Cocalzinho de Goiás,0,1.1801943,20504,9.71428571428571,83.5714285714286,0,0,0,49.9438775714286,15.0,18.7755101428571,27.2857142857143,0,,,,,5785,2015-08-02,5205513,Cocalzinho de Goias,GO,2015,31
1437868800000,201530,1.0,1,1,1,0.31077808,4.877097,0,1,520551320153019589,2023-08-20,Cocalzinho de Goiás,0,0.5931046,20504,13.4285714285714,82.7142857142857,0,0,0,50.6590141428571,19.7142857142857,20.8265307142857,27.2857142857143,1,,,,,5785,2015-07-26,5205513,Cocalzinho de Goias,GO,2015,30
1437264000000,201529,2.0,2,2,2,0.6227037,9.754194,0,1,520551320152919589,2023-08-20,Cocalzinho de Goiás,0,1.3475122,20504,13.0,83.1428571428571,0,0,0,55.1442867142857,24.4285714285714,19.7262584285714,26.0,1,,,,,5785,2015-07-19,5205513,Cocalzinho de Goias,GO,2015,29
1436659200000,201528,2.0,2,2,2,0.67679095,9.754194,0,1,520551320152819589,2023-08-20,Cocalzinho de Goiás,0,1.5692595,20504,13.7142857142857,87.1428571428571,0,0,0,59.0944818571429,26.5714285714286,20.080688,26.0,0,,,,,5785,2015-07-12,5205513,Cocalzinho de Goias,GO,2015,28
1436054400000,201527,1.0,1,1,1,0.41490525,4.877097,0,1,520551320152719589,2023-08-20,Cocalzinho de Goiás,0,0.78793126,20504,14.2857142857143,89.7142857142857,0,0,0,65.7380361428571,33.5714285714286,19.7841307142857,26.0,1,,,,,5785,2015-07-05,5205513,Cocalzinho de Goias,GO,2015,27
1435449600000,201526,2.0,2,2,2,0.4442435,9.754194,0,1,520551320152619589,2023-08-20,Cocalzinho de Goiás,0,0.8841095,20504,12.0,85.2857142857143,0,0,0,59.876417,25.2857142857143,19.1681785714286,25.7142857142857,2,,,,,5785,2015-06-28,5205513,Cocalzinho de Goias,GO,2015,26
1434844800000,201525,0.0,0,0,0,0.0,0.0,0,1,520551320152519589,2023-08-20,Cocalzinho de Goiás,0,0.0,20504,12.8571428571429,88.4285714285714,0,0,0,66.1838508571429,36.2857142857143,17.8029554285714,22.7142857142857,0,,,,,5785,2015-06-21,5205513,Cocalzinho de Goias,GO,2015,25
1434240000000,201524,2.0,2,2,2,0.10798261,9.754194,0,1,520551320152419589,2023-08-20,Cocalzinho de Goiás,0,0.39814684,20504,14.0,87.1428571428571,0,0,0,61.7091842857143,30.4285714285714,20.1428572857143,26.0,0,,,,,5785,2015-06-14,5205513,Cocalzinho de Goias,GO,2015,24
1433635200000,201523,4.0,4,4,4,0.262659,19.508389,0,1,520551320152319589,2023-08-20,Cocalzinho de Goiás,0,0.6768969,20504,13.2857142857143,90.5714285714286,0,0,0,64.2448971428571,31.1428571428571,19.5918364285714,25.2857142857143,0,,,,,5785,2015-06-07,5205513,Cocalzinho de Goias,GO,2015,23
1433030400000,201522,7.0,7,7,7,0.47468957,34.13968,0,1,520551320152219589,2023-08-20,Cocalzinho de Goiás,0,0.9678465,20504,14.8571428571429,90.5714285714286,0,0,1,67.945919,36.4285714285714,19.8690475714286,25.0,3,,,,,5785,2015-05-31,5205513,Cocalzinho de Goias,GO,2015,22
1432425600000,201521,2.0,2,2,2,0.033557937,9.754194,0,1,520551320152119589,2023-08-20,Cocalzinho de Goiás,0,0.28249088,20504,14.1428571428571,91.4285714285714,0,0,0,67.2397967142857,32.8571428571429,19.9711471428571,26.0,0,,,,,5785,2015-05-24,5205513,Cocalzinho de Goias,GO,2015,21
1431820800000,201520,12.0,12,12,12,0.8654767,58.525166,0,1,520551320152019589,2023-08-20,Cocalzinho de Goiás,0,1.6488085,20504,15.4285714285714,92.2857142857143,0,0,2,72.6418005714286,44.7142857142857,19.2973258571429,24.0,3,,,,,5785,2015-05-17,5205513,Cocalzinho de Goias,GO,2015,20
1431216000000,201519,5.0,5,5,5,0.18806396,24.385487,0,1,520551320151919589,2023-08-20,Cocalzinho de Goiás,0,0.6185351,20504,15.7142857142857,93.4285714285714,0,0,1,80.1965742857143,59.2857142857143,19.0622945714286,22.8571428571429,2,,,,,5785,2015-05-10,5205513,Cocalzinho de Goias,GO,2015,19
1430611200000,201518,6.0,6,6,6,0.29067233,29.262583,0,1,520551320151819589,2023-08-20,Cocalzinho de Goiás,0,0.75015503,20504,17.7142857142857,96.5714285714286,0,0,1,80.4563685714286,57.8571428571429,20.5177691428571,24.5714285714286,0,,,,,5785,2015-05-03,5205513,Cocalzinho de Goias,GO,2015,18
1430006400000,201517,11.0,11,11,11,0.7832221,53.648067,0,1,520551320151719589,2023-08-20,Cocalzinho de Goiás,0,1.4289006,20504,16.8571428571429,95.7142857142857,0,0,1,80.6601361428571,54.8571428571429,20.0105428571429,24.7142857142857,2,,,,,5785,2015-04-26,5205513,Cocalzinho de Goias,GO,2015,17
1429401600000,201516,6.0,6,6,6,0.45187756,29.262583,0,2,520551320151619589,2023-08-20,Cocalzinho de Goiás,0,0.9357744,20504,18.4285714285714,95.7142857142857,1,0,1,76.4443514285714,44.0,22.134099,27.5714285714286,2,,,,,5785,2015-04-19,5205513,Cocalzinho de Goias,GO,2015,16
1428796800000,201515,9.0,9,9,9,0.90312773,43.893875,0,2,520551320151519589,2023-08-20,Cocalzinho de Goiás,0,2.0290759,20504,18.4285714285714,93.1428571428571,1,0,1,75.9855337142857,48.7142857142857,21.6359731428571,26.2857142857143,1,,,,,5785,2015-04-12,5205513,Cocalzinho de Goias,GO,2015,15
1428192000000,201514,8.0,8,8,8,0.89406693,39.016777,0,1,520551320151419589,2023-08-20,Cocalzinho de Goiás,0,2.054658,20504,18.7142857142857,94.0,1,0,1,77.1866985714286,46.1428571428571,21.7334595714286,26.0,3,,,,,5785,2015-04-05,5205513,Cocalzinho de Goias,GO,2015,14
1427587200000,201513,2.0,2,2,2,0.12069287,9.754194,0,1,520551320151319589,2023-08-20,Cocalzinho de Goiás,0,0.4148985,20504,18.2857142857143,96.5714285714286,1,0,0,75.3332528571429,37.0,22.202622,27.8571428571429,1,,,,,5785,2015-03-29,5205513,Cocalzinho de Goias,GO,2015,13
1426982400000,201512,4.0,4,4,4,0.23419599,19.508389,0,1,520551320151219589,2023-08-20,Cocalzinho de Goiás,0,0.64376354,20504,17.7142857142857,95.7142857142857,0,0,0,80.8270671428571,48.2857142857143,21.0986725714286,25.5714285714286,0,,,,,5785,2015-03-22,5205513,Cocalzinho de Goias,GO,2015,12
1426377600000,201511,4.0,4,4,4,0.19390924,19.508389,0,1,520551320151119589,2023-08-20,Cocalzinho de Goiás,0,0.5971375,20504,17.2857142857143,98.2857142857143,0,0,0,84.3561707142857,61.0,19.6327768571429,23.8571428571429,0,,,,,5785,2015-03-15,5205513,Cocalzinho de Goias,GO,2015,11
1425772800000,201510,7.0,7,7,7,0.5976156,34.13968,0,1,520551320151019589,2023-08-20,Cocalzinho de Goiás,0,1.141412,20504,17.8571428571429,97.4285714285714,0,0,1,81.830273,42.8571428571429,20.7808065714286,25.0,0,,,,,5785,2015-03-08,5205513,Cocalzinho de Goias,GO,2015,10
1425168000000,201509,8.0,8,8,8,0.78769326,39.016777,0,1,520551320150919589,2023-08-20,Cocalzinho de Goiás,0,1.5379183,20504,17.7142857142857,94.8571428571429,0,0,1,77.6841821428571,53.5714285714286,21.1905647142857,26.1428571428571,1,,,,,5785,2015-03-01,5205513,Cocalzinho de Goias,GO,2015,9
1424563200000,201508,5.0,5,5,5,0.61686647,24.385487,0,1,520551320150819589,2023-08-20,Cocalzinho de Goiás,0,1.2070516,20504,18.4285714285714,91.5714285714286,1,0,1,71.7595595714286,43.1428571428571,22.0693454285714,26.8571428571429,3,,,,,5785,2015-02-22,5205513,Cocalzinho de Goias,GO,2015,8
1423958400000,201507,7.0,7,7,7,0.85612756,34.13968,0,1,520551320150719589,2023-08-20,Cocalzinho de Goiás,0,1.8967704,20504,18.4285714285714,90.4285714285714,1,0,1,73.3940567142857,41.8571428571429,21.562666,25.8571428571429,4,,,,,5785,2015-02-15,5205513,Cocalzinho de Goias,GO,2015,7
1423353600000,201506,2.0,2,2,2,0.31271523,9.754194,0,1,520551320150619589,2023-08-20,Cocalzinho de Goiás,0,0.66697705,20504,18.0,90.5714285714286,0,0,0,67.802691,41.1428571428571,22.5324597142857,27.4285714285714,0,,,,,5785,2015-02-08,5205513,Cocalzinho de Goias,GO,2015,6
1422748800000,201505,5.0,5,5,5,0.91045845,24.385487,0,1,520551320150519589,2023-08-20,Cocalzinho de Goiás,0,2.787454,20504,18.0,88.5714285714286,0,0,1,70.6312791428571,46.4285714285714,21.8600745714286,26.0,5,,,,,5785,2015-02-01,5205513,Cocalzinho de Goias,GO,2015,5
1422144000000,201504,3.0,3,3,3,0.93041366,14.631291,0,1,520551320150419589,2023-08-20,Cocalzinho de Goiás,0,4.644568,20504,17.7142857142857,94.8571428571429,0,0,0,72.687755,46.0,21.8853057142857,27.1428571428571,3,,,,,5785,2015-01-25,5205513,Cocalzinho de Goias,GO,2015,4
1421539200000,201503,2.0,2,2,2,0.97795355,9.754194,0,1,520551320150319589,2023-08-20,Cocalzinho de Goiás,0,18.498432,20504,18.4285714285714,83.2857142857143,0,0,0,60.6201637142857,31.2857142857143,23.1567552857143,29.1428571428571,1,,,,,5785,2015-01-18,5205513,Cocalzinho de Goias,GO,2015,3
1420934400000,201502,0.0,0,0,0,0.0,0.0,0,1,520551320150219589,2023-08-20,Cocalzinho de Goiás,0,0.0,20504,18.5714285714286,77.1428571428571,0,0,0,50.7448981428571,21.5714285714286,24.6224488571429,30.0,0,,,,,5785,2015-01-11,5205513,Cocalzinho de Goias,GO,2015,2
1420329600000,201501,0.0,0,0,0,0.0,0.0,0,1,520551320150119589,2023-08-20,Cocalzinho de Goiás,0,0.0,20504,18.5714285714286,81.2857142857143,0,0,0,58.0342871428571,27.2857142857143,24.0890255714286,30.1428571428571,0,,,,,5785,2015-01-04,5205513,Cocalzinho de Goias,GO,2015,1
1419724800000,201453,0.0,0,0,0,0.0,0.0,0,1,520551320145319589,2023-08-20,Cocalzinho de Goiás,0,0.0,20504,19.5714285714286,79.2857142857143,0,0,0,56.4904285714286,28.0,25.3328994285714,31.2857142857143,1,,,,,5785,2014-12-28,5205513,Cocalzinho de Goias,GO,2014,53
1419120000000,201452,0.0,0,0,0,0.0,0.0,0,1,520551320145219589,2023-08-20,Cocalzinho de Goiás,0,0.0,20504,20.2857142857143,85.2857142857143,0,0,0,67.0388671428571,38.7142857142857,24.0076002857143,28.2857142857143,0,,,,,5785,2014-12-21,5205513,Cocalzinho de Goias,GO,2014,52
1418515200000,201451,0.0,0,0,0,0.0,0.0,0,1,520551320145119589,2023-08-20,Cocalzinho de Goiás,0,0.0,20504,20.2857142857143,91.5714285714286,0,0,0,76.6791265714286,48.1428571428571,23.1513462857143,27.5714285714286,0,,,,,5785,2014-12-14,5205513,Cocalzinho de Goias,GO,2014,51
1417910400000,201450,1.0,1,1,1,0.34220976,4.877097,0,2,520551320145019589,2023-08-20,Cocalzinho de Goiás,0,0.6463927,20504,19.7142857142857,87.4285714285714,1,0,0,75.6467557142857,51.5714285714286,21.6147557142857,25.1428571428571,0,,,,,5785,2014-12-07,5205513,Cocalzinho de Goias,GO,2014,50
1417305600000,201449,1.0,1,1,1,0.48945984,4.877097,0,1,520551320144919589,2023-08-20,Cocalzinho de Goiás,0,0.9701791,20504,19.5714285714286,87.2857142857143,1,0,0,70.9073905714286,44.1428571428571,22.5436531428571,27.0,0,,,,,5785,2014-11-30,5205513,Cocalzinho de Goias,GO,2014,49
1416700800000,201448,3.0,3,3,3,0.92712,14.631291,0,1,520551320144819589,2023-08-20,Cocalzinho de Goiás,0,4.484985,20504,19.7142857142857,90.7142857142857,1,0,0,73.7014085714286,38.2857142857143,22.7467577142857,27.5714285714286,0,,,,,5785,2014-11-23,5205513,Cocalzinho de Goias,GO,2014,48
1416096000000,201447,0.0,0,0,0,0.0,0.0,0,1,520551320144719589,2023-08-20,Cocalzinho de Goiás,0,0.0,20504,20.0,80.1428571428571,0,0,0,62.0314897142857,35.5714285714286,23.9725545714286,29.0,0,,,,,5785,2014-11-16,5205513,Cocalzinho de Goias,GO,2014,47
1415491200000,201446,1.0,1,1,1,0.552364,4.877097,0,1,520551320144619589,2023-08-20,Cocalzinho de Goiás,0,1.1678029,20504,20.4285714285714,85.1428571428571,0,0,0,69.7232632857143,41.0,23.4804765714286,27.8571428571429,0,,,,,5785,2014-11-09,5205513,Cocalzinho de Goias,GO,2014,46
1414886400000,201445,0.0,0,0,0,0.0,0.0,0,1,520551320144519589,2023-08-20,Cocalzinho de Goiás,0,0.0,20504,20.4285714285714,81.5714285714286,0,0,0,59.1109688571429,26.5714285714286,24.9634501428571,30.8571428571429,0,,,,,5785,2014-11-02,5205513,Cocalzinho de Goias,GO,2014,45
1414281600000,201444,2.0,2,2,2,0.92077017,9.754194,0,1,520551320144419589,2023-08-20,Cocalzinho de Goiás,0,5.6414332,20504,18.7142857142857,86.7142857142857,1,0,0,69.1197214285714,40.7142857142857,22.9397954285714,28.4285714285714,0,,,,,5785,2014-10-26,5205513,Cocalzinho de Goias,GO,2014,44
1413676800000,201443,0.0,0,0,0,0.0,0.0,0,1,520551320144319589,2023-08-20,Cocalzinho de Goiás,0,0.0,20504,21.0,71.1428571428571,0,0,0,51.6806957142857,24.8571428571429,25.3099822857143,30.5714285714286,0,,,,,5785,2014-10-19,5205513,Cocalzinho de Goias,GO,2014,43
1413072000000,201442,0.0,0,0,0,0.0,0.0,0,1,520551320144219589,2023-08-20,Cocalzinho de Goiás,0,0.0,20504,18.8571428571429,56.1428571428571,0,0,0,29.4879067142857,8.57142857142857,27.5274,34.7142857142857,0,,,,,5785,2014-10-12,5205513,Cocalzinho de Goias,GO,2014,42
1412467200000,201441,1.0,1,1,1,0.5913029,4.877097,0,1,520551320144119589,2023-08-20,Cocalzinho de Goiás,0,1.3192077,20504,17.5714285714286,54.2857142857143,0,0,0,33.6224492857143,11.5714285714286,24.1836735714286,30.4285714285714,0,,,,,5785,2014-10-05,5205513,Cocalzinho de Goias,GO,2014,41
1411862400000,201440,0.0,0,0,0,0.0,0.0,0,1,520551320144019589,2023-08-20,Cocalzinho de Goiás,0,0.0,20504,20.2857142857143,68.8571428571429,0,0,0,47.508461,20.8571428571429,25.6130834285714,31.8571428571429,0,,,,,5785,2014-09-28,5205513,Cocalzinho de Goias,GO,2014,40
1411257600000,201439,1.0,1,1,1,0.40601584,4.877097,0,1,520551320143919589,2023-08-20,Cocalzinho de Goiás,0,0.76899886,20504,21.1428571428571,69.0,0,0,0,46.7214994285714,19.7142857142857,26.0149544285714,31.7142857142857,0,,,,,5785,2014-09-21,5205513,Cocalzinho de Goias,GO,2014,39
1410652800000,201438,1.0,1,1,1,0.2975578,4.877097,0,1,520551320143819589,2023-08-20,Cocalzinho de Goiás,0,0.5718344,20504,18.2857142857143,62.1428571428571,0,0,0,33.3552531428571,10.7142857142857,26.3418368571429,32.8571428571429,0,,,,,5785,2014-09-14,5205513,Cocalzinho de Goias,GO,2014,38
1410048000000,201437,1.0,1,1,1,0.22157279,4.877097,0,1,520551320143719589,2023-08-20,Cocalzinho de Goiás,0,0.45995042,20504,16.2857142857143,57.0,0,0,0,35.1071425714286,12.4285714285714,23.2499997142857,29.5714285714286,0,,,,,5785,2014-09-07,5205513,Cocalzinho de Goias,GO,2014,37
1409443200000,201436,2.0,2,2,2,0.4311644,9.754194,0,1,520551320143619589,2023-08-20,Cocalzinho de Goiás,0,0.8594441,20504,19.4285714285714,73.0,0,0,0,47.2049047142857,20.4285714285714,24.8238971428571,30.8571428571429,0,,,,,5785,2014-08-31,5205513,Cocalzinho de Goias,GO,2014,36
1408838400000,201435,2.0,2,2,2,0.5254206,9.754194,0,1,520551320143519589,2023-08-20,Cocalzinho de Goiás,0,1.059783,20504,16.4285714285714,60.4285714285714,0,0,0,34.8724491428571,10.1428571428571,24.3877548571429,31.5714285714286,0,,,,,5785,2014-08-24,5205513,Cocalzinho de Goias,GO,2014,35
1408233600000,201434,3.0,3,3,3,0.8380551,14.631291,0,1,520551320143419589,2023-08-20,Cocalzinho de Goiás,0,2.4767568,20504,13.8571428571429,71.2857142857143,0,0,0,41.7519352857143,14.0,21.7931032857143,28.4285714285714,1,,,,,5785,2014-08-17,5205513,Cocalzinho de Goias,GO,2014,34
1407628800000,201433,2.0,2,2,2,0.7151092,9.754194,0,1,520551320143319589,2023-08-20,Cocalzinho de Goiás,0,1.7701234,20504,13.8571428571429,71.0,0,0,0,40.5595781428571,14.4285714285714,21.5458335714286,28.2857142857143,2,,,,,5785,2014-08-10,5205513,Cocalzinho de Goias,GO,2014,33
1407024000000,201432,1.0,1,1,1,0.35512665,4.877097,0,1,520551320143219589,2023-08-20,Cocalzinho de Goiás,0,0.66952574,20504,14.1428571428571,68.0,0,0,0,40.7653051428571,13.2857142857143,21.5969388571429,28.2857142857143,0,,,,,5785,2014-08-03,5205513,Cocalzinho de Goias,GO,2014,32
1406419200000,201431,0.0,0,0,0,0.0,0.0,0,1,520551320143119589,2023-08-20,Cocalzinho de Goiás,0,0.0,20504,14.8571428571429,80.8571428571429,0,0,0,60.4843962857143,35.7142857142857,19.6590917142857,25.1428571428571,0,,,,,5785,2014-07-27,5205513,Cocalzinho de Goias,GO,2014,31
1405814400000,201430,3.0,3,3,3,0.9170475,14.631291,0,1,520551320143019589,2023-08-20,Cocalzinho de Goiás,0,4.0689635,20504,15.5714285714286,77.8571428571429,0,0,0,55.2837485714286,28.8571428571429,20.8577097142857,26.4285714285714,0,,,,,5785,2014-07-20,5205513,Cocalzinho de Goias,GO,2014,30
1405209600000,201429,1.0,1,1,1,0.32274595,4.877097,0,1,520551320142919589,2023-08-20,Cocalzinho de Goiás,0,0.61292195,20504,13.5714285714286,77.8571428571429,0,0,0,50.6938775714286,19.4285714285714,20.357143,27.0,0,,,,,5785,2014-07-13,5205513,Cocalzinho de Goias,GO,2014,29
1404604800000,201428,0.0,0,0,0,0.0,0.0,0,1,520551320142819589,2023-08-20,Cocalzinho de Goiás,0,0.0,20504,14.5714285714286,74.5714285714286,0,0,0,50.923469,21.8571428571429,20.8520405714286,26.1428571428571,0,,,,,5785,2014-07-06,5205513,Cocalzinho de Goias,GO,2014,28
1404000000000,201427,0.0,0,0,0,0.0,0.0,0,1,520551320142719589,2023-08-20,Cocalzinho de Goiás,0,0.0,20504,13.1428571428571,77.4285714285714,0,0,0,48.0728351428571,17.4285714285714,20.9090431428571,27.8571428571429,0,,,,,5785,2014-06-29,5205513,Cocalzinho de Goias,GO,2014,27
1403395200000,201426,6.0,6,6,6,0.8931214,29.262583,0,1,520551320142619589,2023-08-20,Cocalzinho de Goiás,0,2.3172557,20504,13.2857142857143,80.8571428571429,0,0,1,54.574489,24.1428571428571,19.9792517142857,26.5714285714286,4,,,,,5785,2014-06-22,5205513,Cocalzinho de Goias,GO,2014,26
1402790400000,201425,2.0,2,2,2,0.47362015,9.754194,0,1,520551320142519589,2023-08-20,Cocalzinho de Goiás,0,0.94282,20504,15.7142857142857,81.2857142857143,0,0,0,59.2356225714286,28.2857142857143,21.2226344285714,26.5714285714286,0,,,,,5785,2014-06-15,5205513,Cocalzinho de Goias,GO,2014,25
1402185600000,201424,4.0,4,4,4,0.617143,19.508389,0,1,520551320142419589,2023-08-20,Cocalzinho de Goiás,0,1.233014,20504,15.7142857142857,78.2857142857143,0,0,0,57.1260028571429,28.7142857142857,21.0147077142857,26.4285714285714,1,,,,,5785,2014-06-08,5205513,Cocalzinho de Goias,GO,2014,24
1401580800000,201423,0.0,0,0,0,0.0,0.0,0,1,520551320142319589,2023-08-20,Cocalzinho de Goiás,0,0.0,20504,16.8571428571429,81.4285714285714,0,0,0,61.0873571428571,30.0,21.9909217142857,27.7142857142857,0,,,,,5785,2014-06-01,5205513,Cocalzinho de Goias,GO,2014,23
1400976000000,201422,3.0,3,3,3,0.066107064,14.631291,0,1,520551320142219589,2023-08-20,Cocalzinho de Goiás,0,0.39357373,20504,16.1428571428571,79.0,0,0,0,58.0800491428571,28.8571428571429,21.9535537142857,28.1428571428571,1,,,,,5785,2014-05-25,5205513,Cocalzinho de Goias,GO,2014,22
1400371200000,201421,5.0,5,5,5,0.23575333,24.385487,0,1,520551320142119589,2023-08-20,Cocalzinho de Goiás,0,0.6714253,20504,18.0,81.2857142857143,0,0,1,57.814059,28.7142857142857,23.2891152857143,28.5714285714286,0,,,,,5785,2014-05-18,5205513,Cocalzinho de Goias,GO,2014,21
1399766400000,201420,11.0,11,11,11,0.82263196,53.648067,0,1,520551320142019589,2023-08-20,Cocalzinho de Goiás,0,1.5358818,20504,15.7142857142857,79.2857142857143,0,0,1,56.2071052857143,28.1428571428571,21.6887757142857,27.1428571428571,0,,,,,5785,2014-05-11,5205513,Cocalzinho de Goias,GO,2014,20
1399161600000,201419,6.0,6,6,6,0.29742792,29.262583,0,1,520551320141919589,2023-08-20,Cocalzinho de Goiás,0,0.7573902,20504,17.0,81.7142857142857,0,0,1,58.8106048571429,30.4285714285714,22.5957138571429,27.8571428571429,2,,,,,5785,2014-05-04,5205513,Cocalzinho de Goias,GO,2014,19
1398556800000,201418,7.0,7,7,7,0.3366202,34.13968,0,1,520551320141819589,2023-08-20,Cocalzinho de Goiás,0,0.81197405,20504,14.5714285714286,80.4285714285714,0,0,1,58.2117348571429,29.1428571428571,20.994898,27.0,0,,,,,5785,2014-04-27,5205513,Cocalzinho de Goias,GO,2014,18
1397952000000,201417,7.0,7,7,7,0.46567255,34.13968,0,1,520551320141719589,2023-08-20,Cocalzinho de Goiás,0,0.9567342,20504,19.4285714285714,83.0,0,0,1,70.4458207142857,42.1428571428571,23.1601132857143,27.8571428571429,0,,,,,5785,2014-04-20,5205513,Cocalzinho de Goias,GO,2014,17
1397347200000,201416,11.0,11,11,11,0.95012265,53.648067,0,1,520551320141619589,2023-08-20,Cocalzinho de Goiás,0,2.3206482,20504,20.0,85.2857142857143,0,1,1,65.1334474285714,34.5714285714286,24.4886325714286,29.0,2,,,,,5785,2014-04-13,5205513,Cocalzinho de Goias,GO,2014,16
1396742400000,201415,8.0,8,8,8,0.9467269,39.016777,0,2,520551320141519589,2023-08-20,Cocalzinho de Goiás,0,2.6940978,20504,20.5714285714286,88.2857142857143,1,0,1,70.485928,37.1428571428571,24.0806597142857,29.1428571428571,1,,,,,5785,2014-04-06,5205513,Cocalzinho de Goias,GO,2014,15
1396137600000,201414,4.0,4,4,4,0.6677864,19.508389,0,1,520551320141419589,2023-08-20,Cocalzinho de Goiás,0,1.3660374,20504,20.1428571428571,89.2857142857143,1,0,0,74.6359222857143,46.0,23.0129837142857,28.0,1,,,,,5785,2014-03-30,5205513,Cocalzinho de Goias,GO,2014,14
1395532800000,201413,2.0,2,2,2,0.22933298,9.754194,0,1,520551320141319589,2023-08-20,Cocalzinho de Goiás,0,0.55350375,20504,19.8571428571429,90.8571428571429,1,0,0,77.2736085714286,45.8571428571429,22.1759181428571,26.7142857142857,0,,,,,5785,2014-03-23,5205513,Cocalzinho de Goias,GO,2014,13
1394928000000,201412,2.0,2,2,2,0.27966738,9.754194,0,1,520551320141219589,2023-08-20,Cocalzinho de Goiás,0,0.62051463,20504,19.5714285714286,85.2857142857143,0,0,0,67.9831368571429,38.7142857142857,23.3476074285714,29.2857142857143,0,,,,,5785,2014-03-16,5205513,Cocalzinho de Goias,GO,2014,12
1394323200000,201411,5.0,5,5,5,0.8855832,24.385487,0,1,520551320141119589,2023-08-20,Cocalzinho de Goiás,0,2.4393528,20504,19.8571428571429,83.8571428571429,0,0,1,63.4616961428571,34.4285714285714,24.1478344285714,28.8571428571429,4,,,,,5785,2014-03-09,5205513,Cocalzinho de Goias,GO,2014,11
1393718400000,201410,4.0,4,4,4,0.85550857,19.508389,0,1,520551320141019589,2023-08-20,Cocalzinho de Goiás,0,2.359225,20504,19.8571428571429,89.7142857142857,1,0,0,74.45122,44.5714285714286,23.0490265714286,27.5714285714286,0,,,,,5785,2014-03-02,5205513,Cocalzinho de Goias,GO,2014,10
1393113600000,201409,1.0,1,1,1,0.24321043,4.877097,0,1,520551320140919589,2023-08-20,Cocalzinho de Goiás,0,0.49026266,20504,19.2857142857143,83.0,0,0,0,64.8678975714286,38.8571428571429,23.6188598571429,28.4285714285714,0,,,,,5785,2014-02-23,5205513,Cocalzinho de Goias,GO,2014,9
1392508800000,201408,1.0,1,1,1,0.26196116,4.877097,0,1,520551320140819589,2023-08-20,Cocalzinho de Goiás,0,0.5174443,20504,19.1428571428571,92.4285714285714,1,0,0,76.7170394285714,51.0,22.0341674285714,26.4285714285714,0,,,,,5785,2014-02-16,5205513,Cocalzinho de Goias,GO,2014,8
1391904000000,201407,3.0,3,3,3,0.7660419,14.631291,0,1,520551320140719589,2023-08-20,Cocalzinho de Goiás,0,1.8794421,20504,18.1428571428571,89.4285714285714,1,0,0,64.5335765714286,38.1428571428571,23.330237,28.4285714285714,0,,,,,5785,2014-02-09,5205513,Cocalzinho de Goias,GO,2014,7
1391299200000,201406,2.0,2,2,2,0.60463184,9.754194,0,1,520551320140619589,2023-08-20,Cocalzinho de Goiás,0,1.2851714,20504,18.4285714285714,77.8571428571429,0,0,0,50.6020405714286,21.7142857142857,24.4540815714286,30.1428571428571,1,,,,,5785,2014-02-02,5205513,Cocalzinho de Goias,GO,2014,6
1390694400000,201405,1.0,1,1,1,0.30422682,4.877097,0,1,520551320140519589,2023-08-20,Cocalzinho de Goiás,0,0.58248556,20504,18.5714285714286,79.5714285714286,0,0,0,59.0306118571429,32.8571428571429,23.2653058571429,28.5714285714286,0,,,,,5785,2014-01-26,5205513,Cocalzinho de Goias,GO,2014,5
1390089600000,201404,2.0,2,2,2,0.54821175,9.754194,0,1,520551320140419589,2023-08-20,Cocalzinho de Goiás,0,1.1179309,20504,18.1428571428571,93.1428571428571,1,0,0,74.4857485714286,36.5714285714286,21.7493897142857,27.1428571428571,1,,,,,5785,2014-01-19,5205513,Cocalzinho de Goias,GO,2014,4
1389484800000,201403,1.0,1,1,1,0.43895823,4.877097,0,1,520551320140319589,2023-08-20,Cocalzinho de Goiás,0,0.84186107,20504,19.0,84.8571428571429,0,0,0,61.93049,32.1428571428571,23.8968517142857,29.8571428571429,0,,,,,5785,2014-01-12,5205513,Cocalzinho de Goias,GO,2014,3
1388880000000,201402,3.0,3,3,3,0.948045,14.631291,0,1,520551320140219589,2023-08-20,Cocalzinho de Goiás,0,5.8083906,20504,18.2857142857143,83.8571428571429,0,0,0,55.7462791428571,25.7142857142857,24.1043958571429,29.7142857142857,0,,,,,5785,2014-01-05,5205513,Cocalzinho de Goias,GO,2014,2
1388275200000,201401,1.0,1,1,1,0.6613001,4.877097,0,1,520551320140119589,2023-08-20,Cocalzinho de Goiás,0,1.6761006,20504,18.5714285714286,89.8571428571429,1,0,0,65.0826708571429,34.4285714285714,24.1233797142857,29.8571428571429,0,,,,,5785,2013-12-29,5205513,Cocalzinho de Goias,GO,2014,1
