data_iniSE,se_codigo,casos_est,casos_est_min,casos_est_max,casos,p_rt1,p_inc100k,Localidade_id,nivel,id,versao_modelo,municipio_nome,tweet,Rt,pop,tempmin,umidmax,receptivo,transmissao,nivel_inc,umidmed,umidmin,tempmed,tempmax,casprov,casprov_est,casprov_est_min,casprov_est_max,casconf,notif_accum_year,data_ini_se,cod_ibge,municipio,uf,ano,semana
1786233600000,202632,0.0,0,0,0,0.0,0.0,0,1,521975320263220683,2026-08-18,Santo Antônio do Descoberto,,0.0,68654,0.0,0.0,0,0,0,0.0,0.0,0.0,0.0,0,,,,,14958,2026-08-09,5219753,Santo Antonio do Descoberto,GO,2026,32
1785628800000,202631,1.0,1,1,1,0.0102045415,1.4565793,0,1,521975320263120683,2026-08-18,Santo Antônio do Descoberto,,0.1511797,68654,16.9992333333333,39.6702166666667,0,0,0,35.1448333333333,31.86025,18.29655,19.5011,0,,,,,14958,2026-08-02,5219753,Santo Antonio do Descoberto,GO,2026,31
1785024000000,202630,3.0,3,3,3,0.011951505,4.369738,0,1,521975320263020683,2026-08-18,Santo Antônio do Descoberto,,0.2755836,68654,22.9175714285714,41.0493857142857,0,0,0,41.0493857142857,41.0493857142857,22.9175714285714,22.9175714285714,0,,,,,14958,2026-07-26,5219753,Santo Antonio do Descoberto,GO,2026,30
1784419200000,202629,4.0,4,4,4,0.013768517,5.8263173,0,1,521975320262920683,2026-08-18,Santo Antônio do Descoberto,,0.32027918,68654,21.0887857142857,48.5811285714286,0,0,0,48.5811285714286,48.5811285714286,21.0887857142857,21.0887857142857,0,,,,,14958,2026-07-19,5219753,Santo Antonio do Descoberto,GO,2026,29
1783814400000,202628,14.0,14,14,14,0.6690905,20.39211,0,1,521975320262820683,2026-08-18,Santo Antônio do Descoberto,,1.1849594,68654,20.6441714285714,53.2066571428571,0,0,1,53.2066571428571,53.2066571428571,20.6441714285714,20.6441714285714,0,,,,,14958,2026-07-12,5219753,Santo Antonio do Descoberto,GO,2026,28
1783209600000,202627,15.0,15,15,15,0.70835334,21.84869,0,1,521975320262720683,2026-08-18,Santo Antônio do Descoberto,,1.2309164,68654,20.9691285714286,51.1169857142857,0,0,1,51.1169857142857,51.1169857142857,20.9691285714286,20.9691285714286,0,,,,,14958,2026-07-05,5219753,Santo Antonio do Descoberto,GO,2026,27
1782604800000,202626,9.0,9,9,9,0.21376117,13.109215,0,1,521975320262620683,2026-08-18,Santo Antônio do Descoberto,,0.7138145,68654,19.4270142857143,59.0198428571429,0,0,1,59.0198428571429,59.0198428571429,19.4270142857143,19.4270142857143,0,,,,,14958,2026-06-28,5219753,Santo Antonio do Descoberto,GO,2026,26
1782000000000,202625,12.0,12,12,12,0.31870756,17.478952,0,1,521975320262520683,2026-08-18,Santo Antônio do Descoberto,,0.8344352,68654,21.0141,66.7663,0,0,1,66.7663,66.7663,21.0141,21.0141,0,,,,,14958,2026-06-21,5219753,Santo Antonio do Descoberto,GO,2026,25
1781395200000,202624,17.0,17,17,17,0.3342051,24.761848,0,1,521975320262420683,2026-08-18,Santo Antônio do Descoberto,,0.86914974,68654,20.4370857142857,71.9628571428571,0,0,1,71.9628571428571,71.9628571428571,20.4370857142857,20.4370857142857,0,,,,,14958,2026-06-14,5219753,Santo Antonio do Descoberto,GO,2026,24
1780790400000,202623,3.0,3,3,3,2.46489e-05,4.369738,0,1,521975320262320683,2026-08-18,Santo Antônio do Descoberto,,0.13966464,68654,17.5111428571429,76.9389142857143,0,0,0,70.8030142857143,64.7994142857143,19.0882714285714,20.8160285714286,0,,,,,14958,2026-06-07,5219753,Santo Antonio do Descoberto,GO,2026,23
1780185600000,202622,30.0,30,30,30,0.860923,43.69738,0,1,521975320262220683,2026-08-18,Santo Antônio do Descoberto,,1.3489769,68654,14.7648285714286,84.5640714285714,0,0,1,64.1248714285714,42.5043857142857,19.869,25.1356,0,,,,,14958,2026-05-31,5219753,Santo Antonio do Descoberto,GO,2026,22
1779580800000,202621,20.0,20,20,20,0.26276973,29.131588,0,1,521975320262120683,2026-08-18,Santo Antônio do Descoberto,,0.8272507,68654,16.9239285714286,88.7423142857143,0,0,1,67.0026857142857,45.4166428571429,21.5364714285714,26.3105857142857,1,,,,,14958,2026-05-24,5219753,Santo Antonio do Descoberto,GO,2026,21
1778976000000,202620,18.0,18,18,18,0.21408819,26.21843,0,1,521975320262020683,2026-08-18,Santo Antônio do Descoberto,,0.7820537,68654,18.3727857142857,88.6315285714286,0,0,1,67.2905857142857,44.0340285714286,22.7073,27.4464714285714,0,,,,,14958,2026-05-17,5219753,Santo Antonio do Descoberto,GO,2026,20
1778371200000,202619,30.0,30,30,30,0.96236116,43.69738,0,1,521975320261920683,2026-08-18,Santo Antônio do Descoberto,,1.6788713,68654,17.0960571428571,88.1749428571429,0,1,1,66.4775571428571,42.7946714285714,22.2757285714286,27.5562428571429,0,,,,,14958,2026-05-10,5219753,Santo Antonio do Descoberto,GO,2026,19
1777766400000,202618,23.0,23,23,23,0.9474781,33.501324,0,1,521975320261820683,2026-08-18,Santo Antônio do Descoberto,,1.7172402,68654,21.6320285714286,64.2904,0,0,1,64.2904,64.2904,21.6320285714286,21.6320285714286,4,,,,,14958,2026-05-03,5219753,Santo Antonio do Descoberto,GO,2026,18
1777161600000,202617,22.0,22,22,22,0.8527397,32.044746,0,1,521975320261720683,2026-08-18,Santo Antônio do Descoberto,,1.4053495,68654,21.8644142857143,67.0484857142857,0,0,1,67.0484857142857,67.0484857142857,21.8644142857143,21.8644142857143,5,,,,,14958,2026-04-26,5219753,Santo Antonio do Descoberto,GO,2026,17
1776556800000,202616,4.0,4,4,4,0.000657454,5.8263173,0,1,521975320261620683,2026-08-18,Santo Antônio do Descoberto,,0.21946731,68654,17.6825285714286,87.7047285714286,0,0,0,67.8849714285714,46.0328285714286,22.4963,27.5096142857143,0,,,,,14958,2026-04-19,5219753,Santo Antonio do Descoberto,GO,2026,16
1775952000000,202615,15.0,15,15,15,0.43095604,21.84869,0,1,521975320261520683,2026-08-18,Santo Antônio do Descoberto,,0.94016224,68654,18.1430142857143,91.5954571428571,1,0,1,76.2670857142857,56.5398142857143,22.0528,26.4058,0,,,,,14958,2026-04-12,5219753,Santo Antonio do Descoberto,GO,2026,15
1775347200000,202614,29.0,29,29,29,0.9595183,42.240803,0,1,521975320261420683,2026-08-18,Santo Antônio do Descoberto,,1.6764308,68654,18.6838142857143,93.7794857142857,1,1,1,79.3127571428571,59.2377285714286,22.6886,27.2840285714286,3,,,,,14958,2026-04-05,5219753,Santo Antonio do Descoberto,GO,2026,14
1774742400000,202613,8.0,8,8,8,0.0011677585,11.652635,0,1,521975320261320683,2026-08-18,Santo Antônio do Descoberto,,0.32294065,68654,17.8955285714286,92.6492857142857,0,0,1,77.7941285714286,58.6274428571429,21.8968,26.7923571428571,4,,,,,14958,2026-03-29,5219753,Santo Antonio do Descoberto,GO,2026,13
1774137600000,202612,14.0,14,14,14,0.0014667197,20.39211,0,2,521975320261220683,2026-08-18,Santo Antônio do Descoberto,,0.41017213,68654,18.3716285714286,94.7059,1,0,1,79.2535285714286,58.8138714285714,22.0738142857143,26.4868285714286,0,,,,,14958,2026-03-22,5219753,Santo Antonio do Descoberto,GO,2026,12
1773532800000,202611,26.0,26,26,26,0.063569985,37.871063,0,2,521975320261120683,2026-08-18,Santo Antônio do Descoberto,,0.682481,68654,19.3399142857143,96.8323285714286,1,0,1,83.437,62.2046,22.4305,26.6909857142857,10,,,,,14958,2026-03-15,5219753,Santo Antonio do Descoberto,GO,2026,11
1772928000000,202610,31.0,31,31,31,0.45869413,45.15396,0,2,521975320261020683,2026-08-18,Santo Antônio do Descoberto,,0.9743332,68654,19.2133714285714,96.8664714285714,1,0,1,83.2008571428571,63.1817285714286,22.596,27.1780285714286,6,,,,,14958,2026-03-08,5219753,Santo Antonio do Descoberto,GO,2026,10
1772323200000,202609,55.0,55,55,55,0.9996401,80.11186,0,2,521975320260920683,2026-08-18,Santo Antônio do Descoberto,,2.1797183,68654,19.0973,94.4921142857143,1,1,1,78.2224428571429,59.3447571428571,22.9314428571429,27.2391285714286,6,,,,,14958,2026-03-01,5219753,Santo Antonio do Descoberto,GO,2026,9
1771718400000,202608,24.0,24,24,24,0.5397748,34.957905,0,2,521975320260820683,2026-08-18,Santo Antônio do Descoberto,,1.0292002,68654,19.3578142857143,96.1084857142857,1,0,1,86.2170714285714,72.3132428571429,21.4961428571429,25.1348857142857,2,,,,,14958,2026-02-22,5219753,Santo Antonio do Descoberto,GO,2026,8
1771113600000,202607,25.0,25,25,25,0.63379484,36.414486,0,2,521975320260720683,2026-08-18,Santo Antônio do Descoberto,,1.1032379,68654,18.7899,91.4180428571429,1,0,1,75.5226571428571,57.3755571428571,22.7561,27.0714142857143,2,,,,,14958,2026-02-15,5219753,Santo Antonio do Descoberto,GO,2026,7
1770508800000,202606,20.0,20,20,20,0.55555487,29.131588,0,2,521975320260620683,2026-08-18,Santo Antônio do Descoberto,,1.0451875,68654,18.3599857142857,95.7097,1,0,1,80.3224571428571,61.4858714285714,21.9929142857143,25.8771285714286,5,,,,,14958,2026-02-08,5219753,Santo Antonio do Descoberto,GO,2026,6
1769904000000,202605,29.0,29,29,29,0.96886784,42.240803,0,2,521975320260520683,2026-08-18,Santo Antônio do Descoberto,,1.7463851,68654,19.3063857142857,95.6209,1,1,1,84.2018714285714,65.8772,22.0711,25.9304857142857,6,,,,,14958,2026-02-01,5219753,Santo Antonio do Descoberto,GO,2026,5
1769299200000,202604,17.0,17,17,17,0.42315388,24.761848,0,2,521975320260420683,2026-08-18,Santo Antônio do Descoberto,,0.93740094,68654,18.7988,94.7432714285714,1,0,1,79.4364285714286,57.4622,22.6793428571429,27.6795571428571,1,,,,,14958,2026-01-25,5219753,Santo Antonio do Descoberto,GO,2026,4
1768694400000,202603,13.0,13,13,13,0.04881801,18.935532,0,2,521975320260320683,2026-08-18,Santo Antônio do Descoberto,,0.57219106,68654,19.0392142857143,94.9487857142857,1,0,1,85.8545857142857,74.0960142857143,21.2310428571429,24.1586714285714,2,,,,,14958,2026-01-18,5219753,Santo Antonio do Descoberto,GO,2026,3
1768089600000,202602,19.0,19,19,19,0.1661503,27.675009,0,2,521975320260220683,2026-08-18,Santo Antônio do Descoberto,,0.74841356,68654,18.5078571428571,90.2023142857143,1,0,1,69.9519714285714,47.9164142857143,23.2058714285714,28.1766857142857,2,,,,,14958,2026-01-11,5219753,Santo Antonio do Descoberto,GO,2026,2
1767484800000,202601,18.0,18,18,18,0.42476508,26.21843,0,2,521975320260120683,2026-08-18,Santo Antônio do Descoberto,,0.94028103,68654,18.8194,94.8661,1,0,1,82.0016285714286,62.6749142857143,21.6157428571429,25.2769285714286,2,,,,,14958,2026-01-04,5219753,Santo Antonio do Descoberto,GO,2026,1
1766880000000,202553,38.0,38,38,38,0.99997836,55.350018,0,2,521975320255320683,2026-08-18,Santo Antônio do Descoberto,,3.585001,68654,20.0695857142857,92.3026571428571,1,1,1,76.8145,56.2907142857143,24.047,28.8985428571429,2,,,,,14958,2025-12-28,5219753,Santo Antonio do Descoberto,GO,2025,53
1766275200000,202552,19.0,19,19,19,0.98276573,27.675009,0,2,521975320255220683,2026-08-18,Santo Antônio do Descoberto,,2.2945335,68654,18.6550571428571,90.6712857142857,1,1,1,71.0151285714286,51.3328714285714,23.4587428571429,28.3537571428571,2,,,,,14958,2025-12-21,5219753,Santo Antonio do Descoberto,GO,2025,52
1765670400000,202551,4.0,4,4,4,0.041697077,5.8263173,0,2,521975320255120683,2026-08-18,Santo Antônio do Descoberto,,0.39154556,68654,19.8244857142857,95.9218142857143,1,0,0,84.4242285714286,65.505,22.3561285714286,25.9226857142857,3,,,,,14958,2025-12-14,5219753,Santo Antonio do Descoberto,GO,2025,51
1765065600000,202550,7.0,7,7,7,0.19673456,10.196055,0,2,521975320255020683,2026-08-18,Santo Antônio do Descoberto,,0.66862035,68654,18.9382142857143,95.4750714285714,1,0,1,82.3877285714286,65.2642857142857,21.9715,26.0341857142857,5,,,,,14958,2025-12-07,5219753,Santo Antonio do Descoberto,GO,2025,50
1764460800000,202549,11.0,11,11,11,0.8003979,16.022373,0,1,521975320254920683,2026-08-18,Santo Antônio do Descoberto,,1.4725366,68654,19.7484857142857,93.2240285714286,1,0,1,79.9434714285714,62.2977142857143,22.6151285714286,26.3113142857143,6,,,,,14958,2025-11-30,5219753,Santo Antonio do Descoberto,GO,2025,49
1763856000000,202548,15.0,15,15,15,0.9862221,21.84869,0,1,521975320254820683,2026-08-18,Santo Antônio do Descoberto,,2.7540967,68654,19.0687857142857,94.3026285714286,1,1,1,75.3913714285714,54.487,23.0446142857143,27.4805142857143,5,,,,,14958,2025-11-23,5219753,Santo Antonio do Descoberto,GO,2025,48
1763251200000,202547,5.0,5,5,5,0.26427418,7.282897,0,1,521975320254720683,2026-08-18,Santo Antônio do Descoberto,,0.7029968,68654,19.8684285714286,79.8343142857143,0,0,0,57.8185571428571,40.2971285714286,24.9039857142857,29.6068142857143,1,,,,,14958,2025-11-16,5219753,Santo Antonio do Descoberto,GO,2025,47
1762646400000,202546,4.0,4,4,4,0.043684337,5.8263173,0,1,521975320254620683,2026-08-18,Santo Antônio do Descoberto,,0.39537844,68654,19.5912571428571,84.0444142857143,0,0,0,66.7922428571429,47.6475571428571,23.9927,28.7995428571429,0,,,,,14958,2025-11-09,5219753,Santo Antonio do Descoberto,GO,2025,46
1762041600000,202545,4.0,4,4,4,0.0665688,5.8263173,0,1,521975320254520683,2026-08-18,Santo Antônio do Descoberto,,0.4345841,68654,19.8630571428571,93.6790571428571,1,0,0,74.6920428571429,54.7478,23.8794857142857,28.4593571428571,0,,,,,14958,2025-11-02,5219753,Santo Antonio do Descoberto,GO,2025,45
1761436800000,202544,15.0,15,15,15,0.9706031,21.84869,0,1,521975320254420683,2026-08-18,Santo Antônio do Descoberto,,2.2979069,68654,20.3631142857143,76.8266142857143,0,1,1,55.0962857142857,35.8197857142857,25.2606142857143,30.5134142857143,1,,,,,14958,2025-10-26,5219753,Santo Antonio do Descoberto,GO,2025,44
1760832000000,202543,12.0,12,12,12,0.90158504,17.478952,0,1,521975320254320683,2026-08-18,Santo Antônio do Descoberto,,1.8179606,68654,17.6256857142857,79.0755285714286,0,0,1,61.7189857142857,43.8473428571429,21.6101285714286,26.032,3,,,,,14958,2025-10-19,5219753,Santo Antonio do Descoberto,GO,2025,43
1760227200000,202542,0.0,0,0,0,0.0,0.0,0,1,521975320254220683,2026-08-18,Santo Antônio do Descoberto,,0.0,68654,19.9789714285714,84.5021857142857,0,0,0,59.9028428571429,38.6026285714286,25.0257428571429,30.3359,0,,,,,14958,2025-10-12,5219753,Santo Antonio do Descoberto,GO,2025,42
1759622400000,202541,10.0,10,10,10,0.51541716,14.565794,0,1,521975320254120683,2026-08-18,Santo Antônio do Descoberto,,1.0171431,68654,20.4154714285714,54.0050571428571,0,0,1,34.2177142857143,21.3060857142857,26.8460857142857,32.8126142857143,0,,,,,14958,2025-10-05,5219753,Santo Antonio do Descoberto,GO,2025,41
1759017600000,202540,7.0,7,7,7,0.0630255,10.196055,0,1,521975320254020683,2026-08-18,Santo Antônio do Descoberto,,0.50857586,68654,18.3435571428571,47.8376714285714,0,0,1,30.4190714285714,16.9114428571429,25.2860428571429,32.0547714285714,0,,,,,14958,2025-09-28,5219753,Santo Antonio do Descoberto,GO,2025,40
1758412800000,202539,3.0,3,3,3,0.0035236026,4.369738,0,1,521975320253920683,2026-08-18,Santo Antônio do Descoberto,,0.22930746,68654,19.2633,79.1261,0,0,0,59.7987857142857,39.1493857142857,24.0132,29.2813142857143,0,,,,,14958,2025-09-21,5219753,Santo Antonio do Descoberto,GO,2025,39
1757808000000,202538,24.0,24,24,24,0.99499077,34.957905,0,1,521975320253820683,2026-08-18,Santo Antônio do Descoberto,,2.5186,68654,20.4892,61.6470428571429,0,1,1,43.4347714285714,27.4184,25.7227428571429,31.1650714285714,2,,,,,14958,2025-09-14,5219753,Santo Antonio do Descoberto,GO,2025,38
1757203200000,202537,10.0,10,10,10,0.8916247,14.565794,0,1,521975320253720683,2026-08-18,Santo Antônio do Descoberto,,1.8743126,68654,18.7513428571429,43.0411285714286,0,0,1,27.1799285714286,16.7671428571429,25.9266142857143,32.5493,0,,,,,14958,2025-09-07,5219753,Santo Antonio do Descoberto,GO,2025,37
1756598400000,202536,12.0,12,12,12,0.99749184,17.478952,0,1,521975320253620683,2026-08-18,Santo Antônio do Descoberto,,5.3175216,68654,18.2262285714286,57.1977142857143,0,1,1,41.4767142857143,27.1564714285714,23.2410857142857,28.5268,8,,,,,14958,2025-08-31,5219753,Santo Antonio do Descoberto,GO,2025,36
1755993600000,202535,4.0,4,4,4,0.9507878,5.8263173,0,1,521975320253520683,2026-08-18,Santo Antônio do Descoberto,,4.6666245,68654,18.3406285714286,50.8642285714286,0,0,0,36.1690571428571,23.4243285714286,24.0307571428571,29.7035285714286,3,,,,,14958,2025-08-24,5219753,Santo Antonio do Descoberto,GO,2025,35
1755388800000,202534,1.0,1,1,1,0.8092298,1.4565793,0,1,521975320253420683,2026-08-18,Santo Antônio do Descoberto,,3.2746234,68654,15.8634285714286,50.1577857142857,0,0,0,32.8434857142857,18.3194428571429,22.8472714285714,29.6648142857143,0,,,,,14958,2025-08-17,5219753,Santo Antonio do Descoberto,GO,2025,34
1754784000000,202533,1.0,1,1,1,0.8818923,1.4565793,0,1,521975320253320683,2026-08-18,Santo Antônio do Descoberto,,5.5149403,68654,14.4771428571429,54.4894285714286,0,0,0,37.7682857142857,23.2079,21.3155857142857,28.4464714285714,1,,,,,14958,2025-08-10,5219753,Santo Antonio do Descoberto,GO,2025,33
1754179200000,202532,0.0,0,0,0,0.0,0.0,0,1,521975320253220683,2026-08-18,Santo Antônio do Descoberto,,0.0,68654,15.5418571428571,62.9485142857143,0,0,0,44.1564428571429,27.6120571428571,21.4256428571429,27.1869428571429,0,,,,,14958,2025-08-03,5219753,Santo Antonio do Descoberto,GO,2025,32
1753574400000,202531,0.0,0,0,0,0.0,0.0,0,1,521975320253120676,2026-08-11,Santo Antônio do Descoberto,,0.0,68654,15.6380857142857,62.9537571428571,0,0,0,44.7450714285714,26.8983142857143,21.6171571428571,27.9197428571429,0,,,,,14958,2025-07-27,5219753,Santo Antonio do Descoberto,GO,2025,31
1752969600000,202530,0.0,0,0,0,0.0,0.0,0,1,521975320253020671,2026-08-06,Santo Antônio do Descoberto,,0.0,68654,15.3238714285714,66.6789142857143,0,0,0,45.4765714285714,28.8927285714286,21.7671142857143,27.9925857142857,0,,,,,14958,2025-07-20,5219753,Santo Antonio do Descoberto,GO,2025,30
1752364800000,202529,2.0,2,2,2,0.00805259,2.9131587,0,1,521975320252920662,2026-07-28,Santo Antônio do Descoberto,,0.21103711,68654,13.6297142857143,68.6958285714286,0,0,0,49.2525571428571,30.9880571428571,19.2650285714286,25.0702857142857,1,,,,,14958,2025-07-13,5219753,Santo Antonio do Descoberto,GO,2025,29
1751760000000,202528,4.0,4,4,4,0.026862342,5.8263173,0,1,521975320252820654,2026-07-20,Santo Antônio do Descoberto,,0.35920206,68654,14.2404,68.2966714285714,0,0,0,50.7643571428571,33.8869571428571,19.2872428571429,24.6344428571429,4,,,,,14958,2025-07-06,5219753,Santo Antonio do Descoberto,GO,2025,28
1751155200000,202527,12.0,12,12,12,0.48510355,17.478952,0,1,521975320252720647,2026-07-13,Santo Antônio do Descoberto,,0.9851808,68654,14.3687428571429,73.9625428571429,0,0,1,53.3778142857143,34.1663,19.9383857142857,25.7156285714286,10,,,,,14958,2025-06-29,5219753,Santo Antonio do Descoberto,GO,2025,27
1750550400000,202526,13.0,13,13,13,0.3717893,18.935532,0,1,521975320252620642,2026-07-08,Santo Antônio do Descoberto,,0.8846465,68654,14.8646,83.268,0,0,1,61.1691857142857,38.0722571428571,20.3669857142857,26.6023714285714,10,,,,,14958,2025-06-22,5219753,Santo Antonio do Descoberto,GO,2025,26
1749945600000,202525,7.0,7,7,7,0.012086468,10.196055,0,1,521975320252520636,2026-07-02,Santo Antônio do Descoberto,,0.3921662,68654,14.8387,73.9371,0,0,1,56.1707428571429,36.6338571428571,19.7579428571429,25.1098142857143,7,,,,,14958,2025-06-15,5219753,Santo Antonio do Descoberto,GO,2025,25
1749340800000,202524,20.0,20,20,20,0.21448617,29.131588,0,1,521975320252420627,2026-06-23,Santo Antônio do Descoberto,,0.79156303,68654,15.6499857142857,80.9810428571429,0,0,1,61.7671,39.8202142857143,20.4969571428571,25.9151857142857,10,,,,,14958,2025-06-08,5219753,Santo Antonio do Descoberto,GO,2025,24
1748736000000,202523,12.0,12,12,12,0.0001609779,17.478952,0,1,521975320252320621,2026-06-17,Santo Antônio do Descoberto,,0.3318255,68654,16.3059428571429,85.7842714285714,0,0,1,65.9644,44.1882714285714,21.4257428571429,26.8522285714286,5,,,,,14958,2025-06-01,5219753,Santo Antonio do Descoberto,GO,2025,23
1748131200000,202522,23.0,23,23,23,0.005022881,33.501324,0,1,521975320252220619,2026-06-15,Santo Antônio do Descoberto,,0.5260978,68654,15.3524857142857,85.1598714285714,0,0,1,65.5671714285714,43.6257,20.5095571428571,25.8761428571429,19,,,,,14958,2025-05-25,5219753,Santo Antonio do Descoberto,GO,2025,22
1747526400000,202521,38.0,38,38,38,0.29926932,55.350018,0,1,521975320252120608,2026-06-04,Santo Antônio do Descoberto,,0.889844,68654,14.8734428571429,83.9735714285714,0,0,1,64.2513,42.7568142857143,20.1349714285714,25.6542,32,,,,,14958,2025-05-18,5219753,Santo Antonio do Descoberto,GO,2025,21
1746921600000,202520,50.0,50,50,50,0.94608027,72.82897,0,1,521975320252020599,2026-05-26,Santo Antônio do Descoberto,,1.4179311,68654,17.0575714285714,83.5396714285714,0,0,1,67.7490428571429,47.5885,20.9925142857143,25.4461285714286,34,,,,,14958,2025-05-11,5219753,Santo Antonio do Descoberto,GO,2025,20
1746316800000,202519,47.0,47,47,47,0.9921639,68.45923,0,1,521975320251920592,2026-05-19,Santo Antônio do Descoberto,,1.7712486,68654,16.9542285714286,83.9823428571429,0,1,1,66.5610285714286,46.5795714285714,21.7678285714286,26.7432,41,,,,,14958,2025-05-04,5219753,Santo Antonio do Descoberto,GO,2025,19
1745712000000,202518,34.0,34,34,34,0.9701688,49.523697,0,2,521975320251820587,2026-05-14,Santo Antônio do Descoberto,,1.6744696,68654,18.5516285714286,95.0157285714286,1,1,1,81.4706857142857,62.7325,22.0379142857143,26.2688857142857,30,,,,,14958,2025-04-27,5219753,Santo Antonio do Descoberto,GO,2025,18
1745107200000,202517,28.0,28,28,28,0.9133565,40.78422,0,1,521975320251720578,2026-05-05,Santo Antônio do Descoberto,,1.4894736,68654,18.9770428571429,94.0327,1,0,1,78.8357285714286,58.4232142857143,22.8840285714286,27.3482285714286,27,,,,,14958,2025-04-20,5219753,Santo Antonio do Descoberto,GO,2025,17
1744502400000,202516,14.0,14,14,14,0.15113732,20.39211,0,1,521975320251620571,2026-04-28,Santo Antônio do Descoberto,,0.70287526,68654,18.9679857142857,96.3057142857143,1,0,1,83.8180142857143,63.8404857142857,22.3505142857143,26.7139142857143,13,,,,,14958,2025-04-13,5219753,Santo Antonio do Descoberto,GO,2025,16
1743897600000,202515,21.0,21,21,21,0.37321964,30.588167,0,1,521975320251520566,2026-04-23,Santo Antônio do Descoberto,,0.908021,68654,18.9585,88.7623142857143,0,0,1,74.5436285714286,54.8534714285714,22.6010142857143,27.1459142857143,20,,,,,14958,2025-04-06,5219753,Santo Antonio do Descoberto,GO,2025,15
1743292800000,202514,17.0,17,17,17,0.036953785,24.761848,0,1,521975320251420557,2026-04-14,Santo Antônio do Descoberto,,0.5876068,68654,18.9975571428571,87.9089857142857,0,0,1,69.5023,48.04,23.6698142857143,28.5401142857143,17,,,,,14958,2025-03-30,5219753,Santo Antonio do Descoberto,GO,2025,14
1742688000000,202513,24.0,24,24,24,0.06935986,34.957905,0,1,521975320251320552,2026-04-09,Santo Antônio do Descoberto,,0.68018955,68654,19.1489857142857,97.7280285714286,1,0,1,82.6833571428571,61.1503142857143,22.7240285714286,27.3275571428571,24,,,,,14958,2025-03-23,5219753,Santo Antonio do Descoberto,GO,2025,13
1742083200000,202512,24.0,24,24,24,0.05995919,34.957905,0,1,521975320251220543,2026-03-31,Santo Antônio do Descoberto,,0.6682919,68654,19.9017857142857,90.6777571428571,1,0,1,69.9319857142857,46.6098857142857,24.4777428571429,29.4455285714286,24,,,,,14958,2025-03-16,5219753,Santo Antonio do Descoberto,GO,2025,12
1741478400000,202511,43.0,43,43,43,0.8491171,62.63291,0,1,521975320251120535,2026-03-23,Santo Antônio do Descoberto,,1.2647754,68654,20.2027428571429,83.1104714285714,0,0,1,62.6481714285714,41.0702142857143,25.1254714285714,30.3808285714286,43,,,,,14958,2025-03-09,5219753,Santo Antonio do Descoberto,GO,2025,11
1740873600000,202510,39.0,39,39,39,0.6676433,56.806595,0,1,521975320251020529,2026-03-17,Santo Antônio do Descoberto,,1.1052499,68654,19.1893571428571,75.0530142857143,0,0,1,61.0515428571429,44.5755857142857,23.4777428571429,28.0200714285714,38,,,,,14958,2025-03-02,5219753,Santo Antonio do Descoberto,GO,2025,10
1740268800000,202509,26.0,26,26,26,0.062348463,37.871063,0,1,521975320250920521,2026-03-09,Santo Antônio do Descoberto,,0.680941,68654,19.156,87.2477285714286,0,0,1,70.3336,51.2160142857143,23.4855,28.3201142857143,26,,,,,14958,2025-02-23,5219753,Santo Antonio do Descoberto,GO,2025,9
1739664000000,202508,41.0,41,41,41,0.49664304,59.719753,0,1,521975320250820516,2026-03-04,Santo Antônio do Descoberto,,0.99815345,68654,18.9388428571429,83.5437285714286,0,0,1,62.8640857142857,41.8234571428571,24.2673285714286,29.5803857142857,38,,,,,14958,2025-02-16,5219753,Santo Antonio do Descoberto,GO,2025,8
1739059200000,202507,32.0,32,32,32,0.27615988,46.61054,0,2,521975320250720508,2026-02-24,Santo Antônio do Descoberto,,0.8671835,68654,18.7562714285714,93.0282857142857,1,0,1,75.9552714285714,53.6662142857143,22.7988428571429,27.5327571428571,29,,,,,14958,2025-02-09,5219753,Santo Antonio do Descoberto,GO,2025,7
1738454400000,202506,47.0,47,47,47,0.9821175,68.45923,0,2,521975320250620503,2026-02-19,Santo Antônio do Descoberto,,1.6263808,68654,18.8961571428571,90.5901142857143,1,1,1,73.9039714285714,54.0729142857143,22.6942857142857,26.9528428571429,46,,,,,14958,2025-02-02,5219753,Santo Antonio do Descoberto,GO,2025,6
1737849600000,202505,44.0,44,44,44,0.99068046,64.08949,0,2,521975320250520495,2026-02-11,Santo Antônio do Descoberto,,1.7781596,68654,19.6301857142857,94.8349714285714,1,1,1,82.0086714285714,66.1745,22.6925571428571,26.3266,43,,,,,14958,2025-01-26,5219753,Santo Antonio do Descoberto,GO,2025,5
1737244800000,202504,19.0,19,19,19,0.1995354,27.675009,0,2,521975320250420491,2026-02-07,Santo Antônio do Descoberto,,0.77547663,68654,18.7579428571429,93.2740285714286,1,0,1,76.2887285714286,56.7383142857143,23.308,28.4573857142857,19,,,,,14958,2025-01-19,5219753,Santo Antonio do Descoberto,GO,2025,4
1736640000000,202503,29.0,29,29,29,0.6269234,42.240803,0,2,521975320250320486,2026-02-02,Santo Antônio do Descoberto,,1.0900396,68654,19.4712857142857,96.3418,1,0,1,87.4754142857143,73.8136,21.5221142857143,24.3500285714286,28,,,,,14958,2025-01-12,5219753,Santo Antonio do Descoberto,GO,2025,3
1736035200000,202502,18.0,18,18,18,0.08939644,26.21843,0,2,521975320250220459,2026-01-06,Santo Antônio do Descoberto,,0.6692871,68654,19.4496428571429,96.3022142857143,1,0,1,84.8566,69.2109285714286,22.3632857142857,26.0105428571429,16,,,,,14958,2025-01-05,5219753,Santo Antonio do Descoberto,GO,2025,2
1735430400000,202501,32.0,32,32,32,0.8634636,46.61054,0,2,521975320250120459,2026-01-06,Santo Antônio do Descoberto,,1.3398862,68654,19.0022428571429,96.1494142857143,1,0,1,83.5510571428571,64.0762571428571,22.0748142857143,26.2385428571429,17,,,,,14958,2024-12-29,5219753,Santo Antonio do Descoberto,GO,2025,1
1734825600000,202452,26.0,26,26,26,0.82396555,37.871063,0,2,521975320245220437,2025-12-15,Santo Antônio do Descoberto,,1.315029,68654,19.7906571428571,95.7919,1,0,1,85.3486714285714,68.5937285714286,22.1533857142857,25.3495428571429,11,,,,,14958,2024-12-22,5219753,Santo Antonio do Descoberto,GO,2024,52
1734220800000,202451,29.0,29,29,29,0.89744604,42.240803,0,2,521975320245120437,2025-12-15,Santo Antônio do Descoberto,,1.4348856,68654,19.8302714285714,95.6752571428571,1,0,1,81.9520285714286,60.8179285714286,22.9606714285714,27.4387714285714,15,,,,,14958,2024-12-15,5219753,Santo Antonio do Descoberto,GO,2024,51
1733616000000,202450,13.0,13,13,13,0.044499952,18.935532,0,2,521975320245020437,2025-12-15,Santo Antônio do Descoberto,,0.5647474,68654,19.6829714285714,92.2757428571429,1,0,1,75.1059428571429,53.8188428571429,23.9097571428571,28.5264714285714,13,,,,,14958,2024-12-08,5219753,Santo Antonio do Descoberto,GO,2024,50
1733011200000,202449,19.0,19,19,19,0.2763687,27.675009,0,2,521975320244920431,2025-12-09,Santo Antônio do Descoberto,,0.8334365,68654,19.1677285714286,92.8604571428571,1,0,1,76.7922142857143,58.3450142857143,23.3248714285714,27.4230857142857,18,,,,,14958,2024-12-01,5219753,Santo Antonio do Descoberto,GO,2024,49
1732406400000,202448,27.0,27,27,27,0.85146064,39.327644,0,2,521975320244820425,2025-12-03,Santo Antônio do Descoberto,,1.354484,68654,19.4261857142857,94.0037714285714,1,0,1,80.2877714285714,62.4433714285714,22.6923571428571,26.8531,27,,,,,14958,2024-11-24,5219753,Santo Antonio do Descoberto,GO,2024,48
1731801600000,202447,24.0,24,24,24,0.7815833,34.957905,0,2,521975320244720418,2025-11-26,Santo Antônio do Descoberto,,1.265886,68654,18.9819285714286,96.9165142857143,1,0,1,82.8168142857143,64.6331428571429,22.5091285714286,26.6266142857143,24,,,,,14958,2024-11-17,5219753,Santo Antonio do Descoberto,GO,2024,47
1731196800000,202446,20.0,20,20,20,0.46085915,29.131588,0,2,521975320244620410,2025-11-18,Santo Antônio do Descoberto,,0.9699374,68654,18.9406142857143,97.1033428571429,1,0,1,84.9757,66.3736428571429,21.8159,25.9244857142857,20,,,,,14958,2024-11-10,5219753,Santo Antonio do Descoberto,GO,2024,46
1730592000000,202445,13.0,13,13,13,0.09995829,18.935532,0,2,521975320244520403,2025-11-11,Santo Antônio do Descoberto,,0.6413431,68654,19.5069142857143,94.5306714285714,1,0,1,83.9583428571429,66.7585142857143,22.0789571428571,25.8317714285714,13,,,,,14958,2024-11-03,5219753,Santo Antonio do Descoberto,GO,2024,45
1729987200000,202444,27.0,27,27,27,0.8761321,39.327644,0,2,521975320244420395,2025-11-03,Santo Antônio do Descoberto,,1.4039986,68654,19.1898,94.2141428571429,1,0,1,80.5412571428571,63.9640285714286,22.4038714285714,26.0300428571429,27,,,,,14958,2024-10-27,5219753,Santo Antonio do Descoberto,GO,2024,44
1729382400000,202443,19.0,19,19,19,0.5830553,27.675009,0,1,521975320244320389,2025-10-28,Santo Antônio do Descoberto,,1.0708278,68654,19.8815571428571,95.3499,1,0,1,80.8884,58.9763857142857,23.1640571428571,27.5847,17,,,,,14958,2024-10-20,5219753,Santo Antonio do Descoberto,GO,2024,43
1728777600000,202442,17.0,17,17,17,0.70415884,24.761848,0,1,521975320244220381,2025-10-20,Santo Antônio do Descoberto,,1.2096882,68654,19.5924428571429,93.2294142857143,1,0,1,77.4560714285714,54.4249428571429,23.1706142857143,27.9594,17,,,,,14958,2024-10-13,5219753,Santo Antonio do Descoberto,GO,2024,42
1728172800000,202441,24.0,24,24,24,0.9711937,34.957905,0,1,521975320244120375,2025-10-14,Santo Antônio do Descoberto,,1.8865759,68654,22.1926285714286,73.6348142857143,0,1,1,54.8634,34.3733142857143,26.9136142857143,32.3779714285714,24,,,,,14958,2024-10-06,5219753,Santo Antonio do Descoberto,GO,2024,41
1727568000000,202440,10.0,10,10,10,0.117649496,14.565794,0,1,521975320244020367,2025-10-06,Santo Antônio do Descoberto,,0.628255,68654,20.5325571428571,52.7203857142857,0,0,1,31.8082,18.5894142857143,27.7193142857143,33.9623714285714,10,,,,,14958,2024-09-29,5219753,Santo Antonio do Descoberto,GO,2024,40
1726963200000,202439,10.0,10,10,10,0.034425493,14.565794,0,1,521975320243920363,2025-10-02,Santo Antônio do Descoberto,,0.5081862,68654,21.1923428571429,46.2923857142857,0,0,1,29.5301428571429,17.6045428571429,27.9067,34.0743285714286,10,,,,,14958,2024-09-22,5219753,Santo Antonio do Descoberto,GO,2024,39
1726358400000,202438,15.0,15,15,15,0.19265424,21.84869,0,1,521975320243820353,2025-09-22,Santo Antônio do Descoberto,,0.74734616,68654,19.8352285714286,51.0664,0,0,1,33.3078,19.7882285714286,26.4644857142857,32.5906285714286,15,,,,,14958,2024-09-15,5219753,Santo Antonio do Descoberto,GO,2024,38
1725753600000,202437,24.0,24,24,24,0.8169502,34.957905,0,1,521975320243720346,2025-09-15,Santo Antônio do Descoberto,,1.3189386,68654,17.6182857142857,44.5686,0,0,1,31.1155857142857,18.9045571428571,24.6916714285714,31.4748285714286,23,,,,,14958,2024-09-08,5219753,Santo Antonio do Descoberto,GO,2024,37
1725148800000,202436,20.0,20,20,20,0.7589091,29.131588,0,1,521975320243620339,2025-09-08,Santo Antônio do Descoberto,,1.2621542,68654,16.2753428571429,47.0184285714286,0,0,1,26.7446857142857,13.9341857142857,24.8532285714286,32.5265857142857,20,,,,,14958,2024-09-01,5219753,Santo Antonio do Descoberto,GO,2024,36
1724544000000,202435,19.0,19,19,19,0.8259522,27.675009,0,1,521975320243520332,2025-09-01,Santo Antônio do Descoberto,,1.3854686,68654,16.5793857142857,63.5929571428571,0,0,1,43.7304,25.3369142857143,22.9835857142857,29.5753571428571,19,,,,,14958,2024-08-25,5219753,Santo Antonio do Descoberto,GO,2024,35
1723939200000,202434,15.0,15,15,15,0.66648567,21.84869,0,1,521975320243420328,2025-08-28,Santo Antônio do Descoberto,,1.1748068,68654,15.4150714285714,52.8378142857143,0,0,1,31.4563428571429,17.1052571428571,23.4194714285714,30.7246571428571,15,,,,,14958,2024-08-18,5219753,Santo Antonio do Descoberto,GO,2024,34
1723334400000,202433,15.0,15,15,15,0.5265541,21.84869,0,1,521975320243320321,2025-08-21,Santo Antônio do Descoberto,,1.0244206,68654,14.8593,56.0113857142857,0,0,1,37.9606142857143,21.8962571428571,22.0716428571429,29.5948142857143,15,,,,,14958,2024-08-11,5219753,Santo Antonio do Descoberto,GO,2024,33
1722729600000,202432,9.0,9,9,9,0.047320362,13.109215,0,1,521975320243220312,2025-08-12,Santo Antônio do Descoberto,,0.5181502,68654,14.6753285714286,70.2657857142857,0,0,1,46.9697285714286,29.4870571428571,21.0960428571429,27.2761857142857,9,,,,,14958,2024-08-04,5219753,Santo Antonio do Descoberto,GO,2024,32
1722124800000,202431,15.0,15,15,15,0.2160758,21.84869,0,1,521975320243120305,2025-08-05,Santo Antônio do Descoberto,,0.76706594,68654,16.0350428571429,66.1733857142857,0,0,1,46.7858571428571,28.5312285714286,21.7672428571429,27.4807571428571,15,,,,,14958,2024-07-28,5219753,Santo Antonio do Descoberto,GO,2024,31
1721520000000,202430,19.0,19,19,19,0.3085953,27.675009,0,1,521975320243020298,2025-07-29,Santo Antônio do Descoberto,,0.8568884,68654,12.3303571428571,70.4995285714286,0,0,1,46.5460428571429,27.4218428571429,19.5379857142857,26.5515714285714,18,,,,,14958,2024-07-21,5219753,Santo Antonio do Descoberto,GO,2024,30
1720915200000,202429,18.0,18,18,18,0.21216415,26.21843,0,1,521975320242920291,2025-07-22,Santo Antônio do Descoberto,,0.78054106,68654,12.7451142857143,72.7066428571429,0,0,1,48.8840428571429,29.2726142857143,19.4859857142857,26.0463428571429,18,,,,,14958,2024-07-14,5219753,Santo Antonio do Descoberto,GO,2024,29
1720310400000,202428,22.0,22,22,22,0.5471774,32.044746,0,1,521975320242820283,2025-07-14,Santo Antônio do Descoberto,,1.0363582,68654,14.4430571428571,71.4918857142857,0,0,1,47.4605428571429,26.4938142857143,21.3682142857143,28.1660428571429,20,,,,,14958,2024-07-07,5219753,Santo Antonio do Descoberto,GO,2024,28
1719705600000,202427,29.0,29,29,29,0.7796084,42.240803,0,1,521975320242720278,2025-07-09,Santo Antônio do Descoberto,,1.2358354,68654,14.3061,69.5908857142857,0,0,1,47.8716857142857,29.7260428571429,20.6155,26.8038285714286,26,,,,,14958,2024-06-30,5219753,Santo Antonio do Descoberto,GO,2024,27
1719100800000,202426,17.0,17,17,17,0.024051076,24.761848,0,1,521975320242620269,2025-06-30,Santo Antônio do Descoberto,,0.55936867,68654,14.7752285714286,71.0968714285714,0,0,1,49.6139285714286,28.8735428571429,20.7329428571429,26.9969428571429,10,,,,,14958,2024-06-23,5219753,Santo Antonio do Descoberto,GO,2024,26
1718496000000,202425,17.0,17,17,17,0.01402447,24.761848,0,1,521975320242520262,2025-06-23,Santo Antônio do Descoberto,,0.52895635,68654,13.9570714285714,77.2839285714286,0,0,1,55.1996,33.0680857142857,19.9644142857143,26.1101714285714,12,,,,,14958,2024-06-16,5219753,Santo Antonio do Descoberto,GO,2024,25
1717891200000,202424,36.0,36,36,36,0.8044999,52.43686,0,1,521975320242420255,2025-06-16,Santo Antônio do Descoberto,,1.2359182,68654,14.5838428571429,80.8579285714286,0,0,1,58.08,36.1161857142857,20.6396428571429,26.8126142857143,28,,,,,14958,2024-06-09,5219753,Santo Antonio do Descoberto,GO,2024,24
1717286400000,202423,41.0,41,41,41,0.8606772,59.719753,0,1,521975320242320249,2025-06-10,Santo Antônio do Descoberto,,1.2884792,68654,16.1890714285714,81.5091,0,0,1,60.7043857142857,39.7712285714286,20.8695428571429,26.0127571428571,36,,,,,14958,2024-06-02,5219753,Santo Antonio do Descoberto,GO,2024,23
1716681600000,202422,17.0,17,17,17,0.0002639376,24.761848,0,1,521975320242220241,2025-06-02,Santo Antônio do Descoberto,,0.3929788,68654,15.7506571428571,81.5878,0,0,1,58.6560571428571,35.8704428571429,21.1902571428571,26.8846428571429,17,,,,,14958,2024-05-26,5219753,Santo Antonio do Descoberto,GO,2024,22
1716076800000,202421,35.0,35,35,35,0.0007114274,50.980278,0,1,521975320242120236,2025-05-28,Santo Antônio do Descoberto,,0.52412724,68654,16.8317857142857,81.4660857142857,0,0,1,59.6046285714286,37.8943285714286,22.196,27.8032285714286,34,,,,,14958,2024-05-19,5219753,Santo Antonio do Descoberto,GO,2024,21
1715472000000,202420,32.0,32,32,32,5.6e-09,46.61054,0,1,521975320242020227,2025-05-19,Santo Antônio do Descoberto,,0.33811712,68654,15.9226428571429,77.7684,0,0,1,56.6856428571429,35.1721428571429,22.2793285714286,28.5026571428571,32,,,,,14958,2024-05-12,5219753,Santo Antonio do Descoberto,GO,2024,20
1714867200000,202419,61.0,61,61,61,2.73646e-05,88.85134,0,4,521975320241920224,2025-05-16,Santo Antônio do Descoberto,,0.5360638,68654,16.0787857142857,83.2844714285714,0,0,2,62.7887142857143,40.962,21.8013428571429,27.8376714285714,61,,,,,14958,2024-05-05,5219753,Santo Antonio do Descoberto,GO,2024,19
1714262400000,202418,108.0,108,108,108,0.19807298,157.31058,0,4,521975320241820214,2025-05-06,Santo Antônio do Descoberto,,0.89397764,68654,17.8500285714286,84.3086857142857,0,0,2,61.8375285714286,40.0053142857143,23.6116428571429,29.0868142857143,99,,,,,14958,2024-04-28,5219753,Santo Antonio do Descoberto,GO,2024,18
1713657600000,202417,112.0,112,112,112,0.2946922,163.13689,0,4,521975320241720206,2025-04-28,Santo Antônio do Descoberto,,0.9317107,68654,17.9818142857143,87.4631,0,0,2,68.2792428571429,46.4863857142857,22.9440428571429,28.1108428571429,100,,,,,14958,2024-04-21,5219753,Santo Antonio do Descoberto,GO,2024,17
1713052800000,202416,139.0,139,139,139,0.8956035,202.46454,0,4,521975320241620200,2025-04-22,Santo Antônio do Descoberto,,1.1694454,68654,19.3742428571429,88.9011285714286,0,0,2,72.4963714285714,55.1692285714286,23.3288857142857,27.5287142857143,137,,,,,14958,2024-04-14,5219753,Santo Antonio do Descoberto,GO,2024,16
1712448000000,202415,100.0,100,100,100,0.24105553,145.65794,0,4,521975320241520192,2025-04-14,Santo Antônio do Descoberto,,0.90770435,68654,19.816,90.4936,1,0,2,77.7123714285714,60.2130285714286,23.0320142857143,26.6327714285714,85,,,,,14958,2024-04-07,5219753,Santo Antonio do Descoberto,GO,2024,15
1711843200000,202414,144.0,144,144,144,0.9844452,209.74744,0,4,521975320241420188,2025-04-10,Santo Antônio do Descoberto,,1.3118466,68654,19.6948285714286,98.1535285714286,1,1,2,86.2967714285714,68.7355857142857,22.7874571428571,26.8619,114,,,,,14958,2024-03-31,5219753,Santo Antonio do Descoberto,GO,2024,14
1711238400000,202413,99.0,99,99,99,0.010864172,144.20135,0,4,521975320241320178,2025-03-31,Santo Antônio do Descoberto,,0.73937905,68654,19.5726,96.3623142857143,1,0,2,84.2796285714286,63.4472285714286,22.4630571428571,26.5413428571429,86,,,,,14958,2024-03-24,5219753,Santo Antonio do Descoberto,GO,2024,13
1710633600000,202412,97.0,97,97,97,6.4178e-05,141.2882,0,4,521975320241220171,2025-03-24,Santo Antônio do Descoberto,,0.6149947,68654,20.6328428571429,95.4800428571429,1,0,2,81.1313714285714,61.4138285714286,24.1519285714286,28.5113714285714,72,,,,,14958,2024-03-17,5219753,Santo Antonio do Descoberto,GO,2024,12
1710028800000,202411,110.0,110,110,110,0.0016836814,160.22372,0,4,521975320241120165,2025-03-18,Santo Antônio do Descoberto,,0.6971916,68654,20.4971285714286,94.7167571428571,1,0,2,79.8751571428571,60.4956857142857,24.1856571428571,28.3667142857143,79,,,,,14958,2024-03-10,5219753,Santo Antonio do Descoberto,GO,2024,11
1709424000000,202410,227.0,227,227,227,0.99592274,330.64352,0,4,521975320241020158,2025-03-11,Santo Antônio do Descoberto,,1.3035147,68654,20.1355571428571,94.1680428571429,1,1,2,78.9038714285714,58.5612285714286,23.8569714285714,28.3702285714286,165,,,,,14958,2024-03-03,5219753,Santo Antonio do Descoberto,GO,2024,10
1708819200000,202409,100.0,100,100,100,0.0,145.65794,0,4,521975320240920153,2025-03-06,Santo Antônio do Descoberto,,0.458072,68654,19.4055714285714,88.2407857142857,0,0,2,68.3012142857143,47.0004285714286,24.6201428571429,29.7733,67,,,,,14958,2024-02-25,5219753,Santo Antonio do Descoberto,GO,2024,9
1708214400000,202408,191.0,191,191,191,0.0024044225,278.20667,0,4,521975320240820145,2025-02-26,Santo Antônio do Descoberto,,0.7637847,68654,19.764,96.6830428571429,1,0,2,87.8071857142857,72.5958714285714,21.9644571428571,25.3158142857143,158,,,,,14958,2024-02-18,5219753,Santo Antonio do Descoberto,GO,2024,8
1707609600000,202407,170.0,170,170,170,0.07755298,247.6185,0,4,521975320240720137,2025-02-18,Santo Antônio do Descoberto,,0.86206746,68654,19.3772571428571,91.2052,1,0,2,78.3726142857143,60.5440571428571,22.8799,27.1889857142857,114,,,,,14958,2024-02-11,5219753,Santo Antonio do Descoberto,GO,2024,7
1707004800000,202406,359.0,359,359,359,1.0,522.912,0,4,521975320240620130,2025-02-11,Santo Antônio do Descoberto,,3.2356143,68654,19.6380857142857,96.9473142857143,1,1,2,84.5757142857143,66.0257714285714,22.4018714285714,26.4028428571429,257,,,,,14958,2024-02-04,5219753,Santo Antonio do Descoberto,GO,2024,6
1706400000000,202405,219.0,219,219,219,1.0,318.99088,0,2,521975320240520123,2025-02-04,Santo Antônio do Descoberto,,2.894747,68654,19.4457857142857,95.7286285714286,1,1,2,80.9461571428571,59.4736857142857,22.8096142857143,27.1731857142857,155,,,,,14958,2024-01-28,5219753,Santo Antonio do Descoberto,GO,2024,5
1705795200000,202404,38.0,38,38,38,3.12621e-05,55.350018,0,2,521975320240420116,2025-01-28,Santo Antônio do Descoberto,,0.46902466,68654,20.0977428571429,94.8930285714286,1,0,1,82.1381714285714,65.4167714285714,22.9047285714286,26.533,34,,,,,14958,2024-01-21,5219753,Santo Antonio do Descoberto,GO,2024,4
1705190400000,202403,78.0,78,78,78,0.20074193,113.61319,0,4,521975320240320109,2025-01-21,Santo Antônio do Descoberto,,0.8783317,68654,19.7427,93.2156142857143,1,0,2,74.2236,52.0040142857143,24.2015,28.8203714285714,44,,,,,14958,2024-01-14,5219753,Santo Antonio do Descoberto,GO,2024,3
1704585600000,202402,69.0,69,69,69,0.15065584,100.503975,0,4,521975320240220102,2025-01-14,Santo Antônio do Descoberto,,0.84513456,68654,19.1908857142857,97.2664428571429,1,0,2,83.7693714285714,65.8953,22.6325285714286,26.4502285714286,26,,,,,14958,2024-01-07,5219753,Santo Antonio do Descoberto,GO,2024,2
1703980800000,202401,115.0,115,115,115,0.9997972,167.50662,0,4,521975320240120095,2025-01-07,Santo Antônio do Descoberto,,1.7012461,68654,20.1142714285714,96.3822,1,1,2,87.1639428571429,73.2361428571429,22.1338142857143,24.7249,64,,,,,14958,2023-12-31,5219753,Santo Antonio do Descoberto,GO,2024,1
1703376000000,202352,69.0,69,69,69,0.9857306,100.503975,0,4,521975320235220087,2024-12-30,Santo Antônio do Descoberto,,1.5093889,68654,20.7828428571429,95.1982285714286,1,1,2,77.7903428571429,53.0443857142857,24.4397142857143,29.2938,44,,,,,14958,2023-12-24,5219753,Santo Antonio do Descoberto,GO,2023,52
1702771200000,202351,83.0,83,83,83,1.0,120.89609,0,4,521975320235120080,2024-12-23,Santo Antônio do Descoberto,,3.0976002,68654,20.0300571428571,87.6218714285714,0,1,2,70.2916714285714,54.6897285714286,23.8798857142857,27.9030857142857,27,,,,,14958,2023-12-17,5219753,Santo Antonio do Descoberto,GO,2023,51
1702166400000,202350,45.0,45,45,45,0.9968978,65.546074,0,1,521975320235020074,2024-12-17,Santo Antônio do Descoberto,,1.9725522,68654,20.5945,83.0380428571429,0,1,2,59.4781,38.4414142857143,25.6818571428571,30.9173285714286,18,,,,,14958,2023-12-10,5219753,Santo Antonio do Descoberto,GO,2023,50
1701561600000,202349,11.0,11,11,11,0.0098368805,16.022373,0,1,521975320234920067,2024-12-10,Santo Antônio do Descoberto,,0.4478063,68654,19.6192428571429,88.6339714285714,0,0,1,69.3874428571429,46.3660714285714,24.4083,29.6878428571429,3,,,,,14958,2023-12-03,5219753,Santo Antonio do Descoberto,GO,2023,49
1700956800000,202348,21.0,21,21,21,0.36653602,30.588167,0,1,521975320234820060,2024-12-03,Santo Antônio do Descoberto,,0.9033526,68654,20.5085428571429,89.2492571428571,0,0,1,68.5557428571429,46.5255,24.8241428571429,29.7545142857143,3,,,,,14958,2023-11-26,5219753,Santo Antonio do Descoberto,GO,2023,48
1700352000000,202347,35.0,35,35,35,0.89934504,50.980278,0,1,521975320234720056,2024-11-29,Santo Antônio do Descoberto,,1.3900756,68654,20.4581571428571,93.7572285714286,1,0,1,72.5509,49.5958428571429,24.8325142857143,29.6929428571429,7,,,,,14958,2023-11-19,5219753,Santo Antonio do Descoberto,GO,2023,47
1699747200000,202346,14.0,14,14,14,0.005435979,20.39211,0,1,521975320234620046,2024-11-19,Santo Antônio do Descoberto,,0.45682257,68654,20.8053142857143,75.4070285714286,0,0,1,51.2074571428571,30.2048857142857,26.8558285714286,33.4178571428571,2,,,,,14958,2023-11-12,5219753,Santo Antonio do Descoberto,GO,2023,46
1699142400000,202345,26.0,26,26,26,0.16814563,37.871063,0,1,521975320234520039,2024-11-12,Santo Antônio do Descoberto,,0.7797149,68654,19.4252428571429,79.3649857142857,0,0,1,56.5367571428571,33.4341571428571,25.3409857142857,31.7447,3,,,,,14958,2023-11-05,5219753,Santo Antonio do Descoberto,GO,2023,45
1698537600000,202344,29.0,29,29,29,0.27120873,42.240803,0,1,521975320234420032,2024-11-05,Santo Antônio do Descoberto,,0.8581727,68654,20.1730857142857,89.5973714285714,0,0,1,71.3533285714286,47.0783142857143,24.4473714285714,30.3188714285714,4,,,,,14958,2023-10-29,5219753,Santo Antonio do Descoberto,GO,2023,44
1697932800000,202343,45.0,45,45,45,0.7263493,65.546074,0,1,521975320234320026,2024-10-30,Santo Antônio do Descoberto,,1.1393194,68654,20.0828285714286,87.6509,0,0,2,68.0589,43.7511571428571,24.5662571428571,30.2974,4,,,,,14958,2023-10-22,5219753,Santo Antonio do Descoberto,GO,2023,43
1697328000000,202342,17.0,17,17,17,0.0005334983,24.761848,0,1,521975320234220019,2024-10-23,Santo Antônio do Descoberto,,0.41019464,68654,20.0987857142857,73.1520571428571,0,0,1,52.7952714285714,33.352,25.7161714285714,31.8681285714286,2,,,,,14958,2023-10-15,5219753,Santo Antonio do Descoberto,GO,2023,42
1696723200000,202341,49.0,49,49,49,0.9349267,71.37239,0,4,521975320234120011,2024-10-15,Santo Antônio do Descoberto,,1.3915977,68654,20.4220285714286,86.4075285714286,0,0,2,68.5525428571429,45.4095571428571,25.0626714285714,30.9234,3,,,,,14958,2023-10-08,5219753,Santo Antonio do Descoberto,GO,2023,41
1696118400000,202340,47.0,47,47,47,0.9812473,68.45923,0,1,521975320234020005,2024-10-09,Santo Antônio do Descoberto,,1.6181189,68654,19.9367857142857,89.5236142857143,0,1,2,71.7497714285714,47.6954571428571,24.1418,29.7565857142857,3,,,,,14958,2023-10-01,5219753,Santo Antonio do Descoberto,GO,2023,40
1695513600000,202339,36.0,36,36,36,0.92501354,52.43686,0,1,521975320233919998,2024-10-02,Santo Antônio do Descoberto,,1.4471445,68654,21.0038428571429,74.4546571428571,0,0,1,55.0605,35.7549,26.3703714285714,32.4519,2,,,,,14958,2023-09-24,5219753,Santo Antonio do Descoberto,GO,2023,39
1694908800000,202338,19.0,19,19,19,0.60228777,27.675009,0,1,521975320233819990,2024-09-24,Santo Antônio do Descoberto,,1.0886571,68654,19.3533,63.4042285714286,0,0,1,43.2821142857143,25.3321428571429,25.8404428571429,32.6035285714286,0,,,,,14958,2023-09-17,5219753,Santo Antonio do Descoberto,GO,2023,38
1694304000000,202337,41.0,41,41,41,0.9999208,59.719753,0,1,521975320233719983,2024-09-17,Santo Antônio do Descoberto,,2.9571893,68654,18.1486571428571,64.4910571428571,0,1,1,46.3792571428571,30.3751,23.9391,29.9695,1,,,,,14958,2023-09-10,5219753,Santo Antonio do Descoberto,GO,2023,37
1693699200000,202336,4.0,4,4,4,0.002648272,5.8263173,0,1,521975320233619978,2024-09-12,Santo Antônio do Descoberto,,0.25535834,68654,18.4586285714286,74.4248857142857,0,0,0,55.2253571428571,34.1428285714286,23.7093,29.7697428571429,0,,,,,14958,2023-09-03,5219753,Santo Antonio do Descoberto,GO,2023,36
1693094400000,202335,18.0,18,18,18,0.3477265,26.21843,0,1,521975320233519969,2024-09-03,Santo Antônio do Descoberto,,0.88240844,68654,18.5069857142857,92.233,1,0,1,74.5345857142857,48.3324,22.7550285714286,28.6386714285714,0,,,,,14958,2023-08-27,5219753,Santo Antonio do Descoberto,GO,2023,35
1692489600000,202334,8.0,8,8,8,0.0060243523,11.652635,0,1,521975320233419962,2024-08-27,Santo Antônio do Descoberto,,0.37926716,68654,17.1731,70.7372571428571,0,0,1,49.2087857142857,28.0818285714286,23.5165142857143,30.7801857142857,3,,,,,14958,2023-08-20,5219753,Santo Antonio do Descoberto,GO,2023,34
1691884800000,202333,27.0,27,27,27,0.9155215,39.327644,0,1,521975320233319956,2024-08-21,Santo Antônio do Descoberto,,1.5083052,68654,15.7719285714286,67.3012285714286,0,0,1,47.4604285714286,29.8982,21.6022142857143,27.8385142857143,1,,,,,14958,2023-08-13,5219753,Santo Antonio do Descoberto,GO,2023,33
1691280000000,202332,24.0,24,24,24,0.7943648,34.957905,0,1,521975320233219949,2024-08-14,Santo Antônio do Descoberto,,1.2840496,68654,15.5801142857143,60.8993142857143,0,0,1,40.3654857142857,21.4308714285714,22.6317428571429,30.3529428571429,3,,,,,14958,2023-08-06,5219753,Santo Antonio do Descoberto,GO,2023,32
1690675200000,202331,16.0,16,16,16,0.058712944,23.30527,0,1,521975320233119941,2024-08-06,Santo Antônio do Descoberto,,0.6154944,68654,14.2146142857143,72.7798285714286,0,0,1,47.5231285714286,24.9168428571429,21.1990142857143,28.6618285714286,2,,,,,14958,2023-07-30,5219753,Santo Antonio do Descoberto,GO,2023,31
1690070400000,202330,10.0,10,10,10,0.0002045461,14.565794,0,1,521975320233019934,2024-07-30,Santo Antônio do Descoberto,,0.31140113,68654,14.743,74.1059571428571,0,0,1,52.5598142857143,31.2861714285714,20.7172285714286,27.2626714285714,3,,,,,14958,2023-07-23,5219753,Santo Antonio do Descoberto,GO,2023,30
1689465600000,202329,31.0,31,31,31,0.2646329,45.15396,0,1,521975320232919929,2024-07-25,Santo Antônio do Descoberto,,0.8582568,68654,15.9644571428571,76.5489428571429,0,0,1,55.5266142857143,34.2619,21.3607,27.2785,13,,,,,14958,2023-07-16,5219753,Santo Antonio do Descoberto,GO,2023,29
1688860800000,202328,35.0,35,35,35,0.21230912,50.980278,0,1,521975320232819919,2024-07-15,Santo Antônio do Descoberto,,0.834093,68654,14.2005285714286,78.5129285714286,0,0,1,54.5118857142857,30.2748571428571,20.6508571428571,28.2612,12,,,,,14958,2023-07-09,5219753,Santo Antonio do Descoberto,GO,2023,28
1688256000000,202327,31.0,31,31,31,0.039499164,45.15396,0,1,521975320232719913,2024-07-09,Santo Antônio do Descoberto,0,0.66941226,68654,16.7142857142857,55.6458987142857,0,0,1,52.0367727142857,48.2889567142857,17.4761905714286,18.2857142857143,2,,,,,14958,2023-07-02,5219753,Santo Antonio do Descoberto,GO,2023,27
1687651200000,202326,44.0,44,44,44,0.40295407,64.08949,0,4,521975320232619905,2024-07-01,Santo Antônio do Descoberto,0,0.9498255,68654,18.5714285714286,57.253633,0,0,2,54.7851431428571,52.1784072857143,19.0476191428571,19.5714285714286,2,,,,,14958,2023-06-25,5219753,Santo Antonio do Descoberto,GO,2023,26
1687046400000,202325,51.0,51,51,51,0.6912746,74.285545,0,4,521975320232519898,2024-06-24,Santo Antônio do Descoberto,0,1.1062802,68654,18.0,64.0836305714286,0,0,2,60.9203788571429,57.6386442857143,18.7142857142857,19.4285714285714,0,,,,,14958,2023-06-18,5219753,Santo Antonio do Descoberto,GO,2023,25
1686441600000,202324,46.0,46,46,46,0.4270283,67.00265,0,4,521975320232419884,2024-06-10,Santo Antônio do Descoberto,,0.9628809,68654,16.2125142857143,86.2904714285714,0,0,2,66.0478142857143,42.5971,21.3011,27.0887428571429,3,,,,,14958,2023-06-11,5219753,Santo Antonio do Descoberto,GO,2023,24
1685836800000,202323,42.0,42,42,42,0.13129744,61.176334,0,4,521975320232319884,2024-06-10,Santo Antônio do Descoberto,,0.7946939,68654,13.7252428571429,81.8870285714286,0,0,2,60.0956,36.7551285714286,19.9510857142857,26.6215428571429,1,,,,,14958,2023-06-04,5219753,Santo Antonio do Descoberto,GO,2023,23
1685232000000,202322,54.0,54,54,54,0.23101987,78.65529,0,1,521975320232219876,2024-06-02,Santo Antônio do Descoberto,0,0.87257123,68654,20.3,67.169108,0,0,2,63.6827369,60.2327318,21.1,21.9,0,,,,,14958,2023-05-28,5219753,Santo Antonio do Descoberto,GO,2023,22
1684627200000,202321,38.0,38,38,38,0.013865421,55.350018,0,1,521975320232119869,2024-05-26,Santo Antônio do Descoberto,0,0.638051,68654,14.0,78.9360135,0,0,1,60.0060449,41.7556427,19.1958332,24.4,1,,,,,14958,2023-05-21,5219753,Santo Antonio do Descoberto,GO,2023,21
1684022400000,202320,75.0,75,75,75,0.98020226,109.243454,0,4,521975320232019863,2024-05-20,Santo Antônio do Descoberto,0,1.4436,68654,14.8333333333333,78.6741533888889,0,1,2,54.5352862222222,34.0003195555556,20.4537035555556,25.4444444444444,1,,,,,14958,2023-05-14,5219753,Santo Antonio do Descoberto,GO,2023,20
1683417600000,202319,76.0,76,76,76,0.88025045,110.700035,0,1,521975320231919856,2024-05-13,Santo Antônio do Descoberto,0,1.221387,68654,19.875,69.332691875,0,0,2,61.188341375,52.937484875,21.7083335,23.75,0,,,,,14958,2023-05-07,5219753,Santo Antonio do Descoberto,GO,2023,19
1682812800000,202318,22.0,22,22,22,9.319e-07,32.044746,0,1,521975320231819849,2024-05-06,Santo Antônio do Descoberto,0,0.3366907,68654,20.2,72.555739,0,0,1,68.7814148,63.9723086,20.9333336,21.8,1,,,,,14958,2023-04-30,5219753,Santo Antonio do Descoberto,GO,2023,18
1682208000000,202317,59.0,59,59,59,0.9838502,85.93818,0,4,521975320231719841,2024-04-28,Santo Antônio do Descoberto,0,1.549283,68654,17.5652173913043,88.9228126086957,0,1,2,71.9095056521739,49.9794486086957,21.5923913913043,26.3913043478261,1,,,,,14958,2023-04-23,5219753,Santo Antonio do Descoberto,GO,2023,17
1681603200000,202316,119.0,119,119,119,1.0,173.33295,0,2,521975320231619835,2024-04-22,Santo Antônio do Descoberto,0,6.579265,68654,18.4285714285714,91.6000642857143,1,1,2,75.3259434285714,53.8946497142857,22.0952382857143,27.0,21,,,,,14958,2023-04-16,5219753,Santo Antonio do Descoberto,GO,2023,16
1680998400000,202315,8.0,8,8,8,0.008363014,11.652635,0,1,521975320231519827,2024-04-14,Santo Antônio do Descoberto,0,0.39364377,68654,19.1428571428571,94.0203,1,0,1,77.2057447142857,51.4963784285714,22.4523808571429,27.7142857142857,5,,,,,14958,2023-04-09,5219753,Santo Antonio do Descoberto,GO,2023,15
1680393600000,202314,7.0,7,7,7,0.0008901792,10.196055,0,1,521975320231419821,2024-04-08,Santo Antônio do Descoberto,0,0.2972652,68654,18.7142857142857,90.7521171428571,1,0,1,75.2732408571429,51.3468842857143,21.660714,26.5714285714286,0,,,,,14958,2023-04-02,5219753,Santo Antonio do Descoberto,GO,2023,14
1679788800000,202313,19.0,19,19,19,0.5851508,27.675009,0,1,521975320231319814,2024-04-01,Santo Antônio do Descoberto,0,1.0727395,68654,20.8571428571429,72.2697849047619,0,0,1,55.8554788095238,44.1183038571429,24.4166664761905,27.3809523809524,1,,,,,14958,2023-03-26,5219753,Santo Antonio do Descoberto,GO,2023,13
1679184000000,202312,43.0,43,43,43,0.8681176,62.63291,0,1,521975320231219808,2024-03-26,Santo Antônio do Descoberto,0,1.291109,68654,17.5454545454545,91.3497589090909,0,0,2,71.9430174545455,48.5877656363636,21.8560603636364,27.0,3,,,,,14958,2023-03-19,5219753,Santo Antonio do Descoberto,GO,2023,12
1678579200000,202311,3.0,3,3,3,0.0,4.369738,0,1,521975320231119800,2024-03-18,Santo Antônio do Descoberto,0,0.026327068,68654,21.3,81.283395,0,0,0,81.277472,81.271548,21.35,21.4,0,,,,,14958,2023-03-12,5219753,Santo Antonio do Descoberto,GO,2023,11
1677974400000,202310,11.0,11,11,11,0.0,16.022373,0,1,521975320231019794,2024-03-12,Santo Antônio do Descoberto,0,0.058381755,68654,22.1428571428571,70.8364115714286,0,0,1,68.8942271428571,66.952045,22.3571428571429,22.5714285714286,0,,,,,14958,2023-03-05,5219753,Santo Antonio do Descoberto,GO,2023,10
1677369600000,202309,9.0,9,9,9,0.0,13.109215,0,1,521975320230919786,2024-03-04,Santo Antônio do Descoberto,0,0.06484883,68654,22.0,75.1189728333333,0,0,1,72.9228621666667,70.7267544166667,22.3333333333333,22.6666666666667,0,,,,,14958,2023-02-26,5219753,Santo Antonio do Descoberto,GO,2023,9
1676764800000,202308,436.0,436,436,436,1.0,635.0686,0,1,521975320230819780,2024-02-27,Santo Antônio do Descoberto,0,5.8093095,68654,18.9473684210526,90.1438903157895,1,1,2,73.7145455789474,51.9968642105263,22.1798247368421,27.6842105263158,26,,,,,14958,2023-02-19,5219753,Santo Antonio do Descoberto,GO,2023,8
1676160000000,202307,32.0,32,32,32,0.028228162,46.61054,0,1,521975320230719773,2024-02-20,Santo Antônio do Descoberto,0,0.65284914,68654,24.5714285714286,59.7649554285714,0,0,1,58.9899425714286,58.2149302857143,24.7142857142857,24.8571428571429,6,,,,,14958,2023-02-12,5219753,Santo Antonio do Descoberto,GO,2023,7
1675555200000,202306,68.0,68,68,68,0.9999027,99.04739,0,4,521975320230619768,2024-02-15,Santo Antônio do Descoberto,0,2.1627333,68654,23.0,71.7624368571429,0,1,2,69.3454032857143,66.0995661428571,23.4940477142857,24.2857142857143,16,,,,,14958,2023-02-05,5219753,Santo Antonio do Descoberto,GO,2023,6
1674950400000,202305,65.0,65,65,65,0.99999976,85.719185,0,1,521975320230519759,2024-02-06,Santo Antônio do Descoberto,0,3.2623394,75829,21.7142857142857,73.9629072857143,0,1,2,68.9879072857143,61.1977235714286,22.970238,24.4285714285714,13,,,,,14958,2023-01-29,5219753,Santo Antonio do Descoberto,GO,2023,5
1674345600000,202304,15.0,15,15,15,0.20987156,19.781351,0,1,521975320230419752,2024-01-30,Santo Antônio do Descoberto,0,0.7618982,75829,20.5714285714286,81.7212771428571,0,0,1,81.7212771428571,81.7212771428571,20.5714285714286,20.5714285714286,2,,,,,14958,2023-01-22,5219753,Santo Antonio do Descoberto,GO,2023,4
1673740800000,202303,23.0,23,23,23,0.3106989,30.331404,0,1,521975320230319747,2024-01-25,Santo Antônio do Descoberto,0,0.8698282,75829,22.1428571428571,69.4868628571429,0,0,1,69.4868628571429,69.4868628571429,22.1428571428571,22.1428571428571,4,,,,,14958,2023-01-15,5219753,Santo Antonio do Descoberto,GO,2023,3
1673136000000,202302,6.0,6,6,6,0.000156507,7.91254,0,2,521975320230219747,2024-01-25,Santo Antônio do Descoberto,0,0.2393163,75829,19.0,90.6840257142857,1,0,1,79.6281335714286,62.9142951428571,21.1190474285714,24.2857142857143,0,,,,,14958,2023-01-08,5219753,Santo Antonio do Descoberto,GO,2023,2
1672531200000,202301,37.0,37,37,37,0.9987812,48.794,0,2,521975320230119740,2024-01-18,Santo Antônio do Descoberto,0,2.3816745,75829,19.2857142857143,92.3190262857143,1,1,1,76.6823057142857,56.4081015714286,21.9821425714286,26.0,0,,,,,14958,2023-01-01,5219753,Santo Antonio do Descoberto,GO,2023,1
1671926400000,202252,30.0,30,30,30,0.9993405,39.562702,0,1,521975320225219733,2024-01-11,Santo Antônio do Descoberto,0,2.918068,75829,19.0,93.9743466666667,1,1,1,89.5614333333333,70.8377946666667,20.05303,21.6666666666667,0,,,,,14958,2022-12-25,5219753,Santo Antonio do Descoberto,GO,2022,52
1671321600000,202251,2.0,2,2,2,0.0001213085,2.6375134,0,1,521975320225119718,2023-12-27,Santo Antônio do Descoberto,0,0.12349903,75829,18.5,93.92977,1,0,0,84.775325,63.8116875,20.677885,24.5,0,,,,,14958,2022-12-18,5219753,Santo Antonio do Descoberto,GO,2022,51
1670716800000,202250,0.0,0,0,0,0.0,0.0,0,1,521975320225019718,2023-12-27,Santo Antônio do Descoberto,0,0.0,75829,19.6666666666667,90.2900316666667,0,0,0,75.5618248333333,57.4447295,22.213889,25.6666666666667,0,,,,,14958,2022-12-11,5219753,Santo Antonio do Descoberto,GO,2022,50
1670112000000,202249,30.0,30,30,30,0.9999873,39.562702,0,1,521975320224919708,2023-12-17,Santo Antônio do Descoberto,0,4.9137287,75829,19.0,93.1274897142857,1,1,1,78.3807888571429,56.234546,21.8760822857143,26.1428571428571,1,,,,,14958,2022-12-04,5219753,Santo Antonio do Descoberto,GO,2022,49
1669507200000,202248,63.0,63,63,63,1.0,83.08167,0,2,521975320224819684,2023-11-23,Santo Antônio do Descoberto,0,5.499203,75829,18.2857142857143,93.988274,1,1,2,79.0060364285714,56.1041121428571,21.3357145714286,25.5714285714286,1,,,,,14958,2022-11-27,5219753,Santo Antonio do Descoberto,GO,2022,48
1668902400000,202247,12.0,12,12,12,0.94906676,15.82508,0,1,521975320224719684,2023-11-23,Santo Antônio do Descoberto,0,2.2118597,75829,18.2857142857143,96.5898705714286,1,0,1,81.2759271428571,61.2429421428571,21.1251727142857,25.0,0,,,,,14958,2022-11-20,5219753,Santo Antonio do Descoberto,GO,2022,47
1668297600000,202246,11.0,11,11,11,0.9804604,14.506324,0,1,521975320224619684,2023-11-23,Santo Antônio do Descoberto,0,3.0922308,75829,18.5714285714286,96.5969728571429,1,1,1,81.6690514285714,57.1657104285714,21.5520188571429,26.7142857142857,0,,,,,14958,2022-11-13,5219753,Santo Antonio do Descoberto,GO,2022,46
1667692800000,202245,2.0,2,2,2,0.46906576,2.6375134,0,1,521975320224519684,2023-11-23,Santo Antônio do Descoberto,0,0.93339556,75829,17.5714285714286,92.4072482857143,0,0,0,77.5294514285714,56.1062768571429,21.0367965714286,25.8571428571429,0,,,,,14958,2022-11-06,5219753,Santo Antonio do Descoberto,GO,2022,45
1667088000000,202244,5.0,5,5,5,0.9635892,6.5937834,0,1,521975320224419684,2023-11-23,Santo Antônio do Descoberto,0,4.5817738,75829,17.8571428571429,97.4635071428571,0,0,0,79.355244,57.1676717142857,21.0447995714286,25.4285714285714,1,,,,,14958,2022-10-30,5219753,Santo Antonio do Descoberto,GO,2022,44
1666483200000,202243,2.0,2,2,2,0.56291884,2.6375134,0,1,521975320224319684,2023-11-23,Santo Antônio do Descoberto,0,1.1580602,75829,18.4285714285714,92.5638954285714,1,0,0,71.6844725714286,52.4301154285714,22.4214288571429,26.7142857142857,0,,,,,14958,2022-10-23,5219753,Santo Antonio do Descoberto,GO,2022,43
1665878400000,202242,0.0,0,0,0,0.0,0.0,0,1,521975320224219684,2023-11-23,Santo Antônio do Descoberto,0,0.0,75829,19.2857142857143,66.993991,0,0,0,44.4687085714286,27.5304324285714,24.915796,30.5714285714286,0,,,,,14958,2022-10-16,5219753,Santo Antonio do Descoberto,GO,2022,42
1665273600000,202241,0.0,0,0,0,0.0,0.0,0,1,521975320224119684,2023-11-23,Santo Antônio do Descoberto,0,0.0,75829,18.7142857142857,64.3749081428571,0,0,0,46.136526,29.3426358571429,24.6547617142857,30.2857142857143,0,,,,,14958,2022-10-09,5219753,Santo Antonio do Descoberto,GO,2022,41
1664668800000,202240,6.0,6,6,6,0.81672114,7.91254,0,1,521975320224019684,2023-11-23,Santo Antônio do Descoberto,0,1.7764995,75829,19.8571428571429,81.5691865714286,0,0,1,64.9166772857143,45.6374,22.9918831428571,27.0,0,,,,,14958,2022-10-02,5219753,Santo Antonio do Descoberto,GO,2022,40
1664064000000,202239,3.0,3,3,3,0.19920449,3.95627,0,1,521975320223919684,2023-11-23,Santo Antônio do Descoberto,0,0.56678295,75829,18.8571428571429,86.7825357142857,0,0,0,64.6520471428571,42.8540258571429,23.5778388571429,28.0,0,,,,,14958,2022-09-25,5219753,Santo Antonio do Descoberto,GO,2022,39
1663459200000,202238,1.0,1,1,1,0.005914008,1.3187567,0,1,521975320223819684,2023-11-23,Santo Antônio do Descoberto,0,0.13510504,75829,19.5714285714286,87.0378442857143,0,0,0,75.3965907142857,57.6158354285714,21.9340491428571,26.0,0,,,,,14958,2022-09-18,5219753,Santo Antonio do Descoberto,GO,2022,38
1662854400000,202237,6.0,6,6,6,0.28200468,7.91254,0,1,521975320223719684,2023-11-23,Santo Antônio do Descoberto,0,0.7409049,75829,17.5714285714286,64.9366548571429,0,0,1,43.0064551428571,26.1892998571429,23.4399585714286,29.4285714285714,1,,,,,14958,2022-09-11,5219753,Santo Antonio do Descoberto,GO,2022,37
1662249600000,202236,8.0,8,8,8,0.40599966,10.550054,0,1,521975320223619684,2023-11-23,Santo Antônio do Descoberto,0,0.893336,75829,14.4285714285714,67.5492405714286,0,0,1,41.9576865714286,21.892369,22.5362314285714,29.7142857142857,1,,,,,14958,2022-09-04,5219753,Santo Antonio do Descoberto,GO,2022,36
1661644800000,202235,10.0,10,10,10,0.36576015,13.187567,0,1,521975320223519684,2023-11-23,Santo Antônio do Descoberto,0,0.8649153,75829,13.4285714285714,69.280637,0,0,1,49.9762477142857,33.2029888571429,19.3575757142857,25.0,2,,,,,14958,2022-08-28,5219753,Santo Antonio do Descoberto,GO,2022,35
1661040000000,202234,4.0,4,4,4,0.023417404,5.275027,0,1,521975320223419684,2023-11-23,Santo Antônio do Descoberto,0,0.35033202,75829,13.5714285714286,72.683668,0,0,0,50.569373,33.1938754285714,19.5404452857143,25.1428571428571,2,,,,,14958,2022-08-21,5219753,Santo Antonio do Descoberto,GO,2022,34
1660435200000,202233,15.0,15,15,15,0.926273,19.781351,0,1,521975320223319684,2023-11-23,Santo Antônio do Descoberto,0,1.8289129,75829,14.8571428571429,73.5639842857143,0,0,1,50.4622805714286,32.8632422857143,20.7673075714286,26.2857142857143,1,,,,,14958,2022-08-14,5219753,Santo Antonio do Descoberto,GO,2022,33
1659830400000,202232,16.0,16,16,16,0.97959036,21.100107,0,1,521975320223219684,2023-11-23,Santo Antônio do Descoberto,0,2.4206448,75829,14.0,74.8994007142857,0,1,1,47.8615458571429,27.7368811428571,21.470238,29.1428571428571,0,,,,,14958,2022-08-07,5219753,Santo Antonio do Descoberto,GO,2022,32
1659225600000,202231,3.0,3,3,3,0.16568123,3.95627,0,1,521975320223119684,2023-11-23,Santo Antônio do Descoberto,0,0.5260583,75829,13.4285714285714,76.0803137142857,0,0,0,52.1349268571429,31.9962834285714,19.8380951428571,26.1428571428571,0,,,,,14958,2022-07-31,5219753,Santo Antonio do Descoberto,GO,2022,31
1658620800000,202230,8.0,8,8,8,0.854172,10.550054,0,1,521975320223019684,2023-11-23,Santo Antônio do Descoberto,0,1.8041652,75829,12.4285714285714,78.6261435714286,0,0,1,54.0497742857143,30.9571408571429,19.095798,26.1428571428571,0,,,,,14958,2022-07-24,5219753,Santo Antonio do Descoberto,GO,2022,30
1658016000000,202229,7.0,7,7,7,0.8661311,9.231297,0,1,521975320222919684,2023-11-23,Santo Antônio do Descoberto,0,1.9588213,75829,12.5714285714286,80.6108865714286,0,0,1,58.6534278571429,39.1537008571429,18.5440477142857,24.5714285714286,0,,,,,14958,2022-07-17,5219753,Santo Antonio do Descoberto,GO,2022,29
1657411200000,202228,2.0,2,2,2,0.33697036,2.6375134,0,1,521975320222819684,2023-11-23,Santo Antônio do Descoberto,1,0.70270526,75829,11.0,86.75139,0,0,0,62.5207772857143,38.6839828571429,17.5059522857143,24.1428571428571,0,,,,,14958,2022-07-10,5219753,Santo Antonio do Descoberto,GO,2022,28
1656806400000,202227,6.0,6,6,6,0.23812623,7.91254,0,1,521975320222719684,2023-11-23,Santo Antônio do Descoberto,0,0.69440395,75829,12.1428571428571,82.89579,0,0,1,61.0753394285714,39.6007082857143,18.2591992857143,24.7142857142857,0,,,,,14958,2022-07-03,5219753,Santo Antonio do Descoberto,GO,2022,27
1656201600000,202226,1.0,1,1,1,0.0,1.3187567,0,1,521975320222619684,2023-11-23,Santo Antônio do Descoberto,0,0.027152658,75829,11.0,85.1387,0,0,0,58.8449532857143,34.3125784285714,18.4954482857143,25.7142857142857,0,,,,,14958,2022-06-26,5219753,Santo Antonio do Descoberto,GO,2022,26
1655596800000,202225,1.0,1,1,1,0.0,1.3187567,0,1,521975320222519684,2023-11-23,Santo Antônio do Descoberto,0,0.013712025,75829,13.2857142857143,82.0726174285714,0,0,0,59.0751315714286,38.3953017142857,19.625,25.4285714285714,0,,,,,14958,2022-06-19,5219753,Santo Antonio do Descoberto,GO,2022,25
1654992000000,202224,1.0,1,1,1,0.0,1.3187567,0,1,521975320222419684,2023-11-23,Santo Antônio do Descoberto,1,0.014763709,75829,15.0,85.588163,0,0,0,62.9264948571429,40.3096182857143,20.4821425714286,26.7142857142857,1,,,,,14958,2022-06-12,5219753,Santo Antonio do Descoberto,GO,2022,24
1654387200000,202223,131.0,131,131,131,1.0,172.75713,0,4,521975320222319684,2023-11-23,Santo Antônio do Descoberto,0,3.6809084,75829,13.5714285714286,85.4172108571429,0,1,2,66.5823192857143,46.0246508571429,18.5127551428571,24.0,17,,,,,14958,2022-06-05,5219753,Santo Antonio do Descoberto,GO,2022,23
1653782400000,202222,81.0,81,81,81,0.9999923,106.81929,0,1,521975320222219684,2023-11-23,Santo Antônio do Descoberto,1,2.3009467,75829,12.1428571428571,81.9714232857143,0,1,2,56.3103858571429,31.9399344285714,19.6437072857143,27.4285714285714,22,,,,,14958,2022-05-29,5219753,Santo Antonio do Descoberto,GO,2022,22
1653177600000,202221,14.0,14,14,14,0.0,18.462593,0,1,521975320222119684,2023-11-23,Santo Antônio do Descoberto,1,0.122930124,75829,12.5714285714286,87.08086,0,0,1,61.4327034285714,37.2640028571429,19.1617965714286,25.7142857142857,6,,,,,14958,2022-05-22,5219753,Santo Antonio do Descoberto,GO,2022,21
1652572800000,202220,3.0,3,3,3,0.0,3.95627,0,1,521975320222019684,2023-11-23,Santo Antônio do Descoberto,0,0.014635184,75829,11.8571428571429,84.4952805714286,0,0,0,62.9035674285714,36.2579531428571,17.3392857142857,23.8571428571429,1,,,,,14958,2022-05-15,5219753,Santo Antonio do Descoberto,GO,2022,20
1651968000000,202219,14.0,14,14,14,0.0,18.462593,0,1,521975320221919684,2023-11-23,Santo Antônio do Descoberto,0,0.07096845,75829,16.1428571428571,89.6756457142857,0,0,1,65.2229281428571,43.6238678571429,21.5833334285714,26.7142857142857,5,,,,,14958,2022-05-08,5219753,Santo Antonio do Descoberto,GO,2022,19
1651363200000,202218,414.0,414,414,414,1.0,545.9653,0,4,521975320221819684,2023-11-23,Santo Antônio do Descoberto,0,2.3126662,75829,17.1428571428571,88.1557562857143,0,1,2,67.6145771428571,49.3507055714286,22.2571428571429,27.0,107,,,,,14958,2022-05-01,5219753,Santo Antonio do Descoberto,GO,2022,18
1650758400000,202217,109.0,109,109,109,5.7279e-06,143.74448,0,4,521975320221719684,2023-11-23,Santo Antônio do Descoberto,0,0.5939353,75829,17.2857142857143,86.0567122857143,0,0,2,66.4426838571429,42.8870952857143,22.236472,27.4285714285714,30,,,,,14958,2022-04-24,5219753,Santo Antonio do Descoberto,GO,2022,17
1650153600000,202216,164.0,164,164,164,0.42189568,216.2761,0,4,521975320221619684,2023-11-23,Santo Antônio do Descoberto,0,0.9786163,75829,16.1428571428571,89.7645371428571,0,0,2,64.1034552857143,40.3803115714286,22.3747414285714,28.1428571428571,31,,,,,14958,2022-04-17,5219753,Santo Antonio do Descoberto,GO,2022,16
1649548800000,202215,231.0,231,231,231,0.99999994,304.63278,0,4,521975320221519684,2023-11-23,Santo Antônio do Descoberto,1,1.7603456,75829,19.4285714285714,93.2098842857143,1,1,2,74.8484662857143,50.8316565714286,23.1062924285714,28.4285714285714,74,,,,,14958,2022-04-10,5219753,Santo Antonio do Descoberto,GO,2022,15
1648944000000,202214,153.0,153,153,153,0.99998456,201.76978,0,4,521975320221419684,2023-11-23,Santo Antônio do Descoberto,0,1.7245554,75829,17.2857142857143,87.3265614285714,0,1,2,63.44131,44.125536,23.2321428571429,28.4285714285714,51,,,,,14958,2022-04-03,5219753,Santo Antonio do Descoberto,GO,2022,14
1648339200000,202213,157.0,157,157,157,1.0,207.0448,0,4,521975320221319684,2023-11-23,Santo Antônio do Descoberto,0,2.5519357,75829,18.4285714285714,84.3402228571429,0,1,2,59.8388778571429,36.4468214285714,24.3579401428571,30.0,56,,,,,14958,2022-03-27,5219753,Santo Antonio do Descoberto,GO,2022,13
1647734400000,202212,66.0,66,66,66,0.9501985,87.03794,0,4,521975320221219684,2023-11-23,Santo Antônio do Descoberto,0,1.3614033,75829,18.0,90.6027648571429,0,1,2,66.8086637142857,43.0196412857143,23.4200681428571,28.8571428571429,28,,,,,14958,2022-03-20,5219753,Santo Antonio do Descoberto,GO,2022,12
1647129600000,202211,53.0,53,53,53,0.9583041,69.894104,0,4,521975320221119684,2023-11-23,Santo Antônio do Descoberto,0,1.4432517,75829,19.7142857142857,96.6082785714286,1,1,2,79.7926615714286,57.9405338571429,22.5005102857143,26.7142857142857,15,,,,,14958,2022-03-13,5219753,Santo Antonio do Descoberto,GO,2022,11
1646524800000,202210,59.0,59,59,59,0.9998375,77.80664,0,1,521975320221019684,2023-11-23,Santo Antônio do Descoberto,0,2.2367313,75829,18.7142857142857,88.2747214285714,0,1,2,68.221165,45.3070775714286,23.2678571428571,28.2857142857143,15,,,,,14958,2022-03-06,5219753,Santo Antonio do Descoberto,GO,2022,10
1645920000000,202209,28.0,28,28,28,0.91742486,36.925186,0,1,521975320220919684,2023-11-23,Santo Antônio do Descoberto,0,1.502231,75829,17.8571428571429,91.4735677142857,0,0,1,72.9869754285714,47.0274331428571,22.3637684285714,28.0,9,,,,,14958,2022-02-27,5219753,Santo Antonio do Descoberto,GO,2022,9
1645315200000,202208,32.0,32,32,32,0.9934433,42.200214,0,2,521975320220819684,2023-11-23,Santo Antônio do Descoberto,0,2.0939112,75829,18.8571428571429,95.6832957142857,1,1,1,77.1322252857143,54.3417425714286,22.6666665714286,27.2857142857143,11,,,,,14958,2022-02-20,5219753,Santo Antonio do Descoberto,GO,2022,8
1644710400000,202207,11.0,11,11,11,0.38620523,14.506324,0,2,521975320220719684,2023-11-23,Santo Antônio do Descoberto,0,0.8890299,75829,19.0,98.3242914285714,1,0,1,85.8533042857143,64.1374115714286,21.3015871428571,25.2857142857143,11,,,,,14958,2022-02-13,5219753,Santo Antonio do Descoberto,GO,2022,7
1644105600000,202206,17.0,17,17,17,0.96529025,22.418863,0,1,521975320220619684,2023-11-23,Santo Antônio do Descoberto,0,2.0863488,75829,19.5714285714286,94.1018757142857,1,1,1,81.1187141428571,61.4136694285714,21.8537782857143,25.1428571428571,15,,,,,14958,2022-02-06,5219753,Santo Antonio do Descoberto,GO,2022,6
1643500800000,202205,16.0,16,16,16,0.9821961,21.100107,0,1,521975320220519684,2023-11-23,Santo Antônio do Descoberto,0,2.4968276,75829,19.2857142857143,94.0717157142857,1,1,1,76.8378707142857,55.116085,22.8452382857143,27.4285714285714,10,,,,,14958,2022-01-30,5219753,Santo Antonio do Descoberto,GO,2022,5
1642896000000,202204,4.0,4,4,4,0.2407197,5.275027,0,1,521975320220419684,2023-11-23,Santo Antônio do Descoberto,0,0.6513276,75829,19.2857142857143,88.4009338571429,0,0,0,68.8524324285714,42.3662232857143,23.329365,27.7142857142857,3,,,,,14958,2022-01-23,5219753,Santo Antonio do Descoberto,GO,2022,4
1642291200000,202203,5.0,5,5,5,0.65173185,6.5937834,0,1,521975320220319684,2023-11-23,Santo Antônio do Descoberto,0,1.2845416,75829,19.0,84.439927,0,0,0,60.8991127142857,38.1223407142857,24.0661762857143,28.8571428571429,2,,,,,14958,2022-01-16,5219753,Santo Antonio do Descoberto,GO,2022,3
1641686400000,202202,10.0,10,10,10,0.9978821,13.187567,0,1,521975320220219684,2023-11-23,Santo Antônio do Descoberto,0,7.2846837,75829,18.2857142857143,95.7747814285714,1,1,1,81.8159628571428,62.0994928571429,21.529762,25.4285714285714,4,,,,,14958,2022-01-09,5219753,Santo Antonio do Descoberto,GO,2022,2
1641081600000,202201,3.0,3,3,3,0.8511176,3.95627,0,1,521975320220119684,2023-11-23,Santo Antônio do Descoberto,1,2.636041,75829,19.4285714285714,97.4365414285714,1,0,0,84.7637071428571,65.0754605714286,21.9415975714286,25.7142857142857,1,,,,,14958,2022-01-02,5219753,Santo Antonio do Descoberto,GO,2022,1
1640476800000,202152,0.0,0,0,0,0.0,0.0,0,1,521975320215219684,2023-11-23,Santo Antônio do Descoberto,0,0.0,75829,19.2857142857143,96.5631842857143,0,0,0,83.1031221428571,64.7107498571429,21.7639754285714,24.8571428571429,0,,,,,14958,2021-12-26,5219753,Santo Antonio do Descoberto,GO,2021,52
1639872000000,202151,0.0,0,0,0,0.0,0.0,0,1,521975320215119684,2023-11-23,Santo Antônio do Descoberto,0,0.0,75829,19.2857142857143,99.1455371428571,0,0,0,83.8618135714286,60.7938734285714,22.1863351428571,26.2857142857143,0,,,,,14958,2021-12-19,5219753,Santo Antonio do Descoberto,GO,2021,51
1639267200000,202150,1.0,1,1,1,4.044e-07,1.3187567,0,2,521975320215019684,2023-11-23,Santo Antônio do Descoberto,0,0.047086228,75829,19.5714285714286,98.2847528571429,1,0,0,83.3876711428571,61.1714955714286,22.3749294285714,26.7142857142857,0,,,,,14958,2021-12-12,5219753,Santo Antonio do Descoberto,GO,2021,50
1638662400000,202149,11.0,11,11,11,0.0276507,14.506324,0,2,521975320214919684,2023-11-23,Santo Antônio do Descoberto,0,0.5065076,75829,19.2857142857143,96.5631842857143,1,0,1,80.2377128571429,55.6742594285714,22.5274328571429,27.2857142857143,8,,,,,14958,2021-12-05,5219753,Santo Antonio do Descoberto,GO,2021,49
1638057600000,202148,31.0,31,31,31,0.9693432,40.88146,0,2,521975320214819684,2023-11-23,Santo Antônio do Descoberto,0,1.7144951,75829,19.4285714285714,96.6515714285714,1,1,1,81.5217685714286,56.1278164285714,22.835686,27.1428571428571,22,,,,,14958,2021-11-28,5219753,Santo Antonio do Descoberto,GO,2021,48
1637452800000,202147,21.0,21,21,21,0.7981508,27.69389,0,2,521975320214719684,2023-11-23,Santo Antônio do Descoberto,0,1.3135874,75829,19.1428571428571,95.8185,1,0,1,71.9879885714286,45.4034822857143,23.8032182857143,29.1428571428571,20,,,,,14958,2021-11-21,5219753,Santo Antonio do Descoberto,GO,2021,47
1636848000000,202146,19.0,19,19,19,0.686505,25.056377,0,2,521975320214619684,2023-11-23,Santo Antônio do Descoberto,0,1.1761553,75829,18.8571428571429,99.1392157142857,1,0,1,86.6335664285714,67.6370247142857,21.0626762857143,24.5714285714286,19,,,,,14958,2021-11-14,5219753,Santo Antonio do Descoberto,GO,2021,46
1636243200000,202145,10.0,10,10,10,0.09042056,13.187567,0,1,521975320214519684,2023-11-23,Santo Antônio do Descoberto,0,0.5960319,75829,19.7142857142857,96.5695057142857,1,0,1,83.8560065714286,63.9031078571429,21.916996,25.7142857142857,10,,,,,14958,2021-11-07,5219753,Santo Antonio do Descoberto,GO,2021,45
1635638400000,202144,24.0,24,24,24,0.80530924,31.65016,0,1,521975320214419684,2023-11-23,Santo Antônio do Descoberto,0,1.3004724,75829,19.1428571428571,94.9049228571429,1,0,1,79.0485935714286,57.034604,22.2845851428571,26.5714285714286,24,,,,,14958,2021-10-31,5219753,Santo Antonio do Descoberto,GO,2021,44
1635033600000,202143,6.0,6,6,6,0.014293703,7.91254,0,1,521975320214319684,2023-11-23,Santo Antônio do Descoberto,0,0.37880844,75829,19.7142857142857,87.2303314285714,0,0,1,65.7627388571429,42.7663114285714,24.1959345714286,29.7142857142857,6,,,,,14958,2021-10-24,5219753,Santo Antonio do Descoberto,GO,2021,43
1634428800000,202142,30.0,30,30,30,0.9889489,39.562702,0,1,521975320214219684,2023-11-23,Santo Antônio do Descoberto,0,2.006582,75829,19.1428571428571,92.4420505714286,1,1,1,72.9548801428571,49.7485974285714,23.406469,28.4285714285714,20,,,,,14958,2021-10-17,5219753,Santo Antonio do Descoberto,GO,2021,42
1633824000000,202141,14.0,14,14,14,0.16722065,18.462593,0,1,521975320214119684,2023-11-23,Santo Antônio do Descoberto,0,0.71778506,75829,19.5714285714286,93.2596742857143,1,0,1,73.6615957142857,49.1899128571429,23.391634,28.8571428571429,2,,,,,14958,2021-10-10,5219753,Santo Antonio do Descoberto,GO,2021,41
1633219200000,202140,4.0,4,4,4,9.35331e-05,5.275027,0,1,521975320214019684,2023-11-23,Santo Antônio do Descoberto,0,0.18442583,75829,20.0,76.1088971428571,0,0,0,50.1387944285714,26.7316421428571,26.4464288571429,33.0,0,,,,,14958,2021-10-03,5219753,Santo Antonio do Descoberto,GO,2021,40
1632614400000,202139,30.0,30,30,30,0.9029576,39.562702,0,1,521975320213919684,2023-11-23,Santo Antônio do Descoberto,0,1.4393823,75829,19.1428571428571,78.4010768571429,0,0,1,55.5234057142857,34.1598694285714,24.5157865714286,30.2857142857143,5,,,,,14958,2021-09-26,5219753,Santo Antonio do Descoberto,GO,2021,39
1632009600000,202138,18.0,18,18,18,0.3527454,23.73762,0,1,521975320213819684,2023-11-23,Santo Antônio do Descoberto,0,0.8861267,75829,18.1428571428571,66.7016934285714,0,0,1,42.6825678571429,24.1409134285714,25.714286,33.0,2,,,,,14958,2021-09-19,5219753,Santo Antonio do Descoberto,GO,2021,38
1631404800000,202137,26.0,26,26,26,0.7710004,34.287674,0,1,521975320213719684,2023-11-23,Santo Antônio do Descoberto,0,1.240215,75829,16.1428571428571,59.2610882857143,0,0,1,34.514394,17.1883684285714,24.92029,32.1428571428571,3,,,,,14958,2021-09-12,5219753,Santo Antonio do Descoberto,GO,2021,37
1630800000000,202136,11.0,11,11,11,0.07713929,14.506324,0,1,521975320213619684,2023-11-23,Santo Antônio do Descoberto,0,0.5915313,75829,16.5714285714286,64.8095248571429,0,0,1,37.2584027142857,17.8000632857143,25.5155277142857,33.4285714285714,1,,,,,14958,2021-09-05,5219753,Santo Antonio do Descoberto,GO,2021,36
1630195200000,202135,33.0,33,33,33,0.983495,43.51897,0,1,521975320213519684,2023-11-23,Santo Antônio do Descoberto,0,1.8320595,75829,15.7142857142857,73.0531564285714,0,1,1,49.6873562857143,28.6732232857143,22.1380345714286,28.7142857142857,3,,,,,14958,2021-08-29,5219753,Santo Antonio do Descoberto,GO,2021,35
1629590400000,202134,11.0,11,11,11,0.06867808,14.506324,0,1,521975320213419684,2023-11-23,Santo Antônio do Descoberto,0,0.5798798,75829,14.2857142857143,71.4570802857143,0,0,1,44.6969774285714,24.613081,22.5527948571429,30.0,1,,,,,14958,2021-08-22,5219753,Santo Antonio do Descoberto,GO,2021,34
1628985600000,202133,18.0,18,18,18,0.4357464,23.73762,0,1,521975320213319684,2023-11-23,Santo Antônio do Descoberto,0,0.9487423,75829,12.7142857142857,74.385162,0,0,1,46.1761064285714,26.1762268571429,20.7950314285714,27.8571428571429,2,,,,,14958,2021-08-15,5219753,Santo Antonio do Descoberto,GO,2021,33
1628380800000,202132,22.0,22,22,22,0.29789245,29.012648,0,1,521975320213219684,2023-11-23,Santo Antônio do Descoberto,3,0.85846514,75829,12.1428571428571,79.8900945714286,0,0,1,50.8448611428571,27.7660268571429,20.2732914285714,27.5714285714286,2,,,,,14958,2021-08-08,5219753,Santo Antonio do Descoberto,GO,2021,32
1627776000000,202131,19.0,19,19,19,0.0025248895,25.056377,0,1,521975320213119684,2023-11-23,Santo Antônio do Descoberto,0,0.4729715,75829,13.5714285714286,76.406646,0,0,1,55.1886467142857,36.0426724285714,19.2289665714286,24.7142857142857,5,,,,,14958,2021-08-01,5219753,Santo Antonio do Descoberto,GO,2021,31
1627171200000,202130,7.0,7,7,7,7.9e-09,9.231297,0,1,521975320213019684,2023-11-23,Santo Antônio do Descoberto,0,0.1547029,75829,10.5714285714286,75.366805,0,0,1,49.8458544285714,31.1257135714286,18.7826088571429,26.7142857142857,0,,,,,14958,2021-07-25,5219753,Santo Antonio do Descoberto,GO,2021,30
1626566400000,202129,59.0,59,59,59,0.9764273,77.80664,0,4,521975320212919684,2023-11-23,Santo Antônio do Descoberto,0,1.4954208,75829,12.7142857142857,74.9124467142857,0,1,2,51.354167,31.2764212857143,19.6708077142857,26.2857142857143,5,,,,,14958,2021-07-18,5219753,Santo Antonio do Descoberto,GO,2021,29
1625961600000,202128,48.0,48,48,48,0.97344935,63.30032,0,1,521975320212819684,2023-11-23,Santo Antônio do Descoberto,0,1.5498004,75829,10.1428571428571,84.1847835714286,0,1,2,56.1268215714286,31.4361722857143,18.5222565714286,26.1428571428571,7,,,,,14958,2021-07-11,5219753,Santo Antonio do Descoberto,GO,2021,28
1625356800000,202127,40.0,40,40,40,0.9646749,52.750267,0,1,521975320212719684,2023-11-23,Santo Antônio do Descoberto,1,1.5672804,75829,9.28571428571429,84.98449,0,1,1,55.942113,29.4734464285714,17.5155282857143,25.2857142857143,8,,,,,14958,2021-07-04,5219753,Santo Antonio do Descoberto,GO,2021,27
1624752000000,202126,31.0,31,31,31,0.76580316,40.88146,0,1,521975320212619684,2023-11-23,Santo Antônio do Descoberto,0,1.2114228,75829,10.8571428571429,83.5715771428571,0,0,1,59.7952774285714,37.5027352857143,17.5344437142857,24.1428571428571,11,,,,,14958,2021-06-27,5219753,Santo Antonio do Descoberto,GO,2021,26
1624147200000,202125,20.0,20,20,20,0.14915356,26.375134,0,1,521975320212519684,2023-11-23,Santo Antônio do Descoberto,0,0.739157,75829,13.0,87.7259265714286,0,0,1,60.1422724285714,32.6517378571429,19.931112,26.8571428571429,3,,,,,14958,2021-06-20,5219753,Santo Antonio do Descoberto,GO,2021,25
1623542400000,202124,25.0,25,25,25,0.3684654,32.968918,0,1,521975320212419684,2023-11-23,Santo Antônio do Descoberto,0,0.91200256,75829,14.2857142857143,86.6938714285714,0,0,1,64.0337278571428,43.005393,19.9184782857143,25.2857142857143,9,,,,,14958,2021-06-13,5219753,Santo Antonio do Descoberto,GO,2021,24
1622937600000,202123,32.0,32,32,32,0.49418902,42.200214,0,1,521975320212319684,2023-11-23,Santo Antônio do Descoberto,0,0.99639183,75829,15.0,88.7808271428571,0,0,1,67.8732564285714,45.2684524285714,20.0833335714286,25.8571428571429,9,,,,,14958,2021-06-06,5219753,Santo Antonio do Descoberto,GO,2021,23
1622332800000,202122,23.0,23,23,23,0.03913845,30.331404,0,1,521975320212219684,2023-11-23,Santo Antônio do Descoberto,0,0.6315633,75829,14.0,87.9087857142857,0,0,1,63.6846164285714,37.631327,20.5736282857143,27.2857142857143,10,,,,,14958,2021-05-30,5219753,Santo Antonio do Descoberto,GO,2021,22
1621728000000,202121,25.0,25,25,25,0.32180437,32.968918,0,1,521975320212119684,2023-11-23,Santo Antônio do Descoberto,0,0.88177544,75829,16.7142857142857,92.2280257142857,0,0,1,67.7113187142857,42.8719665714286,22.375,28.4285714285714,14,,,,,14958,2021-05-23,5219753,Santo Antonio do Descoberto,GO,2021,21
1621123200000,202120,55.0,55,55,55,0.99999756,72.53162,0,1,521975320212019684,2023-11-23,Santo Antônio do Descoberto,0,3.174972,75829,13.0,91.2107414285714,0,1,2,62.314748,35.1850972857143,20.4761905714286,27.1428571428571,21,,,,,14958,2021-05-16,5219753,Santo Antonio do Descoberto,GO,2021,20
1620518400000,202119,28.0,28,28,28,0.9886697,36.925186,0,1,521975320211919684,2023-11-23,Santo Antônio do Descoberto,0,2.0582616,75829,14.1428571428571,88.6733928571429,0,1,1,64.3450831428571,41.1646547142857,20.125,25.7142857142857,14,,,,,14958,2021-05-09,5219753,Santo Antonio do Descoberto,GO,2021,19
1619913600000,202118,6.0,6,6,6,0.05602539,7.91254,0,1,521975320211819684,2023-11-23,Santo Antônio do Descoberto,0,0.47528294,75829,14.5714285714286,88.9441585714286,0,0,1,67.5060581428571,42.5059274285714,20.4880954285714,26.1428571428571,2,,,,,14958,2021-05-02,5219753,Santo Antonio do Descoberto,GO,2021,18
1619308800000,202117,19.0,19,19,19,0.8047093,25.056377,0,1,521975320211719684,2023-11-23,Santo Antônio do Descoberto,0,1.3446999,75829,17.5714285714286,95.7048842857143,0,0,1,77.3551394285714,54.2797311428571,21.5520185714286,25.8571428571429,12,,,,,14958,2021-04-25,5219753,Santo Antonio do Descoberto,GO,2021,17
1618704000000,202116,10.0,10,10,10,0.043608338,13.187567,0,1,521975320211619684,2023-11-23,Santo Antônio do Descoberto,0,0.5263696,75829,15.2857142857143,93.89014,0,0,1,73.4630407142857,50.37927,19.9399095714286,25.1428571428571,7,,,,,14958,2021-04-18,5219753,Santo Antonio do Descoberto,GO,2021,16
1618099200000,202115,10.0,10,10,10,0.0059544784,13.187567,0,1,521975320211519684,2023-11-23,Santo Antônio do Descoberto,0,0.41119844,75829,16.2857142857143,89.7070257142857,0,0,1,67.434619,43.7768872857143,21.7261905714286,27.2857142857143,7,,,,,14958,2021-04-11,5219753,Santo Antonio do Descoberto,GO,2021,15
1617494400000,202114,22.0,22,22,22,0.07492642,29.012648,0,1,521975320211419684,2023-11-23,Santo Antônio do Descoberto,0,0.6765601,75829,18.2857142857143,94.8571971428571,1,0,1,79.5558544285714,59.3112671428571,21.1607142857143,25.2857142857143,18,,,,,14958,2021-04-04,5219753,Santo Antonio do Descoberto,GO,2021,14
1616889600000,202113,23.0,23,23,23,0.0005828964,30.331404,0,1,521975320211319684,2023-11-23,Santo Antônio do Descoberto,1,0.45724428,75829,17.7142857142857,89.8154948571429,0,0,1,64.6507262857143,40.2301368571429,23.504348,29.4285714285714,8,,,,,14958,2021-03-28,5219753,Santo Antonio do Descoberto,GO,2021,13
1616284800000,202112,28.0,28,28,28,3.4413e-06,36.925186,0,1,521975320211219684,2023-11-23,Santo Antônio do Descoberto,0,0.38885188,75829,16.4285714285714,88.9287742857143,0,0,1,63.8930594285714,38.4806095714286,22.3869045714286,28.1428571428571,3,,,,,14958,2021-03-21,5219753,Santo Antonio do Descoberto,GO,2021,12
1615680000000,202111,39.0,39,39,39,0.0009374176,51.43151,0,2,521975320211119684,2023-11-23,Santo Antônio do Descoberto,0,0.54707104,75829,19.2857142857143,96.54408,1,0,1,81.2212574285714,61.589928,21.7251725714286,25.2857142857143,16,,,,,14958,2021-03-14,5219753,Santo Antonio do Descoberto,GO,2021,11
1615075200000,202110,87.0,87,87,87,0.9999064,114.731834,0,4,521975320211019684,2023-11-23,Santo Antônio do Descoberto,1,1.9482145,75829,19.4285714285714,94.0377471428571,1,1,2,80.3793621428571,57.9639117142857,21.9704968571429,26.4285714285714,30,,,,,14958,2021-03-07,5219753,Santo Antonio do Descoberto,GO,2021,10
1614470400000,202109,103.0,103,103,103,1.0,135.83194,0,2,521975320210919684,2023-11-23,Santo Antônio do Descoberto,0,4.4163613,75829,18.2857142857143,93.20218,1,1,2,76.8389297142857,60.481756,21.7889851428571,25.4285714285714,41,,,,,14958,2021-02-28,5219753,Santo Antonio do Descoberto,GO,2021,9
1613865600000,202108,25.0,25,25,25,0.8983267,32.968918,0,2,521975320210819684,2023-11-23,Santo Antônio do Descoberto,1,1.4813234,75829,19.0,95.7024,1,0,1,85.4754722857143,68.6904364285714,21.0818558571429,24.8571428571429,11,,,,,14958,2021-02-21,5219753,Santo Antonio do Descoberto,GO,2021,8
1613260800000,202107,17.0,17,17,17,0.655528,22.418863,0,2,521975320210719684,2023-11-23,Santo Antônio do Descoberto,0,1.1506635,75829,19.8571428571429,97.43029,1,0,1,87.0259122857143,67.941441,21.5729814285714,25.7142857142857,8,,,,,14958,2021-02-14,5219753,Santo Antonio do Descoberto,GO,2021,7
1612656000000,202106,16.0,16,16,16,0.7820997,21.100107,0,1,521975320210619684,2023-11-23,Santo Antônio do Descoberto,2,1.3390373,75829,18.8571428571429,95.7417291428571,1,0,1,84.8033824285714,67.4999421428571,21.139234,25.1428571428571,7,,,,,14958,2021-02-07,5219753,Santo Antonio do Descoberto,GO,2021,6
1612051200000,202105,19.0,19,19,19,0.9223096,25.056377,0,1,521975320210519684,2023-11-23,Santo Antônio do Descoberto,0,1.6773504,75829,19.7142857142857,90.0852285714286,1,0,1,74.4659757142857,54.7082732857143,23.2533314285714,27.5714285714286,9,,,,,14958,2021-01-31,5219753,Santo Antonio do Descoberto,GO,2021,5
1611446400000,202104,7.0,7,7,7,0.17529328,9.231297,0,1,521975320210419684,2023-11-23,Santo Antônio do Descoberto,0,0.64612335,75829,18.2857142857143,84.5731074285714,0,0,1,63.7151582857143,43.7780817142857,23.1924601428571,28.1428571428571,2,,,,,14958,2021-01-24,5219753,Santo Antonio do Descoberto,GO,2021,4
1610841600000,202103,12.0,12,12,12,0.84523666,15.82508,0,1,521975320210319684,2023-11-23,Santo Antônio do Descoberto,0,1.5758791,75829,17.8571428571429,91.6025291428571,0,0,1,65.5975597142857,43.1606454285714,23.3387445714286,28.1428571428571,6,,,,,14958,2021-01-17,5219753,Santo Antonio do Descoberto,GO,2021,3
1610236800000,202102,14.0,14,14,14,0.9895955,18.462593,0,1,521975320210219684,2023-11-23,Santo Antônio do Descoberto,0,3.0918176,75829,19.5714285714286,96.5695057142857,1,1,1,81.7848205714286,60.8395625714286,22.154729,26.5714285714286,2,,,,,14958,2021-01-10,5219753,Santo Antonio do Descoberto,GO,2021,2
1609632000000,202101,8.0,8,8,8,0.8715833,10.550054,0,1,521975320210119684,2023-11-23,Santo Antônio do Descoberto,0,1.9008641,75829,19.1428571428571,91.5289014285714,1,0,1,73.1375412857143,47.3362918571429,23.405538,28.7142857142857,1,,,,,14958,2021-01-03,5219753,Santo Antonio do Descoberto,GO,2021,1
1609027200000,202053,1.0,1,1,1,0.015366255,1.3187567,0,1,521975320205319589,2023-08-20,Santo Antônio do Descoberto,0,0.16600016,75829,19.0,88.269605,0,0,0,70.346973,43.828385,22.625,29.0,0,,,,,14958,2020-12-27,5219753,Santo Antonio do Descoberto,GO,2020,53
1608422400000,202052,8.0,8,8,8,0.22125319,10.550054,0,1,521975320205219589,2023-08-20,Santo Antônio do Descoberto,0,0.70847774,75829,19.08,89.18544416,0,0,1,,,,,3,,,,,14958,2020-12-20,5219753,Santo Antonio do Descoberto,GO,2020,52
1607817600000,202051,2.0,2,2,2,5.21749e-05,2.6375134,0,2,521975320205119589,2023-08-20,Santo Antônio do Descoberto,0,0.11420335,75829,19.16,90.10128332,1,0,0,,,,,2,,,,,14958,2020-12-13,5219753,Santo Antonio do Descoberto,GO,2020,51
1607212800000,202050,7.0,7,7,7,0.020479092,9.231297,0,2,521975320205019589,2023-08-20,Santo Antônio do Descoberto,0,0.42162672,75829,19.24,91.01712248,1,0,1,,,,,3,,,,,14958,2020-12-06,5219753,Santo Antonio do Descoberto,GO,2020,50
1606608000000,202049,27.0,27,27,27,0.99123734,35.60643,0,4,521975320204919589,2023-08-20,Santo Antônio do Descoberto,0,2.1730165,75829,19.32,91.93296164,1,1,2,,,,,0,,,,,14958,2020-11-29,5219753,Santo Antonio do Descoberto,GO,2020,49
1606003200000,202048,19.0,19,19,19,0.91851425,25.056377,0,2,521975320204819589,2023-08-20,Santo Antônio do Descoberto,0,1.6595917,75829,19.4,92.8488008,1,0,2,76.536782,55.6382074,22.6426876,26.8,1,,,,,14958,2020-11-22,5219753,Santo Antonio do Descoberto,GO,2020,48
1605398400000,202047,5.0,5,5,5,0.044787344,6.5937834,0,2,521975320204719589,2023-08-20,Santo Antônio do Descoberto,0,0.4292019,75829,19.7142857142857,94.98075,1,0,0,78.051455,56.0577165714286,23.4233951428571,28.1428571428571,0,,,,,14958,2020-11-15,5219753,Santo Antonio do Descoberto,GO,2020,47
1604793600000,202046,16.0,16,16,16,0.77033883,21.100107,0,2,521975320204619589,2023-08-20,Santo Antônio do Descoberto,0,1.3180479,75829,20.1666666666667,90.4472266666667,1,0,1,74.2262956666667,48.799564,23.8993466666667,29.1666666666667,4,,,,,14958,2020-11-08,5219753,Santo Antonio do Descoberto,GO,2020,46
1604188800000,202045,8.0,8,8,8,0.099306904,10.550054,0,2,521975320204519589,2023-08-20,Santo Antônio do Descoberto,0,0.5773354,75829,19.2857142857143,94.8811542857143,1,0,1,76.4401137142857,49.5668171428571,23.0226568571429,28.4285714285714,1,,,,,14958,2020-11-01,5219753,Santo Antonio do Descoberto,GO,2020,45
1603584000000,202044,16.0,16,16,16,0.45673752,21.100107,0,1,521975320204419589,2023-08-20,Santo Antônio do Descoberto,0,0.963125,75829,20.5714285714286,93.2780757142857,1,0,1,78.1103414285714,56.511382,23.3482968571429,27.5714285714286,1,,,,,14958,2020-10-25,5219753,Santo Antonio do Descoberto,GO,2020,44
1602979200000,202043,6.0,6,6,6,0.010539109,7.91254,0,1,521975320204319589,2023-08-20,Santo Antônio do Descoberto,0,0.36327946,75829,19.8571428571429,94.16264,1,0,1,80.1241831428571,61.2628961428571,22.5866742857143,26.5714285714286,0,,,,,14958,2020-10-18,5219753,Santo Antonio do Descoberto,GO,2020,43
1602374400000,202042,27.0,27,27,27,0.92480624,35.60643,0,1,521975320204219589,2023-08-20,Santo Antônio do Descoberto,0,1.5401828,75829,20.0,86.1631828571429,0,0,2,64.3453175714286,39.6213817142857,24.7814791428571,30.7142857142857,9,,,,,14958,2020-10-11,5219753,Santo Antonio do Descoberto,GO,2020,42
1601769600000,202041,10.0,10,10,10,0.016223848,13.187567,0,1,521975320204119589,2023-08-20,Santo Antônio do Descoberto,0,0.45991758,75829,20.1428571428571,62.5708698571429,0,0,1,36.8508507142857,17.996575,28.0147517142857,35.7142857142857,3,,,,,14958,2020-10-04,5219753,Santo Antonio do Descoberto,GO,2020,41
1601164800000,202040,19.0,19,19,19,0.117361024,25.056377,0,1,521975320204019589,2023-08-20,Santo Antônio do Descoberto,0,0.7046904,75829,17.2857142857143,65.7091887142857,0,0,2,39.3952008571429,19.7423272857143,25.8045065714286,33.7142857142857,1,,,,,14958,2020-09-27,5219753,Santo Antonio do Descoberto,GO,2020,40
1600560000000,202039,17.0,17,17,17,0.046499025,22.418863,0,1,521975320203919589,2023-08-20,Santo Antônio do Descoberto,0,0.60456526,75829,18.1428571428571,85.2838851428571,0,0,1,60.7414517142857,36.3818038571429,23.8338508571429,30.0,6,,,,,14958,2020-09-20,5219753,Santo Antonio do Descoberto,GO,2020,39
1599955200000,202038,34.0,34,34,34,0.8858268,44.837727,0,4,521975320203819589,2023-08-20,Santo Antônio do Descoberto,0,1.3685472,75829,17.5714285714286,62.0121022857143,0,0,2,39.6025677142857,22.710204,24.7060042857143,31.1428571428571,14,,,,,14958,2020-09-13,5219753,Santo Antonio do Descoberto,GO,2020,38
1599350400000,202037,27.0,27,27,27,0.79138,35.60643,0,4,521975320203719589,2023-08-20,Santo Antônio do Descoberto,0,1.2610533,75829,14.5714285714286,72.0561828571429,0,0,2,42.6524082857143,21.5614704285714,23.5127751428571,31.2857142857143,20,,,,,14958,2020-09-06,5219753,Santo Antonio do Descoberto,GO,2020,37
1598745600000,202036,31.0,31,31,31,0.79680735,40.88146,0,1,521975320203619589,2023-08-20,Santo Antônio do Descoberto,0,1.2475893,75829,14.7142857142857,71.5903858571429,0,0,2,45.7134751428571,25.652764,22.6461977142857,29.8571428571429,22,,,,,14958,2020-08-30,5219753,Santo Antonio do Descoberto,GO,2020,36
1598140800000,202035,11.0,11,11,11,0.005962206,14.506324,0,1,521975320203519589,2023-08-20,Santo Antônio do Descoberto,0,0.42521623,75829,13.4285714285714,77.2957211428571,0,0,1,51.4758597142857,26.6237167142857,21.028468,28.8571428571429,8,,,,,14958,2020-08-23,5219753,Santo Antonio do Descoberto,GO,2020,35
1597536000000,202034,23.0,23,23,23,0.8025367,30.331404,0,4,521975320203419589,2023-08-20,Santo Antônio do Descoberto,0,1.3038303,75829,16.1428571428571,81.0905214285714,0,0,2,53.2130517142857,31.3650547142857,23.8683888571429,30.7142857142857,21,,,,,14958,2020-08-16,5219753,Santo Antonio do Descoberto,GO,2020,34
1596931200000,202033,46.0,46,46,46,0.99993294,60.662807,0,1,521975320203319589,2023-08-20,Santo Antônio do Descoberto,0,2.7716758,75829,14.0,80.6486957142857,0,1,2,53.8767831428571,30.1924594285714,21.3943391428571,28.4285714285714,33,,,,,14958,2020-08-09,5219753,Santo Antonio do Descoberto,GO,2020,33
1596326400000,202032,3.0,3,3,3,3.21e-06,3.95627,0,1,521975320203219589,2023-08-20,Santo Antônio do Descoberto,0,0.12100031,75829,13.2857142857143,77.6079342857143,0,0,0,57.4005497142857,37.3312118571429,18.6803834285714,24.4285714285714,1,,,,,14958,2020-08-02,5219753,Santo Antonio do Descoberto,GO,2020,32
1595721600000,202031,9.0,9,9,9,0.0009379472,11.86881,0,1,521975320203119589,2023-08-20,Santo Antônio do Descoberto,0,0.33329928,75829,13.5714285714286,85.3140458571429,0,0,1,57.982508,32.3109621428571,20.4030982857143,27.0,7,,,,,14958,2020-07-26,5219753,Santo Antonio do Descoberto,GO,2020,31
1595116800000,202030,32.0,32,32,32,0.93367374,42.200214,0,4,521975320203019589,2023-08-20,Santo Antônio do Descoberto,0,1.5121932,75829,11.4285714285714,90.687838,0,0,2,60.0307062857143,35.8624102857143,19.3062768571429,26.1428571428571,26,,,,,14958,2020-07-19,5219753,Santo Antonio do Descoberto,GO,2020,30
1594512000000,202029,37.0,37,37,37,0.99439955,48.794,0,1,521975320202919589,2023-08-20,Santo Antônio do Descoberto,0,2.0061963,75829,11.4285714285714,85.074415,0,1,2,56.5115657142857,29.6686241428571,19.3206994285714,27.1428571428571,22,,,,,14958,2020-07-12,5219753,Santo Antonio do Descoberto,GO,2020,29
1593907200000,202028,12.0,12,12,12,0.058370415,15.82508,0,1,521975320202819589,2023-08-20,Santo Antônio do Descoberto,0,0.5765299,75829,12.5714285714286,88.6165742857143,0,0,1,64.1549684285714,36.1689917142857,19.1090455714286,26.1428571428571,3,,,,,14958,2020-07-05,5219753,Santo Antonio do Descoberto,GO,2020,28
1593302400000,202027,19.0,19,19,19,0.17745675,25.056377,0,1,521975320202719589,2023-08-20,Santo Antônio do Descoberto,0,0.75777096,75829,12.75,87.7548365,0,0,2,65.10611175,41.28447925,19.39533525,26.25,10,,,,,14958,2020-06-28,5219753,Santo Antonio do Descoberto,GO,2020,27
1592697600000,202026,18.0,18,18,18,0.12381356,23.73762,0,1,521975320202619589,2023-08-20,Santo Antônio do Descoberto,0,0.70489645,75829,12.25,92.130341,0,0,1,69.42213875,42.09459375,18.24442575,26.5,4,,,,,14958,2020-06-21,5219753,Santo Antonio do Descoberto,GO,2020,26
1592092800000,202025,27.0,27,27,27,0.7718195,35.60643,0,4,521975320202519589,2023-08-20,Santo Antônio do Descoberto,0,1.2360566,75829,16.0,86.82093,0,0,2,73.9081525,52.2088125,19.16789625,24.0,9,,,,,14958,2020-06-14,5219753,Santo Antonio do Descoberto,GO,2020,25
1591488000000,202024,33.0,33,33,33,0.88115185,43.51897,0,1,521975320202419589,2023-08-20,Santo Antônio do Descoberto,0,1.3660903,75829,14.1666666666667,93.803185,0,0,2,69.6592866666667,40.215806,20.402778,27.3333333333333,22,,,,,14958,2020-06-07,5219753,Santo Antonio do Descoberto,GO,2020,24
1590883200000,202023,16.0,16,16,16,0.004857012,21.100107,0,1,521975320202319589,2023-08-20,Santo Antônio do Descoberto,0,0.47189686,75829,13.8571428571429,93.724342,0,0,1,70.5141934285714,43.6918814285714,20.6309522857143,27.5714285714286,15,,,,,14958,2020-05-31,5219753,Santo Antonio do Descoberto,GO,2020,23
1590278400000,202022,15.0,15,15,15,0.0010348015,19.781351,0,1,521975320202219589,2023-08-20,Santo Antônio do Descoberto,0,0.4098857,75829,13.5714285714286,92.0528768571429,0,0,1,69.9062687142857,42.2619901428571,19.6904765714286,26.2857142857143,11,,,,,14958,2020-05-24,5219753,Santo Antonio do Descoberto,GO,2020,22
1589673600000,202021,40.0,40,40,40,0.9204075,52.750267,0,4,521975320202119589,2023-08-20,Santo Antônio do Descoberto,0,1.4058973,75829,16.8571428571429,94.7384354285714,0,0,2,77.6645612857143,56.1353478571429,21.2797622857143,26.1428571428571,29,,,,,14958,2020-05-17,5219753,Santo Antonio do Descoberto,GO,2020,21
1589068800000,202020,51.0,51,51,51,0.9991838,67.25659,0,4,521975320202019589,2023-08-20,Santo Antônio do Descoberto,0,2.1117136,75829,15.5714285714286,95.54601,0,1,2,77.5833255714286,54.4287637142857,20.295238,26.0,48,,,,,14958,2020-05-10,5219753,Santo Antonio do Descoberto,GO,2020,20
1588464000000,202019,19.0,19,19,19,0.10445073,25.056377,0,4,521975320201919589,2023-08-20,Santo Antônio do Descoberto,0,0.691809,75829,16.1428571428571,90.4847614285714,0,0,2,71.2979182857143,47.779535,21.1130954285714,26.4285714285714,16,,,,,14958,2020-05-03,5219753,Santo Antonio do Descoberto,GO,2020,19
1587859200000,202018,19.0,19,19,19,0.046155665,25.056377,0,4,521975320201819589,2023-08-20,Santo Antônio do Descoberto,0,0.61865216,75829,15.2857142857143,93.7856005714286,0,0,2,70.0920012857143,44.7584124285714,21.1964285714286,27.0,18,,,,,14958,2020-04-26,5219753,Santo Antonio do Descoberto,GO,2020,18
1587254400000,202017,30.0,30,30,30,0.41689274,39.562702,0,4,521975320201719589,2023-08-20,Santo Antônio do Descoberto,0,0.9482783,75829,19.8571428571429,94.9427114285714,1,0,2,84.919722,68.5638907142857,22.0238094285714,25.4285714285714,29,,,,,14958,2020-04-19,5219753,Santo Antonio do Descoberto,GO,2020,17
1586649600000,202016,34.0,34,34,34,0.679032,44.837727,0,4,521975320201619589,2023-08-20,Santo Antônio do Descoberto,0,1.1222374,75829,19.8571428571429,94.9302085714286,1,0,2,82.8242042857143,64.168793,22.5357142857143,26.2857142857143,32,,,,,14958,2020-04-12,5219753,Santo Antonio do Descoberto,GO,2020,16
1586044800000,202015,27.0,27,27,27,0.4468281,35.60643,0,4,521975320201519589,2023-08-20,Santo Antônio do Descoberto,0,0.9648467,75829,20.7142857142857,94.9730985714286,1,0,2,78.1272734285714,52.911129,24.2083331428571,29.5714285714286,26,,,,,14958,2020-04-05,5219753,Santo Antonio do Descoberto,GO,2020,15
1585440000000,202014,42.0,42,42,42,0.7719134,55.38778,0,2,521975320201419589,2023-08-20,Santo Antônio do Descoberto,0,1.183764,75829,19.5714285714286,92.4085957142857,1,0,2,69.1127041428571,44.5349284285714,24.9285714285714,30.2857142857143,39,,,,,14958,2020-03-29,5219753,Santo Antonio do Descoberto,GO,2020,14
1584835200000,202013,13.0,13,13,13,1.0945e-06,17.143837,0,2,521975320201319589,2023-08-20,Santo Antônio do Descoberto,0,0.26649764,75829,20.1428571428571,98.2973257142857,1,0,1,87.7532198571429,69.186956,22.1428571428571,26.2857142857143,13,,,,,14958,2020-03-22,5219753,Santo Antonio do Descoberto,GO,2020,13
1584230400000,202012,33.0,33,33,33,0.034246977,43.51897,0,4,521975320201219589,2023-08-20,Santo Antônio do Descoberto,0,0.6680597,75829,19.7142857142857,90.8647865714286,1,0,2,77.6681498571429,58.973507,22.5995671428571,26.5714285714286,26,,,,,14958,2020-03-15,5219753,Santo Antonio do Descoberto,GO,2020,12
1583625600000,202011,53.0,53,53,53,0.98765343,69.894104,0,4,521975320201119589,2023-08-20,Santo Antônio do Descoberto,0,1.6336737,75829,20.7142857142857,93.2664471428571,1,1,2,81.3387764285714,64.1798621428571,23.1352811428571,26.7142857142857,31,,,,,14958,2020-03-08,5219753,Santo Antonio do Descoberto,GO,2020,11
1583020800000,202010,74.0,74,74,74,1.0,97.588,0,2,521975320201019589,2023-08-20,Santo Antônio do Descoberto,0,4.1614885,75829,20.2857142857143,97.4428628571429,1,1,2,86.4160564285714,73.098703,22.297078,24.8571428571429,39,,,,,14958,2020-03-01,5219753,Santo Antonio do Descoberto,GO,2020,10
1582416000000,202009,18.0,18,18,18,0.8902648,23.73762,0,2,521975320200919589,2023-08-20,Santo Antônio do Descoberto,0,1.570905,75829,20.5714285714286,94.9481585714286,1,0,1,84.7401114285714,67.8492261428571,22.8566017142857,26.7142857142857,14,,,,,14958,2020-02-23,5219753,Santo Antonio do Descoberto,GO,2020,9
1581811200000,202008,16.0,16,16,16,0.90350074,21.100107,0,2,521975320200819589,2023-08-20,Santo Antônio do Descoberto,0,1.67318,75829,21.0,93.3246265714286,1,0,1,84.3276742857143,76.6478397142857,22.4025971428571,23.7142857142857,9,,,,,14958,2020-02-16,5219753,Santo Antonio do Descoberto,GO,2020,8
1581206400000,202007,11.0,11,11,11,0.6688345,14.506324,0,2,521975320200719589,2023-08-20,Santo Antônio do Descoberto,0,1.2108067,75829,19.8571428571429,94.0811228571429,1,0,1,89.6373401428571,83.8569494285714,21.1142857142857,22.2857142857143,11,,,,,14958,2020-02-09,5219753,Santo Antonio do Descoberto,GO,2020,7
1580601600000,202006,6.0,6,6,6,0.33766884,7.91254,0,2,521975320200619589,2023-08-20,Santo Antônio do Descoberto,0,0.8011243,75829,20.0,93.2598771428571,1,0,1,82.0111215714286,68.9063538571429,22.6011905714286,25.4285714285714,2,,,,,14958,2020-02-02,5219753,Santo Antonio do Descoberto,GO,2020,6
1579996800000,202005,14.0,14,14,14,0.97951347,18.462593,0,1,521975320200519589,2023-08-20,Santo Antônio do Descoberto,0,2.607872,75829,20.5714285714286,94.0694242857143,1,1,1,76.7092428571429,52.7331998571429,24.0952377142857,29.1428571428571,14,,,,,14958,2020-01-26,5219753,Santo Antonio do Descoberto,GO,2020,5
1579392000000,202004,4.0,4,4,4,0.7139091,5.275027,0,1,521975320200419589,2023-08-20,Santo Antônio do Descoberto,0,1.5150899,75829,21.1428571428571,94.0437657142857,1,0,0,82.469923,64.8863707142857,23.4345237142857,27.1428571428571,4,,,,,14958,2020-01-19,5219753,Santo Antonio do Descoberto,GO,2020,4
1578787200000,202003,9.0,9,9,9,0.99829906,11.86881,0,1,521975320200319589,2023-08-20,Santo Antônio do Descoberto,0,9.582063,75829,20.8571428571429,84.6269542857143,0,1,1,61.9866042857143,40.339235,26.1309522857143,31.4285714285714,7,,,,,14958,2020-01-12,5219753,Santo Antonio do Descoberto,GO,2020,3
1578182400000,202002,0.0,0,0,0,0.0,0.0,0,1,521975320200219589,2023-08-20,Santo Antônio do Descoberto,0,0.0,75829,20.2857142857143,94.93646,0,0,0,81.0192821428572,61.600405,23.5523805714286,27.5714285714286,0,,,,,14958,2020-01-05,5219753,Santo Antonio do Descoberto,GO,2020,2
1577577600000,202001,1.0,1,1,1,0.6509092,1.3187567,0,1,521975320200119589,2023-08-20,Santo Antônio do Descoberto,0,1.6142784,75829,20.6666666666667,91.3808733333333,1,0,0,78.256815,58.8144246666667,22.9694443333333,27.0,1,,,,,14958,2019-12-29,5219753,Santo Antonio do Descoberto,GO,2020,1
1576972800000,201952,0.0,0,0,0,0.0,0.0,0,1,521975320195219589,2023-08-20,Santo Antônio do Descoberto,0,0.0,75829,20.2857142857143,88.5374357142857,0,0,0,81.7564242857143,70.7298128571429,21.8158728571429,24.0,0,,,,,14958,2019-12-22,5219753,Santo Antonio do Descoberto,GO,2019,52
1576368000000,201951,1.0,1,1,1,0.34227186,1.3187567,0,1,521975320195119589,2023-08-20,Santo Antônio do Descoberto,0,0.6465021,75829,20.1428571428571,85.4108108571428,0,0,0,76.6244357142857,66.7672311428571,22.1428571428571,24.8571428571429,1,,,,,14958,2019-12-15,5219753,Santo Antonio do Descoberto,GO,2019,51
1575763200000,201950,0.0,0,0,0,0.0,0.0,0,1,521975320195019589,2023-08-20,Santo Antônio do Descoberto,0,0.0,75829,20.5714285714286,94.9120657142857,0,0,0,89.4822734285714,82.46952,21.3210315714286,22.5714285714286,0,,,,,14958,2019-12-08,5219753,Santo Antonio do Descoberto,GO,2019,50
1575158400000,201949,3.0,3,3,3,0.90425676,3.95627,0,2,521975320194919589,2023-08-20,Santo Antônio do Descoberto,0,3.6558022,75829,21.0,94.9301385714286,1,0,0,88.7458828571429,84.0757014285714,21.7571428571429,22.4285714285714,3,,,,,14958,2019-12-01,5219753,Santo Antonio do Descoberto,GO,2019,49
1574553600000,201948,1.0,1,1,1,0.70128506,1.3187567,0,1,521975320194819589,2023-08-20,Santo Antônio do Descoberto,0,1.9534034,75829,20.7142857142857,93.2093914285714,1,0,0,88.4090734285714,81.9633924285714,21.7,22.8571428571429,1,,,,,14958,2019-11-24,5219753,Santo Antonio do Descoberto,GO,2019,48
1573948800000,201947,1.0,1,1,1,0.4924306,1.3187567,0,1,521975320194719589,2023-08-20,Santo Antônio do Descoberto,0,0.9784662,75829,19.7142857142857,93.1467334285714,1,0,0,86.5033892857143,80.26802,20.6650792857143,21.7142857142857,1,,,,,14958,2019-11-17,5219753,Santo Antonio do Descoberto,GO,2019,47
1573344000000,201946,0.0,0,0,0,0.0,0.0,0,1,521975320194619589,2023-08-20,Santo Antônio do Descoberto,0,0.0,75829,21.5714285714286,74.6293081428571,0,0,0,64.6643605714286,51.9924652857143,23.8428571428571,26.7142857142857,0,,,,,14958,2019-11-10,5219753,Santo Antonio do Descoberto,GO,2019,46
1572739200000,201945,0.0,0,0,0,0.0,0.0,0,1,521975320194519589,2023-08-20,Santo Antônio do Descoberto,0,0.0,75829,20.8571428571429,88.4662028571429,0,0,0,77.605495,66.3822857142857,22.6428571428571,24.4285714285714,0,,,,,14958,2019-11-03,5219753,Santo Antonio do Descoberto,GO,2019,45
1572134400000,201944,4.0,4,4,4,0.98008037,5.275027,0,1,521975320194419589,2023-08-20,Santo Antônio do Descoberto,0,8.643641,75829,20.7142857142857,78.771418,0,0,0,68.55201,56.3240627142857,22.7467534285714,25.1428571428571,4,,,,,14958,2019-10-27,5219753,Santo Antonio do Descoberto,GO,2019,44
1571529600000,201943,0.0,0,0,0,0.0,0.0,0,1,521975320194319589,2023-08-20,Santo Antônio do Descoberto,0,0.0,75829,20.4285714285714,82.4392952857143,0,0,0,73.8886335714286,62.8859527142857,22.4883117142857,24.8571428571429,0,,,,,14958,2019-10-20,5219753,Santo Antonio do Descoberto,GO,2019,43
1570924800000,201942,0.0,0,0,0,0.0,0.0,0,1,521975320194219589,2023-08-20,Santo Antônio do Descoberto,0,0.0,75829,17.4285714285714,68.6735242857143,0,0,0,52.131513,35.6002271428571,21.5350648571429,26.4285714285714,0,,,,,14958,2019-10-13,5219753,Santo Antonio do Descoberto,GO,2019,42
1570320000000,201941,1.0,1,1,1,0.44170484,1.3187567,0,1,521975320194119589,2023-08-20,Santo Antônio do Descoberto,0,0.84828764,75829,20.7142857142857,83.9983814285714,0,0,0,72.5207528571429,55.0464801428571,22.6155842857143,25.2857142857143,1,,,,,14958,2019-10-06,5219753,Santo Antonio do Descoberto,GO,2019,41
1569715200000,201940,0.0,0,0,0,0.0,0.0,0,1,521975320194019589,2023-08-20,Santo Antônio do Descoberto,0,0.0,75829,19.4285714285714,77.5876118571429,0,0,0,63.4991004285714,48.9821551428571,22.52987,25.8571428571429,0,,,,,14958,2019-09-29,5219753,Santo Antonio do Descoberto,GO,2019,40
1569110400000,201939,1.0,1,1,1,0.5823495,1.3187567,0,1,521975320193919589,2023-08-20,Santo Antônio do Descoberto,0,1.2819808,75829,19.5714285714286,73.0459488571429,0,0,0,63.9959984285714,52.4830275714286,21.7844154285714,24.8571428571429,1,,,,,14958,2019-09-22,5219753,Santo Antonio do Descoberto,GO,2019,39
1568505600000,201938,3.0,3,3,3,0.9867688,3.95627,0,1,521975320193819589,2023-08-20,Santo Antônio do Descoberto,0,17.969719,75829,17.8571428571429,57.2333657142857,0,0,0,44.6969718571429,30.6542451428571,21.2285714285714,26.1428571428571,3,,,,,14958,2019-09-15,5219753,Santo Antonio do Descoberto,GO,2019,38
1567900800000,201937,0.0,0,0,0,0.0,0.0,0,1,521975320193719589,2023-08-20,Santo Antônio do Descoberto,0,0.0,75829,16.5714285714286,65.1175161428571,0,0,0,53.16735,36.7817517142857,20.0025974285714,25.2857142857143,0,,,,,14958,2019-09-08,5219753,Santo Antonio do Descoberto,GO,2019,37
1567296000000,201936,0.0,0,0,0,0.0,0.0,0,1,521975320193619589,2023-08-20,Santo Antônio do Descoberto,0,0.0,75829,16.7142857142857,66.1342802857143,0,0,0,51.5059137142857,34.5350757142857,20.151948,25.1428571428571,0,,,,,14958,2019-09-01,5219753,Santo Antonio do Descoberto,GO,2019,36
1566691200000,201935,0.0,0,0,0,0.0,0.0,0,1,521975320193519589,2023-08-20,Santo Antônio do Descoberto,0,0.0,75829,16.4285714285714,70.4861752857143,0,0,0,57.7209194285714,43.5347438571429,19.3766231428571,23.1428571428571,0,,,,,14958,2019-08-25,5219753,Santo Antonio do Descoberto,GO,2019,35
1566086400000,201934,0.0,0,0,0,0.0,0.0,0,1,521975320193419589,2023-08-20,Santo Antônio do Descoberto,0,0.0,75829,16.8571428571429,68.579201,0,0,0,54.4558552857143,38.3258545714286,19.9220777142857,24.2857142857143,0,,,,,14958,2019-08-18,5219753,Santo Antonio do Descoberto,GO,2019,34
1565481600000,201933,1.0,1,1,1,0.060264025,1.3187567,0,1,521975320193319589,2023-08-20,Santo Antônio do Descoberto,0,0.24675766,75829,15.1428571428571,73.8403124285714,0,0,0,59.9574537142857,45.6748382857143,18.2337664285714,22.0,1,,,,,14958,2019-08-11,5219753,Santo Antonio do Descoberto,GO,2019,33
1564876800000,201932,4.0,4,4,4,0.5841064,5.275027,0,1,521975320193219589,2023-08-20,Santo Antônio do Descoberto,0,1.1586584,75829,14.7142857142857,85.57731,0,0,0,72.8886507142857,53.880869,17.3116881428571,21.1428571428571,4,,,,,14958,2019-08-04,5219753,Santo Antonio do Descoberto,GO,2019,32
1564272000000,201931,5.0,5,5,5,0.81256545,6.5937834,0,1,521975320193119589,2023-08-20,Santo Antônio do Descoberto,0,1.857136,75829,13.7142857142857,79.92182,0,0,0,65.355831,47.1138647142857,17.0259741428571,21.7142857142857,5,,,,,14958,2019-07-28,5219753,Santo Antonio do Descoberto,GO,2019,31
1563667200000,201930,4.0,4,4,4,0.62348354,5.275027,0,1,521975320193019589,2023-08-20,Santo Antônio do Descoberto,0,1.2482889,75829,13.4285714285714,83.0919731428571,0,0,0,73.9442892857143,60.1033567142857,16.0259738571429,19.2857142857143,4,,,,,14958,2019-07-21,5219753,Santo Antonio do Descoberto,GO,2019,30
1563062400000,201929,1.0,1,1,1,0.061053336,1.3187567,0,1,521975320192919589,2023-08-20,Santo Antônio do Descoberto,0,0.24790606,75829,13.2857142857143,78.3096692857143,0,0,0,67.1946792857143,52.8261578571429,16.2597402857143,20.2857142857143,1,,,,,14958,2019-07-14,5219753,Santo Antonio do Descoberto,GO,2019,29
1562457600000,201928,3.0,3,3,3,0.1523038,3.95627,0,1,521975320192819589,2023-08-20,Santo Antônio do Descoberto,0,0.50963145,75829,11.0,84.3199878571429,0,0,0,70.8505108571429,55.5645845714286,14.2077921428571,18.5714285714286,3,,,,,14958,2019-07-07,5219753,Santo Antonio do Descoberto,GO,2019,28
1561852800000,201927,6.0,6,6,6,0.05007635,7.91254,0,1,521975320192719589,2023-08-20,Santo Antônio do Descoberto,0,0.46503407,75829,13.4285714285714,87.0082451428571,0,0,1,78.1196452857143,62.3600285714286,16.1181817142857,20.1428571428571,6,,,,,14958,2019-06-30,5219753,Santo Antonio do Descoberto,GO,2019,27
1561248000000,201926,1.0,1,1,1,8.42e-08,1.3187567,0,1,521975320192619589,2023-08-20,Santo Antônio do Descoberto,0,0.04254911,75829,13.8571428571429,86.2513228571429,0,0,0,74.8542935714286,58.2690801428571,16.6363635714286,20.7142857142857,1,,,,,14958,2019-06-23,5219753,Santo Antonio do Descoberto,GO,2019,26
1560643200000,201925,9.0,9,9,9,1.66525e-05,11.86881,0,1,521975320192519589,2023-08-20,Santo Antônio do Descoberto,0,0.2537895,75829,13.4285714285714,87.9628457142857,0,0,1,77.3012927142857,62.9884997142857,16.1168832857143,20.0,9,,,,,14958,2019-06-16,5219753,Santo Antonio do Descoberto,GO,2019,25
1560038400000,201924,29.0,29,29,29,0.0017424233,38.243942,0,4,521975320192419589,2023-08-20,Santo Antônio do Descoberto,0,0.52261233,75829,14.7142857142857,88.9108057142857,0,0,2,76.6860707142857,64.6974814285714,17.83171,20.8571428571429,29,,,,,14958,2019-06-09,5219753,Santo Antonio do Descoberto,GO,2019,24
1559433600000,201923,28.0,28,28,28,3.57e-07,36.925186,0,4,521975320192319589,2023-08-20,Santo Antônio do Descoberto,0,0.36006862,75829,15.7142857142857,89.61977,0,0,2,79.4126234285714,69.5694294285714,18.4935071428571,21.5714285714286,28,,,,,14958,2019-06-02,5219753,Santo Antonio do Descoberto,GO,2019,23
1558828800000,201922,46.0,46,46,46,0.0004757493,60.662807,0,4,521975320192219589,2023-08-20,Santo Antônio do Descoberto,0,0.55310637,75829,16.4285714285714,92.1806434285714,0,0,2,83.0533162857143,69.060529,18.766234,22.2857142857143,45,,,,,14958,2019-05-26,5219753,Santo Antonio do Descoberto,GO,2019,22
1558224000000,201921,97.0,97,97,97,0.9564865,127.919395,0,4,521975320192119589,2023-08-20,Santo Antônio do Descoberto,0,1.2991378,75829,16.0,93.8726014285714,0,1,2,84.029065,69.5596885714286,18.496104,22.2857142857143,95,,,,,14958,2019-05-19,5219753,Santo Antonio do Descoberto,GO,2019,21
1557619200000,201920,93.0,93,93,93,0.9743445,122.64437,0,4,521975320192019589,2023-08-20,Santo Antônio do Descoberto,0,1.3605049,75829,17.7142857142857,93.9574691428571,0,1,2,86.6759622857143,77.0606534285714,19.4727274285714,21.7142857142857,90,,,,,14958,2019-05-12,5219753,Santo Antonio do Descoberto,GO,2019,20
1557014400000,201919,67.0,67,67,67,0.6305925,88.3567,0,4,521975320191919589,2023-08-20,Santo Antônio do Descoberto,0,1.0599959,75829,18.5714285714286,94.8097285714286,1,0,2,84.4866135714286,71.0238592857143,20.9334417142857,24.0,67,,,,,14958,2019-05-05,5219753,Santo Antonio do Descoberto,GO,2019,19
1556409600000,201918,66.0,66,66,66,0.91355526,87.03794,0,4,521975320191819589,2023-08-20,Santo Antônio do Descoberto,0,1.2863079,75829,19.5714285714286,94.8872657142857,1,0,2,89.233367,78.6254758571429,20.8285717142857,23.1428571428571,63,,,,,14958,2019-04-28,5219753,Santo Antonio do Descoberto,GO,2019,18
1555804800000,201917,74.0,74,74,74,0.99915105,97.588,0,4,521975320191719589,2023-08-20,Santo Antônio do Descoberto,0,1.8161288,75829,18.4285714285714,95.7106234285714,1,1,2,88.5482148571429,81.288248,20.3966031428571,22.7142857142857,74,,,,,14958,2019-04-21,5219753,Santo Antonio do Descoberto,GO,2019,17
1555200000000,201916,51.0,51,51,51,0.8722305,67.25659,0,4,521975320191619589,2023-08-20,Santo Antônio do Descoberto,0,1.2685289,75829,19.5714285714286,96.5757571428571,1,0,2,91.0609585714286,82.6224417142857,21.0499498571429,22.8571428571429,51,,,,,14958,2019-04-14,5219753,Santo Antonio do Descoberto,GO,2019,16
1554595200000,201915,29.0,29,29,29,0.04045239,38.243942,0,4,521975320191519589,2023-08-20,Santo Antônio do Descoberto,0,0.6628589,75829,19.7142857142857,98.2973257142857,1,0,2,92.1561428571429,84.2214247142857,20.8005414285714,22.4285714285714,29,,,,,14958,2019-04-07,5219753,Santo Antonio do Descoberto,GO,2019,15
1553990400000,201914,42.0,42,42,42,0.2899247,55.38778,0,4,521975320191419589,2023-08-20,Santo Antônio do Descoberto,0,0.88977885,75829,19.2857142857143,92.368972,1,0,2,86.1333492857143,75.171833,20.9000002857143,23.1428571428571,41,,,,,14958,2019-03-31,5219753,Santo Antonio do Descoberto,GO,2019,14
1553385600000,201913,46.0,46,46,46,0.42577365,60.662807,0,4,521975320191319589,2023-08-20,Santo Antônio do Descoberto,0,0.9622536,75829,19.8571428571429,95.6895477142857,1,0,2,90.6411265714286,85.54249,20.6363637142857,22.0,44,,,,,14958,2019-03-24,5219753,Santo Antonio do Descoberto,GO,2019,13
1552780800000,201912,42.0,42,42,42,0.5634102,55.38778,0,4,521975320191219589,2023-08-20,Santo Antônio do Descoberto,0,1.0355792,75829,19.5714285714286,96.5694357142857,1,0,2,90.6354621428571,83.27312,20.6064934285714,22.1428571428571,40,,,,,14958,2019-03-17,5219753,Santo Antonio do Descoberto,GO,2019,12
1552176000000,201911,62.0,62,62,62,0.9995725,81.76292,0,4,521975320191119589,2023-08-20,Santo Antônio do Descoberto,0,2.0382993,75829,20.1428571428571,89.9537328571429,0,1,2,84.7204107142857,75.8468071428571,21.2727271428571,23.2857142857143,62,,,,,14958,2019-03-10,5219753,Santo Antonio do Descoberto,GO,2019,11
1551571200000,201910,35.0,35,35,35,0.9586696,46.156483,0,4,521975320191019589,2023-08-20,Santo Antônio do Descoberto,0,1.5875568,75829,18.1428571428571,97.4111857142857,1,1,2,91.5836028571428,86.1104091428572,19.6636362857143,20.7142857142857,33,,,,,14958,2019-03-03,5219753,Santo Antonio do Descoberto,GO,2019,10
1550966400000,201909,35.0,35,35,35,0.99216616,46.156483,0,2,521975320190919589,2023-08-20,Santo Antônio do Descoberto,0,1.9715637,75829,19.7142857142857,94.8479371428571,1,1,2,88.1935692857143,80.3762864285714,21.051948,22.4285714285714,35,,,,,14958,2019-02-24,5219753,Santo Antonio do Descoberto,GO,2019,9
1550361600000,201908,14.0,14,14,14,0.5467704,18.462593,0,2,521975320190819589,2023-08-20,Santo Antônio do Descoberto,0,1.0452191,75829,19.4285714285714,93.9681185714286,1,0,1,88.9575744285714,81.75066,20.4155845714286,21.5714285714286,13,,,,,14958,2019-02-17,5219753,Santo Antonio do Descoberto,GO,2019,8
1549756800000,201907,22.0,22,22,22,0.99067533,29.012648,0,1,521975320190719589,2023-08-20,Santo Antônio do Descoberto,0,2.383499,75829,19.7142857142857,92.4445057142857,1,1,2,86.3459728571429,79.1729835714286,21.1714285714286,22.7142857142857,23,,,,,14958,2019-02-10,5219753,Santo Antonio do Descoberto,GO,2019,7
1549152000000,201906,14.0,14,14,14,0.87899226,18.462593,0,1,521975320190619589,2023-08-20,Santo Antônio do Descoberto,0,1.6331254,75829,19.7142857142857,94.2076642857143,1,0,1,79.4637761428571,61.1307278571429,22.5376981428571,27.4285714285714,13,,,,,14958,2019-02-03,5219753,Santo Antonio do Descoberto,GO,2019,6
1548547200000,201905,5.0,5,5,5,0.041757066,6.5937834,0,1,521975320190519589,2023-08-20,Santo Antônio do Descoberto,0,0.42337653,75829,18.1428571428571,84.3868708571429,0,0,0,59.4086522857143,35.8593115714286,24.2380954285714,29.8571428571429,4,,,,,14958,2019-01-27,5219753,Santo Antonio do Descoberto,GO,2019,5
1547942400000,201904,9.0,9,9,9,0.07247646,11.86881,0,1,521975320190419589,2023-08-20,Santo Antônio do Descoberto,0,0.55783993,75829,19.7142857142857,83.0639728571429,0,0,1,60.1835437142857,38.3832544285714,25.0297617142857,30.5714285714286,9,,,,,14958,2019-01-20,5219753,Santo Antonio do Descoberto,GO,2019,4
1547337600000,201903,7.0,7,7,7,0.033742353,9.231297,0,1,521975320190319589,2023-08-20,Santo Antônio do Descoberto,0,0.45523715,75829,18.8571428571429,87.4907005714286,0,0,1,68.945513,50.693095,23.3809522857143,28.1428571428571,7,,,,,14958,2019-01-13,5219753,Santo Antonio do Descoberto,GO,2019,3
1546732800000,201902,23.0,23,23,23,0.9819247,30.331404,0,2,521975320190219589,2023-08-20,Santo Antônio do Descoberto,0,2.0800874,75829,18.5714285714286,91.609522,1,1,2,80.7433237142857,69.307483,20.4428571428571,22.4285714285714,23,,,,,14958,2019-01-06,5219753,Santo Antonio do Descoberto,GO,2019,2
1546128000000,201901,18.0,18,18,18,0.97805357,23.73762,0,2,521975320190119589,2023-08-20,Santo Antônio do Descoberto,0,2.243465,75829,19.1428571428571,92.4099651428571,1,1,1,83.8881727142857,73.7355725714286,20.6857142857143,22.7142857142857,17,,,,,14958,2018-12-30,5219753,Santo Antonio do Descoberto,GO,2019,1
1545523200000,201852,7.0,7,7,7,0.5710053,9.231297,0,2,521975320185219589,2023-08-20,Santo Antônio do Descoberto,0,1.0995636,75829,19.0,94.0550488,1,0,1,84.4303552,67.689914,21.4538888,24.4,7,,,,,14958,2018-12-23,5219753,Santo Antonio do Descoberto,GO,2018,52
1544918400000,201851,10.0,10,10,10,0.8741366,13.187567,0,2,521975320185119589,2023-08-20,Santo Antônio do Descoberto,0,1.7784766,75829,19.2380952380952,94.3304172952381,1,0,1,,,,,10,,,,,14958,2018-12-16,5219753,Santo Antonio do Descoberto,GO,2018,51
1544313600000,201850,4.0,4,4,4,0.43579692,5.275027,0,2,521975320185019589,2023-08-20,Santo Antônio do Descoberto,0,0.8995159,75829,19.4761904761905,94.6057857904762,1,0,0,,,,,4,,,,,14958,2018-12-09,5219753,Santo Antonio do Descoberto,GO,2018,50
1543708800000,201849,7.0,7,7,7,0.9306877,9.231297,0,2,521975320184919589,2023-08-20,Santo Antônio do Descoberto,0,2.610216,75829,19.7142857142857,94.8811542857143,1,0,1,89.3434171428571,80.9390635714286,20.6674601428571,22.5714285714286,7,,,,,14958,2018-12-02,5219753,Santo Antonio do Descoberto,GO,2018,49
1543104000000,201848,5.0,5,5,5,0.9431727,6.5937834,0,2,521975320184819589,2023-08-20,Santo Antônio do Descoberto,0,3.5733654,75829,18.5714285714286,92.3061191428571,1,0,0,86.2330228571429,77.6836178571428,19.9178571428571,21.8571428571429,5,,,,,14958,2018-11-25,5219753,Santo Antonio do Descoberto,GO,2018,48
1542499200000,201847,2.0,2,2,2,0.8033091,2.6375134,0,2,521975320184719589,2023-08-20,Santo Antônio do Descoberto,0,2.491014,75829,19.0,94.88671,1,0,0,88.9910134285714,79.793325,20.3813491428571,22.4285714285714,2,,,,,14958,2018-11-18,5219753,Santo Antonio do Descoberto,GO,2018,47
1541894400000,201846,1.0,1,1,1,0.6887573,1.3187567,0,1,521975320184619589,2023-08-20,Santo Antônio do Descoberto,0,1.8589696,75829,18.8571428571429,97.4238985714286,1,0,0,91.2821378571429,81.5304237142857,20.1821424285714,22.2857142857143,1,,,,,14958,2018-11-11,5219753,Santo Antonio do Descoberto,GO,2018,46
1541289600000,201845,1.0,1,1,1,0.730556,1.3187567,0,1,521975320184519589,2023-08-20,Santo Antônio do Descoberto,0,2.207831,75829,19.1428571428571,96.5504714285714,1,0,0,90.7268385714286,82.5312428571429,19.904762,21.2857142857143,1,,,,,14958,2018-11-04,5219753,Santo Antonio do Descoberto,GO,2018,45
1540684800000,201844,0.0,0,0,0,0.0,0.0,0,1,521975320184419589,2023-08-20,Santo Antônio do Descoberto,0,0.0,75829,19.7142857142857,91.5414748571429,0,0,0,84.7162965714286,73.9152668571429,21.0162337142857,23.1428571428571,0,,,,,14958,2018-10-28,5219753,Santo Antonio do Descoberto,GO,2018,44
1540080000000,201843,1.0,1,1,1,0.9632679,1.3187567,0,1,521975320184319589,2023-08-20,Santo Antônio do Descoberto,0,18.521618,75829,19.1428571428571,96.6209914285714,1,0,0,89.3454042857143,79.030422,20.5091991428571,22.7142857142857,1,,,,,14958,2018-10-21,5219753,Santo Antonio do Descoberto,GO,2018,43
1539475200000,201842,0.0,0,0,0,0.0,0.0,0,1,521975320184219589,2023-08-20,Santo Antônio do Descoberto,0,0.0,75829,18.0,100.0,0,0,0,89.99922,80.951455,20.068182,22.0,0,,,,,14958,2018-10-14,5219753,Santo Antonio do Descoberto,GO,2018,42
1538870400000,201841,0.0,0,0,0,0.0,0.0,0,1,521975320184119589,2023-08-20,Santo Antônio do Descoberto,0,0.0,75829,18.0,96.27173625,0,0,0,,,,,0,,,,,14958,2018-10-07,5219753,Santo Antonio do Descoberto,GO,2018,41
1538265600000,201840,0.0,0,0,0,0.0,0.0,0,1,521975320184019589,2023-08-20,Santo Antônio do Descoberto,0,0.0,75829,18.0,92.5434725,0,0,0,81.64804125,69.39496,19.977273,22.0,0,,,,,14958,2018-09-30,5219753,Santo Antonio do Descoberto,GO,2018,40
1537660800000,201839,0.0,0,0,0,0.0,0.0,0,1,521975320183919589,2023-08-20,Santo Antônio do Descoberto,0,0.0,75829,15.1428571428571,92.1393,0,0,0,75.6999955714286,51.677306,18.7716451428571,23.4285714285714,0,,,,,14958,2018-09-23,5219753,Santo Antonio do Descoberto,GO,2018,39
1537056000000,201838,0.0,0,0,0,0.0,0.0,0,1,521975320183819589,2023-08-20,Santo Antônio do Descoberto,0,0.0,75829,15.8571428571429,99.1328242857143,0,0,0,90.2123874285714,73.5056512857143,18.3245671428571,21.8571428571429,0,,,,,14958,2018-09-16,5219753,Santo Antonio do Descoberto,GO,2018,38
1536451200000,201837,0.0,0,0,0,0.0,0.0,0,1,521975320183719589,2023-08-20,Santo Antônio do Descoberto,0,0.0,75829,12.8571428571429,82.8850302857143,0,0,0,65.2829797142857,44.3758081428571,16.6715364285714,21.5714285714286,0,,,,,14958,2018-09-09,5219753,Santo Antonio do Descoberto,GO,2018,37
1535846400000,201836,0.0,0,0,0,0.0,0.0,0,1,521975320183619589,2023-08-20,Santo Antônio do Descoberto,0,0.0,75829,13.0,85.4367364285714,0,0,0,67.8282804285714,48.7459614285714,17.1336582857143,22.0,0,,,,,14958,2018-09-02,5219753,Santo Antonio do Descoberto,GO,2018,36
1535241600000,201835,0.0,0,0,0,0.0,0.0,0,1,521975320183519589,2023-08-20,Santo Antônio do Descoberto,0,0.0,75829,14.0,84.0712191428571,0,0,0,65.5264721428571,49.2310167142857,17.4128788571429,21.4285714285714,0,,,,,14958,2018-08-26,5219753,Santo Antonio do Descoberto,GO,2018,35
1534636800000,201834,0.0,0,0,0,0.0,0.0,0,1,521975320183419589,2023-08-20,Santo Antônio do Descoberto,0,0.0,75829,12.8571428571429,85.2993865714286,0,0,0,70.9141297142857,55.3196785714286,16.1650432857143,19.8571428571429,0,,,,,14958,2018-08-19,5219753,Santo Antonio do Descoberto,GO,2018,34
1534032000000,201833,1.0,1,1,1,0.3286591,1.3187567,0,1,521975320183319589,2023-08-20,Santo Antônio do Descoberto,0,0.6229225,75829,12.2857142857143,85.5404807142857,0,0,0,66.3062278571429,43.2940031428571,16.411008,22.1428571428571,1,,,,,14958,2018-08-12,5219753,Santo Antonio do Descoberto,GO,2018,33
1533427200000,201832,1.0,1,1,1,0.39990467,1.3187567,0,1,521975320183219589,2023-08-20,Santo Antônio do Descoberto,0,0.7562741,75829,14.1428571428571,89.5315942857143,0,0,0,60.9638951428571,29.1533562857143,21.0119048571429,28.7142857142857,1,,,,,14958,2018-08-05,5219753,Santo Antonio do Descoberto,GO,2018,32
1532822400000,201831,3.0,3,3,3,0.8299065,3.95627,0,1,521975320183119589,2023-08-20,Santo Antônio do Descoberto,0,2.3880787,75829,11.0,87.6890871428571,0,0,0,54.618591,21.6808644285714,19.5238094285714,28.4285714285714,2,,,,,14958,2018-07-29,5219753,Santo Antonio do Descoberto,GO,2018,31
1532217600000,201830,0.0,0,0,0,0.0,0.0,0,1,521975320183019589,2023-08-20,Santo Antônio do Descoberto,0,0.0,75829,9.28571428571429,88.3618034285714,0,0,0,57.3098288571429,26.7521431428571,17.0059525714286,25.1428571428571,0,,,,,14958,2018-07-22,5219753,Santo Antonio do Descoberto,GO,2018,30
1531612800000,201829,2.0,2,2,2,0.75807655,2.6375134,0,1,521975320182919589,2023-08-20,Santo Antônio do Descoberto,0,2.0616593,75829,10.5714285714286,89.2166221428571,0,0,0,65.9835537142857,40.7287048571429,16.2938312857143,22.7142857142857,2,,,,,14958,2018-07-15,5219753,Santo Antonio do Descoberto,GO,2018,29
1531008000000,201828,1.0,1,1,1,0.29171503,1.3187567,0,1,521975320182819589,2023-08-20,Santo Antônio do Descoberto,0,0.5626296,75829,11.1428571428571,90.231216,0,0,0,79.2669381428571,61.4436665714286,14.1899351428571,18.5714285714286,1,,,,,14958,2018-07-08,5219753,Santo Antonio do Descoberto,GO,2018,28
1530403200000,201827,1.0,1,1,1,0.029973222,1.3187567,0,1,521975320182719589,2023-08-20,Santo Antônio do Descoberto,0,0.19762135,75829,8.71428571428571,92.5800475714286,0,0,0,78.7596252857143,61.146714,12.4994588571429,17.0,1,,,,,14958,2018-07-01,5219753,Santo Antonio do Descoberto,GO,2018,27
1529798400000,201826,0.0,0,0,0,0.0,0.0,0,1,521975320182619589,2023-08-20,Santo Antônio do Descoberto,0,0.0,75829,9.57142857142857,90.122995,0,0,0,78.8331087142857,61.8806012857143,12.6138528571429,17.0,0,,,,,14958,2018-06-24,5219753,Santo Antonio do Descoberto,GO,2018,26
1529193600000,201825,3.0,3,3,3,0.020432184,3.95627,0,1,521975320182519589,2023-08-20,Santo Antônio do Descoberto,0,0.30327398,75829,10.8571428571429,91.0082948571429,0,0,0,78.8835492857143,59.9280891428571,13.9464284285714,18.2857142857143,3,,,,,14958,2018-06-17,5219753,Santo Antonio do Descoberto,GO,2018,25
1528588800000,201824,13.0,13,13,13,0.7399965,17.143837,0,1,521975320182419589,2023-08-20,Santo Antônio do Descoberto,0,1.303044,75829,12.0,95.4712491428571,0,0,1,83.2826702857143,66.0816021428571,15.0308444285714,19.1428571428571,13,,,,,14958,2018-06-10,5219753,Santo Antonio do Descoberto,GO,2018,24
1527984000000,201823,12.0,12,12,12,0.5121146,15.82508,0,1,521975320182319589,2023-08-20,Santo Antônio do Descoberto,0,1.0122958,75829,12.2857142857143,92.8212042857143,0,0,1,83.6093564285714,68.7794932857143,15.2126624285714,19.1428571428571,12,,,,,14958,2018-06-03,5219753,Santo Antonio do Descoberto,GO,2018,23
1527379200000,201822,3.0,3,3,3,0.009609947,3.95627,0,1,521975320182219589,2023-08-20,Santo Antônio do Descoberto,0,0.2658534,75829,10.8571428571429,93.6589785714286,0,0,0,83.2202651428571,69.8190568571429,13.9925324285714,17.5714285714286,3,,,,,14958,2018-05-27,5219753,Santo Antonio do Descoberto,GO,2018,22
1526774400000,201821,19.0,19,19,19,0.96763456,25.056377,0,1,521975320182119589,2023-08-20,Santo Antônio do Descoberto,0,2.020869,75829,12.8571428571429,94.6691857142857,0,1,2,84.9002027142857,69.2745392857143,15.5243505714286,19.5714285714286,19,,,,,14958,2018-05-20,5219753,Santo Antonio do Descoberto,GO,2018,21
1526169600000,201820,10.0,10,10,10,0.71129584,13.187567,0,1,521975320182019589,2023-08-20,Santo Antônio do Descoberto,0,1.296455,75829,12.4285714285714,94.6910357142857,0,0,1,69.71466,36.3938718571429,19.2023811428571,26.7142857142857,10,,,,,14958,2018-05-13,5219753,Santo Antonio do Descoberto,GO,2018,20
1525564800000,201819,8.0,8,8,8,0.6763645,10.550054,0,1,521975320181919589,2023-08-20,Santo Antônio do Descoberto,0,1.2656965,75829,12.7142857142857,94.6480642857143,0,0,1,67.552808,37.4296558571429,19.4226188571429,26.0,8,,,,,14958,2018-05-06,5219753,Santo Antonio do Descoberto,GO,2018,19
1524960000000,201818,11.0,11,11,11,0.89472103,14.506324,0,1,521975320181819589,2023-08-20,Santo Antônio do Descoberto,0,1.8320693,75829,14.8571428571429,89.8055657142857,0,0,1,67.5512401428571,38.6471891428571,20.4583337142857,27.0,11,,,,,14958,2018-04-29,5219753,Santo Antonio do Descoberto,GO,2018,18
1524355200000,201817,1.0,1,1,1,0.056154035,1.3187567,0,1,521975320181719589,2023-08-20,Santo Antônio do Descoberto,0,0.24070479,75829,15.5714285714286,93.0111654285714,0,0,0,74.7060045714286,46.9750641428571,20.3333334285714,26.4285714285714,1,,,,,14958,2018-04-22,5219753,Santo Antonio do Descoberto,GO,2018,17
1523750400000,201816,11.0,11,11,11,0.99796313,14.506324,0,1,521975320181619589,2023-08-20,Santo Antônio do Descoberto,0,6.399981,75829,15.7142857142857,93.0175534285714,0,1,1,83.5250631428571,69.9775341428571,18.6961041428571,21.8571428571429,11,,,,,14958,2018-04-15,5219753,Santo Antonio do Descoberto,GO,2018,16
1523145600000,201815,3.0,3,3,3,0.9620143,3.95627,0,1,521975320181519589,2023-08-20,Santo Antônio do Descoberto,0,7.4266696,75829,17.1428571428571,94.757966,0,0,0,88.9460402857143,82.464787,18.3544371428571,19.8571428571429,3,,,,,14958,2018-04-08,5219753,Santo Antonio do Descoberto,GO,2018,15
1522540800000,201814,1.0,1,1,1,0.9629106,1.3187567,0,1,521975320181419589,2023-08-20,Santo Antônio do Descoberto,0,18.339777,75829,18.1428571428571,94.0413757142857,1,0,0,86.8595385714286,76.5665478571429,19.7884197142857,21.8571428571429,1,,,,,14958,2018-04-01,5219753,Santo Antonio do Descoberto,GO,2018,14
1521936000000,201813,0.0,0,0,0,0.0,0.0,0,1,521975320181319589,2023-08-20,Santo Antônio do Descoberto,0,0.0,75829,17.5714285714286,90.8387157142857,0,0,0,80.9323821428572,71.2884814285714,19.5604977142857,22.0,0,,,,,14958,2018-03-25,5219753,Santo Antonio do Descoberto,GO,2018,13
1521331200000,201812,0.0,0,0,0,0.0,0.0,0,1,521975320181219589,2023-08-20,Santo Antônio do Descoberto,0,0.0,75829,17.8571428571429,96.5247668571429,0,0,0,86.3466601428571,76.319258,20.121212,22.5714285714286,0,,,,,14958,2018-03-18,5219753,Santo Antonio do Descoberto,GO,2018,12
1520726400000,201811,0.0,0,0,0,0.0,0.0,0,1,521975320181119589,2023-08-20,Santo Antônio do Descoberto,0,0.0,75829,18.8571428571429,93.2236442857143,0,0,0,85.3534727142857,70.6755931428571,20.9327201428571,24.0,0,,,,,14958,2018-03-11,5219753,Santo Antonio do Descoberto,GO,2018,11
1520121600000,201810,0.0,0,0,0,0.0,0.0,0,1,521975320181019589,2023-08-20,Santo Antônio do Descoberto,0,0.0,75829,18.6666666666667,93.9670533333333,0,0,0,84.1354466666667,76.0057316666667,20.004545,21.3333333333333,0,,,,,14958,2018-03-04,5219753,Santo Antonio do Descoberto,GO,2018,10
1519516800000,201809,0.0,0,0,0,0.0,0.0,0,1,521975320180919589,2023-08-20,Santo Antônio do Descoberto,0,0.0,75829,18.4285714285714,91.5219485714286,0,0,0,75.254332,53.5405731428571,21.7639282857143,26.1428571428571,0,,,,,14958,2018-02-25,5219753,Santo Antonio do Descoberto,GO,2018,9
1518912000000,201808,4.0,4,4,4,0.9784345,5.275027,0,1,521975320180819589,2023-08-20,Santo Antônio do Descoberto,0,8.167257,75829,19.0,92.4215042857143,1,0,0,86.2730742857143,75.0327,20.2630951428571,22.0,4,,,,,14958,2018-02-18,5219753,Santo Antonio do Descoberto,GO,2018,8
1518307200000,201807,0.0,0,0,0,0.0,0.0,0,1,521975320180719589,2023-08-20,Santo Antônio do Descoberto,0,0.0,75829,18.5714285714286,86.1030914285714,0,0,0,75.6478842857143,63.9317058571429,20.6,23.1428571428571,0,,,,,14958,2018-02-11,5219753,Santo Antonio do Descoberto,GO,2018,7
1517702400000,201806,0.0,0,0,0,0.0,0.0,0,1,521975320180619589,2023-08-20,Santo Antônio do Descoberto,0,0.0,75829,18.1428571428571,97.5495188571429,0,0,0,87.7539664285714,77.7775105714286,19.4515875714286,21.4285714285714,0,,,,,14958,2018-02-04,5219753,Santo Antonio do Descoberto,GO,2018,6
1517097600000,201805,1.0,1,1,1,0.05082171,1.3187567,0,1,521975320180519589,2023-08-20,Santo Antônio do Descoberto,0,0.2326441,75829,19.4285714285714,94.0323171428571,1,0,0,87.810627,81.0663728571429,20.5428571428571,21.7142857142857,1,,,,,14958,2018-01-28,5219753,Santo Antonio do Descoberto,GO,2018,5
1516492800000,201804,0.0,0,0,0,0.0,0.0,0,1,521975320180419589,2023-08-20,Santo Antônio do Descoberto,0,0.0,75829,18.4285714285714,86.0537834285714,0,0,0,68.2273435714286,44.8479174285714,21.5359211428571,26.1428571428571,0,,,,,14958,2018-01-21,5219753,Santo Antonio do Descoberto,GO,2018,4
1515888000000,201803,7.0,7,7,7,0.9712968,9.231297,0,1,521975320180319589,2023-08-20,Santo Antônio do Descoberto,0,3.8250735,75829,17.2857142857143,89.0138111428571,0,1,1,74.5576338571429,60.333589,20.0857142857143,23.1428571428571,3,,,,,14958,2018-01-14,5219753,Santo Antonio do Descoberto,GO,2018,3
1515283200000,201802,6.0,6,6,6,0.99747163,7.91254,0,1,521975320180219589,2023-08-20,Santo Antônio do Descoberto,0,18.021086,75829,18.0,89.8707705714286,0,1,1,82.27582,75.7994037142857,19.5714285714286,21.2857142857143,6,,,,,14958,2018-01-07,5219753,Santo Antonio do Descoberto,GO,2018,2
1514678400000,201801,0.0,0,0,0,0.0,0.0,0,1,521975320180119589,2023-08-20,Santo Antônio do Descoberto,0,0.0,75829,18.8571428571429,94.8225114285714,0,0,0,89.8873771428571,83.2528934285714,19.8428571428571,20.8571428571429,0,,,,,14958,2017-12-31,5219753,Santo Antonio do Descoberto,GO,2018,1
1514073600000,201752,0.0,0,0,0,0.0,0.0,0,1,521975320175219589,2023-08-20,Santo Antônio do Descoberto,0,0.0,75829,19.1428571428571,86.8635442857143,0,0,0,78.5883127142857,67.8196414285714,21.1888887142857,23.4285714285714,0,,,,,14958,2017-12-24,5219753,Santo Antonio do Descoberto,GO,2017,52
1513468800000,201751,0.0,0,0,0,0.0,0.0,0,1,521975320175119589,2023-08-20,Santo Antônio do Descoberto,0,0.0,75829,17.4285714285714,91.5223002857143,0,0,0,78.1993728571429,65.7363848571429,20.5313492857143,23.4285714285714,0,,,,,14958,2017-12-17,5219753,Santo Antonio do Descoberto,GO,2017,51
1512864000000,201750,0.0,0,0,0,0.0,0.0,0,1,521975320175019589,2023-08-20,Santo Antônio do Descoberto,0,0.0,75829,18.1666666666667,96.964804,0,0,0,91.1291156666667,81.1464446666667,19.0916666666667,21.0,0,,,,,14958,2017-12-10,5219753,Santo Antonio do Descoberto,GO,2017,50
1512259200000,201749,2.0,2,2,2,0.921898,2.6375134,0,1,521975320174919589,2023-08-20,Santo Antônio do Descoberto,0,5.715059,75829,19.5714285714286,90.7450285714286,1,0,0,83.419618,70.7765421428571,21.2270974285714,24.0,2,,,,,14958,2017-12-03,5219753,Santo Antonio do Descoberto,GO,2017,49
1511654400000,201748,1.0,1,1,1,0.9632679,1.3187567,0,1,521975320174819589,2023-08-20,Santo Antônio do Descoberto,0,18.521618,75829,18.5,93.907157,1,0,0,78.747975,61.0472205,21.041666,24.5,1,,,,,14958,2017-11-26,5219753,Santo Antonio do Descoberto,GO,2017,48
1511049600000,201747,0.0,0,0,0,0.0,0.0,0,1,521975320174719589,2023-08-20,Santo Antônio do Descoberto,0,0.0,75829,17.975,91.84822725,0,0,0,,,,,0,,,,,14958,2017-11-19,5219753,Santo Antonio do Descoberto,GO,2017,47
1510444800000,201746,0.0,0,0,0,0.0,0.0,0,1,521975320174619589,2023-08-20,Santo Antônio do Descoberto,0,0.0,75829,17.45,89.7892975,0,0,0,,,,,0,,,,,14958,2017-11-12,5219753,Santo Antonio do Descoberto,GO,2017,46
1509840000000,201745,0.0,0,0,0,0.0,0.0,0,1,521975320174519589,2023-08-20,Santo Antônio do Descoberto,0,0.0,75829,16.925,87.73036775,0,0,0,,,,,0,,,,,14958,2017-11-05,5219753,Santo Antonio do Descoberto,GO,2017,45
1509235200000,201744,0.0,0,0,0,0.0,0.0,0,1,521975320174419589,2023-08-20,Santo Antônio do Descoberto,0,0.0,75829,16.4,85.671438,0,0,0,,,,,0,,,,,14958,2017-10-29,5219753,Santo Antonio do Descoberto,GO,2017,44
1508630400000,201743,0.0,0,0,0,0.0,0.0,0,1,521975320174319589,2023-08-20,Santo Antônio do Descoberto,0,0.0,75829,15.875,83.61250825,0,0,0,,,,,0,,,,,14958,2017-10-22,5219753,Santo Antonio do Descoberto,GO,2017,43
1508025600000,201742,0.0,0,0,0,0.0,0.0,0,1,521975320174219589,2023-08-20,Santo Antônio do Descoberto,0,0.0,75829,15.35,81.5535785,0,0,0,,,,,0,,,,,14958,2017-10-15,5219753,Santo Antonio do Descoberto,GO,2017,42
1507420800000,201741,0.0,0,0,0,0.0,0.0,0,1,521975320174119589,2023-08-20,Santo Antônio do Descoberto,0,0.0,75829,14.825,79.49464875,0,0,0,,,,,0,,,,,14958,2017-10-08,5219753,Santo Antonio do Descoberto,GO,2017,41
1506816000000,201740,0.0,0,0,0,0.0,0.0,0,1,521975320174019589,2023-08-20,Santo Antônio do Descoberto,0,0.0,75829,14.3,77.435719,0,0,0,,,,,0,,,,,14958,2017-10-01,5219753,Santo Antonio do Descoberto,GO,2017,40
1506211200000,201739,0.0,0,0,0,0.0,0.0,0,1,521975320173919589,2023-08-20,Santo Antônio do Descoberto,0,0.0,75829,13.775,75.37678925,0,0,0,,,,,0,,,,,14958,2017-09-24,5219753,Santo Antonio do Descoberto,GO,2017,39
1505606400000,201738,0.0,0,0,0,0.0,0.0,0,1,521975320173819589,2023-08-20,Santo Antônio do Descoberto,0,0.0,75829,13.25,73.3178595,0,0,0,,,,,0,,,,,14958,2017-09-17,5219753,Santo Antonio do Descoberto,GO,2017,38
1505001600000,201737,0.0,0,0,0,0.0,0.0,0,1,521975320173719589,2023-08-20,Santo Antônio do Descoberto,0,0.0,75829,12.725,71.25892975,0,0,0,,,,,0,,,,,14958,2017-09-10,5219753,Santo Antonio do Descoberto,GO,2017,37
1504396800000,201736,0.0,0,0,0,0.0,0.0,0,1,521975320173619589,2023-08-20,Santo Antônio do Descoberto,0,0.0,75829,12.2,69.2,0,0,0,53.9321426,38.8,15.7285714,19.6,0,,,,,14958,2017-09-03,5219753,Santo Antonio do Descoberto,GO,2017,36
1503792000000,201735,0.0,0,0,0,0.0,0.0,0,1,521975320173519589,2023-08-20,Santo Antônio do Descoberto,0,0.0,75829,13.1428571428571,64.7142857142857,0,0,0,51.4603174285714,36.4285714285714,15.5178571428571,18.7142857142857,0,,,,,14958,2017-08-27,5219753,Santo Antonio do Descoberto,GO,2017,35
1503187200000,201734,0.0,0,0,0,0.0,0.0,0,1,521975320173419589,2023-08-20,Santo Antônio do Descoberto,0,0.0,75829,15.2857142857143,72.4285714285714,0,0,0,63.3015871428571,52.8571428571429,17.1726191428571,19.1428571428571,0,,,,,14958,2017-08-20,5219753,Santo Antonio do Descoberto,GO,2017,34
1502582400000,201733,0.0,0,0,0,0.0,0.0,0,1,521975320173319589,2023-08-20,Santo Antônio do Descoberto,0,0.0,75829,13.5714285714286,64.5714285714286,0,0,0,54.4107142857143,41.5714285714286,16.0694444285714,19.2857142857143,0,,,,,14958,2017-08-13,5219753,Santo Antonio do Descoberto,GO,2017,33
1501977600000,201732,0.0,0,0,0,0.0,0.0,0,1,521975320173219589,2023-08-20,Santo Antônio do Descoberto,0,0.0,75829,14.0,72.1428571428571,0,0,0,63.6488091428571,53.0,15.6130952857143,17.7142857142857,0,,,,,14958,2017-08-06,5219753,Santo Antonio do Descoberto,GO,2017,32
1501372800000,201731,0.0,0,0,0,0.0,0.0,0,1,521975320173119589,2023-08-20,Santo Antônio do Descoberto,0,0.0,75829,10.7142857142857,78.0,0,0,0,68.2678571428571,57.8571428571429,12.4821428571429,14.8571428571429,0,,,,,14958,2017-07-30,5219753,Santo Antonio do Descoberto,GO,2017,31
1500768000000,201730,0.0,0,0,0,0.0,0.0,0,1,521975320173019589,2023-08-20,Santo Antônio do Descoberto,0,0.0,75829,11.0,74.1428571428571,0,0,0,64.8333337142857,53.2857142857143,12.9033447142857,15.8571428571429,0,,,,,14958,2017-07-23,5219753,Santo Antonio do Descoberto,GO,2017,30
1500163200000,201729,2.0,2,2,2,0.17554997,2.6375134,0,1,521975320172919589,2023-08-20,Santo Antônio do Descoberto,0,0.48488596,75829,10.1428571428571,81.4285714285714,0,0,0,71.2678571428571,61.0,12.3392857142857,14.7142857142857,2,,,,,14958,2017-07-16,5219753,Santo Antonio do Descoberto,GO,2017,29
1499558400000,201728,3.0,3,3,3,0.14914052,3.95627,0,1,521975320172819589,2023-08-20,Santo Antônio do Descoberto,0,0.5057207,75829,12.4285714285714,80.8571428571429,0,0,0,71.7099201428571,62.0,13.7638888571429,15.1428571428571,3,,,,,14958,2017-07-09,5219753,Santo Antonio do Descoberto,GO,2017,28
1498953600000,201727,6.0,6,6,6,0.058645424,7.91254,0,1,521975320172719589,2023-08-20,Santo Antônio do Descoberto,0,0.47962096,75829,11.2857142857143,77.0,0,0,1,70.051588,61.4285714285714,12.515873,14.0,6,,,,,14958,2017-07-02,5219753,Santo Antonio do Descoberto,GO,2017,27
1498348800000,201726,1.0,1,1,1,2.35e-07,1.3187567,0,1,521975320172619589,2023-08-20,Santo Antônio do Descoberto,0,0.045410935,75829,13.2857142857143,77.5714285714286,0,0,0,66.5651928571429,55.2857142857143,15.3472221428571,16.8571428571429,1,,,,,14958,2017-06-25,5219753,Santo Antonio do Descoberto,GO,2017,26
1497744000000,201725,10.0,10,10,10,0.0013158479,13.187567,0,1,521975320172519589,2023-08-20,Santo Antônio do Descoberto,0,0.35792357,75829,12.7142857142857,80.8571428571429,0,0,1,73.7301592857143,65.7142857142857,14.156746,16.1428571428571,9,,,,,14958,2017-06-18,5219753,Santo Antonio do Descoberto,GO,2017,25
1497139200000,201724,25.0,25,25,25,0.32910818,32.968918,0,4,521975320172419589,2023-08-20,Santo Antônio do Descoberto,0,0.88651174,75829,14.2857142857143,89.8571428571429,0,0,2,80.9348071428571,69.2857142857143,16.1686507142857,18.8571428571429,25,,,,,14958,2017-06-11,5219753,Santo Antonio do Descoberto,GO,2017,24
1496534400000,201723,33.0,33,33,33,0.8502149,43.51897,0,4,521975320172319589,2023-08-20,Santo Antônio do Descoberto,0,1.3117148,75829,15.1428571428571,94.0,0,0,2,88.2103171428571,81.2857142857143,16.6805557142857,18.5714285714286,32,,,,,14958,2017-06-04,5219753,Santo Antonio do Descoberto,GO,2017,23
1495929600000,201722,27.0,27,27,27,0.8573182,35.60643,0,4,521975320172219589,2023-08-20,Santo Antônio do Descoberto,0,1.365466,75829,16.8571428571429,93.1428571428571,0,0,2,86.6031742857143,79.8571428571429,18.3988094285714,20.1428571428571,26,,,,,14958,2017-05-28,5219753,Santo Antonio do Descoberto,GO,2017,22
1495324800000,201721,29.0,29,29,29,0.9759788,38.243942,0,4,521975320172119589,2023-08-20,Santo Antônio do Descoberto,0,1.8165847,75829,18.0,95.0,0,1,2,91.1206342857143,85.2857142857143,19.0083334285714,20.4285714285714,29,,,,,14958,2017-05-21,5219753,Santo Antonio do Descoberto,GO,2017,21
1494720000000,201720,19.0,19,19,19,0.70555097,25.056377,0,1,521975320172019589,2023-08-20,Santo Antônio do Descoberto,0,1.1987453,75829,17.0,97.4285714285714,0,0,2,89.9309864285714,79.7142857142857,18.9165981428571,20.8571428571429,18,,,,,14958,2017-05-14,5219753,Santo Antonio do Descoberto,GO,2017,20
1494115200000,201719,11.0,11,11,11,0.25011915,14.506324,0,1,521975320171919589,2023-08-20,Santo Antônio do Descoberto,0,0.767506,75829,16.0,89.0,0,0,1,79.252551,69.5714285714286,17.7653061428571,20.1428571428571,11,,,,,14958,2017-05-07,5219753,Santo Antonio do Descoberto,GO,2017,19
1493510400000,201718,18.0,18,18,18,0.95573044,23.73762,0,1,521975320171819589,2023-08-20,Santo Antônio do Descoberto,0,1.9323103,75829,16.8571428571429,94.8571428571429,0,1,1,84.5280614285714,75.2857142857143,18.9260202857143,20.7142857142857,18,,,,,14958,2017-04-30,5219753,Santo Antonio do Descoberto,GO,2017,18
1492905600000,201717,19.0,19,19,19,0.9935613,25.056377,0,1,521975320171719589,2023-08-20,Santo Antônio do Descoberto,0,2.782532,75829,19.2857142857143,96.5714285714286,1,1,2,91.2924264285714,82.4285714285714,20.4856175714286,22.4285714285714,19,,,,,14958,2017-04-23,5219753,Santo Antonio do Descoberto,GO,2017,17
1492300800000,201716,7.0,7,7,7,0.26826876,9.231297,0,1,521975320171619589,2023-08-20,Santo Antônio do Descoberto,0,0.74170357,75829,18.4285714285714,91.7142857142857,1,0,1,85.4999984285714,75.8571428571429,19.9875282857143,21.8571428571429,7,,,,,14958,2017-04-16,5219753,Santo Antonio do Descoberto,GO,2017,16
1491696000000,201715,1.0,1,1,1,0.0002788777,1.3187567,0,1,521975320171519589,2023-08-20,Santo Antônio do Descoberto,0,0.08468778,75829,17.8571428571429,92.4285714285714,0,0,0,80.7494321428571,65.1428571428571,20.2063492857143,23.0,1,,,,,14958,2017-04-09,5219753,Santo Antonio do Descoberto,GO,2017,15
1491091200000,201714,12.0,12,12,12,0.5654296,15.82508,0,1,521975320171419589,2023-08-20,Santo Antônio do Descoberto,0,1.0694839,75829,18.0,94.0,0,0,1,87.0733742857143,78.4285714285714,19.8468507142857,21.8571428571429,12,,,,,14958,2017-04-02,5219753,Santo Antonio do Descoberto,GO,2017,14
1490486400000,201713,14.0,14,14,14,0.87650126,18.462593,0,2,521975320171319589,2023-08-20,Santo Antônio do Descoberto,0,1.6236247,75829,18.5714285714286,97.4285714285714,1,0,1,90.9754791428571,81.1428571428571,19.875263,21.2857142857143,14,,,,,14958,2017-03-26,5219753,Santo Antonio do Descoberto,GO,2017,13
1489881600000,201712,11.0,11,11,11,0.9144625,14.506324,0,1,521975320171219589,2023-08-20,Santo Antônio do Descoberto,0,1.9591726,75829,18.2857142857143,96.5714285714286,1,0,1,89.9855434285714,80.5714285714286,19.6284012857143,21.7142857142857,11,,,,,14958,2017-03-19,5219753,Santo Antonio do Descoberto,GO,2017,12
1489276800000,201711,11.0,11,11,11,0.9713035,14.506324,0,1,521975320171119589,2023-08-20,Santo Antônio do Descoberto,0,2.749708,75829,18.2857142857143,92.7142857142857,1,1,1,82.5025514285714,69.1428571428571,21.0408164285714,23.4285714285714,10,,,,,14958,2017-03-12,5219753,Santo Antonio do Descoberto,GO,2017,11
1488672000000,201710,2.0,2,2,2,0.3250713,2.6375134,0,1,521975320171019589,2023-08-20,Santo Antônio do Descoberto,0,0.68498784,75829,20.2857142857143,90.0,0,0,0,80.1154762857143,67.0,22.0928571428571,24.1428571428571,2,,,,,14958,2017-03-05,5219753,Santo Antonio do Descoberto,GO,2017,10
1488067200000,201709,6.0,6,6,6,0.8036732,7.91254,0,1,521975320170919589,2023-08-20,Santo Antônio do Descoberto,0,1.7154862,75829,18.0,97.1428571428571,0,0,1,89.6066791428571,80.1428571428571,19.7307515714286,21.4285714285714,4,,,,,14958,2017-02-26,5219753,Santo Antonio do Descoberto,GO,2017,9
1487462400000,201708,2.0,2,2,2,0.09226738,2.6375134,0,1,521975320170819589,2023-08-20,Santo Antônio do Descoberto,0,0.3768329,75829,19.5714285714286,90.5714285714286,1,0,0,82.4666671428571,71.5714285714286,21.470238,23.4285714285714,2,,,,,14958,2017-02-19,5219753,Santo Antonio do Descoberto,GO,2017,8
1486857600000,201707,0.0,0,0,0,0.0,0.0,0,1,521975320170719589,2023-08-20,Santo Antônio do Descoberto,0,0.0,75829,19.1428571428571,94.8571428571429,0,0,0,84.2842971428571,67.0,20.8106578571429,22.5714285714286,0,,,,,14958,2017-02-12,5219753,Santo Antonio do Descoberto,GO,2017,7
1486252800000,201706,10.0,10,10,10,0.9956083,13.187567,0,1,521975320170619589,2023-08-20,Santo Antônio do Descoberto,0,5.5423474,75829,19.5714285714286,95.7142857142857,1,1,1,90.7521895714286,79.7142857142857,20.9316501428571,23.1428571428571,10,,,,,14958,2017-02-05,5219753,Santo Antonio do Descoberto,GO,2017,6
1485648000000,201705,5.0,5,5,5,0.9889537,6.5937834,0,1,521975320170519589,2023-08-20,Santo Antônio do Descoberto,0,9.440089,75829,19.5714285714286,90.7142857142857,1,0,0,83.3244995714286,74.4285714285714,21.0728368571429,22.8571428571429,5,,,,,14958,2017-01-29,5219753,Santo Antonio do Descoberto,GO,2017,5
1485043200000,201704,0.0,0,0,0,0.0,0.0,0,1,521975320170419589,2023-08-20,Santo Antônio do Descoberto,0,0.0,75829,18.7142857142857,96.0,0,0,0,85.9585037142857,73.8571428571429,20.4312927142857,23.0,0,,,,,14958,2017-01-22,5219753,Santo Antonio do Descoberto,GO,2017,4
1484438400000,201703,0.0,0,0,0,0.0,0.0,0,1,521975320170319589,2023-08-20,Santo Antônio do Descoberto,0,0.0,75829,18.7142857142857,94.8571428571429,0,0,0,85.686888,66.5714285714286,20.707794,23.4285714285714,0,,,,,14958,2017-01-15,5219753,Santo Antonio do Descoberto,GO,2017,3
1483833600000,201702,1.0,1,1,1,0.28490227,1.3187567,0,1,521975320170219589,2023-08-20,Santo Antônio do Descoberto,0,0.5520406,75829,19.8571428571429,90.7142857142857,1,0,0,83.31172,68.8571428571429,21.6940901428571,23.7142857142857,1,,,,,14958,2017-01-08,5219753,Santo Antonio do Descoberto,GO,2017,2
1483228800000,201701,0.0,0,0,0,0.0,0.0,0,1,521975320170119589,2023-08-20,Santo Antônio do Descoberto,0,0.0,75829,19.7142857142857,87.4285714285714,0,0,0,72.289117,56.2857142857143,22.7341267142857,25.7142857142857,0,,,,,14958,2017-01-01,5219753,Santo Antonio do Descoberto,GO,2017,1
1482624000000,201652,4.0,4,4,4,0.4796825,5.275027,0,1,521975320165219589,2023-08-20,Santo Antônio do Descoberto,0,0.96664435,75829,19.0,92.2857142857143,1,0,0,77.8925728571429,62.8571428571429,21.828456,24.7142857142857,0,,,,,14958,2016-12-25,5219753,Santo Antonio do Descoberto,GO,2016,52
1482019200000,201651,0.0,0,0,0,0.0,0.0,0,1,521975320165119589,2023-08-20,Santo Antônio do Descoberto,0,0.0,75829,20.1428571428571,85.2857142857143,0,0,0,74.4387757142857,61.2857142857143,22.1479591428571,24.5714285714286,0,,,,,14958,2016-12-18,5219753,Santo Antonio do Descoberto,GO,2016,51
1481414400000,201650,2.0,2,2,2,0.11533782,2.6375134,0,2,521975320165019589,2023-08-20,Santo Antônio do Descoberto,0,0.40788347,75829,19.7142857142857,95.7142857142857,1,0,0,89.082014,79.2857142857143,20.8965221428571,22.4285714285714,2,,,,,14958,2016-12-11,5219753,Santo Antonio do Descoberto,GO,2016,50
1480809600000,201649,12.0,12,12,12,0.9974919,15.82508,0,2,521975320164919589,2023-08-20,Santo Antônio do Descoberto,0,5.3175282,75829,20.0,92.2857142857143,1,1,1,85.1367972857143,72.5714285714286,21.5807042857143,23.8571428571429,12,,,,,14958,2016-12-04,5219753,Santo Antonio do Descoberto,GO,2016,49
1480204800000,201648,4.0,4,4,4,0.9508116,5.275027,0,2,521975320164819589,2023-08-20,Santo Antônio do Descoberto,0,4.668099,75829,18.7142857142857,95.7142857142857,1,0,0,87.5812262857143,75.5714285714286,21.4258894285714,24.5714285714286,4,,,,,14958,2016-11-27,5219753,Santo Antonio do Descoberto,GO,2016,48
1479600000000,201647,1.0,1,1,1,0.81437474,1.3187567,0,1,521975320164719589,2023-08-20,Santo Antônio do Descoberto,0,3.375695,75829,19.1666666666667,98.0,1,0,0,89.8182611666667,81.1666666666667,20.6537588333333,22.5,1,,,,,14958,2016-11-20,5219753,Santo Antonio do Descoberto,GO,2016,47
1478995200000,201646,1.0,1,1,1,0.95701176,1.3187567,0,1,521975320164619589,2023-08-20,Santo Antônio do Descoberto,0,15.774993,75829,19.0,98.2857142857143,1,0,0,88.4113421428571,76.4285714285714,20.5806982857143,22.7142857142857,1,,,,,14958,2016-11-13,5219753,Santo Antonio do Descoberto,GO,2016,46
1478390400000,201645,0.0,0,0,0,0.0,0.0,0,1,521975320164519589,2023-08-20,Santo Antônio do Descoberto,0,0.0,75829,19.2857142857143,94.1428571428571,0,0,0,86.5108848571429,75.7142857142857,20.9880951428571,23.1428571428571,0,,,,,14958,2016-11-06,5219753,Santo Antonio do Descoberto,GO,2016,45
1477785600000,201644,0.0,0,0,0,0.0,0.0,0,1,521975320164419589,2023-08-20,Santo Antônio do Descoberto,0,0.0,75829,19.8571428571429,93.4285714285714,0,0,0,85.7820195714286,75.5714285714286,21.1360837142857,22.4285714285714,0,,,,,14958,2016-10-30,5219753,Santo Antonio do Descoberto,GO,2016,44
1477180800000,201643,0.0,0,0,0,0.0,0.0,0,1,521975320164319589,2023-08-20,Santo Antônio do Descoberto,0,0.0,75829,19.2857142857143,87.0,0,0,0,76.2435685714286,62.8571428571429,21.2112748571429,23.7142857142857,0,,,,,14958,2016-10-23,5219753,Santo Antonio do Descoberto,GO,2016,43
1476576000000,201642,0.0,0,0,0,0.0,0.0,0,1,521975320164219589,2023-08-20,Santo Antônio do Descoberto,0,0.0,75829,20.2857142857143,80.4285714285714,0,0,0,71.1638888571429,58.2857142857143,21.9146827142857,24.2857142857143,0,,,,,14958,2016-10-16,5219753,Santo Antonio do Descoberto,GO,2016,42
1475971200000,201641,2.0,2,2,2,0.61148065,2.6375134,0,1,521975320164119589,2023-08-20,Santo Antônio do Descoberto,0,1.3082173,75829,20.1428571428571,75.2857142857143,0,0,0,67.3004545714286,55.7142857142857,21.5955212857143,23.5714285714286,2,,,,,14958,2016-10-09,5219753,Santo Antonio do Descoberto,GO,2016,41
1475366400000,201640,4.0,4,4,4,0.963801,5.275027,0,1,521975320164019589,2023-08-20,Santo Antônio do Descoberto,0,5.715059,75829,18.0,90.7142857142857,0,0,0,80.3370985714286,68.4285714285714,20.0352565714286,22.2857142857143,4,,,,,14958,2016-10-02,5219753,Santo Antonio do Descoberto,GO,2016,40
1474761600000,201639,1.0,1,1,1,0.73055375,1.3187567,0,1,521975320163919589,2023-08-20,Santo Antônio do Descoberto,0,2.2078092,75829,17.7142857142857,94.0,0,0,0,84.3971092857143,72.5714285714286,19.8089564285714,22.8571428571429,1,,,,,14958,2016-09-25,5219753,Santo Antonio do Descoberto,GO,2016,39
1474156800000,201638,0.0,0,0,0,0.0,0.0,0,1,521975320163819589,2023-08-20,Santo Antônio do Descoberto,0,0.0,75829,18.2857142857143,80.1428571428571,0,0,0,68.0518615714286,53.7142857142857,20.0165567142857,22.8571428571429,0,,,,,14958,2016-09-18,5219753,Santo Antonio do Descoberto,GO,2016,38
1473552000000,201637,1.0,1,1,1,0.9544314,1.3187567,0,1,521975320163719589,2023-08-20,Santo Antônio do Descoberto,0,14.8618145,75829,14.7142857142857,73.5714285714286,0,0,0,59.3626411428571,44.1428571428571,17.8866214285714,21.1428571428571,1,,,,,14958,2016-09-11,5219753,Santo Antonio do Descoberto,GO,2016,37
1472947200000,201636,0.0,0,0,0,0.0,0.0,0,1,521975320163619589,2023-08-20,Santo Antônio do Descoberto,0,0.0,75829,14.5714285714286,73.5714285714286,0,0,0,59.6295342857143,46.8571428571429,17.3146257142857,20.4285714285714,0,,,,,14958,2016-09-04,5219753,Santo Antonio do Descoberto,GO,2016,36
1472342400000,201635,0.0,0,0,0,0.0,0.0,0,1,521975320163519589,2023-08-20,Santo Antônio do Descoberto,0,0.0,75829,15.2857142857143,79.0,0,0,0,61.1159295714286,42.4285714285714,19.5615075714286,23.8571428571429,0,,,,,14958,2016-08-28,5219753,Santo Antonio do Descoberto,GO,2016,35
1471737600000,201634,0.0,0,0,0,0.0,0.0,0,1,521975320163419589,2023-08-20,Santo Antônio do Descoberto,0,0.0,75829,13.4285714285714,85.0,0,0,0,70.3480991428571,54.7142857142857,17.0159275714286,21.0,0,,,,,14958,2016-08-21,5219753,Santo Antonio do Descoberto,GO,2016,34
1471132800000,201633,0.0,0,0,0,0.0,0.0,0,1,521975320163319589,2023-08-20,Santo Antônio do Descoberto,0,0.0,75829,16.4285714285714,78.7142857142857,0,0,0,68.9680478571429,58.4285714285714,18.7260538571429,20.8571428571429,0,,,,,14958,2016-08-14,5219753,Santo Antonio do Descoberto,GO,2016,33
1470528000000,201632,3.0,3,3,3,0.8291463,3.95627,0,1,521975320163219589,2023-08-20,Santo Antônio do Descoberto,0,2.3801742,75829,13.4285714285714,74.1428571428571,0,0,0,61.0568771428571,47.4285714285714,16.3796294285714,20.1428571428571,2,,,,,14958,2016-08-07,5219753,Santo Antonio do Descoberto,GO,2016,32
1469923200000,201631,0.0,0,0,0,0.0,0.0,0,1,521975320163119589,2023-08-20,Santo Antônio do Descoberto,0,0.0,75829,11.8571428571429,83.8571428571429,0,0,0,67.3651914285714,49.7142857142857,15.1477325714286,18.8571428571429,0,,,,,14958,2016-07-31,5219753,Santo Antonio do Descoberto,GO,2016,31
1469318400000,201630,0.0,0,0,0,0.0,0.0,0,1,521975320163019589,2023-08-20,Santo Antônio do Descoberto,0,0.0,75829,12.4285714285714,79.1428571428571,0,0,0,65.7624717142857,53.7142857142857,15.5039682857143,18.5714285714286,0,,,,,14958,2016-07-24,5219753,Santo Antonio do Descoberto,GO,2016,30
1468713600000,201629,4.0,4,4,4,0.5044527,5.275027,0,1,521975320162919589,2023-08-20,Santo Antônio do Descoberto,0,1.0075291,75829,11.7142857142857,83.0,0,0,0,69.3151912857143,55.1428571428571,14.6000565714286,17.8571428571429,4,,,,,14958,2016-07-17,5219753,Santo Antonio do Descoberto,GO,2016,29
1468108800000,201628,2.0,2,2,2,0.08275858,2.6375134,0,1,521975320162819589,2023-08-20,Santo Antônio do Descoberto,0,0.363486,75829,10.2857142857143,89.4285714285714,0,0,0,75.4257362857143,57.1428571428571,13.4325398571429,17.4285714285714,2,,,,,14958,2016-07-10,5219753,Santo Antonio do Descoberto,GO,2016,28
1467504000000,201627,5.0,5,5,5,0.15247153,6.5937834,0,1,521975320162719589,2023-08-20,Santo Antônio do Descoberto,0,0.5780316,75829,14.1428571428571,82.7142857142857,0,0,0,71.2820285714286,56.2857142857143,16.170068,18.8571428571429,5,,,,,14958,2016-07-03,5219753,Santo Antonio do Descoberto,GO,2016,27
1466899200000,201626,3.0,3,3,3,0.010024701,3.95627,0,1,521975320162619589,2023-08-20,Santo Antônio do Descoberto,0,0.26767915,75829,12.2857142857143,88.8571428571429,0,0,0,74.8065812857143,57.2857142857143,14.41523,17.0,3,,,,,14958,2016-06-26,5219753,Santo Antonio do Descoberto,GO,2016,26
1466294400000,201625,9.0,9,9,9,0.33795503,11.86881,0,1,521975320162519589,2023-08-20,Santo Antônio do Descoberto,0,0.8317249,75829,11.8571428571429,94.0,0,0,1,80.1425732857143,66.1428571428571,14.3024375714286,17.2857142857143,9,,,,,14958,2016-06-19,5219753,Santo Antonio do Descoberto,GO,2016,25
1465689600000,201624,14.0,14,14,14,0.81312484,18.462593,0,1,521975320162419589,2023-08-20,Santo Antônio do Descoberto,0,1.4354516,75829,11.5714285714286,94.8571428571429,0,0,1,84.1095234285714,70.8571428571429,14.0441041428571,16.8571428571429,14,,,,,14958,2016-06-12,5219753,Santo Antonio do Descoberto,GO,2016,24
1465084800000,201623,12.0,12,12,12,0.55832815,15.82508,0,1,521975320162319589,2023-08-20,Santo Antônio do Descoberto,0,1.0615413,75829,14.7142857142857,96.7142857142857,0,0,1,85.0391148571429,71.2857142857143,17.3015871428571,20.2857142857143,11,,,,,14958,2016-06-05,5219753,Santo Antonio do Descoberto,GO,2016,23
1464480000000,201622,6.0,6,6,6,0.015100959,7.91254,0,1,521975320162219589,2023-08-20,Santo Antônio do Descoberto,0,0.38178167,75829,13.0,93.1428571428571,0,0,1,81.6394545714286,68.4285714285714,15.8486394285714,18.8571428571429,6,,,,,14958,2016-05-29,5219753,Santo Antonio do Descoberto,GO,2016,22
1463875200000,201621,12.0,12,12,12,0.017215164,15.82508,0,1,521975320162119589,2023-08-20,Santo Antônio do Descoberto,0,0.48984677,75829,15.4285714285714,95.7142857142857,0,0,1,82.2964865714286,67.5714285714286,18.0731294285714,20.8571428571429,12,,,,,14958,2016-05-22,5219753,Santo Antonio do Descoberto,GO,2016,21
1463270400000,201620,13.0,13,13,13,0.0003305706,17.143837,0,1,521975320162019589,2023-08-20,Santo Antônio do Descoberto,0,0.3591792,75829,17.8571428571429,94.0,0,0,1,85.986962,74.7142857142857,19.2891154285714,21.4285714285714,13,,,,,14958,2016-05-15,5219753,Santo Antonio do Descoberto,GO,2016,20
1462665600000,201619,20.0,20,20,20,0.0004346156,26.375134,0,4,521975320161919589,2023-08-20,Santo Antônio do Descoberto,0,0.42899448,75829,15.5714285714286,88.1428571428571,0,0,2,75.1598618571429,59.2857142857143,18.2619048571429,21.4285714285714,19,,,,,14958,2016-05-08,5219753,Santo Antonio do Descoberto,GO,2016,19
1462060800000,201618,42.0,42,42,42,0.12097907,55.38778,0,4,521975320161819589,2023-08-20,Santo Antônio do Descoberto,0,0.78706366,75829,15.4285714285714,94.0,0,0,2,81.981576,68.7142857142857,17.8897392857143,20.8571428571429,40,,,,,14958,2016-05-01,5219753,Santo Antonio do Descoberto,GO,2016,18
1461456000000,201617,42.0,42,42,42,0.12364634,55.38778,0,4,521975320161719589,2023-08-20,Santo Antônio do Descoberto,0,0.78906775,75829,17.0,94.0,0,0,2,85.6716438571429,68.8571428571429,18.850505,21.7142857142857,42,,,,,14958,2016-04-24,5219753,Santo Antonio do Descoberto,GO,2016,17
1460851200000,201616,65.0,65,65,65,0.9031695,85.719185,0,4,521975320161619589,2023-08-20,Santo Antônio do Descoberto,0,1.2729142,75829,16.5714285714286,88.0,0,0,2,67.2322385714286,43.1428571428571,20.5540441428571,24.8571428571429,61,,,,,14958,2016-04-17,5219753,Santo Antonio do Descoberto,GO,2016,16
1460246400000,201615,49.0,49,49,49,0.28099483,64.61908,0,4,521975320161519589,2023-08-20,Santo Antônio do Descoberto,0,0.8927729,75829,16.2857142857143,89.0,0,0,2,58.2568032857143,24.5714285714286,22.7471658571429,28.7142857142857,48,,,,,14958,2016-04-10,5219753,Santo Antonio do Descoberto,GO,2016,15
1459641600000,201614,55.0,55,55,55,0.16399278,72.53162,0,4,521975320161419589,2023-08-20,Santo Antônio do Descoberto,0,0.8371062,75829,17.1428571428571,91.5714285714286,0,0,2,80.3276642857143,66.1428571428571,19.5107708571429,22.5714285714286,55,,,,,14958,2016-04-03,5219753,Santo Antonio do Descoberto,GO,2016,14
1459036800000,201613,37.0,37,37,37,0.0004251726,48.794,0,4,521975320161319589,2023-08-20,Santo Antônio do Descoberto,0,0.5191109,75829,16.4285714285714,96.5714285714286,0,0,2,87.1434238571429,76.0,18.3407027142857,20.5714285714286,37,,,,,14958,2016-03-27,5219753,Santo Antonio do Descoberto,GO,2016,13
1458432000000,201612,83.0,83,83,83,0.46389344,109.4568,0,4,521975320161219589,2023-08-20,Santo Antônio do Descoberto,0,0.9861129,75829,17.4285714285714,96.5714285714286,0,0,2,89.8616778571429,80.2857142857143,18.929705,20.8571428571429,82,,,,,14958,2016-03-20,5219753,Santo Antonio do Descoberto,GO,2016,12
1457827200000,201611,71.0,71,71,71,0.0010829633,93.63172,0,4,521975320161119589,2023-08-20,Santo Antônio do Descoberto,0,0.6325961,75829,17.2857142857143,95.8571428571429,0,0,2,87.914682,77.1428571428571,19.1309525714286,21.5714285714286,71,,,,,14958,2016-03-13,5219753,Santo Antonio do Descoberto,GO,2016,11
1457222400000,201610,53.0,53,53,53,1.64e-08,69.894104,0,4,521975320161019589,2023-08-20,Santo Antônio do Descoberto,0,0.4219661,75829,19.7142857142857,99.1428571428571,1,0,2,90.8820865714286,80.0,20.6164965714286,22.0,53,,,,,14958,2016-03-06,5219753,Santo Antonio do Descoberto,GO,2016,10
1456617600000,201609,137.0,137,137,137,0.86373764,180.66966,0,4,521975320160919589,2023-08-20,Santo Antônio do Descoberto,0,1.1467959,75829,19.0,95.7142857142857,1,0,2,88.2529098571429,76.7142857142857,20.6726508571429,22.4285714285714,134,,,,,14958,2016-02-28,5219753,Santo Antonio do Descoberto,GO,2016,9
1456012800000,201608,143.0,143,143,143,0.9221717,188.5822,0,4,521975320160819589,2023-08-20,Santo Antônio do Descoberto,0,1.191425,75829,17.2857142857143,96.8571428571429,0,0,2,89.1411558571429,80.2857142857143,18.72449,20.8571428571429,110,,,,,14958,2016-02-21,5219753,Santo Antonio do Descoberto,GO,2016,8
1455408000000,201607,108.0,108,108,108,0.08960659,142.42572,0,4,521975320160719589,2023-08-20,Santo Antônio do Descoberto,0,0.83973813,75829,17.5714285714286,94.0,0,0,2,85.2006808571429,65.7142857142857,19.4691558571429,21.5714285714286,74,,,,,14958,2016-02-14,5219753,Santo Antonio do Descoberto,GO,2016,7
1454803200000,201606,106.0,106,106,106,0.12715746,139.78821,0,4,521975320160619589,2023-08-20,Santo Antônio do Descoberto,0,0.86025697,75829,18.5714285714286,94.8571428571429,1,0,2,70.5996,37.1428571428571,23.3761632857143,29.1428571428571,76,,,,,14958,2016-02-07,5219753,Santo Antonio do Descoberto,GO,2016,6
1454198400000,201605,151.0,151,151,151,0.99891454,199.13226,0,4,521975320160519589,2023-08-20,Santo Antônio do Descoberto,0,1.4742278,75829,16.7142857142857,96.5714285714286,0,1,2,69.3639462857143,34.7142857142857,22.9293205714286,29.0,127,,,,,14958,2016-01-31,5219753,Santo Antonio do Descoberto,GO,2016,5
1453593600000,201604,127.0,127,127,127,0.9998168,167.4821,0,4,521975320160419589,2023-08-20,Santo Antônio do Descoberto,0,1.6593331,75829,19.1428571428571,97.4285714285714,1,1,2,88.2325914285714,76.2857142857143,20.553884,22.4285714285714,106,,,,,14958,2016-01-24,5219753,Santo Antonio do Descoberto,GO,2016,4
1452988800000,201603,108.0,108,108,108,0.99992186,142.42572,0,4,521975320160319589,2023-08-20,Santo Antônio do Descoberto,0,1.814011,75829,19.4285714285714,96.5714285714286,1,1,2,91.8866034285714,83.8571428571429,20.3352258571429,21.7142857142857,86,,,,,14958,2016-01-17,5219753,Santo Antonio do Descoberto,GO,2016,3
1452384000000,201602,73.0,73,73,73,0.77663547,96.26923,0,4,521975320160219589,2023-08-20,Santo Antônio do Descoberto,0,1.1384828,75829,19.8571428571429,96.5714285714286,1,0,2,91.8952377142857,85.0,20.4555558571429,21.7142857142857,61,,,,,14958,2016-01-10,5219753,Santo Antonio do Descoberto,GO,2016,2
1451779200000,201601,48.0,48,48,48,0.008706356,63.30032,0,4,521975320160119589,2023-08-20,Santo Antônio do Descoberto,0,0.64793754,75829,19.8571428571429,95.7142857142857,1,0,2,92.1944434285714,87.0,20.3042657142857,21.2857142857143,41,,,,,14958,2016-01-03,5219753,Santo Antonio do Descoberto,GO,2016,1
1451174400000,201552,42.0,42,42,42,0.024555387,55.38778,0,4,521975320155219589,2023-08-20,Santo Antônio do Descoberto,0,0.67835516,75829,18.7142857142857,97.4285714285714,1,0,2,88.9041938571429,79.7142857142857,19.7125842857143,21.4285714285714,41,,,,,14958,2015-12-27,5219753,Santo Antonio do Descoberto,GO,2015,52
1450569600000,201551,121.0,121,121,121,1.0,159.56956,0,4,521975320155119589,2023-08-20,Santo Antônio do Descoberto,0,2.6703234,75829,18.1428571428571,93.4285714285714,1,1,2,81.7665335714286,70.7142857142857,20.3035714285714,22.7142857142857,76,,,,,14958,2015-12-20,5219753,Santo Antonio do Descoberto,GO,2015,51
1449964800000,201550,43.0,43,43,43,0.8661961,56.706535,0,4,521975320155019589,2023-08-20,Santo Antônio do Descoberto,0,1.288294,75829,18.2857142857143,93.1428571428571,1,0,2,82.9737322857143,69.8571428571429,19.9398998571429,22.1428571428571,26,,,,,14958,2015-12-13,5219753,Santo Antonio do Descoberto,GO,2015,50
1449360000000,201549,46.0,46,46,46,0.99862784,60.662807,0,4,521975320154919589,2023-08-20,Santo Antônio do Descoberto,0,2.1126611,75829,18.4285714285714,96.5714285714286,1,1,2,81.6306114285714,56.7142857142857,21.272789,25.7142857142857,43,,,,,14958,2015-12-06,5219753,Santo Antonio do Descoberto,GO,2015,49
1448755200000,201548,37.0,37,37,37,0.99987,48.794,0,4,521975320154819589,2023-08-20,Santo Antônio do Descoberto,0,3.0321007,75829,18.7142857142857,94.8571428571429,1,1,2,70.8344028571429,37.2857142857143,23.9021398571429,30.2857142857143,34,,,,,14958,2015-11-29,5219753,Santo Antonio do Descoberto,GO,2015,48
1448150400000,201547,19.0,19,19,19,0.9945154,25.056377,0,3,521975320154719589,2023-08-20,Santo Antônio do Descoberto,0,2.870484,75829,18.7142857142857,97.4285714285714,1,1,2,77.7202051428571,37.7142857142857,22.4175107142857,29.1428571428571,17,,,,,14958,2015-11-22,5219753,Santo Antonio do Descoberto,GO,2015,47
1447545600000,201546,10.0,10,10,10,0.97104543,13.187567,0,1,521975320154619589,2023-08-20,Santo Antônio do Descoberto,0,2.9150002,75829,19.1428571428571,94.8571428571429,1,1,1,79.5603714285714,46.0,22.4648577142857,28.4285714285714,9,,,,,14958,2015-11-15,5219753,Santo Antonio do Descoberto,GO,2015,46
1446940800000,201545,6.0,6,6,6,0.96775436,7.91254,0,1,521975320154519589,2023-08-20,Santo Antônio do Descoberto,0,4.1413574,75829,17.5714285714286,82.5714285714286,0,1,1,50.3418361428571,18.0,25.0438774285714,32.5714285714286,5,,,,,14958,2015-11-08,5219753,Santo Antonio do Descoberto,GO,2015,45
1446336000000,201544,3.0,3,3,3,0.9620145,3.95627,0,1,521975320154419589,2023-08-20,Santo Antônio do Descoberto,0,7.426697,75829,18.0,94.25,0,0,0,64.834939875,22.375,23.845613,31.125,3,,,,,14958,2015-11-01,5219753,Santo Antonio do Descoberto,GO,2015,44
1445731200000,201543,1.0,1,1,1,0.9629989,1.3187567,0,1,521975320154319589,2023-08-20,Santo Antônio do Descoberto,0,18.3844,75829,18.5714285714286,94.0,1,0,0,74.2970257142857,32.4285714285714,22.5373938571429,28.0,1,,,,,14958,2015-10-25,5219753,Santo Antonio do Descoberto,GO,2015,43
1445126400000,201542,0.0,0,0,0,0.0,0.0,0,1,521975320154219589,2023-08-20,Santo Antônio do Descoberto,0,0.0,75829,17.1428571428571,77.1428571428571,0,0,0,46.4860485714286,20.1428571428571,25.4464884285714,33.2857142857143,0,,,,,14958,2015-10-18,5219753,Santo Antonio do Descoberto,GO,2015,42
1444521600000,201541,0.0,0,0,0,0.0,0.0,0,1,521975320154119589,2023-08-20,Santo Antônio do Descoberto,0,0.0,75829,16.1428571428571,66.7142857142857,0,0,0,35.5308012857143,9.85714285714286,25.3737717142857,33.2857142857143,0,,,,,14958,2015-10-11,5219753,Santo Antonio do Descoberto,GO,2015,41
1443916800000,201540,0.0,0,0,0,0.0,0.0,0,1,521975320154019589,2023-08-20,Santo Antônio do Descoberto,0,0.0,75829,17.5714285714286,84.0,0,0,0,50.7846942857143,20.1428571428571,24.9978081428571,32.7142857142857,0,,,,,14958,2015-10-04,5219753,Santo Antonio do Descoberto,GO,2015,40
1443312000000,201539,0.0,0,0,0,0.0,0.0,0,1,521975320153919589,2023-08-20,Santo Antônio do Descoberto,0,0.0,75829,16.5714285714286,88.4285714285714,0,0,0,54.077763,20.4285714285714,23.6662562857143,31.0,0,,,,,14958,2015-09-27,5219753,Santo Antonio do Descoberto,GO,2015,39
1442707200000,201538,0.0,0,0,0,0.0,0.0,0,1,521975320153819589,2023-08-20,Santo Antônio do Descoberto,0,0.0,75829,14.7142857142857,73.8571428571429,0,0,0,40.6734691428571,10.1428571428571,24.3418368571429,33.1428571428571,0,,,,,14958,2015-09-20,5219753,Santo Antonio do Descoberto,GO,2015,38
1442102400000,201537,3.0,3,3,3,0.96201503,3.95627,0,1,521975320153719589,2023-08-20,Santo Antônio do Descoberto,0,7.426779,75829,16.2857142857143,84.1428571428571,0,0,0,57.0918375714286,26.2857142857143,22.607143,29.4285714285714,3,,,,,14958,2015-09-13,5219753,Santo Antonio do Descoberto,GO,2015,37
1441497600000,201536,1.0,1,1,1,0.9632679,1.3187567,0,1,521975320153619589,2023-08-20,Santo Antônio do Descoberto,0,18.521618,75829,17.0,81.4285714285714,0,0,0,55.8860647142857,24.2857142857143,23.6015798571429,30.8571428571429,1,,,,,14958,2015-09-06,5219753,Santo Antonio do Descoberto,GO,2015,36
1440892800000,201535,0.0,0,0,0,0.0,0.0,0,1,521975320153519589,2023-08-20,Santo Antônio do Descoberto,0,0.0,75829,12.7142857142857,80.5714285714286,0,0,0,43.9671204285714,13.0,22.354308,31.2857142857143,0,,,,,14958,2015-08-30,5219753,Santo Antonio do Descoberto,GO,2015,35
1440288000000,201534,0.0,0,0,0,0.0,0.0,0,1,521975320153419589,2023-08-20,Santo Antônio do Descoberto,0,0.0,75829,14.0,82.5714285714286,0,0,0,47.7384612857143,15.1428571428571,22.6258045714286,30.7142857142857,0,,,,,14958,2015-08-23,5219753,Santo Antonio do Descoberto,GO,2015,34
1439683200000,201533,0.0,0,0,0,0.0,0.0,0,1,521975320153319589,2023-08-20,Santo Antônio do Descoberto,0,0.0,75829,12.7142857142857,85.5714285714286,0,0,0,53.7023218571429,17.7142857142857,20.4750174285714,28.5714285714286,0,,,,,14958,2015-08-16,5219753,Santo Antonio do Descoberto,GO,2015,33
1439078400000,201532,0.0,0,0,0,0.0,0.0,0,1,521975320153219589,2023-08-20,Santo Antônio do Descoberto,0,0.0,75829,11.1428571428571,83.1428571428571,0,0,0,55.3128078571429,21.5714285714286,18.1850808571429,25.8571428571429,0,,,,,14958,2015-08-09,5219753,Santo Antonio do Descoberto,GO,2015,32
1438473600000,201531,0.0,0,0,0,0.0,0.0,0,1,521975320153119589,2023-08-20,Santo Antônio do Descoberto,0,0.0,75829,9.71428571428571,83.5714285714286,0,0,0,49.9438775714286,15.0,18.7755101428571,27.2857142857143,0,,,,,14958,2015-08-02,5219753,Santo Antonio do Descoberto,GO,2015,31
1437868800000,201530,0.0,0,0,0,0.0,0.0,0,1,521975320153019589,2023-08-20,Santo Antônio do Descoberto,0,0.0,75829,13.4285714285714,82.7142857142857,0,0,0,50.6590141428571,19.7142857142857,20.8265307142857,27.2857142857143,0,,,,,14958,2015-07-26,5219753,Santo Antonio do Descoberto,GO,2015,30
1437264000000,201529,0.0,0,0,0,0.0,0.0,0,1,521975320152919589,2023-08-20,Santo Antônio do Descoberto,0,0.0,75829,13.0,83.1428571428571,0,0,0,55.1442867142857,24.4285714285714,19.7262584285714,26.0,0,,,,,14958,2015-07-19,5219753,Santo Antonio do Descoberto,GO,2015,29
1436659200000,201528,0.0,0,0,0,0.0,0.0,0,1,521975320152819589,2023-08-20,Santo Antônio do Descoberto,0,0.0,75829,13.7142857142857,87.1428571428571,0,0,0,59.0944818571429,26.5714285714286,20.080688,26.0,0,,,,,14958,2015-07-12,5219753,Santo Antonio do Descoberto,GO,2015,28
1436054400000,201527,0.0,0,0,0,0.0,0.0,0,1,521975320152719589,2023-08-20,Santo Antônio do Descoberto,0,0.0,75829,14.2857142857143,89.7142857142857,0,0,0,65.7380361428571,33.5714285714286,19.7841307142857,26.0,0,,,,,14958,2015-07-05,5219753,Santo Antonio do Descoberto,GO,2015,27
1435449600000,201526,0.0,0,0,0,0.0,0.0,0,1,521975320152619589,2023-08-20,Santo Antônio do Descoberto,0,0.0,75829,12.0,85.2857142857143,0,0,0,59.876417,25.2857142857143,19.1681785714286,25.7142857142857,0,,,,,14958,2015-06-28,5219753,Santo Antonio do Descoberto,GO,2015,26
1434844800000,201525,1.0,1,1,1,0.6020257,1.3187567,0,1,521975320152519589,2023-08-20,Santo Antônio do Descoberto,0,1.3659278,75829,12.8571428571429,88.4285714285714,0,0,0,66.1838508571429,36.2857142857143,17.8029554285714,22.7142857142857,1,,,,,14958,2015-06-21,5219753,Santo Antonio do Descoberto,GO,2015,25
1434240000000,201524,1.0,1,1,1,0.18018873,1.3187567,0,1,521975320152419589,2023-08-20,Santo Antônio do Descoberto,0,0.40446216,75829,14.0,87.1428571428571,0,0,0,61.7091842857143,30.4285714285714,20.1428572857143,26.0,1,,,,,14958,2015-06-14,5219753,Santo Antonio do Descoberto,GO,2015,24
1433635200000,201523,0.0,0,0,0,0.0,0.0,0,1,521975320152319589,2023-08-20,Santo Antônio do Descoberto,0,0.0,75829,13.2857142857143,90.5714285714286,0,0,0,64.2448971428571,31.1428571428571,19.5918364285714,25.2857142857143,0,,,,,14958,2015-06-07,5219753,Santo Antonio do Descoberto,GO,2015,23
1433030400000,201522,0.0,0,0,0,0.0,0.0,0,1,521975320152219589,2023-08-20,Santo Antônio do Descoberto,0,0.0,75829,14.8571428571429,90.5714285714286,0,0,0,67.945919,36.4285714285714,19.8690475714286,25.0,0,,,,,14958,2015-05-31,5219753,Santo Antonio do Descoberto,GO,2015,22
1432425600000,201521,7.0,7,7,7,0.018914955,9.231297,0,1,521975320152119589,2023-08-20,Santo Antônio do Descoberto,0,0.416837,75829,14.1428571428571,91.4285714285714,0,0,1,67.2397967142857,32.8571428571429,19.9711471428571,26.0,7,,,,,14958,2015-05-24,5219753,Santo Antonio do Descoberto,GO,2015,21
1431820800000,201520,13.0,13,13,13,0.00453708,17.143837,0,1,521975320152019589,2023-08-20,Santo Antônio do Descoberto,0,0.43863267,75829,15.4285714285714,92.2857142857143,0,0,1,72.6418005714286,44.7142857142857,19.2973258571429,24.0,11,,,,,14958,2015-05-17,5219753,Santo Antonio do Descoberto,GO,2015,20
1431216000000,201519,4.0,4,4,4,2.23e-08,5.275027,0,1,521975320151919589,2023-08-20,Santo Antônio do Descoberto,0,0.11217257,75829,15.7142857142857,93.4285714285714,0,0,0,80.1965742857143,59.2857142857143,19.0622945714286,22.8571428571429,3,,,,,14958,2015-05-10,5219753,Santo Antonio do Descoberto,GO,2015,19
1430611200000,201518,37.0,37,37,37,0.9049833,48.794,0,4,521975320151819589,2023-08-20,Santo Antônio do Descoberto,0,1.388994,75829,17.7142857142857,96.5714285714286,0,0,2,80.4563685714286,57.8571428571429,20.5177691428571,24.5714285714286,21,,,,,14958,2015-05-03,5219753,Santo Antonio do Descoberto,GO,2015,18
1430006400000,201517,48.0,48,48,48,0.99999934,63.30032,0,4,521975320151719589,2023-08-20,Santo Antônio do Descoberto,0,3.9796152,75829,16.8571428571429,95.7142857142857,0,1,2,80.6601361428571,54.8571428571429,20.0105428571429,24.7142857142857,12,,,,,14958,2015-04-26,5219753,Santo Antonio do Descoberto,GO,2015,17
1429401600000,201516,29.0,29,29,29,0.9999996,38.243942,0,1,521975320151619589,2023-08-20,Santo Antônio do Descoberto,0,8.692809,75829,18.4285714285714,95.7142857142857,1,1,2,76.4443514285714,44.0,22.134099,27.5714285714286,4,,,,,14958,2015-04-19,5219753,Santo Antonio do Descoberto,GO,2015,16
1428796800000,201515,6.0,6,6,6,0.976025,7.91254,0,1,521975320151519589,2023-08-20,Santo Antônio do Descoberto,0,4.805199,75829,18.4285714285714,93.1428571428571,1,1,1,75.9855337142857,48.7142857142857,21.6359731428571,26.2857142857143,2,,,,,14958,2015-04-12,5219753,Santo Antonio do Descoberto,GO,2015,15
1428192000000,201514,0.0,0,0,0,0.0,0.0,0,1,521975320151419589,2023-08-20,Santo Antônio do Descoberto,0,0.0,75829,18.7142857142857,94.0,0,0,0,77.1866985714286,46.1428571428571,21.7334595714286,26.0,0,,,,,14958,2015-04-05,5219753,Santo Antonio do Descoberto,GO,2015,14
1427587200000,201513,1.0,1,1,1,0.10573945,1.3187567,0,1,521975320151319589,2023-08-20,Santo Antônio do Descoberto,0,0.3085073,75829,18.2857142857143,96.5714285714286,1,0,0,75.3332528571429,37.0,22.202622,27.8571428571429,1,,,,,14958,2015-03-29,5219753,Santo Antonio do Descoberto,GO,2015,13
1426982400000,201512,1.0,1,1,1,0.086169936,1.3187567,0,1,521975320151219589,2023-08-20,Santo Antônio do Descoberto,0,0.28275174,75829,17.7142857142857,95.7142857142857,0,0,0,80.8270671428571,48.2857142857143,21.0986725714286,25.5714285714286,1,,,,,14958,2015-03-22,5219753,Santo Antonio do Descoberto,GO,2015,12
1426377600000,201511,5.0,5,5,5,0.76291764,6.5937834,0,1,521975320151119589,2023-08-20,Santo Antônio do Descoberto,0,1.6233011,75829,17.2857142857143,98.2857142857143,0,0,0,84.3561707142857,61.0,19.6327768571429,23.8571428571429,5,,,,,14958,2015-03-15,5219753,Santo Antonio do Descoberto,GO,2015,11
1425772800000,201510,3.0,3,3,3,0.6902024,3.95627,0,1,521975320151019589,2023-08-20,Santo Antônio do Descoberto,0,1.5104499,75829,17.8571428571429,97.4285714285714,0,0,0,81.830273,42.8571428571429,20.7808065714286,25.0,3,,,,,14958,2015-03-08,5219753,Santo Antonio do Descoberto,GO,2015,10
1425168000000,201509,4.0,4,4,4,0.9379033,5.275027,0,1,521975320150919589,2023-08-20,Santo Antônio do Descoberto,0,4.0165944,75829,17.7142857142857,94.8571428571429,0,0,0,77.6841821428571,53.5714285714286,21.1905647142857,26.1428571428571,4,,,,,14958,2015-03-01,5219753,Santo Antonio do Descoberto,GO,2015,9
1424563200000,201508,2.0,2,2,2,0.8178411,2.6375134,0,1,521975320150819589,2023-08-20,Santo Antônio do Descoberto,0,2.670119,75829,18.4285714285714,91.5714285714286,1,0,0,71.7595595714286,43.1428571428571,22.0693454285714,26.8571428571429,2,,,,,14958,2015-02-22,5219753,Santo Antonio do Descoberto,GO,2015,8
1423958400000,201507,0.0,0,0,0,0.0,0.0,0,1,521975320150719589,2023-08-20,Santo Antônio do Descoberto,0,0.0,75829,18.4285714285714,90.4285714285714,0,0,0,73.3940567142857,41.8571428571429,21.562666,25.8571428571429,0,,,,,14958,2015-02-15,5219753,Santo Antonio do Descoberto,GO,2015,7
1423353600000,201506,1.0,1,1,1,0.78220326,1.3187567,0,1,521975320150619589,2023-08-20,Santo Antônio do Descoberto,0,2.8217938,75829,18.0,90.5714285714286,0,0,0,67.802691,41.1428571428571,22.5324597142857,27.4285714285714,1,,,,,14958,2015-02-08,5219753,Santo Antonio do Descoberto,GO,2015,6
1422748800000,201505,1.0,1,1,1,0.78460985,1.3187567,0,1,521975320150519589,2023-08-20,Santo Antônio do Descoberto,0,2.8575294,75829,18.0,88.5714285714286,0,0,0,70.6312791428571,46.4285714285714,21.8600745714286,26.0,1,,,,,14958,2015-02-01,5219753,Santo Antonio do Descoberto,GO,2015,5
1422144000000,201504,0.0,0,0,0,0.0,0.0,0,1,521975320150419589,2023-08-20,Santo Antônio do Descoberto,0,0.0,75829,17.7142857142857,94.8571428571429,0,0,0,72.687755,46.0,21.8853057142857,27.1428571428571,0,,,,,14958,2015-01-25,5219753,Santo Antonio do Descoberto,GO,2015,4
1421539200000,201503,0.0,0,0,0,0.0,0.0,0,1,521975320150319589,2023-08-20,Santo Antônio do Descoberto,0,0.0,75829,18.4285714285714,83.2857142857143,0,0,0,60.6201637142857,31.2857142857143,23.1567552857143,29.1428571428571,0,,,,,14958,2015-01-18,5219753,Santo Antonio do Descoberto,GO,2015,3
1420934400000,201502,1.0,1,1,1,0.8145292,1.3187567,0,1,521975320150219589,2023-08-20,Santo Antônio do Descoberto,0,3.3788157,75829,18.5714285714286,77.1428571428571,0,0,0,50.7448981428571,21.5714285714286,24.6224488571429,30.0,0,,,,,14958,2015-01-11,5219753,Santo Antonio do Descoberto,GO,2015,2
1420329600000,201501,1.0,1,1,1,0.9632679,1.3187567,0,1,521975320150119589,2023-08-20,Santo Antônio do Descoberto,0,18.521618,75829,18.5714285714286,81.2857142857143,0,0,0,58.0342871428571,27.2857142857143,24.0890255714286,30.1428571428571,1,,,,,14958,2015-01-04,5219753,Santo Antonio do Descoberto,GO,2015,1
1419724800000,201453,0.0,0,0,0,0.0,0.0,0,1,521975320145319589,2023-08-20,Santo Antônio do Descoberto,0,0.0,75829,19.5714285714286,79.2857142857143,0,0,0,56.4904285714286,28.0,25.3328994285714,31.2857142857143,0,,,,,14958,2014-12-28,5219753,Santo Antonio do Descoberto,GO,2014,53
1419120000000,201452,0.0,0,0,0,0.0,0.0,0,1,521975320145219589,2023-08-20,Santo Antônio do Descoberto,0,0.0,75829,20.2857142857143,85.2857142857143,0,0,0,67.0388671428571,38.7142857142857,24.0076002857143,28.2857142857143,0,,,,,14958,2014-12-21,5219753,Santo Antonio do Descoberto,GO,2014,52
1418515200000,201451,0.0,0,0,0,0.0,0.0,0,1,521975320145119589,2023-08-20,Santo Antônio do Descoberto,0,0.0,75829,20.2857142857143,91.5714285714286,0,0,0,76.6791265714286,48.1428571428571,23.1513462857143,27.5714285714286,0,,,,,14958,2014-12-14,5219753,Santo Antonio do Descoberto,GO,2014,51
1417910400000,201450,0.0,0,0,0,0.0,0.0,0,1,521975320145019589,2023-08-20,Santo Antônio do Descoberto,0,0.0,75829,19.7142857142857,87.4285714285714,0,0,0,75.6467557142857,51.5714285714286,21.6147557142857,25.1428571428571,0,,,,,14958,2014-12-07,5219753,Santo Antonio do Descoberto,GO,2014,50
1417305600000,201449,0.0,0,0,0,0.0,0.0,0,1,521975320144919589,2023-08-20,Santo Antônio do Descoberto,0,0.0,75829,19.5714285714286,87.2857142857143,0,0,0,70.9073905714286,44.1428571428571,22.5436531428571,27.0,0,,,,,14958,2014-11-30,5219753,Santo Antonio do Descoberto,GO,2014,49
1416700800000,201448,0.0,0,0,0,0.0,0.0,0,1,521975320144819589,2023-08-20,Santo Antônio do Descoberto,0,0.0,75829,19.7142857142857,90.7142857142857,0,0,0,73.7014085714286,38.2857142857143,22.7467577142857,27.5714285714286,0,,,,,14958,2014-11-23,5219753,Santo Antonio do Descoberto,GO,2014,48
1416096000000,201447,0.0,0,0,0,0.0,0.0,0,1,521975320144719589,2023-08-20,Santo Antônio do Descoberto,0,0.0,75829,20.0,80.1428571428571,0,0,0,62.0314897142857,35.5714285714286,23.9725545714286,29.0,0,,,,,14958,2014-11-16,5219753,Santo Antonio do Descoberto,GO,2014,47
1415491200000,201446,0.0,0,0,0,0.0,0.0,0,1,521975320144619589,2023-08-20,Santo Antônio do Descoberto,0,0.0,75829,20.4285714285714,85.1428571428571,0,0,0,69.7232632857143,41.0,23.4804765714286,27.8571428571429,0,,,,,14958,2014-11-09,5219753,Santo Antonio do Descoberto,GO,2014,46
1414886400000,201445,0.0,0,0,0,0.0,0.0,0,1,521975320144519589,2023-08-20,Santo Antônio do Descoberto,0,0.0,75829,20.4285714285714,81.5714285714286,0,0,0,59.1109688571429,26.5714285714286,24.9634501428571,30.8571428571429,0,,,,,14958,2014-11-02,5219753,Santo Antonio do Descoberto,GO,2014,45
1414281600000,201444,0.0,0,0,0,0.0,0.0,0,1,521975320144419589,2023-08-20,Santo Antônio do Descoberto,0,0.0,75829,18.7142857142857,86.7142857142857,0,0,0,69.1197214285714,40.7142857142857,22.9397954285714,28.4285714285714,0,,,,,14958,2014-10-26,5219753,Santo Antonio do Descoberto,GO,2014,44
1413676800000,201443,0.0,0,0,0,0.0,0.0,0,1,521975320144319589,2023-08-20,Santo Antônio do Descoberto,0,0.0,75829,21.0,71.1428571428571,0,0,0,51.6806957142857,24.8571428571429,25.3099822857143,30.5714285714286,0,,,,,14958,2014-10-19,5219753,Santo Antonio do Descoberto,GO,2014,43
1413072000000,201442,0.0,0,0,0,0.0,0.0,0,1,521975320144219589,2023-08-20,Santo Antônio do Descoberto,0,0.0,75829,18.8571428571429,56.1428571428571,0,0,0,29.4879067142857,8.57142857142857,27.5274,34.7142857142857,0,,,,,14958,2014-10-12,5219753,Santo Antonio do Descoberto,GO,2014,42
1412467200000,201441,0.0,0,0,0,0.0,0.0,0,1,521975320144119589,2023-08-20,Santo Antônio do Descoberto,0,0.0,75829,17.5714285714286,54.2857142857143,0,0,0,33.6224492857143,11.5714285714286,24.1836735714286,30.4285714285714,0,,,,,14958,2014-10-05,5219753,Santo Antonio do Descoberto,GO,2014,41
1411862400000,201440,0.0,0,0,0,0.0,0.0,0,1,521975320144019589,2023-08-20,Santo Antônio do Descoberto,0,0.0,75829,20.2857142857143,68.8571428571429,0,0,0,47.508461,20.8571428571429,25.6130834285714,31.8571428571429,0,,,,,14958,2014-09-28,5219753,Santo Antonio do Descoberto,GO,2014,40
1411257600000,201439,0.0,0,0,0,0.0,0.0,0,1,521975320143919589,2023-08-20,Santo Antônio do Descoberto,0,0.0,75829,21.1428571428571,69.0,0,0,0,46.7214994285714,19.7142857142857,26.0149544285714,31.7142857142857,0,,,,,14958,2014-09-21,5219753,Santo Antonio do Descoberto,GO,2014,39
1410652800000,201438,2.0,2,2,2,0.90620136,2.6375134,0,1,521975320143819589,2023-08-20,Santo Antônio do Descoberto,0,4.8448224,75829,18.2857142857143,62.1428571428571,0,0,0,33.3552531428571,10.7142857142857,26.3418368571429,32.8571428571429,2,,,,,14958,2014-09-14,5219753,Santo Antonio do Descoberto,GO,2014,38
1410048000000,201437,0.0,0,0,0,0.0,0.0,0,1,521975320143719589,2023-08-20,Santo Antônio do Descoberto,0,0.0,75829,16.2857142857143,57.0,0,0,0,35.1071425714286,12.4285714285714,23.2499997142857,29.5714285714286,0,,,,,14958,2014-09-07,5219753,Santo Antonio do Descoberto,GO,2014,37
1409443200000,201436,0.0,0,0,0,0.0,0.0,0,1,521975320143619589,2023-08-20,Santo Antônio do Descoberto,0,0.0,75829,19.4285714285714,73.0,0,0,0,47.2049047142857,20.4285714285714,24.8238971428571,30.8571428571429,0,,,,,14958,2014-08-31,5219753,Santo Antonio do Descoberto,GO,2014,36
1408838400000,201435,1.0,1,1,1,0.40969214,1.3187567,0,1,521975320143519589,2023-08-20,Santo Antônio do Descoberto,0,0.7767667,75829,16.4285714285714,60.4285714285714,0,0,0,34.8724491428571,10.1428571428571,24.3877548571429,31.5714285714286,1,,,,,14958,2014-08-24,5219753,Santo Antonio do Descoberto,GO,2014,35
1408233600000,201434,1.0,1,1,1,0.31634012,1.3187567,0,1,521975320143419589,2023-08-20,Santo Antônio do Descoberto,0,0.6022458,75829,13.8571428571429,71.2857142857143,0,0,0,41.7519352857143,14.0,21.7931032857143,28.4285714285714,1,,,,,14958,2014-08-17,5219753,Santo Antonio do Descoberto,GO,2014,34
1407628800000,201433,2.0,2,2,2,0.27645606,2.6375134,0,1,521975320143319589,2023-08-20,Santo Antônio do Descoberto,0,0.6161179,75829,13.8571428571429,71.0,0,0,0,40.5595781428571,14.4285714285714,21.5458335714286,28.2857142857143,2,,,,,14958,2014-08-10,5219753,Santo Antonio do Descoberto,GO,2014,33
1407024000000,201432,0.0,0,0,0,0.0,0.0,0,1,521975320143219589,2023-08-20,Santo Antônio do Descoberto,0,0.0,75829,14.1428571428571,68.0,0,0,0,40.7653051428571,13.2857142857143,21.5969388571429,28.2857142857143,0,,,,,14958,2014-08-03,5219753,Santo Antonio do Descoberto,GO,2014,32
1406419200000,201431,3.0,3,3,3,0.19170272,3.95627,0,1,521975320143119589,2023-08-20,Santo Antônio do Descoberto,0,0.557694,75829,14.8571428571429,80.8571428571429,0,0,0,60.4843962857143,35.7142857142857,19.6590917142857,25.1428571428571,3,,,,,14958,2014-07-27,5219753,Santo Antonio do Descoberto,GO,2014,31
1405814400000,201430,7.0,7,7,7,0.6888115,9.231297,0,1,521975320143019589,2023-08-20,Santo Antônio do Descoberto,0,1.3129771,75829,15.5714285714286,77.8571428571429,0,0,1,55.2837485714286,28.8571428571429,20.8577097142857,26.4285714285714,7,,,,,14958,2014-07-20,5219753,Santo Antonio do Descoberto,GO,2014,30
1405209600000,201429,4.0,4,4,4,0.41619566,5.275027,0,1,521975320142919589,2023-08-20,Santo Antônio do Descoberto,0,0.8713853,75829,13.5714285714286,77.8571428571429,0,0,0,50.6938775714286,19.4285714285714,20.357143,27.0,4,,,,,14958,2014-07-13,5219753,Santo Antonio do Descoberto,GO,2014,29
1404604800000,201428,7.0,7,7,7,0.869103,9.231297,0,1,521975320142819589,2023-08-20,Santo Antônio do Descoberto,0,1.9784746,75829,14.5714285714286,74.5714285714286,0,0,1,50.923469,21.8571428571429,20.8520405714286,26.1428571428571,7,,,,,14958,2014-07-06,5219753,Santo Antonio do Descoberto,GO,2014,28
1404000000000,201427,4.0,4,4,4,0.7322865,5.275027,0,1,521975320142719589,2023-08-20,Santo Antônio do Descoberto,0,1.5846411,75829,13.1428571428571,77.4285714285714,0,0,0,48.0728351428571,17.4285714285714,20.9090431428571,27.8571428571429,4,,,,,14958,2014-06-29,5219753,Santo Antonio do Descoberto,GO,2014,27
1403395200000,201426,4.0,4,4,4,0.84136856,5.275027,0,1,521975320142619589,2023-08-20,Santo Antônio do Descoberto,0,2.224296,75829,13.2857142857143,80.8571428571429,0,0,0,54.574489,24.1428571428571,19.9792517142857,26.5714285714286,4,,,,,14958,2014-06-22,5219753,Santo Antonio do Descoberto,GO,2014,26
1402790400000,201425,2.0,2,2,2,0.67228967,2.6375134,0,1,521975320142519589,2023-08-20,Santo Antônio do Descoberto,0,1.5483942,75829,15.7142857142857,81.2857142857143,0,0,0,59.2356225714286,28.2857142857143,21.2226344285714,26.5714285714286,2,,,,,14958,2014-06-15,5219753,Santo Antonio do Descoberto,GO,2014,25
1402185600000,201424,2.0,2,2,2,0.73433346,2.6375134,0,1,521975320142419589,2023-08-20,Santo Antônio do Descoberto,0,1.8900846,75829,15.7142857142857,78.2857142857143,0,0,0,57.1260028571429,28.7142857142857,21.0147077142857,26.4285714285714,2,,,,,14958,2014-06-08,5219753,Santo Antonio do Descoberto,GO,2014,24
1401580800000,201423,1.0,1,1,1,0.46684548,1.3187567,0,1,521975320142319589,2023-08-20,Santo Antônio do Descoberto,0,0.90993226,75829,16.8571428571429,81.4285714285714,0,0,0,61.0873571428571,30.0,21.9909217142857,27.7142857142857,1,,,,,14958,2014-06-01,5219753,Santo Antonio do Descoberto,GO,2014,23
1400976000000,201422,1.0,1,1,1,0.37231967,1.3187567,0,1,521975320142219589,2023-08-20,Santo Antônio do Descoberto,0,0.7015642,75829,16.1428571428571,79.0,0,0,0,58.0800491428571,28.8571428571429,21.9535537142857,28.1428571428571,1,,,,,14958,2014-05-25,5219753,Santo Antonio do Descoberto,GO,2014,22
1400371200000,201421,1.0,1,1,1,0.34112674,1.3187567,0,1,521975320142119589,2023-08-20,Santo Antônio do Descoberto,0,0.64448756,75829,18.0,81.2857142857143,0,0,0,57.814059,28.7142857142857,23.2891152857143,28.5714285714286,1,,,,,14958,2014-05-18,5219753,Santo Antonio do Descoberto,GO,2014,21
1399766400000,201420,1.0,1,1,1,0.4698169,1.3187567,0,1,521975320142019589,2023-08-20,Santo Antônio do Descoberto,0,0.9175747,75829,15.7142857142857,79.2857142857143,0,0,0,56.2071052857143,28.1428571428571,21.6887757142857,27.1428571428571,1,,,,,14958,2014-05-11,5219753,Santo Antonio do Descoberto,GO,2014,20
1399161600000,201419,3.0,3,3,3,0.8771888,3.95627,0,1,521975320141919589,2023-08-20,Santo Antônio do Descoberto,0,3.039458,75829,17.0,81.7142857142857,0,0,0,58.8106048571429,30.4285714285714,22.5957138571429,27.8571428571429,3,,,,,14958,2014-05-04,5219753,Santo Antonio do Descoberto,GO,2014,19
1398556800000,201418,0.0,0,0,0,0.0,0.0,0,1,521975320141819589,2023-08-20,Santo Antônio do Descoberto,0,0.0,75829,14.5714285714286,80.4285714285714,0,0,0,58.2117348571429,29.1428571428571,20.994898,27.0,0,,,,,14958,2014-04-27,5219753,Santo Antonio do Descoberto,GO,2014,18
1397952000000,201417,1.0,1,1,1,0.15361147,1.3187567,0,1,521975320141719589,2023-08-20,Santo Antônio do Descoberto,0,0.3700083,75829,19.4285714285714,83.0,0,0,0,70.4458207142857,42.1428571428571,23.1601132857143,27.8571428571429,1,,,,,14958,2014-04-20,5219753,Santo Antonio do Descoberto,GO,2014,17
1397347200000,201416,1.0,1,1,1,0.14613543,1.3187567,0,1,521975320141619589,2023-08-20,Santo Antônio do Descoberto,0,0.36040947,75829,20.0,85.2857142857143,0,0,0,65.1334474285714,34.5714285714286,24.4886325714286,29.0,0,,,,,14958,2014-04-13,5219753,Santo Antonio do Descoberto,GO,2014,16
1396742400000,201415,3.0,3,3,3,0.80847,3.95627,0,1,521975320141519589,2023-08-20,Santo Antônio do Descoberto,0,2.1857898,75829,20.5714285714286,88.2857142857143,0,0,0,70.485928,37.1428571428571,24.0806597142857,29.1428571428571,3,,,,,14958,2014-04-06,5219753,Santo Antonio do Descoberto,GO,2014,15
1396137600000,201414,5.0,5,5,5,0.99528855,6.5937834,0,1,521975320141419589,2023-08-20,Santo Antônio do Descoberto,0,17.08529,75829,20.1428571428571,89.2857142857143,0,0,0,74.6359222857143,46.0,23.0129837142857,28.0,5,,,,,14958,2014-03-30,5219753,Santo Antonio do Descoberto,GO,2014,14
1395532800000,201413,0.0,0,0,0,0.0,0.0,0,1,521975320141319589,2023-08-20,Santo Antônio do Descoberto,0,0.0,75829,19.8571428571429,90.8571428571429,0,0,0,77.2736085714286,45.8571428571429,22.1759181428571,26.7142857142857,0,,,,,14958,2014-03-23,5219753,Santo Antonio do Descoberto,GO,2014,13
1394928000000,201412,0.0,0,0,0,0.0,0.0,0,1,521975320141219589,2023-08-20,Santo Antônio do Descoberto,0,0.0,75829,19.5714285714286,85.2857142857143,0,0,0,67.9831368571429,38.7142857142857,23.3476074285714,29.2857142857143,0,,,,,14958,2014-03-16,5219753,Santo Antonio do Descoberto,GO,2014,12
1394323200000,201411,0.0,0,0,0,0.0,0.0,0,1,521975320141119589,2023-08-20,Santo Antônio do Descoberto,0,0.0,75829,19.8571428571429,83.8571428571429,0,0,0,63.4616961428571,34.4285714285714,24.1478344285714,28.8571428571429,0,,,,,14958,2014-03-09,5219753,Santo Antonio do Descoberto,GO,2014,11
1393718400000,201410,0.0,0,0,0,0.0,0.0,0,1,521975320141019589,2023-08-20,Santo Antônio do Descoberto,0,0.0,75829,19.8571428571429,89.7142857142857,0,0,0,74.45122,44.5714285714286,23.0490265714286,27.5714285714286,0,,,,,14958,2014-03-02,5219753,Santo Antonio do Descoberto,GO,2014,10
1393113600000,201409,5.0,5,5,5,0.938729,6.5937834,0,1,521975320140919589,2023-08-20,Santo Antônio do Descoberto,0,3.4284883,75829,19.2857142857143,83.0,0,0,0,64.8678975714286,38.8571428571429,23.6188598571429,28.4285714285714,1,,,,,14958,2014-02-23,5219753,Santo Antonio do Descoberto,GO,2014,9
1392508800000,201408,4.0,4,4,4,0.9119654,5.275027,0,1,521975320140819589,2023-08-20,Santo Antônio do Descoberto,0,3.219566,75829,19.1428571428571,92.4285714285714,1,0,0,76.7170394285714,51.0,22.0341674285714,26.4285714285714,1,,,,,14958,2014-02-16,5219753,Santo Antonio do Descoberto,GO,2014,8
1391904000000,201407,0.0,0,0,0,0.0,0.0,0,1,521975320140719589,2023-08-20,Santo Antônio do Descoberto,0,0.0,75829,18.1428571428571,89.4285714285714,0,0,0,64.5335765714286,38.1428571428571,23.330237,28.4285714285714,0,,,,,14958,2014-02-09,5219753,Santo Antonio do Descoberto,GO,2014,7
1391299200000,201406,0.0,0,0,0,0.0,0.0,0,1,521975320140619589,2023-08-20,Santo Antônio do Descoberto,0,0.0,75829,18.4285714285714,77.8571428571429,0,0,0,50.6020405714286,21.7142857142857,24.4540815714286,30.1428571428571,0,,,,,14958,2014-02-02,5219753,Santo Antonio do Descoberto,GO,2014,6
1390694400000,201405,4.0,4,4,4,0.9275256,5.275027,0,1,521975320140519589,2023-08-20,Santo Antônio do Descoberto,0,3.6401772,75829,18.5714285714286,79.5714285714286,0,0,0,59.0306118571429,32.8571428571429,23.2653058571429,28.5714285714286,0,,,,,14958,2014-01-26,5219753,Santo Antonio do Descoberto,GO,2014,5
1390089600000,201404,1.0,1,1,1,0.6177504,1.3187567,0,1,521975320140419589,2023-08-20,Santo Antônio do Descoberto,0,1.4390478,75829,18.1428571428571,93.1428571428571,1,0,0,74.4857485714286,36.5714285714286,21.7493897142857,27.1428571428571,1,,,,,14958,2014-01-19,5219753,Santo Antonio do Descoberto,GO,2014,4
1389484800000,201403,1.0,1,1,1,0.8145292,1.3187567,0,1,521975320140319589,2023-08-20,Santo Antônio do Descoberto,0,3.3788157,75829,19.0,84.8571428571429,0,0,0,61.93049,32.1428571428571,23.8968517142857,29.8571428571429,0,,,,,14958,2014-01-12,5219753,Santo Antonio do Descoberto,GO,2014,3
1388880000000,201402,1.0,1,1,1,0.9632679,1.3187567,0,1,521975320140219589,2023-08-20,Santo Antônio do Descoberto,0,18.521618,75829,18.2857142857143,83.8571428571429,0,0,0,55.7462791428571,25.7142857142857,24.1043958571429,29.7142857142857,1,,,,,14958,2014-01-05,5219753,Santo Antonio do Descoberto,GO,2014,2
1388275200000,201401,0.0,0,0,0,0.0,0.0,0,1,521975320140119589,2023-08-20,Santo Antônio do Descoberto,0,0.0,75829,18.5714285714286,89.8571428571429,0,0,0,65.0826708571429,34.4285714285714,24.1233797142857,29.8571428571429,0,,,,,14958,2013-12-29,5219753,Santo Antonio do Descoberto,GO,2014,1
