data_iniSE,se_codigo,casos_est,casos_est_min,casos_est_max,casos,p_rt1,p_inc100k,Localidade_id,nivel,id,versao_modelo,municipio_nome,tweet,Rt,pop,tempmin,umidmax,receptivo,transmissao,nivel_inc,umidmed,umidmin,tempmed,tempmax,casprov,casprov_est,casprov_est_min,casprov_est_max,casconf,notif_accum_year,data_ini_se,cod_ibge,municipio,uf,ano,semana
1786233600000,202632,0.0,0,0,0,0.0,0.0,0,1,522000920263220683,2026-08-18,São João d'Aliança,,0.0,11275,0.0,0.0,0,0,0,0.0,0.0,0.0,0.0,0,,,,,2726,2026-08-09,5220009,Sao Joao d'Alianca,GO,2026,32
1785628800000,202631,0.0,0,0,0,0.0,0.0,0,1,522000920263120683,2026-08-18,São João d'Aliança,,0.0,11275,17.7106666666667,39.9327,0,0,0,36.2438833333333,33.0458833333333,18.8937333333333,20.1324833333333,0,,,,,2726,2026-08-02,5220009,Sao Joao d'Alianca,GO,2026,31
1785024000000,202630,0.0,0,0,0,0.0,0.0,0,1,522000920263020683,2026-08-18,São João d'Aliança,,0.0,11275,24.0686,39.9369428571429,0,0,0,39.9369428571429,39.9369428571429,24.0686,24.0686,0,,,,,2726,2026-07-26,5220009,Sao Joao d'Alianca,GO,2026,30
1784419200000,202629,0.0,0,0,0,0.0,0.0,0,1,522000920262920683,2026-08-18,São João d'Aliança,,0.0,11275,21.4766714285714,48.2200142857143,0,0,0,48.2200142857143,48.2200142857143,21.4766714285714,21.4766714285714,0,,,,,2726,2026-07-19,5220009,Sao Joao d'Alianca,GO,2026,29
1783814400000,202628,3.0,3,3,3,0.5490929,26.607538,0,1,522000920262820683,2026-08-18,São João d'Aliança,,1.1006025,11275,22.6494,51.3794,0,0,0,51.3794,51.3794,22.6494,22.6494,0,,,,,2726,2026-07-12,5220009,Sao Joao d'Alianca,GO,2026,28
1783209600000,202627,5.0,5,5,5,0.88823587,44.345898,0,1,522000920262720683,2026-08-18,São João d'Aliança,,2.4707425,11275,21.7758,53.0327142857143,0,0,0,53.0327142857143,53.0327142857143,21.7758,21.7758,4,,,,,2726,2026-07-05,5220009,Sao Joao d'Alianca,GO,2026,27
1782604800000,202626,2.0,2,2,2,0.4689728,17.73836,0,1,522000920262620683,2026-08-18,São João d'Aliança,,0.93320453,11275,20.5902857142857,59.3797142857143,0,0,0,59.3797142857143,59.3797142857143,20.5902857142857,20.5902857142857,1,,,,,2726,2026-06-28,5220009,Sao Joao d'Alianca,GO,2026,26
1782000000000,202625,2.0,2,2,2,0.32014984,17.73836,0,1,522000920262520683,2026-08-18,São João d'Aliança,,0.6777685,11275,22.1633142857143,59.5408571428571,0,0,0,59.5408571428571,59.5408571428571,22.1633142857143,22.1633142857143,0,,,,,2726,2026-06-21,5220009,Sao Joao d'Alianca,GO,2026,25
1781395200000,202624,1.0,1,1,1,0.08535553,8.86918,0,1,522000920262420683,2026-08-18,São João d'Aliança,,0.28166065,11275,22.5696,68.096,0,0,0,68.096,68.096,22.5696,22.5696,0,,,,,2726,2026-06-14,5220009,Sao Joao d'Alianca,GO,2026,24
1780790400000,202623,4.0,4,4,4,0.5608576,35.47672,0,1,522000920262320683,2026-08-18,São João d'Aliança,,1.1109165,11275,20.1515428571429,67.6502285714286,0,0,0,64.0657714285714,58.5502857142857,21.1848142857143,22.6919428571429,0,,,,,2726,2026-06-07,5220009,Sao Joao d'Alianca,GO,2026,23
1780185600000,202622,3.0,3,3,3,0.47844663,26.607538,0,1,522000920262220683,2026-08-18,São João d'Aliança,,0.96003515,11275,18.0606285714286,73.6577428571428,0,0,0,57.7051142857143,38.5952142857143,22.0985571428571,26.7797285714286,2,,,,,2726,2026-05-31,5220009,Sao Joao d'Alianca,GO,2026,22
1779580800000,202621,5.0,5,5,5,0.7628244,44.345898,0,1,522000920262120683,2026-08-18,São João d'Aliança,,1.622929,11275,19.2158285714286,79.1634571428571,0,0,0,63.3313857142857,43.7868857142857,22.8562,27.2728,2,,,,,2726,2026-05-24,5220009,Sao Joao d'Alianca,GO,2026,21
1778976000000,202620,2.0,2,2,2,0.28796786,17.73836,0,1,522000920262020683,2026-08-18,São João d'Aliança,,0.6319701,11275,20.4183571428571,72.5008142857143,0,0,0,56.7434714285714,38.5155142857143,24.2960571428571,28.7594142857143,1,,,,,2726,2026-05-17,5220009,Sao Joao d'Alianca,GO,2026,20
1778371200000,202619,3.0,3,3,3,0.60178983,26.607538,0,1,522000920261920683,2026-08-18,São João d'Aliança,,1.2277329,11275,20.2982714285714,70.9836571428571,0,0,0,57.3037428571429,38.2598285714286,24.2735,29.0829571428571,0,,,,,2726,2026-05-10,5220009,Sao Joao d'Alianca,GO,2026,19
1777766400000,202618,4.0,4,4,4,0.87681925,35.47672,0,1,522000920261820683,2026-08-18,São João d'Aliança,,2.6079004,11275,22.9083428571429,64.9933428571428,0,0,0,64.9933428571428,64.9933428571428,22.9083428571429,22.9083428571429,0,,,,,2726,2026-05-03,5220009,Sao Joao d'Alianca,GO,2026,18
1777161600000,202617,3.0,3,3,3,0.7950687,26.607538,0,1,522000920261720683,2026-08-18,São João d'Aliança,,2.0776591,11275,23.3255285714286,69.7739571428571,0,0,0,69.7739571428571,69.7739571428571,23.3255285714286,23.3255285714286,0,,,,,2726,2026-04-26,5220009,Sao Joao d'Alianca,GO,2026,17
1776556800000,202616,0.0,0,0,0,0.0,0.0,0,1,522000920261620683,2026-08-18,São João d'Aliança,,0.0,11275,20.0570428571429,78.7740428571429,0,0,0,63.2656571428571,44.3234857142857,24.0823428571429,28.5641714285714,0,,,,,2726,2026-04-19,5220009,Sao Joao d'Alianca,GO,2026,16
1775952000000,202615,2.0,2,2,2,0.84548557,17.73836,0,1,522000920261520683,2026-08-18,São João d'Aliança,,3.0963857,11275,20.3630857142857,86.9700857142857,0,0,0,74.5114857142857,57.8111,23.4676857142857,27.2352571428571,2,,,,,2726,2026-04-12,5220009,Sao Joao d'Alianca,GO,2026,15
1775347200000,202614,2.0,2,2,2,0.921898,17.73836,0,1,522000920261420683,2026-08-18,São João d'Aliança,,5.7150583,11275,20.7466,87.4030428571429,1,0,0,74.6776142857143,57.5277857142857,24.1842857142857,28.1551285714286,2,,,,,2726,2026-04-05,5220009,Sao Joao d'Alianca,GO,2026,14
1774742400000,202613,0.0,0,0,0,0.0,0.0,0,1,522000920261320683,2026-08-18,São João d'Aliança,,0.0,11275,19.6501857142857,89.7054,0,0,0,75.2400428571429,57.8889714285714,23.1947428571429,27.2740571428571,0,,,,,2726,2026-03-29,5220009,Sao Joao d'Alianca,GO,2026,13
1774137600000,202612,0.0,0,0,0,0.0,0.0,0,1,522000920261220683,2026-08-18,São João d'Aliança,,0.0,11275,19.5453571428571,93.9471142857143,0,0,0,81.2892857142857,65.5564857142857,22.6741428571429,26.3672857142857,0,,,,,2726,2026-03-22,5220009,Sao Joao d'Alianca,GO,2026,12
1773532800000,202611,1.0,1,1,1,0.9544295,8.86918,0,1,522000920261120683,2026-08-18,São João d'Aliança,,14.861163,11275,20.4006857142857,94.3058428571429,1,0,0,80.5496857142857,60.4389857142857,23.7929428571429,27.9912,1,,,,,2726,2026-03-15,5220009,Sao Joao d'Alianca,GO,2026,11
1772928000000,202610,0.0,0,0,0,0.0,0.0,0,1,522000920261020683,2026-08-18,São João d'Aliança,,0.0,11275,20.7216428571429,92.0516571428571,0,0,0,77.7433714285714,60.0143714285714,24.2868428571429,28.2533714285714,0,,,,,2726,2026-03-08,5220009,Sao Joao d'Alianca,GO,2026,10
1772323200000,202609,0.0,0,0,0,0.0,0.0,0,1,522000920260920683,2026-08-18,São João d'Aliança,,0.0,11275,20.3370285714286,94.6646285714286,0,0,0,82.1811571428571,64.2208142857143,23.2311142857143,27.0691857142857,0,,,,,2726,2026-03-01,5220009,Sao Joao d'Alianca,GO,2026,9
1771718400000,202608,0.0,0,0,0,0.0,0.0,0,1,522000920260820683,2026-08-18,São João d'Aliança,,0.0,11275,20.1411,94.2411142857143,0,0,0,84.8934285714286,72.3320285714286,22.1916,24.9305,0,,,,,2726,2026-02-22,5220009,Sao Joao d'Alianca,GO,2026,8
1771113600000,202607,0.0,0,0,0,0.0,0.0,0,1,522000920260720683,2026-08-18,São João d'Aliança,,0.0,11275,20.6523,86.3771,0,0,0,73.7409857142857,58.3195428571429,23.8857285714286,27.6508571428571,0,,,,,2726,2026-02-15,5220009,Sao Joao d'Alianca,GO,2026,7
1770508800000,202606,3.0,3,3,3,0.86263126,26.607538,0,1,522000920260620683,2026-08-18,São João d'Aliança,,2.7977996,11275,19.7773571428571,92.6577428571429,1,0,0,78.8525142857143,62.5535714285714,23.1618714285714,26.9374714285714,3,,,,,2726,2026-02-08,5220009,Sao Joao d'Alianca,GO,2026,6
1769904000000,202605,0.0,0,0,0,0.0,0.0,0,1,522000920260520683,2026-08-18,São João d'Aliança,,0.0,11275,20.3883857142857,94.6837285714286,0,0,0,81.5035285714286,64.8563285714286,23.3502714285714,26.5271428571429,0,,,,,2726,2026-02-01,5220009,Sao Joao d'Alianca,GO,2026,5
1769299200000,202604,2.0,2,2,2,0.7103111,17.73836,0,1,522000920260420683,2026-08-18,São João d'Aliança,,1.742405,11275,20.0423285714286,90.6026714285714,1,0,0,75.8835285714286,55.5431571428571,23.8415571428571,28.5083571428571,2,,,,,2726,2026-01-25,5220009,Sao Joao d'Alianca,GO,2026,4
1768694400000,202603,0.0,0,0,0,0.0,0.0,0,1,522000920260320683,2026-08-18,São João d'Aliança,,0.0,11275,19.9733285714286,95.0254,0,0,0,85.0641714285714,72.2275,22.237,24.9816714285714,0,,,,,2726,2026-01-18,5220009,Sao Joao d'Alianca,GO,2026,3
1768089600000,202602,2.0,2,2,2,0.9207706,17.73836,0,1,522000920260220683,2026-08-18,São João d'Aliança,,5.641457,11275,20.7174142857143,80.2615571428571,0,0,0,65.4765,47.1655,24.6967142857143,28.9163285714286,2,,,,,2726,2026-01-11,5220009,Sao Joao d'Alianca,GO,2026,2
1767484800000,202601,1.0,1,1,1,0.92503905,8.86918,0,1,522000920260120683,2026-08-18,São João d'Aliança,,8.895701,11275,19.8300285714286,92.4949428571429,1,0,0,80.0515285714286,64.3613285714286,22.6903285714286,25.8659571428571,1,,,,,2726,2026-01-04,5220009,Sao Joao d'Alianca,GO,2026,1
1766880000000,202553,0.0,0,0,0,0.0,0.0,0,1,522000920255320683,2026-08-18,São João d'Aliança,,0.0,11275,21.4255857142857,85.9817857142857,0,0,0,69.7176428571429,51.2083142857143,25.7431571428571,30.0974857142857,0,,,,,2726,2025-12-28,5220009,Sao Joao d'Alianca,GO,2025,53
1766275200000,202552,0.0,0,0,0,0.0,0.0,0,1,522000920255220683,2026-08-18,São João d'Aliança,,0.0,11275,19.8723142857143,88.3010571428571,0,0,0,69.4525571428571,49.1708142857143,24.2431571428571,28.9503571428571,0,,,,,2726,2025-12-21,5220009,Sao Joao d'Alianca,GO,2025,52
1765670400000,202551,0.0,0,0,0,0.0,0.0,0,1,522000920255120683,2026-08-18,São João d'Aliança,,0.0,11275,20.6517285714286,96.1850714285714,0,0,0,83.1486571428571,65.4356285714286,23.3220142857143,26.7251857142857,0,,,,,2726,2025-12-14,5220009,Sao Joao d'Alianca,GO,2025,51
1765065600000,202550,1.0,1,1,1,0.509666,8.86918,0,1,522000920255020683,2026-08-18,São João d'Aliança,,1.0284089,11275,20.4447142857143,92.9363571428571,1,0,0,80.0516857142857,62.7766285714286,23.3299428571429,27.0932428571429,1,,,,,2726,2025-12-07,5220009,Sao Joao d'Alianca,GO,2025,50
1764460800000,202549,1.0,1,1,1,0.050464727,8.86918,0,1,522000920254920683,2026-08-18,São João d'Aliança,,0.23209499,11275,20.4658,94.5872714285714,1,0,0,82.5165857142857,67.6315571428571,23.2472714285714,26.3559142857143,1,,,,,2726,2025-11-30,5220009,Sao Joao d'Alianca,GO,2025,49
1763856000000,202548,0.0,0,0,0,0.0,0.0,0,1,522000920254820683,2026-08-18,São João d'Aliança,,0.0,11275,19.8157142857143,96.7321,0,0,0,82.1998285714286,64.7351428571429,23.0309714285714,26.8105428571429,0,,,,,2726,2025-11-23,5220009,Sao Joao d'Alianca,GO,2025,48
1763251200000,202547,0.0,0,0,0,0.0,0.0,0,1,522000920254720683,2026-08-18,São João d'Aliança,,0.0,11275,21.3864571428571,81.6775714285714,0,0,0,63.1611428571429,43.3963428571429,25.4819714285714,30.3898857142857,0,,,,,2726,2025-11-16,5220009,Sao Joao d'Alianca,GO,2025,47
1762646400000,202546,10.0,10,10,10,1.885e-07,88.691795,0,1,522000920254620683,2026-08-18,São João d'Aliança,,0.21612933,11275,21.5998142857143,78.9956285714286,0,0,1,64.9955857142857,47.6204285714286,25.1304428571429,29.1881857142857,2,,,,,2726,2025-11-09,5220009,Sao Joao d'Alianca,GO,2025,46
1762041600000,202545,29.0,29,29,29,0.029927235,257.2062,0,4,522000920254520683,2026-08-18,São João d'Aliança,,0.6439303,11275,21.2569,89.7980571428571,1,0,2,72.2668571428571,52.1487285714286,25.0067571428571,29.5300857142857,8,,,,,2726,2025-11-02,5220009,Sao Joao d'Alianca,GO,2025,45
1761436800000,202544,59.0,59,59,59,0.99942005,523.2816,0,4,522000920254420683,2026-08-18,São João d'Aliança,,2.035642,11275,22.4422714285714,63.8741571428571,0,1,2,48.7089428571429,30.6021857142857,26.8343142857143,32.0356,15,,,,,2726,2025-10-26,5220009,Sao Joao d'Alianca,GO,2025,44
1760832000000,202543,57.0,57,57,57,0.99999994,505.54324,0,4,522000920254320683,2026-08-18,São João d'Aliança,,4.200167,11275,18.8588857142857,80.5317857142857,0,1,2,64.8390571428571,48.2344142857143,22.4960857142857,26.7725285714286,27,,,,,2726,2025-10-19,5220009,Sao Joao d'Alianca,GO,2025,43
1760227200000,202542,25.0,25,25,25,0.99967873,221.72949,0,1,522000920254220683,2026-08-18,São João d'Aliança,,3.7472756,11275,21.8879142857143,71.9944571428571,0,1,2,51.9034857142857,32.7479285714286,26.7091857142857,31.9170428571429,15,,,,,2726,2025-10-12,5220009,Sao Joao d'Alianca,GO,2025,42
1759622400000,202541,7.0,7,7,7,0.62204015,62.08426,0,1,522000920254120683,2026-08-18,São João d'Aliança,,1.1826035,11275,22.1870428571429,47.0329714285714,0,0,1,34.0933,21.4973857142857,27.5797714285714,33.2220428571429,2,,,,,2726,2025-10-05,5220009,Sao Joao d'Alianca,GO,2025,41
1759017600000,202540,6.0,6,6,6,0.21881388,53.215076,0,1,522000920254020683,2026-08-18,São João d'Aliança,,0.6739401,11275,20.1443857142857,45.2509,0,0,1,31.5593285714286,17.2844142857143,25.9859714285714,32.3158857142857,1,,,,,2726,2025-09-28,5220009,Sao Joao d'Alianca,GO,2025,40
1758412800000,202539,3.0,3,3,3,0.0056380094,26.607538,0,1,522000920253920683,2026-08-18,São João d'Aliança,,0.24496141,11275,21.0946571428571,67.2405714285714,0,0,0,51.5422428571429,34.9366714285714,25.5813285714286,30.6185571428571,0,,,,,2726,2025-09-21,5220009,Sao Joao d'Alianca,GO,2025,39
1757808000000,202538,8.0,8,8,8,0.08298452,70.95344,0,1,522000920253820683,2026-08-18,São João d'Aliança,,0.5561688,11275,22.8876714285714,45.7446285714286,0,0,1,34.4657857142857,23.8553142857143,27.2306428571429,32.0218142857143,0,,,,,2726,2025-09-14,5220009,Sao Joao d'Alianca,GO,2025,38
1757203200000,202537,17.0,17,17,17,0.6338688,150.77605,0,1,522000920253720683,2026-08-18,São João d'Aliança,,1.1267443,11275,21.372,38.0141857142857,0,0,1,28.2335571428571,18.3669428571429,27.0240857142857,33.1286142857143,0,,,,,2726,2025-09-07,5220009,Sao Joao d'Alianca,GO,2025,37
1756598400000,202536,8.0,8,8,8,0.22604406,70.95344,0,1,522000920253620683,2026-08-18,São João d'Aliança,,0.71320987,11275,19.4692,53.6544571428571,0,0,1,39.9497714285714,26.7663714285714,24.3312571428571,29.5189428571429,0,,,,,2726,2025-08-31,5220009,Sao Joao d'Alianca,GO,2025,36
1755993600000,202535,26.0,26,26,26,0.99948,230.59866,0,1,522000920253520683,2026-08-18,São João d'Aliança,,3.3658633,11275,19.6591857142857,48.5056428571429,0,1,2,36.1182857142857,23.2254857142857,24.841,30.5501714285714,0,,,,,2726,2025-08-24,5220009,Sao Joao d'Alianca,GO,2025,35
1755388800000,202534,6.0,6,6,6,0.38721645,53.215076,0,1,522000920253420683,2026-08-18,São João d'Aliança,,0.85715383,11275,17.9434571428571,45.5595,0,0,1,33.6741285714286,21.0296857142857,23.4103285714286,29.4708571428571,1,,,,,2726,2025-08-17,5220009,Sao Joao d'Alianca,GO,2025,34
1754784000000,202533,7.0,7,7,7,0.38963765,62.08426,0,1,522000920253320683,2026-08-18,São João d'Aliança,,0.8687903,11275,18.2847142857143,49.7311571428571,0,0,1,36.9111571428571,23.2492428571429,23.9100857142857,30.0213571428571,1,,,,,2726,2025-08-10,5220009,Sao Joao d'Alianca,GO,2025,33
1754179200000,202532,7.0,7,7,7,0.291487,62.08426,0,1,522000920253220683,2026-08-18,São João d'Aliança,,0.7653519,11275,18.7747571428571,53.3976,0,0,1,41.1290571428571,27.5857857142857,23.3754857142857,28.5892857142857,0,,,,,2726,2025-08-03,5220009,Sao Joao d'Alianca,GO,2025,32
1753574400000,202531,6.0,6,6,6,0.30751136,53.215076,0,1,522000920253120676,2026-08-11,São João d'Aliança,,0.76823825,11275,17.9817285714286,57.9893571428571,0,0,1,42.2282714285714,27.0643857142857,23.3010428571429,29.0026142857143,0,,,,,2726,2025-07-27,5220009,Sao Joao d'Alianca,GO,2025,31
1752969600000,202530,13.0,13,13,13,0.94903964,115.29933,0,1,522000920253020671,2026-08-06,São João d'Aliança,,2.1328785,11275,18.2843571428571,54.3401857142857,0,0,1,42.1143,27.4001714285714,22.7324142857143,28.4140428571429,0,,,,,2726,2025-07-20,5220009,Sao Joao d'Alianca,GO,2025,30
1752364800000,202529,8.0,8,8,8,0.6360924,70.95344,0,1,522000920252920662,2026-07-28,São João d'Aliança,,1.1933352,11275,16.1543571428571,59.0989428571429,0,0,1,45.6884571428571,29.7111571428571,20.6331571428571,25.9279142857143,3,,,,,2726,2025-07-13,5220009,Sao Joao d'Alianca,GO,2025,29
1751760000000,202528,3.0,3,3,3,0.0724924,26.607538,0,1,522000920252820654,2026-07-20,São João d'Aliança,,0.4033891,11275,16.1425428571429,62.4626857142857,0,0,0,48.4330285714286,32.0822142857143,20.5109714285714,25.7192285714286,0,,,,,2726,2025-07-06,5220009,Sao Joao d'Alianca,GO,2025,28
1751155200000,202527,7.0,7,7,7,0.60283977,62.08426,0,1,522000920252720647,2026-07-13,São João d'Aliança,,1.1499835,11275,16.6013,64.0021571428571,0,0,1,50.3997714285714,34.5345285714286,21.1910571428571,26.389,0,,,,,2726,2025-06-29,5220009,Sao Joao d'Alianca,GO,2025,27
1750550400000,202526,10.0,10,10,10,0.91243047,88.691795,0,1,522000920252620642,2026-07-08,São João d'Aliança,,2.017128,11275,17.7362428571429,69.6317714285714,0,0,1,53.7201857142857,35.2219285714286,22.3021714285714,27.7592,1,,,,,2726,2025-06-22,5220009,Sao Joao d'Alianca,GO,2025,26
1749945600000,202525,6.0,6,6,6,0.4379931,53.215076,0,1,522000920252520636,2026-07-02,São João d'Aliança,,0.91824114,11275,16.6499428571429,68.4893,0,0,1,55.6950428571429,38.3814,20.6919142857143,25.7384428571429,2,,,,,2726,2025-06-15,5220009,Sao Joao d'Alianca,GO,2025,25
1749340800000,202524,2.0,2,2,2,0.0030576582,17.73836,0,1,522000920252420627,2026-06-23,São João d'Aliança,,0.18082374,11275,17.8188428571429,71.3651857142857,0,0,0,54.9998571428571,37.4170714285714,22.4841142857143,27.4594857142857,0,,,,,2726,2025-06-08,5220009,Sao Joao d'Alianca,GO,2025,24
1748736000000,202523,7.0,7,7,7,0.011946753,62.08426,0,1,522000920252320621,2026-06-17,São João d'Aliança,,0.39157328,11275,19.0044285714286,74.6508142857143,0,0,1,60.3502285714286,41.4127285714286,22.9120857142857,27.5922285714286,0,,,,,2726,2025-06-01,5220009,Sao Joao d'Alianca,GO,2025,23
1748131200000,202522,7.0,7,7,7,0.0005442418,62.08426,0,1,522000920252220619,2026-06-15,São João d'Aliança,,0.28499734,11275,18.0293285714286,73.4132857142857,0,0,1,58.0905857142857,39.6243714285714,22.4225571428571,27.4418285714286,1,,,,,2726,2025-05-25,5220009,Sao Joao d'Alianca,GO,2025,22
1747526400000,202521,21.0,21,21,21,0.06889189,186.25278,0,1,522000920252120608,2026-06-04,São João d'Aliança,,0.66361344,11275,17.4956571428571,77.1148428571429,0,0,1,61.7036,43.0236857142857,21.8613428571429,26.7345142857143,6,,,,,2726,2025-05-18,5220009,Sao Joao d'Alianca,GO,2025,21
1746921600000,202520,23.0,23,23,23,0.026304219,203.99113,0,1,522000920252020599,2026-05-26,São João d'Aliança,,0.6060836,11275,18.7189857142857,78.4274285714286,0,0,1,64.7952,47.9185857142857,22.3095142857143,26.2641714285714,6,,,,,2726,2025-05-11,5220009,Sao Joao d'Alianca,GO,2025,20
1746316800000,202519,31.0,31,31,31,0.2274829,274.94458,0,4,522000920251920592,2026-05-19,São João d'Aliança,,0.8350167,11275,19.4357,77.8479428571429,0,0,2,65.2279428571428,48.0498285714286,23.2202571428571,27.5823142857143,12,,,,,2726,2025-05-04,5220009,Sao Joao d'Alianca,GO,2025,19
1745712000000,202518,41.0,41,41,41,0.9708414,363.63635,0,4,522000920251820587,2026-05-14,São João d'Aliança,,1.595104,11275,20.3416714285714,93.3566142857143,1,1,2,79.6509285714286,62.7127428571429,23.425,26.9167285714286,5,,,,,2726,2025-04-27,5220009,Sao Joao d'Alianca,GO,2025,18
1745107200000,202517,47.0,47,47,47,0.99999857,416.85144,0,4,522000920251720578,2026-05-05,São João d'Aliança,,3.8009944,11275,20.967,87.4737428571429,1,1,2,74.3176857142857,57.3341142857143,24.3711,28.1216857142857,8,,,,,2726,2025-04-20,5220009,Sao Joao d'Alianca,GO,2025,17
1744502400000,202516,27.0,27,27,27,0.9999756,239.46785,0,1,522000920251620571,2026-04-28,São João d'Aliança,,5.1080313,11275,20.6481,95.9514428571429,1,1,2,84.0756571428571,68.9150857142857,23.2068428571429,26.5861857142857,2,,,,,2726,2025-04-13,5220009,Sao Joao d'Alianca,GO,2025,16
1743897600000,202515,4.0,4,4,4,0.7637633,35.47672,0,1,522000920251520566,2026-04-23,São João d'Aliança,,1.7219274,11275,21.0819857142857,82.5137,0,0,0,66.6659,47.8187857142857,24.8015571428571,29.1103857142857,1,,,,,2726,2025-04-06,5220009,Sao Joao d'Alianca,GO,2025,15
1743292800000,202514,7.0,7,7,7,0.9780372,62.08426,0,1,522000920251420557,2026-04-14,São João d'Aliança,,4.3076224,11275,21.7303428571429,78.0324857142857,0,1,1,62.3634,43.9129428571429,25.5957857142857,29.8672571428571,1,,,,,2726,2025-03-30,5220009,Sao Joao d'Alianca,GO,2025,14
1742688000000,202513,0.0,0,0,0,0.0,0.0,0,1,522000920251320552,2026-04-09,São João d'Aliança,,0.0,11275,21.1482857142857,91.8467571428571,0,0,0,76.8056714285714,58.3568857142857,24.2944714285714,28.1123857142857,0,,,,,2726,2025-03-23,5220009,Sao Joao d'Alianca,GO,2025,13
1742083200000,202512,1.0,1,1,1,0.14921878,8.86918,0,1,522000920251220543,2026-03-31,São João d'Aliança,,0.36436525,11275,21.8123571428571,77.9591428571429,0,0,0,57.9240142857143,37.5755571428571,26.2504142857143,31.3072142857143,0,,,,,2726,2025-03-16,5220009,Sao Joao d'Alianca,GO,2025,12
1741478400000,202511,3.0,3,3,3,0.30201665,26.607538,0,1,522000920251120535,2026-03-23,São João d'Aliança,,0.6944098,11275,22.4025,74.7902285714286,0,0,0,55.7774714285714,35.1727142857143,26.8590571428571,31.6285142857143,0,,,,,2726,2025-03-09,5220009,Sao Joao d'Alianca,GO,2025,11
1740873600000,202510,2.0,2,2,2,0.028175015,17.73836,0,1,522000920251020529,2026-03-17,São João d'Aliança,,0.2710449,11275,20.9064857142857,71.1451285714286,0,0,0,58.3233428571429,41.9872142857143,24.8639714285714,29.2056142857143,0,,,,,2726,2025-03-02,5220009,Sao Joao d'Alianca,GO,2025,10
1740268800000,202509,3.0,3,3,3,0.026387334,26.607538,0,1,522000920250920521,2026-03-09,São João d'Aliança,,0.31881407,11275,21.2466428571429,82.2256857142857,0,0,0,65.7814142857143,48.1469714285714,25.1246714285714,29.3740571428571,1,,,,,2726,2025-02-23,5220009,Sao Joao d'Alianca,GO,2025,9
1739664000000,202508,7.0,7,7,7,0.32774296,62.08426,0,1,522000920250820516,2026-03-04,São João d'Aliança,,0.8027065,11275,21.1089714285714,75.5248857142857,0,0,1,59.9536857142857,41.5403285714286,25.5117571428571,30.1308285714286,3,,,,,2726,2025-02-16,5220009,Sao Joao d'Alianca,GO,2025,8
1739059200000,202507,14.0,14,14,14,0.92206246,124.16852,0,1,522000920250720508,2026-02-24,São João d'Aliança,,1.8453783,11275,20.5242428571429,85.3834428571429,0,0,1,69.9725571428571,51.9095714285714,24.3076,28.3762,2,,,,,2726,2025-02-09,5220009,Sao Joao d'Alianca,GO,2025,7
1738454400000,202506,6.0,6,6,6,0.49472404,53.215076,0,1,522000920250620503,2026-02-19,São João d'Aliança,,0.99266636,11275,20.3872571428571,85.4663714285714,0,0,1,72.5103142857143,55.0189142857143,23.7047142857143,27.6633428571429,0,,,,,2726,2025-02-02,5220009,Sao Joao d'Alianca,GO,2025,6
1737849600000,202505,9.0,9,9,9,0.8647232,79.82262,0,2,522000920250520495,2026-02-11,São João d'Aliança,,1.7905642,11275,20.6912,92.9373571428571,1,0,1,78.5126571428571,60.8502714285714,23.9749,27.7273142857143,4,,,,,2726,2025-01-26,5220009,Sao Joao d'Alianca,GO,2025,5
1737244800000,202504,7.0,7,7,7,0.67879677,62.08426,0,2,522000920250420491,2026-02-07,São João d'Aliança,,1.2914227,11275,20.4438285714286,88.5082,1,0,1,72.7958571428571,55.2265857142857,24.5704428571429,28.9801571428571,3,,,,,2726,2025-01-19,5220009,Sao Joao d'Alianca,GO,2025,4
1736640000000,202503,1.0,1,1,1,0.05324748,8.86918,0,2,522000920250320486,2026-02-02,São João d'Aliança,,0.23634276,11275,20.1573,96.9562428571429,1,0,0,86.7278428571429,70.2924285714286,22.3841714285714,25.5218571428571,0,,,,,2726,2025-01-12,5220009,Sao Joao d'Alianca,GO,2025,3
1736035200000,202502,9.0,9,9,9,0.9923411,79.82262,0,1,522000920250220459,2026-01-06,São João d'Aliança,,5.1164565,11275,20.5429285714286,96.3568714285714,1,1,1,87.2201428571429,74.1519428571429,22.7756428571429,25.6388142857143,2,,,,,2726,2025-01-05,5220009,Sao Joao d'Alianca,GO,2025,2
1735430400000,202501,5.0,5,5,5,0.98539937,44.345898,0,1,522000920250120459,2026-01-06,São João d'Aliança,,7.894693,11275,20.4268571428571,96.1169857142857,1,0,0,82.1940857142857,62.4132,23.3958571428571,27.3039857142857,3,,,,,2726,2024-12-29,5220009,Sao Joao d'Alianca,GO,2025,1
1734825600000,202452,0.0,0,0,0,0.0,0.0,0,1,522000920245220437,2025-12-15,São João d'Aliança,,0.0,11275,20.5832285714286,97.4247428571429,0,0,0,85.7029142857143,68.6500142857143,22.9979714285714,26.0194,0,,,,,2726,2024-12-22,5220009,Sao Joao d'Alianca,GO,2024,52
1734220800000,202451,0.0,0,0,0,0.0,0.0,0,1,522000920245120437,2025-12-15,São João d'Aliança,,0.0,11275,21.0065714285714,94.2798,0,0,0,80.5281,61.9039,23.9529571428571,27.8895857142857,0,,,,,2726,2024-12-15,5220009,Sao Joao d'Alianca,GO,2024,51
1733616000000,202450,1.0,1,1,1,0.25328556,8.86918,0,1,522000920245020437,2025-12-15,São João d'Aliança,,0.50475395,11275,21.4605571428571,85.7868,0,0,0,68.4848,50.1787142857143,25.4002714285714,29.5176285714286,0,,,,,2726,2024-12-08,5220009,Sao Joao d'Alianca,GO,2024,50
1733011200000,202449,2.0,2,2,2,0.67352027,17.73836,0,2,522000920244920431,2025-12-09,São João d'Aliança,,1.5540484,11275,21.0172285714286,89.1259285714286,1,0,0,74.5854142857143,57.5611857142857,24.3587428571429,28.0745,0,,,,,2726,2024-12-01,5220009,Sao Joao d'Alianca,GO,2024,49
1732406400000,202448,3.0,3,3,3,0.9297818,26.607538,0,1,522000920244820425,2025-12-03,São João d'Aliança,,4.612896,11275,20.3835857142857,94.1993142857143,1,0,0,80.8882142857143,63.0096571428571,23.3059,27.3537857142857,2,,,,,2726,2024-11-24,5220009,Sao Joao d'Alianca,GO,2024,48
1731801600000,202447,1.0,1,1,1,0.70352536,8.86918,0,1,522000920244720418,2025-11-26,São João d'Aliança,,1.9711204,11275,20.2275571428571,93.2684,1,0,0,78.7239714285714,61.5741428571429,23.7057428571429,27.7164142857143,1,,,,,2726,2024-11-17,5220009,Sao Joao d'Alianca,GO,2024,47
1731196800000,202446,0.0,0,0,0,0.0,0.0,0,1,522000920244620410,2025-11-18,São João d'Aliança,,0.0,11275,19.9841142857143,96.5858142857143,0,0,0,86.13,71.1948714285714,22.3771285714286,25.4148714285714,0,,,,,2726,2024-11-10,5220009,Sao Joao d'Alianca,GO,2024,46
1730592000000,202445,1.0,1,1,1,0.65297234,8.86918,0,1,522000920244520403,2025-11-11,São João d'Aliança,,1.6262643,11275,20.3062142857143,92.7932857142857,1,0,0,81.6484142857143,64.7280142857143,22.9367571428571,26.4572428571429,0,,,,,2726,2024-11-03,5220009,Sao Joao d'Alianca,GO,2024,45
1729987200000,202444,0.0,0,0,0,0.0,0.0,0,1,522000920244420395,2025-11-03,São João d'Aliança,,0.0,11275,20.3473571428571,90.9121857142857,0,0,0,76.5801285714286,61.4801428571429,23.4252428571429,26.7480285714286,0,,,,,2726,2024-10-27,5220009,Sao Joao d'Alianca,GO,2024,44
1729382400000,202443,1.0,1,1,1,0.420093,8.86918,0,1,522000920244320389,2025-10-28,São João d'Aliança,,0.7992204,11275,21.3467285714286,90.2026857142857,1,0,0,74.9762142857143,55.1524,24.6573,28.6405571428571,0,,,,,2726,2024-10-20,5220009,Sao Joao d'Alianca,GO,2024,43
1728777600000,202442,0.0,0,0,0,0.0,0.0,0,1,522000920244220381,2025-10-20,São João d'Aliança,,0.0,11275,20.9959285714286,90.4863571428571,0,0,0,75.1033285714286,55.265,24.2995142857143,28.6494857142857,0,,,,,2726,2024-10-13,5220009,Sao Joao d'Alianca,GO,2024,42
1728172800000,202441,3.0,3,3,3,0.9711077,26.607538,0,1,522000920244120375,2025-10-14,São João d'Aliança,,9.260766,11275,23.0929571428571,69.7373857142857,0,0,0,49.9804714285714,34.2255571428571,28.2823857142857,33.2557857142857,2,,,,,2726,2024-10-06,5220009,Sao Joao d'Alianca,GO,2024,41
1727568000000,202440,0.0,0,0,0,0.0,0.0,0,1,522000920244020367,2025-10-06,São João d'Aliança,,0.0,11275,22.9812,38.1562571428571,0,0,0,26.7745285714286,16.6119142857143,28.8294285714286,34.6448714285714,0,,,,,2726,2024-09-29,5220009,Sao Joao d'Alianca,GO,2024,40
1726963200000,202439,0.0,0,0,0,0.0,0.0,0,1,522000920243920363,2025-10-02,São João d'Aliança,,0.0,11275,22.7121428571429,38.3815142857143,0,0,0,27.5997571428571,16.6048428571429,28.3685571428571,34.4326142857143,0,,,,,2726,2024-09-22,5220009,Sao Joao d'Alianca,GO,2024,39
1726358400000,202438,0.0,0,0,0,0.0,0.0,0,1,522000920243820353,2025-09-22,São João d'Aliança,,0.0,11275,21.5174571428571,43.2279428571429,0,0,0,30.8439,19.0746142857143,27.2188285714286,33.0492428571429,0,,,,,2726,2024-09-15,5220009,Sao Joao d'Alianca,GO,2024,38
1725753600000,202437,3.0,3,3,3,0.96201503,26.607538,0,1,522000920243720346,2025-09-15,São João d'Aliança,,7.426779,11275,19.7121857142857,42.2127857142857,0,0,0,32.2147428571429,21.2580857142857,25.2192714285714,31.2873,1,,,,,2726,2024-09-08,5220009,Sao Joao d'Alianca,GO,2024,37
1725148800000,202436,0.0,0,0,0,0.0,0.0,0,1,522000920243620339,2025-09-08,São João d'Aliança,,0.0,11275,20.2987571428571,34.7672428571429,0,0,0,25.3500428571429,15.2278714285714,26.0708142857143,32.4372142857143,0,,,,,2726,2024-09-01,5220009,Sao Joao d'Alianca,GO,2024,36
1724544000000,202435,0.0,0,0,0,0.0,0.0,0,1,522000920243520332,2025-09-01,São João d'Aliança,,0.0,11275,19.1340285714286,54.5271571428571,0,0,0,38.3723571428571,24.4171714285714,24.6563142857143,30.3315,0,,,,,2726,2024-08-25,5220009,Sao Joao d'Alianca,GO,2024,35
1723939200000,202434,1.0,1,1,1,0.9632679,8.86918,0,1,522000920243420328,2025-08-28,São João d'Aliança,,18.521618,11275,18.8271142857143,42.1202,0,0,0,31.4623428571429,19.7881857142857,24.4050571428571,30.6423857142857,1,,,,,2726,2024-08-18,5220009,Sao Joao d'Alianca,GO,2024,34
1723334400000,202433,0.0,0,0,0,0.0,0.0,0,1,522000920243320321,2025-08-21,São João d'Aliança,,0.0,11275,18.2107428571429,51.1945857142857,0,0,0,37.7264571428571,23.0292428571429,24.2454428571429,30.5127857142857,0,,,,,2726,2024-08-11,5220009,Sao Joao d'Alianca,GO,2024,33
1722729600000,202432,0.0,0,0,0,0.0,0.0,0,1,522000920243220312,2025-08-12,São João d'Aliança,,0.0,11275,17.5152428571429,55.4399857142857,0,0,0,40.9744857142857,26.8072,22.8865,28.6711428571429,0,,,,,2726,2024-08-04,5220009,Sao Joao d'Alianca,GO,2024,32
1722124800000,202431,0.0,0,0,0,0.0,0.0,0,1,522000920243120305,2025-08-05,São João d'Aliança,,0.0,11275,18.3360857142857,59.9077428571429,0,0,0,45.9146714285714,30.5292,22.9222,28.0649714285714,0,,,,,2726,2024-07-28,5220009,Sao Joao d'Alianca,GO,2024,31
1721520000000,202430,0.0,0,0,0,0.0,0.0,0,1,522000920243020298,2025-07-29,São João d'Aliança,,0.0,11275,15.9726714285714,57.6037285714286,0,0,0,44.5073285714286,30.1860714285714,21.0084571428571,26.7540285714286,0,,,,,2726,2024-07-21,5220009,Sao Joao d'Alianca,GO,2024,30
1720915200000,202429,0.0,0,0,0,0.0,0.0,0,1,522000920242920291,2025-07-22,São João d'Aliança,,0.0,11275,15.9118,60.0262857142857,0,0,0,44.6857857142857,28.4240428571429,20.9087428571429,26.5694857142857,0,,,,,2726,2024-07-14,5220009,Sao Joao d'Alianca,GO,2024,29
1720310400000,202428,0.0,0,0,0,0.0,0.0,0,1,522000920242820283,2025-07-14,São João d'Aliança,,0.0,11275,18.3665857142857,53.6443857142857,0,0,0,41.6241285714286,27.3154142857143,22.9918857142857,28.5938428571429,0,,,,,2726,2024-07-07,5220009,Sao Joao d'Alianca,GO,2024,28
1719705600000,202427,0.0,0,0,0,0.0,0.0,0,1,522000920242720278,2025-07-09,São João d'Aliança,,0.0,11275,17.5949428571429,58.7426,0,0,0,45.8843,31.0745857142857,22.0884,27.4071142857143,0,,,,,2726,2024-06-30,5220009,Sao Joao d'Alianca,GO,2024,27
1719100800000,202426,0.0,0,0,0,0.0,0.0,0,1,522000920242620269,2025-06-30,São João d'Aliança,,0.0,11275,17.3361857142857,61.3049571428571,0,0,0,46.0838714285714,29.3335428571429,22.2487428571429,28.0864,0,,,,,2726,2024-06-23,5220009,Sao Joao d'Alianca,GO,2024,26
1718496000000,202425,0.0,0,0,0,0.0,0.0,0,1,522000920242520262,2025-06-23,São João d'Aliança,,0.0,11275,17.279,65.1360571428571,0,0,0,52.2123857142857,36.1276142857143,21.5161714285714,26.5521571428571,0,,,,,2726,2024-06-16,5220009,Sao Joao d'Alianca,GO,2024,25
1717891200000,202424,1.0,1,1,1,1.586e-07,8.86918,0,1,522000920242420255,2025-06-16,São João d'Aliança,,0.044271078,11275,17.9218857142857,70.2233142857143,0,0,0,56.5361571428571,38.9959857142857,22.2708142857143,27.2496285714286,1,,,,,2726,2024-06-09,5220009,Sao Joao d'Alianca,GO,2024,24
1717286400000,202423,8.0,8,8,8,6.9475e-06,70.95344,0,1,522000920242320249,2025-06-10,São João d'Aliança,,0.22753328,11275,18.1212714285714,77.1589857142857,0,0,1,59.9537,42.0117142857143,22.1748714285714,26.7565285714286,7,,,,,2726,2024-06-02,5220009,Sao Joao d'Alianca,GO,2024,23
1716681600000,202422,21.0,21,21,21,0.0029300235,186.25278,0,4,522000920242220241,2025-06-02,São João d'Aliança,,0.4928495,11275,18.2521857142857,68.6332857142857,0,0,2,52.2798857142857,34.6630714285714,22.9228,27.9356857142857,15,,,,,2726,2024-05-26,5220009,Sao Joao d'Alianca,GO,2024,22
1716076800000,202421,39.0,39,39,39,0.23501176,345.898,0,4,522000920242120236,2025-05-28,São João d'Aliança,,0.8550922,11275,19.4839428571429,73.9747714285714,0,0,2,57.3777,39.3086,23.7165714285714,28.4153714285714,30,,,,,2726,2024-05-19,5220009,Sao Joao d'Alianca,GO,2024,21
1715472000000,202420,48.0,48,48,48,0.30593452,425.7206,0,4,522000920242020227,2025-05-19,São João d'Aliança,,0.9043076,11275,19.8905,68.5508571428571,0,0,2,53.4154285714286,36.0267714285714,24.6499285714286,29.6317142857143,37,,,,,2726,2024-05-12,5220009,Sao Joao d'Alianca,GO,2024,20
1714867200000,202419,42.0,42,42,42,0.01573629,372.50555,0,4,522000920241920224,2025-05-16,São João d'Aliança,,0.6565022,11275,19.2105285714286,70.7215857142857,0,0,2,56.3906,38.5983714285714,23.6795428571429,28.6645285714286,29,,,,,2726,2024-05-05,5220009,Sao Joao d'Alianca,GO,2024,19
1714262400000,202418,44.0,44,44,44,0.019385599,390.2439,0,4,522000920241820214,2025-05-06,São João d'Aliança,,0.6720719,11275,20.7963571428571,74.2947285714286,0,0,2,59.5522285714286,40.5237428571429,25.0736142857143,29.6297857142857,31,,,,,2726,2024-04-28,5220009,Sao Joao d'Alianca,GO,2024,18
1713657600000,202417,77.0,77,77,77,0.8636132,682.9268,0,4,522000920241720206,2025-04-28,São João d'Aliança,,1.2026725,11275,20.6503571428571,79.2755,0,0,2,66.0816142857143,48.5441142857143,24.4019571428571,28.7383714285714,53,,,,,2726,2024-04-21,5220009,Sao Joao d'Alianca,GO,2024,17
1713052800000,202416,73.0,73,73,73,0.6455129,647.45013,0,4,522000920241620200,2025-04-22,São João d'Aliança,,1.0645663,11275,21.1709571428571,83.5809428571429,0,0,2,70.3460571428571,54.0317428571429,24.5522142857143,28.3231,50,,,,,2726,2024-04-14,5220009,Sao Joao d'Alianca,GO,2024,16
1712448000000,202415,42.0,42,42,42,0.0063606943,372.50555,0,4,522000920241520192,2025-04-14,São João d'Aliança,,0.61860204,11275,21.2893428571429,90.3567857142857,1,0,2,77.6974285714286,59.2161428571429,24.1202,27.9493857142857,27,,,,,2726,2024-04-07,5220009,Sao Joao d'Alianca,GO,2024,15
1711843200000,202414,91.0,91,91,91,0.99549204,807.09534,0,4,522000920241420188,2025-04-10,São João d'Aliança,,1.537022,11275,21.4742142857143,93.7576571428571,1,1,2,81.5281428571429,65.4064285714286,24.3354285714286,27.7860285714286,64,,,,,2726,2024-03-31,5220009,Sao Joao d'Alianca,GO,2024,14
1711238400000,202413,57.0,57,57,57,0.9582796,505.54324,0,4,522000920241320178,2025-03-31,São João d'Aliança,,1.4227622,11275,21.1874,91.3396285714286,1,1,2,76.5141,56.4692428571429,24.4705285714286,28.5308857142857,29,,,,,2726,2024-03-24,5220009,Sao Joao d'Alianca,GO,2024,13
1710633600000,202412,78.0,78,78,78,1.0,691.796,0,4,522000920241220171,2025-03-24,São João d'Aliança,,3.241471,11275,22.4003571428571,89.3359857142857,1,1,2,75.1483285714286,57.7558571428571,25.7059714285714,29.5783857142857,45,,,,,2726,2024-03-17,5220009,Sao Joao d'Alianca,GO,2024,12
1710028800000,202411,36.0,36,36,36,0.90651536,319.29047,0,1,522000920241120165,2025-03-18,São João d'Aliança,,1.399312,11275,22.4007714285714,87.6108428571429,1,0,2,72.7945714285714,53.3341142857143,25.8720285714286,29.9253,23,,,,,2726,2024-03-10,5220009,Sao Joao d'Alianca,GO,2024,11
1709424000000,202410,11.0,11,11,11,4.60626e-05,97.560974,0,1,522000920241020158,2025-03-11,São João d'Aliança,,0.29614896,11275,21.3432857142857,93.1642714285714,1,0,1,79.3357285714286,61.8334142857143,24.4847142857143,28.3373285714286,9,,,,,2726,2024-03-03,5220009,Sao Joao d'Alianca,GO,2024,10
1708819200000,202409,16.0,16,16,16,0.00235159,141.90688,0,4,522000920240920153,2025-03-06,São João d'Aliança,,0.4451881,11275,20.9339428571429,84.3228857142857,0,0,2,67.8487571428571,49.6078714285714,25.2924428571429,29.5969,10,,,,,2726,2024-02-25,5220009,Sao Joao d'Alianca,GO,2024,9
1708214400000,202408,49.0,49,49,49,0.999371,434.5898,0,4,522000920240820145,2025-02-26,São João d'Aliança,,2.2003257,11275,20.5651857142857,97.4221285714286,1,1,2,89.1433571428571,75.4940428571429,22.5536571428571,25.3361,18,,,,,2726,2024-02-18,5220009,Sao Joao d'Alianca,GO,2024,8
1707609600000,202407,53.0,53,53,53,0.9999997,470.06653,0,2,522000920240720137,2025-02-18,São João d'Aliança,,3.8517551,11275,20.7299571428571,87.0642,1,1,2,75.2468428571429,59.1876714285714,24.0259714285714,28.0810428571429,19,,,,,2726,2024-02-11,5220009,Sao Joao d'Alianca,GO,2024,7
1707004800000,202406,4.0,4,4,4,0.0503852,35.47672,0,2,522000920240620130,2025-02-11,São João d'Aliança,,0.40769863,11275,20.9785857142857,93.7443428571429,1,0,0,82.5760142857143,68.3052857142857,23.5802571428571,26.7918714285714,3,,,,,2726,2024-02-04,5220009,Sao Joao d'Alianca,GO,2024,6
1706400000000,202405,20.0,20,20,20,0.9948471,177.38359,0,2,522000920240520123,2025-02-04,São João d'Aliança,,2.806287,11275,20.4375857142857,95.0501142857143,1,1,2,83.3447428571429,68.0641142857143,23.1855857142857,26.7159,10,,,,,2726,2024-01-28,5220009,Sao Joao d'Alianca,GO,2024,5
1705795200000,202404,6.0,6,6,6,0.6210021,53.215076,0,2,522000920240420116,2025-01-28,São João d'Aliança,,1.1960901,11275,21.3294714285714,95.0709571428571,1,0,1,86.1176,72.6041428571429,23.5503428571429,26.4702,2,,,,,2726,2024-01-21,5220009,Sao Joao d'Alianca,GO,2024,4
1705190400000,202403,9.0,9,9,9,0.94161457,79.82262,0,2,522000920240320109,2025-01-21,São João d'Aliança,,2.4387047,11275,20.991,89.1762142857143,1,0,1,69.0808571428571,48.1503571428571,25.5812428571429,30.0609285714286,6,,,,,2726,2024-01-14,5220009,Sao Joao d'Alianca,GO,2024,3
1704585600000,202402,3.0,3,3,3,0.70161617,26.607538,0,2,522000920240220102,2025-01-14,São João d'Aliança,,1.5562261,11275,20.7621142857143,94.8652285714286,1,0,0,81.6905428571429,65.4433,23.8128428571429,27.2410857142857,2,,,,,2726,2024-01-07,5220009,Sao Joao d'Alianca,GO,2024,2
1703980800000,202401,4.0,4,4,4,0.963801,35.47672,0,1,522000920240120095,2025-01-07,São João d'Aliança,,5.715059,11275,20.6927285714286,97.2494857142857,1,0,0,88.9009428571429,77.3863285714286,22.7371857142857,25.2048285714286,2,,,,,2726,2023-12-31,5220009,Sao Joao d'Alianca,GO,2024,1
1703376000000,202352,2.0,2,2,2,0.9779825,17.73836,0,1,522000920235220087,2024-12-30,São João d'Aliança,,18.521618,11275,22.0355857142857,88.2754857142857,1,0,0,70.9993,49.7545142857143,25.9920285714286,30.4828,2,,,,,2726,2023-12-24,5220009,Sao Joao d'Alianca,GO,2023,52
1702771200000,202351,0.0,0,0,0,0.0,0.0,0,1,522000920235120080,2024-12-23,São João d'Aliança,,0.0,11275,21.7001,83.9123714285714,0,0,0,69.0651285714286,52.0561571428571,25.1783714285714,29.1867,0,,,,,2726,2023-12-17,5220009,Sao Joao d'Alianca,GO,2023,51
1702166400000,202350,0.0,0,0,0,0.0,0.0,0,1,522000920235020074,2024-12-17,São João d'Aliança,,0.0,11275,22.6197714285714,70.4432142857143,0,0,0,52.1121857142857,32.9117857142857,27.3771714285714,32.6168,0,,,,,2726,2023-12-10,5220009,Sao Joao d'Alianca,GO,2023,50
1701561600000,202349,0.0,0,0,0,0.0,0.0,0,1,522000920234920067,2024-12-10,São João d'Aliança,,0.0,11275,22.0508,76.4407,0,0,0,58.7479571428571,40.1061,26.609,31.2922857142857,0,,,,,2726,2023-12-03,5220009,Sao Joao d'Alianca,GO,2023,49
1700956800000,202348,0.0,0,0,0,0.0,0.0,0,1,522000920234820060,2024-12-03,São João d'Aliança,,0.0,11275,22.0199714285714,83.2477,0,0,0,60.0357714285714,40.1124714285714,26.8750285714286,31.4755428571429,0,,,,,2726,2023-11-26,5220009,Sao Joao d'Alianca,GO,2023,48
1700352000000,202347,0.0,0,0,0,0.0,0.0,0,1,522000920234720056,2024-11-29,São João d'Aliança,,0.0,11275,22.1911142857143,84.8526142857143,0,0,0,68.3364,48.5398428571429,26.14,30.6085571428571,0,,,,,2726,2023-11-19,5220009,Sao Joao d'Alianca,GO,2023,47
1699747200000,202346,0.0,0,0,0,0.0,0.0,0,1,522000920234620046,2024-11-19,São João d'Aliança,,0.0,11275,22.454,71.2282571428571,0,0,0,47.5653142857143,26.5087857142857,28.8367857142857,35.6232285714286,0,,,,,2726,2023-11-12,5220009,Sao Joao d'Alianca,GO,2023,46
1699142400000,202345,0.0,0,0,0,0.0,0.0,0,1,522000920234520039,2024-11-12,São João d'Aliança,,0.0,11275,22.4184714285714,73.8373714285714,0,0,0,55.8581285714286,35.3533142857143,27.2725857142857,33.1174285714286,0,,,,,2726,2023-11-05,5220009,Sao Joao d'Alianca,GO,2023,45
1698537600000,202344,0.0,0,0,0,0.0,0.0,0,1,522000920234420032,2024-11-05,São João d'Aliança,,0.0,11275,22.3988,80.9803714285714,0,0,0,60.4205857142857,37.4383285714286,27.0356428571429,33.2276,0,,,,,2726,2023-10-29,5220009,Sao Joao d'Alianca,GO,2023,44
1697932800000,202343,0.0,0,0,0,0.0,0.0,0,1,522000920234320026,2024-10-30,São João d'Aliança,,0.0,11275,22.0687857142857,85.6726857142857,0,0,0,66.1097428571429,44.2742571428571,26.3517285714286,31.7372571428571,0,,,,,2726,2023-10-22,5220009,Sao Joao d'Alianca,GO,2023,43
1697328000000,202342,0.0,0,0,0,0.0,0.0,0,1,522000920234220019,2024-10-23,São João d'Aliança,,0.0,11275,22.7380428571429,63.6864857142857,0,0,0,44.0195,28.4355428571429,28.1518428571429,33.7749428571429,0,,,,,2726,2023-10-15,5220009,Sao Joao d'Alianca,GO,2023,42
1696723200000,202341,0.0,0,0,0,0.0,0.0,0,1,522000920234120011,2024-10-15,São João d'Aliança,,0.0,11275,23.1359,74.6547571428571,0,0,0,53.8517142857143,32.4734428571429,28.4141428571429,34.5416857142857,0,,,,,2726,2023-10-08,5220009,Sao Joao d'Alianca,GO,2023,41
1696118400000,202340,1.0,1,1,1,0.8145292,8.86918,0,1,522000920234020005,2024-10-09,São João d'Aliança,,3.3788157,11275,22.4526428571429,77.8701428571429,0,0,0,61.9617,42.0626142857143,26.6510428571429,32.2527857142857,1,,,,,2726,2023-10-01,5220009,Sao Joao d'Alianca,GO,2023,40
1695513600000,202339,1.0,1,1,1,0.9632679,8.86918,0,1,522000920233919998,2024-10-02,São João d'Aliança,,18.521618,11275,22.091,71.6362428571429,0,0,0,52.2818428571429,32.1319142857143,27.8515714285714,34.6000571428571,1,,,,,2726,2023-09-24,5220009,Sao Joao d'Alianca,GO,2023,39
1694908800000,202338,0.0,0,0,0,0.0,0.0,0,1,522000920233819990,2024-09-24,São João d'Aliança,,0.0,11275,21.3857428571429,60.9247571428571,0,0,0,42.6279142857143,23.5628571428571,27.2739714285714,33.7118857142857,0,,,,,2726,2023-09-17,5220009,Sao Joao d'Alianca,GO,2023,38
1694304000000,202337,0.0,0,0,0,0.0,0.0,0,1,522000920233719983,2024-09-17,São João d'Aliança,,0.0,11275,19.6609,68.1119428571429,0,0,0,47.3040285714286,27.8929285714286,25.6984,32.5135571428571,0,,,,,2726,2023-09-10,5220009,Sao Joao d'Alianca,GO,2023,37
1693699200000,202336,0.0,0,0,0,0.0,0.0,0,1,522000920233619978,2024-09-12,São João d'Aliança,,0.0,11275,20.6456714285714,68.0271571428571,0,0,0,49.9251,31.0435571428571,25.7559285714286,31.5722571428571,0,,,,,2726,2023-09-03,5220009,Sao Joao d'Alianca,GO,2023,36
1693094400000,202335,0.0,0,0,0,0.0,0.0,0,1,522000920233519969,2024-09-03,São João d'Aliança,,0.0,11275,20.5310142857143,88.2179714285714,0,0,0,69.6946285714286,45.5612285714286,24.7478142857143,30.1572,0,,,,,2726,2023-08-27,5220009,Sao Joao d'Alianca,GO,2023,35
1692489600000,202334,0.0,0,0,0,0.0,0.0,0,1,522000920233419962,2024-08-27,São João d'Aliança,,0.0,11275,19.2535571428571,72.3339714285714,0,0,0,52.5738,31.8414571428571,25.1956142857143,32.1695571428571,0,,,,,2726,2023-08-20,5220009,Sao Joao d'Alianca,GO,2023,34
1691884800000,202333,0.0,0,0,0,0.0,0.0,0,1,522000920233319956,2024-08-21,São João d'Aliança,,0.0,11275,16.7629714285714,67.5152,0,0,0,49.073,30.9109857142857,22.6244285714286,29.1772285714286,0,,,,,2726,2023-08-13,5220009,Sao Joao d'Alianca,GO,2023,33
1691280000000,202332,0.0,0,0,0,0.0,0.0,0,1,522000920233219949,2024-08-14,São João d'Aliança,,0.0,11275,16.9738428571429,61.4850714285714,0,0,0,42.6400142857143,24.2896857142857,23.6933571428571,30.8040428571429,0,,,,,2726,2023-08-06,5220009,Sao Joao d'Alianca,GO,2023,32
1690675200000,202331,0.0,0,0,0,0.0,0.0,0,1,522000920233119941,2024-08-06,São João d'Aliança,,0.0,11275,16.5560285714286,67.6474428571429,0,0,0,48.2276142857143,28.4074571428571,22.8960285714286,29.8234428571429,0,,,,,2726,2023-07-30,5220009,Sao Joao d'Alianca,GO,2023,31
1690070400000,202330,0.0,0,0,0,0.0,0.0,0,1,522000920233019934,2024-07-30,São João d'Aliança,,0.0,11275,16.3972285714286,72.1996428571429,0,0,0,53.0589285714286,33.7495142857143,22.0738714285714,28.4086714285714,0,,,,,2726,2023-07-23,5220009,Sao Joao d'Alianca,GO,2023,30
1689465600000,202329,0.0,0,0,0,0.0,0.0,0,1,522000920232919929,2024-07-25,São João d'Aliança,,0.0,11275,17.2499571428571,72.3686285714286,0,0,0,53.8057857142857,35.3593142857143,22.5967,28.7430142857143,0,,,,,2726,2023-07-16,5220009,Sao Joao d'Alianca,GO,2023,29
1688860800000,202328,0.0,0,0,0,0.0,0.0,0,1,522000920232819919,2024-07-15,São João d'Aliança,,0.0,11275,15.6055142857143,75.2788714285714,0,0,0,52.9835285714286,30.5023142857143,22.5501714285714,30.3402,0,,,,,2726,2023-07-09,5220009,Sao Joao d'Alianca,GO,2023,28
1688256000000,202327,0.0,0,0,0,0.0,0.0,0,1,522000920232719913,2024-07-09,São João d'Aliança,0,0.0,11275,16.7142857142857,55.6458987142857,0,0,0,52.0367727142857,48.2889567142857,17.4761905714286,18.2857142857143,0,,,,,2726,2023-07-02,5220009,Sao Joao d'Alianca,GO,2023,27
1687651200000,202326,0.0,0,0,0,0.0,0.0,0,1,522000920232619905,2024-07-01,São João d'Aliança,0,0.0,11275,18.5714285714286,57.253633,0,0,0,54.7851431428571,52.1784072857143,19.0476191428571,19.5714285714286,0,,,,,2726,2023-06-25,5220009,Sao Joao d'Alianca,GO,2023,26
1687046400000,202325,0.0,0,0,0,0.0,0.0,0,1,522000920232519898,2024-06-24,São João d'Aliança,0,0.0,11275,18.0,64.0836305714286,0,0,0,60.9203788571429,57.6386442857143,18.7142857142857,19.4285714285714,0,,,,,2726,2023-06-18,5220009,Sao Joao d'Alianca,GO,2023,25
1686441600000,202324,3.0,3,3,3,0.7479452,26.607538,0,1,522000920232419884,2024-06-10,São João d'Aliança,,1.7752031,11275,18.4239,78.4560571428571,0,0,0,61.1306714285714,40.6818428571429,23.2043,29.0824428571429,2,,,,,2726,2023-06-11,5220009,Sao Joao d'Alianca,GO,2023,24
1685836800000,202323,0.0,0,0,0,0.0,0.0,0,1,522000920232319884,2024-06-10,São João d'Aliança,,0.0,11275,15.6743857142857,80.9378857142857,0,0,0,60.156,39.4813714285714,21.7133,28.0917428571429,0,,,,,2726,2023-06-04,5220009,Sao Joao d'Alianca,GO,2023,23
1685232000000,202322,0.0,0,0,0,0.0,0.0,0,1,522000920232219876,2024-06-02,São João d'Aliança,0,0.0,11275,20.3,67.169108,0,0,0,63.6827369,60.2327318,21.1,21.9,0,,,,,2726,2023-05-28,5220009,Sao Joao d'Alianca,GO,2023,22
1684627200000,202321,6.0,6,6,6,0.8947682,53.215076,0,1,522000920232119869,2024-05-26,São João d'Aliança,0,2.3347247,11275,14.0,78.9360135,0,0,1,60.0060449,41.7556427,19.1958332,24.4,0,,,,,2726,2023-05-21,5220009,Sao Joao d'Alianca,GO,2023,21
1684022400000,202320,1.0,1,1,1,0.38278607,8.86918,0,1,522000920232019863,2024-05-20,São João d'Aliança,0,0.72181857,11275,14.8333333333333,78.6741533888889,0,0,0,54.5352862222222,34.0003195555556,20.4537035555556,25.4444444444444,0,,,,,2726,2023-05-14,5220009,Sao Joao d'Alianca,GO,2023,20
1683417600000,202319,5.0,5,5,5,0.9726982,44.345898,0,1,522000920231919856,2024-05-13,São João d'Aliança,0,5.4069667,11275,19.875,69.332691875,0,1,1,61.188341375,52.937484875,21.7083335,23.75,1,,,,,2726,2023-05-07,5220009,Sao Joao d'Alianca,GO,2023,19
1682812800000,202318,0.0,0,0,0,0.0,0.0,0,1,522000920231819849,2024-05-06,São João d'Aliança,0,0.0,11275,20.2,72.555739,0,0,0,68.7814148,63.9723086,20.9333336,21.8,0,,,,,2726,2023-04-30,5220009,Sao Joao d'Alianca,GO,2023,18
1682208000000,202317,0.0,0,0,0,0.0,0.0,0,1,522000920231719841,2024-04-28,São João d'Aliança,0,0.0,11275,17.5652173913043,88.9228126086957,0,0,0,71.9095056521739,49.9794486086957,21.5923913913043,26.3913043478261,0,,,,,2726,2023-04-23,5220009,Sao Joao d'Alianca,GO,2023,17
1681603200000,202316,2.0,2,2,2,0.58596957,17.73836,0,2,522000920231619835,2024-04-22,São João d'Aliança,0,1.2256564,11275,18.4285714285714,91.6000642857143,1,0,0,75.3259434285714,53.8946497142857,22.0952382857143,27.0,0,,,,,2726,2023-04-16,5220009,Sao Joao d'Alianca,GO,2023,16
1680998400000,202315,3.0,3,3,3,0.9304139,26.607538,0,1,522000920231519827,2024-04-14,São João d'Aliança,0,4.6445785,11275,19.1428571428571,94.0203,1,0,0,77.2057447142857,51.4963784285714,22.4523808571429,27.7142857142857,0,,,,,2726,2023-04-09,5220009,Sao Joao d'Alianca,GO,2023,15
1680393600000,202314,2.0,2,2,2,0.9779825,17.73836,0,1,522000920231419821,2024-04-08,São João d'Aliança,0,18.521618,11275,18.7142857142857,90.7521171428571,1,0,0,75.2732408571429,51.3468842857143,21.660714,26.5714285714286,1,,,,,2726,2023-04-02,5220009,Sao Joao d'Alianca,GO,2023,14
1679788800000,202313,0.0,0,0,0,0.0,0.0,0,1,522000920231319814,2024-04-01,São João d'Aliança,0,0.0,11275,20.8571428571429,72.2697849047619,0,0,0,55.8554788095238,44.1183038571429,24.4166664761905,27.3809523809524,0,,,,,2726,2023-03-26,5220009,Sao Joao d'Alianca,GO,2023,13
1679184000000,202312,0.0,0,0,0,0.0,0.0,0,1,522000920231219808,2024-03-26,São João d'Aliança,0,0.0,11275,17.5454545454545,91.3497589090909,0,0,0,71.9430174545455,48.5877656363636,21.8560603636364,27.0,0,,,,,2726,2023-03-19,5220009,Sao Joao d'Alianca,GO,2023,12
1678579200000,202311,0.0,0,0,0,0.0,0.0,0,1,522000920231119800,2024-03-18,São João d'Aliança,0,0.0,11275,21.3,81.283395,0,0,0,81.277472,81.271548,21.35,21.4,0,,,,,2726,2023-03-12,5220009,Sao Joao d'Alianca,GO,2023,11
1677974400000,202310,0.0,0,0,0,0.0,0.0,0,1,522000920231019794,2024-03-12,São João d'Aliança,0,0.0,11275,22.1428571428571,70.8364115714286,0,0,0,68.8942271428571,66.952045,22.3571428571429,22.5714285714286,0,,,,,2726,2023-03-05,5220009,Sao Joao d'Alianca,GO,2023,10
1677369600000,202309,0.0,0,0,0,0.0,0.0,0,1,522000920230919786,2024-03-04,São João d'Aliança,0,0.0,11275,22.0,75.1189728333333,0,0,0,72.9228621666667,70.7267544166667,22.3333333333333,22.6666666666667,0,,,,,2726,2023-02-26,5220009,Sao Joao d'Alianca,GO,2023,9
1676764800000,202308,0.0,0,0,0,0.0,0.0,0,1,522000920230819780,2024-02-27,São João d'Aliança,0,0.0,11275,18.9473684210526,90.1438903157895,0,0,0,73.7145455789474,51.9968642105263,22.1798247368421,27.6842105263158,0,,,,,2726,2023-02-19,5220009,Sao Joao d'Alianca,GO,2023,8
1676160000000,202307,0.0,0,0,0,0.0,0.0,0,1,522000920230719773,2024-02-20,São João d'Aliança,0,0.0,11275,24.5714285714286,59.7649554285714,0,0,0,58.9899425714286,58.2149302857143,24.7142857142857,24.8571428571429,0,,,,,2726,2023-02-12,5220009,Sao Joao d'Alianca,GO,2023,7
1675555200000,202306,0.0,0,0,0,0.0,0.0,0,1,522000920230619768,2024-02-15,São João d'Aliança,0,0.0,11275,23.0,71.7624368571429,0,0,0,69.3454032857143,66.0995661428571,23.4940477142857,24.2857142857143,0,,,,,2726,2023-02-05,5220009,Sao Joao d'Alianca,GO,2023,6
1674950400000,202305,0.0,0,0,0,0.0,0.0,0,1,522000920230519759,2024-02-06,São João d'Aliança,0,0.0,14085,21.7142857142857,73.9629072857143,0,0,0,68.9879072857143,61.1977235714286,22.970238,24.4285714285714,0,,,,,2726,2023-01-29,5220009,Sao Joao d'Alianca,GO,2023,5
1674345600000,202304,2.0,2,2,2,0.07381309,14.199503,0,1,522000920230419752,2024-01-30,São João d'Aliança,0,0.35051113,14085,20.5714285714286,81.7212771428571,0,0,0,81.7212771428571,81.7212771428571,20.5714285714286,20.5714285714286,0,,,,,2726,2023-01-22,5220009,Sao Joao d'Alianca,GO,2023,4
1673740800000,202303,6.0,6,6,6,0.6388257,42.59851,0,1,522000920230319747,2024-01-25,São João d'Aliança,0,1.2310559,14085,22.1428571428571,69.4868628571429,0,0,1,69.4868628571429,69.4868628571429,22.1428571428571,22.1428571428571,0,,,,,2726,2023-01-15,5220009,Sao Joao d'Alianca,GO,2023,3
1673136000000,202302,6.0,6,6,6,0.8754308,42.59851,0,2,522000920230219747,2024-01-25,São João d'Aliança,0,2.151156,14085,19.0,90.6840257142857,1,0,1,79.6281335714286,62.9142951428571,21.1190474285714,24.2857142857143,0,,,,,2726,2023-01-08,5220009,Sao Joao d'Alianca,GO,2023,2
1672531200000,202301,7.0,7,7,7,0.9728331,49.69826,0,2,522000920230119740,2024-01-18,São João d'Aliança,0,3.918988,14085,19.2857142857143,92.3190262857143,1,1,1,76.6823057142857,56.4081015714286,21.9821425714286,26.0,3,,,,,2726,2023-01-01,5220009,Sao Joao d'Alianca,GO,2023,1
1671926400000,202252,1.0,1,1,1,0.18047787,7.0997515,0,2,522000920225219733,2024-01-11,São João d'Aliança,0,0.40484092,14085,19.0,93.9743466666667,1,0,0,89.5614333333333,70.8377946666667,20.05303,21.6666666666667,0,,,,,2726,2022-12-25,5220009,Sao Joao d'Alianca,GO,2022,52
1671321600000,202251,1.0,1,1,1,0.10064303,7.0997515,0,2,522000920225119718,2023-12-27,São João d'Aliança,0,0.30187032,14085,18.5,93.92977,1,0,0,84.775325,63.8116875,20.677885,24.5,0,,,,,2726,2022-12-18,5220009,Sao Joao d'Alianca,GO,2022,51
1670716800000,202250,2.0,2,2,2,0.3511646,14.199503,0,2,522000920225019718,2023-12-27,São João d'Aliança,0,0.7243582,14085,19.6666666666667,90.2900316666667,1,0,0,75.5618248333333,57.4447295,22.213889,25.6666666666667,2,,,,,2726,2022-12-11,5220009,Sao Joao d'Alianca,GO,2022,50
1670112000000,202249,5.0,5,5,5,0.9394594,35.498756,0,2,522000920224919708,2023-12-17,São João d'Aliança,0,3.4511313,14085,19.0,93.1274897142857,1,0,0,78.3807888571429,56.234546,21.8760822857143,26.1428571428571,0,,,,,2726,2022-12-04,5220009,Sao Joao d'Alianca,GO,2022,49
1669507200000,202248,3.0,3,3,3,0.9304139,21.299255,0,1,522000920224819684,2023-11-23,São João d'Aliança,0,4.6445785,14085,18.2857142857143,93.988274,1,0,0,79.0060364285714,56.1041121428571,21.3357145714286,25.5714285714286,1,,,,,2726,2022-11-27,5220009,Sao Joao d'Alianca,GO,2022,48
1668902400000,202247,1.0,1,1,1,0.73055446,7.0997515,0,1,522000920224719684,2023-11-23,São João d'Aliança,0,2.2078164,14085,18.2857142857143,96.5898705714286,1,0,0,81.2759271428571,61.2429421428571,21.1251727142857,25.0,0,,,,,2726,2022-11-20,5220009,Sao Joao d'Alianca,GO,2022,47
1668297600000,202246,0.0,0,0,0,0.0,0.0,0,1,522000920224619684,2023-11-23,São João d'Aliança,0,0.0,14085,18.5714285714286,96.5969728571429,0,0,0,81.6690514285714,57.1657104285714,21.5520188571429,26.7142857142857,0,,,,,2726,2022-11-13,5220009,Sao Joao d'Alianca,GO,2022,46
1667692800000,202245,1.0,1,1,1,0.9572791,7.0997515,0,1,522000920224519684,2023-11-23,São João d'Aliança,0,15.875916,14085,17.5714285714286,92.4072482857143,0,0,0,77.5294514285714,56.1062768571429,21.0367965714286,25.8571428571429,0,,,,,2726,2022-11-06,5220009,Sao Joao d'Alianca,GO,2022,45
1667088000000,202244,0.0,0,0,0,0.0,0.0,0,1,522000920224419684,2023-11-23,São João d'Aliança,0,0.0,14085,17.8571428571429,97.4635071428571,0,0,0,79.355244,57.1676717142857,21.0447995714286,25.4285714285714,0,,,,,2726,2022-10-30,5220009,Sao Joao d'Alianca,GO,2022,44
1666483200000,202243,0.0,0,0,0,0.0,0.0,0,1,522000920224319684,2023-11-23,São João d'Aliança,0,0.0,14085,18.4285714285714,92.5638954285714,0,0,0,71.6844725714286,52.4301154285714,22.4214288571429,26.7142857142857,0,,,,,2726,2022-10-23,5220009,Sao Joao d'Alianca,GO,2022,43
1665878400000,202242,0.0,0,0,0,0.0,0.0,0,1,522000920224219684,2023-11-23,São João d'Aliança,0,0.0,14085,19.2857142857143,66.993991,0,0,0,44.4687085714286,27.5304324285714,24.915796,30.5714285714286,0,,,,,2726,2022-10-16,5220009,Sao Joao d'Alianca,GO,2022,42
1665273600000,202241,0.0,0,0,0,0.0,0.0,0,1,522000920224119684,2023-11-23,São João d'Aliança,0,0.0,14085,18.7142857142857,64.3749081428571,0,0,0,46.136526,29.3426358571429,24.6547617142857,30.2857142857143,0,,,,,2726,2022-10-09,5220009,Sao Joao d'Alianca,GO,2022,41
1664668800000,202240,2.0,2,2,2,0.92189765,14.199503,0,1,522000920224019684,2023-11-23,São João d'Aliança,0,5.7150345,14085,19.8571428571429,81.5691865714286,0,0,0,64.9166772857143,45.6374,22.9918831428571,27.0,0,,,,,2726,2022-10-02,5220009,Sao Joao d'Alianca,GO,2022,40
1664064000000,202239,1.0,1,1,1,0.9631786,7.0997515,0,1,522000920223919684,2023-11-23,São João d'Aliança,0,18.47582,14085,18.8571428571429,86.7825357142857,0,0,0,64.6520471428571,42.8540258571429,23.5778388571429,28.0,0,,,,,2726,2022-09-25,5220009,Sao Joao d'Alianca,GO,2022,39
1663459200000,202238,0.0,0,0,0,0.0,0.0,0,1,522000920223819684,2023-11-23,São João d'Aliança,0,0.0,14085,19.5714285714286,87.0378442857143,0,0,0,75.3965907142857,57.6158354285714,21.9340491428571,26.0,0,,,,,2726,2022-09-18,5220009,Sao Joao d'Alianca,GO,2022,38
1662854400000,202237,0.0,0,0,0,0.0,0.0,0,1,522000920223719684,2023-11-23,São João d'Aliança,0,0.0,14085,17.5714285714286,64.9366548571429,0,0,0,43.0064551428571,26.1892998571429,23.4399585714286,29.4285714285714,0,,,,,2726,2022-09-11,5220009,Sao Joao d'Alianca,GO,2022,37
1662249600000,202236,0.0,0,0,0,0.0,0.0,0,1,522000920223619684,2023-11-23,São João d'Aliança,0,0.0,14085,14.4285714285714,67.5492405714286,0,0,0,41.9576865714286,21.892369,22.5362314285714,29.7142857142857,0,,,,,2726,2022-09-04,5220009,Sao Joao d'Alianca,GO,2022,36
1661644800000,202235,0.0,0,0,0,0.0,0.0,0,1,522000920223519684,2023-11-23,São João d'Aliança,0,0.0,14085,13.4285714285714,69.280637,0,0,0,49.9762477142857,33.2029888571429,19.3575757142857,25.0,0,,,,,2726,2022-08-28,5220009,Sao Joao d'Alianca,GO,2022,35
1661040000000,202234,0.0,0,0,0,0.0,0.0,0,1,522000920223419684,2023-11-23,São João d'Aliança,0,0.0,14085,13.5714285714286,72.683668,0,0,0,50.569373,33.1938754285714,19.5404452857143,25.1428571428571,0,,,,,2726,2022-08-21,5220009,Sao Joao d'Alianca,GO,2022,34
1660435200000,202233,1.0,1,1,1,0.90493625,7.0997515,0,1,522000920223319684,2023-11-23,São João d'Aliança,0,6.9390526,14085,14.8571428571429,73.5639842857143,0,0,0,50.4622805714286,32.8632422857143,20.7673075714286,26.2857142857143,0,,,,,2726,2022-08-14,5220009,Sao Joao d'Alianca,GO,2022,33
1659830400000,202232,0.0,0,0,0,0.0,0.0,0,1,522000920223219684,2023-11-23,São João d'Aliança,0,0.0,14085,14.0,74.8994007142857,0,0,0,47.8615458571429,27.7368811428571,21.470238,29.1428571428571,0,,,,,2726,2022-08-07,5220009,Sao Joao d'Alianca,GO,2022,32
1659225600000,202231,0.0,0,0,0,0.0,0.0,0,1,522000920223119684,2023-11-23,São João d'Aliança,0,0.0,14085,13.4285714285714,76.0803137142857,0,0,0,52.1349268571429,31.9962834285714,19.8380951428571,26.1428571428571,0,,,,,2726,2022-07-31,5220009,Sao Joao d'Alianca,GO,2022,31
1658620800000,202230,0.0,0,0,0,0.0,0.0,0,1,522000920223019684,2023-11-23,São João d'Aliança,0,0.0,14085,12.4285714285714,78.6261435714286,0,0,0,54.0497742857143,30.9571408571429,19.095798,26.1428571428571,0,,,,,2726,2022-07-24,5220009,Sao Joao d'Alianca,GO,2022,30
1658016000000,202229,1.0,1,1,1,0.018942928,7.0997515,0,1,522000920222919684,2023-11-23,São João d'Aliança,0,0.17475806,14085,12.5714285714286,80.6108865714286,0,0,0,58.6534278571429,39.1537008571429,18.5440477142857,24.5714285714286,0,,,,,2726,2022-07-17,5220009,Sao Joao d'Alianca,GO,2022,29
1657411200000,202228,8.0,8,8,8,0.5790035,56.79801,0,1,522000920222819684,2023-11-23,São João d'Aliança,0,1.1045157,14085,11.0,86.75139,0,0,1,62.5207772857143,38.6839828571429,17.5059522857143,24.1428571428571,3,,,,,2726,2022-07-10,5220009,Sao Joao d'Alianca,GO,2022,28
1656806400000,202227,5.0,5,5,5,0.06757897,35.498756,0,1,522000920222719684,2023-11-23,São João d'Aliança,0,0.46782112,14085,12.1428571428571,82.89579,0,0,0,61.0753394285714,39.6007082857143,18.2591992857143,24.7142857142857,3,,,,,2726,2022-07-03,5220009,Sao Joao d'Alianca,GO,2022,27
1656201600000,202226,4.0,4,4,4,0.01364221,28.399006,0,1,522000920222619684,2023-11-23,São João d'Aliança,0,0.31980956,14085,11.0,85.1387,0,0,0,58.8449532857143,34.3125784285714,18.4954482857143,25.7142857142857,4,,,,,2726,2022-06-26,5220009,Sao Joao d'Alianca,GO,2022,26
1655596800000,202225,13.0,13,13,13,0.6541017,92.29677,0,4,522000920222519684,2023-11-23,São João d'Aliança,0,1.1723394,14085,13.2857142857143,82.0726174285714,0,0,2,59.0751315714286,38.3953017142857,19.625,25.4285714285714,8,,,,,2726,2022-06-19,5220009,Sao Joao d'Alianca,GO,2022,25
1654992000000,202224,15.0,15,15,15,0.9260942,106.49627,0,1,522000920222419684,2023-11-23,São João d'Aliança,0,1.8277729,14085,15.0,85.588163,0,0,2,62.9264948571429,40.3096182857143,20.4821425714286,26.7142857142857,7,,,,,2726,2022-06-12,5220009,Sao Joao d'Alianca,GO,2022,24
1654387200000,202223,11.0,11,11,11,0.85917854,78.09727,0,1,522000920222319684,2023-11-23,São João d'Aliança,0,1.6632735,14085,13.5714285714286,85.4172108571429,0,0,1,66.5823192857143,46.0246508571429,18.5127551428571,24.0,6,,,,,2726,2022-06-05,5220009,Sao Joao d'Alianca,GO,2022,23
1653782400000,202222,9.0,9,9,9,0.45756364,63.897762,0,1,522000920222219684,2023-11-23,São João d'Aliança,0,0.95263886,14085,12.1428571428571,81.9714232857143,0,0,1,56.3103858571429,31.9399344285714,19.6437072857143,27.4285714285714,7,,,,,2726,2022-05-29,5220009,Sao Joao d'Alianca,GO,2022,22
1653177600000,202221,3.0,3,3,3,0.0022455356,21.299255,0,1,522000920222119684,2023-11-23,São João d'Aliança,0,0.21621706,14085,12.5714285714286,87.08086,0,0,0,61.4327034285714,37.2640028571429,19.1617965714286,25.7142857142857,3,,,,,2726,2022-05-22,5220009,Sao Joao d'Alianca,GO,2022,21
1652572800000,202220,6.0,6,6,6,0.029417632,42.59851,0,1,522000920222019684,2023-11-23,São João d'Aliança,0,0.42305085,14085,11.8571428571429,84.4952805714286,0,0,1,62.9035674285714,36.2579531428571,17.3392857142857,23.8571428571429,5,,,,,2726,2022-05-15,5220009,Sao Joao d'Alianca,GO,2022,20
1651968000000,202219,21.0,21,21,21,0.9540987,149.09479,0,4,522000920221919684,2023-11-23,São João d'Aliança,0,1.8146594,14085,16.1428571428571,89.6756457142857,0,1,2,65.2229281428571,43.6238678571429,21.5833334285714,26.7142857142857,9,,,,,2726,2022-05-08,5220009,Sao Joao d'Alianca,GO,2022,19
1651363200000,202218,13.0,13,13,13,0.8749565,92.29677,0,4,522000920221819684,2023-11-23,São João d'Aliança,0,1.6502124,14085,17.1428571428571,88.1557562857143,0,0,2,67.6145771428571,49.3507055714286,22.2571428571429,27.0,11,,,,,2726,2022-05-01,5220009,Sao Joao d'Alianca,GO,2022,18
1650758400000,202217,13.0,13,13,13,0.98498386,92.29677,0,1,522000920221719684,2023-11-23,São João d'Aliança,0,2.963809,14085,17.2857142857143,86.0567122857143,0,1,2,66.4426838571429,42.8870952857143,22.236472,27.4285714285714,8,,,,,2726,2022-04-24,5220009,Sao Joao d'Alianca,GO,2022,17
1650153600000,202216,8.0,8,8,8,0.9697941,56.79801,0,1,522000920221619684,2023-11-23,São João d'Aliança,0,3.3638887,14085,16.1428571428571,89.7645371428571,0,1,1,64.1034552857143,40.3803115714286,22.3747414285714,28.1428571428571,5,,,,,2726,2022-04-17,5220009,Sao Joao d'Alianca,GO,2022,16
1649548800000,202215,3.0,3,3,3,0.6848713,21.299255,0,1,522000920221519684,2023-11-23,São João d'Aliança,0,1.4899709,14085,19.4285714285714,93.2098842857143,1,0,0,74.8484662857143,50.8316565714286,23.1062924285714,28.4285714285714,1,,,,,2726,2022-04-10,5220009,Sao Joao d'Alianca,GO,2022,15
1648944000000,202214,2.0,2,2,2,0.33741307,14.199503,0,1,522000920221419684,2023-11-23,São João d'Aliança,0,0.7033719,14085,17.2857142857143,87.3265614285714,0,0,0,63.44131,44.125536,23.2321428571429,28.4285714285714,2,,,,,2726,2022-04-03,5220009,Sao Joao d'Alianca,GO,2022,14
1648339200000,202213,1.0,1,1,1,0.06720897,7.0997515,0,1,522000920221319684,2023-11-23,São João d'Aliança,0,0.25672606,14085,18.4285714285714,84.3402228571429,0,0,0,59.8388778571429,36.4468214285714,24.3579401428571,30.0,1,,,,,2726,2022-03-27,5220009,Sao Joao d'Alianca,GO,2022,13
1647734400000,202212,3.0,3,3,3,0.3516955,21.299255,0,1,522000920221219684,2023-11-23,São João d'Aliança,0,0.7609646,14085,18.0,90.6027648571429,0,0,0,66.8086637142857,43.0196412857143,23.4200681428571,28.8571428571429,0,,,,,2726,2022-03-20,5220009,Sao Joao d'Alianca,GO,2022,12
1647129600000,202211,4.0,4,4,4,0.6548472,28.399006,0,1,522000920221119684,2023-11-23,São João d'Aliança,0,1.3294625,14085,19.7142857142857,96.6082785714286,1,0,0,79.7926615714286,57.9405338571429,22.5005102857143,26.7142857142857,1,,,,,2726,2022-03-13,5220009,Sao Joao d'Alianca,GO,2022,11
1646524800000,202210,6.0,6,6,6,0.83871335,42.59851,0,1,522000920221019684,2023-11-23,São João d'Aliança,0,1.8941965,14085,18.7142857142857,88.2747214285714,1,0,1,68.221165,45.3070775714286,23.2678571428571,28.2857142857143,2,,,,,2726,2022-03-06,5220009,Sao Joao d'Alianca,GO,2022,10
1645920000000,202209,1.0,1,1,1,0.026126986,7.0997515,0,1,522000920220919684,2023-11-23,São João d'Aliança,0,0.19017497,14085,17.8571428571429,91.4735677142857,0,0,0,72.9869754285714,47.0274331428571,22.3637684285714,28.0,1,,,,,2726,2022-02-27,5220009,Sao Joao d'Alianca,GO,2022,9
1645315200000,202208,3.0,3,3,3,0.07497267,21.299255,0,2,522000920220819684,2023-11-23,São João d'Aliança,0,0.40711156,14085,18.8571428571429,95.6832957142857,1,0,0,77.1322252857143,54.3417425714286,22.6666665714286,27.2857142857143,2,,,,,2726,2022-02-20,5220009,Sao Joao d'Alianca,GO,2022,8
1644710400000,202207,3.0,3,3,3,0.15430616,21.299255,0,2,522000920220719684,2023-11-23,São João d'Aliança,0,0.5121012,14085,19.0,98.3242914285714,1,0,0,85.8533042857143,64.1374115714286,21.3015871428571,25.2857142857143,0,,,,,2726,2022-02-13,5220009,Sao Joao d'Alianca,GO,2022,7
1644105600000,202206,12.0,12,12,12,0.9971726,85.19702,0,1,522000920220619684,2023-11-23,São João d'Aliança,0,5.1245112,14085,19.5714285714286,94.1018757142857,1,1,1,81.1187141428571,61.4136694285714,21.8537782857143,25.1428571428571,3,,,,,2726,2022-02-06,5220009,Sao Joao d'Alianca,GO,2022,6
1643500800000,202205,7.0,7,7,7,0.99860114,49.69826,0,1,522000920220519684,2023-11-23,São João d'Aliança,0,18.521618,14085,19.2857142857143,94.0717157142857,1,1,1,76.8378707142857,55.116085,22.8452382857143,27.4285714285714,3,,,,,2726,2022-01-30,5220009,Sao Joao d'Alianca,GO,2022,5
1642896000000,202204,0.0,0,0,0,0.0,0.0,0,1,522000920220419684,2023-11-23,São João d'Aliança,0,0.0,14085,19.2857142857143,88.4009338571429,0,0,0,68.8524324285714,42.3662232857143,23.329365,27.7142857142857,0,,,,,2726,2022-01-23,5220009,Sao Joao d'Alianca,GO,2022,4
1642291200000,202203,0.0,0,0,0,0.0,0.0,0,1,522000920220319684,2023-11-23,São João d'Aliança,0,0.0,14085,19.0,84.439927,0,0,0,60.8991127142857,38.1223407142857,24.0661762857143,28.8571428571429,0,,,,,2726,2022-01-16,5220009,Sao Joao d'Alianca,GO,2022,3
1641686400000,202202,0.0,0,0,0,0.0,0.0,0,1,522000920220219684,2023-11-23,São João d'Aliança,0,0.0,14085,18.2857142857143,95.7747814285714,0,0,0,81.8159628571428,62.0994928571429,21.529762,25.4285714285714,0,,,,,2726,2022-01-09,5220009,Sao Joao d'Alianca,GO,2022,2
1641081600000,202201,0.0,0,0,0,0.0,0.0,0,1,522000920220119684,2023-11-23,São João d'Aliança,0,0.0,14085,19.4285714285714,97.4365414285714,0,0,0,84.7637071428571,65.0754605714286,21.9415975714286,25.7142857142857,0,,,,,2726,2022-01-02,5220009,Sao Joao d'Alianca,GO,2022,1
1640476800000,202152,0.0,0,0,0,0.0,0.0,0,1,522000920215219684,2023-11-23,São João d'Aliança,0,0.0,14085,19.2857142857143,96.5631842857143,0,0,0,83.1031221428571,64.7107498571429,21.7639754285714,24.8571428571429,0,,,,,2726,2021-12-26,5220009,Sao Joao d'Alianca,GO,2021,52
1639872000000,202151,0.0,0,0,0,0.0,0.0,0,1,522000920215119684,2023-11-23,São João d'Aliança,0,0.0,14085,19.2857142857143,99.1455371428571,0,0,0,83.8618135714286,60.7938734285714,22.1863351428571,26.2857142857143,0,,,,,2726,2021-12-19,5220009,Sao Joao d'Alianca,GO,2021,51
1639267200000,202150,0.0,0,0,0,0.0,0.0,0,1,522000920215019684,2023-11-23,São João d'Aliança,0,0.0,14085,19.5714285714286,98.2847528571429,0,0,0,83.3876711428571,61.1714955714286,22.3749294285714,26.7142857142857,0,,,,,2726,2021-12-12,5220009,Sao Joao d'Alianca,GO,2021,50
1638662400000,202149,0.0,0,0,0,0.0,0.0,0,1,522000920214919684,2023-11-23,São João d'Aliança,0,0.0,14085,19.2857142857143,96.5631842857143,0,0,0,80.2377128571429,55.6742594285714,22.5274328571429,27.2857142857143,0,,,,,2726,2021-12-05,5220009,Sao Joao d'Alianca,GO,2021,49
1638057600000,202148,0.0,0,0,0,0.0,0.0,0,1,522000920214819684,2023-11-23,São João d'Aliança,0,0.0,14085,19.4285714285714,96.6515714285714,0,0,0,81.5217685714286,56.1278164285714,22.835686,27.1428571428571,0,,,,,2726,2021-11-28,5220009,Sao Joao d'Alianca,GO,2021,48
1637452800000,202147,1.0,1,1,1,0.6177504,7.0997515,0,1,522000920214719684,2023-11-23,São João d'Aliança,0,1.4390478,14085,19.1428571428571,95.8185,1,0,0,71.9879885714286,45.4034822857143,23.8032182857143,29.1428571428571,1,,,,,2726,2021-11-21,5220009,Sao Joao d'Alianca,GO,2021,47
1636848000000,202146,0.0,0,0,0,0.0,0.0,0,1,522000920214619684,2023-11-23,São João d'Aliança,0,0.0,14085,18.8571428571429,99.1392157142857,0,0,0,86.6335664285714,67.6370247142857,21.0626762857143,24.5714285714286,0,,,,,2726,2021-11-14,5220009,Sao Joao d'Alianca,GO,2021,46
1636243200000,202145,1.0,1,1,1,0.8145292,7.0997515,0,1,522000920214519684,2023-11-23,São João d'Aliança,0,3.3788157,14085,19.7142857142857,96.5695057142857,1,0,0,83.8560065714286,63.9031078571429,21.916996,25.7142857142857,1,,,,,2726,2021-11-07,5220009,Sao Joao d'Alianca,GO,2021,45
1635638400000,202144,1.0,1,1,1,0.9632679,7.0997515,0,1,522000920214419684,2023-11-23,São João d'Aliança,0,18.521618,14085,19.1428571428571,94.9049228571429,1,0,0,79.0485935714286,57.034604,22.2845851428571,26.5714285714286,1,,,,,2726,2021-10-31,5220009,Sao Joao d'Alianca,GO,2021,44
1635033600000,202143,0.0,0,0,0,0.0,0.0,0,1,522000920214319684,2023-11-23,São João d'Aliança,0,0.0,14085,19.7142857142857,87.2303314285714,0,0,0,65.7627388571429,42.7663114285714,24.1959345714286,29.7142857142857,0,,,,,2726,2021-10-24,5220009,Sao Joao d'Alianca,GO,2021,43
1634428800000,202142,0.0,0,0,0,0.0,0.0,0,1,522000920214219684,2023-11-23,São João d'Aliança,0,0.0,14085,19.1428571428571,92.4420505714286,0,0,0,72.9548801428571,49.7485974285714,23.406469,28.4285714285714,0,,,,,2726,2021-10-17,5220009,Sao Joao d'Alianca,GO,2021,42
1633824000000,202141,0.0,0,0,0,0.0,0.0,0,1,522000920214119684,2023-11-23,São João d'Aliança,0,0.0,14085,19.5714285714286,93.2596742857143,0,0,0,73.6615957142857,49.1899128571429,23.391634,28.8571428571429,0,,,,,2726,2021-10-10,5220009,Sao Joao d'Alianca,GO,2021,41
1633219200000,202140,0.0,0,0,0,0.0,0.0,0,1,522000920214019684,2023-11-23,São João d'Aliança,0,0.0,14085,20.0,76.1088971428571,0,0,0,50.1387944285714,26.7316421428571,26.4464288571429,33.0,0,,,,,2726,2021-10-03,5220009,Sao Joao d'Alianca,GO,2021,40
1632614400000,202139,0.0,0,0,0,0.0,0.0,0,1,522000920213919684,2023-11-23,São João d'Aliança,0,0.0,14085,19.1428571428571,78.4010768571429,0,0,0,55.5234057142857,34.1598694285714,24.5157865714286,30.2857142857143,0,,,,,2726,2021-09-26,5220009,Sao Joao d'Alianca,GO,2021,39
1632009600000,202138,0.0,0,0,0,0.0,0.0,0,1,522000920213819684,2023-11-23,São João d'Aliança,0,0.0,14085,18.1428571428571,66.7016934285714,0,0,0,42.6825678571429,24.1409134285714,25.714286,33.0,0,,,,,2726,2021-09-19,5220009,Sao Joao d'Alianca,GO,2021,38
1631404800000,202137,0.0,0,0,0,0.0,0.0,0,1,522000920213719684,2023-11-23,São João d'Aliança,0,0.0,14085,16.1428571428571,59.2610882857143,0,0,0,34.514394,17.1883684285714,24.92029,32.1428571428571,0,,,,,2726,2021-09-12,5220009,Sao Joao d'Alianca,GO,2021,37
1630800000000,202136,0.0,0,0,0,0.0,0.0,0,1,522000920213619684,2023-11-23,São João d'Aliança,0,0.0,14085,16.5714285714286,64.8095248571429,0,0,0,37.2584027142857,17.8000632857143,25.5155277142857,33.4285714285714,0,,,,,2726,2021-09-05,5220009,Sao Joao d'Alianca,GO,2021,36
1630195200000,202135,0.0,0,0,0,0.0,0.0,0,1,522000920213519684,2023-11-23,São João d'Aliança,0,0.0,14085,15.7142857142857,73.0531564285714,0,0,0,49.6873562857143,28.6732232857143,22.1380345714286,28.7142857142857,0,,,,,2726,2021-08-29,5220009,Sao Joao d'Alianca,GO,2021,35
1629590400000,202134,0.0,0,0,0,0.0,0.0,0,1,522000920213419684,2023-11-23,São João d'Aliança,0,0.0,14085,14.2857142857143,71.4570802857143,0,0,0,44.6969774285714,24.613081,22.5527948571429,30.0,0,,,,,2726,2021-08-22,5220009,Sao Joao d'Alianca,GO,2021,34
1628985600000,202133,0.0,0,0,0,0.0,0.0,0,1,522000920213319684,2023-11-23,São João d'Aliança,0,0.0,14085,12.7142857142857,74.385162,0,0,0,46.1761064285714,26.1762268571429,20.7950314285714,27.8571428571429,0,,,,,2726,2021-08-15,5220009,Sao Joao d'Alianca,GO,2021,33
1628380800000,202132,0.0,0,0,0,0.0,0.0,0,1,522000920213219684,2023-11-23,São João d'Aliança,0,0.0,14085,12.1428571428571,79.8900945714286,0,0,0,50.8448611428571,27.7660268571429,20.2732914285714,27.5714285714286,0,,,,,2726,2021-08-08,5220009,Sao Joao d'Alianca,GO,2021,32
1627776000000,202131,0.0,0,0,0,0.0,0.0,0,1,522000920213119684,2023-11-23,São João d'Aliança,0,0.0,14085,13.5714285714286,76.406646,0,0,0,55.1886467142857,36.0426724285714,19.2289665714286,24.7142857142857,0,,,,,2726,2021-08-01,5220009,Sao Joao d'Alianca,GO,2021,31
1627171200000,202130,0.0,0,0,0,0.0,0.0,0,1,522000920213019684,2023-11-23,São João d'Aliança,0,0.0,14085,10.5714285714286,75.366805,0,0,0,49.8458544285714,31.1257135714286,18.7826088571429,26.7142857142857,0,,,,,2726,2021-07-25,5220009,Sao Joao d'Alianca,GO,2021,30
1626566400000,202129,0.0,0,0,0,0.0,0.0,0,1,522000920212919684,2023-11-23,São João d'Aliança,0,0.0,14085,12.7142857142857,74.9124467142857,0,0,0,51.354167,31.2764212857143,19.6708077142857,26.2857142857143,0,,,,,2726,2021-07-18,5220009,Sao Joao d'Alianca,GO,2021,29
1625961600000,202128,0.0,0,0,0,0.0,0.0,0,1,522000920212819684,2023-11-23,São João d'Aliança,0,0.0,14085,10.1428571428571,84.1847835714286,0,0,0,56.1268215714286,31.4361722857143,18.5222565714286,26.1428571428571,0,,,,,2726,2021-07-11,5220009,Sao Joao d'Alianca,GO,2021,28
1625356800000,202127,0.0,0,0,0,0.0,0.0,0,1,522000920212719684,2023-11-23,São João d'Aliança,0,0.0,14085,9.28571428571429,84.98449,0,0,0,55.942113,29.4734464285714,17.5155282857143,25.2857142857143,0,,,,,2726,2021-07-04,5220009,Sao Joao d'Alianca,GO,2021,27
1624752000000,202126,0.0,0,0,0,0.0,0.0,0,1,522000920212619684,2023-11-23,São João d'Aliança,0,0.0,14085,10.8571428571429,83.5715771428571,0,0,0,59.7952774285714,37.5027352857143,17.5344437142857,24.1428571428571,0,,,,,2726,2021-06-27,5220009,Sao Joao d'Alianca,GO,2021,26
1624147200000,202125,0.0,0,0,0,0.0,0.0,0,1,522000920212519684,2023-11-23,São João d'Aliança,0,0.0,14085,13.0,87.7259265714286,0,0,0,60.1422724285714,32.6517378571429,19.931112,26.8571428571429,0,,,,,2726,2021-06-20,5220009,Sao Joao d'Alianca,GO,2021,25
1623542400000,202124,0.0,0,0,0,0.0,0.0,0,1,522000920212419684,2023-11-23,São João d'Aliança,0,0.0,14085,14.2857142857143,86.6938714285714,0,0,0,64.0337278571428,43.005393,19.9184782857143,25.2857142857143,0,,,,,2726,2021-06-13,5220009,Sao Joao d'Alianca,GO,2021,24
1622937600000,202123,0.0,0,0,0,0.0,0.0,0,1,522000920212319684,2023-11-23,São João d'Aliança,0,0.0,14085,15.0,88.7808271428571,0,0,0,67.8732564285714,45.2684524285714,20.0833335714286,25.8571428571429,0,,,,,2726,2021-06-06,5220009,Sao Joao d'Alianca,GO,2021,23
1622332800000,202122,0.0,0,0,0,0.0,0.0,0,1,522000920212219684,2023-11-23,São João d'Aliança,0,0.0,14085,14.0,87.9087857142857,0,0,0,63.6846164285714,37.631327,20.5736282857143,27.2857142857143,0,,,,,2726,2021-05-30,5220009,Sao Joao d'Alianca,GO,2021,22
1621728000000,202121,0.0,0,0,0,0.0,0.0,0,1,522000920212119684,2023-11-23,São João d'Aliança,1,0.0,14085,16.7142857142857,92.2280257142857,0,0,0,67.7113187142857,42.8719665714286,22.375,28.4285714285714,0,,,,,2726,2021-05-23,5220009,Sao Joao d'Alianca,GO,2021,21
1621123200000,202120,0.0,0,0,0,0.0,0.0,0,1,522000920212019684,2023-11-23,São João d'Aliança,0,0.0,14085,13.0,91.2107414285714,0,0,0,62.314748,35.1850972857143,20.4761905714286,27.1428571428571,0,,,,,2726,2021-05-16,5220009,Sao Joao d'Alianca,GO,2021,20
1620518400000,202119,0.0,0,0,0,0.0,0.0,0,1,522000920211919684,2023-11-23,São João d'Aliança,0,0.0,14085,14.1428571428571,88.6733928571429,0,0,0,64.3450831428571,41.1646547142857,20.125,25.7142857142857,0,,,,,2726,2021-05-09,5220009,Sao Joao d'Alianca,GO,2021,19
1619913600000,202118,0.0,0,0,0,0.0,0.0,0,1,522000920211819684,2023-11-23,São João d'Aliança,0,0.0,14085,14.5714285714286,88.9441585714286,0,0,0,67.5060581428571,42.5059274285714,20.4880954285714,26.1428571428571,0,,,,,2726,2021-05-02,5220009,Sao Joao d'Alianca,GO,2021,18
1619308800000,202117,0.0,0,0,0,0.0,0.0,0,1,522000920211719684,2023-11-23,São João d'Aliança,0,0.0,14085,17.5714285714286,95.7048842857143,0,0,0,77.3551394285714,54.2797311428571,21.5520185714286,25.8571428571429,0,,,,,2726,2021-04-25,5220009,Sao Joao d'Alianca,GO,2021,17
1618704000000,202116,0.0,0,0,0,0.0,0.0,0,1,522000920211619684,2023-11-23,São João d'Aliança,0,0.0,14085,15.2857142857143,93.89014,0,0,0,73.4630407142857,50.37927,19.9399095714286,25.1428571428571,0,,,,,2726,2021-04-18,5220009,Sao Joao d'Alianca,GO,2021,16
1618099200000,202115,1.0,1,1,1,0.33390504,7.0997515,0,1,522000920211519684,2023-11-23,São João d'Aliança,0,0.63191545,14085,16.2857142857143,89.7070257142857,0,0,0,67.434619,43.7768872857143,21.7261905714286,27.2857142857143,1,,,,,2726,2021-04-11,5220009,Sao Joao d'Alianca,GO,2021,15
1617494400000,202114,2.0,2,2,2,0.7354521,14.199503,0,1,522000920211419684,2023-11-23,São João d'Aliança,0,1.8975441,14085,18.2857142857143,94.8571971428571,1,0,0,79.5558544285714,59.3112671428571,21.1607142857143,25.2857142857143,2,,,,,2726,2021-04-04,5220009,Sao Joao d'Alianca,GO,2021,14
1616889600000,202113,2.0,2,2,2,0.82852554,14.199503,0,1,522000920211319684,2023-11-23,São João d'Aliança,0,2.8196642,14085,17.7142857142857,89.8154948571429,0,0,0,64.6507262857143,40.2301368571429,23.504348,29.4285714285714,0,,,,,2726,2021-03-28,5220009,Sao Joao d'Alianca,GO,2021,13
1616284800000,202112,1.0,1,1,1,0.47877327,7.0997515,0,1,522000920211219684,2023-11-23,São João d'Aliança,0,0.9411007,14085,16.4285714285714,88.9287742857143,0,0,0,63.8930594285714,38.4806095714286,22.3869045714286,28.1428571428571,0,,,,,2726,2021-03-21,5220009,Sao Joao d'Alianca,GO,2021,12
1615680000000,202111,0.0,0,0,0,0.0,0.0,0,1,522000920211119684,2023-11-23,São João d'Aliança,0,0.0,14085,19.2857142857143,96.54408,0,0,0,81.2212574285714,61.589928,21.7251725714286,25.2857142857143,0,,,,,2726,2021-03-14,5220009,Sao Joao d'Alianca,GO,2021,11
1615075200000,202110,1.0,1,1,1,0.20186494,7.0997515,0,2,522000920211019684,2023-11-23,São João d'Aliança,0,0.43317464,14085,19.4285714285714,94.0377471428571,1,0,0,80.3793621428571,57.9639117142857,21.9704968571429,26.4285714285714,1,,,,,2726,2021-03-07,5220009,Sao Joao d'Alianca,GO,2021,10
1614470400000,202109,2.0,2,2,2,0.4456261,14.199503,0,2,522000920210919684,2023-11-23,São João d'Aliança,0,0.88676715,14085,18.2857142857143,93.20218,1,0,0,76.8389297142857,60.481756,21.7889851428571,25.4285714285714,1,,,,,2726,2021-02-28,5220009,Sao Joao d'Alianca,GO,2021,9
1613865600000,202108,2.0,2,2,2,0.6203905,14.199503,0,1,522000920210819684,2023-11-23,São João d'Aliança,0,1.3392514,14085,19.0,95.7024,1,0,0,85.4754722857143,68.6904364285714,21.0818558571429,24.8571428571429,1,,,,,2726,2021-02-21,5220009,Sao Joao d'Alianca,GO,2021,8
1613260800000,202107,4.0,4,4,4,0.8796442,28.399006,0,1,522000920210719684,2023-11-23,São João d'Aliança,0,2.6461065,14085,19.8571428571429,97.43029,1,0,0,87.0259122857143,67.941441,21.5729814285714,25.7142857142857,3,,,,,2726,2021-02-14,5220009,Sao Joao d'Alianca,GO,2021,7
1612656000000,202106,0.0,0,0,0,0.0,0.0,0,1,522000920210619684,2023-11-23,São João d'Aliança,0,0.0,14085,18.8571428571429,95.7417291428571,0,0,0,84.8033824285714,67.4999421428571,21.139234,25.1428571428571,0,,,,,2726,2021-02-07,5220009,Sao Joao d'Alianca,GO,2021,6
1612051200000,202105,1.0,1,1,1,0.18166181,7.0997515,0,1,522000920210519684,2023-11-23,São João d'Aliança,0,0.4063929,14085,19.7142857142857,90.0852285714286,1,0,0,74.4659757142857,54.7082732857143,23.2533314285714,27.5714285714286,0,,,,,2726,2021-01-31,5220009,Sao Joao d'Alianca,GO,2021,5
1611446400000,202104,3.0,3,3,3,0.74872875,21.299255,0,1,522000920210419684,2023-11-23,São João d'Aliança,0,1.7794613,14085,18.2857142857143,84.5731074285714,0,0,0,63.7151582857143,43.7780817142857,23.1924601428571,28.1428571428571,0,,,,,2726,2021-01-24,5220009,Sao Joao d'Alianca,GO,2021,4
1610841600000,202103,3.0,3,3,3,0.9297824,21.299255,0,1,522000920210319684,2023-11-23,São João d'Aliança,0,4.612928,14085,17.8571428571429,91.6025291428571,0,0,0,65.5975597142857,43.1606454285714,23.3387445714286,28.1428571428571,2,,,,,2726,2021-01-17,5220009,Sao Joao d'Alianca,GO,2021,3
1610236800000,202102,2.0,2,2,2,0.9661878,14.199503,0,1,522000920210219684,2023-11-23,São João d'Aliança,0,12.347745,14085,19.5714285714286,96.5695057142857,1,0,0,81.7848205714286,60.8395625714286,22.154729,26.5714285714286,0,,,,,2726,2021-01-10,5220009,Sao Joao d'Alianca,GO,2021,2
1609632000000,202101,0.0,0,0,0,0.0,0.0,0,1,522000920210119684,2023-11-23,São João d'Aliança,0,0.0,14085,19.1428571428571,91.5289014285714,0,0,0,73.1375412857143,47.3362918571429,23.405538,28.7142857142857,0,,,,,2726,2021-01-03,5220009,Sao Joao d'Alianca,GO,2021,1
1609027200000,202053,0.0,0,0,0,0.0,0.0,0,1,522000920205319589,2023-08-20,São João d'Aliança,0,0.0,14085,19.0,88.269605,0,0,0,70.346973,43.828385,22.625,29.0,0,,,,,2726,2020-12-27,5220009,Sao Joao d'Alianca,GO,2020,53
1608422400000,202052,0.0,0,0,0,0.0,0.0,0,1,522000920205219589,2023-08-20,São João d'Aliança,0,0.0,14085,19.08,89.18544416,0,0,0,,,,,0,,,,,2726,2020-12-20,5220009,Sao Joao d'Alianca,GO,2020,52
1607817600000,202051,1.0,1,1,1,0.9632679,7.0997515,0,1,522000920205119589,2023-08-20,São João d'Aliança,0,18.521618,14085,19.16,90.10128332,1,0,0,,,,,0,,,,,2726,2020-12-13,5220009,Sao Joao d'Alianca,GO,2020,51
1607212800000,202050,0.0,0,0,0,0.0,0.0,0,1,522000920205019589,2023-08-20,São João d'Aliança,0,0.0,14085,19.24,91.01712248,0,0,0,,,,,0,,,,,2726,2020-12-06,5220009,Sao Joao d'Alianca,GO,2020,50
1606608000000,202049,0.0,0,0,0,0.0,0.0,0,1,522000920204919589,2023-08-20,São João d'Aliança,0,0.0,14085,19.32,91.93296164,0,0,0,,,,,0,,,,,2726,2020-11-29,5220009,Sao Joao d'Alianca,GO,2020,49
1606003200000,202048,0.0,0,0,0,0.0,0.0,0,1,522000920204819589,2023-08-20,São João d'Aliança,0,0.0,14085,19.4,92.8488008,0,0,0,76.536782,55.6382074,22.6426876,26.8,0,,,,,2726,2020-11-22,5220009,Sao Joao d'Alianca,GO,2020,48
1605398400000,202047,0.0,0,0,0,0.0,0.0,0,1,522000920204719589,2023-08-20,São João d'Aliança,0,0.0,14085,19.7142857142857,94.98075,0,0,0,78.051455,56.0577165714286,23.4233951428571,28.1428571428571,0,,,,,2726,2020-11-15,5220009,Sao Joao d'Alianca,GO,2020,47
1604793600000,202046,0.0,0,0,0,0.0,0.0,0,1,522000920204619589,2023-08-20,São João d'Aliança,0,0.0,14085,20.1666666666667,90.4472266666667,0,0,0,74.2262956666667,48.799564,23.8993466666667,29.1666666666667,0,,,,,2726,2020-11-08,5220009,Sao Joao d'Alianca,GO,2020,46
1604188800000,202045,0.0,0,0,0,0.0,0.0,0,1,522000920204519589,2023-08-20,São João d'Aliança,0,0.0,14085,19.2857142857143,94.8811542857143,0,0,0,76.4401137142857,49.5668171428571,23.0226568571429,28.4285714285714,0,,,,,2726,2020-11-01,5220009,Sao Joao d'Alianca,GO,2020,45
1603584000000,202044,0.0,0,0,0,0.0,0.0,0,1,522000920204419589,2023-08-20,São João d'Aliança,0,0.0,14085,20.5714285714286,93.2780757142857,0,0,0,78.1103414285714,56.511382,23.3482968571429,27.5714285714286,0,,,,,2726,2020-10-25,5220009,Sao Joao d'Alianca,GO,2020,44
1602979200000,202043,0.0,0,0,0,0.0,0.0,0,1,522000920204319589,2023-08-20,São João d'Aliança,0,0.0,14085,19.8571428571429,94.16264,0,0,0,80.1241831428571,61.2628961428571,22.5866742857143,26.5714285714286,0,,,,,2726,2020-10-18,5220009,Sao Joao d'Alianca,GO,2020,43
1602374400000,202042,0.0,0,0,0,0.0,0.0,0,1,522000920204219589,2023-08-20,São João d'Aliança,0,0.0,14085,20.0,86.1631828571429,0,0,0,64.3453175714286,39.6213817142857,24.7814791428571,30.7142857142857,0,,,,,2726,2020-10-11,5220009,Sao Joao d'Alianca,GO,2020,42
1601769600000,202041,0.0,0,0,0,0.0,0.0,0,1,522000920204119589,2023-08-20,São João d'Aliança,0,0.0,14085,20.1428571428571,62.5708698571429,0,0,0,36.8508507142857,17.996575,28.0147517142857,35.7142857142857,0,,,,,2726,2020-10-04,5220009,Sao Joao d'Alianca,GO,2020,41
1601164800000,202040,1.0,1,1,1,0.9632679,7.0997515,0,1,522000920204019589,2023-08-20,São João d'Aliança,0,18.521614,14085,17.2857142857143,65.7091887142857,0,0,0,39.3952008571429,19.7423272857143,25.8045065714286,33.7142857142857,1,,,,,2726,2020-09-27,5220009,Sao Joao d'Alianca,GO,2020,40
1600560000000,202039,0.0,0,0,0,0.0,0.0,0,1,522000920203919589,2023-08-20,São João d'Aliança,0,0.0,14085,18.1428571428571,85.2838851428571,0,0,0,60.7414517142857,36.3818038571429,23.8338508571429,30.0,0,,,,,2726,2020-09-20,5220009,Sao Joao d'Alianca,GO,2020,39
1599955200000,202038,0.0,0,0,0,0.0,0.0,0,1,522000920203819589,2023-08-20,São João d'Aliança,0,0.0,14085,17.5714285714286,62.0121022857143,0,0,0,39.6025677142857,22.710204,24.7060042857143,31.1428571428571,0,,,,,2726,2020-09-13,5220009,Sao Joao d'Alianca,GO,2020,38
1599350400000,202037,0.0,0,0,0,0.0,0.0,0,1,522000920203719589,2023-08-20,São João d'Aliança,0,0.0,14085,14.5714285714286,72.0561828571429,0,0,0,42.6524082857143,21.5614704285714,23.5127751428571,31.2857142857143,0,,,,,2726,2020-09-06,5220009,Sao Joao d'Alianca,GO,2020,37
1598745600000,202036,0.0,0,0,0,0.0,0.0,0,1,522000920203619589,2023-08-20,São João d'Aliança,0,0.0,14085,14.7142857142857,71.5903858571429,0,0,0,45.7134751428571,25.652764,22.6461977142857,29.8571428571429,0,,,,,2726,2020-08-30,5220009,Sao Joao d'Alianca,GO,2020,36
1598140800000,202035,0.0,0,0,0,0.0,0.0,0,1,522000920203519589,2023-08-20,São João d'Aliança,0,0.0,14085,13.4285714285714,77.2957211428571,0,0,0,51.4758597142857,26.6237167142857,21.028468,28.8571428571429,0,,,,,2726,2020-08-23,5220009,Sao Joao d'Alianca,GO,2020,35
1597536000000,202034,0.0,0,0,0,0.0,0.0,0,1,522000920203419589,2023-08-20,São João d'Aliança,0,0.0,14085,16.1428571428571,81.0905214285714,0,0,0,53.2130517142857,31.3650547142857,23.8683888571429,30.7142857142857,0,,,,,2726,2020-08-16,5220009,Sao Joao d'Alianca,GO,2020,34
1596931200000,202033,0.0,0,0,0,0.0,0.0,0,1,522000920203319589,2023-08-20,São João d'Aliança,0,0.0,14085,14.0,80.6486957142857,0,0,0,53.8767831428571,30.1924594285714,21.3943391428571,28.4285714285714,0,,,,,2726,2020-08-09,5220009,Sao Joao d'Alianca,GO,2020,33
1596326400000,202032,1.0,1,1,1,0.9248646,7.0997515,0,1,522000920203219589,2023-08-20,São João d'Aliança,0,8.874223,14085,13.2857142857143,77.6079342857143,0,0,0,57.4005497142857,37.3312118571429,18.6803834285714,24.4285714285714,1,,,,,2726,2020-08-02,5220009,Sao Joao d'Alianca,GO,2020,32
1595721600000,202031,0.0,0,0,0,0.0,0.0,0,1,522000920203119589,2023-08-20,São João d'Aliança,0,0.0,14085,13.5714285714286,85.3140458571429,0,0,0,57.982508,32.3109621428571,20.4030982857143,27.0,0,,,,,2726,2020-07-26,5220009,Sao Joao d'Alianca,GO,2020,31
1595116800000,202030,0.0,0,0,0,0.0,0.0,0,1,522000920203019589,2023-08-20,São João d'Aliança,0,0.0,14085,11.4285714285714,90.687838,0,0,0,60.0307062857143,35.8624102857143,19.3062768571429,26.1428571428571,0,,,,,2726,2020-07-19,5220009,Sao Joao d'Alianca,GO,2020,30
1594512000000,202029,0.0,0,0,0,0.0,0.0,0,1,522000920202919589,2023-08-20,São João d'Aliança,0,0.0,14085,11.4285714285714,85.074415,0,0,0,56.5115657142857,29.6686241428571,19.3206994285714,27.1428571428571,0,,,,,2726,2020-07-12,5220009,Sao Joao d'Alianca,GO,2020,29
1593907200000,202028,1.0,1,1,1,0.25316212,7.0997515,0,1,522000920202819589,2023-08-20,São João d'Aliança,0,0.50457484,14085,12.5714285714286,88.6165742857143,0,0,0,64.1549684285714,36.1689917142857,19.1090455714286,26.1428571428571,0,,,,,2726,2020-07-05,5220009,Sao Joao d'Alianca,GO,2020,28
1593302400000,202027,1.0,1,1,1,0.181088,7.0997515,0,1,522000920202719589,2023-08-20,São João d'Aliança,0,0.40564048,14085,12.75,87.7548365,0,0,0,65.10611175,41.28447925,19.39533525,26.25,1,,,,,2726,2020-06-28,5220009,Sao Joao d'Alianca,GO,2020,27
1592697600000,202026,2.0,2,2,2,0.4805152,14.199503,0,1,522000920202619589,2023-08-20,São João d'Aliança,0,0.95732933,14085,12.25,92.130341,0,0,0,69.42213875,42.09459375,18.24442575,26.5,2,,,,,2726,2020-06-21,5220009,Sao Joao d'Alianca,GO,2020,26
1592092800000,202025,3.0,3,3,3,0.842953,21.299255,0,1,522000920202519589,2023-08-20,São João d'Aliança,0,2.533819,14085,16.0,86.82093,0,0,0,73.9081525,52.2088125,19.16789625,24.0,3,,,,,2726,2020-06-14,5220009,Sao Joao d'Alianca,GO,2020,25
1591488000000,202024,3.0,3,3,3,0.9062922,21.299255,0,1,522000920202419589,2023-08-20,São João d'Aliança,0,3.7147706,14085,14.1666666666667,93.803185,0,0,0,69.6592866666667,40.215806,20.402778,27.3333333333333,3,,,,,2726,2020-06-07,5220009,Sao Joao d'Alianca,GO,2020,24
1590883200000,202023,0.0,0,0,0,0.0,0.0,0,1,522000920202319589,2023-08-20,São João d'Aliança,0,0.0,14085,13.8571428571429,93.724342,0,0,0,70.5141934285714,43.6918814285714,20.6309522857143,27.5714285714286,0,,,,,2726,2020-05-31,5220009,Sao Joao d'Alianca,GO,2020,23
1590278400000,202022,1.0,1,1,1,0.6371274,7.0997515,0,1,522000920202219589,2023-08-20,São João d'Aliança,0,1.5376425,14085,13.5714285714286,92.0528768571429,0,0,0,69.9062687142857,42.2619901428571,19.6904765714286,26.2857142857143,1,,,,,2726,2020-05-24,5220009,Sao Joao d'Alianca,GO,2020,22
1589673600000,202021,1.0,1,1,1,0.5031742,7.0997515,0,1,522000920202119589,2023-08-20,São João d'Aliança,0,1.009214,14085,16.8571428571429,94.7384354285714,0,0,0,77.6645612857143,56.1353478571429,21.2797622857143,26.1428571428571,1,,,,,2726,2020-05-17,5220009,Sao Joao d'Alianca,GO,2020,21
1589068800000,202020,0.0,0,0,0,0.0,0.0,0,1,522000920202019589,2023-08-20,São João d'Aliança,0,0.0,14085,15.5714285714286,95.54601,0,0,0,77.5833255714286,54.4287637142857,20.295238,26.0,0,,,,,2726,2020-05-10,5220009,Sao Joao d'Alianca,GO,2020,20
1588464000000,202019,1.0,1,1,1,0.5175212,7.0997515,0,1,522000920201919589,2023-08-20,São João d'Aliança,0,1.0522882,14085,16.1428571428571,90.4847614285714,0,0,0,71.2979182857143,47.779535,21.1130954285714,26.4285714285714,0,,,,,2726,2020-05-03,5220009,Sao Joao d'Alianca,GO,2020,19
1587859200000,202018,2.0,2,2,2,0.87949455,14.199503,0,1,522000920201819589,2023-08-20,São João d'Aliança,0,3.8691967,14085,15.2857142857143,93.7856005714286,0,0,0,70.0920012857143,44.7584124285714,21.1964285714286,27.0,0,,,,,2726,2020-04-26,5220009,Sao Joao d'Alianca,GO,2020,18
1587254400000,202017,1.0,1,1,1,0.5537989,7.0997515,0,1,522000920201719589,2023-08-20,São João d'Aliança,0,1.17293,14085,19.8571428571429,94.9427114285714,1,0,0,84.919722,68.5638907142857,22.0238094285714,25.4285714285714,1,,,,,2726,2020-04-19,5220009,Sao Joao d'Alianca,GO,2020,17
1586649600000,202016,0.0,0,0,0,0.0,0.0,0,1,522000920201619589,2023-08-20,São João d'Aliança,0,0.0,14085,19.8571428571429,94.9302085714286,0,0,0,82.8242042857143,64.168793,22.5357142857143,26.2857142857143,0,,,,,2726,2020-04-12,5220009,Sao Joao d'Alianca,GO,2020,16
1586044800000,202015,0.0,0,0,0,0.0,0.0,0,1,522000920201519589,2023-08-20,São João d'Aliança,0,0.0,14085,20.7142857142857,94.9730985714286,0,0,0,78.1272734285714,52.911129,24.2083331428571,29.5714285714286,0,,,,,2726,2020-04-05,5220009,Sao Joao d'Alianca,GO,2020,15
1585440000000,202014,3.0,3,3,3,0.34308973,21.299255,0,2,522000920201419589,2023-08-20,São João d'Aliança,0,0.74909484,14085,19.5714285714286,92.4085957142857,1,0,0,69.1127041428571,44.5349284285714,24.9285714285714,30.2857142857143,1,,,,,2726,2020-03-29,5220009,Sao Joao d'Alianca,GO,2020,14
1584835200000,202013,1.0,1,1,1,0.021195905,7.0997515,0,2,522000920201319589,2023-08-20,São João d'Aliança,0,0.17985383,14085,20.1428571428571,98.2973257142857,1,0,0,87.7532198571429,69.186956,22.1428571428571,26.2857142857143,1,,,,,2726,2020-03-22,5220009,Sao Joao d'Alianca,GO,2020,13
1584230400000,202012,4.0,4,4,4,0.19286604,28.399006,0,2,522000920201219589,2023-08-20,São João d'Aliança,0,0.59592646,14085,19.7142857142857,90.8647865714286,1,0,0,77.6681498571429,58.973507,22.5995671428571,26.5714285714286,1,,,,,2726,2020-03-15,5220009,Sao Joao d'Alianca,GO,2020,12
1583625600000,202011,7.0,7,7,7,0.36675805,49.69826,0,2,522000920201119589,2023-08-20,São João d'Aliança,0,0.8439234,14085,20.7142857142857,93.2664471428571,1,0,1,81.3387764285714,64.1798621428571,23.1352811428571,26.7142857142857,2,,,,,2726,2020-03-08,5220009,Sao Joao d'Alianca,GO,2020,11
1583020800000,202010,5.0,5,5,5,0.13029799,35.498756,0,2,522000920201019589,2023-08-20,São João d'Aliança,0,0.5517917,14085,20.2857142857143,97.4428628571429,1,0,0,86.4160564285714,73.098703,22.297078,24.8571428571429,0,,,,,2726,2020-03-01,5220009,Sao Joao d'Alianca,GO,2020,10
1582416000000,202009,9.0,9,9,9,0.61524326,63.897762,0,2,522000920200919589,2023-08-20,São João d'Aliança,0,1.1497062,14085,20.5714285714286,94.9481585714286,1,0,1,84.7401114285714,67.8492261428571,22.8566017142857,26.7142857142857,1,,,,,2726,2020-02-23,5220009,Sao Joao d'Alianca,GO,2020,9
1581811200000,202008,11.0,11,11,11,0.87901765,78.09727,0,2,522000920200819589,2023-08-20,São João d'Aliança,0,1.7501413,14085,21.0,93.3246265714286,1,0,2,84.3276742857143,76.6478397142857,22.4025971428571,23.7142857142857,7,,,,,2726,2020-02-16,5220009,Sao Joao d'Alianca,GO,2020,8
1581206400000,202007,8.0,8,8,8,0.59293944,56.79801,0,2,522000920200719589,2023-08-20,São João d'Aliança,0,1.1249658,14085,19.8571428571429,94.0811228571429,1,0,1,89.6373401428571,83.8569494285714,21.1142857142857,22.2857142857143,3,,,,,2726,2020-02-09,5220009,Sao Joao d'Alianca,GO,2020,7
1580601600000,202006,5.0,5,5,5,0.112254396,35.498756,0,2,522000920200619589,2023-08-20,São João d'Aliança,0,0.5295103,14085,20.0,93.2598771428571,1,0,0,82.0111215714286,68.9063538571429,22.6011905714286,25.4285714285714,1,,,,,2726,2020-02-02,5220009,Sao Joao d'Alianca,GO,2020,6
1579996800000,202005,4.0,4,4,4,0.043026052,28.399006,0,1,522000920200519589,2023-08-20,São João d'Aliança,0,0.3941188,14085,20.5714285714286,94.0694242857143,1,0,0,76.7092428571429,52.7331998571429,24.0952377142857,29.1428571428571,1,,,,,2726,2020-01-26,5220009,Sao Joao d'Alianca,GO,2020,5
1579392000000,202004,14.0,14,14,14,0.8188642,99.39652,0,1,522000920200419589,2023-08-20,São João d'Aliança,0,1.449341,14085,21.1428571428571,94.0437657142857,1,0,2,82.469923,64.8863707142857,23.4345237142857,27.1428571428571,7,,,,,2726,2020-01-19,5220009,Sao Joao d'Alianca,GO,2020,4
1578787200000,202003,8.0,8,8,8,0.5106784,56.79801,0,1,522000920200319589,2023-08-20,São João d'Aliança,0,1.0131654,14085,20.8571428571429,84.6269542857143,0,0,1,61.9866042857143,40.339235,26.1309522857143,31.4285714285714,2,,,,,2726,2020-01-12,5220009,Sao Joao d'Alianca,GO,2020,3
1578182400000,202002,12.0,12,12,12,0.9012052,85.19702,0,2,522000920200219589,2023-08-20,São João d'Aliança,0,1.815815,14085,20.2857142857143,94.93646,1,0,2,81.0192821428572,61.600405,23.5523805714286,27.5714285714286,3,,,,,2726,2020-01-05,5220009,Sao Joao d'Alianca,GO,2020,2
1577577600000,202001,8.0,8,8,8,0.43293,56.79801,0,1,522000920200119589,2023-08-20,São João d'Aliança,0,0.92245436,14085,20.6666666666667,91.3808733333333,1,0,1,78.256815,58.8144246666667,22.9694443333333,27.0,5,,,,,2726,2019-12-29,5220009,Sao Joao d'Alianca,GO,2020,1
1576972800000,201952,4.0,4,4,4,0.01435606,28.399006,0,1,522000920195219589,2023-08-20,São João d'Aliança,0,0.32242864,14085,20.2857142857143,88.5374357142857,1,0,0,81.7564242857143,70.7298128571429,21.8158728571429,24.0,3,,,,,2726,2019-12-22,5220009,Sao Joao d'Alianca,GO,2019,52
1576368000000,201951,6.0,6,6,6,0.035965625,42.59851,0,1,522000920195119589,2023-08-20,São João d'Aliança,0,0.43777126,14085,20.1428571428571,85.4108108571428,0,0,1,76.6244357142857,66.7672311428571,22.1428571428571,24.8571428571429,3,,,,,2726,2019-12-15,5220009,Sao Joao d'Alianca,GO,2019,51
1575763200000,201950,17.0,17,17,17,0.76060426,120.69578,0,4,522000920195019589,2023-08-20,São João d'Aliança,0,1.2909207,14085,20.5714285714286,94.9120657142857,1,0,2,89.4822734285714,82.46952,21.3210315714286,22.5714285714286,12,,,,,2726,2019-12-08,5220009,Sao Joao d'Alianca,GO,2019,50
1575158400000,201949,13.0,13,13,13,0.55961096,92.29677,0,4,522000920194919589,2023-08-20,São João d'Aliança,0,1.0604755,14085,21.0,94.9301385714286,1,0,2,88.7458828571429,84.0757014285714,21.7571428571429,22.4285714285714,13,,,,,2726,2019-12-01,5220009,Sao Joao d'Alianca,GO,2019,49
1574553600000,201948,14.0,14,14,14,0.6317328,99.39652,0,4,522000920194819589,2023-08-20,São João d'Aliança,0,1.1379933,14085,20.7142857142857,93.2093914285714,1,0,2,88.4090734285714,81.9633924285714,21.7,22.8571428571429,12,,,,,2726,2019-11-24,5220009,Sao Joao d'Alianca,GO,2019,48
1573948800000,201947,12.0,12,12,12,0.4778218,85.19702,0,1,522000920194719589,2023-08-20,São João d'Aliança,0,0.9780488,14085,19.7142857142857,93.1467334285714,1,0,2,86.5033892857143,80.26802,20.6650792857143,21.7142857142857,9,,,,,2726,2019-11-17,5220009,Sao Joao d'Alianca,GO,2019,47
1573344000000,201946,10.0,10,10,10,0.626117,70.99751,0,1,522000920194619589,2023-08-20,São João d'Aliança,0,1.1570097,14085,21.5714285714286,74.6293081428571,0,0,1,64.6643605714286,51.9924652857143,23.8428571428571,26.7142857142857,1,,,,,2726,2019-11-10,5220009,Sao Joao d'Alianca,GO,2019,46
1572739200000,201945,17.0,17,17,17,0.99942046,120.69578,0,1,522000920194519589,2023-08-20,São João d'Aliança,0,5.0865903,14085,20.8571428571429,88.4662028571429,1,1,2,77.605495,66.3822857142857,22.6428571428571,24.4285714285714,7,,,,,2726,2019-11-03,5220009,Sao Joao d'Alianca,GO,2019,45
1572134400000,201944,10.0,10,10,10,0.9996724,70.99751,0,1,522000920194419589,2023-08-20,São João d'Aliança,0,16.70938,14085,20.7142857142857,78.771418,0,1,1,68.55201,56.3240627142857,22.7467534285714,25.1428571428571,6,,,,,2726,2019-10-27,5220009,Sao Joao d'Alianca,GO,2019,44
1571529600000,201943,0.0,0,0,0,0.0,0.0,0,1,522000920194319589,2023-08-20,São João d'Aliança,0,0.0,14085,20.4285714285714,82.4392952857143,0,0,0,73.8886335714286,62.8859527142857,22.4883117142857,24.8571428571429,0,,,,,2726,2019-10-20,5220009,Sao Joao d'Alianca,GO,2019,43
1570924800000,201942,0.0,0,0,0,0.0,0.0,0,1,522000920194219589,2023-08-20,São João d'Aliança,0,0.0,14085,17.4285714285714,68.6735242857143,0,0,0,52.131513,35.6002271428571,21.5350648571429,26.4285714285714,0,,,,,2726,2019-10-13,5220009,Sao Joao d'Alianca,GO,2019,42
1570320000000,201941,0.0,0,0,0,0.0,0.0,0,1,522000920194119589,2023-08-20,São João d'Aliança,0,0.0,14085,20.7142857142857,83.9983814285714,0,0,0,72.5207528571429,55.0464801428571,22.6155842857143,25.2857142857143,0,,,,,2726,2019-10-06,5220009,Sao Joao d'Alianca,GO,2019,41
1569715200000,201940,1.0,1,1,1,0.6177504,7.0997515,0,1,522000920194019589,2023-08-20,São João d'Aliança,0,1.4390478,14085,19.4285714285714,77.5876118571429,0,0,0,63.4991004285714,48.9821551428571,22.52987,25.8571428571429,1,,,,,2726,2019-09-29,5220009,Sao Joao d'Alianca,GO,2019,40
1569110400000,201939,1.0,1,1,1,0.8145292,7.0997515,0,1,522000920193919589,2023-08-20,São João d'Aliança,0,3.3788157,14085,19.5714285714286,73.0459488571429,0,0,0,63.9959984285714,52.4830275714286,21.7844154285714,24.8571428571429,0,,,,,2726,2019-09-22,5220009,Sao Joao d'Alianca,GO,2019,39
1568505600000,201938,1.0,1,1,1,0.9632679,7.0997515,0,1,522000920193819589,2023-08-20,São João d'Aliança,0,18.521618,14085,17.8571428571429,57.2333657142857,0,0,0,44.6969718571429,30.6542451428571,21.2285714285714,26.1428571428571,1,,,,,2726,2019-09-15,5220009,Sao Joao d'Alianca,GO,2019,38
1567900800000,201937,0.0,0,0,0,0.0,0.0,0,1,522000920193719589,2023-08-20,São João d'Aliança,0,0.0,14085,16.5714285714286,65.1175161428571,0,0,0,53.16735,36.7817517142857,20.0025974285714,25.2857142857143,0,,,,,2726,2019-09-08,5220009,Sao Joao d'Alianca,GO,2019,37
1567296000000,201936,0.0,0,0,0,0.0,0.0,0,1,522000920193619589,2023-08-20,São João d'Aliança,0,0.0,14085,16.7142857142857,66.1342802857143,0,0,0,51.5059137142857,34.5350757142857,20.151948,25.1428571428571,0,,,,,2726,2019-09-01,5220009,Sao Joao d'Alianca,GO,2019,36
1566691200000,201935,0.0,0,0,0,0.0,0.0,0,1,522000920193519589,2023-08-20,São João d'Aliança,0,0.0,14085,16.4285714285714,70.4861752857143,0,0,0,57.7209194285714,43.5347438571429,19.3766231428571,23.1428571428571,0,,,,,2726,2019-08-25,5220009,Sao Joao d'Alianca,GO,2019,35
1566086400000,201934,0.0,0,0,0,0.0,0.0,0,1,522000920193419589,2023-08-20,São João d'Aliança,0,0.0,14085,16.8571428571429,68.579201,0,0,0,54.4558552857143,38.3258545714286,19.9220777142857,24.2857142857143,0,,,,,2726,2019-08-18,5220009,Sao Joao d'Alianca,GO,2019,34
1565481600000,201933,0.0,0,0,0,0.0,0.0,0,1,522000920193319589,2023-08-20,São João d'Aliança,0,0.0,14085,15.1428571428571,73.8403124285714,0,0,0,59.9574537142857,45.6748382857143,18.2337664285714,22.0,0,,,,,2726,2019-08-11,5220009,Sao Joao d'Alianca,GO,2019,33
1564876800000,201932,0.0,0,0,0,0.0,0.0,0,1,522000920193219589,2023-08-20,São João d'Aliança,0,0.0,14085,14.7142857142857,85.57731,0,0,0,72.8886507142857,53.880869,17.3116881428571,21.1428571428571,0,,,,,2726,2019-08-04,5220009,Sao Joao d'Alianca,GO,2019,32
1564272000000,201931,0.0,0,0,0,0.0,0.0,0,1,522000920193119589,2023-08-20,São João d'Aliança,0,0.0,14085,13.7142857142857,79.92182,0,0,0,65.355831,47.1138647142857,17.0259741428571,21.7142857142857,0,,,,,2726,2019-07-28,5220009,Sao Joao d'Alianca,GO,2019,31
1563667200000,201930,0.0,0,0,0,0.0,0.0,0,1,522000920193019589,2023-08-20,São João d'Aliança,0,0.0,14085,13.4285714285714,83.0919731428571,0,0,0,73.9442892857143,60.1033567142857,16.0259738571429,19.2857142857143,0,,,,,2726,2019-07-21,5220009,Sao Joao d'Alianca,GO,2019,30
1563062400000,201929,0.0,0,0,0,0.0,0.0,0,1,522000920192919589,2023-08-20,São João d'Aliança,0,0.0,14085,13.2857142857143,78.3096692857143,0,0,0,67.1946792857143,52.8261578571429,16.2597402857143,20.2857142857143,0,,,,,2726,2019-07-14,5220009,Sao Joao d'Alianca,GO,2019,29
1562457600000,201928,0.0,0,0,0,0.0,0.0,0,1,522000920192819589,2023-08-20,São João d'Aliança,0,0.0,14085,11.0,84.3199878571429,0,0,0,70.8505108571429,55.5645845714286,14.2077921428571,18.5714285714286,0,,,,,2726,2019-07-07,5220009,Sao Joao d'Alianca,GO,2019,28
1561852800000,201927,0.0,0,0,0,0.0,0.0,0,1,522000920192719589,2023-08-20,São João d'Aliança,0,0.0,14085,13.4285714285714,87.0082451428571,0,0,0,78.1196452857143,62.3600285714286,16.1181817142857,20.1428571428571,0,,,,,2726,2019-06-30,5220009,Sao Joao d'Alianca,GO,2019,27
1561248000000,201926,1.0,1,1,1,0.13724893,7.0997515,0,1,522000920192619589,2023-08-20,São João d'Aliança,0,0.3490239,14085,13.8571428571429,86.2513228571429,0,0,0,74.8542935714286,58.2690801428571,16.6363635714286,20.7142857142857,1,,,,,2726,2019-06-23,5220009,Sao Joao d'Alianca,GO,2019,26
1560643200000,201925,0.0,0,0,0,0.0,0.0,0,1,522000920192519589,2023-08-20,São João d'Aliança,0,0.0,14085,13.4285714285714,87.9628457142857,0,0,0,77.3012927142857,62.9884997142857,16.1168832857143,20.0,0,,,,,2726,2019-06-16,5220009,Sao Joao d'Alianca,GO,2019,25
1560038400000,201924,0.0,0,0,0,0.0,0.0,0,1,522000920192419589,2023-08-20,São João d'Aliança,0,0.0,14085,14.7142857142857,88.9108057142857,0,0,0,76.6860707142857,64.6974814285714,17.83171,20.8571428571429,0,,,,,2726,2019-06-09,5220009,Sao Joao d'Alianca,GO,2019,24
1559433600000,201923,6.0,6,6,6,0.0010955107,42.59851,0,1,522000920192319589,2023-08-20,São João d'Aliança,0,0.28220972,14085,15.7142857142857,89.61977,0,0,1,79.4126234285714,69.5694294285714,18.4935071428571,21.5714285714286,6,,,,,2726,2019-06-02,5220009,Sao Joao d'Alianca,GO,2019,23
1558828800000,201922,23.0,23,23,23,0.73534834,163.29428,0,4,522000920192219589,2023-08-20,São João d'Aliança,0,1.212549,14085,16.4285714285714,92.1806434285714,0,0,2,83.0533162857143,69.060529,18.766234,22.2857142857143,19,,,,,2726,2019-05-26,5220009,Sao Joao d'Alianca,GO,2019,22
1558224000000,201921,26.0,26,26,26,0.9064104,184.59354,0,4,522000920192119589,2023-08-20,São João d'Aliança,0,1.4924178,14085,16.0,93.8726014285714,0,0,2,84.029065,69.5596885714286,18.496104,22.2857142857143,19,,,,,2726,2019-05-19,5220009,Sao Joao d'Alianca,GO,2019,21
1557619200000,201920,17.0,17,17,17,0.23554939,120.69578,0,4,522000920192019589,2023-08-20,São João d'Aliança,0,0.7938987,14085,17.7142857142857,93.9574691428571,0,0,2,86.6759622857143,77.0606534285714,19.4727274285714,21.7142857142857,16,,,,,2726,2019-05-12,5220009,Sao Joao d'Alianca,GO,2019,20
1557014400000,201919,15.0,15,15,15,0.017245995,106.49627,0,4,522000920191919589,2023-08-20,São João d'Aliança,0,0.52218026,14085,18.5714285714286,94.8097285714286,1,0,2,84.4866135714286,71.0238592857143,20.9334417142857,24.0,12,,,,,2726,2019-05-05,5220009,Sao Joao d'Alianca,GO,2019,19
1556409600000,201918,16.0,16,16,16,0.009657828,113.59602,0,4,522000920191819589,2023-08-20,São João d'Aliança,0,0.50171524,14085,19.5714285714286,94.8872657142857,1,0,2,89.233367,78.6254758571429,20.8285717142857,23.1428571428571,10,,,,,2726,2019-04-28,5220009,Sao Joao d'Alianca,GO,2019,18
1555804800000,201917,35.0,35,35,35,0.61396927,248.4913,0,4,522000920191719589,2023-08-20,São João d'Aliança,0,1.0725468,14085,18.4285714285714,95.7106234285714,1,0,2,88.5482148571429,81.288248,20.3966031428571,22.7142857142857,32,,,,,2726,2019-04-21,5220009,Sao Joao d'Alianca,GO,2019,17
1555200000000,201916,35.0,35,35,35,0.3324657,248.4913,0,4,522000920191619589,2023-08-20,São João d'Aliança,0,0.90447795,14085,19.5714285714286,96.5757571428571,1,0,2,91.0609585714286,82.6224417142857,21.0499498571429,22.8571428571429,29,,,,,2726,2019-04-14,5220009,Sao Joao d'Alianca,GO,2019,16
1554595200000,201915,27.0,27,27,27,0.020355172,191.6933,0,4,522000920191519589,2023-08-20,São João d'Aliança,0,0.6127352,14085,19.7142857142857,98.2973257142857,1,0,2,92.1561428571429,84.2214247142857,20.8005414285714,22.4285714285714,20,,,,,2726,2019-04-07,5220009,Sao Joao d'Alianca,GO,2019,15
1553990400000,201914,33.0,33,33,33,0.38511908,234.2918,0,4,522000920191419589,2023-08-20,São João d'Aliança,0,0.9321888,14085,19.2857142857143,92.368972,1,0,2,86.1333492857143,75.171833,20.9000002857143,23.1428571428571,20,,,,,2726,2019-03-31,5220009,Sao Joao d'Alianca,GO,2019,14
1553385600000,201913,62.0,62,62,62,0.99999917,440.1846,0,4,522000920191319589,2023-08-20,São João d'Aliança,0,3.1137028,14085,19.8571428571429,95.6895477142857,1,1,2,90.6411265714286,85.54249,20.6363637142857,22.0,52,,,,,2726,2019-03-24,5220009,Sao Joao d'Alianca,GO,2019,13
1552780800000,201912,38.0,38,38,38,0.9999907,269.79056,0,4,522000920191219589,2023-08-20,São João d'Aliança,0,3.9204347,14085,19.5714285714286,96.5694357142857,1,1,2,90.6354621428571,83.27312,20.6064934285714,22.1428571428571,27,,,,,2726,2019-03-17,5220009,Sao Joao d'Alianca,GO,2019,12
1552176000000,201911,12.0,12,12,12,0.97269654,85.19702,0,2,522000920191119589,2023-08-20,São João d'Aliança,0,2.646288,14085,20.1428571428571,89.9537328571429,1,1,2,84.7204107142857,75.8468071428571,21.2727271428571,23.2857142857143,9,,,,,2726,2019-03-10,5220009,Sao Joao d'Alianca,GO,2019,11
1551571200000,201910,10.0,10,10,10,0.98901224,70.99751,0,1,522000920191019589,2023-08-20,São João d'Aliança,0,4.0240216,14085,18.1428571428571,97.4111857142857,1,1,1,91.5836028571428,86.1104091428572,19.6636362857143,20.7142857142857,5,,,,,2726,2019-03-03,5220009,Sao Joao d'Alianca,GO,2019,10
1550966400000,201909,3.0,3,3,3,0.6326072,21.299255,0,1,522000920190919589,2023-08-20,São João d'Aliança,0,1.3143325,14085,19.7142857142857,94.8479371428571,1,0,0,88.1935692857143,80.3762864285714,21.051948,22.4285714285714,2,,,,,2726,2019-02-24,5220009,Sao Joao d'Alianca,GO,2019,9
1550361600000,201908,0.0,0,0,0,0.0,0.0,0,1,522000920190819589,2023-08-20,São João d'Aliança,0,0.0,14085,19.4285714285714,93.9681185714286,0,0,0,88.9575744285714,81.75066,20.4155845714286,21.5714285714286,0,,,,,2726,2019-02-17,5220009,Sao Joao d'Alianca,GO,2019,8
1549756800000,201907,5.0,5,5,5,0.8814165,35.498756,0,1,522000920190719589,2023-08-20,São João d'Aliança,0,2.392213,14085,19.7142857142857,92.4445057142857,1,0,0,86.3459728571429,79.1729835714286,21.1714285714286,22.7142857142857,2,,,,,2726,2019-02-10,5220009,Sao Joao d'Alianca,GO,2019,7
1549152000000,201906,0.0,0,0,0,0.0,0.0,0,1,522000920190619589,2023-08-20,São João d'Aliança,0,0.0,14085,19.7142857142857,94.2076642857143,0,0,0,79.4637761428571,61.1307278571429,22.5376981428571,27.4285714285714,0,,,,,2726,2019-02-03,5220009,Sao Joao d'Alianca,GO,2019,6
1548547200000,201905,2.0,2,2,2,0.5847444,14.199503,0,1,522000920190519589,2023-08-20,São João d'Aliança,0,1.2219069,14085,18.1428571428571,84.3868708571429,0,0,0,59.4086522857143,35.8593115714286,24.2380954285714,29.8571428571429,0,,,,,2726,2019-01-27,5220009,Sao Joao d'Alianca,GO,2019,5
1547942400000,201904,4.0,4,4,4,0.9184031,28.399006,0,1,522000920190419589,2023-08-20,São João d'Aliança,0,3.3772886,14085,19.7142857142857,83.0639728571429,0,0,0,60.1835437142857,38.3832544285714,25.0297617142857,30.5714285714286,0,,,,,2726,2019-01-20,5220009,Sao Joao d'Alianca,GO,2019,4
1547337600000,201903,1.0,1,1,1,0.41507813,7.0997515,0,1,522000920190319589,2023-08-20,São João d'Aliança,0,0.78830457,14085,18.8571428571429,87.4907005714286,1,0,0,68.945513,50.693095,23.3809522857143,28.1428571428571,0,,,,,2726,2019-01-13,5220009,Sao Joao d'Alianca,GO,2019,3
1546732800000,201902,0.0,0,0,0,0.0,0.0,0,1,522000920190219589,2023-08-20,São João d'Aliança,0,0.0,14085,18.5714285714286,91.609522,0,0,0,80.7433237142857,69.307483,20.4428571428571,22.4285714285714,0,,,,,2726,2019-01-06,5220009,Sao Joao d'Alianca,GO,2019,2
1546128000000,201901,3.0,3,3,3,0.8525673,21.299255,0,1,522000920190119589,2023-08-20,São João d'Aliança,0,2.6552062,14085,19.1428571428571,92.4099651428571,1,0,0,83.8881727142857,73.7355725714286,20.6857142857143,22.7142857142857,0,,,,,2726,2018-12-30,5220009,Sao Joao d'Alianca,GO,2019,1
1545523200000,201852,0.0,0,0,0,0.0,0.0,0,1,522000920185219589,2023-08-20,São João d'Aliança,0,0.0,14085,19.0,94.0550488,0,0,0,84.4303552,67.689914,21.4538888,24.4,0,,,,,2726,2018-12-23,5220009,Sao Joao d'Alianca,GO,2018,52
1544918400000,201851,0.0,0,0,0,0.0,0.0,0,1,522000920185119589,2023-08-20,São João d'Aliança,0,0.0,14085,19.2380952380952,94.3304172952381,0,0,0,,,,,0,,,,,2726,2018-12-16,5220009,Sao Joao d'Alianca,GO,2018,51
1544313600000,201850,4.0,4,4,4,0.9926397,28.399006,0,1,522000920185019589,2023-08-20,São João d'Aliança,0,18.521618,14085,19.4761904761905,94.6057857904762,1,0,0,,,,,0,,,,,2726,2018-12-09,5220009,Sao Joao d'Alianca,GO,2018,50
1543708800000,201849,0.0,0,0,0,0.0,0.0,0,1,522000920184919589,2023-08-20,São João d'Aliança,0,0.0,14085,19.7142857142857,94.8811542857143,0,0,0,89.3434171428571,80.9390635714286,20.6674601428571,22.5714285714286,0,,,,,2726,2018-12-02,5220009,Sao Joao d'Alianca,GO,2018,49
1543104000000,201848,0.0,0,0,0,0.0,0.0,0,1,522000920184819589,2023-08-20,São João d'Aliança,0,0.0,14085,18.5714285714286,92.3061191428571,0,0,0,86.2330228571429,77.6836178571428,19.9178571428571,21.8571428571429,0,,,,,2726,2018-11-25,5220009,Sao Joao d'Alianca,GO,2018,48
1542499200000,201847,0.0,0,0,0,0.0,0.0,0,1,522000920184719589,2023-08-20,São João d'Aliança,0,0.0,14085,19.0,94.88671,0,0,0,88.9910134285714,79.793325,20.3813491428571,22.4285714285714,0,,,,,2726,2018-11-18,5220009,Sao Joao d'Alianca,GO,2018,47
1541894400000,201846,0.0,0,0,0,0.0,0.0,0,1,522000920184619589,2023-08-20,São João d'Aliança,0,0.0,14085,18.8571428571429,97.4238985714286,0,0,0,91.2821378571429,81.5304237142857,20.1821424285714,22.2857142857143,0,,,,,2726,2018-11-11,5220009,Sao Joao d'Alianca,GO,2018,46
1541289600000,201845,0.0,0,0,0,0.0,0.0,0,1,522000920184519589,2023-08-20,São João d'Aliança,0,0.0,14085,19.1428571428571,96.5504714285714,0,0,0,90.7268385714286,82.5312428571429,19.904762,21.2857142857143,0,,,,,2726,2018-11-04,5220009,Sao Joao d'Alianca,GO,2018,45
1540684800000,201844,0.0,0,0,0,0.0,0.0,0,1,522000920184419589,2023-08-20,São João d'Aliança,0,0.0,14085,19.7142857142857,91.5414748571429,0,0,0,84.7162965714286,73.9152668571429,21.0162337142857,23.1428571428571,0,,,,,2726,2018-10-28,5220009,Sao Joao d'Alianca,GO,2018,44
1540080000000,201843,0.0,0,0,0,0.0,0.0,0,1,522000920184319589,2023-08-20,São João d'Aliança,0,0.0,14085,19.1428571428571,96.6209914285714,0,0,0,89.3454042857143,79.030422,20.5091991428571,22.7142857142857,0,,,,,2726,2018-10-21,5220009,Sao Joao d'Alianca,GO,2018,43
1539475200000,201842,0.0,0,0,0,0.0,0.0,0,1,522000920184219589,2023-08-20,São João d'Aliança,0,0.0,14085,18.0,100.0,0,0,0,89.99922,80.951455,20.068182,22.0,0,,,,,2726,2018-10-14,5220009,Sao Joao d'Alianca,GO,2018,42
1538870400000,201841,0.0,0,0,0,0.0,0.0,0,1,522000920184119589,2023-08-20,São João d'Aliança,0,0.0,14085,18.0,96.27173625,0,0,0,,,,,0,,,,,2726,2018-10-07,5220009,Sao Joao d'Alianca,GO,2018,41
1538265600000,201840,0.0,0,0,0,0.0,0.0,0,1,522000920184019589,2023-08-20,São João d'Aliança,0,0.0,14085,18.0,92.5434725,0,0,0,81.64804125,69.39496,19.977273,22.0,0,,,,,2726,2018-09-30,5220009,Sao Joao d'Alianca,GO,2018,40
1537660800000,201839,0.0,0,0,0,0.0,0.0,0,1,522000920183919589,2023-08-20,São João d'Aliança,0,0.0,14085,15.1428571428571,92.1393,0,0,0,75.6999955714286,51.677306,18.7716451428571,23.4285714285714,0,,,,,2726,2018-09-23,5220009,Sao Joao d'Alianca,GO,2018,39
1537056000000,201838,0.0,0,0,0,0.0,0.0,0,1,522000920183819589,2023-08-20,São João d'Aliança,0,0.0,14085,15.8571428571429,99.1328242857143,0,0,0,90.2123874285714,73.5056512857143,18.3245671428571,21.8571428571429,0,,,,,2726,2018-09-16,5220009,Sao Joao d'Alianca,GO,2018,38
1536451200000,201837,0.0,0,0,0,0.0,0.0,0,1,522000920183719589,2023-08-20,São João d'Aliança,0,0.0,14085,12.8571428571429,82.8850302857143,0,0,0,65.2829797142857,44.3758081428571,16.6715364285714,21.5714285714286,0,,,,,2726,2018-09-09,5220009,Sao Joao d'Alianca,GO,2018,37
1535846400000,201836,0.0,0,0,0,0.0,0.0,0,1,522000920183619589,2023-08-20,São João d'Aliança,0,0.0,14085,13.0,85.4367364285714,0,0,0,67.8282804285714,48.7459614285714,17.1336582857143,22.0,0,,,,,2726,2018-09-02,5220009,Sao Joao d'Alianca,GO,2018,36
1535241600000,201835,0.0,0,0,0,0.0,0.0,0,1,522000920183519589,2023-08-20,São João d'Aliança,0,0.0,14085,14.0,84.0712191428571,0,0,0,65.5264721428571,49.2310167142857,17.4128788571429,21.4285714285714,0,,,,,2726,2018-08-26,5220009,Sao Joao d'Alianca,GO,2018,35
1534636800000,201834,0.0,0,0,0,0.0,0.0,0,1,522000920183419589,2023-08-20,São João d'Aliança,0,0.0,14085,12.8571428571429,85.2993865714286,0,0,0,70.9141297142857,55.3196785714286,16.1650432857143,19.8571428571429,0,,,,,2726,2018-08-19,5220009,Sao Joao d'Alianca,GO,2018,34
1534032000000,201833,0.0,0,0,0,0.0,0.0,0,1,522000920183319589,2023-08-20,São João d'Aliança,0,0.0,14085,12.2857142857143,85.5404807142857,0,0,0,66.3062278571429,43.2940031428571,16.411008,22.1428571428571,0,,,,,2726,2018-08-12,5220009,Sao Joao d'Alianca,GO,2018,33
1533427200000,201832,0.0,0,0,0,0.0,0.0,0,1,522000920183219589,2023-08-20,São João d'Aliança,0,0.0,14085,14.1428571428571,89.5315942857143,0,0,0,60.9638951428571,29.1533562857143,21.0119048571429,28.7142857142857,0,,,,,2726,2018-08-05,5220009,Sao Joao d'Alianca,GO,2018,32
1532822400000,201831,0.0,0,0,0,0.0,0.0,0,1,522000920183119589,2023-08-20,São João d'Aliança,0,0.0,14085,11.0,87.6890871428571,0,0,0,54.618591,21.6808644285714,19.5238094285714,28.4285714285714,0,,,,,2726,2018-07-29,5220009,Sao Joao d'Alianca,GO,2018,31
1532217600000,201830,0.0,0,0,0,0.0,0.0,0,1,522000920183019589,2023-08-20,São João d'Aliança,0,0.0,14085,9.28571428571429,88.3618034285714,0,0,0,57.3098288571429,26.7521431428571,17.0059525714286,25.1428571428571,0,,,,,2726,2018-07-22,5220009,Sao Joao d'Alianca,GO,2018,30
1531612800000,201829,1.0,1,1,1,0.96299297,7.0997515,0,1,522000920182919589,2023-08-20,São João d'Aliança,0,18.381384,14085,10.5714285714286,89.2166221428571,0,0,0,65.9835537142857,40.7287048571429,16.2938312857143,22.7142857142857,0,,,,,2726,2018-07-15,5220009,Sao Joao d'Alianca,GO,2018,29
1531008000000,201828,0.0,0,0,0,0.0,0.0,0,1,522000920182819589,2023-08-20,São João d'Aliança,0,0.0,14085,11.1428571428571,90.231216,0,0,0,79.2669381428571,61.4436665714286,14.1899351428571,18.5714285714286,0,,,,,2726,2018-07-08,5220009,Sao Joao d'Alianca,GO,2018,28
1530403200000,201827,0.0,0,0,0,0.0,0.0,0,1,522000920182719589,2023-08-20,São João d'Aliança,0,0.0,14085,8.71428571428571,92.5800475714286,0,0,0,78.7596252857143,61.146714,12.4994588571429,17.0,0,,,,,2726,2018-07-01,5220009,Sao Joao d'Alianca,GO,2018,27
1529798400000,201826,0.0,0,0,0,0.0,0.0,0,1,522000920182619589,2023-08-20,São João d'Aliança,0,0.0,14085,9.57142857142857,90.122995,0,0,0,78.8331087142857,61.8806012857143,12.6138528571429,17.0,0,,,,,2726,2018-06-24,5220009,Sao Joao d'Alianca,GO,2018,26
1529193600000,201825,0.0,0,0,0,0.0,0.0,0,1,522000920182519589,2023-08-20,São João d'Aliança,0,0.0,14085,10.8571428571429,91.0082948571429,0,0,0,78.8835492857143,59.9280891428571,13.9464284285714,18.2857142857143,0,,,,,2726,2018-06-17,5220009,Sao Joao d'Alianca,GO,2018,25
1528588800000,201824,0.0,0,0,0,0.0,0.0,0,1,522000920182419589,2023-08-20,São João d'Aliança,0,0.0,14085,12.0,95.4712491428571,0,0,0,83.2826702857143,66.0816021428571,15.0308444285714,19.1428571428571,0,,,,,2726,2018-06-10,5220009,Sao Joao d'Alianca,GO,2018,24
1527984000000,201823,3.0,3,3,3,0.5360857,21.299255,0,1,522000920182319589,2023-08-20,São João d'Aliança,0,1.0724972,14085,12.2857142857143,92.8212042857143,0,0,0,83.6093564285714,68.7794932857143,15.2126624285714,19.1428571428571,0,,,,,2726,2018-06-03,5220009,Sao Joao d'Alianca,GO,2018,23
1527379200000,201822,7.0,7,7,7,0.9751082,49.69826,0,1,522000920182219589,2023-08-20,São João d'Aliança,0,4.0737476,14085,10.8571428571429,93.6589785714286,0,1,1,83.2202651428571,69.8190568571429,13.9925324285714,17.5714285714286,0,,,,,2726,2018-05-27,5220009,Sao Joao d'Alianca,GO,2018,22
1526774400000,201821,1.0,1,1,1,0.4241742,7.0997515,0,1,522000920182119589,2023-08-20,São João d'Aliança,0,0.8082302,14085,12.8571428571429,94.6691857142857,0,0,0,84.9002027142857,69.2745392857143,15.5243505714286,19.5714285714286,0,,,,,2726,2018-05-20,5220009,Sao Joao d'Alianca,GO,2018,21
1526169600000,201820,2.0,2,2,2,0.73783845,14.199503,0,1,522000920182019589,2023-08-20,São João d'Aliança,0,1.913648,14085,12.4285714285714,94.6910357142857,0,0,0,69.71466,36.3938718571429,19.2023811428571,26.7142857142857,0,,,,,2726,2018-05-13,5220009,Sao Joao d'Alianca,GO,2018,20
1525564800000,201819,1.0,1,1,1,0.5191638,7.0997515,0,1,522000920181919589,2023-08-20,São João d'Aliança,0,1.0573748,14085,12.7142857142857,94.6480642857143,0,0,0,67.552808,37.4296558571429,19.4226188571429,26.0,0,,,,,2726,2018-05-06,5220009,Sao Joao d'Alianca,GO,2018,19
1524960000000,201818,1.0,1,1,1,0.5732008,7.0997515,0,1,522000920181819589,2023-08-20,São João d'Aliança,0,1.2455046,14085,14.8571428571429,89.8055657142857,0,0,0,67.5512401428571,38.6471891428571,20.4583337142857,27.0,0,,,,,2726,2018-04-29,5220009,Sao Joao d'Alianca,GO,2018,18
1524355200000,201817,1.0,1,1,1,0.5823507,7.0997515,0,1,522000920181719589,2023-08-20,São João d'Aliança,0,1.2819856,14085,15.5714285714286,93.0111654285714,0,0,0,74.7060045714286,46.9750641428571,20.3333334285714,26.4285714285714,0,,,,,2726,2018-04-22,5220009,Sao Joao d'Alianca,GO,2018,17
1523750400000,201816,1.0,1,1,1,0.55226207,7.0997515,0,1,522000920181619589,2023-08-20,São João d'Aliança,0,1.16744,14085,15.7142857142857,93.0175534285714,0,0,0,83.5250631428571,69.9775341428571,18.6961041428571,21.8571428571429,0,,,,,2726,2018-04-15,5220009,Sao Joao d'Alianca,GO,2018,16
1523145600000,201815,0.0,0,0,0,0.0,0.0,0,1,522000920181519589,2023-08-20,São João d'Aliança,0,0.0,14085,17.1428571428571,94.757966,0,0,0,88.9460402857143,82.464787,18.3544371428571,19.8571428571429,0,,,,,2726,2018-04-08,5220009,Sao Joao d'Alianca,GO,2018,15
1522540800000,201814,2.0,2,2,2,0.89472234,14.199503,0,1,522000920181419589,2023-08-20,São João d'Aliança,0,4.367436,14085,18.1428571428571,94.0413757142857,1,0,0,86.8595385714286,76.5665478571429,19.7884197142857,21.8571428571429,1,,,,,2726,2018-04-01,5220009,Sao Joao d'Alianca,GO,2018,14
1521936000000,201813,0.0,0,0,0,0.0,0.0,0,1,522000920181319589,2023-08-20,São João d'Aliança,0,0.0,14085,17.5714285714286,90.8387157142857,0,0,0,80.9323821428572,71.2884814285714,19.5604977142857,22.0,0,,,,,2726,2018-03-25,5220009,Sao Joao d'Alianca,GO,2018,13
1521331200000,201812,0.0,0,0,0,0.0,0.0,0,1,522000920181219589,2023-08-20,São João d'Aliança,0,0.0,14085,17.8571428571429,96.5247668571429,0,0,0,86.3466601428571,76.319258,20.121212,22.5714285714286,0,,,,,2726,2018-03-18,5220009,Sao Joao d'Alianca,GO,2018,12
1520726400000,201811,1.0,1,1,1,0.6887573,7.0997515,0,1,522000920181119589,2023-08-20,São João d'Aliança,0,1.8589696,14085,18.8571428571429,93.2236442857143,1,0,0,85.3534727142857,70.6755931428571,20.9327201428571,24.0,0,,,,,2726,2018-03-11,5220009,Sao Joao d'Alianca,GO,2018,11
1520121600000,201810,2.0,2,2,2,0.9779825,14.199503,0,1,522000920181019589,2023-08-20,São João d'Aliança,0,18.521618,14085,18.6666666666667,93.9670533333333,1,0,0,84.1354466666667,76.0057316666667,20.004545,21.3333333333333,0,,,,,2726,2018-03-04,5220009,Sao Joao d'Alianca,GO,2018,10
1519516800000,201809,0.0,0,0,0,0.0,0.0,0,1,522000920180919589,2023-08-20,São João d'Aliança,0,0.0,14085,18.4285714285714,91.5219485714286,0,0,0,75.254332,53.5405731428571,21.7639282857143,26.1428571428571,0,,,,,2726,2018-02-25,5220009,Sao Joao d'Alianca,GO,2018,9
1518912000000,201808,0.0,0,0,0,0.0,0.0,0,1,522000920180819589,2023-08-20,São João d'Aliança,0,0.0,14085,19.0,92.4215042857143,0,0,0,86.2730742857143,75.0327,20.2630951428571,22.0,0,,,,,2726,2018-02-18,5220009,Sao Joao d'Alianca,GO,2018,8
1518307200000,201807,0.0,0,0,0,0.0,0.0,0,1,522000920180719589,2023-08-20,São João d'Aliança,0,0.0,14085,18.5714285714286,86.1030914285714,0,0,0,75.6478842857143,63.9317058571429,20.6,23.1428571428571,0,,,,,2726,2018-02-11,5220009,Sao Joao d'Alianca,GO,2018,7
1517702400000,201806,0.0,0,0,0,0.0,0.0,0,1,522000920180619589,2023-08-20,São João d'Aliança,0,0.0,14085,18.1428571428571,97.5495188571429,0,0,0,87.7539664285714,77.7775105714286,19.4515875714286,21.4285714285714,0,,,,,2726,2018-02-04,5220009,Sao Joao d'Alianca,GO,2018,6
1517097600000,201805,0.0,0,0,0,0.0,0.0,0,1,522000920180519589,2023-08-20,São João d'Aliança,0,0.0,14085,19.4285714285714,94.0323171428571,0,0,0,87.810627,81.0663728571429,20.5428571428571,21.7142857142857,0,,,,,2726,2018-01-28,5220009,Sao Joao d'Alianca,GO,2018,5
1516492800000,201804,0.0,0,0,0,0.0,0.0,0,1,522000920180419589,2023-08-20,São João d'Aliança,0,0.0,14085,18.4285714285714,86.0537834285714,0,0,0,68.2273435714286,44.8479174285714,21.5359211428571,26.1428571428571,0,,,,,2726,2018-01-21,5220009,Sao Joao d'Alianca,GO,2018,4
1515888000000,201803,0.0,0,0,0,0.0,0.0,0,1,522000920180319589,2023-08-20,São João d'Aliança,0,0.0,14085,17.2857142857143,89.0138111428571,0,0,0,74.5576338571429,60.333589,20.0857142857143,23.1428571428571,0,,,,,2726,2018-01-14,5220009,Sao Joao d'Alianca,GO,2018,3
1515283200000,201802,0.0,0,0,0,0.0,0.0,0,1,522000920180219589,2023-08-20,São João d'Aliança,0,0.0,14085,18.0,89.8707705714286,0,0,0,82.27582,75.7994037142857,19.5714285714286,21.2857142857143,0,,,,,2726,2018-01-07,5220009,Sao Joao d'Alianca,GO,2018,2
1514678400000,201801,0.0,0,0,0,0.0,0.0,0,1,522000920180119589,2023-08-20,São João d'Aliança,0,0.0,14085,18.8571428571429,94.8225114285714,0,0,0,89.8873771428571,83.2528934285714,19.8428571428571,20.8571428571429,0,,,,,2726,2017-12-31,5220009,Sao Joao d'Alianca,GO,2018,1
1514073600000,201752,0.0,0,0,0,0.0,0.0,0,1,522000920175219589,2023-08-20,São João d'Aliança,0,0.0,14085,19.1428571428571,86.8635442857143,0,0,0,78.5883127142857,67.8196414285714,21.1888887142857,23.4285714285714,0,,,,,2726,2017-12-24,5220009,Sao Joao d'Alianca,GO,2017,52
1513468800000,201751,0.0,0,0,0,0.0,0.0,0,1,522000920175119589,2023-08-20,São João d'Aliança,0,0.0,14085,17.4285714285714,91.5223002857143,0,0,0,78.1993728571429,65.7363848571429,20.5313492857143,23.4285714285714,0,,,,,2726,2017-12-17,5220009,Sao Joao d'Alianca,GO,2017,51
1512864000000,201750,0.0,0,0,0,0.0,0.0,0,1,522000920175019589,2023-08-20,São João d'Aliança,0,0.0,14085,18.1666666666667,96.964804,0,0,0,91.1291156666667,81.1464446666667,19.0916666666667,21.0,0,,,,,2726,2017-12-10,5220009,Sao Joao d'Alianca,GO,2017,50
1512259200000,201749,0.0,0,0,0,0.0,0.0,0,1,522000920174919589,2023-08-20,São João d'Aliança,0,0.0,14085,19.5714285714286,90.7450285714286,0,0,0,83.419618,70.7765421428571,21.2270974285714,24.0,0,,,,,2726,2017-12-03,5220009,Sao Joao d'Alianca,GO,2017,49
1511654400000,201748,1.0,1,1,1,0.9632679,7.0997515,0,1,522000920174819589,2023-08-20,São João d'Aliança,0,18.521618,14085,18.5,93.907157,1,0,0,78.747975,61.0472205,21.041666,24.5,0,,,,,2726,2017-11-26,5220009,Sao Joao d'Alianca,GO,2017,48
1511049600000,201747,0.0,0,0,0,0.0,0.0,0,1,522000920174719589,2023-08-20,São João d'Aliança,0,0.0,14085,17.975,91.84822725,0,0,0,,,,,0,,,,,2726,2017-11-19,5220009,Sao Joao d'Alianca,GO,2017,47
1510444800000,201746,0.0,0,0,0,0.0,0.0,0,1,522000920174619589,2023-08-20,São João d'Aliança,0,0.0,14085,17.45,89.7892975,0,0,0,,,,,0,,,,,2726,2017-11-12,5220009,Sao Joao d'Alianca,GO,2017,46
1509840000000,201745,0.0,0,0,0,0.0,0.0,0,1,522000920174519589,2023-08-20,São João d'Aliança,0,0.0,14085,16.925,87.73036775,0,0,0,,,,,0,,,,,2726,2017-11-05,5220009,Sao Joao d'Alianca,GO,2017,45
1509235200000,201744,0.0,0,0,0,0.0,0.0,0,1,522000920174419589,2023-08-20,São João d'Aliança,0,0.0,14085,16.4,85.671438,0,0,0,,,,,0,,,,,2726,2017-10-29,5220009,Sao Joao d'Alianca,GO,2017,44
1508630400000,201743,0.0,0,0,0,0.0,0.0,0,1,522000920174319589,2023-08-20,São João d'Aliança,0,0.0,14085,15.875,83.61250825,0,0,0,,,,,0,,,,,2726,2017-10-22,5220009,Sao Joao d'Alianca,GO,2017,43
1508025600000,201742,0.0,0,0,0,0.0,0.0,0,1,522000920174219589,2023-08-20,São João d'Aliança,0,0.0,14085,15.35,81.5535785,0,0,0,,,,,0,,,,,2726,2017-10-15,5220009,Sao Joao d'Alianca,GO,2017,42
1507420800000,201741,0.0,0,0,0,0.0,0.0,0,1,522000920174119589,2023-08-20,São João d'Aliança,0,0.0,14085,14.825,79.49464875,0,0,0,,,,,0,,,,,2726,2017-10-08,5220009,Sao Joao d'Alianca,GO,2017,41
1506816000000,201740,0.0,0,0,0,0.0,0.0,0,1,522000920174019589,2023-08-20,São João d'Aliança,0,0.0,14085,14.3,77.435719,0,0,0,,,,,0,,,,,2726,2017-10-01,5220009,Sao Joao d'Alianca,GO,2017,40
1506211200000,201739,0.0,0,0,0,0.0,0.0,0,1,522000920173919589,2023-08-20,São João d'Aliança,0,0.0,14085,13.775,75.37678925,0,0,0,,,,,0,,,,,2726,2017-09-24,5220009,Sao Joao d'Alianca,GO,2017,39
1505606400000,201738,0.0,0,0,0,0.0,0.0,0,1,522000920173819589,2023-08-20,São João d'Aliança,0,0.0,14085,13.25,73.3178595,0,0,0,,,,,0,,,,,2726,2017-09-17,5220009,Sao Joao d'Alianca,GO,2017,38
1505001600000,201737,0.0,0,0,0,0.0,0.0,0,1,522000920173719589,2023-08-20,São João d'Aliança,0,0.0,14085,12.725,71.25892975,0,0,0,,,,,0,,,,,2726,2017-09-10,5220009,Sao Joao d'Alianca,GO,2017,37
1504396800000,201736,0.0,0,0,0,0.0,0.0,0,1,522000920173619589,2023-08-20,São João d'Aliança,0,0.0,14085,12.2,69.2,0,0,0,53.9321426,38.8,15.7285714,19.6,0,,,,,2726,2017-09-03,5220009,Sao Joao d'Alianca,GO,2017,36
1503792000000,201735,0.0,0,0,0,0.0,0.0,0,1,522000920173519589,2023-08-20,São João d'Aliança,0,0.0,14085,13.1428571428571,64.7142857142857,0,0,0,51.4603174285714,36.4285714285714,15.5178571428571,18.7142857142857,0,,,,,2726,2017-08-27,5220009,Sao Joao d'Alianca,GO,2017,35
1503187200000,201734,0.0,0,0,0,0.0,0.0,0,1,522000920173419589,2023-08-20,São João d'Aliança,0,0.0,14085,15.2857142857143,72.4285714285714,0,0,0,63.3015871428571,52.8571428571429,17.1726191428571,19.1428571428571,0,,,,,2726,2017-08-20,5220009,Sao Joao d'Alianca,GO,2017,34
1502582400000,201733,0.0,0,0,0,0.0,0.0,0,1,522000920173319589,2023-08-20,São João d'Aliança,0,0.0,14085,13.5714285714286,64.5714285714286,0,0,0,54.4107142857143,41.5714285714286,16.0694444285714,19.2857142857143,0,,,,,2726,2017-08-13,5220009,Sao Joao d'Alianca,GO,2017,33
1501977600000,201732,0.0,0,0,0,0.0,0.0,0,1,522000920173219589,2023-08-20,São João d'Aliança,0,0.0,14085,14.0,72.1428571428571,0,0,0,63.6488091428571,53.0,15.6130952857143,17.7142857142857,0,,,,,2726,2017-08-06,5220009,Sao Joao d'Alianca,GO,2017,32
1501372800000,201731,0.0,0,0,0,0.0,0.0,0,1,522000920173119589,2023-08-20,São João d'Aliança,0,0.0,14085,10.7142857142857,78.0,0,0,0,68.2678571428571,57.8571428571429,12.4821428571429,14.8571428571429,0,,,,,2726,2017-07-30,5220009,Sao Joao d'Alianca,GO,2017,31
1500768000000,201730,0.0,0,0,0,0.0,0.0,0,1,522000920173019589,2023-08-20,São João d'Aliança,0,0.0,14085,11.0,74.1428571428571,0,0,0,64.8333337142857,53.2857142857143,12.9033447142857,15.8571428571429,0,,,,,2726,2017-07-23,5220009,Sao Joao d'Alianca,GO,2017,30
1500163200000,201729,0.0,0,0,0,0.0,0.0,0,1,522000920172919589,2023-08-20,São João d'Aliança,0,0.0,14085,10.1428571428571,81.4285714285714,0,0,0,71.2678571428571,61.0,12.3392857142857,14.7142857142857,0,,,,,2726,2017-07-16,5220009,Sao Joao d'Alianca,GO,2017,29
1499558400000,201728,0.0,0,0,0,0.0,0.0,0,1,522000920172819589,2023-08-20,São João d'Aliança,0,0.0,14085,12.4285714285714,80.8571428571429,0,0,0,71.7099201428571,62.0,13.7638888571429,15.1428571428571,0,,,,,2726,2017-07-09,5220009,Sao Joao d'Alianca,GO,2017,28
1498953600000,201727,0.0,0,0,0,0.0,0.0,0,1,522000920172719589,2023-08-20,São João d'Aliança,0,0.0,14085,11.2857142857143,77.0,0,0,0,70.051588,61.4285714285714,12.515873,14.0,0,,,,,2726,2017-07-02,5220009,Sao Joao d'Alianca,GO,2017,27
1498348800000,201726,0.0,0,0,0,0.0,0.0,0,1,522000920172619589,2023-08-20,São João d'Aliança,0,0.0,14085,13.2857142857143,77.5714285714286,0,0,0,66.5651928571429,55.2857142857143,15.3472221428571,16.8571428571429,0,,,,,2726,2017-06-25,5220009,Sao Joao d'Alianca,GO,2017,26
1497744000000,201725,0.0,0,0,0,0.0,0.0,0,1,522000920172519589,2023-08-20,São João d'Aliança,0,0.0,14085,12.7142857142857,80.8571428571429,0,0,0,73.7301592857143,65.7142857142857,14.156746,16.1428571428571,0,,,,,2726,2017-06-18,5220009,Sao Joao d'Alianca,GO,2017,25
1497139200000,201724,0.0,0,0,0,0.0,0.0,0,1,522000920172419589,2023-08-20,São João d'Aliança,0,0.0,14085,14.2857142857143,89.8571428571429,0,0,0,80.9348071428571,69.2857142857143,16.1686507142857,18.8571428571429,0,,,,,2726,2017-06-11,5220009,Sao Joao d'Alianca,GO,2017,24
1496534400000,201723,0.0,0,0,0,0.0,0.0,0,1,522000920172319589,2023-08-20,São João d'Aliança,0,0.0,14085,15.1428571428571,94.0,0,0,0,88.2103171428571,81.2857142857143,16.6805557142857,18.5714285714286,0,,,,,2726,2017-06-04,5220009,Sao Joao d'Alianca,GO,2017,23
1495929600000,201722,0.0,0,0,0,0.0,0.0,0,1,522000920172219589,2023-08-20,São João d'Aliança,0,0.0,14085,16.8571428571429,93.1428571428571,0,0,0,86.6031742857143,79.8571428571429,18.3988094285714,20.1428571428571,0,,,,,2726,2017-05-28,5220009,Sao Joao d'Alianca,GO,2017,22
1495324800000,201721,0.0,0,0,0,0.0,0.0,0,1,522000920172119589,2023-08-20,São João d'Aliança,0,0.0,14085,18.0,95.0,0,0,0,91.1206342857143,85.2857142857143,19.0083334285714,20.4285714285714,0,,,,,2726,2017-05-21,5220009,Sao Joao d'Alianca,GO,2017,21
1494720000000,201720,0.0,0,0,0,0.0,0.0,0,1,522000920172019589,2023-08-20,São João d'Aliança,0,0.0,14085,17.0,97.4285714285714,0,0,0,89.9309864285714,79.7142857142857,18.9165981428571,20.8571428571429,0,,,,,2726,2017-05-14,5220009,Sao Joao d'Alianca,GO,2017,20
1494115200000,201719,0.0,0,0,0,0.0,0.0,0,1,522000920171919589,2023-08-20,São João d'Aliança,0,0.0,14085,16.0,89.0,0,0,0,79.252551,69.5714285714286,17.7653061428571,20.1428571428571,0,,,,,2726,2017-05-07,5220009,Sao Joao d'Alianca,GO,2017,19
1493510400000,201718,1.0,1,1,1,0.17997898,7.0997515,0,1,522000920171819589,2023-08-20,São João d'Aliança,0,0.40418744,14085,16.8571428571429,94.8571428571429,0,0,0,84.5280614285714,75.2857142857143,18.9260202857143,20.7142857142857,0,,,,,2726,2017-04-30,5220009,Sao Joao d'Alianca,GO,2017,18
1492905600000,201717,7.0,7,7,7,0.9791351,49.69826,0,1,522000920171719589,2023-08-20,São João d'Aliança,0,4.407892,14085,19.2857142857143,96.5714285714286,1,1,1,91.2924264285714,82.4285714285714,20.4856175714286,22.4285714285714,3,,,,,2726,2017-04-23,5220009,Sao Joao d'Alianca,GO,2017,17
1492300800000,201716,0.0,0,0,0,0.0,0.0,0,1,522000920171619589,2023-08-20,São João d'Aliança,0,0.0,14085,18.4285714285714,91.7142857142857,0,0,0,85.4999984285714,75.8571428571429,19.9875282857143,21.8571428571429,0,,,,,2726,2017-04-16,5220009,Sao Joao d'Alianca,GO,2017,16
1491696000000,201715,3.0,3,3,3,0.8928063,21.299255,0,1,522000920171519589,2023-08-20,São João d'Aliança,0,3.36153,14085,17.8571428571429,92.4285714285714,0,0,0,80.7494321428571,65.1428571428571,20.2063492857143,23.0,1,,,,,2726,2017-04-09,5220009,Sao Joao d'Alianca,GO,2017,15
1491091200000,201714,0.0,0,0,0,0.0,0.0,0,1,522000920171419589,2023-08-20,São João d'Aliança,0,0.0,14085,18.0,94.0,0,0,0,87.0733742857143,78.4285714285714,19.8468507142857,21.8571428571429,0,,,,,2726,2017-04-02,5220009,Sao Joao d'Alianca,GO,2017,14
1490486400000,201713,0.0,0,0,0,0.0,0.0,0,1,522000920171319589,2023-08-20,São João d'Aliança,0,0.0,14085,18.5714285714286,97.4285714285714,0,0,0,90.9754791428571,81.1428571428571,19.875263,21.2857142857143,0,,,,,2726,2017-03-26,5220009,Sao Joao d'Alianca,GO,2017,13
1489881600000,201712,3.0,3,3,3,0.9069815,21.299255,0,1,522000920171219589,2023-08-20,São João d'Aliança,0,3.735262,14085,18.2857142857143,96.5714285714286,1,0,0,89.9855434285714,80.5714285714286,19.6284012857143,21.7142857142857,0,,,,,2726,2017-03-19,5220009,Sao Joao d'Alianca,GO,2017,12
1489276800000,201711,0.0,0,0,0,0.0,0.0,0,1,522000920171119589,2023-08-20,São João d'Aliança,0,0.0,14085,18.2857142857143,92.7142857142857,0,0,0,82.5025514285714,69.1428571428571,21.0408164285714,23.4285714285714,0,,,,,2726,2017-03-12,5220009,Sao Joao d'Alianca,GO,2017,11
1488672000000,201710,1.0,1,1,1,0.7510898,7.0997515,0,1,522000920171019589,2023-08-20,São João d'Aliança,0,2.4216437,14085,20.2857142857143,90.0,1,0,0,80.1154762857143,67.0,22.0928571428571,24.1428571428571,0,,,,,2726,2017-03-05,5220009,Sao Joao d'Alianca,GO,2017,10
1488067200000,201709,1.0,1,1,1,0.6370677,7.0997515,0,1,522000920170919589,2023-08-20,São João d'Aliança,0,1.5373226,14085,18.0,97.1428571428571,0,0,0,89.6066791428571,80.1428571428571,19.7307515714286,21.4285714285714,0,,,,,2726,2017-02-26,5220009,Sao Joao d'Alianca,GO,2017,9
1487462400000,201708,0.0,0,0,0,0.0,0.0,0,1,522000920170819589,2023-08-20,São João d'Aliança,0,0.0,14085,19.5714285714286,90.5714285714286,0,0,0,82.4666671428571,71.5714285714286,21.470238,23.4285714285714,0,,,,,2726,2017-02-19,5220009,Sao Joao d'Alianca,GO,2017,8
1486857600000,201707,0.0,0,0,0,0.0,0.0,0,1,522000920170719589,2023-08-20,São João d'Aliança,0,0.0,14085,19.1428571428571,94.8571428571429,0,0,0,84.2842971428571,67.0,20.8106578571429,22.5714285714286,0,,,,,2726,2017-02-12,5220009,Sao Joao d'Alianca,GO,2017,7
1486252800000,201706,2.0,2,2,2,0.6723948,14.199503,0,2,522000920170619589,2023-08-20,São João d'Aliança,0,1.5488757,14085,19.5714285714286,95.7142857142857,1,0,0,90.7521895714286,79.7142857142857,20.9316501428571,23.1428571428571,2,,,,,2726,2017-02-05,5220009,Sao Joao d'Alianca,GO,2017,6
1485648000000,201705,2.0,2,2,2,0.73791045,14.199503,0,2,522000920170519589,2023-08-20,São João d'Aliança,0,1.9141382,14085,19.5714285714286,90.7142857142857,1,0,0,83.3244995714286,74.4285714285714,21.0728368571429,22.8571428571429,1,,,,,2726,2017-01-29,5220009,Sao Joao d'Alianca,GO,2017,5
1485043200000,201704,1.0,1,1,1,0.52236325,7.0997515,0,2,522000920170419589,2023-08-20,São João d'Aliança,0,1.0673786,14085,18.7142857142857,96.0,1,0,0,85.9585037142857,73.8571428571429,20.4312927142857,23.0,1,,,,,2726,2017-01-22,5220009,Sao Joao d'Alianca,GO,2017,4
1484438400000,201703,1.0,1,1,1,0.6177504,7.0997515,0,2,522000920170319589,2023-08-20,São João d'Aliança,0,1.4390478,14085,18.7142857142857,94.8571428571429,1,0,0,85.686888,66.5714285714286,20.707794,23.4285714285714,1,,,,,2726,2017-01-15,5220009,Sao Joao d'Alianca,GO,2017,3
1483833600000,201702,1.0,1,1,1,0.8145292,7.0997515,0,1,522000920170219589,2023-08-20,São João d'Aliança,0,3.3788157,14085,19.8571428571429,90.7142857142857,1,0,0,83.31172,68.8571428571429,21.6940901428571,23.7142857142857,1,,,,,2726,2017-01-08,5220009,Sao Joao d'Alianca,GO,2017,2
1483228800000,201701,1.0,1,1,1,0.9632679,7.0997515,0,1,522000920170119589,2023-08-20,São João d'Aliança,0,18.521618,14085,19.7142857142857,87.4285714285714,1,0,0,72.289117,56.2857142857143,22.7341267142857,25.7142857142857,0,,,,,2726,2017-01-01,5220009,Sao Joao d'Alianca,GO,2017,1
1482624000000,201652,0.0,0,0,0,0.0,0.0,0,1,522000920165219589,2023-08-20,São João d'Aliança,0,0.0,14085,19.0,92.2857142857143,0,0,0,77.8925728571429,62.8571428571429,21.828456,24.7142857142857,0,,,,,2726,2016-12-25,5220009,Sao Joao d'Alianca,GO,2016,52
1482019200000,201651,0.0,0,0,0,0.0,0.0,0,1,522000920165119589,2023-08-20,São João d'Aliança,0,0.0,14085,20.1428571428571,85.2857142857143,0,0,0,74.4387757142857,61.2857142857143,22.1479591428571,24.5714285714286,0,,,,,2726,2016-12-18,5220009,Sao Joao d'Alianca,GO,2016,51
1481414400000,201650,0.0,0,0,0,0.0,0.0,0,1,522000920165019589,2023-08-20,São João d'Aliança,0,0.0,14085,19.7142857142857,95.7142857142857,0,0,0,89.082014,79.2857142857143,20.8965221428571,22.4285714285714,0,,,,,2726,2016-12-11,5220009,Sao Joao d'Alianca,GO,2016,50
1480809600000,201649,0.0,0,0,0,0.0,0.0,0,1,522000920164919589,2023-08-20,São João d'Aliança,0,0.0,14085,20.0,92.2857142857143,0,0,0,85.1367972857143,72.5714285714286,21.5807042857143,23.8571428571429,0,,,,,2726,2016-12-04,5220009,Sao Joao d'Alianca,GO,2016,49
1480204800000,201648,0.0,0,0,0,0.0,0.0,0,1,522000920164819589,2023-08-20,São João d'Aliança,0,0.0,14085,18.7142857142857,95.7142857142857,0,0,0,87.5812262857143,75.5714285714286,21.4258894285714,24.5714285714286,0,,,,,2726,2016-11-27,5220009,Sao Joao d'Alianca,GO,2016,48
1479600000000,201647,0.0,0,0,0,0.0,0.0,0,1,522000920164719589,2023-08-20,São João d'Aliança,0,0.0,14085,19.1666666666667,98.0,0,0,0,89.8182611666667,81.1666666666667,20.6537588333333,22.5,0,,,,,2726,2016-11-20,5220009,Sao Joao d'Alianca,GO,2016,47
1478995200000,201646,0.0,0,0,0,0.0,0.0,0,1,522000920164619589,2023-08-20,São João d'Aliança,0,0.0,14085,19.0,98.2857142857143,0,0,0,88.4113421428571,76.4285714285714,20.5806982857143,22.7142857142857,0,,,,,2726,2016-11-13,5220009,Sao Joao d'Alianca,GO,2016,46
1478390400000,201645,0.0,0,0,0,0.0,0.0,0,1,522000920164519589,2023-08-20,São João d'Aliança,0,0.0,14085,19.2857142857143,94.1428571428571,0,0,0,86.5108848571429,75.7142857142857,20.9880951428571,23.1428571428571,0,,,,,2726,2016-11-06,5220009,Sao Joao d'Alianca,GO,2016,45
1477785600000,201644,0.0,0,0,0,0.0,0.0,0,1,522000920164419589,2023-08-20,São João d'Aliança,0,0.0,14085,19.8571428571429,93.4285714285714,0,0,0,85.7820195714286,75.5714285714286,21.1360837142857,22.4285714285714,0,,,,,2726,2016-10-30,5220009,Sao Joao d'Alianca,GO,2016,44
1477180800000,201643,0.0,0,0,0,0.0,0.0,0,1,522000920164319589,2023-08-20,São João d'Aliança,0,0.0,14085,19.2857142857143,87.0,0,0,0,76.2435685714286,62.8571428571429,21.2112748571429,23.7142857142857,0,,,,,2726,2016-10-23,5220009,Sao Joao d'Alianca,GO,2016,43
1476576000000,201642,0.0,0,0,0,0.0,0.0,0,1,522000920164219589,2023-08-20,São João d'Aliança,0,0.0,14085,20.2857142857143,80.4285714285714,0,0,0,71.1638888571429,58.2857142857143,21.9146827142857,24.2857142857143,0,,,,,2726,2016-10-16,5220009,Sao Joao d'Alianca,GO,2016,42
1475971200000,201641,0.0,0,0,0,0.0,0.0,0,1,522000920164119589,2023-08-20,São João d'Aliança,0,0.0,14085,20.1428571428571,75.2857142857143,0,0,0,67.3004545714286,55.7142857142857,21.5955212857143,23.5714285714286,0,,,,,2726,2016-10-09,5220009,Sao Joao d'Alianca,GO,2016,41
1475366400000,201640,0.0,0,0,0,0.0,0.0,0,1,522000920164019589,2023-08-20,São João d'Aliança,0,0.0,14085,18.0,90.7142857142857,0,0,0,80.3370985714286,68.4285714285714,20.0352565714286,22.2857142857143,0,,,,,2726,2016-10-02,5220009,Sao Joao d'Alianca,GO,2016,40
1474761600000,201639,0.0,0,0,0,0.0,0.0,0,1,522000920163919589,2023-08-20,São João d'Aliança,0,0.0,14085,17.7142857142857,94.0,0,0,0,84.3971092857143,72.5714285714286,19.8089564285714,22.8571428571429,0,,,,,2726,2016-09-25,5220009,Sao Joao d'Alianca,GO,2016,39
1474156800000,201638,0.0,0,0,0,0.0,0.0,0,1,522000920163819589,2023-08-20,São João d'Aliança,0,0.0,14085,18.2857142857143,80.1428571428571,0,0,0,68.0518615714286,53.7142857142857,20.0165567142857,22.8571428571429,0,,,,,2726,2016-09-18,5220009,Sao Joao d'Alianca,GO,2016,38
1473552000000,201637,0.0,0,0,0,0.0,0.0,0,1,522000920163719589,2023-08-20,São João d'Aliança,0,0.0,14085,14.7142857142857,73.5714285714286,0,0,0,59.3626411428571,44.1428571428571,17.8866214285714,21.1428571428571,0,,,,,2726,2016-09-11,5220009,Sao Joao d'Alianca,GO,2016,37
1472947200000,201636,0.0,0,0,0,0.0,0.0,0,1,522000920163619589,2023-08-20,São João d'Aliança,0,0.0,14085,14.5714285714286,73.5714285714286,0,0,0,59.6295342857143,46.8571428571429,17.3146257142857,20.4285714285714,0,,,,,2726,2016-09-04,5220009,Sao Joao d'Alianca,GO,2016,36
1472342400000,201635,0.0,0,0,0,0.0,0.0,0,1,522000920163519589,2023-08-20,São João d'Aliança,0,0.0,14085,15.2857142857143,79.0,0,0,0,61.1159295714286,42.4285714285714,19.5615075714286,23.8571428571429,0,,,,,2726,2016-08-28,5220009,Sao Joao d'Alianca,GO,2016,35
1471737600000,201634,1.0,1,1,1,0.9632679,7.0997515,0,1,522000920163419589,2023-08-20,São João d'Aliança,0,18.521618,14085,13.4285714285714,85.0,0,0,0,70.3480991428571,54.7142857142857,17.0159275714286,21.0,1,,,,,2726,2016-08-21,5220009,Sao Joao d'Alianca,GO,2016,34
1471132800000,201633,0.0,0,0,0,0.0,0.0,0,1,522000920163319589,2023-08-20,São João d'Aliança,0,0.0,14085,16.4285714285714,78.7142857142857,0,0,0,68.9680478571429,58.4285714285714,18.7260538571429,20.8571428571429,0,,,,,2726,2016-08-14,5220009,Sao Joao d'Alianca,GO,2016,33
1470528000000,201632,0.0,0,0,0,0.0,0.0,0,1,522000920163219589,2023-08-20,São João d'Aliança,0,0.0,14085,13.4285714285714,74.1428571428571,0,0,0,61.0568771428571,47.4285714285714,16.3796294285714,20.1428571428571,0,,,,,2726,2016-08-07,5220009,Sao Joao d'Alianca,GO,2016,32
1469923200000,201631,0.0,0,0,0,0.0,0.0,0,1,522000920163119589,2023-08-20,São João d'Aliança,0,0.0,14085,11.8571428571429,83.8571428571429,0,0,0,67.3651914285714,49.7142857142857,15.1477325714286,18.8571428571429,0,,,,,2726,2016-07-31,5220009,Sao Joao d'Alianca,GO,2016,31
1469318400000,201630,0.0,0,0,0,0.0,0.0,0,1,522000920163019589,2023-08-20,São João d'Aliança,0,0.0,14085,12.4285714285714,79.1428571428571,0,0,0,65.7624717142857,53.7142857142857,15.5039682857143,18.5714285714286,0,,,,,2726,2016-07-24,5220009,Sao Joao d'Alianca,GO,2016,30
1468713600000,201629,0.0,0,0,0,0.0,0.0,0,1,522000920162919589,2023-08-20,São João d'Aliança,0,0.0,14085,11.7142857142857,83.0,0,0,0,69.3151912857143,55.1428571428571,14.6000565714286,17.8571428571429,0,,,,,2726,2016-07-17,5220009,Sao Joao d'Alianca,GO,2016,29
1468108800000,201628,0.0,0,0,0,0.0,0.0,0,1,522000920162819589,2023-08-20,São João d'Aliança,0,0.0,14085,10.2857142857143,89.4285714285714,0,0,0,75.4257362857143,57.1428571428571,13.4325398571429,17.4285714285714,0,,,,,2726,2016-07-10,5220009,Sao Joao d'Alianca,GO,2016,28
1467504000000,201627,0.0,0,0,0,0.0,0.0,0,1,522000920162719589,2023-08-20,São João d'Aliança,0,0.0,14085,14.1428571428571,82.7142857142857,0,0,0,71.2820285714286,56.2857142857143,16.170068,18.8571428571429,0,,,,,2726,2016-07-03,5220009,Sao Joao d'Alianca,GO,2016,27
1466899200000,201626,0.0,0,0,0,0.0,0.0,0,1,522000920162619589,2023-08-20,São João d'Aliança,0,0.0,14085,12.2857142857143,88.8571428571429,0,0,0,74.8065812857143,57.2857142857143,14.41523,17.0,0,,,,,2726,2016-06-26,5220009,Sao Joao d'Alianca,GO,2016,26
1466294400000,201625,1.0,1,1,1,0.31380603,7.0997515,0,1,522000920162519589,2023-08-20,São João d'Aliança,0,0.59806645,14085,11.8571428571429,94.0,0,0,0,80.1425732857143,66.1428571428571,14.3024375714286,17.2857142857143,1,,,,,2726,2016-06-19,5220009,Sao Joao d'Alianca,GO,2016,25
1465689600000,201624,0.0,0,0,0,0.0,0.0,0,1,522000920162419589,2023-08-20,São João d'Aliança,0,0.0,14085,11.5714285714286,94.8571428571429,0,0,0,84.1095234285714,70.8571428571429,14.0441041428571,16.8571428571429,0,,,,,2726,2016-06-12,5220009,Sao Joao d'Alianca,GO,2016,24
1465084800000,201623,1.0,1,1,1,0.2643085,7.0997515,0,1,522000920162319589,2023-08-20,São João d'Aliança,0,0.5209133,14085,14.7142857142857,96.7142857142857,0,0,0,85.0391148571429,71.2857142857143,17.3015871428571,20.2857142857143,1,,,,,2726,2016-06-05,5220009,Sao Joao d'Alianca,GO,2016,23
1464480000000,201622,5.0,5,5,5,0.89674586,35.498756,0,1,522000920162219589,2023-08-20,São João d'Aliança,0,2.5796149,14085,13.0,93.1428571428571,0,0,0,81.6394545714286,68.4285714285714,15.8486394285714,18.8571428571429,5,,,,,2726,2016-05-29,5220009,Sao Joao d'Alianca,GO,2016,22
1463875200000,201621,0.0,0,0,0,0.0,0.0,0,1,522000920162119589,2023-08-20,São João d'Aliança,0,0.0,14085,15.4285714285714,95.7142857142857,0,0,0,82.2964865714286,67.5714285714286,18.0731294285714,20.8571428571429,0,,,,,2726,2016-05-22,5220009,Sao Joao d'Alianca,GO,2016,21
1463270400000,201620,2.0,2,2,2,0.18313052,14.199503,0,1,522000920162019589,2023-08-20,São João d'Aliança,0,0.49446997,14085,17.8571428571429,94.0,0,0,0,85.986962,74.7142857142857,19.2891154285714,21.4285714285714,2,,,,,2726,2016-05-15,5220009,Sao Joao d'Alianca,GO,2016,20
1462665600000,201619,3.0,3,3,3,0.1230024,21.299255,0,1,522000920161919589,2023-08-20,São João d'Aliança,0,0.47282618,14085,15.5714285714286,88.1428571428571,0,0,0,75.1598618571429,59.2857142857143,18.2619048571429,21.4285714285714,3,,,,,2726,2016-05-08,5220009,Sao Joao d'Alianca,GO,2016,19
1462060800000,201618,2.0,2,2,2,0.018897034,14.199503,0,1,522000920161819589,2023-08-20,São João d'Aliança,0,0.24827364,14085,15.4285714285714,94.0,0,0,0,81.981576,68.7142857142857,17.8897392857143,20.8571428571429,2,,,,,2726,2016-05-01,5220009,Sao Joao d'Alianca,GO,2016,18
1461456000000,201617,8.0,8,8,8,0.46572787,56.79801,0,1,522000920161719589,2023-08-20,São João d'Aliança,0,0.9593634,14085,17.0,94.0,0,0,1,85.6716438571429,68.8571428571429,18.850505,21.7142857142857,7,,,,,2726,2016-04-24,5220009,Sao Joao d'Alianca,GO,2016,17
1460851200000,201616,8.0,8,8,8,0.5963592,56.79801,0,1,522000920161619589,2023-08-20,São João d'Aliança,0,1.1300956,14085,16.5714285714286,88.0,0,0,1,67.2322385714286,43.1428571428571,20.5540441428571,24.8571428571429,8,,,,,2726,2016-04-17,5220009,Sao Joao d'Alianca,GO,2016,16
1460246400000,201615,10.0,10,10,10,0.89316213,70.99751,0,1,522000920161519589,2023-08-20,São João d'Aliança,0,1.8836478,14085,16.2857142857143,89.0,0,0,1,58.2568032857143,24.5714285714286,22.7471658571429,28.7142857142857,10,,,,,2726,2016-04-10,5220009,Sao Joao d'Alianca,GO,2016,15
1459641600000,201614,7.0,7,7,7,0.85301864,49.69826,0,1,522000920161419589,2023-08-20,São João d'Aliança,0,1.878659,14085,17.1428571428571,91.5714285714286,0,0,1,80.3276642857143,66.1428571428571,19.5107708571429,22.5714285714286,7,,,,,2726,2016-04-03,5220009,Sao Joao d'Alianca,GO,2016,14
1459036800000,201613,5.0,5,5,5,0.854685,35.498756,0,1,522000920161319589,2023-08-20,São João d'Aliança,0,2.1399302,14085,16.4285714285714,96.5714285714286,0,0,0,87.1434238571429,76.0,18.3407027142857,20.5714285714286,5,,,,,2726,2016-03-27,5220009,Sao Joao d'Alianca,GO,2016,13
1458432000000,201612,4.0,4,4,4,0.8924477,28.399006,0,1,522000920161219589,2023-08-20,São João d'Aliança,0,2.8393424,14085,17.4285714285714,96.5714285714286,0,0,0,89.8616778571429,80.2857142857143,18.929705,20.8571428571429,4,,,,,2726,2016-03-20,5220009,Sao Joao d'Alianca,GO,2016,12
1457827200000,201611,2.0,2,2,2,0.703007,14.199503,0,1,522000920161119589,2023-08-20,São João d'Aliança,0,1.701741,14085,17.2857142857143,95.8571428571429,0,0,0,87.914682,77.1428571428571,19.1309525714286,21.5714285714286,2,,,,,2726,2016-03-13,5220009,Sao Joao d'Alianca,GO,2016,11
1457222400000,201610,1.0,1,1,1,0.3078352,7.0997515,0,1,522000920161019589,2023-08-20,São João d'Aliança,0,0.5883149,14085,19.7142857142857,99.1428571428571,1,0,0,90.8820865714286,80.0,20.6164965714286,22.0,1,,,,,2726,2016-03-06,5220009,Sao Joao d'Alianca,GO,2016,10
1456617600000,201609,1.0,1,1,1,0.14208344,7.0997515,0,1,522000920160919589,2023-08-20,São João d'Aliança,0,0.35521585,14085,19.0,95.7142857142857,1,0,0,88.2529098571429,76.7142857142857,20.6726508571429,22.4285714285714,1,,,,,2726,2016-02-28,5220009,Sao Joao d'Alianca,GO,2016,9
1456012800000,201608,1.0,1,1,1,0.100343645,7.0997515,0,1,522000920160819589,2023-08-20,São João d'Aliança,0,0.30147916,14085,17.2857142857143,96.8571428571429,0,0,0,89.1411558571429,80.2857142857143,18.72449,20.8571428571429,1,,,,,2726,2016-02-21,5220009,Sao Joao d'Alianca,GO,2016,8
1455408000000,201607,3.0,3,3,3,0.5975889,21.299255,0,1,522000920160719589,2023-08-20,São João d'Aliança,0,1.2167065,14085,17.5714285714286,94.0,0,0,0,85.2006808571429,65.7142857142857,19.4691558571429,21.5714285714286,3,,,,,2726,2016-02-14,5220009,Sao Joao d'Alianca,GO,2016,7
1454803200000,201606,5.0,5,5,5,0.9434991,35.498756,0,1,522000920160619589,2023-08-20,São João d'Aliança,0,3.5847194,14085,18.5714285714286,94.8571428571429,1,0,0,70.5996,37.1428571428571,23.3761632857143,29.1428571428571,5,,,,,2726,2016-02-07,5220009,Sao Joao d'Alianca,GO,2016,6
1454198400000,201605,2.0,2,2,2,0.8178776,14.199503,0,1,522000920160519589,2023-08-20,São João d'Aliança,0,2.6706016,14085,16.7142857142857,96.5714285714286,0,0,0,69.3639462857143,34.7142857142857,22.9293205714286,29.0,2,,,,,2726,2016-01-31,5220009,Sao Joao d'Alianca,GO,2016,5
1453593600000,201604,1.0,1,1,1,0.8145292,7.0997515,0,1,522000920160419589,2023-08-20,São João d'Aliança,0,3.3788157,14085,19.1428571428571,97.4285714285714,1,0,0,88.2325914285714,76.2857142857143,20.553884,22.4285714285714,1,,,,,2726,2016-01-24,5220009,Sao Joao d'Alianca,GO,2016,4
1452988800000,201603,1.0,1,1,1,0.9632679,7.0997515,0,1,522000920160319589,2023-08-20,São João d'Aliança,0,18.521618,14085,19.4285714285714,96.5714285714286,1,0,0,91.8866034285714,83.8571428571429,20.3352258571429,21.7142857142857,1,,,,,2726,2016-01-17,5220009,Sao Joao d'Alianca,GO,2016,3
1452384000000,201602,0.0,0,0,0,0.0,0.0,0,1,522000920160219589,2023-08-20,São João d'Aliança,0,0.0,14085,19.8571428571429,96.5714285714286,0,0,0,91.8952377142857,85.0,20.4555558571429,21.7142857142857,0,,,,,2726,2016-01-10,5220009,Sao Joao d'Alianca,GO,2016,2
1451779200000,201601,0.0,0,0,0,0.0,0.0,0,1,522000920160119589,2023-08-20,São João d'Aliança,0,0.0,14085,19.8571428571429,95.7142857142857,0,0,0,92.1944434285714,87.0,20.3042657142857,21.2857142857143,0,,,,,2726,2016-01-03,5220009,Sao Joao d'Alianca,GO,2016,1
1451174400000,201552,0.0,0,0,0,0.0,0.0,0,1,522000920155219589,2023-08-20,São João d'Aliança,0,0.0,14085,18.7142857142857,97.4285714285714,0,0,0,88.9041938571429,79.7142857142857,19.7125842857143,21.4285714285714,0,,,,,2726,2015-12-27,5220009,Sao Joao d'Alianca,GO,2015,52
1450569600000,201551,0.0,0,0,0,0.0,0.0,0,1,522000920155119589,2023-08-20,São João d'Aliança,0,0.0,14085,18.1428571428571,93.4285714285714,0,0,0,81.7665335714286,70.7142857142857,20.3035714285714,22.7142857142857,0,,,,,2726,2015-12-20,5220009,Sao Joao d'Alianca,GO,2015,51
1449964800000,201550,0.0,0,0,0,0.0,0.0,0,1,522000920155019589,2023-08-20,São João d'Aliança,0,0.0,14085,18.2857142857143,93.1428571428571,0,0,0,82.9737322857143,69.8571428571429,19.9398998571429,22.1428571428571,0,,,,,2726,2015-12-13,5220009,Sao Joao d'Alianca,GO,2015,50
1449360000000,201549,0.0,0,0,0,0.0,0.0,0,1,522000920154919589,2023-08-20,São João d'Aliança,0,0.0,14085,18.4285714285714,96.5714285714286,0,0,0,81.6306114285714,56.7142857142857,21.272789,25.7142857142857,0,,,,,2726,2015-12-06,5220009,Sao Joao d'Alianca,GO,2015,49
1448755200000,201548,0.0,0,0,0,0.0,0.0,0,1,522000920154819589,2023-08-20,São João d'Aliança,0,0.0,14085,18.7142857142857,94.8571428571429,0,0,0,70.8344028571429,37.2857142857143,23.9021398571429,30.2857142857143,0,,,,,2726,2015-11-29,5220009,Sao Joao d'Alianca,GO,2015,48
1448150400000,201547,0.0,0,0,0,0.0,0.0,0,1,522000920154719589,2023-08-20,São João d'Aliança,0,0.0,14085,18.7142857142857,97.4285714285714,0,0,0,77.7202051428571,37.7142857142857,22.4175107142857,29.1428571428571,0,,,,,2726,2015-11-22,5220009,Sao Joao d'Alianca,GO,2015,47
1447545600000,201546,0.0,0,0,0,0.0,0.0,0,1,522000920154619589,2023-08-20,São João d'Aliança,0,0.0,14085,19.1428571428571,94.8571428571429,0,0,0,79.5603714285714,46.0,22.4648577142857,28.4285714285714,0,,,,,2726,2015-11-15,5220009,Sao Joao d'Alianca,GO,2015,46
1446940800000,201545,0.0,0,0,0,0.0,0.0,0,1,522000920154519589,2023-08-20,São João d'Aliança,0,0.0,14085,17.5714285714286,82.5714285714286,0,0,0,50.3418361428571,18.0,25.0438774285714,32.5714285714286,0,,,,,2726,2015-11-08,5220009,Sao Joao d'Alianca,GO,2015,45
1446336000000,201544,0.0,0,0,0,0.0,0.0,0,1,522000920154419589,2023-08-20,São João d'Aliança,0,0.0,14085,18.0,94.25,0,0,0,64.834939875,22.375,23.845613,31.125,0,,,,,2726,2015-11-01,5220009,Sao Joao d'Alianca,GO,2015,44
1445731200000,201543,0.0,0,0,0,0.0,0.0,0,1,522000920154319589,2023-08-20,São João d'Aliança,0,0.0,14085,18.5714285714286,94.0,0,0,0,74.2970257142857,32.4285714285714,22.5373938571429,28.0,0,,,,,2726,2015-10-25,5220009,Sao Joao d'Alianca,GO,2015,43
1445126400000,201542,0.0,0,0,0,0.0,0.0,0,1,522000920154219589,2023-08-20,São João d'Aliança,0,0.0,14085,17.1428571428571,77.1428571428571,0,0,0,46.4860485714286,20.1428571428571,25.4464884285714,33.2857142857143,0,,,,,2726,2015-10-18,5220009,Sao Joao d'Alianca,GO,2015,42
1444521600000,201541,0.0,0,0,0,0.0,0.0,0,1,522000920154119589,2023-08-20,São João d'Aliança,0,0.0,14085,16.1428571428571,66.7142857142857,0,0,0,35.5308012857143,9.85714285714286,25.3737717142857,33.2857142857143,0,,,,,2726,2015-10-11,5220009,Sao Joao d'Alianca,GO,2015,41
1443916800000,201540,0.0,0,0,0,0.0,0.0,0,1,522000920154019589,2023-08-20,São João d'Aliança,0,0.0,14085,17.5714285714286,84.0,0,0,0,50.7846942857143,20.1428571428571,24.9978081428571,32.7142857142857,0,,,,,2726,2015-10-04,5220009,Sao Joao d'Alianca,GO,2015,40
1443312000000,201539,0.0,0,0,0,0.0,0.0,0,1,522000920153919589,2023-08-20,São João d'Aliança,0,0.0,14085,16.5714285714286,88.4285714285714,0,0,0,54.077763,20.4285714285714,23.6662562857143,31.0,0,,,,,2726,2015-09-27,5220009,Sao Joao d'Alianca,GO,2015,39
1442707200000,201538,0.0,0,0,0,0.0,0.0,0,1,522000920153819589,2023-08-20,São João d'Aliança,0,0.0,14085,14.7142857142857,73.8571428571429,0,0,0,40.6734691428571,10.1428571428571,24.3418368571429,33.1428571428571,0,,,,,2726,2015-09-20,5220009,Sao Joao d'Alianca,GO,2015,38
1442102400000,201537,0.0,0,0,0,0.0,0.0,0,1,522000920153719589,2023-08-20,São João d'Aliança,0,0.0,14085,16.2857142857143,84.1428571428571,0,0,0,57.0918375714286,26.2857142857143,22.607143,29.4285714285714,0,,,,,2726,2015-09-13,5220009,Sao Joao d'Alianca,GO,2015,37
1441497600000,201536,0.0,0,0,0,0.0,0.0,0,1,522000920153619589,2023-08-20,São João d'Aliança,0,0.0,14085,17.0,81.4285714285714,0,0,0,55.8860647142857,24.2857142857143,23.6015798571429,30.8571428571429,0,,,,,2726,2015-09-06,5220009,Sao Joao d'Alianca,GO,2015,36
1440892800000,201535,0.0,0,0,0,0.0,0.0,0,1,522000920153519589,2023-08-20,São João d'Aliança,0,0.0,14085,12.7142857142857,80.5714285714286,0,0,0,43.9671204285714,13.0,22.354308,31.2857142857143,0,,,,,2726,2015-08-30,5220009,Sao Joao d'Alianca,GO,2015,35
1440288000000,201534,0.0,0,0,0,0.0,0.0,0,1,522000920153419589,2023-08-20,São João d'Aliança,0,0.0,14085,14.0,82.5714285714286,0,0,0,47.7384612857143,15.1428571428571,22.6258045714286,30.7142857142857,0,,,,,2726,2015-08-23,5220009,Sao Joao d'Alianca,GO,2015,34
1439683200000,201533,0.0,0,0,0,0.0,0.0,0,1,522000920153319589,2023-08-20,São João d'Aliança,0,0.0,14085,12.7142857142857,85.5714285714286,0,0,0,53.7023218571429,17.7142857142857,20.4750174285714,28.5714285714286,0,,,,,2726,2015-08-16,5220009,Sao Joao d'Alianca,GO,2015,33
1439078400000,201532,0.0,0,0,0,0.0,0.0,0,1,522000920153219589,2023-08-20,São João d'Aliança,0,0.0,14085,11.1428571428571,83.1428571428571,0,0,0,55.3128078571429,21.5714285714286,18.1850808571429,25.8571428571429,0,,,,,2726,2015-08-09,5220009,Sao Joao d'Alianca,GO,2015,32
1438473600000,201531,0.0,0,0,0,0.0,0.0,0,1,522000920153119589,2023-08-20,São João d'Aliança,0,0.0,14085,9.71428571428571,83.5714285714286,0,0,0,49.9438775714286,15.0,18.7755101428571,27.2857142857143,0,,,,,2726,2015-08-02,5220009,Sao Joao d'Alianca,GO,2015,31
1437868800000,201530,0.0,0,0,0,0.0,0.0,0,1,522000920153019589,2023-08-20,São João d'Aliança,0,0.0,14085,13.4285714285714,82.7142857142857,0,0,0,50.6590141428571,19.7142857142857,20.8265307142857,27.2857142857143,0,,,,,2726,2015-07-26,5220009,Sao Joao d'Alianca,GO,2015,30
1437264000000,201529,0.0,0,0,0,0.0,0.0,0,1,522000920152919589,2023-08-20,São João d'Aliança,0,0.0,14085,13.0,83.1428571428571,0,0,0,55.1442867142857,24.4285714285714,19.7262584285714,26.0,0,,,,,2726,2015-07-19,5220009,Sao Joao d'Alianca,GO,2015,29
1436659200000,201528,0.0,0,0,0,0.0,0.0,0,1,522000920152819589,2023-08-20,São João d'Aliança,0,0.0,14085,13.7142857142857,87.1428571428571,0,0,0,59.0944818571429,26.5714285714286,20.080688,26.0,0,,,,,2726,2015-07-12,5220009,Sao Joao d'Alianca,GO,2015,28
1436054400000,201527,0.0,0,0,0,0.0,0.0,0,1,522000920152719589,2023-08-20,São João d'Aliança,0,0.0,14085,14.2857142857143,89.7142857142857,0,0,0,65.7380361428571,33.5714285714286,19.7841307142857,26.0,0,,,,,2726,2015-07-05,5220009,Sao Joao d'Alianca,GO,2015,27
1435449600000,201526,0.0,0,0,0,0.0,0.0,0,1,522000920152619589,2023-08-20,São João d'Aliança,0,0.0,14085,12.0,85.2857142857143,0,0,0,59.876417,25.2857142857143,19.1681785714286,25.7142857142857,0,,,,,2726,2015-06-28,5220009,Sao Joao d'Alianca,GO,2015,26
1434844800000,201525,0.0,0,0,0,0.0,0.0,0,1,522000920152519589,2023-08-20,São João d'Aliança,0,0.0,14085,12.8571428571429,88.4285714285714,0,0,0,66.1838508571429,36.2857142857143,17.8029554285714,22.7142857142857,0,,,,,2726,2015-06-21,5220009,Sao Joao d'Alianca,GO,2015,25
1434240000000,201524,0.0,0,0,0,0.0,0.0,0,1,522000920152419589,2023-08-20,São João d'Aliança,0,0.0,14085,14.0,87.1428571428571,0,0,0,61.7091842857143,30.4285714285714,20.1428572857143,26.0,0,,,,,2726,2015-06-14,5220009,Sao Joao d'Alianca,GO,2015,24
1433635200000,201523,0.0,0,0,0,0.0,0.0,0,1,522000920152319589,2023-08-20,São João d'Aliança,0,0.0,14085,13.2857142857143,90.5714285714286,0,0,0,64.2448971428571,31.1428571428571,19.5918364285714,25.2857142857143,0,,,,,2726,2015-06-07,5220009,Sao Joao d'Alianca,GO,2015,23
1433030400000,201522,0.0,0,0,0,0.0,0.0,0,1,522000920152219589,2023-08-20,São João d'Aliança,0,0.0,14085,14.8571428571429,90.5714285714286,0,0,0,67.945919,36.4285714285714,19.8690475714286,25.0,0,,,,,2726,2015-05-31,5220009,Sao Joao d'Alianca,GO,2015,22
1432425600000,201521,0.0,0,0,0,0.0,0.0,0,1,522000920152119589,2023-08-20,São João d'Aliança,0,0.0,14085,14.1428571428571,91.4285714285714,0,0,0,67.2397967142857,32.8571428571429,19.9711471428571,26.0,0,,,,,2726,2015-05-24,5220009,Sao Joao d'Alianca,GO,2015,21
1431820800000,201520,2.0,2,2,2,0.5323903,14.199503,0,1,522000920152019589,2023-08-20,São João d'Aliança,0,1.0770774,14085,15.4285714285714,92.2857142857143,0,0,0,72.6418005714286,44.7142857142857,19.2973258571429,24.0,2,,,,,2726,2015-05-17,5220009,Sao Joao d'Alianca,GO,2015,20
1431216000000,201519,1.0,1,1,1,0.18675086,7.0997515,0,1,522000920151919589,2023-08-20,São João d'Aliança,0,0.41308433,14085,15.7142857142857,93.4285714285714,0,0,0,80.1965742857143,59.2857142857143,19.0622945714286,22.8571428571429,1,,,,,2726,2015-05-10,5220009,Sao Joao d'Alianca,GO,2015,19
1430611200000,201518,2.0,2,2,2,0.34653836,14.199503,0,1,522000920151819589,2023-08-20,São João d'Aliança,0,0.71723634,14085,17.7142857142857,96.5714285714286,0,0,0,80.4563685714286,57.8571428571429,20.5177691428571,24.5714285714286,2,,,,,2726,2015-05-03,5220009,Sao Joao d'Alianca,GO,2015,18
1430006400000,201517,2.0,2,2,2,0.40419212,14.199503,0,1,522000920151719589,2023-08-20,São João d'Aliança,0,0.8110931,14085,16.8571428571429,95.7142857142857,0,0,0,80.6601361428571,54.8571428571429,20.0105428571429,24.7142857142857,2,,,,,2726,2015-04-26,5220009,Sao Joao d'Alianca,GO,2015,17
1429401600000,201516,4.0,4,4,4,0.8145035,28.399006,0,2,522000920151619589,2023-08-20,São João d'Aliança,0,2.0137885,14085,18.4285714285714,95.7142857142857,1,0,0,76.4443514285714,44.0,22.134099,27.5714285714286,4,,,,,2726,2015-04-19,5220009,Sao Joao d'Alianca,GO,2015,16
1428796800000,201515,2.0,2,2,2,0.63163304,14.199503,0,2,522000920151519589,2023-08-20,São João d'Aliança,0,1.3802301,14085,18.4285714285714,93.1428571428571,1,0,0,75.9855337142857,48.7142857142857,21.6359731428571,26.2857142857143,2,,,,,2726,2015-04-12,5220009,Sao Joao d'Alianca,GO,2015,15
1428192000000,201514,2.0,2,2,2,0.77311796,14.199503,0,1,522000920151419589,2023-08-20,São João d'Aliança,0,2.1870444,14085,18.7142857142857,94.0,1,0,0,77.1866985714286,46.1428571428571,21.7334595714286,26.0,2,,,,,2726,2015-04-05,5220009,Sao Joao d'Alianca,GO,2015,14
1427587200000,201513,2.0,2,2,2,0.7303866,14.199503,0,1,522000920151319589,2023-08-20,São João d'Aliança,0,1.8642095,14085,18.2857142857143,96.5714285714286,1,0,0,75.3332528571429,37.0,22.202622,27.8571428571429,2,,,,,2726,2015-03-29,5220009,Sao Joao d'Alianca,GO,2015,13
1426982400000,201512,0.0,0,0,0,0.0,0.0,0,1,522000920151219589,2023-08-20,São João d'Aliança,0,0.0,14085,17.7142857142857,95.7142857142857,0,0,0,80.8270671428571,48.2857142857143,21.0986725714286,25.5714285714286,0,,,,,2726,2015-03-22,5220009,Sao Joao d'Alianca,GO,2015,12
1426377600000,201511,1.0,1,1,1,0.1549904,7.0997515,0,1,522000920151119589,2023-08-20,São João d'Aliança,0,0.3717819,14085,17.2857142857143,98.2857142857143,0,0,0,84.3561707142857,61.0,19.6327768571429,23.8571428571429,1,,,,,2726,2015-03-15,5220009,Sao Joao d'Alianca,GO,2015,11
1425772800000,201510,1.0,1,1,1,0.3510507,7.0997515,0,1,522000920151019589,2023-08-20,São João d'Aliança,0,0.66214263,14085,17.8571428571429,97.4285714285714,0,0,0,81.830273,42.8571428571429,20.7808065714286,25.0,1,,,,,2726,2015-03-08,5220009,Sao Joao d'Alianca,GO,2015,10
1425168000000,201509,6.0,6,6,6,0.99695474,42.59851,0,1,522000920150919589,2023-08-20,São João d'Aliança,0,15.869989,14085,17.7142857142857,94.8571428571429,0,1,1,77.6841821428571,53.5714285714286,21.1905647142857,26.1428571428571,6,,,,,2726,2015-03-01,5220009,Sao Joao d'Alianca,GO,2015,9
1424563200000,201508,0.0,0,0,0,0.0,0.0,0,1,522000920150819589,2023-08-20,São João d'Aliança,0,0.0,14085,18.4285714285714,91.5714285714286,0,0,0,71.7595595714286,43.1428571428571,22.0693454285714,26.8571428571429,0,,,,,2726,2015-02-22,5220009,Sao Joao d'Alianca,GO,2015,8
1423958400000,201507,0.0,0,0,0,0.0,0.0,0,1,522000920150719589,2023-08-20,São João d'Aliança,0,0.0,14085,18.4285714285714,90.4285714285714,0,0,0,73.3940567142857,41.8571428571429,21.562666,25.8571428571429,0,,,,,2726,2015-02-15,5220009,Sao Joao d'Alianca,GO,2015,7
1423353600000,201506,0.0,0,0,0,0.0,0.0,0,1,522000920150619589,2023-08-20,São João d'Aliança,0,0.0,14085,18.0,90.5714285714286,0,0,0,67.802691,41.1428571428571,22.5324597142857,27.4285714285714,0,,,,,2726,2015-02-08,5220009,Sao Joao d'Alianca,GO,2015,6
1422748800000,201505,1.0,1,1,1,0.6177504,7.0997515,0,1,522000920150519589,2023-08-20,São João d'Aliança,0,1.4390478,14085,18.0,88.5714285714286,0,0,0,70.6312791428571,46.4285714285714,21.8600745714286,26.0,1,,,,,2726,2015-02-01,5220009,Sao Joao d'Alianca,GO,2015,5
1422144000000,201504,0.0,0,0,0,0.0,0.0,0,1,522000920150419589,2023-08-20,São João d'Aliança,0,0.0,14085,17.7142857142857,94.8571428571429,0,0,0,72.687755,46.0,21.8853057142857,27.1428571428571,0,,,,,2726,2015-01-25,5220009,Sao Joao d'Alianca,GO,2015,4
1421539200000,201503,1.0,1,1,1,0.8145292,7.0997515,0,1,522000920150319589,2023-08-20,São João d'Aliança,0,3.3788157,14085,18.4285714285714,83.2857142857143,0,0,0,60.6201637142857,31.2857142857143,23.1567552857143,29.1428571428571,1,,,,,2726,2015-01-18,5220009,Sao Joao d'Alianca,GO,2015,3
1420934400000,201502,1.0,1,1,1,0.9632679,7.0997515,0,1,522000920150219589,2023-08-20,São João d'Aliança,0,18.521618,14085,18.5714285714286,77.1428571428571,0,0,0,50.7448981428571,21.5714285714286,24.6224488571429,30.0,1,,,,,2726,2015-01-11,5220009,Sao Joao d'Alianca,GO,2015,2
1420329600000,201501,0.0,0,0,0,0.0,0.0,0,1,522000920150119589,2023-08-20,São João d'Aliança,0,0.0,14085,18.5714285714286,81.2857142857143,0,0,0,58.0342871428571,27.2857142857143,24.0890255714286,30.1428571428571,0,,,,,2726,2015-01-04,5220009,Sao Joao d'Alianca,GO,2015,1
1419724800000,201453,0.0,0,0,0,0.0,0.0,0,1,522000920145319589,2023-08-20,São João d'Aliança,0,0.0,14085,19.5714285714286,79.2857142857143,0,0,0,56.4904285714286,28.0,25.3328994285714,31.2857142857143,0,,,,,2726,2014-12-28,5220009,Sao Joao d'Alianca,GO,2014,53
1419120000000,201452,0.0,0,0,0,0.0,0.0,0,1,522000920145219589,2023-08-20,São João d'Aliança,0,0.0,14085,20.2857142857143,85.2857142857143,0,0,0,67.0388671428571,38.7142857142857,24.0076002857143,28.2857142857143,0,,,,,2726,2014-12-21,5220009,Sao Joao d'Alianca,GO,2014,52
1418515200000,201451,0.0,0,0,0,0.0,0.0,0,1,522000920145119589,2023-08-20,São João d'Aliança,0,0.0,14085,20.2857142857143,91.5714285714286,0,0,0,76.6791265714286,48.1428571428571,23.1513462857143,27.5714285714286,0,,,,,2726,2014-12-14,5220009,Sao Joao d'Alianca,GO,2014,51
1417910400000,201450,0.0,0,0,0,0.0,0.0,0,1,522000920145019589,2023-08-20,São João d'Aliança,0,0.0,14085,19.7142857142857,87.4285714285714,0,0,0,75.6467557142857,51.5714285714286,21.6147557142857,25.1428571428571,0,,,,,2726,2014-12-07,5220009,Sao Joao d'Alianca,GO,2014,50
1417305600000,201449,0.0,0,0,0,0.0,0.0,0,1,522000920144919589,2023-08-20,São João d'Aliança,0,0.0,14085,19.5714285714286,87.2857142857143,0,0,0,70.9073905714286,44.1428571428571,22.5436531428571,27.0,0,,,,,2726,2014-11-30,5220009,Sao Joao d'Alianca,GO,2014,49
1416700800000,201448,0.0,0,0,0,0.0,0.0,0,1,522000920144819589,2023-08-20,São João d'Aliança,0,0.0,14085,19.7142857142857,90.7142857142857,0,0,0,73.7014085714286,38.2857142857143,22.7467577142857,27.5714285714286,0,,,,,2726,2014-11-23,5220009,Sao Joao d'Alianca,GO,2014,48
1416096000000,201447,0.0,0,0,0,0.0,0.0,0,1,522000920144719589,2023-08-20,São João d'Aliança,0,0.0,14085,20.0,80.1428571428571,0,0,0,62.0314897142857,35.5714285714286,23.9725545714286,29.0,0,,,,,2726,2014-11-16,5220009,Sao Joao d'Alianca,GO,2014,47
1415491200000,201446,0.0,0,0,0,0.0,0.0,0,1,522000920144619589,2023-08-20,São João d'Aliança,0,0.0,14085,20.4285714285714,85.1428571428571,0,0,0,69.7232632857143,41.0,23.4804765714286,27.8571428571429,0,,,,,2726,2014-11-09,5220009,Sao Joao d'Alianca,GO,2014,46
1414886400000,201445,0.0,0,0,0,0.0,0.0,0,1,522000920144519589,2023-08-20,São João d'Aliança,0,0.0,14085,20.4285714285714,81.5714285714286,0,0,0,59.1109688571429,26.5714285714286,24.9634501428571,30.8571428571429,0,,,,,2726,2014-11-02,5220009,Sao Joao d'Alianca,GO,2014,45
1414281600000,201444,0.0,0,0,0,0.0,0.0,0,1,522000920144419589,2023-08-20,São João d'Aliança,0,0.0,14085,18.7142857142857,86.7142857142857,0,0,0,69.1197214285714,40.7142857142857,22.9397954285714,28.4285714285714,0,,,,,2726,2014-10-26,5220009,Sao Joao d'Alianca,GO,2014,44
1413676800000,201443,0.0,0,0,0,0.0,0.0,0,1,522000920144319589,2023-08-20,São João d'Aliança,0,0.0,14085,21.0,71.1428571428571,0,0,0,51.6806957142857,24.8571428571429,25.3099822857143,30.5714285714286,0,,,,,2726,2014-10-19,5220009,Sao Joao d'Alianca,GO,2014,43
1413072000000,201442,0.0,0,0,0,0.0,0.0,0,1,522000920144219589,2023-08-20,São João d'Aliança,0,0.0,14085,18.8571428571429,56.1428571428571,0,0,0,29.4879067142857,8.57142857142857,27.5274,34.7142857142857,0,,,,,2726,2014-10-12,5220009,Sao Joao d'Alianca,GO,2014,42
1412467200000,201441,0.0,0,0,0,0.0,0.0,0,1,522000920144119589,2023-08-20,São João d'Aliança,0,0.0,14085,17.5714285714286,54.2857142857143,0,0,0,33.6224492857143,11.5714285714286,24.1836735714286,30.4285714285714,0,,,,,2726,2014-10-05,5220009,Sao Joao d'Alianca,GO,2014,41
1411862400000,201440,0.0,0,0,0,0.0,0.0,0,1,522000920144019589,2023-08-20,São João d'Aliança,0,0.0,14085,20.2857142857143,68.8571428571429,0,0,0,47.508461,20.8571428571429,25.6130834285714,31.8571428571429,0,,,,,2726,2014-09-28,5220009,Sao Joao d'Alianca,GO,2014,40
1411257600000,201439,0.0,0,0,0,0.0,0.0,0,1,522000920143919589,2023-08-20,São João d'Aliança,0,0.0,14085,21.1428571428571,69.0,0,0,0,46.7214994285714,19.7142857142857,26.0149544285714,31.7142857142857,0,,,,,2726,2014-09-21,5220009,Sao Joao d'Alianca,GO,2014,39
1410652800000,201438,0.0,0,0,0,0.0,0.0,0,1,522000920143819589,2023-08-20,São João d'Aliança,0,0.0,14085,18.2857142857143,62.1428571428571,0,0,0,33.3552531428571,10.7142857142857,26.3418368571429,32.8571428571429,0,,,,,2726,2014-09-14,5220009,Sao Joao d'Alianca,GO,2014,38
1410048000000,201437,0.0,0,0,0,0.0,0.0,0,1,522000920143719589,2023-08-20,São João d'Aliança,0,0.0,14085,16.2857142857143,57.0,0,0,0,35.1071425714286,12.4285714285714,23.2499997142857,29.5714285714286,0,,,,,2726,2014-09-07,5220009,Sao Joao d'Alianca,GO,2014,37
1409443200000,201436,0.0,0,0,0,0.0,0.0,0,1,522000920143619589,2023-08-20,São João d'Aliança,0,0.0,14085,19.4285714285714,73.0,0,0,0,47.2049047142857,20.4285714285714,24.8238971428571,30.8571428571429,0,,,,,2726,2014-08-31,5220009,Sao Joao d'Alianca,GO,2014,36
1408838400000,201435,0.0,0,0,0,0.0,0.0,0,1,522000920143519589,2023-08-20,São João d'Aliança,0,0.0,14085,16.4285714285714,60.4285714285714,0,0,0,34.8724491428571,10.1428571428571,24.3877548571429,31.5714285714286,0,,,,,2726,2014-08-24,5220009,Sao Joao d'Alianca,GO,2014,35
1408233600000,201434,0.0,0,0,0,0.0,0.0,0,1,522000920143419589,2023-08-20,São João d'Aliança,0,0.0,14085,13.8571428571429,71.2857142857143,0,0,0,41.7519352857143,14.0,21.7931032857143,28.4285714285714,0,,,,,2726,2014-08-17,5220009,Sao Joao d'Alianca,GO,2014,34
1407628800000,201433,0.0,0,0,0,0.0,0.0,0,1,522000920143319589,2023-08-20,São João d'Aliança,0,0.0,14085,13.8571428571429,71.0,0,0,0,40.5595781428571,14.4285714285714,21.5458335714286,28.2857142857143,0,,,,,2726,2014-08-10,5220009,Sao Joao d'Alianca,GO,2014,33
1407024000000,201432,0.0,0,0,0,0.0,0.0,0,1,522000920143219589,2023-08-20,São João d'Aliança,0,0.0,14085,14.1428571428571,68.0,0,0,0,40.7653051428571,13.2857142857143,21.5969388571429,28.2857142857143,0,,,,,2726,2014-08-03,5220009,Sao Joao d'Alianca,GO,2014,32
1406419200000,201431,0.0,0,0,0,0.0,0.0,0,1,522000920143119589,2023-08-20,São João d'Aliança,0,0.0,14085,14.8571428571429,80.8571428571429,0,0,0,60.4843962857143,35.7142857142857,19.6590917142857,25.1428571428571,0,,,,,2726,2014-07-27,5220009,Sao Joao d'Alianca,GO,2014,31
1405814400000,201430,0.0,0,0,0,0.0,0.0,0,1,522000920143019589,2023-08-20,São João d'Aliança,0,0.0,14085,15.5714285714286,77.8571428571429,0,0,0,55.2837485714286,28.8571428571429,20.8577097142857,26.4285714285714,0,,,,,2726,2014-07-20,5220009,Sao Joao d'Alianca,GO,2014,30
1405209600000,201429,0.0,0,0,0,0.0,0.0,0,1,522000920142919589,2023-08-20,São João d'Aliança,0,0.0,14085,13.5714285714286,77.8571428571429,0,0,0,50.6938775714286,19.4285714285714,20.357143,27.0,0,,,,,2726,2014-07-13,5220009,Sao Joao d'Alianca,GO,2014,29
1404604800000,201428,0.0,0,0,0,0.0,0.0,0,1,522000920142819589,2023-08-20,São João d'Aliança,0,0.0,14085,14.5714285714286,74.5714285714286,0,0,0,50.923469,21.8571428571429,20.8520405714286,26.1428571428571,0,,,,,2726,2014-07-06,5220009,Sao Joao d'Alianca,GO,2014,28
1404000000000,201427,0.0,0,0,0,0.0,0.0,0,1,522000920142719589,2023-08-20,São João d'Aliança,0,0.0,14085,13.1428571428571,77.4285714285714,0,0,0,48.0728351428571,17.4285714285714,20.9090431428571,27.8571428571429,0,,,,,2726,2014-06-29,5220009,Sao Joao d'Alianca,GO,2014,27
1403395200000,201426,0.0,0,0,0,0.0,0.0,0,1,522000920142619589,2023-08-20,São João d'Aliança,0,0.0,14085,13.2857142857143,80.8571428571429,0,0,0,54.574489,24.1428571428571,19.9792517142857,26.5714285714286,0,,,,,2726,2014-06-22,5220009,Sao Joao d'Alianca,GO,2014,26
1402790400000,201425,0.0,0,0,0,0.0,0.0,0,1,522000920142519589,2023-08-20,São João d'Aliança,0,0.0,14085,15.7142857142857,81.2857142857143,0,0,0,59.2356225714286,28.2857142857143,21.2226344285714,26.5714285714286,0,,,,,2726,2014-06-15,5220009,Sao Joao d'Alianca,GO,2014,25
1402185600000,201424,2.0,2,2,2,0.31047964,14.199503,0,1,522000920142419589,2023-08-20,São João d'Aliança,0,0.66375816,14085,15.7142857142857,78.2857142857143,0,0,0,57.1260028571429,28.7142857142857,21.0147077142857,26.4285714285714,2,,,,,2726,2014-06-08,5220009,Sao Joao d'Alianca,GO,2014,24
1401580800000,201423,5.0,5,5,5,0.79817945,35.498756,0,1,522000920142319589,2023-08-20,São João d'Aliança,0,1.7809727,14085,16.8571428571429,81.4285714285714,0,0,0,61.0873571428571,30.0,21.9909217142857,27.7142857142857,5,,,,,2726,2014-06-01,5220009,Sao Joao d'Alianca,GO,2014,23
1400976000000,201422,2.0,2,2,2,0.34334162,14.199503,0,1,522000920142219589,2023-08-20,São João d'Aliança,0,0.7123521,14085,16.1428571428571,79.0,0,0,0,58.0800491428571,28.8571428571429,21.9535537142857,28.1428571428571,2,,,,,2726,2014-05-25,5220009,Sao Joao d'Alianca,GO,2014,22
1400371200000,201421,3.0,3,3,3,0.46673957,21.299255,0,1,522000920142119589,2023-08-20,São João d'Aliança,0,0.93923974,14085,18.0,81.2857142857143,0,0,0,57.814059,28.7142857142857,23.2891152857143,28.5714285714286,3,,,,,2726,2014-05-18,5220009,Sao Joao d'Alianca,GO,2014,21
1399766400000,201420,3.0,3,3,3,0.31219414,21.299255,0,1,522000920142019589,2023-08-20,São João d'Aliança,0,0.70768493,14085,15.7142857142857,79.2857142857143,0,0,0,56.2071052857143,28.1428571428571,21.6887757142857,27.1428571428571,3,,,,,2726,2014-05-11,5220009,Sao Joao d'Alianca,GO,2014,20
1399161600000,201419,2.0,2,2,2,0.07784928,14.199503,0,1,522000920141919589,2023-08-20,São João d'Aliança,0,0.35642242,14085,17.0,81.7142857142857,0,0,0,58.8106048571429,30.4285714285714,22.5957138571429,27.8571428571429,2,,,,,2726,2014-05-04,5220009,Sao Joao d'Alianca,GO,2014,19
1398556800000,201418,5.0,5,5,5,0.16599315,35.498756,0,1,522000920141819589,2023-08-20,São João d'Aliança,0,0.59359866,14085,14.5714285714286,80.4285714285714,0,0,0,58.2117348571429,29.1428571428571,20.994898,27.0,5,,,,,2726,2014-04-27,5220009,Sao Joao d'Alianca,GO,2014,18
1397952000000,201417,5.0,5,5,5,0.02234229,35.498756,0,1,522000920141719589,2023-08-20,São João d'Aliança,0,0.3786874,14085,19.4285714285714,83.0,0,0,0,70.4458207142857,42.1428571428571,23.1601132857143,27.8571428571429,5,,,,,2726,2014-04-20,5220009,Sao Joao d'Alianca,GO,2014,17
1397347200000,201416,6.0,6,6,6,0.008043014,42.59851,0,1,522000920141619589,2023-08-20,São João d'Aliança,0,0.35072485,14085,20.0,85.2857142857143,0,0,1,65.1334474285714,34.5714285714286,24.4886325714286,29.0,6,,,,,2726,2014-04-13,5220009,Sao Joao d'Alianca,GO,2014,16
1396742400000,201415,14.0,14,14,14,0.2462194,99.39652,0,4,522000920141519589,2023-08-20,São João d'Aliança,0,0.78578794,14085,20.5714285714286,88.2857142857143,1,0,2,70.485928,37.1428571428571,24.0806597142857,29.1428571428571,13,,,,,2726,2014-04-06,5220009,Sao Joao d'Alianca,GO,2014,15
1396137600000,201414,20.0,20,20,20,0.7976958,141.99503,0,4,522000920141419589,2023-08-20,São João d'Aliança,0,1.3221239,14085,20.1428571428571,89.2857142857143,1,0,2,74.6359222857143,46.0,23.0129837142857,28.0,19,,,,,2726,2014-03-30,5220009,Sao Joao d'Alianca,GO,2014,14
1395532800000,201413,18.0,18,18,18,0.9358148,127.795525,0,4,522000920141319589,2023-08-20,São João d'Aliança,0,1.779784,14085,19.8571428571429,90.8571428571429,1,0,2,77.2736085714286,45.8571428571429,22.1759181428571,26.7142857142857,17,,,,,2726,2014-03-23,5220009,Sao Joao d'Alianca,GO,2014,13
1394928000000,201412,19.0,19,19,19,0.9842303,134.89528,0,1,522000920141219589,2023-08-20,São João d'Aliança,0,2.3352818,14085,19.5714285714286,85.2857142857143,0,1,2,67.9831368571429,38.7142857142857,23.3476074285714,29.2857142857143,17,,,,,2726,2014-03-16,5220009,Sao Joao d'Alianca,GO,2014,12
1394323200000,201411,8.0,8,8,8,0.26737696,56.79801,0,1,522000920141119589,2023-08-20,São João d'Aliança,0,0.7537305,14085,19.8571428571429,83.8571428571429,0,0,1,63.4616961428571,34.4285714285714,24.1478344285714,28.8571428571429,7,,,,,2726,2014-03-09,5220009,Sao Joao d'Alianca,GO,2014,11
1393718400000,201410,2.0,2,2,2,0.0020259712,14.199503,0,1,522000920141019589,2023-08-20,São João d'Aliança,0,0.17056099,14085,19.8571428571429,89.7142857142857,1,0,0,74.45122,44.5714285714286,23.0490265714286,27.5714285714286,2,,,,,2726,2014-03-02,5220009,Sao Joao d'Alianca,GO,2014,10
1393113600000,201409,15.0,15,15,15,0.8391406,106.49627,0,4,522000920140919589,2023-08-20,São João d'Aliança,0,1.4806062,14085,19.2857142857143,83.0,0,0,2,64.8678975714286,38.8571428571429,23.6188598571429,28.4285714285714,15,,,,,2726,2014-02-23,5220009,Sao Joao d'Alianca,GO,2014,9
1392508800000,201408,13.0,13,13,13,0.8028034,92.29677,0,1,522000920140819589,2023-08-20,São João d'Aliança,0,1.4310789,14085,19.1428571428571,92.4285714285714,1,0,2,76.7170394285714,51.0,22.0341674285714,26.4285714285714,13,,,,,2726,2014-02-16,5220009,Sao Joao d'Alianca,GO,2014,8
1391904000000,201407,10.0,10,10,10,0.5513788,70.99751,0,1,522000920140719589,2023-08-20,São João d'Aliança,0,1.0590171,14085,18.1428571428571,89.4285714285714,1,0,1,64.5335765714286,38.1428571428571,23.330237,28.4285714285714,8,,,,,2726,2014-02-09,5220009,Sao Joao d'Alianca,GO,2014,7
1391299200000,201406,6.0,6,6,6,0.20780033,42.59851,0,1,522000920140619589,2023-08-20,São João d'Aliança,0,0.6622161,14085,18.4285714285714,77.8571428571429,0,0,1,50.6020405714286,21.7142857142857,24.4540815714286,30.1428571428571,1,,,,,2726,2014-02-02,5220009,Sao Joao d'Alianca,GO,2014,6
1390694400000,201405,13.0,13,13,13,0.8628033,92.29677,0,1,522000920140519589,2023-08-20,São João d'Aliança,0,1.604512,14085,18.5714285714286,79.5714285714286,0,0,2,59.0306118571429,32.8571428571429,23.2653058571429,28.5714285714286,10,,,,,2726,2014-01-26,5220009,Sao Joao d'Alianca,GO,2014,5
1390089600000,201404,7.0,7,7,7,0.62444973,49.69826,0,1,522000920140419589,2023-08-20,São João d'Aliança,0,1.1868289,14085,18.1428571428571,93.1428571428571,1,0,1,74.4857485714286,36.5714285714286,21.7493897142857,27.1428571428571,5,,,,,2726,2014-01-19,5220009,Sao Joao d'Alianca,GO,2014,4
1389484800000,201403,10.0,10,10,10,0.9553642,70.99751,0,1,522000920140319589,2023-08-20,São João d'Aliança,0,2.5275836,14085,19.0,84.8571428571429,0,1,1,61.93049,32.1428571428571,23.8968517142857,29.8571428571429,8,,,,,2726,2014-01-12,5220009,Sao Joao d'Alianca,GO,2014,3
1388880000000,201402,7.0,7,7,7,0.690391,49.69826,0,1,522000920140219589,2023-08-20,São João d'Aliança,0,1.3164527,14085,18.2857142857143,83.8571428571429,0,0,1,55.7462791428571,25.7142857142857,24.1043958571429,29.7142857142857,6,,,,,2726,2014-01-05,5220009,Sao Joao d'Alianca,GO,2014,2
1388275200000,201401,0.0,0,0,0,0.0,0.0,0,1,522000920140119589,2023-08-20,São João d'Aliança,0,0.0,14085,18.5714285714286,89.8571428571429,0,0,0,65.0826708571429,34.4285714285714,24.1233797142857,29.8571428571429,1,,,,,2726,2013-12-29,5220009,Sao Joao d'Alianca,GO,2014,1
