data_iniSE,se_codigo,casos_est,casos_est_min,casos_est_max,casos,p_rt1,p_inc100k,Localidade_id,nivel,id,versao_modelo,municipio_nome,tweet,Rt,pop,tempmin,umidmax,receptivo,transmissao,nivel_inc,umidmed,umidmin,tempmed,tempmax,casprov,casprov_est,casprov_est_min,casprov_est_max,casconf,notif_accum_year,data_ini_se,cod_ibge,municipio,uf,ano,semana
1786233600000,202632,0.0,0,0,0,0.0,0.0,0,1,520010020263220683,2026-08-18,Abadiânia,,0.0,15498,0.0,0.0,0,0,0,0.0,0.0,0.0,0.0,0,,,,,5224,2026-08-09,5200100,Abadiania,GO,2026,32
1785628800000,202631,0.0,0,0,0,0.0,0.0,0,1,520010020263120683,2026-08-18,Abadiânia,,0.0,15498,17.5391333333333,37.2499833333333,0,0,0,33.5289833333333,30.4449166666667,18.6425,19.7511333333333,0,,,,,5224,2026-08-02,5200100,Abadiania,GO,2026,31
1785024000000,202630,0.0,0,0,0,0.0,0.0,0,1,520010020263020683,2026-08-18,Abadiânia,,0.0,15498,23.0034571428571,40.1925285714286,0,0,0,40.1925285714286,40.1925285714286,23.0034571428571,23.0034571428571,0,,,,,5224,2026-07-26,5200100,Abadiania,GO,2026,30
1784419200000,202629,0.0,0,0,0,0.0,0.0,0,1,520010020262920683,2026-08-18,Abadiânia,,0.0,15498,20.9577142857143,48.6984571428571,0,0,0,48.6984571428571,48.6984571428571,20.9577142857143,20.9577142857143,0,,,,,5224,2026-07-19,5200100,Abadiania,GO,2026,29
1783814400000,202628,0.0,0,0,0,0.0,0.0,0,1,520010020262820683,2026-08-18,Abadiânia,,0.0,15498,20.7904714285714,53.0905571428571,0,0,0,53.0905571428571,53.0905571428571,20.7904714285714,20.7904714285714,0,,,,,5224,2026-07-12,5200100,Abadiania,GO,2026,28
1783209600000,202627,0.0,0,0,0,0.0,0.0,0,1,520010020262720683,2026-08-18,Abadiânia,,0.0,15498,20.6957285714286,52.6985428571429,0,0,0,52.6985428571429,52.6985428571429,20.6957285714286,20.6957285714286,0,,,,,5224,2026-07-05,5200100,Abadiania,GO,2026,27
1782604800000,202626,0.0,0,0,0,0.0,0.0,0,1,520010020262620683,2026-08-18,Abadiânia,,0.0,15498,19.9657857142857,56.6231,0,0,0,56.6231,56.6231,19.9657857142857,19.9657857142857,0,,,,,5224,2026-06-28,5200100,Abadiania,GO,2026,26
1782000000000,202625,0.0,0,0,0,0.0,0.0,0,1,520010020262520683,2026-08-18,Abadiânia,,0.0,15498,20.6314428571429,69.6177142857143,0,0,0,69.6177142857143,69.6177142857143,20.6314428571429,20.6314428571429,0,,,,,5224,2026-06-21,5200100,Abadiania,GO,2026,25
1781395200000,202624,0.0,0,0,0,0.0,0.0,0,1,520010020262420683,2026-08-18,Abadiânia,,0.0,15498,20.2749285714286,71.9225142857143,0,0,0,71.9225142857143,71.9225142857143,20.2749285714286,20.2749285714286,0,,,,,5224,2026-06-14,5200100,Abadiania,GO,2026,24
1780790400000,202623,0.0,0,0,0,0.0,0.0,0,1,520010020262320683,2026-08-18,Abadiânia,,0.0,15498,17.5838,74.5962142857143,0,0,0,68.4917,62.4850142857143,19.1582571428571,20.8061571428571,0,,,,,5224,2026-06-07,5200100,Abadiania,GO,2026,23
1780185600000,202622,0.0,0,0,0,0.0,0.0,0,1,520010020262220683,2026-08-18,Abadiânia,,0.0,15498,15.1581142857143,80.4043571428572,0,0,0,60.8431,41.0217,20.0703857142857,25.2180857142857,0,,,,,5224,2026-05-31,5200100,Abadiania,GO,2026,22
1779580800000,202621,1.0,1,1,1,0.4346425,6.4524455,0,1,520010020262120683,2026-08-18,Abadiânia,,0.83187836,15498,17.8644142857143,84.1172142857143,0,0,0,64.1751285714286,43.0459285714286,21.9311571428571,26.5301714285714,1,,,,,5224,2026-05-24,5200100,Abadiania,GO,2026,21
1778976000000,202620,1.0,1,1,1,0.48936704,6.4524455,0,1,520010020262020683,2026-08-18,Abadiânia,,0.9699216,15498,18.8821714285714,85.6682571428571,0,0,0,66.8682857142857,44.9684857142857,22.7824142857143,27.2441285714286,1,,,,,5224,2026-05-17,5200100,Abadiania,GO,2026,20
1778371200000,202619,2.0,2,2,2,0.7437292,12.904891,0,1,520010020261920683,2026-08-18,Abadiânia,,1.9545529,15498,17.1407714285714,85.5204285714286,0,0,0,65.2164285714286,42.5594142857143,22.2383571428571,27.4394571428571,2,,,,,5224,2026-05-10,5200100,Abadiania,GO,2026,19
1777766400000,202618,0.0,0,0,0,0.0,0.0,0,1,520010020261820683,2026-08-18,Abadiânia,,0.0,15498,22.1057428571429,61.6293571428571,0,0,0,61.6293571428571,61.6293571428571,22.1057428571429,22.1057428571429,0,,,,,5224,2026-05-03,5200100,Abadiania,GO,2026,18
1777161600000,202617,2.0,2,2,2,0.5888883,12.904891,0,1,520010020261720683,2026-08-18,Abadiânia,,1.2346644,15498,22.2224714285714,64.9619571428571,0,0,0,64.9619571428571,64.9619571428571,22.2224714285714,22.2224714285714,2,,,,,5224,2026-04-26,5200100,Abadiania,GO,2026,17
1776556800000,202616,0.0,0,0,0,0.0,0.0,0,1,520010020261620683,2026-08-18,Abadiânia,,0.0,15498,18.3254142857143,84.1974285714286,0,0,0,67.1735142857143,46.4331142857143,22.7120857142857,27.3464285714286,0,,,,,5224,2026-04-19,5200100,Abadiania,GO,2026,16
1775952000000,202615,2.0,2,2,2,0.27630305,12.904891,0,2,520010020261520683,2026-08-18,Abadiânia,,0.61590886,15498,18.4037285714286,90.2294142857143,1,0,0,75.4563142857143,56.5341,22.1635428571429,26.4089,2,,,,,5224,2026-04-12,5200100,Abadiania,GO,2026,15
1775347200000,202614,2.0,2,2,2,0.20172611,12.904891,0,2,520010020261420683,2026-08-18,Abadiânia,,0.518058,15498,18.9142714285714,92.8916285714286,1,0,0,79.6320142857143,58.3949857142857,22.6826,27.3230857142857,2,,,,,5224,2026-04-05,5200100,Abadiania,GO,2026,14
1774742400000,202613,4.0,4,4,4,0.47169042,25.809782,0,2,520010020261320683,2026-08-18,Abadiânia,,0.9539455,15498,18.0223285714286,91.7045714285714,1,0,0,78.1160857142857,60.5490142857143,21.7560285714286,26.2806142857143,4,,,,,5224,2026-03-29,5200100,Abadiania,GO,2026,13
1774137600000,202612,3.0,3,3,3,0.2816342,19.357336,0,2,520010020261220683,2026-08-18,Abadiânia,,0.66828537,15498,18.3765857142857,94.2101,1,0,0,79.4145285714286,58.7299142857143,21.9630857142857,26.4202428571429,3,,,,,5224,2026-03-22,5200100,Abadiania,GO,2026,12
1773532800000,202611,6.0,6,6,6,0.4689732,38.714672,0,2,520010020261120683,2026-08-18,Abadiânia,,0.95793873,15498,19.2296857142857,98.2983714285714,1,0,1,85.1330714285714,65.4749857142857,22.0656142857143,26.0938714285714,6,,,,,5224,2026-03-15,5200100,Abadiania,GO,2026,11
1772928000000,202610,2.0,2,2,2,0.020524012,12.904891,0,2,520010020261020683,2026-08-18,Abadiânia,,0.2526416,15498,19.2470714285714,96.2054285714286,1,0,0,83.6117285714286,62.0830714285714,22.4994571428571,27.2069428571429,2,,,,,5224,2026-03-08,5200100,Abadiania,GO,2026,10
1772323200000,202609,6.0,6,6,6,0.3827895,38.714672,0,2,520010020260920683,2026-08-18,Abadiânia,,0.8520225,15498,19.0574285714286,93.2723428571429,1,0,1,76.3692571428571,58.1833285714286,22.9162142857143,27.3068428571429,6,,,,,5224,2026-03-01,5200100,Abadiania,GO,2026,9
1771718400000,202608,11.0,11,11,11,0.95710385,70.9769,0,3,520010020260820683,2026-08-18,Abadiânia,,2.4311297,15498,19.1126714285714,96.8906428571429,1,1,1,88.0547714285714,73.6923428571429,21.1195571428571,24.3020714285714,11,,,,,5224,2026-02-22,5200100,Abadiania,GO,2026,8
1771113600000,202607,7.0,7,7,7,0.9650211,45.167118,0,2,520010020260720683,2026-08-18,Abadiânia,,3.5077233,15498,18.9559857142857,91.0718142857143,1,1,1,75.9499857142857,58.0011714285714,22.7278857142857,26.9704857142857,7,,,,,5224,2026-02-15,5200100,Abadiania,GO,2026,7
1770508800000,202606,5.0,5,5,5,0.98588765,32.262226,0,1,520010020260620683,2026-08-18,Abadiânia,,8.06572,15498,18.5198,95.325,1,1,1,80.2794142857143,61.9371857142857,21.8268714285714,25.6004714285714,5,,,,,5224,2026-02-08,5200100,Abadiania,GO,2026,6
1769904000000,202605,1.0,1,1,1,0.6887573,6.4524455,0,1,520010020260520683,2026-08-18,Abadiânia,,1.8589696,15498,19.31,95.5955142857143,1,0,0,84.7734571428571,66.6969285714286,21.8573571428571,25.6010285714286,1,,,,,5224,2026-02-01,5200100,Abadiania,GO,2026,5
1769299200000,202604,0.0,0,0,0,0.0,0.0,0,1,520010020260420683,2026-08-18,Abadiânia,,0.0,15498,18.9480714285714,94.8961,0,0,0,80.0363428571429,59.2688857142857,22.5443714285714,27.2319,0,,,,,5224,2026-01-25,5200100,Abadiania,GO,2026,4
1768694400000,202603,0.0,0,0,0,0.0,0.0,0,1,520010020260320683,2026-08-18,Abadiânia,,0.0,15498,18.8498857142857,95.8331,0,0,0,86.8366285714286,75.3798571428571,21.0878571428571,23.7575285714286,0,,,,,5224,2026-01-18,5200100,Abadiania,GO,2026,3
1768089600000,202602,2.0,2,2,2,0.9779825,12.904891,0,1,520010020260220683,2026-08-18,Abadiânia,,18.521618,15498,18.9967285714286,88.3730857142857,1,0,0,69.7057714285714,48.5648285714286,23.2311714285714,27.9518571428571,2,,,,,5224,2026-01-11,5200100,Abadiania,GO,2026,2
1767484800000,202601,0.0,0,0,0,0.5,0.0,0,1,520010020260120683,2026-08-18,Abadiânia,,0.0,15498,18.7782857142857,94.4856142857143,0,0,0,82.9427857142857,65.1015142857143,21.4015857142857,24.793,0,,,,,5224,2026-01-04,5200100,Abadiania,GO,2026,1
1766880000000,202553,0.0,0,0,0,0.0,0.0,0,1,520010020255320683,2026-08-18,Abadiânia,,0.0,15498,19.6976571428571,93.7715285714286,0,0,0,78.7157571428571,58.5909,23.6796142857143,28.3080142857143,0,,,,,5224,2025-12-28,5200100,Abadiania,GO,2025,53
1766275200000,202552,0.0,0,0,0,0.0,0.0,0,1,520010020255220683,2026-08-18,Abadiânia,,0.0,15498,18.5420857142857,92.7015714285714,0,0,0,73.4647571428571,51.1956714285714,23.1728571428571,28.2733,0,,,,,5224,2025-12-21,5200100,Abadiania,GO,2025,52
1765670400000,202551,0.0,0,0,0,0.0,0.0,0,1,520010020255120683,2026-08-18,Abadiânia,,0.0,15498,19.6630142857143,96.5221,0,0,0,85.5783714285714,69.131,22.1492857142857,25.4094714285714,0,,,,,5224,2025-12-14,5200100,Abadiania,GO,2025,51
1765065600000,202550,0.0,0,0,0,0.0,0.0,0,1,520010020255020683,2026-08-18,Abadiânia,,0.0,15498,18.8109714285714,96.5560857142857,0,0,0,84.5179714285714,68.8034,21.6618857142857,25.3344428571429,0,,,,,5224,2025-12-07,5200100,Abadiania,GO,2025,50
1764460800000,202549,0.0,0,0,0,0.0,0.0,0,1,520010020254920683,2026-08-18,Abadiânia,,0.0,15498,19.6194714285714,93.8134142857143,0,0,0,80.7832428571429,62.4642,22.4583142857143,26.2032714285714,0,,,,,5224,2025-11-30,5200100,Abadiania,GO,2025,49
1763856000000,202548,0.0,0,0,0,0.0,0.0,0,1,520010020254820683,2026-08-18,Abadiânia,,0.0,15498,19.0522714285714,94.0251857142857,0,0,0,76.4863571428571,57.1086428571429,22.8867285714286,27.2572285714286,0,,,,,5224,2025-11-23,5200100,Abadiania,GO,2025,48
1763251200000,202547,0.0,0,0,0,0.0,0.0,0,1,520010020254720683,2026-08-18,Abadiânia,,0.0,15498,19.7526857142857,79.4338857142857,0,0,0,59.5595142857143,41.7795857142857,24.6355714285714,29.3807857142857,0,,,,,5224,2025-11-16,5200100,Abadiania,GO,2025,47
1762646400000,202546,0.0,0,0,0,0.0,0.0,0,1,520010020254620683,2026-08-18,Abadiânia,,0.0,15498,19.7367,84.5831285714286,0,0,0,67.8455857142857,48.7324285714286,23.9136142857143,28.5126714285714,0,,,,,5224,2025-11-09,5200100,Abadiania,GO,2025,46
1762041600000,202545,0.0,0,0,0,0.0,0.0,0,1,520010020254520683,2026-08-18,Abadiânia,,0.0,15498,19.9359428571429,93.1476714285714,0,0,0,74.6927428571429,54.6441142857143,23.8394571428571,28.2905571428571,0,,,,,5224,2025-11-02,5200100,Abadiania,GO,2025,45
1761436800000,202544,0.0,0,0,0,0.0,0.0,0,1,520010020254420683,2026-08-18,Abadiânia,,0.0,15498,20.5966571428571,76.0493285714286,0,0,0,55.4814857142857,36.1301,25.0906714285714,30.2050571428571,0,,,,,5224,2025-10-26,5200100,Abadiania,GO,2025,44
1760832000000,202543,0.0,0,0,0,0.0,0.0,0,1,520010020254320683,2026-08-18,Abadiânia,,0.0,15498,17.7886714285714,78.0751428571429,0,0,0,60.6415285714286,43.4916285714286,21.8134857142857,26.2312714285714,0,,,,,5224,2025-10-19,5200100,Abadiania,GO,2025,43
1760227200000,202542,0.0,0,0,0,0.0,0.0,0,1,520010020254220683,2026-08-18,Abadiânia,,0.0,15498,19.8429142857143,85.8025428571429,0,0,0,63.359,40.0728,24.5271142857143,29.9502857142857,0,,,,,5224,2025-10-12,5200100,Abadiania,GO,2025,42
1759622400000,202541,0.0,0,0,0,0.0,0.0,0,1,520010020254120683,2026-08-18,Abadiânia,,0.0,15498,20.5510857142857,56.1264714285714,0,0,0,35.2368285714286,21.7868428571429,26.8116,32.5882571428571,0,,,,,5224,2025-10-05,5200100,Abadiania,GO,2025,41
1759017600000,202540,0.0,0,0,0,0.0,0.0,0,1,520010020254020683,2026-08-18,Abadiânia,,0.0,15498,18.9130714285714,45.9023714285714,0,0,0,30.2663714285714,16.8375571428571,25.3505,31.9800428571429,0,,,,,5224,2025-09-28,5200100,Abadiania,GO,2025,40
1758412800000,202539,0.0,0,0,0,0.0,0.0,0,1,520010020253920683,2026-08-18,Abadiânia,,0.0,15498,19.3494571428571,79.0328285714286,0,0,0,61.3678142857143,40.0346285714286,23.7845857142857,29.0384714285714,0,,,,,5224,2025-09-21,5200100,Abadiania,GO,2025,39
1757808000000,202538,0.0,0,0,0,0.0,0.0,0,1,520010020253820683,2026-08-18,Abadiânia,,0.0,15498,20.4503285714286,62.3128,0,0,0,43.4790571428571,27.3972,25.6717428571429,31.0214571428571,0,,,,,5224,2025-09-14,5200100,Abadiania,GO,2025,38
1757203200000,202537,0.0,0,0,0,0.0,0.0,0,1,520010020253720683,2026-08-18,Abadiânia,,0.0,15498,19.0955714285714,39.6417571428571,0,0,0,25.9050428571429,16.1278714285714,26.0603571428571,32.6740857142857,0,,,,,5224,2025-09-07,5200100,Abadiania,GO,2025,37
1756598400000,202536,0.0,0,0,0,0.0,0.0,0,1,520010020253620683,2026-08-18,Abadiânia,,0.0,15498,18.3609428571429,55.7274714285714,0,0,0,40.8677,26.6095714285714,23.3414428571429,28.6272857142857,0,,,,,5224,2025-08-31,5200100,Abadiania,GO,2025,36
1755993600000,202535,0.0,0,0,0,0.0,0.0,0,1,520010020253520683,2026-08-18,Abadiânia,,0.0,15498,18.8818571428571,49.1154714285714,0,0,0,35.5764142857143,22.9775428571429,24.0674571428571,29.6562857142857,0,,,,,5224,2025-08-24,5200100,Abadiania,GO,2025,35
1755388800000,202534,0.0,0,0,0,0.0,0.0,0,1,520010020253420683,2026-08-18,Abadiânia,,0.0,15498,16.7523142857143,46.3733142857143,0,0,0,31.5124714285714,18.1138,23.1494428571429,29.7166142857143,0,,,,,5224,2025-08-17,5200100,Abadiania,GO,2025,34
1754784000000,202533,0.0,0,0,0,0.0,0.0,0,1,520010020253320683,2026-08-18,Abadiânia,,0.0,15498,14.2554714285714,51.6117285714286,0,0,0,36.6810142857143,23.0090142857143,20.9631857142857,28.2257285714286,0,,,,,5224,2025-08-10,5200100,Abadiania,GO,2025,33
1754179200000,202532,0.0,0,0,0,0.0,0.0,0,1,520010020253220683,2026-08-18,Abadiânia,,0.0,15498,16.2109857142857,59.4932285714286,0,0,0,43.2839571428571,26.8932,21.3979285714286,27.1844285714286,0,,,,,5224,2025-08-03,5200100,Abadiania,GO,2025,32
1753574400000,202531,0.0,0,0,0,0.0,0.0,0,1,520010020253120676,2026-08-11,Abadiânia,,0.0,15498,15.9152571428571,61.6385714285714,0,0,0,44.3998714285714,26.5203285714286,21.5839857142857,27.8515142857143,0,,,,,5224,2025-07-27,5200100,Abadiania,GO,2025,31
1752969600000,202530,0.0,0,0,0,0.0,0.0,0,1,520010020253020671,2026-08-06,Abadiânia,,0.0,15498,15.7267428571429,64.5008714285714,0,0,0,45.935,29.1358,21.7587,27.9092,0,,,,,5224,2025-07-20,5200100,Abadiania,GO,2025,30
1752364800000,202529,0.0,0,0,0,0.0,0.0,0,1,520010020252920662,2026-07-28,Abadiânia,,0.0,15498,14.3457285714286,65.7808571428571,0,0,0,48.5099714285714,31.3991428571429,19.3783571428571,24.8934,0,,,,,5224,2025-07-13,5200100,Abadiania,GO,2025,29
1751760000000,202528,0.0,0,0,0,0.0,0.0,0,1,520010020252820654,2026-07-20,Abadiânia,,0.0,15498,15.2179857142857,63.3842428571429,0,0,0,49.2209714285714,33.3547857142857,19.5398,24.6093714285714,0,,,,,5224,2025-07-06,5200100,Abadiania,GO,2025,28
1751155200000,202527,0.0,0,0,0,0.0,0.0,0,1,520010020252720647,2026-07-13,Abadiânia,,0.0,15498,15.0124714285714,71.8662142857143,0,0,0,52.6984857142857,34.0167571428571,20.0592285714286,25.5645142857143,0,,,,,5224,2025-06-29,5200100,Abadiania,GO,2025,27
1750550400000,202526,0.0,0,0,0,0.0,0.0,0,1,520010020252620642,2026-07-08,Abadiânia,,0.0,15498,15.5732142857143,79.5238428571429,0,0,0,60.3176571428571,38.6942,20.5611,26.3930571428571,0,,,,,5224,2025-06-22,5200100,Abadiania,GO,2025,26
1749945600000,202525,0.0,0,0,0,0.0,0.0,0,1,520010020252520636,2026-07-02,Abadiânia,,0.0,15498,15.7058571428571,69.9294857142857,0,0,0,55.3078571428571,36.9388142857143,19.9524285714286,24.9339428571429,0,,,,,5224,2025-06-15,5200100,Abadiania,GO,2025,25
1749340800000,202524,0.0,0,0,0,0.0,0.0,0,1,520010020252420627,2026-06-23,Abadiânia,,0.0,15498,15.8789285714286,79.2893142857143,0,0,0,61.9235428571429,40.3326571428571,20.4766857142857,25.7146857142857,0,,,,,5224,2025-06-08,5200100,Abadiania,GO,2025,24
1748736000000,202523,0.0,0,0,0,0.0,0.0,0,1,520010020252320621,2026-06-17,Abadiânia,,0.0,15498,17.1035,81.8904,0,0,0,64.7055142857143,43.5807142857143,21.6040571428571,26.6703428571429,0,,,,,5224,2025-06-01,5200100,Abadiania,GO,2025,23
1748131200000,202522,0.0,0,0,0,0.0,0.0,0,1,520010020252220619,2026-06-15,Abadiânia,,0.0,15498,15.9807,82.0797571428571,0,0,0,65.0736142857143,43.7438428571429,20.5355857142857,25.6636142857143,0,,,,,5224,2025-05-25,5200100,Abadiania,GO,2025,22
1747526400000,202521,0.0,0,0,0,0.0,0.0,0,1,520010020252120608,2026-06-04,Abadiânia,,0.0,15498,15.6138571428571,80.6484285714286,0,0,0,63.2103,42.8791571428571,20.3015571428571,25.5216714285714,0,,,,,5224,2025-05-18,5200100,Abadiania,GO,2025,21
1746921600000,202520,0.0,0,0,0,0.0,0.0,0,1,520010020252020599,2026-05-26,Abadiânia,,0.0,15498,17.1544285714286,83.1963428571429,0,0,0,67.5244571428571,47.1574285714286,21.0168428571429,25.5197714285714,0,,,,,5224,2025-05-11,5200100,Abadiania,GO,2025,20
1746316800000,202519,0.0,0,0,0,0.0,0.0,0,1,520010020251920592,2026-05-19,Abadiânia,,0.0,15498,17.5264428571429,81.2442714285714,0,0,0,66.0421,46.3654428571429,21.8383142857143,26.6997,0,,,,,5224,2025-05-04,5200100,Abadiania,GO,2025,19
1745712000000,202518,0.0,0,0,0,0.0,0.0,0,1,520010020251820587,2026-05-14,Abadiânia,,0.0,15498,18.6463428571429,94.5359857142857,0,0,0,81.4102857142857,62.5742428571429,21.9597142857143,26.2209571428571,0,,,,,5224,2025-04-27,5200100,Abadiania,GO,2025,18
1745107200000,202517,0.0,0,0,0,0.0,0.0,0,1,520010020251720578,2026-05-05,Abadiânia,,0.0,15498,18.9354571428571,94.5901428571429,0,0,0,79.8210714285714,58.7904,22.6898428571429,27.2073571428571,0,,,,,5224,2025-04-20,5200100,Abadiania,GO,2025,17
1744502400000,202516,0.0,0,0,0,0.0,0.0,0,1,520010020251620571,2026-04-28,Abadiânia,,0.0,15498,18.9503,97.1730142857143,0,0,0,85.4537571428571,65.7135714285714,22.0834571428571,26.4219428571429,0,,,,,5224,2025-04-13,5200100,Abadiania,GO,2025,16
1743897600000,202515,0.0,0,0,0,0.0,0.0,0,1,520010020251520566,2026-04-23,Abadiânia,,0.0,15498,18.9421857142857,89.6465142857143,0,0,0,75.5729,55.8247714285714,22.4516285714286,27.0365857142857,0,,,,,5224,2025-04-06,5200100,Abadiania,GO,2025,15
1743292800000,202514,0.0,0,0,0,0.0,0.0,0,1,520010020251420557,2026-04-14,Abadiânia,,0.0,15498,19.5242,86.4065571428571,0,0,0,70.6782142857143,50.5081285714286,23.6182714285714,28.0477,0,,,,,5224,2025-03-30,5200100,Abadiania,GO,2025,14
1742688000000,202513,3.0,3,3,3,0.46965984,19.357336,0,1,520010020251320552,2026-04-09,Abadiânia,,0.9443703,15498,19.1181142857143,97.4762428571429,1,0,0,83.3977714285714,61.9121,22.4817142857143,27.0956857142857,3,,,,,5224,2025-03-23,5200100,Abadiania,GO,2025,13
1742083200000,202512,2.0,2,2,2,0.22695132,12.904891,0,1,520010020251220543,2026-03-31,Abadiânia,,0.55041784,15498,19.9564571428571,93.0152428571429,1,0,0,72.4149428571429,49.3201857142857,24.2047857142857,28.9970285714286,2,,,,,5224,2025-03-16,5200100,Abadiania,GO,2025,12
1741478400000,202511,4.0,4,4,4,0.27758217,25.809782,0,1,520010020251120535,2026-03-23,Abadiânia,,0.69445616,15498,20.1315428571429,82.0921857142857,0,0,0,64.2801428571429,42.0052857142857,24.8449285714286,30.0521285714286,4,,,,,5224,2025-03-09,5200100,Abadiania,GO,2025,11
1740873600000,202510,3.0,3,3,3,0.012467193,19.357336,0,1,520010020251020529,2026-03-17,Abadiânia,,0.27756077,15498,19.4998142857143,73.0730571428571,0,0,0,60.7756571428571,44.7431714285714,23.5658428571429,27.8898285714286,3,,,,,5224,2025-03-02,5200100,Abadiania,GO,2025,10
1740268800000,202509,3.0,3,3,3,0.0011249674,19.357336,0,1,520010020250920521,2026-03-09,Abadiânia,,0.19900565,15498,19.4233857142857,86.4217571428571,1,0,0,71.2433142857143,53.0353285714286,23.3241285714286,28.0201857142857,3,,,,,5224,2025-02-23,5200100,Abadiania,GO,2025,9
1739664000000,202508,10.0,10,10,10,0.21436864,64.52445,0,1,520010020250820516,2026-03-04,Abadiânia,,0.7255156,15498,18.7897285714286,85.0954714285714,0,0,1,63.0203,41.6646857142857,24.2599,29.4725142857143,10,,,,,5224,2025-02-16,5200100,Abadiania,GO,2025,8
1739059200000,202507,21.0,21,21,21,0.99199206,135.50136,0,3,520010020250720508,2026-02-24,Abadiânia,,2.5124373,15498,18.9208,91.9931857142857,1,1,2,76.2188428571429,55.8019142857143,22.6814714285714,27.0532857142857,21,,,,,5224,2025-02-09,5200100,Abadiania,GO,2025,7
1738454400000,202506,15.0,15,15,15,0.9987524,96.78668,0,1,520010020250620503,2026-02-19,Abadiânia,,4.924453,15498,18.6513571428571,92.6320714285714,1,1,1,74.8532142857143,55.1842142857143,22.4617,26.4498857142857,15,,,,,5224,2025-02-02,5200100,Abadiania,GO,2025,6
1737849600000,202505,9.0,9,9,9,0.9988473,58.07201,0,1,520010020250520495,2026-02-11,Abadiânia,,11.510712,15498,19.4484428571429,96.0057857142857,1,1,1,83.3825285714286,65.4889714285714,22.3670571428571,26.4333142857143,9,,,,,5224,2025-01-26,5200100,Abadiania,GO,2025,5
1737244800000,202504,0.0,0,0,0,0.0,0.0,0,1,520010020250420491,2026-02-07,Abadiânia,,0.0,15498,18.8652714285714,93.2949142857143,0,0,0,76.0309571428571,56.2134714285714,23.2430857142857,28.0452857142857,0,,,,,5224,2025-01-19,5200100,Abadiania,GO,2025,4
1736640000000,202503,0.0,0,0,0,0.0,0.0,0,1,520010020250320486,2026-02-02,Abadiânia,,0.0,15498,19.3650571428571,97.1976714285714,0,0,0,89.0183285714286,75.9687714285714,21.3066285714286,23.8647285714286,0,,,,,5224,2025-01-12,5200100,Abadiania,GO,2025,3
1736035200000,202502,1.0,1,1,1,0.8145292,6.4524455,0,1,520010020250220459,2026-01-06,Abadiânia,,3.3788157,15498,19.3148142857143,97.1623571428571,1,0,0,86.4260428571429,71.0212142857143,22.0345,25.5496857142857,1,,,,,5224,2025-01-05,5200100,Abadiania,GO,2025,2
1735430400000,202501,1.0,1,1,1,0.9632679,6.4524455,0,1,520010020250120459,2026-01-06,Abadiânia,,18.521618,15498,18.9052,96.3787285714286,1,0,0,83.9775285714286,64.3554285714286,21.9089428571429,26.0549571428571,1,,,,,5224,2024-12-29,5200100,Abadiania,GO,2025,1
1734825600000,202452,0.0,0,0,0,0.0,0.0,0,1,520010020245220437,2025-12-15,Abadiânia,,0.0,15498,19.4785285714286,97.075,0,0,0,87.0112,70.2770285714286,21.6946714285714,24.8164714285714,0,,,,,5224,2024-12-22,5200100,Abadiania,GO,2024,52
1734220800000,202451,0.0,0,0,0,0.0,0.0,0,1,520010020245120437,2025-12-15,Abadiânia,,0.0,15498,19.6531571428571,96.1300714285714,0,0,0,82.5672714285714,62.4997571428571,22.7708428571429,27.0723,0,,,,,5224,2024-12-15,5200100,Abadiania,GO,2024,51
1733616000000,202450,0.0,0,0,0,0.0,0.0,0,1,520010020245020437,2025-12-15,Abadiânia,,0.0,15498,19.8579,92.2097,0,0,0,75.9235142857143,57.3326714285714,23.7262714285714,28.0363571428571,0,,,,,5224,2024-12-08,5200100,Abadiania,GO,2024,50
1733011200000,202449,0.0,0,0,0,0.0,0.0,0,1,520010020244920431,2025-12-09,Abadiânia,,0.0,15498,19.1795428571429,94.4065571428571,0,0,0,77.9378428571429,57.8650857142857,23.1131714285714,27.1521714285714,0,,,,,5224,2024-12-01,5200100,Abadiania,GO,2024,49
1732406400000,202448,0.0,0,0,0,0.0,0.0,0,1,520010020244820425,2025-12-03,Abadiânia,,0.0,15498,19.4124142857143,94.5292285714286,0,0,0,81.5584428571429,63.6162571428571,22.4621571428571,26.5248857142857,0,,,,,5224,2024-11-24,5200100,Abadiania,GO,2024,48
1731801600000,202447,0.0,0,0,0,0.0,0.0,0,1,520010020244720418,2025-11-26,Abadiânia,,0.0,15498,18.7270428571429,97.5646428571429,0,0,0,84.5309571428571,65.0753571428571,22.2084,26.4336857142857,0,,,,,5224,2024-11-17,5200100,Abadiania,GO,2024,47
1731196800000,202446,0.0,0,0,0,0.0,0.0,0,1,520010020244620410,2025-11-18,Abadiânia,,0.0,15498,18.8438285714286,97.4778285714286,0,0,0,85.9442,67.9935857142857,21.5625285714286,25.4441857142857,0,,,,,5224,2024-11-10,5200100,Abadiania,GO,2024,46
1730592000000,202445,0.0,0,0,0,0.0,0.0,0,1,520010020244520403,2025-11-11,Abadiânia,,0.0,15498,19.4213714285714,95.4182714285714,0,0,0,85.5486714285714,69.1644428571429,21.8516,25.4093142857143,0,,,,,5224,2024-11-03,5200100,Abadiania,GO,2024,45
1729987200000,202444,0.0,0,0,0,0.0,0.0,0,1,520010020244420395,2025-11-03,Abadiânia,,0.0,15498,19.2159428571429,94.9309142857143,0,0,0,81.0403571428571,63.3052,22.2884,26.0675571428571,0,,,,,5224,2024-10-27,5200100,Abadiania,GO,2024,44
1729382400000,202443,0.0,0,0,0,0.0,0.0,0,1,520010020244320389,2025-10-28,Abadiânia,,0.0,15498,19.8298857142857,96.2362428571429,0,0,0,82.0419,58.9293571428571,22.8927571428571,27.4666,0,,,,,5224,2024-10-20,5200100,Abadiania,GO,2024,43
1728777600000,202442,2.0,2,2,2,0.966158,12.904891,0,1,520010020244220381,2025-10-20,Abadiânia,,12.337551,15498,19.4952142857143,93.6263142857143,1,0,0,79.0593428571429,57.2991,22.9265714285714,27.4641857142857,2,,,,,5224,2024-10-13,5200100,Abadiania,GO,2024,42
1728172800000,202441,0.0,0,0,0,0.0,0.0,0,1,520010020244120375,2025-10-14,Abadiânia,,0.0,15498,22.1083571428571,74.4333428571429,0,0,0,55.4104,34.7736857142857,26.8305428571429,32.4114142857143,0,,,,,5224,2024-10-06,5200100,Abadiania,GO,2024,41
1727568000000,202440,0.0,0,0,0,0.0,0.0,0,1,520010020244020367,2025-10-06,Abadiânia,,0.0,15498,21.4319571428571,48.3039285714286,0,0,0,31.0408857142857,18.7627428571429,27.9606571428571,34.0016142857143,0,,,,,5224,2024-09-29,5200100,Abadiania,GO,2024,40
1726963200000,202439,0.0,0,0,0,0.0,0.0,0,1,520010020243920363,2025-10-02,Abadiânia,,0.0,15498,21.8962428571429,44.3137,0,0,0,29.5932142857143,18.2151142857143,27.9876285714286,33.8333571428571,0,,,,,5224,2024-09-22,5200100,Abadiania,GO,2024,39
1726358400000,202438,1.0,1,1,1,0.730556,6.4524455,0,1,520010020243820353,2025-09-22,Abadiânia,,2.207831,15498,20.7375857142857,47.9931428571429,0,0,0,32.3792571428571,19.4420857142857,26.7586142857143,32.5679428571429,1,,,,,5224,2024-09-15,5200100,Abadiania,GO,2024,38
1725753600000,202437,0.0,0,0,0,0.0,0.0,0,1,520010020243720346,2025-09-15,Abadiânia,,0.0,15498,18.7893714285714,40.7603571428571,0,0,0,29.1411428571429,17.5182142857143,25.1668428571429,31.7026857142857,0,,,,,5224,2024-09-08,5200100,Abadiania,GO,2024,37
1725148800000,202436,1.0,1,1,1,0.9631786,6.4524455,0,1,520010020243620339,2025-09-08,Abadiânia,,18.475817,15498,17.3300428571429,41.9140857142857,0,0,0,25.0685,13.2031285714286,25.1490571428571,32.5795714285714,1,,,,,5224,2024-09-01,5200100,Abadiania,GO,2024,36
1724544000000,202435,0.0,0,0,0,0.0,0.0,0,1,520010020243520332,2025-09-01,Abadiânia,,0.0,15498,16.9266285714286,62.5028857142857,0,0,0,43.0126285714286,24.5104571428571,23.0871142857143,29.6608285714286,0,,,,,5224,2024-08-25,5200100,Abadiania,GO,2024,35
1723939200000,202434,0.0,0,0,0,0.0,0.0,0,1,520010020243420328,2025-08-28,Abadiânia,,0.0,15498,16.6776,47.1424,0,0,0,29.3928142857143,16.0599571428571,23.8215428571429,30.8451428571429,0,,,,,5224,2024-08-18,5200100,Abadiania,GO,2024,34
1723334400000,202433,0.0,0,0,0,0.0,0.0,0,1,520010020243320321,2025-08-21,Abadiânia,,0.0,15498,15.4105285714286,51.3452142857143,0,0,0,35.9592142857143,20.6460571428571,22.1564285714286,29.6304714285714,0,,,,,5224,2024-08-11,5200100,Abadiania,GO,2024,33
1722729600000,202432,0.0,0,0,0,0.0,0.0,0,1,520010020243220312,2025-08-12,Abadiânia,,0.0,15498,15.6704285714286,65.0333,0,0,0,44.8619285714286,28.7810571428571,21.3983428571429,27.2218,0,,,,,5224,2024-08-04,5200100,Abadiania,GO,2024,32
1722124800000,202431,0.0,0,0,0,0.0,0.0,0,1,520010020243120305,2025-08-05,Abadiânia,,0.0,15498,16.8797142857143,60.8492571428571,0,0,0,44.9067428571429,27.4492285714286,22.0370285714286,27.6254571428571,0,,,,,5224,2024-07-28,5200100,Abadiania,GO,2024,31
1721520000000,202430,1.0,1,1,1,0.23608634,6.4524455,0,1,520010020243020298,2025-07-29,Abadiânia,,0.4801659,15498,14.0834428571429,61.5328,0,0,0,42.7754428571429,26.2486857142857,20.1312142857143,26.6121142857143,1,,,,,5224,2024-07-21,5200100,Abadiania,GO,2024,30
1720915200000,202429,0.0,0,0,0,0.0,0.0,0,1,520010020242920291,2025-07-22,Abadiânia,,0.0,15498,14.3658857142857,64.0564571428571,0,0,0,45.6280428571429,27.9708,19.9989285714286,26.1306857142857,0,,,,,5224,2024-07-14,5200100,Abadiania,GO,2024,29
1720310400000,202428,2.0,2,2,2,0.055412665,12.904891,0,1,520010020242820283,2025-07-14,Abadiânia,,0.32199687,15498,15.8452142857143,63.8479,0,0,0,44.4646857142857,25.8973142857143,22.0113714285714,28.1573714285714,2,,,,,5224,2024-07-07,5200100,Abadiania,GO,2024,28
1719705600000,202427,4.0,4,4,4,0.028203005,25.809782,0,1,520010020242720278,2025-07-09,Abadiânia,,0.36247692,15498,15.4095714285714,63.2113571428571,0,0,0,45.4791428571429,28.4848285714286,20.9481428571429,26.9032285714286,4,,,,,5224,2024-06-30,5200100,Abadiania,GO,2024,27
1719100800000,202426,4.0,4,4,4,0.000997913,25.809782,0,1,520010020242620269,2025-06-30,Abadiânia,,0.22899273,15498,15.3319,67.0666857142857,0,0,0,47.0519428571429,27.3239857142857,20.9753285714286,26.9958571428571,4,,,,,5224,2024-06-23,5200100,Abadiania,GO,2024,26
1718496000000,202425,10.0,10,10,10,0.002776095,64.52445,0,1,520010020242520262,2025-06-23,Abadiânia,,0.3819526,15498,15.2922142857143,70.4957714285714,0,0,1,51.7724714285714,31.4112285714286,20.4719285714286,26.2194857142857,10,,,,,5224,2024-06-16,5200100,Abadiania,GO,2024,25
1717891200000,202424,19.0,19,19,19,0.0018745817,122.596466,0,1,520010020242420255,2025-06-16,Abadiânia,,0.46303138,15498,15.9830285714286,73.8734428571429,0,0,1,54.4930571428571,34.6184142857143,21.1390857142857,26.9194285714286,17,,,,,5224,2024-06-09,5200100,Abadiania,GO,2024,24
1717286400000,202423,20.0,20,20,20,1.983e-07,129.0489,0,1,520010020242320249,2025-06-10,Abadiânia,,0.3057874,15498,16.8287142857143,77.3200857142857,0,0,1,57.9361142857143,38.2110714285714,21.1732571428571,26.1155857142857,16,,,,,5224,2024-06-02,5200100,Abadiania,GO,2024,23
1716681600000,202422,40.0,40,40,40,4.99e-08,258.0978,0,4,520010020242220241,2025-06-02,Abadiânia,,0.39111763,15498,16.2364,78.6452428571429,0,0,2,56.5466857142857,34.3966428571429,21.4496,27.0411857142857,34,,,,,5224,2024-05-26,5200100,Abadiania,GO,2024,22
1716076800000,202421,54.0,54,54,54,0.0,348.43207,0,4,520010020242120236,2025-05-28,Abadiânia,,0.3584421,15498,17.5007571428571,77.5873428571429,0,0,2,56.9210285714286,36.6716428571429,22.5422857142857,27.9409571428571,46,,,,,5224,2024-05-19,5200100,Abadiania,GO,2024,21
1715472000000,202420,102.0,102,102,102,4.9e-09,658.1494,0,4,520010020242020227,2025-05-19,Abadiânia,,0.5082687,15498,16.5270714285714,74.7989714285714,0,0,2,53.4839142857143,33.6257714285714,22.6371428571429,28.565,78,,,,,5224,2024-05-12,5200100,Abadiania,GO,2024,20
1714867200000,202419,137.0,137,137,137,5.08e-07,883.98505,0,4,520010020241920224,2025-05-16,Abadiânia,,0.5955588,15498,17.1260714285714,78.4395571428571,0,0,2,59.3656857142857,39.2594,22.319,27.8921,113,,,,,5224,2024-05-05,5200100,Abadiania,GO,2024,19
1714262400000,202418,224.0,224,224,224,0.24163,1445.3478,0,4,520010020241820214,2025-05-06,Abadiânia,,0.9369584,15498,19.0557285714286,78.6683428571429,0,0,2,59.9046428571429,39.1563428571429,23.9814428571429,29.0375571428571,166,,,,,5224,2024-04-28,5200100,Abadiania,GO,2024,18
1713657600000,202417,243.0,243,243,243,0.52394277,1567.9442,0,4,520010020241720206,2025-04-28,Abadiânia,,1.0054656,15498,18.8421714285714,83.9702857142857,0,0,2,66.5889428571429,45.4562,23.2222857142857,28.1833285714286,189,,,,,5224,2024-04-21,5200100,Abadiania,GO,2024,17
1713052800000,202416,236.0,236,236,236,0.54499424,1522.7771,0,4,520010020241620200,2025-04-22,Abadiânia,,1.0104771,15498,19.7727857142857,87.4623428571429,1,0,2,72.2180857142857,55.1669428571429,23.3890714285714,27.4877142857143,219,,,,,5224,2024-04-14,5200100,Abadiania,GO,2024,16
1712448000000,202415,245.0,245,245,245,0.95984364,1580.8491,0,4,520010020241520192,2025-04-14,Abadiânia,,1.1787963,15498,20.0778571428571,92.2534571428571,1,1,2,80.3624571428571,62.6576714285714,22.8300571428571,26.1904428571429,228,,,,,5224,2024-04-07,5200100,Abadiania,GO,2024,15
1711843200000,202414,256.0,256,256,256,0.99990374,1651.826,0,4,520010020241420188,2025-04-10,Abadiânia,,1.4337199,15498,19.6668285714286,97.6812571428571,1,1,2,86.6505285714286,68.9065,22.6908571428571,26.7809142857143,231,,,,,5224,2024-03-31,5200100,Abadiania,GO,2024,14
1711238400000,202413,203.0,203,203,203,0.98977673,1309.8464,0,4,520010020241320178,2025-03-31,Abadiânia,,1.2767179,15498,19.4609142857143,96.3406,1,1,2,85.2714142857143,65.1040571428571,22.1747428571429,26.1273285714286,186,,,,,5224,2024-03-24,5200100,Abadiania,GO,2024,13
1710633600000,202412,178.0,178,178,178,0.95278865,1148.5353,0,4,520010020241220171,2025-03-24,Abadiânia,,1.203774,15498,20.6509714285714,95.8431142857143,1,1,2,81.3459428571429,62.5762571428571,24.1044285714286,28.2653428571429,165,,,,,5224,2024-03-17,5200100,Abadiania,GO,2024,12
1710028800000,202411,146.0,146,146,146,0.8748561,942.05707,0,4,520010020241120165,2025-03-18,Abadiânia,,1.149245,15498,20.6779142857143,94.7783857142857,1,0,2,80.9269428571429,60.8675857142857,23.9927,28.1268285714286,126,,,,,5224,2024-03-10,5200100,Abadiania,GO,2024,11
1709424000000,202410,160.0,160,160,160,0.9999921,1032.3912,0,4,520010020241020158,2025-03-11,Abadiânia,,1.7389817,15498,20.1907285714286,94.4302428571429,1,1,2,80.7821857142857,60.2594571428571,23.5637714285714,28.0088571428571,139,,,,,5224,2024-03-03,5200100,Abadiania,GO,2024,10
1708819200000,202409,141.0,141,141,141,1.0,909.7948,0,4,520010020240920153,2025-03-06,Abadiânia,,2.4332876,15498,19.5991714285714,86.1151428571429,1,1,2,67.7766571428571,46.7908142857143,24.5616285714286,29.6475285714286,114,,,,,5224,2024-02-25,5200100,Abadiania,GO,2024,9
1708214400000,202408,88.0,88,88,88,0.99999964,567.8152,0,4,520010020240820145,2025-02-26,Abadiânia,,2.5565472,15498,19.6176714285714,97.3225857142857,1,1,2,88.7339142857143,73.2055142857143,21.7937,25.3184857142857,64,,,,,5224,2024-02-18,5200100,Abadiania,GO,2024,8
1707609600000,202407,51.0,51,51,51,0.9999231,329.0747,0,4,520010020240720137,2025-02-18,Abadiânia,,2.5658019,15498,19.3991,90.9402571428571,1,1,2,78.3292714285714,60.6802285714286,22.8725571428571,27.1026,35,,,,,5224,2024-02-11,5200100,Abadiania,GO,2024,7
1707004800000,202406,32.0,32,32,32,0.9981559,206.47826,0,2,520010020240620130,2025-02-11,Abadiânia,,2.4590003,15498,19.6975142857143,96.2371,1,1,2,84.0547714285714,64.8382428571429,22.4389142857143,26.5560428571429,28,,,,,5224,2024-02-04,5200100,Abadiania,GO,2024,6
1706400000000,202405,17.0,17,17,17,0.8556909,109.691574,0,2,520010020240520123,2025-02-04,Abadiânia,,1.4857011,15498,19.1961857142857,96.4521714285714,1,0,1,81.3351428571429,60.0128,22.5381,26.9443571428571,17,,,,,5224,2024-01-28,5200100,Abadiania,GO,2024,5
1705795200000,202404,7.0,7,7,7,0.29944706,45.167118,0,2,520010020240420116,2025-01-28,Abadiânia,,0.7734975,15498,19.9434285714286,95.8494285714286,1,0,1,83.0112428571429,66.5963142857143,22.6870428571429,26.2250428571429,7,,,,,5224,2024-01-21,5200100,Abadiania,GO,2024,4
1705190400000,202403,16.0,16,16,16,0.9938979,103.23913,0,3,520010020240320109,2025-01-21,Abadiânia,,3.1769333,15498,19.8809857142857,93.4562142857143,1,1,1,75.7523571428571,53.8218142857143,23.9783857142857,28.3326285714286,11,,,,,5224,2024-01-14,5200100,Abadiania,GO,2024,3
1704585600000,202402,9.0,9,9,9,0.99303406,58.07201,0,1,520010020240220102,2025-01-14,Abadiânia,,5.3073163,15498,19.1801,97.1280857142857,1,1,1,83.9410714285714,67.4962285714286,22.4234142857143,26.1589857142857,6,,,,,5224,2024-01-07,5200100,Abadiania,GO,2024,2
1703980800000,202401,5.0,5,5,5,0.99577093,32.262226,0,1,520010020240120095,2025-01-07,Abadiânia,,18.521618,15498,19.9309285714286,97.4893285714286,1,1,1,87.6337571428571,74.2233428571429,22.0555142857143,24.8339142857143,3,,,,,5224,2023-12-31,5200100,Abadiania,GO,2024,1
1703376000000,202352,0.0,0,0,0,0.0,0.0,0,1,520010020235220087,2024-12-30,Abadiânia,,0.0,15498,20.5989714285714,94.9579142857143,0,0,0,77.7888714285714,53.4625714285714,24.3169571428571,29.0047,0,,,,,5224,2023-12-24,5200100,Abadiania,GO,2023,52
1702771200000,202351,0.0,0,0,0,0.0,0.0,0,1,520010020235120080,2024-12-23,Abadiânia,,0.0,15498,19.9553571428571,87.3114857142857,0,0,0,71.3695142857143,56.9425285714286,23.5917285714286,27.2837142857143,0,,,,,5224,2023-12-17,5200100,Abadiania,GO,2023,51
1702166400000,202350,0.0,0,0,0,0.0,0.0,0,1,520010020235020074,2024-12-17,Abadiânia,,0.0,15498,20.8366571428571,82.0853285714286,0,0,0,60.9588714285714,39.8117571428571,25.5033857142857,30.6878,0,,,,,5224,2023-12-10,5200100,Abadiania,GO,2023,50
1701561600000,202349,0.0,0,0,0,0.0,0.0,0,1,520010020234920067,2024-12-10,Abadiânia,,0.0,15498,19.9181571428571,87.2205428571429,0,0,0,69.0666285714286,47.4175285714286,24.4194857142857,29.4283857142857,0,,,,,5224,2023-12-03,5200100,Abadiania,GO,2023,49
1700956800000,202348,0.0,0,0,0,0.0,0.0,0,1,520010020234820060,2024-12-03,Abadiânia,,0.0,15498,20.4519142857143,89.0884,0,0,0,68.2062857142857,46.6771857142857,24.7682142857143,29.5130714285714,0,,,,,5224,2023-11-26,5200100,Abadiania,GO,2023,48
1700352000000,202347,0.0,0,0,0,0.0,0.0,0,1,520010020234720056,2024-11-29,Abadiânia,,0.0,15498,20.6612,92.5780857142857,0,0,0,71.5246428571429,47.9851285714286,24.8453,29.721,0,,,,,5224,2023-11-19,5200100,Abadiania,GO,2023,47
1699747200000,202346,0.0,0,0,0,0.0,0.0,0,1,520010020234620046,2024-11-19,Abadiânia,,0.0,15498,20.9364285714286,74.7512,0,0,0,52.9551571428571,32.3214,26.6584428571429,32.9475285714286,0,,,,,5224,2023-11-12,5200100,Abadiania,GO,2023,46
1699142400000,202345,0.0,0,0,0,0.0,0.0,0,1,520010020234520039,2024-11-12,Abadiânia,,0.0,15498,19.7103714285714,78.0530142857143,0,0,0,55.7502714285714,34.2596142857143,25.5341142857143,31.5894428571429,0,,,,,5224,2023-11-05,5200100,Abadiania,GO,2023,45
1698537600000,202344,0.0,0,0,0,0.0,0.0,0,1,520010020234420032,2024-11-05,Abadiânia,,0.0,15498,20.1298,89.956,0,0,0,72.3647142857143,46.8357857142857,24.2397,30.2789428571429,0,,,,,5224,2023-10-29,5200100,Abadiania,GO,2023,44
1697932800000,202343,0.0,0,0,0,0.0,0.0,0,1,520010020234320026,2024-10-30,Abadiânia,,0.0,15498,20.1318714285714,87.3798,0,0,0,67.7633857142857,44.0623857142857,24.5840285714286,29.9796714285714,0,,,,,5224,2023-10-22,5200100,Abadiania,GO,2023,43
1697328000000,202342,1.0,1,1,1,0.730556,6.4524455,0,1,520010020234220019,2024-10-23,Abadiânia,,2.207831,15498,20.3366428571429,71.6758285714286,0,0,0,51.5772857142857,32.6649,25.9792285714286,31.9502571428571,0,,,,,5224,2023-10-15,5200100,Abadiania,GO,2023,42
1696723200000,202341,0.0,0,0,0,0.0,0.0,0,1,520010020234120011,2024-10-15,Abadiânia,,0.0,15498,20.5447714285714,87.5885428571429,0,0,0,69.2435142857143,46.6989142857143,25.0807857142857,30.6426428571429,0,,,,,5224,2023-10-08,5200100,Abadiania,GO,2023,41
1696118400000,202340,1.0,1,1,1,0.9632679,6.4524455,0,1,520010020234020005,2024-10-09,Abadiânia,,18.521618,15498,19.8645428571429,89.4632428571429,1,0,0,71.5172571428571,46.9645142857143,24.1139857142857,29.7075857142857,0,,,,,5224,2023-10-01,5200100,Abadiania,GO,2023,40
1695513600000,202339,0.0,0,0,0,0.0,0.0,0,1,520010020233919998,2024-10-02,Abadiânia,,0.0,15498,21.3019428571429,74.0089285714286,0,0,0,56.5386714285714,37.9601428571429,26.2412571428571,31.9121714285714,0,,,,,5224,2023-09-24,5200100,Abadiania,GO,2023,39
1694908800000,202338,0.0,0,0,0,0.0,0.0,0,1,520010020233819990,2024-09-24,Abadiânia,,0.0,15498,20.085,61.3591285714286,0,0,0,42.3813857142857,24.6775571428571,26.2707285714286,32.8621857142857,0,,,,,5224,2023-09-17,5200100,Abadiania,GO,2023,38
1694304000000,202337,0.0,0,0,0,0.0,0.0,0,1,520010020233719983,2024-09-17,Abadiânia,,0.0,15498,18.5963571428571,62.5640857142857,0,0,0,44.2175285714286,27.9112285714286,24.5372142857143,30.6342428571429,0,,,,,5224,2023-09-10,5200100,Abadiania,GO,2023,37
1693699200000,202336,0.0,0,0,0,0.0,0.0,0,1,520010020233619978,2024-09-12,Abadiânia,,0.0,15498,18.8938,72.7506285714286,0,0,0,53.5239857142857,32.1732285714286,24.1953285714286,30.3623,0,,,,,5224,2023-09-03,5200100,Abadiania,GO,2023,36
1693094400000,202335,0.0,0,0,0,0.0,0.0,0,1,520010020233519969,2024-09-03,Abadiânia,,0.0,15498,18.5428285714286,90.7416,0,0,0,73.2913428571429,47.4335428571429,22.8188285714286,28.7596285714286,0,,,,,5224,2023-08-27,5200100,Abadiania,GO,2023,35
1692489600000,202334,0.0,0,0,0,0.0,0.0,0,1,520010020233419962,2024-08-27,Abadiânia,,0.0,15498,17.2553714285714,70.6057714285714,0,0,0,50.5345285714286,29.1115,23.4069714285714,30.5516714285714,0,,,,,5224,2023-08-20,5200100,Abadiania,GO,2023,34
1691884800000,202333,0.0,0,0,0,0.0,0.0,0,1,520010020233319956,2024-08-21,Abadiânia,,0.0,15498,16.1600714285714,65.3419428571429,0,0,0,46.4696285714286,29.6287571428571,21.8916571428571,27.9852428571429,0,,,,,5224,2023-08-13,5200100,Abadiania,GO,2023,33
1691280000000,202332,0.0,0,0,0,0.0,0.0,0,1,520010020233219949,2024-08-14,Abadiânia,,0.0,15498,16.1576142857143,59.3790285714286,0,0,0,39.4242,20.8861714285714,23.0751714285714,30.7133,0,,,,,5224,2023-08-06,5200100,Abadiania,GO,2023,32
1690675200000,202331,0.0,0,0,0,0.0,0.0,0,1,520010020233119941,2024-08-06,Abadiânia,,0.0,15498,14.6980428571429,70.0889285714286,0,0,0,46.1092428571429,24.0576285714286,21.5417142857143,28.8230285714286,0,,,,,5224,2023-07-30,5200100,Abadiania,GO,2023,31
1690070400000,202330,0.0,0,0,0,0.0,0.0,0,1,520010020233019934,2024-07-30,Abadiânia,,0.0,15498,14.8141714285714,73.2719428571429,0,0,0,51.2509714285714,29.9902714285714,21.0140285714286,27.5149285714286,0,,,,,5224,2023-07-23,5200100,Abadiania,GO,2023,30
1689465600000,202329,0.0,0,0,0,0.0,0.0,0,1,520010020232919929,2024-07-25,Abadiânia,,0.0,15498,16.0712857142857,76.1900428571429,0,0,0,54.9143285714286,33.4586,21.5494714285714,27.4021285714286,0,,,,,5224,2023-07-16,5200100,Abadiania,GO,2023,29
1688860800000,202328,0.0,0,0,0,0.0,0.0,0,1,520010020232819919,2024-07-15,Abadiânia,,0.0,15498,14.2422714285714,76.4284142857143,0,0,0,54.2711142857143,30.2476857142857,20.5925142857143,28.1627285714286,0,,,,,5224,2023-07-09,5200100,Abadiania,GO,2023,28
1688256000000,202327,0.0,0,0,0,0.0,0.0,0,1,520010020232719913,2024-07-09,Abadiânia,0,0.0,15498,16.0,59.1555914285714,0,0,0,56.5779254285714,54.0002597142857,16.5,17.0,0,,,,,5224,2023-07-02,5200100,Abadiania,GO,2023,27
1687651200000,202326,0.0,0,0,0,0.0,0.0,0,1,520010020232619905,2024-07-01,Abadiânia,0,0.0,15498,17.8571428571429,60.281979,0,0,0,58.6708205714286,57.059661,18.2142857142857,18.5714285714286,0,,,,,5224,2023-06-25,5200100,Abadiania,GO,2023,26
1687046400000,202325,0.0,0,0,0,0.0,0.0,0,1,520010020232519898,2024-06-24,Abadiânia,0,0.0,15498,18.1428571428571,63.0068677142857,0,0,0,62.7316802857143,62.4564924285714,18.2857142857143,18.4285714285714,0,,,,,5224,2023-06-18,5200100,Abadiania,GO,2023,25
1686441600000,202324,0.0,0,0,0,0.0,0.0,0,1,520010020232419884,2024-06-10,Abadiânia,,0.0,15498,16.5015,85.7734285714286,0,0,0,67.8550142857143,43.8217,21.1548714285714,26.7792428571429,0,,,,,5224,2023-06-11,5200100,Abadiania,GO,2023,24
1685836800000,202323,0.0,0,0,0,0.0,0.0,0,1,520010020232319884,2024-06-10,Abadiânia,,0.0,15498,14.2650285714286,80.4858857142857,0,0,0,59.6095857142857,35.6632857142857,20.2010428571429,26.7930142857143,0,,,,,5224,2023-06-04,5200100,Abadiania,GO,2023,23
1685232000000,202322,0.0,0,0,0,0.0,0.0,0,1,520010020232219876,2024-06-02,Abadiânia,0,0.0,15498,18.8571428571429,77.3143842857143,0,0,0,75.9602617142857,74.6061385714286,19.0714285714286,19.2857142857143,0,,,,,5224,2023-05-28,5200100,Abadiania,GO,2023,22
1684627200000,202321,0.0,0,0,0,0.0,0.0,0,1,520010020232119869,2024-05-26,Abadiânia,0,0.0,15498,16.0,79.6302757142857,0,0,0,67.561306,53.2513472857143,18.8809522857143,22.5714285714286,0,,,,,5224,2023-05-21,5200100,Abadiania,GO,2023,21
1684022400000,202320,0.0,0,0,0,0.0,0.0,0,1,520010020232019863,2024-05-20,Abadiânia,0,0.0,15498,17.4285714285714,73.7481515714286,0,0,0,62.038663,49.8435888571429,19.8571428571429,23.0,0,,,,,5224,2023-05-14,5200100,Abadiania,GO,2023,20
1683417600000,202319,0.0,0,0,0,0.0,0.0,0,1,520010020231919856,2024-05-13,Abadiânia,0,0.0,15498,19.2857142857143,75.1052321428571,0,0,0,69.2604918571429,62.4595214285714,20.2440477142857,21.4285714285714,0,,,,,5224,2023-05-07,5200100,Abadiania,GO,2023,19
1682812800000,202318,0.0,0,0,0,0.0,0.0,0,1,520010020231819849,2024-05-06,Abadiânia,0,0.0,15498,20.0,73.3186847777778,0,0,0,71.7529533333333,70.1872207777778,20.2222222222222,20.4444444444444,0,,,,,5224,2023-04-30,5200100,Abadiania,GO,2023,18
1682208000000,202317,0.0,0,0,0,0.0,0.0,0,1,520010020231719841,2024-04-28,Abadiânia,0,0.0,15498,17.6,98.3722268,0,0,0,79.8795535333333,55.2807512,21.3166661333333,26.6666666666667,0,,,,,5224,2023-04-23,5200100,Abadiania,GO,2023,17
1681603200000,202316,0.0,0,0,0,0.0,0.0,0,1,520010020231619835,2024-04-22,Abadiânia,0,0.0,15498,17.7142857142857,97.3785857142857,0,0,0,84.5640731428571,61.6912341428571,21.0892857142857,26.0,0,,,,,5224,2023-04-16,5200100,Abadiania,GO,2023,16
1680998400000,202315,0.0,0,0,0,0.0,0.0,0,1,520010020231519827,2024-04-14,Abadiânia,0,0.0,15498,18.2,100.0,0,0,0,87.758516,57.8656194,21.3666664,27.3,0,,,,,5224,2023-04-09,5200100,Abadiania,GO,2023,15
1680393600000,202314,0.0,0,0,0,0.0,0.0,0,1,520010020231419821,2024-04-08,Abadiânia,0,0.0,15498,17.5714285714286,99.1328242857143,0,0,0,84.230283,57.9400005714286,20.8214285714286,26.0,0,,,,,5224,2023-04-02,5200100,Abadiania,GO,2023,14
1679788800000,202313,0.0,0,0,0,0.0,0.0,0,1,520010020231319814,2024-04-01,Abadiânia,0,0.0,15498,19.2857142857143,81.56611,0,0,0,70.9187511428571,60.5091565714286,21.9166668571429,24.5714285714286,0,,,,,5224,2023-03-26,5200100,Abadiania,GO,2023,13
1679184000000,202312,0.0,0,0,0,0.0,0.0,0,1,520010020231219808,2024-03-26,Abadiânia,0,0.0,15498,18.0,97.4450442857143,0,0,0,85.5891867142857,65.8236255714286,20.700476,24.7142857142857,0,,,,,5224,2023-03-19,5200100,Abadiania,GO,2023,12
1678579200000,202311,0.0,0,0,0,0.0,0.0,0,1,520010020231119800,2024-03-18,Abadiânia,0,0.0,15498,19.3,98.781332,0,0,0,94.376899,92.301731,19.65,19.8,0,,,,,5224,2023-03-12,5200100,Abadiania,GO,2023,11
1677974400000,202310,0.0,0,0,0,0.0,0.0,0,1,520010020231019794,2024-03-12,Abadiânia,0,0.0,15498,20.2857142857143,91.3310142857143,0,0,0,89.5009748571429,87.6709371428571,20.5,20.7142857142857,0,,,,,5224,2023-03-05,5200100,Abadiania,GO,2023,10
1677369600000,202309,0.0,0,0,0,0.0,0.0,0,1,520010020230919786,2024-03-04,Abadiânia,0,0.0,15498,20.5714285714286,90.0451585714286,0,0,0,88.0313042857143,86.01745,20.7142857142857,20.8571428571429,0,,,,,5224,2023-02-26,5200100,Abadiania,GO,2023,9
1676764800000,202308,0.0,0,0,0,0.0,0.0,0,1,520010020230819780,2024-02-27,Abadiânia,0,0.0,15498,18.0,100.0,0,0,0,89.4094942857143,66.4204107142857,20.6011905714286,25.1428571428571,0,,,,,5224,2023-02-19,5200100,Abadiania,GO,2023,8
1676160000000,202307,0.0,0,0,0,0.0,0.0,0,1,520010020230719773,2024-02-20,Abadiânia,0,0.0,15498,21.1428571428571,88.8808051428571,0,0,0,84.1399612857143,77.7804267142857,21.9345237142857,23.1428571428571,0,,,,,5224,2023-02-12,5200100,Abadiania,GO,2023,7
1675555200000,202306,6.0,6,6,6,0.91940796,38.714672,0,1,520010020230619768,2024-02-15,Abadiânia,0,2.6548917,15498,20.2857142857143,91.86556,1,0,1,88.01908,84.4496152857143,20.9523808571429,21.5714285714286,4,,,,,5224,2023-02-05,5200100,Abadiania,GO,2023,6
1674950400000,202305,7.0,7,7,7,0.99511915,34.211426,0,1,520010020230519759,2024-02-06,Abadiânia,0,8.9087515,20461,19.1428571428571,94.2639322857143,1,1,1,84.7753371428571,69.0079891428571,21.440476,24.5714285714286,5,,,,,5224,2023-01-29,5200100,Abadiania,GO,2023,5
1674345600000,202304,0.0,0,0,0,0.0,0.0,0,1,520010020230419752,2024-01-30,Abadiânia,0,0.0,20461,18.8571428571429,99.1392157142857,0,0,0,98.03951,93.6554652857143,19.2976191428571,20.1428571428571,0,,,,,5224,2023-01-22,5200100,Abadiania,GO,2023,4
1673740800000,202303,1.0,1,1,1,0.686581,4.8873467,0,1,520010020230319747,2024-01-25,Abadiânia,0,1.8433244,20461,20.4285714285714,86.2391942857143,1,0,0,86.2391942857143,86.2391942857143,20.4285714285714,20.4285714285714,1,,,,,5224,2023-01-15,5200100,Abadiania,GO,2023,3
1673136000000,202302,0.0,0,0,0,0.0,0.0,0,1,520010020230219747,2024-01-25,Abadiânia,0,0.0,20461,17.8571428571429,99.1263634285714,0,0,0,89.8919634285714,70.5528698571429,20.2738097142857,24.1428571428571,0,,,,,5224,2023-01-08,5200100,Abadiania,GO,2023,2
1672531200000,202301,0.0,0,0,0,0.0,0.0,0,1,520010020230119740,2024-01-18,Abadiânia,0,0.0,20461,17.8571428571429,100.0,0,0,0,92.4179758571429,74.13403,20.1726191428571,23.8571428571429,0,,,,,5224,2023-01-01,5200100,Abadiania,GO,2023,1
1671926400000,202252,2.0,2,2,2,0.81668353,9.7746935,0,1,520010020225219733,2024-01-11,Abadiânia,0,2.6548903,20461,18.3333333333333,100.0,1,0,0,96.62123,84.7781383333333,19.3911613333333,22.0,0,,,,,5224,2022-12-25,5200100,Abadiania,GO,2022,52
1671321600000,202251,0.0,0,0,0,0.0,0.0,0,1,520010020225119718,2023-12-27,Abadiânia,0,0.0,20461,18.5,100.0,0,0,0,95.280685,77.70364,20.200321,23.5,0,,,,,5224,2022-12-18,5200100,Abadiania,GO,2022,51
1670716800000,202250,1.0,1,1,1,0.6887573,4.8873467,0,1,520010020225019718,2023-12-27,Abadiânia,0,1.8589696,20461,18.1666666666667,100.0,1,0,0,91.7805766666667,74.4378356666667,20.3692633333333,24.0,0,,,,,5224,2022-12-11,5200100,Abadiania,GO,2022,50
1670112000000,202249,1.0,1,1,1,0.730556,4.8873467,0,1,520010020224919708,2023-12-17,Abadiânia,0,2.207831,20461,18.2857142857143,99.1392157142857,1,0,0,85.0671435714286,64.2153914285714,21.2175325714286,25.4285714285714,0,,,,,5224,2022-12-04,5200100,Abadiania,GO,2022,49
1669507200000,202248,0.0,0,0,0,0.0,0.0,0,1,520010020224819684,2023-11-23,Abadiânia,0,0.0,20461,17.4285714285714,100.0,0,0,0,87.5998792857143,64.6387341428571,20.1154765714286,24.2857142857143,0,,,,,5224,2022-11-27,5200100,Abadiania,GO,2022,48
1668902400000,202247,1.0,1,1,1,0.9632679,4.8873467,0,1,520010020224719684,2023-11-23,Abadiânia,0,18.521614,20461,17.1428571428571,100.0,0,0,0,86.6317734285714,65.2369838571429,20.2440474285714,24.8571428571429,0,,,,,5224,2022-11-20,5200100,Abadiania,GO,2022,47
1668297600000,202246,0.0,0,0,0,0.0,0.0,0,1,520010020224619684,2023-11-23,Abadiânia,0,0.0,20461,18.2857142857143,95.0169222857143,0,0,0,79.8852658571429,56.6513914285714,21.7460318571429,26.4285714285714,0,,,,,5224,2022-11-13,5200100,Abadiania,GO,2022,46
1667692800000,202245,0.0,0,0,0,0.0,0.0,0,1,520010020224519684,2023-11-23,Abadiânia,0,0.0,20461,17.1428571428571,95.7583577142857,0,0,0,75.0573364285714,51.0454638571429,21.0243508571429,26.1428571428571,0,,,,,5224,2022-11-06,5200100,Abadiania,GO,2022,45
1667088000000,202244,0.0,0,0,0,0.0,0.0,0,1,520010020224419684,2023-11-23,Abadiânia,0,0.0,20461,16.2857142857143,99.1132242857143,0,0,0,84.3986988571429,59.8000485714286,19.901316,24.8571428571429,0,,,,,5224,2022-10-30,5200100,Abadiania,GO,2022,44
1666483200000,202243,0.0,0,0,0,0.0,0.0,0,1,520010020224319684,2023-11-23,Abadiânia,0,0.0,20461,17.5714285714286,95.8250334285714,0,0,0,81.3426257142857,60.0616291428571,20.9202382857143,25.2857142857143,0,,,,,5224,2022-10-23,5200100,Abadiania,GO,2022,43
1665878400000,202242,0.0,0,0,0,0.0,0.0,0,1,520010020224219684,2023-11-23,Abadiânia,0,0.0,20461,19.2857142857143,68.5980471428571,0,0,0,47.8926925714286,30.4805235714286,24.3728354285714,30.0,0,,,,,5224,2022-10-16,5200100,Abadiania,GO,2022,42
1665273600000,202241,0.0,0,0,0,0.0,0.0,0,1,520010020224119684,2023-11-23,Abadiânia,0,0.0,20461,18.5714285714286,71.7769974285714,0,0,0,52.4328667142857,31.7584192857143,23.4583331428571,29.0,0,,,,,5224,2022-10-09,5200100,Abadiania,GO,2022,41
1664668800000,202240,0.0,0,0,0,0.0,0.0,0,1,520010020224019684,2023-11-23,Abadiânia,0,0.0,20461,18.0,92.3836557142857,0,0,0,74.2965471428572,54.0394517142857,21.1693722857143,25.4285714285714,0,,,,,5224,2022-10-02,5200100,Abadiania,GO,2022,40
1664064000000,202239,1.0,1,1,1,0.7510844,4.8873467,0,1,520010020223919684,2023-11-23,Abadiânia,0,2.4215827,20461,18.0,93.2277177142857,0,0,0,72.4602034285714,46.6733407142857,22.3772894285714,27.8571428571429,0,,,,,5224,2022-09-25,5200100,Abadiania,GO,2022,39
1663459200000,202238,0.0,0,0,0,0.0,0.0,0,1,520010020223819684,2023-11-23,Abadiânia,0,0.0,20461,18.4285714285714,94.0814271428571,0,0,0,82.3736452857143,62.5808215714286,20.6099067142857,24.5714285714286,0,,,,,5224,2022-09-18,5200100,Abadiania,GO,2022,38
1662854400000,202237,0.0,0,0,0,0.0,0.0,0,1,520010020223719684,2023-11-23,Abadiânia,0,0.0,20461,17.8571428571429,63.0493694285714,0,0,0,43.8951094285714,29.1877077142857,23.424603,28.1428571428571,0,,,,,5224,2022-09-11,5200100,Abadiania,GO,2022,37
1662249600000,202236,1.0,1,1,1,0.24369511,4.8873467,0,1,520010020223619684,2023-11-23,Abadiânia,0,0.49095398,20461,17.2857142857143,54.4365535714286,0,0,0,35.4446488571429,19.4452568571429,23.8511902857143,30.2857142857143,0,,,,,5224,2022-09-04,5200100,Abadiania,GO,2022,36
1661644800000,202235,2.0,2,2,2,0.27327842,9.7746935,0,1,520010020223519684,2023-11-23,Abadiânia,0,0.61178577,20461,15.5714285714286,61.8963704285714,0,0,0,45.6390825714286,31.1906117142857,20.3191201428571,25.1428571428571,2,,,,,5224,2022-08-28,5200100,Abadiania,GO,2022,35
1661040000000,202234,2.0,2,2,2,0.0959574,9.7746935,0,1,520010020223419684,2023-11-23,Abadiânia,0,0.38191134,20461,14.5714285714286,66.633373,0,0,0,48.4072867142857,32.48884,19.3445665714286,24.5714285714286,0,,,,,5224,2022-08-21,5200100,Abadiania,GO,2022,34
1660435200000,202233,1.0,1,1,1,0.019140543,4.8873467,0,1,520010020223319684,2023-11-23,Abadiânia,0,0.17521653,20461,15.4285714285714,69.8817931428571,0,0,0,50.1843121428571,32.6956125714286,20.549817,26.2857142857143,1,,,,,5224,2022-08-14,5200100,Abadiania,GO,2022,33
1659830400000,202232,8.0,8,8,8,0.7744585,39.098774,0,1,520010020223219684,2023-11-23,Abadiânia,0,1.4973916,20461,14.5714285714286,66.2495097142857,0,0,1,46.9966142857143,29.7938431428571,20.738095,27.8571428571429,5,,,,,5224,2022-08-07,5200100,Abadiania,GO,2022,32
1659225600000,202231,6.0,6,6,6,0.5196366,29.32408,0,1,520010020223119684,2023-11-23,Abadiânia,0,1.0280148,20461,16.0,62.1719987142857,0,0,1,47.9429218571429,31.7544127142857,20.1488094285714,24.8571428571429,5,,,,,5224,2022-07-31,5200100,Abadiania,GO,2022,31
1658620800000,202230,4.0,4,4,4,0.15807992,19.549387,0,1,520010020223019684,2023-11-23,Abadiânia,0,0.555127,20461,14.5714285714286,68.6283071428571,0,0,0,50.2767515714286,30.5069291428571,19.7266808571429,26.2857142857143,1,,,,,5224,2022-07-24,5200100,Abadiania,GO,2022,30
1658016000000,202229,6.0,6,6,6,0.11914762,29.32408,0,1,520010020222919684,2023-11-23,Abadiânia,0,0.5629211,20461,14.8571428571429,70.2895862857143,0,0,1,53.2017617142857,36.0065064285714,19.1785714285714,24.7142857142857,3,,,,,5224,2022-07-17,5200100,Abadiania,GO,2022,29
1657411200000,202228,7.0,7,7,7,0.011128148,34.211426,0,1,520010020222819684,2023-11-23,Abadiânia,0,0.38800097,20461,14.0,74.1568294285714,0,0,1,57.6656964285714,39.1299495714286,18.1657162857143,23.5714285714286,6,,,,,5224,2022-07-10,5200100,Abadiania,GO,2022,28
1656806400000,202227,7.0,7,7,7,0.0001458228,34.211426,0,1,520010020222719684,2023-11-23,Abadiânia,0,0.25727066,20461,13.7142857142857,77.6870271428571,0,0,1,56.9373482857143,36.7441878571429,18.8068182857143,24.7142857142857,5,,,,,5224,2022-07-03,5200100,Abadiania,GO,2022,27
1656201600000,202226,17.0,17,17,17,0.008287235,83.08489,0,1,520010020222619684,2023-11-23,Abadiânia,0,0.5034471,20461,13.2857142857143,76.3753434285714,0,0,1,53.9045027142857,31.7550938571429,19.1502097142857,26.1428571428571,15,,,,,5224,2022-06-26,5200100,Abadiania,GO,2022,26
1655596800000,202225,29.0,29,29,29,0.1968262,141.73305,0,4,520010020222519684,2023-11-23,Abadiânia,0,0.80967253,20461,15.5714285714286,75.6771517142857,0,0,2,55.6040041428571,35.5478801428571,20.25,26.0,17,,,,,5224,2022-06-19,5200100,Abadiania,GO,2022,25
1654992000000,202224,37.0,37,37,37,0.4725049,180.83183,0,4,520010020222419684,2023-11-23,Abadiânia,0,0.98424184,20461,14.8571428571429,88.1028785714286,0,0,2,65.6412571428571,43.433152,19.4226188571429,24.7142857142857,22,,,,,5224,2022-06-12,5200100,Abadiania,GO,2022,24
1654387200000,202223,38.0,38,38,38,0.22587106,185.71918,0,4,520010020222319684,2023-11-23,Abadiânia,0,0.84803426,20461,14.8571428571429,88.8545628571429,0,0,2,71.088079,49.8489077142857,18.5827665714286,23.2857142857143,26,,,,,5224,2022-06-05,5200100,Abadiania,GO,2022,23
1653782400000,202222,31.0,31,31,31,0.0048903897,151.50775,0,4,520010020222219684,2023-11-23,Abadiânia,0,0.56742054,20461,14.8571428571429,74.4331647142857,0,0,2,53.886334,32.6474958571429,20.4659865714286,27.5714285714286,20,,,,,5224,2022-05-29,5200100,Abadiania,GO,2022,22
1653177600000,202221,44.0,44,44,44,0.057377107,215.04326,0,4,520010020222119684,2023-11-23,Abadiânia,0,0.7334999,20461,13.5714285714286,83.0943414285714,0,0,2,62.3615414285714,37.0561197142857,18.7268088571429,25.7142857142857,31,,,,,5224,2022-05-22,5200100,Abadiania,GO,2022,21
1652572800000,202220,57.0,57,57,57,0.29999775,278.57877,0,4,520010020222019684,2023-11-23,Abadiânia,0,0.9088481,20461,10.7142857142857,91.1728057142857,0,0,2,66.6731381428571,39.4300551428571,15.8511905714286,22.4285714285714,42,,,,,5224,2022-05-15,5200100,Abadiania,GO,2022,20
1651968000000,202219,68.0,68,68,68,0.30355626,332.33957,0,4,520010020221919684,2023-11-23,Abadiânia,0,0.9175442,20461,17.4285714285714,88.4247414285714,0,0,2,70.3056571428571,47.3955627142857,21.245879,26.2857142857143,52,,,,,5224,2022-05-08,5200100,Abadiania,GO,2022,19
1651363200000,202218,52.0,52,52,52,0.0015337379,254.14203,0,4,520010020221819684,2023-11-23,Abadiânia,0,0.60071915,20461,17.2857142857143,89.0219721428571,0,0,2,70.785258,49.7008497142857,21.3571428571429,26.4285714285714,35,,,,,5224,2022-05-01,5200100,Abadiania,GO,2022,18
1650758400000,202217,67.0,67,67,67,0.11488762,327.45224,0,4,520010020221719684,2023-11-23,Abadiânia,0,0.8212192,20461,17.7142857142857,89.1109165714286,0,0,2,66.1540115714286,41.3668888571429,22.0817102857143,27.4285714285714,54,,,,,5224,2022-04-24,5200100,Abadiania,GO,2022,17
1650153600000,202216,108.0,108,108,108,0.9985892,527.83344,0,4,520010020221619684,2023-11-23,Abadiânia,0,1.5748851,20461,16.5714285714286,84.6462114285714,0,1,2,63.8119252857143,38.432626,21.7719982857143,27.8571428571429,90,,,,,5224,2022-04-17,5200100,Abadiania,GO,2022,16
1649548800000,202215,88.0,88,88,88,0.9647545,430.08652,0,4,520010020221519684,2023-11-23,Abadiânia,0,1.3398638,20461,18.4285714285714,99.1132242857143,1,1,2,79.13817,52.0368501428571,22.1726191428571,27.8571428571429,78,,,,,5224,2022-04-10,5200100,Abadiania,GO,2022,15
1648944000000,202214,53.0,53,53,53,0.10876777,259.02936,0,4,520010020221419684,2023-11-23,Abadiânia,0,0.79802924,20461,19.0,85.1908908571429,0,0,2,65.6714547142857,44.9922242857143,23.059524,28.0,40,,,,,5224,2022-04-03,5200100,Abadiania,GO,2022,14
1648339200000,202213,66.0,66,66,66,0.7512245,322.56488,0,4,520010020221319684,2023-11-23,Abadiânia,0,1.1289791,20461,18.7142857142857,94.9028014285714,1,0,2,72.3662398571429,43.7384705714286,22.9611244285714,28.7142857142857,54,,,,,5224,2022-03-27,5200100,Abadiania,GO,2022,13
1647734400000,202212,75.0,75,75,75,0.99640965,366.551,0,4,520010020221219684,2023-11-23,Abadiânia,0,1.6406323,20461,18.2857142857143,92.616132,1,1,2,72.4871228571429,44.6822851428571,22.6998298571429,28.4285714285714,54,,,,,5224,2022-03-20,5200100,Abadiania,GO,2022,12
1647129600000,202211,64.0,64,64,64,0.9959137,312.7902,0,4,520010020221119684,2023-11-23,Abadiânia,0,1.7019283,20461,19.2857142857143,99.1392157142857,1,1,2,86.797788,63.8583875714286,21.3969388571429,25.4285714285714,46,,,,,5224,2022-03-13,5200100,Abadiania,GO,2022,11
1646524800000,202210,37.0,37,37,37,0.75195503,180.83183,0,4,520010020221019684,2023-11-23,Abadiânia,0,1.1780508,20461,17.8571428571429,94.82857,0,0,2,72.9401575714286,45.274505,22.5659108571429,28.2857142857143,25,,,,,5224,2022-03-06,5200100,Abadiania,GO,2022,10
1645920000000,202209,39.0,39,39,39,0.961674,190.60652,0,4,520010020220919684,2023-11-23,Abadiânia,0,1.5607237,20461,17.8571428571429,94.1173957142857,0,1,2,75.0684308571429,47.3565297142857,21.9976191428571,27.7142857142857,32,,,,,5224,2022-02-27,5200100,Abadiania,GO,2022,9
1645315200000,202208,35.0,35,35,35,0.9363066,171.05713,0,1,520010020220819684,2023-11-23,Abadiânia,0,1.4915547,20461,18.0,100.0,0,0,2,83.4781012857143,54.326238,21.7397962857143,27.4285714285714,29,,,,,5224,2022-02-20,5200100,Abadiania,GO,2022,8
1644710400000,202207,20.0,20,20,20,0.19198513,97.74693,0,1,520010020220719684,2023-11-23,Abadiânia,0,0.774226,20461,18.0,100.0,0,0,1,92.0771272857143,72.3049385714286,20.4900792857143,24.1428571428571,17,,,,,5224,2022-02-13,5200100,Abadiania,GO,2022,7
1644105600000,202206,19.0,19,19,19,0.105314165,92.85959,0,2,520010020220619684,2023-11-23,Abadiânia,0,0.6926939,20461,18.1428571428571,100.0,1,0,1,92.343408,71.848525,20.2976194285714,24.0,17,,,,,5224,2022-02-06,5200100,Abadiania,GO,2022,6
1643500800000,202205,32.0,32,32,32,0.4159139,156.3951,0,4,520010020220519684,2023-11-23,Abadiânia,0,0.9492614,20461,18.4285714285714,100.0,1,0,2,84.45121,61.1063842857143,21.7083331428571,26.1428571428571,19,,,,,5224,2022-01-30,5200100,Abadiania,GO,2022,5
1642896000000,202204,24.0,24,24,24,0.004200853,117.29632,0,4,520010020220419684,2023-11-23,Abadiânia,0,0.52536845,20461,18.5714285714286,95.1401142857143,1,0,2,80.2813375714286,58.1959955714286,21.8571431428571,26.2857142857143,17,,,,,5224,2022-01-23,5200100,Abadiania,GO,2022,4
1642291200000,202203,25.0,25,25,25,0.010924161,122.18367,0,4,520010020220319684,2023-11-23,Abadiânia,0,0.5710614,20461,18.8571428571429,88.390366,1,0,2,70.0391428571429,46.5568182857143,22.7657562857143,27.8571428571429,21,,,,,5224,2022-01-16,5200100,Abadiania,GO,2022,3
1641686400000,202202,50.0,50,50,50,0.9997474,244.36734,0,4,520010020220219684,2023-11-23,Abadiânia,1,2.3537943,20461,17.8571428571429,96.2088142857143,0,1,2,87.3855217142857,72.0729728571429,20.654762,24.0,30,,,,,5224,2022-01-09,5200100,Abadiania,GO,2022,2
1641081600000,202201,76.0,76,76,76,1.0,371.43835,0,1,520010020220119684,2023-11-23,Abadiânia,1,14.758052,20461,18.5714285714286,100.0,1,1,2,95.1899515714286,77.6922931428571,20.4213251428571,24.0,65,,,,,5224,2022-01-02,5200100,Abadiania,GO,2022,1
1640476800000,202152,0.0,0,0,0,0.0,0.0,0,1,520010020215219684,2023-11-23,Abadiânia,0,0.0,20461,17.8571428571429,100.0,0,0,0,87.54234,67.2852105714286,20.9751554285714,24.8571428571429,0,,,,,5224,2021-12-26,5200100,Abadiania,GO,2021,52
1639872000000,202151,0.0,0,0,0,0.0,0.0,0,1,520010020215119684,2023-11-23,Abadiânia,0,0.0,20461,18.8571428571429,100.0,0,0,0,89.7793251428571,68.158063,21.3664597142857,25.8571428571429,0,,,,,5224,2021-12-19,5200100,Abadiania,GO,2021,51
1639267200000,202150,2.0,2,2,2,0.08432762,9.7746935,0,2,520010020215019684,2023-11-23,Abadiânia,0,0.36571696,20461,19.0,100.0,1,0,0,90.3900851428571,66.0998704285714,21.36166,26.0,2,,,,,5224,2021-12-12,5200100,Abadiania,GO,2021,50
1638662400000,202149,10.0,10,10,10,0.9549446,48.873466,0,2,520010020214919684,2023-11-23,Abadiânia,0,2.5197806,20461,18.5714285714286,100.0,1,1,1,84.2468791428571,55.5034468571429,22.0289854285714,27.4285714285714,9,,,,,5224,2021-12-05,5200100,Abadiania,GO,2021,49
1638057600000,202148,5.0,5,5,5,0.79428625,24.436733,0,2,520010020214819684,2023-11-23,Abadiânia,1,1.7616932,20461,18.7142857142857,100.0,1,0,0,87.4214114285714,63.5140025714286,21.9006211428571,26.7142857142857,5,,,,,5224,2021-11-28,5200100,Abadiania,GO,2021,48
1637452800000,202147,3.0,3,3,3,0.767668,14.66204,0,2,520010020214719684,2023-11-23,Abadiânia,0,1.8894571,20461,18.5714285714286,97.4514357142857,1,0,0,77.9050398571429,52.55804,23.0550534285714,28.1428571428571,3,,,,,5224,2021-11-21,5200100,Abadiania,GO,2021,47
1636848000000,202146,4.0,4,4,4,0.9580692,19.549387,0,1,520010020214619684,2023-11-23,Abadiânia,0,5.1829653,20461,18.5714285714286,100.0,1,0,0,91.7776028571429,66.0238484285714,20.6670701428571,24.7142857142857,3,,,,,5224,2021-11-14,5200100,Abadiania,GO,2021,46
1636243200000,202145,1.0,1,1,1,0.5301845,4.8873467,0,1,520010020214519684,2023-11-23,Abadiânia,0,1.0923786,20461,18.4285714285714,100.0,1,0,0,91.4081785714286,66.2629178571429,20.8334271428571,25.7142857142857,0,,,,,5224,2021-11-07,5200100,Abadiania,GO,2021,45
1635638400000,202144,0.0,0,0,0,0.0,0.0,0,1,520010020214419684,2023-11-23,Abadiânia,0,0.0,20461,18.2857142857143,100.0,0,0,0,88.5543751428571,65.1522964285714,20.994918,25.7142857142857,0,,,,,5224,2021-10-31,5200100,Abadiania,GO,2021,44
1635033600000,202143,1.0,1,1,1,0.21950223,4.8873467,0,2,520010020214319684,2023-11-23,Abadiânia,0,0.45710263,20461,18.7142857142857,90.5145814285714,1,0,0,72.1550752857143,49.69162,23.0090345714286,28.7142857142857,1,,,,,5224,2021-10-24,5200100,Abadiania,GO,2021,43
1634428800000,202142,1.0,1,1,1,0.31582847,4.8873467,0,1,520010020214219684,2023-11-23,Abadiânia,2,0.60139996,20461,18.5714285714286,96.66053,1,0,0,79.1744615714286,52.8628592857143,22.4009031428571,27.4285714285714,1,,,,,5224,2021-10-17,5200100,Abadiania,GO,2021,42
1633824000000,202141,4.0,4,4,4,0.9508119,19.549387,0,1,520010020214119684,2023-11-23,Abadiânia,0,4.668115,20461,18.5714285714286,99.1328242857143,1,0,0,77.5924328571429,51.2684364285714,22.6796768571429,28.1428571428571,4,,,,,5224,2021-10-10,5200100,Abadiania,GO,2021,41
1633219200000,202140,1.0,1,1,1,0.8145292,4.8873467,0,1,520010020214019684,2023-11-23,Abadiânia,0,3.3788157,20461,19.4285714285714,82.4702968571429,0,0,0,59.5718394285714,34.1394867142857,24.6726191428571,31.5714285714286,2,,,,,5224,2021-10-03,5200100,Abadiania,GO,2021,40
1632614400000,202139,1.0,1,1,1,0.96326596,4.8873467,0,1,520010020213919684,2023-11-23,Abadiânia,0,18.520597,20461,18.1428571428571,86.2582928571429,1,0,0,62.8704997142857,38.255276,23.029762,29.5714285714286,1,,,,,5224,2021-09-26,5200100,Abadiania,GO,2021,39
1632009600000,202138,0.0,0,0,0,0.0,0.0,0,1,520010020213819684,2023-11-23,Abadiânia,0,0.0,20461,19.1428571428571,60.4110885714286,0,0,0,39.6199042857143,23.1137945714286,26.1488097142857,32.8571428571429,0,,,,,5224,2021-09-19,5200100,Abadiania,GO,2021,38
1631404800000,202137,0.0,0,0,0,0.0,0.0,0,1,520010020213719684,2023-11-23,Abadiânia,0,0.0,20461,18.8571428571429,50.066183,0,0,0,32.256969,18.0487144285714,25.7597402857143,32.4285714285714,0,,,,,5224,2021-09-12,5200100,Abadiania,GO,2021,37
1630800000000,202136,0.0,0,0,0,0.0,0.0,0,1,520010020213619684,2023-11-23,Abadiânia,0,0.0,20461,19.4285714285714,59.2095652857143,0,0,0,37.1401778571429,20.2205655714286,25.973602,32.1428571428571,0,,,,,5224,2021-09-05,5200100,Abadiania,GO,2021,36
1630195200000,202135,0.0,0,0,0,0.0,0.0,0,1,520010020213519684,2023-11-23,Abadiânia,0,0.0,20461,16.4285714285714,69.841463,0,0,0,47.5356134285714,28.3318171428571,22.2487531428571,28.2857142857143,0,,,,,5224,2021-08-29,5200100,Abadiania,GO,2021,35
1629590400000,202134,0.0,0,0,0,0.0,0.0,0,1,520010020213419684,2023-11-23,Abadiânia,0,0.0,20461,18.0,53.9815044285714,0,0,0,39.3554965714286,24.4643262857143,23.5761657142857,30.0,0,,,,,5224,2021-08-22,5200100,Abadiania,GO,2021,34
1628985600000,202133,0.0,0,0,0,0.0,0.0,0,1,520010020213319684,2023-11-23,Abadiânia,0,0.0,20461,15.8571428571429,57.0250405714286,0,0,0,40.3821357142857,24.2236498571429,21.8881991428571,28.1428571428571,0,,,,,5224,2021-08-15,5200100,Abadiania,GO,2021,33
1628380800000,202132,2.0,2,2,2,0.9779812,9.7746935,0,1,520010020213219684,2023-11-23,Abadiânia,0,18.520594,20461,15.4285714285714,64.4222334285714,0,0,0,44.4584991428571,25.6820474285714,21.2795031428571,27.8571428571429,2,,,,,5224,2021-08-08,5200100,Abadiania,GO,2021,32
1627776000000,202131,0.0,0,0,0,0.0,0.0,0,1,520010020213119684,2023-11-23,Abadiânia,0,0.0,20461,14.4285714285714,71.8641871428571,0,0,0,53.1759097142857,33.6873931428571,19.5175042857143,25.4285714285714,0,,,,,5224,2021-08-01,5200100,Abadiania,GO,2021,31
1627171200000,202130,0.0,0,0,0,0.0,0.0,0,1,520010020213019684,2023-11-23,Abadiânia,0,0.0,20461,12.0,64.347814,0,0,0,47.0490831428571,29.6533194285714,18.3167705714286,26.0,0,,,,,5224,2021-07-25,5200100,Abadiania,GO,2021,30
1626566400000,202129,0.0,0,0,0,0.0,0.0,0,1,520010020212919684,2023-11-23,Abadiânia,0,0.0,20461,13.7142857142857,64.8022745714286,0,0,0,47.4690174285714,28.6430705714286,19.7329194285714,26.4285714285714,0,,,,,5224,2021-07-18,5200100,Abadiania,GO,2021,29
1625961600000,202128,0.0,0,0,0,0.0,0.0,0,1,520010020212819684,2023-11-23,Abadiânia,0,0.0,20461,13.4285714285714,71.7224041428571,0,0,0,49.2828701428571,30.3814798571429,19.625,26.1428571428571,0,,,,,5224,2021-07-11,5200100,Abadiania,GO,2021,28
1625356800000,202127,0.0,0,0,0,0.0,0.0,0,1,520010020212719684,2023-11-23,Abadiânia,0,0.0,20461,13.5714285714286,66.7042857142857,0,0,0,48.3110745714286,28.8727437142857,18.6645962857143,25.1428571428571,0,,,,,5224,2021-07-04,5200100,Abadiania,GO,2021,27
1624752000000,202126,0.0,0,0,0,0.0,0.0,0,1,520010020212619684,2023-11-23,Abadiânia,0,0.0,20461,10.7142857142857,79.3950562857143,0,0,0,57.431358,36.748393,16.7978544285714,23.2857142857143,0,,,,,5224,2021-06-27,5200100,Abadiania,GO,2021,26
1624147200000,202125,4.0,4,4,4,0.5932729,19.549387,0,1,520010020212519684,2023-11-23,Abadiânia,0,1.1784681,20461,15.4285714285714,75.9394685714286,0,0,0,55.206722,34.6668837142857,20.664596,26.5714285714286,4,,,,,5224,2021-06-20,5200100,Abadiania,GO,2021,25
1623542400000,202124,3.0,3,3,3,0.4829423,14.66204,0,1,520010020212419684,2023-11-23,Abadiânia,0,0.9681859,20461,15.1428571428571,82.0269098571429,0,0,0,65.1930441428571,45.4735087142857,19.3878691428571,24.8571428571429,2,,,,,5224,2021-06-13,5200100,Abadiania,GO,2021,24
1622937600000,202123,4.0,4,4,4,0.6282065,19.549387,0,1,520010020212319684,2023-11-23,Abadiânia,0,1.2598994,20461,16.0,88.3310557142857,0,0,0,68.2020574285714,46.7567031428571,20.1428568571429,25.5714285714286,3,,,,,5224,2021-06-06,5200100,Abadiania,GO,2021,23
1622332800000,202122,3.0,3,3,3,0.3819707,14.66204,0,1,520010020212219684,2023-11-23,Abadiânia,0,0.8040747,20461,16.4285714285714,80.41229,0,0,0,60.4183187142857,35.7808775714286,21.1432454285714,27.4285714285714,3,,,,,5224,2021-05-30,5200100,Abadiania,GO,2021,22
1621728000000,202121,2.0,2,2,2,0.23092072,9.7746935,0,1,520010020212119684,2023-11-23,Abadiânia,0,0.5555644,20461,16.4285714285714,94.9369537142857,0,0,0,72.066046,44.8841861428571,21.5773811428571,27.8571428571429,2,,,,,5224,2021-05-23,5200100,Abadiania,GO,2021,21
1621123200000,202120,5.0,5,5,5,0.7381811,24.436733,0,1,520010020212019684,2023-11-23,Abadiânia,0,1.5311985,20461,14.5714285714286,85.108395,0,0,0,62.1241255714286,37.9491958571429,20.2023808571429,26.4285714285714,5,,,,,5224,2021-05-16,5200100,Abadiania,GO,2021,20
1620518400000,202119,4.0,4,4,4,0.45709112,19.549387,0,1,520010020211919684,2023-11-23,Abadiânia,0,0.93131524,20461,14.5714285714286,87.2900428571429,0,0,0,63.2998822857143,38.2974987142857,20.0297617142857,26.0,4,,,,,5224,2021-05-09,5200100,Abadiania,GO,2021,19
1619913600000,202118,2.0,2,2,2,0.08516915,9.7746935,0,1,520010020211819684,2023-11-23,Abadiânia,0,0.36690855,20461,15.1428571428571,87.3697928571429,0,0,0,67.8905584285714,43.4578621428571,20.0119045714286,26.0,2,,,,,5224,2021-05-02,5200100,Abadiania,GO,2021,18
1619308800000,202117,3.0,3,3,3,0.3120333,14.66204,0,1,520010020211719684,2023-11-23,Abadiânia,0,0.7074739,20461,17.5714285714286,92.4600171428571,0,0,0,74.6662042857143,53.9005391428571,21.3059002857143,26.0,2,,,,,5224,2021-04-25,5200100,Abadiania,GO,2021,17
1618704000000,202116,9.0,9,9,9,0.9859919,43.98612,0,1,520010020211619684,2023-11-23,Abadiânia,0,4.0774493,20461,15.5714285714286,89.9969477142857,0,1,1,72.207623,50.1964552857143,19.6428574285714,24.5714285714286,9,,,,,5224,2021-04-18,5200100,Abadiania,GO,2021,16
1618099200000,202115,4.0,4,4,4,0.893607,19.549387,0,1,520010020211519684,2023-11-23,Abadiânia,0,2.8586924,20461,17.7142857142857,83.5930722857143,0,0,0,67.3079051428572,46.9678761428571,21.6626981428571,27.0,3,,,,,5224,2021-04-11,5200100,Abadiania,GO,2021,15
1617494400000,202114,1.0,1,1,1,0.3816156,4.8873467,0,1,520010020211419684,2023-11-23,Abadiânia,0,0.7195239,20461,17.7142857142857,99.1132242857143,0,0,0,84.6490364285714,59.0212375714286,20.695238,25.7142857142857,1,,,,,5224,2021-04-04,5200100,Abadiania,GO,2021,14
1616889600000,202113,1.0,1,1,1,0.44170484,4.8873467,0,1,520010020211319684,2023-11-23,Abadiânia,0,0.84828764,20461,18.1428571428571,89.9193242857143,1,0,0,66.8674551428571,38.6015394285714,22.9767687142857,29.2857142857143,1,,,,,5224,2021-03-28,5200100,Abadiania,GO,2021,13
1616284800000,202112,2.0,2,2,2,0.81787676,9.7746935,0,1,520010020211219684,2023-11-23,Abadiânia,0,2.6705909,20461,17.4285714285714,87.499242,0,0,0,65.1478984285714,40.7101517142857,22.1844617142857,27.5714285714286,2,,,,,5224,2021-03-21,5200100,Abadiania,GO,2021,12
1615680000000,202111,1.0,1,1,1,0.8143781,4.8873467,0,1,520010020211119684,2023-11-23,Abadiânia,0,3.3757627,20461,18.0,100.0,0,0,0,91.5368692857143,70.6507971428571,20.2225327142857,23.7142857142857,1,,,,,5224,2021-03-14,5200100,Abadiania,GO,2021,11
1615075200000,202110,1.0,1,1,1,0.9573679,4.8873467,0,1,520010020211019684,2023-11-23,Abadiânia,0,15.9097185,20461,18.1428571428571,100.0,1,0,0,88.8507655714286,68.9833118571429,20.611111,24.4285714285714,1,,,,,5224,2021-03-07,5200100,Abadiania,GO,2021,10
1614470400000,202109,0.0,0,0,0,0.0,0.0,0,1,520010020210919684,2023-11-23,Abadiânia,0,0.0,20461,18.1428571428571,100.0,0,0,0,88.3924898571429,68.7929521428571,20.4684852857143,24.0,0,,,,,5224,2021-02-28,5200100,Abadiania,GO,2021,9
1613865600000,202108,0.0,0,0,0,0.0,0.0,0,1,520010020210819684,2023-11-23,Abadiânia,0,0.0,20461,18.2857142857143,100.0,0,0,0,91.5259877142857,75.0281664285714,20.5573782857143,24.0,0,,,,,5224,2021-02-21,5200100,Abadiania,GO,2021,8
1613260800000,202107,0.0,0,0,0,0.0,0.0,0,1,520010020210719684,2023-11-23,Abadiânia,0,0.0,20461,19.2857142857143,100.0,0,0,0,91.1870857142857,68.4152498571429,21.5516491428571,25.7142857142857,0,,,,,5224,2021-02-14,5200100,Abadiania,GO,2021,7
1612656000000,202106,0.0,0,0,0,0.0,0.0,0,1,520010020210619684,2023-11-23,Abadiânia,0,0.0,20461,17.8571428571429,99.1392157142857,0,0,0,90.030198,71.9747047142857,20.327122,24.1428571428571,0,,,,,5224,2021-02-07,5200100,Abadiania,GO,2021,6
1612051200000,202105,2.0,2,2,2,0.9779825,9.7746935,0,1,520010020210519684,2023-11-23,Abadiânia,0,18.521618,20461,18.7142857142857,98.2655791428571,1,0,0,83.715322,64.549078,21.7319265714286,26.1428571428571,2,,,,,5224,2021-01-31,5200100,Abadiania,GO,2021,5
1611446400000,202104,0.0,0,0,0,0.0,0.0,0,1,520010020210419684,2023-11-23,Abadiânia,0,0.0,20461,19.1428571428571,85.1787962857143,0,0,0,68.5919875714286,47.2146121428571,22.710434,27.7142857142857,0,,,,,5224,2021-01-24,5200100,Abadiania,GO,2021,4
1610841600000,202103,0.0,0,0,0,0.0,0.0,0,1,520010020210319684,2023-11-23,Abadiânia,0,0.0,20461,18.7142857142857,91.9570108571429,0,0,0,73.5769462857143,50.6180961428571,22.5838745714286,27.2857142857143,0,,,,,5224,2021-01-17,5200100,Abadiania,GO,2021,3
1610236800000,202102,0.0,0,0,0,0.0,0.0,0,1,520010020210219684,2023-11-23,Abadiânia,0,0.0,20461,18.5714285714286,100.0,0,0,0,87.2555728571429,63.3890507142857,21.490476,25.5714285714286,0,,,,,5224,2021-01-10,5200100,Abadiania,GO,2021,2
1609632000000,202101,0.0,0,0,0,0.0,0.0,0,1,520010020210119684,2023-11-23,Abadiânia,0,0.0,20461,18.5714285714286,97.4112557142857,0,0,0,78.8080807142857,53.9255891428571,22.2190145714286,28.0,0,,,,,5224,2021-01-03,5200100,Abadiania,GO,2021,1
1609027200000,202053,0.0,0,0,0,0.0,0.0,0,1,520010020205319589,2023-08-20,Abadiânia,0,0.0,20461,18.5,96.964885,0,0,0,79.439105,52.085726,21.610119,28.0,0,,,,,5224,2020-12-27,5200100,Abadiania,GO,2020,53
1608422400000,202052,0.0,0,0,0,0.0,0.0,0,1,520010020205219589,2023-08-20,Abadiânia,0,0.0,20461,18.3333333333333,96.3644804666667,0,0,0,,,,,0,,,,,5224,2020-12-20,5200100,Abadiania,GO,2020,52
1607817600000,202051,0.0,0,0,0,0.0,0.0,0,1,520010020205119589,2023-08-20,Abadiânia,0,0.0,20461,18.1666666666667,95.7640759333333,0,0,0,,,,,0,,,,,5224,2020-12-13,5200100,Abadiania,GO,2020,51
1607212800000,202050,0.0,0,0,0,0.0,0.0,0,1,520010020205019589,2023-08-20,Abadiânia,0,0.0,20461,18.0,95.1636714,0,0,0,,,,,0,,,,,5224,2020-12-06,5200100,Abadiania,GO,2020,50
1606608000000,202049,0.0,0,0,0,0.0,0.0,0,1,520010020204919589,2023-08-20,Abadiânia,0,0.0,20461,17.8333333333333,94.5632668666667,0,0,0,,,,,0,,,,,5224,2020-11-29,5200100,Abadiania,GO,2020,49
1606003200000,202048,0.0,0,0,0,0.0,0.0,0,1,520010020204819589,2023-08-20,Abadiânia,0,0.0,20461,17.6666666666667,93.9628623333333,0,0,0,71.3829426666667,47.2069761666667,22.1795126666667,27.3333333333333,0,,,,,5224,2020-11-22,5200100,Abadiania,GO,2020,48
1605398400000,202047,0.0,0,0,0,0.0,0.0,0,1,520010020204719589,2023-08-20,Abadiânia,0,0.0,20461,17.8571428571429,100.0,0,0,0,84.3286014285714,57.4786218571429,21.6832297142857,26.8571428571429,0,,,,,5224,2020-11-15,5200100,Abadiania,GO,2020,47
1604793600000,202046,0.0,0,0,0,0.0,0.0,0,1,520010020204619589,2023-08-20,Abadiânia,0,0.0,20461,18.5714285714286,98.2655791428571,0,0,0,76.6171585714286,51.4199361428571,22.4572745714286,28.1428571428571,0,,,,,5224,2020-11-08,5200100,Abadiania,GO,2020,46
1604188800000,202045,0.0,0,0,0,0.0,0.0,0,1,520010020204519589,2023-08-20,Abadiânia,0,0.0,20461,17.8571428571429,95.8560565714286,0,0,0,69.2707598571428,43.7730591428571,22.5751258571429,28.1428571428571,0,,,,,5224,2020-11-01,5200100,Abadiania,GO,2020,45
1603584000000,202044,0.0,0,0,0,0.0,0.0,0,1,520010020204419589,2023-08-20,Abadiânia,0,0.0,20461,18.7142857142857,99.1517885714286,0,0,0,84.88011,61.7808934285714,21.5595705714286,26.0,0,,,,,5224,2020-10-25,5200100,Abadiania,GO,2020,44
1602979200000,202043,0.0,0,0,0,0.0,0.0,0,1,520010020204319589,2023-08-20,Abadiânia,0,0.0,20461,18.2857142857143,97.4571157142857,0,0,0,84.4480114285714,60.0847247142857,21.1605094285714,26.1428571428571,0,,,,,5224,2020-10-18,5200100,Abadiania,GO,2020,43
1602374400000,202042,0.0,0,0,0,0.0,0.0,0,1,520010020204219589,2023-08-20,Abadiânia,0,0.0,20461,18.7142857142857,87.9671614285714,0,0,0,68.6718948571429,40.0797061428571,23.0300957142857,29.1428571428571,0,,,,,5224,2020-10-11,5200100,Abadiania,GO,2020,42
1601769600000,202041,0.0,0,0,0,0.0,0.0,0,1,520010020204119589,2023-08-20,Abadiânia,0,0.0,20461,21.7142857142857,42.4677045714286,0,0,0,26.3246344285714,15.3047632142857,28.5499482857143,35.4285714285714,0,,,,,5224,2020-10-04,5200100,Abadiania,GO,2020,41
1601164800000,202040,0.0,0,0,0,0.0,0.0,0,1,520010020204019589,2023-08-20,Abadiânia,0,0.0,20461,20.5714285714286,39.7531938571429,0,0,0,23.3148815714286,10.3990432428571,26.7985801428571,33.5714285714286,0,,,,,5224,2020-09-27,5200100,Abadiania,GO,2020,40
1600560000000,202039,0.0,0,0,0,0.0,0.0,0,1,520010020203919589,2023-08-20,Abadiânia,0,0.0,20461,18.4285714285714,73.0207628571429,0,0,0,55.8726141428571,33.7738001428571,22.7080748571429,28.1428571428571,0,,,,,5224,2020-09-20,5200100,Abadiania,GO,2020,39
1599955200000,202038,0.0,0,0,0,0.0,0.0,0,1,520010020203819589,2023-08-20,Abadiânia,0,0.0,20461,18.7142857142857,44.4818685714286,0,0,0,28.2322578571429,14.2669013571429,24.3165111428571,30.4285714285714,0,,,,,5224,2020-09-13,5200100,Abadiania,GO,2020,38
1599350400000,202037,0.0,0,0,0,0.0,0.0,0,1,520010020203719589,2023-08-20,Abadiânia,0,0.0,20461,18.0,43.8544607142857,0,0,0,27.1492575714286,12.3804904142857,24.1801242857143,30.4285714285714,0,,,,,5224,2020-09-06,5200100,Abadiania,GO,2020,37
1598745600000,202036,0.0,0,0,0,0.0,0.0,0,1,520010020203619589,2023-08-20,Abadiânia,0,0.0,20461,17.2857142857143,49.4844941428571,0,0,0,32.3523337142857,16.6490767142857,22.958256,29.1428571428571,0,,,,,5224,2020-08-30,5200100,Abadiania,GO,2020,36
1598140800000,202035,0.0,0,0,0,0.0,0.0,0,1,520010020203519589,2023-08-20,Abadiânia,0,0.0,20461,14.2857142857143,61.9914067142857,0,0,0,40.3848294285714,15.8822085,20.9472048571429,28.5714285714286,0,,,,,5224,2020-08-23,5200100,Abadiania,GO,2020,35
1597536000000,202034,1.0,1,1,1,0.9571903,4.8873467,0,1,520010020203419589,2023-08-20,Abadiânia,0,15.842253,20461,16.5714285714286,63.6371262857143,0,0,0,44.0827894285714,24.9393312857143,22.5900617142857,29.2857142857143,1,,,,,5224,2020-08-16,5200100,Abadiania,GO,2020,34
1596931200000,202033,0.0,0,0,0,0.0,0.0,0,1,520010020203319589,2023-08-20,Abadiânia,0,0.0,20461,15.5714285714286,62.082757,0,0,0,41.4656791428571,22.459672,21.4059854285714,27.8571428571429,0,,,,,5224,2020-08-09,5200100,Abadiania,GO,2020,33
1596326400000,202032,0.0,0,0,0,0.0,0.0,0,1,520010020203219589,2023-08-20,Abadiânia,0,0.0,20461,12.5714285714286,70.5321272857143,0,0,0,50.045106,30.1016608571429,17.8136645714286,23.7142857142857,0,,,,,5224,2020-08-02,5200100,Abadiania,GO,2020,32
1595721600000,202031,0.0,0,0,0,0.0,0.0,0,1,520010020203119589,2023-08-20,Abadiânia,0,0.0,20461,14.0,72.7851494285714,0,0,0,47.3402555714286,26.1102574285714,20.0479151428571,25.7142857142857,0,,,,,5224,2020-07-26,5200100,Abadiania,GO,2020,31
1595116800000,202030,0.0,0,0,0,0.0,0.0,0,1,520010020203019589,2023-08-20,Abadiânia,0,0.0,20461,13.2857142857143,72.2469024285714,0,0,0,48.2171361428571,25.4707485714286,19.0897794285714,25.5714285714286,0,,,,,5224,2020-07-19,5200100,Abadiania,GO,2020,30
1594512000000,202029,2.0,2,2,2,0.6383693,9.7746935,0,1,520010020202919589,2023-08-20,Abadiânia,0,1.4058262,20461,15.0,61.6157967142857,0,0,0,42.5902417142857,23.9337968571429,20.3821357142857,26.4285714285714,2,,,,,5224,2020-07-12,5200100,Abadiania,GO,2020,29
1593907200000,202028,2.0,2,2,2,0.37026098,9.7746935,0,1,520010020202819589,2023-08-20,Abadiânia,0,0.7544626,20461,14.5714285714286,70.9059674285714,0,0,0,50.040951,27.516604,19.5015468571429,25.7142857142857,2,,,,,5224,2020-07-05,5200100,Abadiania,GO,2020,28
1593302400000,202027,0.0,0,0,0,0.0,0.0,0,1,520010020202719589,2023-08-20,Abadiânia,0,0.0,20461,14.0,80.3197024285714,0,0,0,58.5633492857143,32.0293361428571,19.1367364285714,25.5714285714286,0,,,,,5224,2020-06-28,5200100,Abadiania,GO,2020,27
1592697600000,202026,2.0,2,2,2,0.09522067,9.7746935,0,1,520010020202619589,2023-08-20,Abadiânia,0,0.38090146,20461,14.0,78.7862194285714,0,0,0,55.8680118571429,30.6827608571429,19.00647,25.2857142857143,1,,,,,5224,2020-06-21,5200100,Abadiania,GO,2020,26
1592092800000,202025,6.0,6,6,6,0.48181853,29.32408,0,1,520010020202519589,2023-08-20,Abadiânia,0,0.9750484,20461,14.7142857142857,85.7328557142857,0,0,1,63.3445497142857,37.3063458571429,19.0726754285714,25.1428571428571,3,,,,,5224,2020-06-14,5200100,Abadiania,GO,2020,25
1591488000000,202024,5.0,5,5,5,0.18620786,24.436733,0,1,520010020202419589,2023-08-20,Abadiânia,0,0.6164553,20461,16.0,78.8719264285714,0,0,0,56.9137971428571,29.1359044285714,20.4787415714286,26.5714285714286,4,,,,,5224,2020-06-07,5200100,Abadiania,GO,2020,24
1590883200000,202023,5.0,5,5,5,0.097099766,24.436733,0,1,520010020202319589,2023-08-20,Abadiânia,0,0.50987536,20461,14.4285714285714,84.6381445714286,0,0,0,62.2230967142857,36.1876111428571,19.8392857142857,26.2857142857143,4,,,,,5224,2020-05-31,5200100,Abadiania,GO,2020,23
1590278400000,202022,8.0,8,8,8,0.30382842,39.098774,0,1,520010020202219589,2023-08-20,Abadiânia,0,0.7894459,20461,12.4285714285714,84.9094797142857,0,0,1,63.1566145714286,34.0257020428571,17.8333334285714,24.5714285714286,6,,,,,5224,2020-05-24,5200100,Abadiania,GO,2020,22
1589673600000,202021,12.0,12,12,12,0.6536773,58.64816,0,1,520010020202119589,2023-08-20,Abadiânia,0,1.1794071,20461,16.0,92.1604385714286,0,0,2,74.2984204285714,48.6315634285714,20.0119045714286,25.4285714285714,8,,,,,5224,2020-05-17,5200100,Abadiania,GO,2020,21
1589068800000,202020,9.0,9,9,9,0.33192572,43.98612,0,1,520010020202019589,2023-08-20,Abadiânia,0,0.82594335,20461,15.1428571428571,91.289312,0,0,1,72.0503544285714,45.4673627142857,19.4838437142857,25.4285714285714,6,,,,,5224,2020-05-10,5200100,Abadiania,GO,2020,20
1588464000000,202019,11.0,11,11,11,0.35061336,53.760815,0,1,520010020201919589,2023-08-20,Abadiânia,0,0.8567173,20461,14.7142857142857,89.657868,0,0,2,68.5541598571429,42.0397892857143,19.5681814285714,25.1428571428571,9,,,,,5224,2020-05-03,5200100,Abadiania,GO,2020,19
1587859200000,202018,9.0,9,9,9,0.1662777,43.98612,0,1,520010020201819589,2023-08-20,Abadiânia,0,0.66693556,20461,15.8571428571429,85.73635,0,0,1,65.1274,41.0013911428571,20.2619045714286,26.0,8,,,,,5224,2020-04-26,5200100,Abadiania,GO,2020,18
1587254400000,202017,13.0,13,13,13,0.6560706,63.535507,0,4,520010020201719589,2023-08-20,Abadiânia,0,1.174957,20461,18.1428571428571,96.54408,1,0,2,84.3179564285714,60.7516402857143,20.589286,24.8571428571429,10,,,,,5224,2020-04-19,5200100,Abadiania,GO,2020,17
1586649600000,202016,18.0,18,18,18,0.9784106,87.97224,0,2,520010020201619589,2023-08-20,Abadiânia,0,2.2511566,20461,18.1428571428571,94.8683714285714,1,1,2,82.0565528571429,61.2367081428571,20.654762,25.1428571428571,16,,,,,5224,2020-04-12,5200100,Abadiania,GO,2020,16
1586044800000,202015,9.0,9,9,9,0.8136981,43.98612,0,2,520010020201519589,2023-08-20,Abadiânia,0,1.580506,20461,19.0,90.1823151428571,1,0,1,73.137306,49.2335568571429,22.8392857142857,28.1428571428571,6,,,,,5224,2020-04-05,5200100,Abadiania,GO,2020,15
1585440000000,202014,9.0,9,9,9,0.89721125,43.98612,0,2,520010020201419589,2023-08-20,Abadiânia,0,1.985096,20461,18.8571428571429,87.5805294285714,1,0,1,68.36793,43.5164705714286,23.2380954285714,28.7142857142857,7,,,,,5224,2020-03-29,5200100,Abadiania,GO,2020,14
1584835200000,202013,4.0,4,4,4,0.5559728,19.549387,0,2,520010020201319589,2023-08-20,Abadiânia,0,1.1013067,20461,18.8571428571429,93.9871528571429,1,0,0,86.6056287142857,65.6721438571429,20.9404765714286,25.1428571428571,3,,,,,5224,2020-03-22,5200100,Abadiania,GO,2020,13
1584230400000,202012,5.0,5,5,5,0.8037694,24.436733,0,2,520010020201219589,2023-08-20,Abadiânia,0,1.8096092,20461,18.2857142857143,93.9944534285714,1,0,0,76.0608335714286,50.9614847142857,22.2619045714286,27.4285714285714,5,,,,,5224,2020-03-15,5200100,Abadiania,GO,2020,12
1583625600000,202011,4.0,4,4,4,0.6856727,19.549387,0,2,520010020201119589,2023-08-20,Abadiânia,0,1.4200782,20461,18.8571428571429,91.5104934285714,1,0,0,82.5928965714286,68.5168277142857,20.9015151428571,23.7142857142857,3,,,,,5224,2020-03-08,5200100,Abadiania,GO,2020,11
1583020800000,202010,2.0,2,2,2,0.1893518,9.7746935,0,2,520010020201019589,2023-08-20,Abadiânia,0,0.50234544,20461,18.2857142857143,94.8415457142857,1,0,0,91.2040328571429,82.7080437142857,19.6375542857143,21.1428571428571,2,,,,,5224,2020-03-01,5200100,Abadiania,GO,2020,10
1582416000000,202009,2.0,2,2,2,0.10114779,9.7746935,0,2,520010020200919589,2023-08-20,Abadiânia,0,0.3889735,20461,19.1428571428571,94.8478671428571,1,0,0,87.5847215714286,70.82668,20.8208877142857,24.4285714285714,1,,,,,5224,2020-02-23,5200100,Abadiania,GO,2020,9
1581811200000,202008,4.0,4,4,4,0.3530848,19.549387,0,2,520010020200819589,2023-08-20,Abadiânia,0,0.78688794,20461,19.4285714285714,93.97444,1,0,0,90.5808528571429,85.3153514285714,20.207792,20.7142857142857,3,,,,,5224,2020-02-16,5200100,Abadiania,GO,2020,8
1581206400000,202007,6.0,6,6,6,0.7907888,29.32408,0,2,520010020200719589,2023-08-20,Abadiânia,0,1.6604354,20461,18.4285714285714,93.9489442857143,1,0,1,90.2085808571429,84.6027371428571,19.2428571428571,20.4285714285714,6,,,,,5224,2020-02-09,5200100,Abadiania,GO,2020,7
1580601600000,202006,6.0,6,6,6,0.9558372,29.32408,0,2,520010020200619589,2023-08-20,Abadiânia,0,3.548677,20461,18.5714285714286,93.15868,1,1,1,85.7143307142857,70.5512992857143,20.5809522857143,23.5714285714286,2,,,,,5224,2020-02-02,5200100,Abadiania,GO,2020,6
1579996800000,202005,4.0,4,4,4,0.9803694,19.549387,0,1,520010020200519589,2023-08-20,Abadiânia,0,8.734872,20461,19.0,93.1777842857143,1,0,0,81.9766764285714,57.4549745714286,21.850414,26.7142857142857,3,,,,,5224,2020-01-26,5200100,Abadiania,GO,2020,5
1579392000000,202004,1.0,1,1,1,0.9632679,4.8873467,0,1,520010020200419589,2023-08-20,Abadiânia,0,18.521618,20461,19.1428571428571,94.8541885714286,1,0,0,86.7118371428571,71.7065257142857,21.3154762857143,25.0,1,,,,,5224,2020-01-19,5200100,Abadiania,GO,2020,4
1578787200000,202003,0.0,0,0,0,0.0,0.0,0,1,520010020200319589,2023-08-20,Abadiânia,0,0.0,20461,19.7142857142857,90.7440671428571,0,0,0,68.0466274285714,39.5396864285714,24.0892857142857,29.5714285714286,0,,,,,5224,2020-01-12,5200100,Abadiania,GO,2020,3
1578182400000,202002,0.0,0,0,0,0.0,0.0,0,1,520010020200219589,2023-08-20,Abadiânia,0,0.0,20461,18.8571428571429,94.0059771428571,0,0,0,83.9794092857143,65.2826551428571,21.5571431428571,25.2857142857143,0,,,,,5224,2020-01-05,5200100,Abadiania,GO,2020,2
1577577600000,202001,0.0,0,0,0,0.0,0.0,0,1,520010020200119589,2023-08-20,Abadiânia,0,0.0,20461,19.5,89.58331,0,0,0,80.3883383333333,64.8385485,21.2652776666667,24.6666666666667,0,,,,,5224,2019-12-29,5200100,Abadiania,GO,2020,1
1576972800000,201952,0.0,0,0,0,0.0,0.0,0,1,520010020195219589,2023-08-20,Abadiânia,0,0.0,20461,18.7142857142857,89.8703205714286,0,0,0,84.51937,76.9319505714286,19.9142857142857,21.5714285714286,0,,,,,5224,2019-12-22,5200100,Abadiania,GO,2019,52
1576368000000,201951,0.0,0,0,0,0.0,0.0,0,1,520010020195119589,2023-08-20,Abadiânia,0,0.0,20461,19.0,87.6094562857143,0,0,0,79.7070005714286,69.242531,20.5285714285714,22.7142857142857,0,,,,,5224,2019-12-15,5200100,Abadiania,GO,2019,51
1575763200000,201950,0.0,0,0,0,0.0,0.0,0,1,520010020195019589,2023-08-20,Abadiânia,0,0.0,20461,18.5714285714286,93.9423414285714,0,0,0,90.3324714285714,85.2232945714286,19.5285714285714,20.4285714285714,0,,,,,5224,2019-12-08,5200100,Abadiania,GO,2019,50
1575158400000,201949,0.0,0,0,0,0.0,0.0,0,1,520010020194919589,2023-08-20,Abadiânia,0,0.0,20461,18.5714285714286,93.9616571428571,0,0,0,91.3867837142857,85.2909871428571,19.5571428571429,21.0,0,,,,,5224,2019-12-01,5200100,Abadiania,GO,2019,49
1574553600000,201948,0.0,0,0,0,0.0,0.0,0,1,520010020194819589,2023-08-20,Abadiânia,0,0.0,20461,18.7142857142857,93.9617271428571,0,0,0,90.5196614285714,85.2536128571429,19.7,20.8571428571429,0,,,,,5224,2019-11-24,5200100,Abadiania,GO,2019,48
1573948800000,201947,0.0,0,0,0,0.0,0.0,0,1,520010020194719589,2023-08-20,Abadiânia,0,0.0,20461,18.4285714285714,93.9232397142857,0,0,0,87.0826564285714,81.5534308571429,19.3714285714286,20.4285714285714,0,,,,,5224,2019-11-17,5200100,Abadiania,GO,2019,47
1573344000000,201946,0.0,0,0,0,0.0,0.0,0,1,520010020194619589,2023-08-20,Abadiânia,0,0.0,20461,19.2857142857143,81.184168,0,0,0,71.3183595714286,60.1151331428571,21.0142857142857,22.8571428571429,0,,,,,5224,2019-11-10,5200100,Abadiania,GO,2019,46
1572739200000,201945,0.0,0,0,0,0.0,0.0,0,1,520010020194519589,2023-08-20,Abadiânia,0,0.0,20461,19.1428571428571,84.5535757142857,0,0,0,77.7030377142857,69.5984185714286,20.4857142857143,22.4285714285714,0,,,,,5224,2019-11-03,5200100,Abadiania,GO,2019,45
1572134400000,201944,0.0,0,0,0,0.0,0.0,0,1,520010020194419589,2023-08-20,Abadiânia,0,0.0,20461,19.0,78.6788481428571,0,0,0,72.1924235714286,61.6756455714286,20.2727274285714,22.2857142857143,0,,,,,5224,2019-10-27,5200100,Abadiania,GO,2019,44
1571529600000,201943,0.0,0,0,0,0.0,0.0,0,1,520010020194319589,2023-08-20,Abadiânia,0,0.0,20461,18.7142857142857,82.3164182857143,0,0,0,74.0536002857143,61.8241507142857,20.5064937142857,23.4285714285714,0,,,,,5224,2019-10-20,5200100,Abadiania,GO,2019,43
1570924800000,201942,0.0,0,0,0,0.0,0.0,0,1,520010020194219589,2023-08-20,Abadiânia,0,0.0,20461,20.8571428571429,51.1458764285714,0,0,0,41.7936334285714,33.46548,22.496104,25.1428571428571,0,,,,,5224,2019-10-13,5200100,Abadiania,GO,2019,42
1570320000000,201941,0.0,0,0,0,0.0,0.0,0,1,520010020194119589,2023-08-20,Abadiânia,0,0.0,20461,19.1428571428571,87.0327834285714,0,0,0,77.3743692857143,60.0548414285714,20.4155845714286,22.5714285714286,0,,,,,5224,2019-10-06,5200100,Abadiania,GO,2019,41
1569715200000,201940,0.0,0,0,0,0.0,0.0,0,1,520010020194019589,2023-08-20,Abadiânia,0,0.0,20461,19.5714285714286,69.2076065714286,0,0,0,56.8447212857143,41.2081157142857,21.9870131428571,24.7142857142857,0,,,,,5224,2019-09-29,5200100,Abadiania,GO,2019,40
1569110400000,201939,0.0,0,0,0,0.0,0.0,0,1,520010020193919589,2023-08-20,Abadiânia,0,0.0,20461,19.4285714285714,65.92601,0,0,0,58.502102,46.3695272857143,21.0259742857143,24.0,0,,,,,5224,2019-09-22,5200100,Abadiania,GO,2019,39
1568505600000,201938,0.0,0,0,0,0.0,0.0,0,1,520010020193819589,2023-08-20,Abadiânia,0,0.0,20461,18.7142857142857,44.1124702857143,0,0,0,33.0065051428571,24.1497571428571,21.5467531428571,24.5714285714286,0,,,,,5224,2019-09-15,5200100,Abadiania,GO,2019,38
1567900800000,201937,0.0,0,0,0,0.0,0.0,0,1,520010020193719589,2023-08-20,Abadiânia,0,0.0,20461,19.5714285714286,44.6837605714286,0,0,0,36.7825755714286,28.6340577142857,21.72987,24.5714285714286,0,,,,,5224,2019-09-08,5200100,Abadiania,GO,2019,37
1567296000000,201936,0.0,0,0,0,0.0,0.0,0,1,520010020193619589,2023-08-20,Abadiânia,0,0.0,20461,19.0,45.7864558571429,0,0,0,36.8252514285714,28.8424324285714,21.1818182857143,23.7142857142857,0,,,,,5224,2019-09-01,5200100,Abadiania,GO,2019,36
1566691200000,201935,0.0,0,0,0,0.0,0.0,0,1,520010020193519589,2023-08-20,Abadiânia,0,0.0,20461,16.8571428571429,57.9187035714286,0,0,0,46.5316547142857,34.2097081428571,19.3376622857143,22.5714285714286,0,,,,,5224,2019-08-25,5200100,Abadiania,GO,2019,35
1566086400000,201934,1.0,1,1,1,0.9249513,4.8873467,0,1,520010020193419589,2023-08-20,Abadiânia,0,8.88489,20461,17.7142857142857,51.705657,0,0,0,43.238509,34.4290422857143,19.896104,22.1428571428571,1,,,,,5224,2019-08-18,5200100,Abadiania,GO,2019,34
1565481600000,201933,0.0,0,0,0,0.0,0.0,0,1,520010020193319589,2023-08-20,Abadiânia,0,0.0,20461,16.1428571428571,57.67717,0,0,0,47.6130937142857,39.4136418571429,18.3402597142857,20.5714285714286,0,,,,,5224,2019-08-11,5200100,Abadiania,GO,2019,33
1564876800000,201932,0.0,0,0,0,0.0,0.0,0,1,520010020193219589,2023-08-20,Abadiânia,0,0.0,20461,14.5714285714286,77.7012178571429,0,0,0,66.2027375714286,51.928654,16.5064934285714,19.5714285714286,0,,,,,5224,2019-08-04,5200100,Abadiania,GO,2019,32
1564272000000,201931,0.0,0,0,0,0.0,0.0,0,1,520010020193119589,2023-08-20,Abadiânia,0,0.0,20461,14.8571428571429,65.6433661428571,0,0,0,50.5155631428571,39.1003061428571,17.4545454285714,20.1428571428571,0,,,,,5224,2019-07-28,5200100,Abadiania,GO,2019,31
1563667200000,201930,1.0,1,1,1,0.29269522,4.8873467,0,1,520010020193019589,2023-08-20,Abadiânia,0,0.5641657,20461,13.1428571428571,74.625755,0,0,0,64.236727,51.6579167142857,15.5415582857143,18.2857142857143,0,,,,,5224,2019-07-21,5200100,Abadiania,GO,2019,30
1563062400000,201929,1.0,1,1,1,0.028281711,4.8873467,0,1,520010020192919589,2023-08-20,Abadiânia,0,0.19440174,20461,14.0,68.1013325714286,0,0,0,58.1698457142857,49.0261384285714,16.25974,19.0,1,,,,,5224,2019-07-14,5200100,Abadiania,GO,2019,29
1562457600000,201928,1.0,1,1,1,2.85642e-05,4.8873467,0,1,520010020192819589,2023-08-20,Abadiânia,0,0.06624519,20461,12.7142857142857,66.9191204285714,0,0,0,59.5499312857143,47.349726,14.2857144285714,17.0,1,,,,,5224,2019-07-07,5200100,Abadiania,GO,2019,28
1561852800000,201927,2.0,2,2,2,7.7e-09,9.7746935,0,1,520010020192719589,2023-08-20,Abadiânia,0,0.06452359,20461,13.4285714285714,83.2674985714286,0,0,0,74.5300302857143,63.1260351428571,15.1948051428571,17.7142857142857,1,,,,,5224,2019-06-30,5200100,Abadiania,GO,2019,27
1561248000000,201926,8.0,8,8,8,8.4e-08,39.098774,0,1,520010020192619589,2023-08-20,Abadiânia,0,0.1843056,20461,14.4285714285714,71.5353124285714,0,0,1,62.555152,51.3075041428571,16.3766232857143,18.5714285714286,5,,,,,5224,2019-06-23,5200100,Abadiania,GO,2019,26
1560643200000,201925,35.0,35,35,35,0.17139134,171.05713,0,4,520010020192519589,2023-08-20,Abadiânia,0,0.80748814,20461,14.4285714285714,77.7964542857143,0,0,2,70.5447271428571,59.2597038571429,16.181818,18.5714285714286,12,,,,,5224,2019-06-16,5200100,Abadiania,GO,2019,25
1560038400000,201924,49.0,49,49,49,0.95696694,239.47998,0,4,520010020192419589,2023-08-20,Abadiânia,0,1.4613143,20461,15.0,82.4782471428571,0,1,2,72.3918254285714,57.5530075714286,16.871212,19.7142857142857,22,,,,,5224,2019-06-09,5200100,Abadiania,GO,2019,24
1559433600000,201923,56.0,56,56,56,0.9989778,273.6914,0,4,520010020192319589,2023-08-20,Abadiânia,0,1.9909226,20461,15.2857142857143,85.7276285714286,0,1,2,76.2882534285714,66.0257694285714,17.087013,19.1428571428571,33,,,,,5224,2019-06-02,5200100,Abadiania,GO,2019,23
1558828800000,201922,24.0,24,24,24,0.28177175,117.29632,0,4,520010020192219589,2023-08-20,Abadiânia,0,0.8530324,20461,17.0,82.7915857142857,0,0,2,75.9210375714286,65.4083915714286,18.2857142857143,20.4285714285714,17,,,,,5224,2019-05-26,5200100,Abadiania,GO,2019,22
1558224000000,201921,24.0,24,24,24,0.38805544,117.29632,0,4,520010020192119589,2023-08-20,Abadiânia,0,0.9232962,20461,16.5714285714286,82.06183,0,0,2,74.6054587142857,65.9417352857143,18.2714285714286,20.0,20,,,,,5224,2019-05-19,5200100,Abadiania,GO,2019,21
1557619200000,201920,34.0,34,34,34,0.93281287,166.16978,0,4,520010020192019589,2023-08-20,Abadiânia,0,1.4890051,20461,17.4285714285714,90.68289,0,0,2,86.2692235714286,78.0946228571429,18.3896104285714,20.1428571428571,31,,,,,5224,2019-05-12,5200100,Abadiania,GO,2019,20
1557014400000,201919,26.0,26,26,26,0.638731,127.071014,0,4,520010020191919589,2023-08-20,Abadiânia,0,1.1053102,20461,18.8571428571429,89.8572828571429,1,0,2,84.254718,77.2851771428572,19.948052,21.4285714285714,23,,,,,5224,2019-05-05,5200100,Abadiania,GO,2019,19
1556409600000,201918,20.0,20,20,20,0.11099746,97.74693,0,4,520010020191819589,2023-08-20,Abadiânia,0,0.7041969,20461,18.4285714285714,91.4613542857143,1,0,2,85.9389644285714,77.0540857142857,19.7922077142857,21.1428571428571,19,,,,,5224,2019-04-28,5200100,Abadiania,GO,2019,18
1555804800000,201917,21.0,21,21,21,0.07592346,102.63428,0,4,520010020191719589,2023-08-20,Abadiânia,0,0.67219836,20461,17.1428571428571,93.3373851428571,0,0,2,89.0215108571429,79.2435625714286,18.1578424285714,20.1428571428571,18,,,,,5224,2019-04-21,5200100,Abadiania,GO,2019,17
1555200000000,201916,27.0,27,27,27,0.4539954,131.95836,0,4,520010020191619589,2023-08-20,Abadiânia,0,0.9694991,20461,17.2857142857143,98.2527268571429,0,0,2,95.0212637142857,88.4945077142857,18.2233765714286,19.7142857142857,25,,,,,5224,2019-04-14,5200100,Abadiania,GO,2019,16
1554595200000,201915,42.0,42,42,42,0.98840684,205.26855,0,4,520010020191519589,2023-08-20,Abadiânia,0,1.763255,20461,17.0,100.0,0,1,2,95.3046508571429,85.1754388571429,18.1461034285714,20.1428571428571,35,,,,,5224,2019-04-07,5200100,Abadiania,GO,2019,15
1553990400000,201914,22.0,22,22,22,0.5997685,107.52163,0,4,520010020191419589,2023-08-20,Abadiânia,0,1.0799596,20461,17.2857142857143,96.53968,0,0,2,91.5069487142857,83.9888985714286,18.3376622857143,19.7142857142857,17,,,,,5224,2019-03-31,5200100,Abadiania,GO,2019,14
1553385600000,201913,26.0,26,26,26,0.9400135,127.071014,0,4,520010020191319589,2023-08-20,Abadiânia,0,1.6184874,20461,17.7142857142857,98.2591877142857,0,0,2,95.0149007142857,89.1982848571429,18.5961037142857,19.4285714285714,19,,,,,5224,2019-03-24,5200100,Abadiania,GO,2019,13
1552780800000,201912,20.0,20,20,20,0.9616478,97.74693,0,4,520010020191219589,2023-08-20,Abadiânia,0,1.9136151,20461,17.7142857142857,99.1392157142857,0,1,2,95.5961967142857,89.9393054285714,18.8311688571429,20.4285714285714,16,,,,,5224,2019-03-17,5200100,Abadiania,GO,2019,12
1552176000000,201911,18.0,18,18,18,0.9971222,87.97224,0,1,520010020191119589,2023-08-20,Abadiânia,0,3.3984222,20461,17.1428571428571,98.2591877142857,0,1,2,94.026594,85.3539408571429,18.2194808571429,19.7142857142857,16,,,,,5224,2019-03-10,5200100,Abadiania,GO,2019,11
1551571200000,201910,10.0,10,10,10,0.99112,48.873466,0,1,520010020191019589,2023-08-20,Abadiânia,0,4.326976,20461,16.8571428571429,98.2527268571429,0,1,1,96.2587375714286,91.6374297142857,17.6233762857143,18.7142857142857,9,,,,,5224,2019-03-03,5200100,Abadiania,GO,2019,10
1550966400000,201909,4.0,4,4,4,0.86871403,19.549387,0,1,520010020190919589,2023-08-20,Abadiânia,0,2.505708,20461,17.4285714285714,100.0,0,0,0,97.4096215714286,92.2868608571429,18.1948051428571,19.5714285714286,3,,,,,5224,2019-02-24,5200100,Abadiania,GO,2019,9
1550361600000,201908,1.0,1,1,1,0.31558612,4.8873467,0,1,520010020190819589,2023-08-20,Abadiânia,0,0.6009997,20461,16.5714285714286,100.0,0,0,0,98.1736022857143,94.8518277142857,17.2987011428571,18.1428571428571,1,,,,,5224,2019-02-17,5200100,Abadiania,GO,2019,8
1549756800000,201907,1.0,1,1,1,0.32470584,4.8873467,0,1,520010020190719589,2023-08-20,Abadiânia,0,0.6162209,20461,17.7142857142857,100.0,0,0,0,96.0542785714286,90.6528348571429,18.7,19.8571428571429,1,,,,,5224,2019-02-10,5200100,Abadiania,GO,2019,7
1549152000000,201906,3.0,3,3,3,0.69626,14.66204,0,1,520010020190619589,2023-08-20,Abadiânia,0,1.5344052,20461,17.4285714285714,97.4571157142857,0,0,0,83.6750858571429,63.250568,20.53373,25.0,3,,,,,5224,2019-02-03,5200100,Abadiania,GO,2019,6
1548547200000,201905,0.0,0,0,0,0.0,0.0,0,1,520010020190519589,2023-08-20,Abadiânia,0,0.0,20461,17.4285714285714,82.5958264285714,0,0,0,60.9431971428571,39.5179544285714,22.4928568571429,28.0,0,,,,,5224,2019-01-27,5200100,Abadiania,GO,2019,5
1547942400000,201904,3.0,3,3,3,0.7487547,14.66204,0,1,520010020190419589,2023-08-20,Abadiânia,0,1.7796025,20461,18.0,88.6749248571429,0,0,0,67.6503452857143,43.7280545714286,22.4583331428571,27.7142857142857,3,,,,,5224,2019-01-20,5200100,Abadiania,GO,2019,4
1547337600000,201903,2.0,2,2,2,0.75246555,9.7746935,0,1,520010020190319589,2023-08-20,Abadiânia,0,2.0184371,20461,17.0,94.0079485714286,0,0,0,76.0354928571429,54.8867988571429,20.7083334285714,25.5714285714286,2,,,,,5224,2019-01-13,5200100,Abadiania,GO,2019,3
1546732800000,201902,2.0,2,2,2,0.921898,9.7746935,0,1,520010020190219589,2023-08-20,Abadiânia,0,5.715059,20461,17.0,92.4310757142857,0,0,0,86.6727171428571,79.3802071428571,17.9238094285714,19.1428571428571,2,,,,,5224,2019-01-06,5200100,Abadiania,GO,2019,2
1546128000000,201901,1.0,1,1,1,0.9632679,4.8873467,0,1,520010020190119589,2023-08-20,Abadiânia,0,18.521618,20461,17.1428571428571,98.2461934285714,0,0,0,91.7590362857143,85.1113567142857,18.3857142857143,19.5714285714286,1,,,,,5224,2018-12-30,5200100,Abadiania,GO,2019,1
1545523200000,201852,0.0,0,0,0,0.0,0.0,0,1,520010020185219589,2023-08-20,Abadiânia,0,0.0,20461,16.2,98.7769088,0,0,0,91.2726128,77.0854856,18.2533332,20.6,0,,,,,5224,2018-12-23,5200100,Abadiania,GO,2018,52
1544918400000,201851,0.0,0,0,0,0.0,0.0,0,1,520010020185119589,2023-08-20,Abadiânia,0,0.0,20461,16.6095238095238,99.1846058666667,0,0,0,,,,,0,,,,,5224,2018-12-16,5200100,Abadiania,GO,2018,51
1544313600000,201850,0.0,0,0,0,0.0,0.0,0,1,520010020185019589,2023-08-20,Abadiânia,0,0.0,20461,17.0190476190476,99.5923029333333,0,0,0,,,,,0,,,,,5224,2018-12-09,5200100,Abadiania,GO,2018,50
1543708800000,201849,0.0,0,0,0,0.0,0.0,0,1,520010020184919589,2023-08-20,Abadiânia,0,0.0,20461,17.4285714285714,100.0,0,0,0,96.2196251428571,88.6428488571429,18.415873,19.5714285714286,0,,,,,5224,2018-12-02,5200100,Abadiania,GO,2018,49
1543104000000,201848,0.0,0,0,0,0.0,0.0,0,1,520010020184819589,2023-08-20,Abadiânia,0,0.0,20461,16.4285714285714,97.4075214285714,0,0,0,91.8449942857143,81.828656,17.6384921428571,19.4285714285714,0,,,,,5224,2018-11-25,5200100,Abadiania,GO,2018,48
1542499200000,201847,0.0,0,0,0,0.0,0.0,0,1,520010020184719589,2023-08-20,Abadiânia,0,0.0,20461,17.4285714285714,98.2526542857143,0,0,0,92.252958,85.8155968571429,18.545635,20.0,0,,,,,5224,2018-11-18,5200100,Abadiania,GO,2018,47
1541894400000,201846,0.0,0,0,0,0.0,0.0,0,1,520010020184619589,2023-08-20,Abadiânia,0,0.0,20461,16.7142857142857,100.0,0,0,0,96.3733621428571,86.7716202857143,17.9043652857143,19.7142857142857,0,,,,,5224,2018-11-11,5200100,Abadiania,GO,2018,46
1541289600000,201845,0.0,0,0,0,0.0,0.0,0,1,520010020184519589,2023-08-20,Abadiânia,0,0.0,20461,17.1428571428571,100.0,0,0,0,96.9827507142857,91.4896411428571,17.6226191428571,18.5714285714286,0,,,,,5224,2018-11-04,5200100,Abadiania,GO,2018,45
1540684800000,201844,0.0,0,0,0,0.0,0.0,0,1,520010020184419589,2023-08-20,Abadiânia,0,0.0,20461,17.2857142857143,100.0,0,0,0,93.3363078571429,81.835016,18.498918,20.7142857142857,0,,,,,5224,2018-10-28,5200100,Abadiania,GO,2018,44
1540080000000,201843,0.0,0,0,0,0.0,0.0,0,1,520010020184319589,2023-08-20,Abadiânia,0,0.0,20461,17.8571428571429,94.9085514285714,0,0,0,89.4528828571429,80.1025328571429,19.4243505714286,21.5714285714286,0,,,,,5224,2018-10-21,5200100,Abadiania,GO,2018,43
1539475200000,201842,0.0,0,0,0,0.0,0.0,0,1,520010020184219589,2023-08-20,Abadiânia,0,0.0,20461,18.5,91.080025,0,0,0,78.70347,60.9766275,20.803031,23.5,0,,,,,5224,2018-10-14,5200100,Abadiania,GO,2018,42
1538870400000,201841,0.0,0,0,0,0.0,0.0,0,1,520010020184119589,2023-08-20,Abadiânia,0,0.0,20461,18.625,85.776715,0,0,0,,,,,0,,,,,5224,2018-10-07,5200100,Abadiania,GO,2018,41
1538265600000,201840,0.0,0,0,0,0.0,0.0,0,1,520010020184019589,2023-08-20,Abadiânia,0,0.0,20461,18.75,80.473405,0,0,0,70.294918,59.1178925,20.686364,22.25,0,,,,,5224,2018-09-30,5200100,Abadiania,GO,2018,40
1537660800000,201839,0.0,0,0,0,0.0,0.0,0,1,520010020183919589,2023-08-20,Abadiânia,0,0.0,20461,18.8571428571429,75.8726702857143,0,0,0,51.4338502857143,36.0705555714286,22.2316017142857,25.5714285714286,0,,,,,5224,2018-09-23,5200100,Abadiania,GO,2018,39
1537056000000,201838,0.0,0,0,0,0.0,0.0,0,1,520010020183819589,2023-08-20,Abadiânia,0,0.0,20461,18.4285714285714,83.1191712857143,0,0,0,71.325736,55.8570612857143,20.2705622857143,22.7142857142857,0,,,,,5224,2018-09-16,5200100,Abadiania,GO,2018,38
1536451200000,201837,0.0,0,0,0,0.0,0.0,0,1,520010020183719589,2023-08-20,Abadiânia,0,0.0,20461,17.5714285714286,47.806816,0,0,0,37.8661267142857,28.0288227142857,20.6672077142857,23.8571428571429,0,,,,,5224,2018-09-09,5200100,Abadiania,GO,2018,37
1535846400000,201836,0.0,0,0,0,0.0,0.0,0,1,520010020183619589,2023-08-20,Abadiânia,0,0.0,20461,15.7142857142857,57.7905588571429,0,0,0,46.4478125714286,34.5803238571429,18.8468612857143,22.8571428571429,0,,,,,5224,2018-09-02,5200100,Abadiania,GO,2018,36
1535241600000,201835,0.0,0,0,0,0.0,0.0,0,1,520010020183519589,2023-08-20,Abadiânia,0,0.0,20461,16.7142857142857,63.2670437142857,0,0,0,54.2698398571429,42.9856152857143,19.2002165714286,22.5714285714286,0,,,,,5224,2018-08-26,5200100,Abadiania,GO,2018,35
1534636800000,201834,0.0,0,0,0,0.0,0.0,0,1,520010020183419589,2023-08-20,Abadiânia,0,0.0,20461,17.4285714285714,63.3941008571429,0,0,0,53.4329014285714,41.9340721428571,19.4427491428571,22.2857142857143,0,,,,,5224,2018-08-19,5200100,Abadiania,GO,2018,34
1534032000000,201833,0.0,0,0,0,0.0,0.0,0,1,520010020183319589,2023-08-20,Abadiânia,0,0.0,20461,16.1666666666667,66.1152433333333,0,0,0,50.8006418333333,34.0425053333333,20.1852273333333,25.1666666666667,0,,,,,5224,2018-08-12,5200100,Abadiania,GO,2018,33
1533427200000,201832,0.0,0,0,0,0.0,0.0,0,1,520010020183219589,2023-08-20,Abadiânia,0,0.0,20461,16.7142857142857,75.2525438571429,0,0,0,52.0782202857143,28.3295948571429,22.196428,28.5714285714286,0,,,,,5224,2018-08-05,5200100,Abadiania,GO,2018,32
1532822400000,201831,0.0,0,0,0,0.0,0.0,0,1,520010020183119589,2023-08-20,Abadiânia,0,0.0,20461,15.8571428571429,60.0439537142857,0,0,0,39.986971,20.2585514285714,22.1190474285714,29.0,0,,,,,5224,2018-07-29,5200100,Abadiania,GO,2018,31
1532217600000,201830,0.0,0,0,0,0.0,0.0,0,1,520010020183019589,2023-08-20,Abadiânia,0,0.0,20461,14.2857142857143,63.7351251428571,0,0,0,44.1258802857143,25.027952,19.497024,25.7142857142857,0,,,,,5224,2018-07-22,5200100,Abadiania,GO,2018,30
1531612800000,201829,1.0,1,1,1,0.6634578,4.8873467,0,1,520010020182919589,2023-08-20,Abadiânia,0,1.6894078,20461,15.1428571428571,66.4631174285714,0,0,0,50.9327405714286,34.2924921428571,19.2786797142857,24.4285714285714,1,,,,,5224,2018-07-15,5200100,Abadiania,GO,2018,29
1531008000000,201828,2.0,2,2,2,0.921898,9.7746935,0,1,520010020182819589,2023-08-20,Abadiânia,0,5.715059,20461,14.8571428571429,74.2668051428571,0,0,0,64.3049091428571,53.3630712857143,16.6623374285714,19.2857142857143,1,,,,,5224,2018-07-08,5200100,Abadiania,GO,2018,28
1530403200000,201827,0.0,0,0,0,0.0,0.0,0,1,520010020182719589,2023-08-20,Abadiânia,0,0.0,20461,14.2857142857143,65.582944,0,0,0,56.9970101428571,47.5677937142857,16.1558444285714,18.4285714285714,0,,,,,5224,2018-07-01,5200100,Abadiania,GO,2018,27
1529798400000,201826,0.0,0,0,0,0.0,0.0,0,1,520010020182619589,2023-08-20,Abadiânia,0,0.0,20461,14.7142857142857,64.9389161428571,0,0,0,56.2800085714286,45.1714237142857,16.518182,18.8571428571429,0,,,,,5224,2018-06-24,5200100,Abadiania,GO,2018,26
1529193600000,201825,1.0,1,1,1,0.9632679,4.8873467,0,1,520010020182519589,2023-08-20,Abadiânia,0,18.521616,20461,14.8571428571429,70.7744435714286,0,0,0,62.9163114285714,51.6709977142857,16.6623377142857,19.2857142857143,0,,,,,5224,2018-06-17,5200100,Abadiania,GO,2018,25
1528588800000,201824,0.0,0,0,0,0.0,0.0,0,1,520010020182419589,2023-08-20,Abadiânia,0,0.0,20461,16.8571428571429,74.229868,0,0,0,66.4717715714286,58.5468668571429,18.4415582857143,20.1428571428571,0,,,,,5224,2018-06-10,5200100,Abadiania,GO,2018,24
1527984000000,201823,0.0,0,0,0,0.0,0.0,0,1,520010020182319589,2023-08-20,Abadiânia,0,0.0,20461,15.7142857142857,81.3703457142857,0,0,0,74.2538635714286,66.897383,17.181818,18.8571428571429,0,,,,,5224,2018-06-03,5200100,Abadiania,GO,2018,23
1527379200000,201822,0.0,0,0,0,0.0,0.0,0,1,520010020182219589,2023-08-20,Abadiânia,0,0.0,20461,14.1428571428571,80.30505,0,0,0,73.1567902857143,62.2816165714286,15.9675325714286,18.2857142857143,0,,,,,5224,2018-05-27,5200100,Abadiania,GO,2018,22
1526774400000,201821,0.0,0,0,0,0.0,0.0,0,1,520010020182119589,2023-08-20,Abadiânia,0,0.0,20461,14.4285714285714,80.4830151428571,0,0,0,68.7320228571429,54.9388541428571,16.8284635714286,19.7142857142857,0,,,,,5224,2018-05-20,5200100,Abadiania,GO,2018,21
1526169600000,201820,0.0,0,0,0,0.0,0.0,0,1,520010020182019589,2023-08-20,Abadiânia,0,0.0,20461,16.5714285714286,79.80062,0,0,0,60.9244302857143,35.5328808571429,21.1785714285714,27.2857142857143,0,,,,,5224,2018-05-13,5200100,Abadiania,GO,2018,20
1525564800000,201819,0.0,0,0,0,0.0,0.0,0,1,520010020181919589,2023-08-20,Abadiânia,0,0.0,20461,16.1428571428571,81.00688,0,0,0,60.521621,35.4021131428571,20.845238,26.5714285714286,0,,,,,5224,2018-05-06,5200100,Abadiania,GO,2018,19
1524960000000,201818,0.0,0,0,0,0.0,0.0,0,1,520010020181819589,2023-08-20,Abadiânia,0,0.0,20461,16.8571428571429,81.0189071428571,0,0,0,60.3981402857143,37.027727,21.5136054285714,27.2857142857143,0,,,,,5224,2018-04-29,5200100,Abadiania,GO,2018,18
1524355200000,201817,0.0,0,0,0,0.0,0.0,0,1,520010020181719589,2023-08-20,Abadiânia,0,0.0,20461,17.0,89.1613471428571,0,0,0,71.9862088571429,48.931344,20.809524,25.4285714285714,0,,,,,5224,2018-04-22,5200100,Abadiania,GO,2018,17
1523750400000,201816,4.0,4,4,4,0.7294662,19.549387,0,1,520010020181619589,2023-08-20,Abadiânia,0,1.5735165,20461,16.8571428571429,95.6977711428571,0,0,0,89.2895684285714,80.4463885714286,18.1666665714286,20.0,1,,,,,5224,2018-04-15,5200100,Abadiania,GO,2018,16
1523145600000,201815,2.0,2,2,2,0.61148065,9.7746935,0,1,520010020181519589,2023-08-20,Abadiânia,0,1.3082173,20461,16.7142857142857,97.3528842857143,0,0,0,92.1172305714286,86.6345374285714,17.5987012857143,19.2857142857143,1,,,,,5224,2018-04-08,5200100,Abadiania,GO,2018,15
1522540800000,201814,4.0,4,4,4,0.9638009,19.549387,0,1,520010020181419589,2023-08-20,Abadiânia,0,5.7150464,20461,18.1428571428571,99.1392157142857,1,0,0,94.1614928571429,88.2815348571429,18.9194802857143,19.7142857142857,0,,,,,5224,2018-04-01,5200100,Abadiania,GO,2018,14
1521936000000,201813,1.0,1,1,1,0.73048824,4.8873467,0,1,520010020181319589,2023-08-20,Abadiânia,0,2.2071786,20461,17.7142857142857,92.4703842857143,0,0,0,86.2808835714286,79.9261521428571,18.8051948571429,20.1428571428571,1,,,,,5224,2018-03-25,5200100,Abadiania,GO,2018,13
1521331200000,201812,0.0,0,0,0,0.0,0.0,0,1,520010020181219589,2023-08-20,Abadiânia,0,0.0,20461,18.4285714285714,97.4111857142857,0,0,0,92.4842214285714,86.0240928571428,19.603896,21.0,0,,,,,5224,2018-03-18,5200100,Abadiania,GO,2018,12
1520726400000,201811,1.0,1,1,1,0.9278832,4.8873467,0,1,520010020181119589,2023-08-20,Abadiânia,0,9.260553,20461,19.0,97.4175771428571,1,0,0,94.1775341428571,87.6765185714286,19.8844154285714,21.0,1,,,,,5224,2018-03-11,5200100,Abadiania,GO,2018,11
1520121600000,201810,0.0,0,0,0,0.0,0.0,0,1,520010020181019589,2023-08-20,Abadiânia,0,0.0,20461,18.8571428571429,96.5567928571429,0,0,0,90.7143197142857,81.7605332857143,19.948052,21.7142857142857,0,,,,,5224,2018-03-04,5200100,Abadiania,GO,2018,10
1519516800000,201809,0.0,0,0,0,0.0,0.0,0,1,520010020180919589,2023-08-20,Abadiânia,0,0.0,20461,18.0,94.8802491428571,0,0,0,81.0433077142857,62.071694,21.2240257142857,25.5714285714286,0,,,,,5224,2018-02-25,5200100,Abadiania,GO,2018,9
1518912000000,201808,0.0,0,0,0,0.0,0.0,0,1,520010020180819589,2023-08-20,Abadiânia,0,0.0,20461,18.0,98.2591877142857,0,0,0,91.6617635714286,84.5931307142857,19.2725105714286,20.8571428571429,0,,,,,5224,2018-02-18,5200100,Abadiania,GO,2018,8
1518307200000,201807,1.0,1,1,1,0.66142285,4.8873467,0,1,520010020180719589,2023-08-20,Abadiânia,0,1.676853,20461,18.2857142857143,87.5608842857143,1,0,0,79.5375008571429,72.4868461428571,19.9777777142857,21.7142857142857,1,,,,,5224,2018-02-11,5200100,Abadiania,GO,2018,7
1517702400000,201806,0.0,0,0,0,0.0,0.0,0,1,520010020180619589,2023-08-20,Abadiânia,0,0.0,20461,17.2857142857143,99.1392157142857,0,0,0,92.7290742857143,84.75623,18.3817457142857,19.7142857142857,0,,,,,5224,2018-02-04,5200100,Abadiania,GO,2018,6
1517097600000,201805,0.0,0,0,0,0.0,0.0,0,1,520010020180519589,2023-08-20,Abadiânia,0,0.0,20461,18.2857142857143,99.1392157142857,0,0,0,95.4671648571429,91.5307728571429,19.2,20.1428571428571,0,,,,,5224,2018-01-28,5200100,Abadiania,GO,2018,5
1516492800000,201804,2.0,2,2,2,0.81668353,9.7746935,0,1,520010020180419589,2023-08-20,Abadiânia,0,2.6548903,20461,18.4285714285714,85.1851171428571,0,0,0,71.1005255714286,55.6096681428571,20.8838508571429,24.2857142857143,1,,,,,5224,2018-01-21,5200100,Abadiania,GO,2018,4
1515888000000,201803,1.0,1,1,1,0.784609,4.8873467,0,1,520010020180319589,2023-08-20,Abadiânia,0,2.8575172,20461,18.2857142857143,83.6454854285714,0,0,0,73.4580085714286,62.8986408571429,20.4214285714286,22.5714285714286,0,,,,,5224,2018-01-14,5200100,Abadiania,GO,2018,3
1515283200000,201802,1.0,1,1,1,0.81445277,4.8873467,0,1,520010020180219589,2023-08-20,Abadiânia,0,3.3772717,20461,17.2857142857143,97.4263834285714,0,0,0,88.7453974285714,80.2248658571429,18.7388887142857,20.7142857142857,0,,,,,5224,2018-01-07,5200100,Abadiania,GO,2018,2
1514678400000,201801,0.0,0,0,0,0.0,0.0,0,1,520010020180119589,2023-08-20,Abadiânia,0,0.0,20461,18.0,96.5311582857143,0,0,0,91.0911051428571,81.0742742857143,19.1979641428571,20.8571428571429,0,,,,,5224,2017-12-31,5200100,Abadiania,GO,2018,1
1514073600000,201752,0.0,0,0,0,0.0,0.0,0,1,520010020175219589,2023-08-20,Abadiânia,0,0.0,20461,18.8571428571429,90.6714262857143,0,0,0,84.032912,76.1198337142857,20.3761905714286,22.2857142857143,0,,,,,5224,2017-12-24,5200100,Abadiania,GO,2017,52
1513468800000,201751,1.0,1,1,1,0.78453624,4.8873467,0,1,520010020175119589,2023-08-20,Abadiânia,0,2.8564248,20461,18.2,91.708958,1,0,0,80.4875632,66.3853758,20.2672226,23.4,1,,,,,5224,2017-12-17,5200100,Abadiania,GO,2017,51
1512864000000,201750,0.0,0,0,0,0.0,0.0,0,1,520010020175019589,2023-08-20,Abadiânia,0,0.0,20461,17.3333333333333,97.9615146666667,0,0,0,95.5984013333333,88.625728,18.272222,19.6666666666667,0,,,,,5224,2017-12-10,5200100,Abadiania,GO,2017,50
1512259200000,201749,0.0,0,0,0,0.0,0.0,0,1,520010020174919589,2023-08-20,Abadiânia,0,0.0,20461,18.3333333333333,95.9830066666667,0,0,0,88.1187433333333,80.5615733333333,20.3842596666667,22.3333333333333,0,,,,,5224,2017-12-03,5200100,Abadiania,GO,2017,49
1511654400000,201748,1.0,1,1,1,0.66339624,4.8873467,0,1,520010020174819589,2023-08-20,Abadiânia,0,1.689026,20461,18.1230769230769,92.5073907692308,1,0,0,,,,,0,,,,,5224,2017-11-26,5200100,Abadiania,GO,2017,48
1511049600000,201747,1.0,1,1,1,0.61585504,4.8873467,0,1,520010020174719589,2023-08-20,Abadiânia,0,1.4299252,20461,17.9128205128205,89.0317748717949,0,0,0,,,,,1,,,,,5224,2017-11-19,5200100,Abadiania,GO,2017,47
1510444800000,201746,0.0,0,0,0,0.0,0.0,0,1,520010020174619589,2023-08-20,Abadiânia,0,0.0,20461,17.7025641025641,85.556158974359,0,0,0,,,,,0,,,,,5224,2017-11-12,5200100,Abadiania,GO,2017,46
1509840000000,201745,1.0,1,1,1,0.68664473,4.8873467,0,1,520010020174519589,2023-08-20,Abadiânia,0,1.8437793,20461,17.4923076923077,82.0805430769231,0,0,0,,,,,1,,,,,5224,2017-11-05,5200100,Abadiania,GO,2017,45
1509235200000,201744,1.0,1,1,1,0.70372117,4.8873467,0,1,520010020174419589,2023-08-20,Abadiânia,0,1.9726815,20461,17.2820512820513,78.6049271794872,0,0,0,,,,,1,,,,,5224,2017-10-29,5200100,Abadiania,GO,2017,44
1508630400000,201743,0.0,0,0,0,0.0,0.0,0,1,520010020174319589,2023-08-20,Abadiânia,0,0.0,20461,17.0717948717949,75.1293112820513,0,0,0,,,,,0,,,,,5224,2017-10-22,5200100,Abadiania,GO,2017,43
1508025600000,201742,1.0,1,1,1,0.730556,4.8873467,0,1,520010020174219589,2023-08-20,Abadiânia,0,2.207831,20461,16.8615384615385,71.6536953846154,0,0,0,,,,,0,,,,,5224,2017-10-15,5200100,Abadiania,GO,2017,42
1507420800000,201741,0.0,0,0,0,0.0,0.0,0,1,520010020174119589,2023-08-20,Abadiânia,0,0.0,20461,16.6512820512821,68.1780794871795,0,0,0,,,,,0,,,,,5224,2017-10-08,5200100,Abadiania,GO,2017,41
1506816000000,201740,1.0,1,1,1,0.9632679,4.8873467,0,1,520010020174019589,2023-08-20,Abadiânia,0,18.521618,20461,16.4410256410256,64.7024635897436,0,0,0,,,,,1,,,,,5224,2017-10-01,5200100,Abadiania,GO,2017,40
1506211200000,201739,0.0,0,0,0,0.0,0.0,0,1,520010020173919589,2023-08-20,Abadiânia,0,0.0,20461,16.2307692307692,61.2268476923077,0,0,0,,,,,0,,,,,5224,2017-09-24,5200100,Abadiania,GO,2017,39
1505606400000,201738,0.0,0,0,0,0.0,0.0,0,1,520010020173819589,2023-08-20,Abadiânia,0,0.0,20461,16.0205128205128,57.7512317948718,0,0,0,,,,,0,,,,,5224,2017-09-17,5200100,Abadiania,GO,2017,38
1505001600000,201737,0.0,0,0,0,0.0,0.0,0,1,520010020173719589,2023-08-20,Abadiânia,0,0.0,20461,15.8102564102564,54.2756158974359,0,0,0,,,,,0,,,,,5224,2017-09-10,5200100,Abadiania,GO,2017,37
1504396800000,201736,0.0,0,0,0,0.0,0.0,0,1,520010020173619589,2023-08-20,Abadiânia,0,0.0,20461,15.6,50.8,0,0,0,43.424845,37.0,18.1296064,20.6,0,,,,,5224,2017-09-03,5200100,Abadiania,GO,2017,36
1503792000000,201735,0.0,0,0,0,0.0,0.0,0,1,520010020173519589,2023-08-20,Abadiânia,0,0.0,20461,18.0,38.0,0,0,0,32.2535147142857,26.2857142857143,19.3528342857143,20.7142857142857,0,,,,,5224,2017-08-27,5200100,Abadiania,GO,2017,35
1503187200000,201734,0.0,0,0,0,0.0,0.0,0,1,520010020173419589,2023-08-20,Abadiânia,0,0.0,20461,17.0,60.7142857142857,0,0,0,55.6931978571429,52.5714285714286,18.1836735714286,19.2857142857143,0,,,,,5224,2017-08-20,5200100,Abadiania,GO,2017,34
1502582400000,201733,0.0,0,0,0,0.0,0.0,0,1,520010020173319589,2023-08-20,Abadiânia,0,0.0,20461,17.0,55.2857142857143,0,0,0,45.5136054285714,40.1428571428571,18.2993197142857,19.7142857142857,0,,,,,5224,2017-08-13,5200100,Abadiania,GO,2017,33
1501977600000,201732,0.0,0,0,0,0.0,0.0,0,1,520010020173219589,2023-08-20,Abadiânia,0,0.0,20461,17.4285714285714,48.8571428571429,0,0,0,43.5843541428571,39.4285714285714,18.5751701428571,19.8571428571429,0,,,,,5224,2017-08-06,5200100,Abadiania,GO,2017,32
1501372800000,201731,0.0,0,0,0,0.0,0.0,0,1,520010020173119589,2023-08-20,Abadiânia,0,0.0,20461,12.7142857142857,64.0,0,0,0,56.5102032857143,49.5714285714286,14.1938778571429,16.0,0,,,,,5224,2017-07-30,5200100,Abadiania,GO,2017,31
1500768000000,201730,0.0,0,0,0,0.0,0.0,0,1,520010020173019589,2023-08-20,Abadiânia,0,0.0,20461,12.7142857142857,61.4285714285714,0,0,0,54.6870754285714,47.7142857142857,14.1938771428571,15.7142857142857,0,,,,,5224,2017-07-23,5200100,Abadiania,GO,2017,30
1500163200000,201729,0.0,0,0,0,0.0,0.0,0,1,520010020172919589,2023-08-20,Abadiânia,0,0.0,20461,13.2857142857143,65.1428571428571,0,0,0,58.1428567142857,52.5714285714286,14.734694,16.1428571428571,0,,,,,5224,2017-07-16,5200100,Abadiania,GO,2017,29
1499558400000,201728,0.0,0,0,0,0.0,0.0,0,1,520010020172819589,2023-08-20,Abadiânia,0,0.0,20461,13.0,69.1428571428571,0,0,0,63.0857147142857,57.2857142857143,14.3020408571429,15.2857142857143,0,,,,,5224,2017-07-09,5200100,Abadiania,GO,2017,28
1498953600000,201727,0.0,0,0,0,0.0,0.0,0,1,520010020172719589,2023-08-20,Abadiânia,0,0.0,20461,11.4285714285714,68.4285714285714,0,0,0,63.3979605714286,59.2857142857143,12.6530612857143,13.8571428571429,0,,,,,5224,2017-07-02,5200100,Abadiania,GO,2017,27
1498348800000,201726,0.0,0,0,0,0.0,0.0,0,1,520010020172619589,2023-08-20,Abadiânia,0,0.0,20461,12.2857142857143,66.5714285714286,0,0,0,61.346939,57.5714285714286,13.6700681428571,14.5714285714286,0,,,,,5224,2017-06-25,5200100,Abadiania,GO,2017,26
1497744000000,201725,1.0,1,1,1,0.92779905,4.8873467,0,1,520010020172519589,2023-08-20,Abadiânia,0,9.249345,20461,12.5714285714286,65.0,0,0,0,59.7108847142857,55.7142857142857,13.8163265714286,14.8571428571429,1,,,,,5224,2017-06-18,5200100,Abadiania,GO,2017,25
1497139200000,201724,0.0,0,0,0,0.0,0.0,0,1,520010020172419589,2023-08-20,Abadiânia,0,0.0,20461,14.4285714285714,72.2857142857143,0,0,0,64.5394565714286,56.2857142857143,15.868027,17.8571428571429,0,,,,,5224,2017-06-11,5200100,Abadiania,GO,2017,24
1496534400000,201723,0.0,0,0,0,0.0,0.0,0,1,520010020172319589,2023-08-20,Abadiânia,0,0.0,20461,14.8571428571429,76.5714285714286,0,0,0,71.914968,68.5714285714286,15.6802718571429,16.5714285714286,0,,,,,5224,2017-06-04,5200100,Abadiania,GO,2017,23
1495929600000,201722,0.0,0,0,0,0.0,0.0,0,1,520010020172219589,2023-08-20,Abadiânia,0,0.0,20461,15.0,79.5714285714286,0,0,0,74.7285714285714,71.2857142857143,15.9972788571429,17.0,0,,,,,5224,2017-05-28,5200100,Abadiania,GO,2017,22
1495324800000,201721,1.0,1,1,1,0.7281801,4.8873467,0,1,520010020172119589,2023-08-20,Abadiânia,0,2.1851583,20461,16.5714285714286,81.0,0,0,0,77.80102,71.1428571428571,17.3078231428571,19.0,0,,,,,5224,2017-05-21,5200100,Abadiania,GO,2017,21
1494720000000,201720,0.0,0,0,0,0.0,0.0,0,1,520010020172019589,2023-08-20,Abadiânia,0,0.0,20461,14.5714285714286,88.8571428571429,0,0,0,83.4418371428571,76.7142857142857,16.1217685714286,18.0,0,,,,,5224,2017-05-14,5200100,Abadiania,GO,2017,20
1494115200000,201719,1.0,1,1,1,0.75564927,4.8873467,0,1,520010020171919589,2023-08-20,Abadiânia,0,2.4739537,20461,15.8333333333333,70.1666666666667,0,0,0,63.1269831666667,56.5,17.6954365,19.6666666666667,1,,,,,5224,2017-05-07,5200100,Abadiania,GO,2017,19
1493510400000,201718,0.0,0,0,0,0.0,0.0,0,1,520010020171819589,2023-08-20,Abadiânia,0,0.0,20461,15.4285714285714,77.8571428571429,0,0,0,72.6784165714286,66.1428571428571,16.8518864285714,18.5714285714286,0,,,,,5224,2017-04-30,5200100,Abadiania,GO,2017,18
1492905600000,201717,0.0,0,0,0,0.0,0.0,0,1,520010020171719589,2023-08-20,Abadiânia,0,0.0,20461,16.4285714285714,86.0,0,0,0,81.25399,74.5714285714286,17.6968461428571,19.1428571428571,0,,,,,5224,2017-04-23,5200100,Abadiania,GO,2017,17
1492300800000,201716,1.0,1,1,1,0.49087468,4.8873467,0,1,520010020171619589,2023-08-20,Abadiânia,0,0.9741145,20461,16.5714285714286,80.2857142857143,0,0,0,75.3166668571429,70.1428571428571,17.6023811428571,18.4285714285714,0,,,,,5224,2017-04-16,5200100,Abadiania,GO,2017,16
1491696000000,201715,2.0,2,2,2,0.7584471,9.7746935,0,1,520010020171519589,2023-08-20,Abadiânia,0,2.0645776,20461,17.4285714285714,74.4285714285714,0,0,0,66.06308,57.5714285714286,19.7124307142857,21.8571428571429,1,,,,,5224,2017-04-09,5200100,Abadiania,GO,2017,15
1491091200000,201714,0.0,0,0,0,0.0,0.0,0,1,520010020171419589,2023-08-20,Abadiânia,0,0.0,20461,18.8571428571429,88.2857142857143,0,0,0,83.0606331428571,78.1428571428571,19.6571428571429,20.7142857142857,0,,,,,5224,2017-04-02,5200100,Abadiania,GO,2017,14
1490486400000,201713,2.0,2,2,2,0.75246555,9.7746935,0,1,520010020171319589,2023-08-20,Abadiânia,0,2.0184371,20461,18.8571428571429,92.2857142857143,1,0,0,88.8775514285714,82.5714285714286,19.8303027142857,21.5714285714286,0,,,,,5224,2017-03-26,5200100,Abadiania,GO,2017,13
1489881600000,201712,0.0,0,0,0,0.0,0.0,0,1,520010020171219589,2023-08-20,Abadiânia,0,0.0,20461,19.0,93.1428571428571,0,0,0,88.267632,82.0,19.9493378571429,21.5714285714286,0,,,,,5224,2017-03-19,5200100,Abadiania,GO,2017,12
1489276800000,201711,1.0,1,1,1,0.688692,4.8873467,0,1,520010020171119589,2023-08-20,Abadiânia,0,1.8584969,20461,18.1428571428571,87.7142857142857,1,0,0,80.8809511428571,72.1428571428571,19.7176868571429,21.4285714285714,1,,,,,5224,2017-03-12,5200100,Abadiania,GO,2017,11
1488672000000,201710,2.0,2,2,2,0.97697484,9.7746935,0,1,520010020171019589,2023-08-20,Abadiânia,0,17.748917,20461,20.4285714285714,87.5714285714286,1,0,0,81.3689731428571,73.1428571428571,21.5431821428571,23.1428571428571,1,,,,,5224,2017-03-05,5200100,Abadiania,GO,2017,10
1488067200000,201709,0.0,0,0,0,0.0,0.0,0,1,520010020170919589,2023-08-20,Abadiânia,0,0.0,20461,18.4285714285714,91.4285714285714,0,0,0,87.1631162857143,81.0,19.5304642857143,21.0,0,,,,,5224,2017-02-26,5200100,Abadiania,GO,2017,9
1487462400000,201708,0.0,0,0,0,0.0,0.0,0,1,520010020170819589,2023-08-20,Abadiânia,0,0.0,20461,19.1428571428571,83.8571428571429,0,0,0,77.7832002857143,68.8571428571429,20.3136052857143,21.8571428571429,0,,,,,5224,2017-02-19,5200100,Abadiania,GO,2017,8
1486857600000,201707,0.0,0,0,0,0.0,0.0,0,1,520010020170719589,2023-08-20,Abadiânia,0,0.0,20461,18.4285714285714,84.4285714285714,0,0,0,79.86846,72.2857142857143,20.2383422857143,21.8571428571429,0,,,,,5224,2017-02-12,5200100,Abadiania,GO,2017,7
1486252800000,201706,0.0,0,0,0,0.0,0.0,0,1,520010020170619589,2023-08-20,Abadiânia,0,0.0,20461,19.6,94.0,0,0,0,89.8380952,84.4,20.4742856,21.8,0,,,,,5224,2017-02-05,5200100,Abadiania,GO,2017,6
1485648000000,201705,1.0,1,1,1,0.5016324,4.8873467,0,1,520010020170519589,2023-08-20,Abadiânia,0,1.0047247,20461,20.0,79.4285714285714,0,0,0,73.4418812857143,65.7142857142857,21.3750812857143,22.8571428571429,0,,,,,5224,2017-01-29,5200100,Abadiania,GO,2017,5
1485043200000,201704,2.0,2,2,2,0.84548557,9.7746935,0,1,520010020170419589,2023-08-20,Abadiânia,0,3.0963857,20461,18.4285714285714,92.2857142857143,1,0,0,84.2299471428571,72.2857142857143,20.2748295714286,22.5714285714286,1,,,,,5224,2017-01-22,5200100,Abadiania,GO,2017,4
1484438400000,201703,1.0,1,1,1,0.6177504,4.8873467,0,1,520010020170319589,2023-08-20,Abadiânia,0,1.4390478,20461,18.7142857142857,93.1428571428571,1,0,0,88.2086214285714,79.2857142857143,19.7703488571429,21.8571428571429,0,,,,,5224,2017-01-15,5200100,Abadiania,GO,2017,3
1483833600000,201702,0.0,0,0,0,0.0,0.0,0,1,520010020170219589,2023-08-20,Abadiânia,0,0.0,20461,19.2857142857143,84.7142857142857,0,0,0,77.9226188571429,70.8571428571429,21.0144558571429,22.7142857142857,0,,,,,5224,2017-01-08,5200100,Abadiania,GO,2017,2
1483228800000,201701,1.0,1,1,1,0.81452835,4.8873467,0,1,520010020170119589,2023-08-20,Abadiânia,0,3.3787987,20461,20.1428571428571,74.8571428571429,0,0,0,64.5171602857143,53.5714285714286,22.690167,25.2857142857143,0,,,,,5224,2017-01-01,5200100,Abadiania,GO,2017,1
1482624000000,201652,1.0,1,1,1,0.9631786,4.8873467,0,1,520010020165219589,2023-08-20,Abadiânia,0,18.475819,20461,19.2857142857143,80.1428571428571,0,0,0,71.9947582857143,61.0,21.2967805714286,24.2857142857143,0,,,,,5224,2016-12-25,5200100,Abadiania,GO,2016,52
1482019200000,201651,0.0,0,0,0,0.0,0.0,0,1,520010020165119589,2023-08-20,Abadiânia,0,0.0,20461,18.8,80.0,0,0,0,69.6923832,57.0,21.1127822,24.4,0,,,,,5224,2016-12-18,5200100,Abadiania,GO,2016,51
1481414400000,201650,0.0,0,0,0,0.0,0.0,0,1,520010020165019589,2023-08-20,Abadiânia,0,0.0,20461,19.3333333333333,91.3333333333333,0,0,0,86.6152173333333,81.6666666666667,20.2231883333333,21.5,0,,,,,5224,2016-12-11,5200100,Abadiania,GO,2016,50
1480809600000,201649,0.0,0,0,0,0.0,0.0,0,1,520010020164919589,2023-08-20,Abadiânia,0,0.0,20461,18.8571428571429,94.0,0,0,0,86.586963,78.0,20.1894555714286,22.5714285714286,0,,,,,5224,2016-12-04,5200100,Abadiania,GO,2016,49
1480204800000,201648,0.0,0,0,0,0.0,0.0,0,1,520010020164819589,2023-08-20,Abadiânia,0,0.0,20461,19.4285714285714,89.8571428571429,0,0,0,82.2813488571429,73.5714285714286,21.21534,23.2857142857143,0,,,,,5224,2016-11-27,5200100,Abadiania,GO,2016,48
1479600000000,201647,0.0,0,0,0,0.0,0.0,0,1,520010020164719589,2023-08-20,Abadiânia,0,0.0,20461,19.5714285714286,93.1428571428571,0,0,0,87.0267157142857,79.8571428571429,20.3293135714286,21.4285714285714,0,,,,,5224,2016-11-20,5200100,Abadiania,GO,2016,47
1478995200000,201646,1.0,1,1,1,0.730556,4.8873467,0,1,520010020164619589,2023-08-20,Abadiânia,0,2.207831,20461,19.0,96.0,1,0,0,89.9161626666667,80.6666666666667,19.869192,21.1666666666667,1,,,,,5224,2016-11-13,5200100,Abadiania,GO,2016,46
1478390400000,201645,0.0,0,0,0,0.0,0.0,0,1,520010020164519589,2023-08-20,Abadiânia,0,0.0,20461,18.8571428571429,85.1428571428571,0,0,0,77.8921914285714,69.7142857142857,20.3333128571429,21.8571428571429,0,,,,,5224,2016-11-06,5200100,Abadiania,GO,2016,45
1477785600000,201644,1.0,1,1,1,0.9632679,4.8873467,0,1,520010020164419589,2023-08-20,Abadiânia,0,18.521618,20461,18.4285714285714,89.0,1,0,0,83.2712577142857,75.4285714285714,19.7117345714286,21.2857142857143,1,,,,,5224,2016-10-30,5200100,Abadiania,GO,2016,44
1477180800000,201643,0.0,0,0,0,0.0,0.0,0,1,520010020164319589,2023-08-20,Abadiânia,0,0.0,20461,19.8571428571429,78.5714285714286,0,0,0,67.6908171428571,60.8571428571429,21.3826532857143,23.0,0,,,,,5224,2016-10-23,5200100,Abadiania,GO,2016,43
1476576000000,201642,0.0,0,0,0,0.0,0.0,0,1,520010020164219589,2023-08-20,Abadiânia,0,0.0,20461,20.5714285714286,73.8571428571429,0,0,0,67.0625857142857,59.7142857142857,22.2598638571429,24.5714285714286,0,,,,,5224,2016-10-16,5200100,Abadiania,GO,2016,42
1475971200000,201641,0.0,0,0,0,0.0,0.0,0,1,520010020164119589,2023-08-20,Abadiânia,0,0.0,20461,19.1428571428571,75.1428571428571,0,0,0,64.8534322857143,54.2857142857143,21.6029685714286,24.0,0,,,,,5224,2016-10-09,5200100,Abadiania,GO,2016,41
1475366400000,201640,0.0,0,0,0,0.0,0.0,0,1,520010020164019589,2023-08-20,Abadiânia,0,0.0,20461,17.0,73.0,0,0,0,54.66111,38.0,19.9722225,24.0,0,,,,,5224,2016-10-02,5200100,Abadiania,GO,2016,40
1474761600000,201639,0.0,0,0,0,0.0,0.0,0,1,520010020163919589,2023-08-20,Abadiânia,0,0.0,20461,18.0,74.2,0,0,0,64.0952378,55.8,19.5666668,21.2,0,,,,,5224,2016-09-25,5200100,Abadiania,GO,2016,39
1474156800000,201638,0.0,0,0,0,0.0,0.0,0,1,520010020163819589,2023-08-20,Abadiânia,0,0.0,20461,18.1428571428571,74.5714285714286,0,0,0,68.1200081428571,58.7142857142857,19.702751,21.4285714285714,0,,,,,5224,2016-09-18,5200100,Abadiania,GO,2016,38
1473552000000,201637,0.0,0,0,0,0.0,0.0,0,1,520010020163719589,2023-08-20,Abadiânia,0,0.0,20461,19.4285714285714,50.5714285714286,0,0,0,43.6863947142857,36.7142857142857,21.7945578571429,24.0,0,,,,,5224,2016-09-11,5200100,Abadiania,GO,2016,37
1472947200000,201636,0.0,0,0,0,0.0,0.0,0,1,520010020163619589,2023-08-20,Abadiânia,0,0.0,20461,18.0,63.0,0,0,0,51.7052663333333,45.1666666666667,20.8542571666667,22.8333333333333,0,,,,,5224,2016-09-04,5200100,Abadiania,GO,2016,36
1472342400000,201635,0.0,0,0,0,0.0,0.0,0,1,520010020163519589,2023-08-20,Abadiânia,0,0.0,20461,18.2857142857143,70.1428571428571,0,0,0,56.690463,43.5714285714286,21.3996127142857,25.1428571428571,0,,,,,5224,2016-08-28,5200100,Abadiania,GO,2016,35
1471737600000,201634,0.0,0,0,0,0.0,0.0,0,1,520010020163419589,2023-08-20,Abadiânia,0,0.0,20461,15.4285714285714,72.7142857142857,0,0,0,58.6497382857143,47.5714285714286,18.8865182857143,22.2857142857143,0,,,,,5224,2016-08-21,5200100,Abadiania,GO,2016,34
1471132800000,201633,0.0,0,0,0,0.0,0.0,0,1,520010020163319589,2023-08-20,Abadiânia,0,0.0,20461,17.1428571428571,73.1428571428571,0,0,0,65.4467904285714,55.8571428571429,19.1291037142857,21.4285714285714,0,,,,,5224,2016-08-14,5200100,Abadiania,GO,2016,33
1470528000000,201632,0.0,0,0,0,0.0,0.0,0,1,520010020163219589,2023-08-20,Abadiânia,0,0.0,20461,17.0,53.5714285714286,0,0,0,45.664448,40.5714285714286,19.1909201428571,21.2857142857143,0,,,,,5224,2016-08-07,5200100,Abadiania,GO,2016,32
1469923200000,201631,1.0,1,1,1,0.77726245,4.8873467,0,1,520010020163119589,2023-08-20,Abadiânia,0,2.7508326,20461,14.4285714285714,68.8571428571429,0,0,0,57.2022267142857,45.8571428571429,17.270254,20.1428571428571,1,,,,,5224,2016-07-31,5200100,Abadiania,GO,2016,31
1469318400000,201630,0.0,0,0,0,0.0,0.0,0,1,520010020163019589,2023-08-20,Abadiânia,0,0.0,20461,16.2857142857143,60.0,0,0,0,54.3260671428571,49.0,17.9432591428571,19.7142857142857,0,,,,,5224,2016-07-24,5200100,Abadiania,GO,2016,30
1468713600000,201629,0.0,0,0,0,0.0,0.0,0,1,520010020162919589,2023-08-20,Abadiânia,0,0.0,20461,16.0,57.4285714285714,0,0,0,48.8435362857143,40.7142857142857,18.1853741428571,20.4285714285714,0,,,,,5224,2016-07-17,5200100,Abadiania,GO,2016,29
1468108800000,201628,1.0,1,1,1,0.193053,4.8873467,0,1,520010020162819589,2023-08-20,Abadiânia,0,0.42141974,20461,16.1428571428571,58.8571428571429,0,0,0,50.7959181428571,41.5714285714286,18.3741495714286,21.2857142857143,1,,,,,5224,2016-07-10,5200100,Abadiania,GO,2016,28
1467504000000,201627,1.0,1,1,1,0.08805655,4.8873467,0,1,520010020162719589,2023-08-20,Abadiânia,0,0.28527206,20461,15.7142857142857,71.1428571428571,0,0,0,62.3141071428571,53.8571428571429,17.7018638571429,19.7142857142857,0,,,,,5224,2016-07-03,5200100,Abadiania,GO,2016,27
1466899200000,201626,3.0,3,3,3,0.26564866,14.66204,0,1,520010020162619589,2023-08-20,Abadiânia,0,0.6481689,20461,13.5714285714286,75.5714285714286,0,0,0,68.1828251428571,59.7142857142857,15.4336732857143,17.4285714285714,1,,,,,5224,2016-06-26,5200100,Abadiania,GO,2016,26
1466294400000,201625,2.0,2,2,2,0.14556694,9.7746935,0,1,520010020162519589,2023-08-20,Abadiânia,0,0.44691125,20461,16.7142857142857,63.0,0,0,0,55.2331631428571,47.1428571428571,18.4574828571429,20.4285714285714,2,,,,,5224,2016-06-19,5200100,Abadiania,GO,2016,25
1465689600000,201624,7.0,7,7,7,0.8358258,34.211426,0,1,520010020162419589,2023-08-20,Abadiânia,0,1.7870071,20461,13.7142857142857,75.2857142857143,0,0,1,64.2457848571429,50.5714285714286,16.2548064285714,20.1428571428571,5,,,,,5224,2016-06-12,5200100,Abadiania,GO,2016,24
1465084800000,201623,4.0,4,4,4,0.29807472,19.549387,0,1,520010020162319589,2023-08-20,Abadiânia,0,0.7188733,20461,15.3333333333333,82.6666666666667,0,0,0,76.0744056666667,69.3333333333333,17.3025791666667,19.5,3,,,,,5224,2016-06-05,5200100,Abadiania,GO,2016,23
1464480000000,201622,4.0,4,4,4,0.035662685,19.549387,0,1,520010020162219589,2023-08-20,Abadiânia,0,0.37928888,20461,15.2857142857143,79.5714285714286,0,0,0,72.957408,66.1428571428571,17.4201424285714,19.2857142857143,2,,,,,5224,2016-05-29,5200100,Abadiania,GO,2016,22
1463875200000,201621,1.0,1,1,1,4.02973e-05,4.8873467,0,1,520010020162119589,2023-08-20,Abadiânia,0,0.06849804,20461,16.8571428571429,82.1428571428571,0,0,0,74.718228,68.4285714285714,18.579762,20.1428571428571,0,,,,,5224,2016-05-22,5200100,Abadiania,GO,2016,21
1463270400000,201620,12.0,12,12,12,0.18375637,58.64816,0,4,520010020162019589,2023-08-20,Abadiânia,0,0.71639717,20461,18.2857142857143,86.8571428571429,1,0,2,80.5551617142857,71.4285714285714,19.7648621428571,22.2857142857143,11,,,,,5224,2016-05-15,5200100,Abadiania,GO,2016,20
1462665600000,201619,19.0,19,19,19,0.4560971,92.85959,0,4,520010020161919589,2023-08-20,Abadiânia,0,0.965525,20461,19.0,73.2,0,0,2,66.691343,58.8,20.7147186,23.0,11,,,,,5224,2016-05-08,5200100,Abadiania,GO,2016,19
1462060800000,201618,11.0,11,11,11,0.053845197,53.760815,0,4,520010020161819589,2023-08-20,Abadiânia,0,0.55743676,20461,17.5,70.5,0,0,2,68.839285,66.25,17.9583335,18.5,4,,,,,5224,2016-05-01,5200100,Abadiania,GO,2016,18
1461456000000,201617,24.0,24,24,24,0.91389036,117.29632,0,4,520010020161719589,2023-08-20,Abadiânia,0,1.54434,20461,16.3333333333333,89.5,0,0,2,83.0484516666667,71.8333333333333,17.764762,20.1666666666667,11,,,,,5224,2016-04-24,5200100,Abadiania,GO,2016,17
1460851200000,201616,23.0,23,23,23,0.9820659,112.40897,0,4,520010020161619589,2023-08-20,Abadiânia,0,2.0829127,20461,17.6666666666667,82.25,0,1,2,,,,,14,,,,,5224,2016-04-17,5200100,Abadiania,GO,2016,16
1460246400000,201615,15.0,15,15,15,0.9104129,73.3102,0,1,520010020161519589,2023-08-20,Abadiânia,0,1.7385408,20461,19.0,75.0,0,0,2,58.3160286,41.4,23.3211902,28.2,9,,,,,5224,2016-04-10,5200100,Abadiania,GO,2016,15
1459641600000,201614,9.0,9,9,9,0.6224534,43.98612,0,1,520010020161419589,2023-08-20,Abadiânia,0,1.1604921,20461,20.4285714285714,75.8571428571429,0,0,1,65.3315958571429,57.2857142857143,22.488184,24.7142857142857,4,,,,,5224,2016-04-03,5200100,Abadiania,GO,2016,14
1459036800000,201613,9.0,9,9,9,0.44588527,43.98612,0,1,520010020161319589,2023-08-20,Abadiânia,0,0.94011766,20461,19.4285714285714,80.2857142857143,0,0,1,73.0316314285714,66.0,21.0034012857143,23.0,5,,,,,5224,2016-03-27,5200100,Abadiania,GO,2016,13
1458432000000,201612,7.0,7,7,7,0.079519965,34.211426,0,2,520010020161219589,2023-08-20,Abadiânia,0,0.5329075,20461,19.1428571428571,87.1428571428571,1,0,1,79.7179962857143,70.0,20.7168828571429,22.7142857142857,7,,,,,5224,2016-03-20,5200100,Abadiania,GO,2016,12
1457827200000,201611,5.0,5,5,5,0.020676488,24.436733,0,2,520010020161119589,2023-08-20,Abadiânia,0,0.37391418,20461,18.8571428571429,87.0,1,0,0,81.6549157142857,77.1428571428571,20.325974,21.5714285714286,2,,,,,5224,2016-03-13,5200100,Abadiania,GO,2016,11
1457222400000,201610,19.0,19,19,19,0.9385127,92.85959,0,4,520010020161019589,2023-08-20,Abadiânia,0,1.7656877,20461,18.8571428571429,94.8571428571429,1,0,2,91.1096928571429,83.8571428571429,19.7806121428571,21.1428571428571,9,,,,,5224,2016-03-06,5200100,Abadiania,GO,2016,10
1456617600000,201609,14.0,14,14,14,0.91684484,68.42285,0,1,520010020160919589,2023-08-20,Abadiânia,0,1.8131816,20461,18.8571428571429,91.5714285714286,1,0,2,84.3934734285714,74.5714285714286,20.563853,22.5714285714286,8,,,,,5224,2016-02-28,5200100,Abadiania,GO,2016,9
1456012800000,201608,10.0,10,10,10,0.9078653,48.873466,0,1,520010020160819589,2023-08-20,Abadiânia,0,1.9823717,20461,19.4285714285714,82.0,0,0,1,75.1972791428571,67.8571428571429,20.844558,22.7142857142857,6,,,,,5224,2016-02-21,5200100,Abadiania,GO,2016,8
1455408000000,201607,9.0,9,9,9,0.9480985,43.98612,0,2,520010020160719589,2023-08-20,Abadiânia,0,2.5438492,20461,19.5714285714286,89.2857142857143,1,0,1,82.5663271428571,75.5714285714286,20.8068027142857,22.1428571428571,5,,,,,5224,2016-02-14,5200100,Abadiania,GO,2016,7
1454803200000,201606,3.0,3,3,3,0.61374086,14.66204,0,2,520010020160619589,2023-08-20,Abadiânia,0,1.2600768,20461,18.5714285714286,92.4285714285714,1,0,0,77.073962,54.5714285714286,22.3442614285714,27.4285714285714,3,,,,,5224,2016-02-07,5200100,Abadiania,GO,2016,6
1454198400000,201605,4.0,4,4,4,0.917977,19.549387,0,1,520010020160519589,2023-08-20,Abadiânia,0,3.3662138,20461,18.4285714285714,88.4285714285714,1,0,0,71.3273157142857,47.2857142857143,22.7147922857143,28.4285714285714,3,,,,,5224,2016-01-31,5200100,Abadiania,GO,2016,5
1453593600000,201604,3.0,3,3,3,0.9347822,14.66204,0,1,520010020160419589,2023-08-20,Abadiânia,0,4.8787932,20461,19.0,94.8571428571429,1,0,0,89.8534171428571,80.1428571428571,20.0401064285714,21.7142857142857,3,,,,,5224,2016-01-24,5200100,Abadiania,GO,2016,4
1452988800000,201603,0.0,0,0,0,0.0,0.0,0,1,520010020160319589,2023-08-20,Abadiânia,0,0.0,20461,18.7142857142857,97.4285714285714,0,0,0,93.7679514285714,88.8571428571429,19.6410617142857,21.0,0,,,,,5224,2016-01-17,5200100,Abadiania,GO,2016,3
1452384000000,201602,1.0,1,1,1,0.73055524,4.8873467,0,1,520010020160219589,2023-08-20,Abadiânia,0,2.2078235,20461,18.7142857142857,97.4285714285714,1,0,0,94.4098637142857,91.5714285714286,19.3928568571429,20.2857142857143,1,,,,,5224,2016-01-10,5200100,Abadiania,GO,2016,2
1451779200000,201601,0.0,0,0,0,0.0,0.0,0,1,520010020160119589,2023-08-20,Abadiânia,0,0.0,20461,18.7142857142857,96.5714285714286,0,0,0,94.0156025714286,90.1428571428571,19.4301464285714,20.4285714285714,0,,,,,5224,2016-01-03,5200100,Abadiania,GO,2016,1
1451174400000,201552,1.0,1,1,1,0.9602233,4.8873467,0,1,520010020155219589,2023-08-20,Abadiânia,0,17.077047,20461,18.8571428571429,90.7142857142857,1,0,0,85.5892857142857,77.7142857142857,19.9183674285714,21.4285714285714,2,,,,,5224,2015-12-27,5200100,Abadiania,GO,2015,52
1450569600000,201551,0.0,0,0,0,0.0,0.0,0,1,520010020155119589,2023-08-20,Abadiânia,0,0.0,20461,19.5714285714286,80.0,0,0,0,73.3724485714286,66.4285714285714,21.3658162857143,23.2857142857143,0,,,,,5224,2015-12-20,5200100,Abadiania,GO,2015,51
1449964800000,201550,0.0,0,0,0,0.0,0.0,0,1,520010020155019589,2023-08-20,Abadiânia,0,0.0,20461,19.5,80.1666666666667,0,0,0,73.2360238333333,64.8333333333333,20.9057971666667,22.6666666666667,0,,,,,5224,2015-12-13,5200100,Abadiania,GO,2015,50
1449360000000,201549,0.0,0,0,0,0.0,0.0,0,1,520010020154919589,2023-08-20,Abadiânia,0,0.0,20461,19.4285714285714,88.5714285714286,0,0,0,79.52908,64.5714285714286,21.4595907142857,25.2857142857143,0,,,,,5224,2015-12-06,5200100,Abadiania,GO,2015,49
1448755200000,201548,0.0,0,0,0,0.0,0.0,0,1,520010020154819589,2023-08-20,Abadiânia,0,0.0,20461,19.4285714285714,89.1428571428571,0,0,0,72.1334371428571,47.2857142857143,23.460075,29.4285714285714,0,,,,,5224,2015-11-29,5200100,Abadiania,GO,2015,48
1448150400000,201547,1.0,1,1,1,0.6177504,4.8873467,0,1,520010020154719589,2023-08-20,Abadiânia,0,1.4390477,20461,18.2857142857143,93.1428571428571,1,0,0,79.2877854285714,55.5714285714286,21.9482278571429,27.7142857142857,1,,,,,5224,2015-11-22,5200100,Abadiania,GO,2015,47
1447545600000,201546,1.0,1,1,1,0.81452835,4.8873467,0,1,520010020154619589,2023-08-20,Abadiânia,0,3.3787987,20461,18.6666666666667,93.0,1,0,0,78.4501033333333,57.3333333333333,22.2195311666667,27.3333333333333,1,,,,,5224,2015-11-15,5200100,Abadiania,GO,2015,46
1446940800000,201545,1.0,1,1,1,0.9631786,4.8873467,0,1,520010020154519589,2023-08-20,Abadiânia,0,18.47582,20461,20.7142857142857,68.7142857142857,0,0,0,48.279524,30.0,26.2185711428571,32.4285714285714,0,,,,,5224,2015-11-08,5200100,Abadiania,GO,2015,45
1446336000000,201544,0.0,0,0,0,0.0,0.0,0,1,520010020154419589,2023-08-20,Abadiânia,0,0.0,20461,18.875,90.25,0,0,0,70.466313,41.75,23.197388,29.75,0,,,,,5224,2015-11-01,5200100,Abadiania,GO,2015,44
1445731200000,201543,0.0,0,0,0,0.0,0.0,0,1,520010020154319589,2023-08-20,Abadiânia,0,0.0,20461,18.2857142857143,90.7142857142857,0,0,0,73.6956857142857,48.7142857142857,22.5306422857143,28.2857142857143,0,,,,,5224,2015-10-25,5200100,Abadiania,GO,2015,43
1445126400000,201542,0.0,0,0,0,0.0,0.0,0,1,520010020154219589,2023-08-20,Abadiânia,0,0.0,20461,20.8571428571429,60.0,0,0,0,42.4344868571429,24.2857142857143,26.494102,33.4285714285714,0,,,,,5224,2015-10-18,5200100,Abadiania,GO,2015,42
1444521600000,201541,0.0,0,0,0,0.0,0.0,0,1,520010020154119589,2023-08-20,Abadiânia,0,0.0,20461,21.5714285714286,50.1428571428571,0,0,0,29.6726188571429,19.2857142857143,27.359524,32.5714285714286,0,,,,,5224,2015-10-11,5200100,Abadiania,GO,2015,41
1443916800000,201540,0.0,0,0,0,0.0,0.0,0,1,520010020154019589,2023-08-20,Abadiânia,0,0.0,20461,19.5714285714286,78.1428571428571,0,0,0,53.8302685714286,30.1428571428571,25.209754,32.0,0,,,,,5224,2015-10-04,5200100,Abadiania,GO,2015,40
1443312000000,201539,1.0,1,1,1,0.927713,4.8873467,0,1,520010020153919589,2023-08-20,Abadiânia,0,9.237908,20461,19.5714285714286,69.8571428571429,0,0,0,49.2880951428571,27.1428571428571,24.7723811428571,30.7142857142857,0,,,,,5224,2015-09-27,5200100,Abadiania,GO,2015,39
1442707200000,201538,0.0,0,0,0,0.0,0.0,0,1,520010020153819589,2023-08-20,Abadiânia,0,0.0,20461,20.1428571428571,49.0,0,0,0,33.6547622857143,19.2857142857143,26.684524,33.4285714285714,0,,,,,5224,2015-09-20,5200100,Abadiania,GO,2015,38
1442102400000,201537,0.0,0,0,0,0.0,0.0,0,1,520010020153719589,2023-08-20,Abadiânia,0,0.0,20461,19.1428571428571,67.2857142857143,0,0,0,47.4756497142857,29.5714285714286,24.8917751428571,31.0,0,,,,,5224,2015-09-13,5200100,Abadiania,GO,2015,37
1441497600000,201536,0.0,0,0,0,0.0,0.0,0,1,520010020153619589,2023-08-20,Abadiânia,0,0.0,20461,18.4285714285714,74.7142857142857,0,0,0,55.3329364285714,34.8571428571429,23.7179895714286,30.0,0,,,,,5224,2015-09-06,5200100,Abadiania,GO,2015,36
1440892800000,201535,1.0,1,1,1,0.49522346,4.8873467,0,1,520010020153519589,2023-08-20,Abadiânia,0,0.9863407,20461,18.2857142857143,49.7142857142857,0,0,0,32.3668831428571,18.1428571428571,25.0871214285714,31.8571428571429,0,,,,,5224,2015-08-30,5200100,Abadiania,GO,2015,35
1440288000000,201534,0.0,0,0,0,0.0,0.0,0,1,520010020153419589,2023-08-20,Abadiânia,0,0.0,20461,19.1428571428571,59.5714285714286,0,0,0,40.9761908571429,24.8571428571429,24.2261905714286,30.5714285714286,0,,,,,5224,2015-08-23,5200100,Abadiania,GO,2015,34
1439683200000,201533,2.0,2,2,2,0.66881543,9.7746935,0,1,520010020153319589,2023-08-20,Abadiânia,0,1.5326293,20461,16.4285714285714,61.2857142857143,0,0,0,41.9357554285714,26.0,22.7831885714286,29.0,2,,,,,5224,2015-08-16,5200100,Abadiania,GO,2015,33
1439078400000,201532,0.0,0,0,0,0.0,0.0,0,1,520010020153219589,2023-08-20,Abadiânia,0,0.0,20461,14.0,68.1428571428571,0,0,0,48.4634355714286,27.5714285714286,19.8894555714286,26.5714285714286,0,,,,,5224,2015-08-09,5200100,Abadiania,GO,2015,32
1438473600000,201531,3.0,3,3,3,0.9808983,14.66204,0,1,520010020153119589,2023-08-20,Abadiânia,0,13.077809,20461,15.2857142857143,56.7142857142857,0,0,0,38.5687222857143,21.7142857142857,21.4989177142857,28.4285714285714,1,,,,,5224,2015-08-02,5200100,Abadiania,GO,2015,31
1437868800000,201530,0.0,0,0,0,0.0,0.0,0,1,520010020153019589,2023-08-20,Abadiânia,0,0.0,20461,16.5714285714286,62.1428571428571,0,0,0,44.2724217142857,29.5714285714286,21.9561697142857,27.2857142857143,0,,,,,5224,2015-07-26,5200100,Abadiania,GO,2015,30
1437264000000,201529,0.0,0,0,0,0.0,0.0,0,1,520010020152919589,2023-08-20,Abadiânia,0,0.0,20461,15.1428571428571,68.8571428571429,0,0,0,52.344048,34.0,19.6761905714286,25.1428571428571,0,,,,,5224,2015-07-19,5200100,Abadiania,GO,2015,29
1436659200000,201528,0.0,0,0,0,0.0,0.0,0,1,520010020152819589,2023-08-20,Abadiânia,0,0.0,20461,15.7142857142857,76.5714285714286,0,0,0,56.0110687142857,33.8571428571429,20.8048245714286,27.0,0,,,,,5224,2015-07-12,5200100,Abadiania,GO,2015,28
1436054400000,201527,1.0,1,1,1,0.30121115,4.8873467,0,1,520010020152719589,2023-08-20,Abadiânia,0,0.5776497,20461,15.4285714285714,88.2857142857143,0,0,0,69.4407662857143,46.5714285714286,19.6575471428571,25.2857142857143,0,,,,,5224,2015-07-05,5200100,Abadiania,GO,2015,27
1435449600000,201526,3.0,3,3,3,0.7572133,14.66204,0,1,520010020152619589,2023-08-20,Abadiânia,0,1.8270006,20461,13.5714285714286,82.0,0,0,0,59.0109552857143,34.7142857142857,19.619358,26.1428571428571,2,,,,,5224,2015-06-28,5200100,Abadiania,GO,2015,26
1434844800000,201525,1.0,1,1,1,0.2297533,4.8873467,0,1,520010020152519589,2023-08-20,Abadiânia,0,0.4712885,20461,13.7142857142857,86.7142857142857,0,0,0,66.5969051428571,43.8571428571429,18.4971425714286,24.1428571428571,1,,,,,5224,2015-06-21,5200100,Abadiania,GO,2015,25
1434240000000,201524,2.0,2,2,2,0.20557494,9.7746935,0,1,520010020152419589,2023-08-20,Abadiânia,0,0.52296275,20461,16.1428571428571,86.7142857142857,0,0,0,66.4373897142857,39.4285714285714,20.7193022857143,27.0,2,,,,,5224,2015-06-14,5200100,Abadiania,GO,2015,24
1433635200000,201523,1.0,1,1,1,0.01998786,4.8873467,0,1,520010020152319589,2023-08-20,Abadiânia,0,0.17715633,20461,16.1428571428571,82.2857142857143,0,0,0,61.8495674285714,41.1428571428571,20.9523808571429,26.7142857142857,1,,,,,5224,2015-06-07,5200100,Abadiania,GO,2015,23
1433030400000,201522,3.0,3,3,3,0.17766748,14.66204,0,1,520010020152219589,2023-08-20,Abadiânia,0,0.54066485,20461,16.2857142857143,88.1428571428571,0,0,0,65.7129865714286,40.4285714285714,21.0770345714286,26.8571428571429,1,,,,,5224,2015-05-31,5200100,Abadiania,GO,2015,22
1432425600000,201521,8.0,8,8,8,0.8756601,39.098774,0,1,520010020152119589,2023-08-20,Abadiânia,0,1.9259982,20461,16.0,86.4285714285714,0,0,1,66.29174,41.5714285714286,21.1036437142857,27.5714285714286,2,,,,,5224,2015-05-24,5200100,Abadiania,GO,2015,21
1431820800000,201520,6.0,6,6,6,0.7882958,29.32408,0,1,520010020152019589,2023-08-20,Abadiânia,0,1.6503129,20461,16.1428571428571,89.7142857142857,0,0,1,73.6916662857143,50.5714285714286,20.0730951428571,25.5714285714286,3,,,,,5224,2015-05-17,5200100,Abadiania,GO,2015,20
1431216000000,201519,4.0,4,4,4,0.53518707,19.549387,0,1,520010020151919589,2023-08-20,Abadiânia,0,1.0618917,20461,15.7142857142857,94.8571428571429,0,0,0,81.6601242857143,62.2857142857143,19.1336851428571,23.8571428571429,3,,,,,5224,2015-05-10,5200100,Abadiania,GO,2015,19
1430611200000,201518,1.0,1,1,1,0.16491324,4.8873467,0,1,520010020151819589,2023-08-20,Abadiânia,0,0.3845827,20461,17.7142857142857,93.1428571428571,0,0,0,80.5469051428571,59.2857142857143,20.8173808571429,25.7142857142857,0,,,,,5224,2015-05-03,5200100,Abadiania,GO,2015,18
1430006400000,201517,8.0,8,8,8,0.9814903,39.098774,0,1,520010020151719589,2023-08-20,Abadiânia,0,4.0873737,20461,17.4285714285714,92.4285714285714,0,1,1,75.4612635714286,48.8571428571429,21.2343348571429,27.2857142857143,5,,,,,5224,2015-04-26,5200100,Abadiania,GO,2015,17
1429401600000,201516,0.0,0,0,0,0.0,0.0,0,1,520010020151619589,2023-08-20,Abadiânia,0,0.0,20461,18.4285714285714,94.0,0,0,0,79.0254928571429,49.8571428571429,22.0477297142857,29.0,0,,,,,5224,2015-04-19,5200100,Abadiania,GO,2015,16
1428796800000,201515,2.0,2,2,2,0.18529831,9.7746935,0,1,520010020151519589,2023-08-20,Abadiânia,0,0.49721283,20461,17.7142857142857,94.0,0,0,0,80.441074,55.4285714285714,21.530348,27.5714285714286,2,,,,,5224,2015-04-12,5200100,Abadiania,GO,2015,15
1428192000000,201514,2.0,2,2,2,0.096045315,9.7746935,0,1,520010020151419589,2023-08-20,Abadiânia,0,0.38203174,20461,18.4285714285714,95.7142857142857,1,0,0,81.991878,56.8571428571429,21.5793381428571,27.4285714285714,0,,,,,5224,2015-04-05,5200100,Abadiania,GO,2015,14
1427587200000,201513,4.0,4,4,4,0.37289184,19.549387,0,1,520010020151319589,2023-08-20,Abadiânia,0,0.81253153,20461,18.4285714285714,94.0,1,0,0,78.4238065714286,51.4285714285714,22.1308031428571,28.4285714285714,0,,,,,5224,2015-03-29,5200100,Abadiania,GO,2015,13
1426982400000,201512,6.0,6,6,6,0.80962443,29.32408,0,1,520010020151219589,2023-08-20,Abadiânia,0,1.7426041,20461,17.4285714285714,94.0,0,0,1,82.2219771428571,55.0,21.1968991428571,27.2857142857143,4,,,,,5224,2015-03-22,5200100,Abadiania,GO,2015,12
1426377600000,201511,7.0,7,7,7,0.940226,34.211426,0,1,520010020151119589,2023-08-20,Abadiânia,0,2.7821147,20461,17.1428571428571,94.0,0,0,1,85.9780948571428,63.8571428571429,19.3880308571429,24.8571428571429,3,,,,,5224,2015-03-15,5200100,Abadiania,GO,2015,11
1425772800000,201510,1.0,1,1,1,0.3041989,4.8873467,0,1,520010020151019589,2023-08-20,Abadiânia,0,0.5824406,20461,18.2857142857143,92.2857142857143,1,0,0,81.2064297142857,58.1428571428571,21.1123808571429,26.7142857142857,0,,,,,5224,2015-03-08,5200100,Abadiania,GO,2015,10
1425168000000,201509,4.0,4,4,4,0.92704993,19.549387,0,1,520010020150919589,2023-08-20,Abadiânia,0,3.625115,20461,17.7142857142857,95.7142857142857,0,0,0,80.2007135714286,55.7142857142857,21.2680805714286,26.7142857142857,2,,,,,5224,2015-03-01,5200100,Abadiania,GO,2015,9
1424563200000,201508,1.0,1,1,1,0.593234,4.8873467,0,1,520010020150819589,2023-08-20,Abadiânia,0,1.3274451,20461,17.8571428571429,89.4285714285714,0,0,0,71.7729597142857,45.7142857142857,21.9988774285714,27.7142857142857,0,,,,,5224,2015-02-22,5200100,Abadiania,GO,2015,8
1423958400000,201507,1.0,1,1,1,0.6634578,4.8873467,0,1,520010020150719589,2023-08-20,Abadiânia,0,1.6894078,20461,17.8571428571429,92.2857142857143,0,0,0,79.3831457142857,55.4285714285714,21.1600344285714,26.5714285714286,0,,,,,5224,2015-02-15,5200100,Abadiania,GO,2015,7
1423353600000,201506,1.0,1,1,1,0.6177504,4.8873467,0,1,520010020150619589,2023-08-20,Abadiânia,0,1.4390478,20461,18.1428571428571,90.1428571428571,1,0,0,74.0194688571429,53.8571428571429,22.2554398571429,27.1428571428571,1,,,,,5224,2015-02-08,5200100,Abadiania,GO,2015,6
1422748800000,201505,0.0,0,0,0,0.0,0.0,0,1,520010020150519589,2023-08-20,Abadiânia,0,0.0,20461,18.2857142857143,91.0,0,0,0,77.137676,55.2857142857143,21.5863877142857,26.2857142857143,0,,,,,5224,2015-02-01,5200100,Abadiania,GO,2015,5
1422144000000,201504,1.0,1,1,1,0.8145292,4.8873467,0,1,520010020150419589,2023-08-20,Abadiânia,0,3.3788157,20461,18.5714285714286,90.1428571428571,1,0,0,72.9731497142857,47.0,22.4855651428571,28.4285714285714,1,,,,,5224,2015-01-25,5200100,Abadiania,GO,2015,4
1421539200000,201503,1.0,1,1,1,0.9632679,4.8873467,0,1,520010020150319589,2023-08-20,Abadiânia,0,18.521618,20461,18.0,90.1428571428571,0,0,0,64.6188074285714,34.5714285714286,23.1177934285714,29.5714285714286,1,,,,,5224,2015-01-18,5200100,Abadiania,GO,2015,3
1420934400000,201502,0.0,0,0,0,0.0,0.0,0,1,520010020150219589,2023-08-20,Abadiânia,0,0.0,20461,19.1428571428571,77.8571428571429,0,0,0,51.8445022857143,27.2857142857143,25.2991342857143,31.5714285714286,0,,,,,5224,2015-01-11,5200100,Abadiania,GO,2015,2
1420329600000,201501,0.0,0,0,0,0.0,0.0,0,1,520010020150119589,2023-08-20,Abadiânia,0,0.0,20461,19.0,84.5714285714286,0,0,0,59.6071428571429,36.2857142857143,24.2083334285714,29.7142857142857,0,,,,,5224,2015-01-04,5200100,Abadiania,GO,2015,1
1419724800000,201453,0.0,0,0,0,0.0,0.0,0,1,520010020145319589,2023-08-20,Abadiânia,0,0.0,20461,18.5714285714286,83.2857142857143,0,0,0,63.9749582857143,44.2857142857143,23.6512367142857,29.4285714285714,0,,,,,5224,2014-12-28,5200100,Abadiania,GO,2014,53
1419120000000,201452,0.0,0,0,0,0.0,0.0,0,1,520010020145219589,2023-08-20,Abadiânia,0,0.0,20461,18.5714285714286,90.0,0,0,0,73.3740617142857,47.8571428571429,22.2274887142857,27.5714285714286,0,,,,,5224,2014-12-21,5200100,Abadiania,GO,2014,52
1418515200000,201451,0.0,0,0,0,0.0,0.0,0,1,520010020145119589,2023-08-20,Abadiânia,0,0.0,20461,17.8571428571429,95.7142857142857,0,0,0,83.7536714285714,56.4285714285714,21.1498057142857,26.1428571428571,0,,,,,5224,2014-12-14,5200100,Abadiania,GO,2014,51
1417910400000,201450,0.0,0,0,0,0.0,0.0,0,1,520010020145019589,2023-08-20,Abadiânia,0,0.0,20461,17.2857142857143,94.0,0,0,0,87.1072127142857,70.7142857142857,19.2681477142857,23.2857142857143,0,,,,,5224,2014-12-07,5200100,Abadiania,GO,2014,50
1417305600000,201449,0.0,0,0,0,0.0,0.0,0,1,520010020144919589,2023-08-20,Abadiânia,0,0.0,20461,18.2857142857143,94.0,0,0,0,79.2866851428571,54.8571428571429,20.7647805714286,26.1428571428571,0,,,,,5224,2014-11-30,5200100,Abadiania,GO,2014,49
1416700800000,201448,0.0,0,0,0,0.0,0.0,0,1,520010020144819589,2023-08-20,Abadiânia,0,0.0,20461,18.1428571428571,94.0,0,0,0,81.841806,56.4285714285714,21.0182051428571,26.4285714285714,0,,,,,5224,2014-11-23,5200100,Abadiania,GO,2014,48
1416096000000,201447,0.0,0,0,0,0.0,0.0,0,1,520010020144719589,2023-08-20,Abadiânia,0,0.0,20461,18.0,89.1428571428571,0,0,0,66.4228008571429,37.8571428571429,22.6367722857143,28.5714285714286,0,,,,,5224,2014-11-16,5200100,Abadiania,GO,2014,47
1415491200000,201446,0.0,0,0,0,0.0,0.0,0,1,520010020144619589,2023-08-20,Abadiânia,0,0.0,20461,18.2857142857143,93.1428571428571,0,0,0,80.1416851428571,53.4285714285714,21.3601468571429,26.8571428571429,0,,,,,5224,2014-11-09,5200100,Abadiania,GO,2014,46
1414886400000,201445,0.0,0,0,0,0.0,0.0,0,1,520010020144519589,2023-08-20,Abadiânia,0,0.0,20461,18.5714285714286,90.0,0,0,0,68.3092067142857,42.5714285714286,22.9988624285714,29.2857142857143,0,,,,,5224,2014-11-02,5200100,Abadiania,GO,2014,45
1414281600000,201444,0.0,0,0,0,0.0,0.0,0,1,520010020144419589,2023-08-20,Abadiânia,0,0.0,20461,17.7142857142857,94.0,0,0,0,76.4997828571429,48.2857142857143,21.5020435714286,27.5714285714286,0,,,,,5224,2014-10-26,5200100,Abadiania,GO,2014,44
1413676800000,201443,0.0,0,0,0,0.0,0.0,0,1,520010020144319589,2023-08-20,Abadiânia,0,0.0,20461,18.4285714285714,84.5714285714286,0,0,0,62.9630522857143,41.5714285714286,23.0642005714286,29.2857142857143,0,,,,,5224,2014-10-19,5200100,Abadiania,GO,2014,43
1413072000000,201442,0.0,0,0,0,0.0,0.0,0,1,520010020144219589,2023-08-20,Abadiânia,0,0.0,20461,21.1428571428571,40.0,0,0,0,27.4767085714286,16.7142857142857,27.4992231428571,33.8571428571429,0,,,,,5224,2014-10-12,5200100,Abadiania,GO,2014,42
1412467200000,201441,0.0,0,0,0,0.0,0.0,0,1,520010020144119589,2023-08-20,Abadiânia,0,0.0,20461,17.5714285714286,56.5714285714286,0,0,0,35.763568,20.1428571428571,23.7388347142857,30.4285714285714,0,,,,,5224,2014-10-05,5200100,Abadiania,GO,2014,41
1411862400000,201440,0.0,0,0,0,0.0,0.0,0,1,520010020144019589,2023-08-20,Abadiânia,0,0.0,20461,19.4285714285714,74.7142857142857,0,0,0,54.7452382857143,34.4285714285714,23.9933331428571,30.0,0,,,,,5224,2014-09-28,5200100,Abadiania,GO,2014,40
1411257600000,201439,0.0,0,0,0,0.0,0.0,0,1,520010020143919589,2023-08-20,Abadiânia,0,0.0,20461,18.1428571428571,86.7142857142857,0,0,0,65.833852,37.8571428571429,22.5869962857143,29.5714285714286,0,,,,,5224,2014-09-21,5200100,Abadiania,GO,2014,39
1410652800000,201438,0.0,0,0,0,0.0,0.0,0,1,520010020143819589,2023-08-20,Abadiânia,0,0.0,20461,20.0,58.2857142857143,0,0,0,38.8573817142857,22.2857142857143,25.5591991428571,32.2857142857143,0,,,,,5224,2014-09-14,5200100,Abadiania,GO,2014,38
1410048000000,201437,0.0,0,0,0,0.0,0.0,0,1,520010020143719589,2023-08-20,Abadiânia,0,0.0,20461,16.7142857142857,53.0,0,0,0,36.9824014285714,21.0,22.669772,29.2857142857143,0,,,,,5224,2014-09-07,5200100,Abadiania,GO,2014,37
1409443200000,201436,0.0,0,0,0,0.0,0.0,0,1,520010020143619589,2023-08-20,Abadiânia,0,0.0,20461,17.7142857142857,75.8571428571429,0,0,0,55.2787088571429,32.7142857142857,22.9808164285714,30.2857142857143,0,,,,,5224,2014-08-31,5200100,Abadiania,GO,2014,36
1408838400000,201435,0.0,0,0,0,0.0,0.0,0,1,520010020143519589,2023-08-20,Abadiânia,0,0.0,20461,18.5714285714286,56.0,0,0,0,33.238378,19.5714285714286,24.5633582857143,30.8571428571429,0,,,,,5224,2014-08-24,5200100,Abadiania,GO,2014,35
1408233600000,201434,0.0,0,0,0,0.0,0.0,0,1,520010020143419589,2023-08-20,Abadiânia,0,0.0,20461,16.1428571428571,59.4285714285714,0,0,0,42.0571948571429,25.7142857142857,21.7047097142857,27.4285714285714,0,,,,,5224,2014-08-17,5200100,Abadiania,GO,2014,34
1407628800000,201433,0.0,0,0,0,0.0,0.0,0,1,520010020143319589,2023-08-20,Abadiânia,0,0.0,20461,16.1428571428571,55.1428571428571,0,0,0,39.8119651428571,24.8571428571429,21.5596274285714,28.1428571428571,0,,,,,5224,2014-08-10,5200100,Abadiania,GO,2014,33
1407024000000,201432,0.0,0,0,0,0.0,0.0,0,1,520010020143219589,2023-08-20,Abadiânia,0,0.0,20461,15.5714285714286,57.7142857142857,0,0,0,40.5264491428571,24.5714285714286,21.0696168571429,27.2857142857143,0,,,,,5224,2014-08-03,5200100,Abadiania,GO,2014,32
1406419200000,201431,0.0,0,0,0,0.0,0.0,0,1,520010020143119589,2023-08-20,Abadiânia,0,0.0,20461,14.2857142857143,82.7142857142857,0,0,0,64.8142217142857,42.0,18.0610965714286,23.4285714285714,0,,,,,5224,2014-07-27,5200100,Abadiania,GO,2014,31
1405814400000,201430,1.0,1,1,1,0.46551096,4.8873467,0,1,520010020143019589,2023-08-20,Abadiânia,0,0.9065255,20461,15.2857142857143,79.4285714285714,0,0,0,61.2270402857143,41.0,19.3604512857143,24.5714285714286,1,,,,,5224,2014-07-20,5200100,Abadiania,GO,2014,30
1405209600000,201429,0.0,0,0,0,0.0,0.0,0,1,520010020142919589,2023-08-20,Abadiânia,0,0.0,20461,15.0,71.4285714285714,0,0,0,51.9921891428571,31.1428571428571,20.0853097142857,26.2857142857143,0,,,,,5224,2014-07-13,5200100,Abadiania,GO,2014,29
1404604800000,201428,2.0,2,2,2,0.7496625,9.7746935,0,1,520010020142819589,2023-08-20,Abadiânia,0,1.997502,20461,15.1428571428571,68.1428571428571,0,0,0,50.9239605714286,30.1428571428571,20.0195745714286,26.0,2,,,,,5224,2014-07-06,5200100,Abadiania,GO,2014,28
1404000000000,201427,1.0,1,1,1,0.31552917,4.8873467,0,1,520010020142719589,2023-08-20,Abadiânia,0,0.60090566,20461,14.8571428571429,72.5714285714286,0,0,0,51.2797611428571,29.7142857142857,20.3095234285714,26.7142857142857,1,,,,,5224,2014-06-29,5200100,Abadiania,GO,2014,27
1403395200000,201426,0.0,0,0,0,0.0,0.0,0,1,520010020142619589,2023-08-20,Abadiânia,0,0.0,20461,14.1428571428571,77.2857142857143,0,0,0,55.9047617142857,32.5714285714286,19.7023808571429,26.1428571428571,0,,,,,5224,2014-06-22,5200100,Abadiania,GO,2014,26
1402790400000,201425,2.0,2,2,2,0.24170458,9.7746935,0,1,520010020142519589,2023-08-20,Abadiânia,0,0.56963885,20461,16.1428571428571,79.5714285714286,0,0,0,62.21532,43.0,20.1765008571429,25.0,2,,,,,5224,2014-06-15,5200100,Abadiania,GO,2014,25
1402185600000,201424,3.0,3,3,3,0.13410471,14.66204,0,1,520010020142419589,2023-08-20,Abadiânia,0,0.48694497,20461,15.5714285714286,78.1428571428571,0,0,0,60.7965394285714,40.5714285714286,20.0675991428571,25.5714285714286,3,,,,,5224,2014-06-08,5200100,Abadiania,GO,2014,24
1401580800000,201423,1.0,1,1,1,0.0033533606,4.8873467,0,1,520010020142319589,2023-08-20,Abadiânia,0,0.12165189,20461,16.4285714285714,86.8571428571429,0,0,0,65.9734548571429,41.0,20.8676425714286,27.0,1,,,,,5224,2014-06-01,5200100,Abadiania,GO,2014,23
1400976000000,201422,7.0,7,7,7,0.48354003,34.211426,0,1,520010020142219589,2023-08-20,Abadiânia,0,0.9789229,20461,15.7142857142857,83.7142857142857,0,0,1,63.7463374285714,39.0,20.4908422857143,27.1428571428571,7,,,,,5224,2014-05-25,5200100,Abadiania,GO,2014,22
1400371200000,201421,10.0,10,10,10,0.9532348,48.873466,0,1,520010020142119589,2023-08-20,Abadiânia,0,2.4889433,20461,17.8571428571429,84.4285714285714,0,1,1,65.3658008571429,45.0,22.0670997142857,27.7142857142857,9,,,,,5224,2014-05-18,5200100,Abadiania,GO,2014,21
1399766400000,201420,10.0,10,10,10,0.98923796,48.873466,0,1,520010020142019589,2023-08-20,Abadiânia,0,4.0524387,20461,16.4285714285714,80.4285714285714,0,1,1,62.0498077142857,41.0,20.6563851428571,26.1428571428571,8,,,,,5224,2014-05-11,5200100,Abadiania,GO,2014,20
1399161600000,201419,1.0,1,1,1,0.181662,4.8873467,0,1,520010020141919589,2023-08-20,Abadiânia,0,0.40639314,20461,17.2857142857143,81.7142857142857,0,0,0,62.3583331428571,41.1428571428571,21.660714,27.1428571428571,1,,,,,5224,2014-05-04,5200100,Abadiania,GO,2014,19
1398556800000,201418,2.0,2,2,2,0.4932247,9.7746935,0,1,520010020141819589,2023-08-20,Abadiânia,0,0.9848719,20461,14.8571428571429,84.1428571428571,0,0,0,63.41149,42.0,20.0551242857143,25.7142857142857,2,,,,,5224,2014-04-27,5200100,Abadiania,GO,2014,18
1397952000000,201417,3.0,3,3,3,0.89354503,14.66204,0,1,520010020141719589,2023-08-20,Abadiânia,0,3.3788157,20461,18.7142857142857,90.8571428571429,1,0,0,76.0714014285714,55.0,21.930582,27.0,3,,,,,5224,2014-04-20,5200100,Abadiania,GO,2014,17
1397347200000,201416,3.0,3,3,3,0.9872154,14.66204,0,1,520010020141619589,2023-08-20,Abadiânia,0,18.521618,20461,18.2857142857143,94.8571428571429,1,0,0,78.4179848571429,51.5714285714286,21.9269415714286,27.2857142857143,3,,,,,5224,2014-04-13,5200100,Abadiania,GO,2014,16
1396742400000,201415,0.0,0,0,0,0.0,0.0,0,1,520010020141519589,2023-08-20,Abadiânia,0,0.0,20461,18.4285714285714,94.8571428571429,0,0,0,80.1206271428571,46.5714285714286,21.9998284285714,27.7142857142857,0,,,,,5224,2014-04-06,5200100,Abadiania,GO,2014,15
1396137600000,201414,0.0,0,0,0,0.0,0.0,0,1,520010020141419589,2023-08-20,Abadiânia,0,0.0,20461,18.0,94.8571428571429,0,0,0,82.8567588571429,60.8571428571429,21.3764567142857,26.5714285714286,0,,,,,5224,2014-03-30,5200100,Abadiania,GO,2014,14
1395532800000,201413,0.0,0,0,0,0.0,0.0,0,1,520010020141319589,2023-08-20,Abadiânia,0,0.0,20461,17.8571428571429,95.7142857142857,0,0,0,83.9046878571429,54.7142857142857,20.6878527142857,26.1428571428571,0,,,,,5224,2014-03-23,5200100,Abadiania,GO,2014,13
1394928000000,201412,0.0,0,0,0,0.0,0.0,0,1,520010020141219589,2023-08-20,Abadiânia,0,0.0,20461,18.2857142857143,91.4285714285714,0,0,0,73.8805254285714,47.1428571428571,21.9160705714286,27.5714285714286,0,,,,,5224,2014-03-16,5200100,Abadiania,GO,2014,12
1394323200000,201411,0.0,0,0,0,0.0,0.0,0,1,520010020141119589,2023-08-20,Abadiânia,0,0.0,20461,17.5714285714286,89.2857142857143,0,0,0,72.8377871428571,50.0,22.0961392857143,27.8571428571429,0,,,,,5224,2014-03-09,5200100,Abadiania,GO,2014,11
1393718400000,201410,0.0,0,0,0,0.0,0.0,0,1,520010020141019589,2023-08-20,Abadiânia,0,0.0,20461,17.4285714285714,95.7142857142857,0,0,0,84.83862,59.7142857142857,20.590128,26.2857142857143,0,,,,,5224,2014-03-02,5200100,Abadiania,GO,2014,10
1393113600000,201409,0.0,0,0,0,0.0,0.0,0,1,520010020140919589,2023-08-20,Abadiânia,0,0.0,20461,17.4285714285714,93.1428571428571,0,0,0,76.6097934285714,55.1428571428571,21.384235,26.7142857142857,0,,,,,5224,2014-02-23,5200100,Abadiania,GO,2014,9
1392508800000,201408,0.0,0,0,0,0.0,0.0,0,1,520010020140819589,2023-08-20,Abadiânia,0,0.0,20461,17.5714285714286,95.7142857142857,0,0,0,86.9342288571429,65.0,19.9523808571429,24.5714285714286,0,,,,,5224,2014-02-16,5200100,Abadiania,GO,2014,8
1391904000000,201407,0.0,0,0,0,0.0,0.0,0,1,520010020140719589,2023-08-20,Abadiânia,0,0.0,20461,17.8571428571429,90.0,0,0,0,74.938976,49.7142857142857,21.3662657142857,28.0,1,,,,,5224,2014-02-09,5200100,Abadiania,GO,2014,7
1391299200000,201406,0.0,0,0,0,0.0,0.0,0,1,520010020140619589,2023-08-20,Abadiânia,0,0.0,20461,18.8571428571429,73.4285714285714,0,0,0,53.5111908571429,34.1428571428571,23.9180951428571,29.5714285714286,0,,,,,5224,2014-02-02,5200100,Abadiania,GO,2014,6
1390694400000,201405,0.0,0,0,0,0.0,0.0,0,1,520010020140519589,2023-08-20,Abadiânia,0,0.0,20461,17.5714285714286,85.2857142857143,0,0,0,65.2433342857143,40.4285714285714,22.2859525714286,28.2857142857143,0,,,,,5224,2014-01-26,5200100,Abadiania,GO,2014,5
1390089600000,201404,0.0,0,0,0,0.0,0.0,0,1,520010020140419589,2023-08-20,Abadiânia,0,0.0,20461,17.5714285714286,92.2857142857143,0,0,0,79.5471717142857,57.7142857142857,20.6635998571429,26.0,0,,,,,5224,2014-01-19,5200100,Abadiania,GO,2014,4
1389484800000,201403,0.0,0,0,0,0.0,0.0,0,1,520010020140319589,2023-08-20,Abadiânia,0,0.0,20461,18.1428571428571,88.4285714285714,0,0,0,67.6698821428571,40.7142857142857,22.7431728571429,28.8571428571429,0,,,,,5224,2014-01-12,5200100,Abadiania,GO,2014,3
1388880000000,201402,0.0,0,0,0,0.0,0.0,0,1,520010020140219589,2023-08-20,Abadiânia,0,0.0,20461,18.2857142857143,85.5714285714286,0,0,0,63.0817265714286,38.4285714285714,22.7747475714286,29.2857142857143,0,,,,,5224,2014-01-05,5200100,Abadiania,GO,2014,2
1388275200000,201401,0.0,0,0,0,0.0,0.0,0,1,520010020140119589,2023-08-20,Abadiânia,0,0.0,20461,18.5714285714286,88.5714285714286,0,0,0,71.3204765714286,48.5714285714286,22.8707142857143,28.4285714285714,1,,,,,5224,2013-12-29,5200100,Abadiania,GO,2014,1
