data_iniSE,se_codigo,casos_est,casos_est_min,casos_est_max,casos,p_rt1,p_inc100k,Localidade_id,nivel,id,versao_modelo,municipio_nome,tweet,Rt,pop,tempmin,umidmax,receptivo,transmissao,nivel_inc,umidmed,umidmin,tempmed,tempmax,casprov,casprov_est,casprov_est_min,casprov_est_max,casconf,notif_accum_year,data_ini_se,cod_ibge,municipio,uf,ano,semana
1786233600000,202632,2.0,2,2,2,0.10340169,2.732203,0,1,520860820263220683,2026-08-18,Goianésia,,0.39201337,73201,0.0,0.0,0,0,0,0.0,0.0,0.0,0.0,2,,,,,14828,2026-08-09,5208608,Goianesia,GO,2026,32
1785628800000,202631,4.0,4,4,4,0.51256186,5.464406,0,1,520860820263120683,2026-08-18,Goianésia,,1.0214565,73201,19.1415166666667,36.4040666666667,0,0,0,32.1443833333333,28.9480666666667,20.4446833333333,21.6339166666667,4,,,,,14828,2026-08-02,5208608,Goianesia,GO,2026,31
1785024000000,202630,9.0,9,9,9,0.9322408,12.294914,0,1,520860820263020683,2026-08-18,Goianésia,,2.3114183,73201,25.3740571428571,38.9245571428571,0,0,1,38.9245571428571,38.9245571428571,25.3740571428571,25.3740571428571,8,,,,,14828,2026-07-26,5208608,Goianesia,GO,2026,30
1784419200000,202629,1.0,1,1,1,0.025434216,1.3661015,0,1,520860820262920683,2026-08-18,Goianésia,,0.18878306,73201,22.9625714285714,45.0037714285714,0,0,0,45.0037714285714,45.0037714285714,22.9625714285714,22.9625714285714,0,,,,,14828,2026-07-19,5208608,Goianesia,GO,2026,29
1783814400000,202628,3.0,3,3,3,0.077522725,4.0983047,0,1,520860820262820683,2026-08-18,Goianésia,,0.41089144,73201,24.0347714285714,46.8836,0,0,0,46.8836,46.8836,24.0347714285714,24.0347714285714,2,,,,,14828,2026-07-12,5208608,Goianesia,GO,2026,28
1783209600000,202627,7.0,7,7,7,0.21493447,9.562711,0,1,520860820262720683,2026-08-18,Goianésia,,0.68740064,73201,23.3212428571429,46.1470857142857,0,0,1,46.1470857142857,46.1470857142857,23.3212428571429,23.3212428571429,6,,,,,14828,2026-07-05,5208608,Goianesia,GO,2026,27
1782604800000,202626,4.0,4,4,4,0.015026184,5.464406,0,1,520860820262620683,2026-08-18,Goianésia,,0.32481357,73201,22.7674714285714,48.9546571428571,0,0,0,48.9546571428571,48.9546571428571,22.7674714285714,22.7674714285714,3,,,,,14828,2026-06-28,5208608,Goianesia,GO,2026,26
1782000000000,202625,13.0,13,13,13,0.37160704,17.75932,0,1,520860820262520683,2026-08-18,Goianésia,,0.88449126,73201,24.0862428571429,56.4871142857143,0,0,1,56.4871142857143,56.4871142857143,24.0862428571429,24.0862428571429,11,,,,,14828,2026-06-21,5208608,Goianesia,GO,2026,25
1781395200000,202624,12.0,12,12,12,0.14415292,16.393219,0,1,520860820262420683,2026-08-18,Goianésia,,0.67851114,73201,23.9169428571429,60.6695428571429,0,0,1,60.6695428571429,60.6695428571429,23.9169428571429,23.9169428571429,6,,,,,14828,2026-06-14,5208608,Goianesia,GO,2026,24
1780790400000,202623,12.0,12,12,12,0.08178468,16.393219,0,1,520860820262320683,2026-08-18,Goianésia,,0.6091323,73201,19.9089571428571,69.6909857142857,0,0,1,64.1992285714286,58.4738714285714,21.5455428571429,23.3186714285714,8,,,,,14828,2026-06-07,5208608,Goianesia,GO,2026,23
1780185600000,202622,22.0,22,22,22,0.56979305,30.054234,0,1,520860820262220683,2026-08-18,Goianésia,,1.0546498,73201,17.8440571428571,73.1758571428571,0,0,1,53.1318857142857,32.8530857142857,22.9602,28.4189428571429,13,,,,,14828,2026-05-31,5208608,Goianesia,GO,2026,22
1779580800000,202621,16.0,16,16,16,0.2502114,21.857624,0,1,520860820262120683,2026-08-18,Goianésia,,0.8003406,73201,20.0010571428571,76.4026,0,0,1,58.4431285714286,39.5710714285714,24.2426,28.7812142857143,10,,,,,14828,2026-05-24,5208608,Goianesia,GO,2026,21
1778976000000,202620,26.0,26,26,26,0.82855797,35.51864,0,1,520860820262020683,2026-08-18,Goianésia,,1.3224868,73201,21.1630714285714,76.0798714285714,0,0,1,58.0986857142857,37.8718,25.4537,30.1703857142857,16,,,,,14828,2026-05-17,5208608,Goianesia,GO,2026,20
1778371200000,202619,18.0,18,18,18,0.32643017,24.589828,0,1,520860820261920683,2026-08-18,Goianésia,,0.86666036,73201,19.4738428571429,80.262,0,0,1,60.5052714285714,37.0429714285714,24.7213142857143,30.1975857142857,11,,,,,14828,2026-05-10,5208608,Goianesia,GO,2026,19
1777766400000,202618,18.0,18,18,18,0.3937807,24.589828,0,1,520860820261820683,2026-08-18,Goianésia,,0.91674656,73201,24.3235428571429,57.3848571428571,0,0,1,57.3848571428571,57.3848571428571,24.3235428571429,24.3235428571429,10,,,,,14828,2026-05-03,5208608,Goianesia,GO,2026,18
1777161600000,202617,22.0,22,22,22,0.84986985,30.054234,0,1,520860820261720683,2026-08-18,Goianésia,,1.3992089,73201,24.4406285714286,64.9440571428571,0,0,1,64.9440571428571,64.9440571428571,24.4406285714286,24.4406285714286,14,,,,,14828,2026-04-26,5208608,Goianesia,GO,2026,17
1776556800000,202616,25.0,25,25,25,0.9789975,34.15254,0,2,520860820261620683,2026-08-18,Goianésia,,1.9593502,73201,20.0266428571429,86.0582428571429,1,1,1,67.8171857142857,45.1424142857143,24.6757571428571,29.5739714285714,20,,,,,14828,2026-04-19,5208608,Goianesia,GO,2026,16
1775952000000,202615,10.0,10,10,10,0.42277598,13.6610155,0,2,520860820261520683,2026-08-18,Goianésia,,0.9197818,73201,20.404,88.4064285714286,1,0,1,74.0894,56.2231857142857,24.2246285714286,28.5557285714286,5,,,,,14828,2026-04-12,5208608,Goianesia,GO,2026,15
1775347200000,202614,17.0,17,17,17,0.88236874,23.223726,0,2,520860820261420683,2026-08-18,Goianésia,,1.5659478,73201,20.5100571428571,94.2911428571429,1,0,1,78.4876285714286,56.9268714285714,24.4446428571429,29.2607857142857,11,,,,,14828,2026-04-05,5208608,Goianesia,GO,2026,14
1774742400000,202613,6.0,6,6,6,0.1408763,8.1966095,0,2,520860820261320683,2026-08-18,Goianésia,,0.5885797,73201,20.0772714285714,88.9112714285714,1,0,1,75.2206857142857,55.9232,23.7869714285714,28.3934714285714,3,,,,,14828,2026-03-29,5208608,Goianesia,GO,2026,13
1774137600000,202612,13.0,13,13,13,0.88328034,17.75932,0,2,520860820261220683,2026-08-18,Goianésia,,1.6845719,73201,20.0743428571429,93.0737142857143,1,0,1,79.4014,61.3283428571429,23.6390142857143,27.9223285714286,5,,,,,14828,2026-03-22,5208608,Goianesia,GO,2026,12
1773532800000,202611,12.0,12,12,12,0.93853325,16.393219,0,2,520860820261120683,2026-08-18,Goianésia,,2.0934966,73201,20.9183714285714,96.0540428571429,1,0,1,81.6086428571429,61.6989285714286,24.1819857142857,28.3926428571429,3,,,,,14828,2026-03-15,5208608,Goianesia,GO,2026,11
1772928000000,202610,7.0,7,7,7,0.6761387,9.562711,0,2,520860820261020683,2026-08-18,Goianésia,,1.2858366,73201,20.8605428571429,95.8464285714286,1,0,1,81.6198857142857,61.6079142857143,24.3521571428571,28.6628285714286,0,,,,,14828,2026-03-08,5208608,Goianesia,GO,2026,10
1772323200000,202609,4.0,4,4,4,0.3048593,5.464406,0,2,520860820260920683,2026-08-18,Goianésia,,0.7270502,73201,20.569,96.1808,1,0,0,81.0842857142857,61.0001142857143,24.0446714285714,28.3824857142857,2,,,,,14828,2026-03-01,5208608,Goianesia,GO,2026,9
1771718400000,202608,6.0,6,6,6,0.52262866,8.1966095,0,2,520860820260820683,2026-08-18,Goianésia,,1.0323887,73201,20.2447142857143,96.8716571428571,1,0,1,88.5011142857143,73.7936428571429,22.2664428571429,25.5980714285714,3,,,,,14828,2026-02-22,5208608,Goianesia,GO,2026,8
1771113600000,202607,6.0,6,6,6,0.397333,8.1966095,0,2,520860820260720683,2026-08-18,Goianésia,,0.8689865,73201,20.7975285714286,91.6933857142857,1,0,1,76.6666142857143,55.5901714285714,24.4388,29.0692,2,,,,,14828,2026-02-15,5208608,Goianesia,GO,2026,7
1770508800000,202606,4.0,4,4,4,0.16740313,5.464406,0,2,520860820260620683,2026-08-18,Goianésia,,0.56616616,73201,20.1602,94.3946571428571,1,0,0,80.4961428571429,61.3596857142857,23.2955857142857,27.1230857142857,0,,,,,14828,2026-02-08,5208608,Goianesia,GO,2026,6
1769904000000,202605,8.0,8,8,8,0.70585877,10.928812,0,2,520860820260520683,2026-08-18,Goianésia,,1.3255256,73201,20.6861142857143,97.2819428571429,1,0,1,86.2789428571429,70.6428857142857,23.1592285714286,26.6173571428571,1,,,,,14828,2026-02-01,5208608,Goianesia,GO,2026,5
1769299200000,202604,9.0,9,9,9,0.8255955,12.294914,0,2,520860820260420683,2026-08-18,Goianésia,,1.6225301,73201,20.4065428571429,93.8523428571429,1,0,1,77.3907857142857,56.6547714285714,24.4970714285714,29.3655142857143,4,,,,,14828,2026-01-25,5208608,Goianesia,GO,2026,4
1768694400000,202603,4.0,4,4,4,0.42100596,5.464406,0,2,520860820260320683,2026-08-18,Goianésia,,0.8781944,73201,20.2692428571429,95.8296571428571,1,0,0,86.4344571428571,74.4481857142857,22.6370857142857,25.4959714285714,3,,,,,14828,2026-01-18,5208608,Goianesia,GO,2026,3
1768089600000,202602,6.0,6,6,6,0.8777628,8.1966095,0,1,520860820260220683,2026-08-18,Goianésia,,2.17106,73201,20.8242857142857,85.2701857142857,1,0,1,67.2835,45.5644857142857,25.2681857142857,30.2315714285714,1,,,,,14828,2026-01-11,5208608,Goianesia,GO,2026,2
1767484800000,202601,7.0,7,7,7,0.89731485,9.562711,0,1,520860820260120683,2026-08-18,Goianésia,,2.2015486,73201,20.2291714285714,94.2968428571429,1,0,1,82.3067571428572,63.6703571428571,22.9126857142857,26.419,3,,,,,14828,2026-01-04,5208608,Goianesia,GO,2026,1
1766880000000,202553,0.0,0,0,0,0.0,0.0,0,1,520860820255320683,2026-08-18,Goianésia,,0.0,73201,21.6810285714286,90.6992428571428,0,0,0,72.6965285714286,53.2143,25.9216142857143,30.6660428571429,0,,,,,14828,2025-12-28,5208608,Goianesia,GO,2025,53
1766275200000,202552,1.0,1,1,1,0.048204105,1.3661015,0,2,520860820255220683,2026-08-18,Goianésia,,0.22858709,73201,20.2499428571429,93.8438285714286,1,0,0,74.4251285714286,52.5742714285714,24.6663,29.5372714285714,0,,,,,14828,2025-12-21,5208608,Goianesia,GO,2025,52
1765670400000,202551,9.0,9,9,9,0.97767806,12.294914,0,2,520860820255120683,2026-08-18,Goianésia,,3.4410586,73201,21.3378285714286,96.5372142857143,1,1,1,83.2463571428571,64.3215,23.8281428571429,27.3696428571429,3,,,,,14828,2025-12-14,5208608,Goianesia,GO,2025,51
1765065600000,202550,4.0,4,4,4,0.84628713,5.464406,0,2,520860820255020683,2026-08-18,Goianésia,,2.2689965,73201,20.4608714285714,96.4169142857143,1,0,0,83.6611571428571,66.9901,23.3529142857143,27.2456,0,,,,,14828,2025-12-07,5208608,Goianesia,GO,2025,50
1764460800000,202549,2.0,2,2,2,0.47747433,2.732203,0,1,520860820254920683,2026-08-18,Goianésia,,0.95089394,73201,21.2923714285714,92.4722857142857,1,0,0,80.7823714285714,67.0999714285714,24.0327571428571,27.1123,2,,,,,14828,2025-11-30,5208608,Goianesia,GO,2025,49
1763856000000,202548,1.0,1,1,1,0.13639273,1.3661015,0,1,520860820254820683,2026-08-18,Goianésia,,0.34792757,73201,20.7976,93.6545857142857,1,0,0,76.8645142857143,56.5828714285714,24.4386428571429,28.7927714285714,0,,,,,14828,2025-11-23,5208608,Goianesia,GO,2025,48
1763251200000,202547,2.0,2,2,2,0.27083746,2.732203,0,1,520860820254720683,2026-08-18,Goianésia,,0.60847026,73201,21.6001571428571,77.4714,0,0,0,58.4851571428571,41.0247857142857,26.6181,31.2975,1,,,,,14828,2025-11-16,5208608,Goianesia,GO,2025,47
1762646400000,202546,3.0,3,3,3,0.47903797,4.0983047,0,1,520860820254620683,2026-08-18,Goianésia,,0.9611019,73201,21.1797,87.8721142857143,1,0,0,69.3014285714286,49.1545714285714,25.6042428571429,30.1607,3,,,,,14828,2025-11-09,5208608,Goianesia,GO,2025,46
1762041600000,202545,4.0,4,4,4,0.5816412,5.464406,0,1,520860820254520683,2026-08-18,Goianésia,,1.1534303,73201,21.9048857142857,90.077,1,0,0,71.2089,51.5672142857143,25.8648714285714,30.3430142857143,2,,,,,14828,2025-11-02,5208608,Goianesia,GO,2025,45
1761436800000,202544,3.0,3,3,3,0.20370072,4.0983047,0,1,520860820254420683,2026-08-18,Goianésia,,0.5722308,73201,23.2842142857143,64.7937428571429,0,0,0,48.1722,30.9613285714286,27.9126142857143,32.8350142857143,1,,,,,14828,2025-10-26,5208608,Goianesia,GO,2025,44
1760832000000,202543,2.0,2,2,2,0.03110591,2.732203,0,1,520860820254320683,2026-08-18,Goianésia,,0.2773985,73201,20.2876714285714,72.7758714285714,0,0,0,56.9767285714286,39.8310285714286,24.5694857142857,29.4415714285714,0,,,,,14828,2025-10-19,5208608,Goianesia,GO,2025,43
1760227200000,202542,5.0,5,5,5,0.1604152,6.8305078,0,1,520860820254220683,2026-08-18,Goianésia,,0.5872092,73201,22.1709142857143,77.8474428571429,0,0,0,56.0040428571429,35.8538857142857,27.1920142857143,32.3986142857143,1,,,,,14828,2025-10-12,5208608,Goianesia,GO,2025,42
1759622400000,202541,9.0,9,9,9,0.3758942,12.294914,0,1,520860820254120683,2026-08-18,Goianésia,,0.86861676,73201,23.0232285714286,53.0168571428571,0,0,1,33.1303571428571,20.9931857142857,29.3762714285714,34.8171,2,,,,,14828,2025-10-05,5208608,Goianesia,GO,2025,41
1759017600000,202540,7.0,7,7,7,0.14144367,9.562711,0,1,520860820254020683,2026-08-18,Goianésia,,0.60926926,73201,21.8397142857143,37.7519428571429,0,0,1,25.8999857142857,14.7468714285714,28.3477285714286,34.9981857142857,1,,,,,14828,2025-09-28,5208608,Goianesia,GO,2025,40
1758412800000,202539,10.0,10,10,10,0.5381391,13.6610155,0,1,520860820253920683,2026-08-18,Goianésia,,1.0432698,73201,21.9829714285714,70.1197142857143,0,0,1,52.0882857142857,33.5040142857143,26.8724571428571,32.0457142857143,1,,,,,14828,2025-09-21,5208608,Goianesia,GO,2025,39
1757808000000,202538,15.0,15,15,15,0.9761037,20.491524,0,1,520860820253820683,2026-08-18,Goianésia,,2.415395,73201,22.6759,57.9241714285714,0,1,1,39.6888857142857,24.5937,28.0137571428571,32.9676857142857,2,,,,,14828,2025-09-14,5208608,Goianesia,GO,2025,38
1757203200000,202537,10.0,10,10,10,0.9673016,13.6610155,0,1,520860820253720683,2026-08-18,Goianésia,,2.8006222,73201,22.1274714285714,35.0442857142857,0,1,1,24.9102571428571,15.1248571428571,28.6957571428571,35.1183285714286,4,,,,,14828,2025-09-07,5208608,Goianesia,GO,2025,37
1756598400000,202536,5.0,5,5,5,0.8561803,6.8305078,0,1,520860820253620683,2026-08-18,Goianésia,,2.1521614,73201,21.3408,47.6086571428571,0,0,0,34.8441714285714,22.4805,26.4182285714286,31.7395428571429,0,,,,,14828,2025-08-31,5208608,Goianesia,GO,2025,36
1755993600000,202535,4.0,4,4,4,0.7476137,5.464406,0,1,520860820253520683,2026-08-18,Goianésia,,1.6482913,73201,20.7158428571429,44.8804714285714,0,0,0,31.7780857142857,20.1239428571429,26.6686857142857,32.6008571428571,1,,,,,14828,2025-08-24,5208608,Goianesia,GO,2025,35
1755388800000,202534,0.0,0,0,0,0.0,0.0,0,1,520860820253420683,2026-08-18,Goianésia,,0.0,73201,18.8496571428571,41.0138571428571,0,0,0,28.6277714285714,17.1103142857143,25.4286428571429,32.0042714285714,0,,,,,14828,2025-08-17,5208608,Goianesia,GO,2025,34
1754784000000,202533,4.0,4,4,4,0.6409817,5.464406,0,1,520860820253320683,2026-08-18,Goianésia,,1.2923567,73201,16.8777857142857,45.0167,0,0,0,33.0386285714286,20.8086142857143,23.6521,30.7287857142857,2,,,,,14828,2025-08-10,5208608,Goianesia,GO,2025,33
1754179200000,202532,2.0,2,2,2,0.1506591,2.732203,0,1,520860820253220683,2026-08-18,Goianésia,,0.45338678,73201,17.7819,55.3164142857143,0,0,0,39.0558714285714,23.1840142857143,23.7410571428571,29.9045857142857,1,,,,,14828,2025-08-03,5208608,Goianesia,GO,2025,32
1753574400000,202531,2.0,2,2,2,0.116382405,2.732203,0,1,520860820253120676,2026-08-11,Goianésia,,0.40925637,73201,18.2014,56.0078714285714,0,0,0,39.9178857142857,23.6192428571429,24.2591,30.7098285714286,1,,,,,14828,2025-07-27,5208608,Goianesia,GO,2025,31
1752969600000,202530,5.0,5,5,5,0.60092545,6.8305078,0,1,520860820253020671,2026-08-06,Goianésia,,1.174563,73201,17.1800571428571,61.6973571428571,0,0,0,43.7068428571429,25.1678142857143,23.6132142857143,30.2553285714286,5,,,,,14828,2025-07-20,5208608,Goianesia,GO,2025,30
1752364800000,202529,7.0,7,7,7,0.7989466,9.562711,0,1,520860820252920662,2026-07-28,Goianésia,,1.6273917,73201,16.3465571428571,59.7208,0,0,1,43.1786857142857,25.7459714285714,21.8682571428571,27.6969142857143,5,,,,,14828,2025-07-13,5208608,Goianesia,GO,2025,29
1751760000000,202528,2.0,2,2,2,0.1111112,2.732203,0,1,520860820252820654,2026-07-20,Goianésia,,0.402304,73201,17.0620428571429,57.8091428571429,0,0,0,43.6879571428571,27.6551857142857,22.0261285714286,27.6093428571429,2,,,,,14828,2025-07-06,5208608,Goianesia,GO,2025,28
1751155200000,202527,5.0,5,5,5,0.23590876,6.8305078,0,1,520860820252720647,2026-07-13,Goianésia,,0.67159694,73201,16.9868714285714,63.4968714285714,0,0,0,45.4682571428571,27.0785142857143,22.7068,28.7065714285714,2,,,,,14828,2025-06-29,5208608,Goianesia,GO,2025,27
1750550400000,202526,5.0,5,5,5,0.03633191,6.8305078,0,1,520860820252620642,2026-07-08,Goianésia,,0.4123523,73201,18.1430857142857,71.5807142857143,0,0,0,53.0903857142857,32.8937857142857,23.4187571428571,29.3622428571429,2,,,,,14828,2025-06-22,5208608,Goianesia,GO,2025,26
1749945600000,202525,3.0,3,3,3,0.0007449812,4.0983047,0,1,520860820252520636,2026-07-02,Goianésia,,0.19007932,73201,17.9952142857143,63.2468428571429,0,0,0,48.1624,30.9169714285714,22.6681142857143,27.8712571428571,1,,,,,14828,2025-06-15,5208608,Goianesia,GO,2025,25
1749340800000,202524,16.0,16,16,16,0.3600323,21.857624,0,1,520860820252420627,2026-06-23,Goianésia,,0.8856663,73201,18.3363142857143,70.9391571428571,0,0,1,53.0934,33.4071142857143,23.4212571428571,28.8962428571429,6,,,,,14828,2025-06-08,5208608,Goianesia,GO,2025,24
1748736000000,202523,15.0,15,15,15,0.2143758,20.491524,0,1,520860820252320621,2026-06-17,Goianésia,,0.76565355,73201,19.4653142857143,74.0457142857143,0,0,1,56.1905857142857,35.4369714285714,24.3521857142857,29.6608857142857,4,,,,,14828,2025-06-01,5208608,Goianesia,GO,2025,23
1748131200000,202522,19.0,19,19,19,0.34883872,25.955929,0,1,520860820252220619,2026-06-15,Goianésia,,0.88601774,73201,18.6939428571429,73.4755571428571,0,0,1,55.4045142857143,35.2101714285714,23.6917,29.0919285714286,2,,,,,14828,2025-05-25,5208608,Goianesia,GO,2025,22
1747526400000,202521,20.0,20,20,20,0.31882697,27.322031,0,1,520860820252120608,2026-06-04,Goianésia,,0.8673257,73201,18.1712285714286,73.8830285714286,0,0,1,56.0413142857143,36.1963285714286,23.2815285714286,28.6229,7,,,,,14828,2025-05-18,5208608,Goianesia,GO,2025,21
1746921600000,202520,19.0,19,19,19,0.33587313,25.955929,0,1,520860820252020599,2026-05-26,Goianésia,,0.87663007,73201,19.8429714285714,73.7446428571428,0,0,1,58.8716,40.5005428571429,23.9995285714286,28.7789,6,,,,,14828,2025-05-11,5208608,Goianesia,GO,2025,20
1746316800000,202519,28.0,28,28,28,0.9307435,38.250843,0,1,520860820251920592,2026-05-19,Goianésia,,1.5490123,73201,19.7717285714286,76.9787285714286,0,0,1,61.8133857142857,41.3571,24.4322,29.4563428571429,12,,,,,14828,2025-05-04,5208608,Goianesia,GO,2025,19
1745712000000,202518,21.0,21,21,21,0.831904,28.688133,0,2,520860820251820587,2026-05-14,Goianésia,,1.3738323,73201,20.8594142857143,89.4286,1,0,1,76.8327571428571,58.2609142857143,24.3494,28.703,8,,,,,14828,2025-04-27,5208608,Goianesia,GO,2025,18
1745107200000,202517,20.0,20,20,20,0.6433855,27.322031,0,2,520860820251720578,2026-05-05,Goianésia,,1.1256872,73201,20.8200714285714,93.2833,1,0,1,76.9775285714286,56.7326714285714,24.8546285714286,29.2128428571429,8,,,,,14828,2025-04-20,5208608,Goianesia,GO,2025,17
1744502400000,202516,11.0,11,11,11,0.01809907,15.027117,0,2,520860820251620571,2026-04-28,Goianésia,,0.4800701,73201,20.7351428571429,95.6165428571429,1,0,1,81.9983142857143,61.7145285714286,24.0768142857143,28.6696142857143,2,,,,,14828,2025-04-13,5208608,Goianesia,GO,2025,16
1743897600000,202515,13.0,13,13,13,0.03486562,17.75932,0,2,520860820251520566,2026-04-23,Goianésia,,0.54638475,73201,20.9383142857143,87.3020857142857,1,0,1,72.2070571428571,52.7467571428571,24.8227,29.2339571428571,0,,,,,14828,2025-04-06,5208608,Goianesia,GO,2025,15
1743292800000,202514,31.0,31,31,31,0.8967759,42.349148,0,2,520860820251420557,2026-04-14,Goianésia,,1.4151262,73201,21.3803285714286,86.5223857142857,1,0,1,69.4522428571429,47.4157142857143,25.6740428571429,30.3796857142857,5,,,,,14828,2025-03-30,5208608,Goianesia,GO,2025,14
1742688000000,202513,23.0,23,23,23,0.7613443,31.420336,0,1,520860820251320552,2026-04-09,Goianésia,,1.2449884,73201,20.8084428571429,97.5332428571429,1,0,1,83.7183,61.5244714285714,24.0010714285714,28.7346,8,,,,,14828,2025-03-23,5208608,Goianesia,GO,2025,13
1742083200000,202512,21.0,21,21,21,0.90578353,28.688133,0,1,520860820251220543,2026-03-31,Goianésia,,1.5658867,73201,21.6735857142857,88.2902285714286,1,0,1,68.4389,46.6754428571429,26.1438142857143,30.8413714285714,6,,,,,14828,2025-03-16,5208608,Goianesia,GO,2025,12
1741478400000,202511,24.0,24,24,24,0.9878238,32.786438,0,1,520860820251120535,2026-03-23,Goianésia,,2.1811414,73201,22.3933,84.1557,0,1,1,63.6590571428571,40.6850571428571,26.9174428571429,32.0767,14,,,,,14828,2025-03-09,5208608,Goianesia,GO,2025,11
1740873600000,202510,8.0,8,8,8,0.19121128,10.928812,0,1,520860820251020529,2026-03-17,Goianésia,,0.6784538,73201,21.4079714285714,75.8071714285714,0,0,1,59.6115428571429,40.4006714285714,25.6622142857143,30.2838857142857,4,,,,,14828,2025-03-02,5208608,Goianesia,GO,2025,10
1740268800000,202509,11.0,11,11,11,0.34415117,15.027117,0,1,520860820250920521,2026-03-09,Goianésia,,0.85092205,73201,21.1557285714286,91.2036142857143,1,0,1,72.3406,49.9862142857143,25.3108714285714,30.3712857142857,4,,,,,14828,2025-02-23,5208608,Goianesia,GO,2025,9
1739664000000,202508,10.0,10,10,10,0.30499297,13.6610155,0,1,520860820250820516,2026-03-04,Goianésia,,0.8087203,73201,20.4367142857143,84.3467571428571,0,0,1,63.4519714285714,39.5596,26.0145714285714,31.4732714285714,8,,,,,14828,2025-02-16,5208608,Goianesia,GO,2025,8
1739059200000,202507,17.0,17,17,17,0.8115627,23.223726,0,2,520860820250720508,2026-02-24,Goianésia,,1.3825943,73201,20.6823714285714,89.5227428571429,1,0,1,71.4372428571429,50.6275571428571,24.8809142857143,29.3053714285714,16,,,,,14828,2025-02-09,5208608,Goianesia,GO,2025,7
1738454400000,202506,10.0,10,10,10,0.27708063,13.6610155,0,2,520860820250620503,2026-02-19,Goianésia,,0.7832436,73201,20.2247857142857,90.8005142857143,1,0,1,74.8841,54.6409,24.1195285714286,28.3771142857143,7,,,,,14828,2025-02-02,5208608,Goianesia,GO,2025,6
1737849600000,202505,12.0,12,12,12,0.548991,16.393219,0,2,520860820250520495,2026-02-11,Goianésia,,1.0512618,73201,21.1637714285714,94.8438571428571,1,0,1,81.8148857142857,64.5702285714286,24.1757,27.8163714285714,8,,,,,14828,2025-01-26,5208608,Goianesia,GO,2025,5
1737244800000,202504,14.0,14,14,14,0.89531064,19.125422,0,2,520860820250420491,2026-02-07,Goianésia,,1.7014492,73201,20.3972428571429,91.8654714285714,1,0,1,74.1701428571428,52.9169571428571,25.0228714285714,29.8949,8,,,,,14828,2025-01-19,5208608,Goianesia,GO,2025,4
1736640000000,202503,14.0,14,14,14,0.97064,19.125422,0,2,520860820250320486,2026-02-02,Goianésia,,2.380946,73201,20.5771857142857,98.0939428571429,1,1,1,91.0141714285714,78.4807428571429,22.1414142857143,24.7574285714286,11,,,,,14828,2025-01-12,5208608,Goianesia,GO,2025,3
1736035200000,202502,6.0,6,6,6,0.610714,8.1966095,0,2,520860820250220459,2026-01-06,Goianésia,,1.1767924,73201,20.9532,96.8451714285714,1,0,0,86.4955142857143,72.4331285714286,23.4778857142857,26.7010142857143,3,,,,,14828,2025-01-05,5208608,Goianesia,GO,2025,2
1735430400000,202501,6.0,6,6,6,0.51784164,8.1966095,0,2,520860820250120459,2026-01-06,Goianésia,,1.0254048,73201,20.7088428571429,96.6307857142857,1,0,0,82.8802285714286,64.1007428571429,23.7648,28.0574571428571,4,,,,,14828,2024-12-29,5208608,Goianesia,GO,2025,1
1734825600000,202452,4.0,4,4,4,0.18423837,5.464406,0,2,520860820245220437,2025-12-15,Goianésia,,0.5858912,73201,21.1107428571429,96.7674714285714,1,0,0,86.5267714285714,71.0248285714286,23.2908285714286,26.4845285714286,1,,,,,14828,2024-12-22,5208608,Goianesia,GO,2024,52
1734220800000,202451,5.0,5,5,5,0.39523998,6.8305078,0,2,520860820245120437,2025-12-15,Goianésia,,0.8560069,73201,21.4358,95.2389285714286,1,0,0,81.6158142857143,64.2613714285714,24.4998,28.4400714285714,1,,,,,14828,2024-12-15,5208608,Goianesia,GO,2024,51
1733616000000,202450,9.0,9,9,9,0.9467948,12.294914,0,2,520860820245020437,2025-12-15,Goianésia,,2.5213451,73201,21.5566857142857,90.7731571428571,1,0,1,75.6070857142857,55.7119142857143,25.4082285714286,29.9840142857143,0,,,,,14828,2024-12-08,5208608,Goianesia,GO,2024,50
1733011200000,202449,7.0,7,7,7,0.95875084,9.562711,0,2,520860820244920431,2025-12-09,Goianésia,,3.2651696,73201,21.1303142857143,93.7018285714286,1,1,1,77.3608,56.0282714285714,24.8591,29.0176571428571,1,,,,,14828,2024-12-01,5208608,Goianesia,GO,2024,49
1732406400000,202448,2.0,2,2,2,0.6456261,2.732203,0,2,520860820244820425,2025-12-03,Goianésia,,1.4343343,73201,20.9533857142857,94.0212428571429,1,0,0,81.3150857142857,63.4125571428571,23.9249142857143,27.8209428571429,1,,,,,14828,2024-11-24,5208608,Goianesia,GO,2024,48
1731801600000,202447,2.0,2,2,2,0.8442676,2.732203,0,1,520860820244720418,2025-11-26,Goianésia,,3.0746384,73201,20.5984571428571,96.0309,1,0,0,80.3491428571429,62.1380571428571,24.2522857142857,28.4929571428571,1,,,,,14828,2024-11-17,5208608,Goianesia,GO,2024,47
1731196800000,202446,2.0,2,2,2,0.9072531,2.732203,0,1,520860820244620410,2025-11-18,Goianésia,,4.894228,73201,20.2727428571429,97.3451571428571,1,0,0,84.8052857142857,68.3409142857143,23.1289285714286,26.8329571428571,1,,,,,14828,2024-11-10,5208608,Goianesia,GO,2024,46
1730592000000,202445,0.0,0,0,0,0.0,0.0,0,1,520860820244520403,2025-11-11,Goianésia,,0.0,73201,21.2330142857143,92.6208142857143,0,0,0,80.6512,63.1407857142857,24.0153,27.7746142857143,0,,,,,14828,2024-11-03,5208608,Goianesia,GO,2024,45
1729987200000,202444,0.0,0,0,0,0.0,0.0,0,1,520860820244420395,2025-11-03,Goianésia,,0.0,73201,21.7376285714286,87.9203,0,0,0,72.2519,54.4682142857143,25.0596428571429,28.8416571428571,0,,,,,14828,2024-10-27,5208608,Goianesia,GO,2024,44
1729382400000,202443,1.0,1,1,1,0.42157525,1.3661015,0,1,520860820244320389,2025-10-28,Goianésia,,0.8024794,73201,21.9739714285714,91.8797571428571,1,0,0,75.8723571428571,53.6156428571429,25.2843857142857,29.7821428571429,0,,,,,14828,2024-10-20,5208608,Goianesia,GO,2024,43
1728777600000,202442,1.0,1,1,1,0.35396224,1.3661015,0,1,520860820244220381,2025-10-20,Goianésia,,0.6674085,73201,21.9801571428571,86.6896142857143,1,0,0,70.8943428571429,50.9670428571429,25.4772,30.2577428571429,1,,,,,14828,2024-10-13,5208608,Goianesia,GO,2024,42
1728172800000,202441,1.0,1,1,1,0.31182513,1.3661015,0,1,520860820244120375,2025-10-14,Goianésia,,0.59481645,73201,23.8780285714286,71.0541142857143,0,0,0,50.1338142857143,31.0619428571429,29.2534857142857,34.7597,1,,,,,14828,2024-10-06,5208608,Goianesia,GO,2024,41
1727568000000,202440,2.0,2,2,2,0.5490234,2.732203,0,1,520860820244020367,2025-10-06,Goianésia,,1.1200894,73201,23.8023714285714,42.5411142857143,0,0,0,27.4888857142857,16.8583714285714,30.3473285714286,36.0088285714286,1,,,,,14828,2024-09-29,5208608,Goianesia,GO,2024,40
1726963200000,202439,1.0,1,1,1,0.24318032,1.3661015,0,1,520860820243920363,2025-10-02,Goianésia,,0.4902197,73201,23.7676857142857,40.6721571428571,0,0,0,26.8607857142857,16.5568571428571,30.1009571428571,35.8199285714286,0,,,,,14828,2024-09-22,5208608,Goianesia,GO,2024,39
1726358400000,202438,3.0,3,3,3,0.45944697,4.0983047,0,1,520860820243820353,2025-09-22,Goianésia,,0.92658603,73201,23.0730428571429,41.2373857142857,0,0,0,28.2238571428571,17.4181,29.1522571428571,34.9773714285714,2,,,,,14828,2024-09-15,5208608,Goianesia,GO,2024,38
1725753600000,202437,0.0,0,0,0,0.0,0.0,0,1,520860820243720346,2025-09-15,Goianésia,,0.0,73201,20.7001714285714,37.9662,0,0,0,26.3853285714286,16.3279142857143,27.1865857142857,33.7115142857143,0,,,,,14828,2024-09-08,5208608,Goianesia,GO,2024,37
1725148800000,202436,4.0,4,4,4,0.57707494,5.464406,0,1,520860820243620339,2025-09-08,Goianésia,,1.143854,73201,18.6637285714286,39.8898,0,0,0,24.7086571428571,12.5832857142857,26.7883714285714,34.4660714285714,0,,,,,14828,2024-09-01,5208608,Goianesia,GO,2024,36
1724544000000,202435,5.0,5,5,5,0.8905357,6.8305078,0,1,520860820243520332,2025-09-01,Goianésia,,2.498889,73201,19.7898,52.3547,0,0,0,37.0841,21.7292428571429,25.9771571428571,32.3449428571429,0,,,,,14828,2024-08-25,5208608,Goianesia,GO,2024,35
1723939200000,202434,5.0,5,5,5,0.89085025,6.8305078,0,1,520860820243420328,2025-08-28,Goianésia,,2.5028086,73201,18.4916714285714,43.0270714285714,0,0,0,28.7272,16.0863285714286,25.5869714285714,32.6991571428571,3,,,,,14828,2024-08-18,5208608,Goianesia,GO,2024,34
1723334400000,202433,0.0,0,0,0,0.0,0.0,0,1,520860820243320321,2025-08-21,Goianésia,,0.0,73201,18.2071,48.4118857142857,0,0,0,34.8070428571429,20.7122285714286,24.8230142857143,31.9688857142857,0,,,,,14828,2024-08-11,5208608,Goianesia,GO,2024,33
1722729600000,202432,1.0,1,1,1,0.09053163,1.3661015,0,1,520860820243220312,2025-08-12,Goianésia,,0.28856412,73201,17.9838,57.5327571428571,0,0,0,40.0541571428571,25.6893,23.6077,29.4443,0,,,,,14828,2024-08-04,5208608,Goianesia,GO,2024,32
1722124800000,202431,5.0,5,5,5,0.35860124,6.8305078,0,1,520860820243120305,2025-08-05,Goianésia,,0.8111185,73201,18.9655571428571,55.3515142857143,0,0,0,40.7343,24.5830285714286,24.3167285714286,30.1163571428571,4,,,,,14828,2024-07-28,5208608,Goianesia,GO,2024,31
1721520000000,202430,2.0,2,2,2,0.0029636899,2.732203,0,1,520860820243020298,2025-07-29,Goianésia,,0.18000007,73201,15.8938571428571,56.2390285714286,0,0,0,40.1687142857143,24.3486428571429,22.1090285714286,28.6391285714286,1,,,,,14828,2024-07-21,5208608,Goianesia,GO,2024,30
1720915200000,202429,2.0,2,2,2,0.0001765982,2.732203,0,1,520860820242920291,2025-07-22,Goianésia,,0.12816267,73201,15.9556142857143,59.7560428571429,0,0,0,41.9768857142857,24.1546285714286,21.9308857142857,28.3006285714286,2,,,,,14828,2024-07-14,5208608,Goianesia,GO,2024,29
1720310400000,202428,16.0,16,16,16,0.1418004,21.857624,0,1,520860820242820283,2025-07-14,Goianésia,,0.70888174,73201,16.7417142857143,63.6547571428571,0,0,1,43.3764714285714,23.7875285714286,23.4781857142857,30.2037428571429,10,,,,,14828,2024-07-07,5208608,Goianesia,GO,2024,28
1719705600000,202427,12.0,12,12,12,0.0004286067,16.393219,0,1,520860820242720278,2025-07-09,Goianésia,,0.35390085,73201,16.8042285714286,61.0237571428571,0,0,1,43.8464571428571,25.7179,22.8149285714286,29.2670142857143,10,,,,,14828,2024-06-30,5208608,Goianesia,GO,2024,27
1719100800000,202426,20.0,20,20,20,0.0002545431,27.322031,0,1,520860820242620269,2025-06-30,Goianésia,,0.41610336,73201,16.0561571428571,66.6386571428571,0,0,1,45.9981285714286,26.2104428571429,22.5641428571429,28.9661857142857,8,,,,,14828,2024-06-23,5208608,Goianesia,GO,2024,26
1718496000000,202425,33.0,33,33,33,0.0007660585,45.081352,0,1,520860820242520262,2025-06-23,Goianésia,,0.5175718,73201,17.5611857142857,64.1202,0,0,1,47.1566285714286,28.6106,22.7849428571429,28.3907857142857,19,,,,,14828,2024-06-16,5208608,Goianesia,GO,2024,25
1717891200000,202424,47.0,47,47,47,0.0003120053,64.20677,0,4,520860820242420255,2025-06-16,Goianésia,,0.5462467,73201,18.4290857142857,66.8703857142857,0,0,2,49.9858571428571,31.5039857142857,23.5335285714286,29.1068285714286,28,,,,,14828,2024-06-09,5208608,Goianesia,GO,2024,24
1717286400000,202423,66.0,66,66,66,9.89856e-05,90.162704,0,4,520860820242320249,2025-06-10,Goianésia,,0.5702792,73201,19.0349714285714,69.6004428571429,0,0,2,52.4550714285714,34.3511142857143,23.4772,28.5543714285714,29,,,,,14828,2024-06-02,5208608,Goianesia,GO,2024,23
1716681600000,202422,68.0,68,68,68,2.227e-07,92.894905,0,4,520860820242220241,2025-06-02,Goianésia,,0.4861039,73201,18.3346,71.2929857142857,0,0,2,52.2061428571429,31.0117857142857,23.6931857142857,29.4986714285714,45,,,,,14828,2024-05-26,5208608,Goianesia,GO,2024,22
1716076800000,202421,133.0,133,133,133,0.022270208,181.69151,0,4,520860820242120236,2025-05-28,Goianésia,,0.79283404,73201,19.4429428571429,72.3815,0,0,2,54.8882,35.4720714285714,24.5344285714286,29.9210142857143,95,,,,,14828,2024-05-19,5208608,Goianesia,GO,2024,21
1715472000000,202420,140.0,140,140,140,0.0002771282,191.25421,0,4,520860820242020227,2025-05-19,Goianésia,,0.6870873,73201,18.4939142857143,70.5639714285714,0,0,2,52.3849142857143,31.7634285714286,24.5622,30.7063,104,,,,,14828,2024-05-12,5208608,Goianesia,GO,2024,20
1714867200000,202419,143.0,143,143,143,1.77431e-05,195.35252,0,4,520860820241920224,2025-05-16,Goianésia,,0.6454506,73201,18.9974428571429,73.3440857142857,0,0,2,54.6990142857143,34.6492285714286,24.5282428571429,30.2885428571429,80,,,,,14828,2024-05-05,5208608,Goianesia,GO,2024,19
1714262400000,202418,232.0,232,232,232,0.8218167,316.93555,0,4,520860820241820214,2025-05-06,Goianésia,,1.0913823,73201,20.9859142857143,76.2112714285714,0,0,2,59.5664428571429,37.0944714285714,25.9495714285714,31.1228285714286,124,,,,,14828,2024-04-28,5208608,Goianesia,GO,2024,18
1713657600000,202417,231.0,231,231,231,0.96243066,315.56946,0,4,520860820241720206,2025-04-28,Goianésia,,1.1885426,73201,20.6929857142857,79.8296571428571,0,1,2,65.6523714285714,45.3912571428571,25.1108142857143,29.9534285714286,108,,,,,14828,2024-04-21,5208608,Goianesia,GO,2024,17
1713052800000,202416,229.0,229,229,229,0.9758559,312.83725,0,4,520860820241620200,2025-04-22,Goianésia,,1.2134999,73201,21.7609857142857,83.2572142857143,0,1,2,70.1246714285714,52.5017285714286,25.4066,29.6055,142,,,,,14828,2024-04-14,5208608,Goianesia,GO,2024,16
1712448000000,202415,171.0,171,171,171,0.12125877,233.60336,0,4,520860820241520192,2025-04-14,Goianésia,,0.88475615,73201,21.9771857142857,95.0386285714286,1,0,2,82.4332857142857,62.8462428571429,24.4244857142857,27.9463142857143,104,,,,,14828,2024-04-07,5208608,Goianesia,GO,2024,15
1711843200000,202414,196.0,196,196,196,0.5278448,267.7559,0,4,520860820241420188,2025-04-10,Goianésia,,1.0070862,73201,21.6229,95.4023285714286,1,0,2,82.6026285714286,65.7153428571429,24.7951714285714,28.7029714285714,123,,,,,14828,2024-03-31,5208608,Goianesia,GO,2024,14
1711238400000,202413,182.0,182,182,182,0.7159623,248.63048,0,4,520860820241320178,2025-03-31,Goianésia,,1.062568,73201,21.5892571428571,93.7381428571429,1,0,2,80.9452285714286,61.3806428571429,24.4830142857143,28.8025285714286,122,,,,,14828,2024-03-24,5208608,Goianesia,GO,2024,13
1710633600000,202412,220.0,220,220,220,0.99999493,300.54233,0,4,520860820241220171,2025-03-24,Goianésia,,1.6052338,73201,22.1556571428571,94.9313428571429,1,1,2,80.8397142857143,62.4699142857143,25.6082571428571,29.6498714285714,141,,,,,14828,2024-03-17,5208608,Goianesia,GO,2024,12
1710028800000,202411,191.0,191,191,191,0.99997777,260.92538,0,4,520860820241120165,2025-03-18,Goianésia,,1.5985961,73201,22.4666571428571,92.7469142857143,1,1,2,78.0565142857143,59.9486857142857,26.0077142857143,30.1331428571429,152,,,,,14828,2024-03-10,5208608,Goianesia,GO,2024,11
1709424000000,202410,100.0,100,100,100,0.35143983,136.61015,0,4,520860820241020158,2025-03-11,Goianésia,,0.9482628,73201,21.6647285714286,94.6268,1,0,2,79.8943,61.0020428571429,25.0492571428571,29.1848857142857,79,,,,,14828,2024-03-03,5208608,Goianesia,GO,2024,10
1708819200000,202409,136.0,136,136,136,0.99926114,185.78981,0,4,520860820240920153,2025-03-06,Goianésia,,1.5345896,73201,21.1620285714286,86.4281857142857,1,1,2,67.9284571428571,46.4108285714286,26.0712714285714,31.1379857142857,97,,,,,14828,2024-02-25,5208608,Goianesia,GO,2024,9
1708214400000,202408,107.0,107,107,107,0.9898414,146.17287,0,4,520860820240820145,2025-02-26,Goianésia,,1.4120238,73201,20.8496142857143,97.6775285714286,1,1,2,88.8537142857143,75.2585428571429,23.0469857142857,26.1972,73,,,,,14828,2024-02-18,5208608,Goianesia,GO,2024,8
1707609600000,202407,83.0,83,83,83,0.9538331,113.38643,0,4,520860820240720137,2025-02-18,Goianésia,,1.3223103,73201,21.1784571428571,90.4708142857143,1,1,2,76.1959428571429,56.5471571428571,24.8503428571429,29.3926285714286,62,,,,,14828,2024-02-11,5208608,Goianesia,GO,2024,7
1707004800000,202406,75.0,75,75,75,0.99849695,102.45762,0,4,520860820240620130,2025-02-11,Goianésia,,1.7411366,73201,21.4224,95.2536285714286,1,1,2,81.6641,62.9397571428571,24.2621142857143,28.3698142857143,59,,,,,14828,2024-02-04,5208608,Goianesia,GO,2024,6
1706400000000,202405,73.0,73,73,73,0.9999996,99.72541,0,2,520860820240520123,2025-02-04,Goianésia,,2.8745463,73201,20.7241285714286,95.7504571428571,1,1,2,81.2154285714286,60.3283714285714,24.1014428571429,28.5688571428571,59,,,,,14828,2024-01-28,5208608,Goianesia,GO,2024,5
1705795200000,202404,42.0,42,42,42,0.99973994,57.376266,0,2,520860820240420116,2025-01-28,Goianésia,,2.5941777,73201,21.2772142857143,96.5758428571429,1,1,1,85.7363714285714,70.7662428571429,23.9469428571429,27.1285714285714,27,,,,,14828,2024-01-21,5208608,Goianesia,GO,2024,4
1705190400000,202403,14.0,14,14,14,0.841622,19.125422,0,2,520860820240320109,2025-01-21,Goianésia,,1.5095903,73201,21.2126142857143,93.9124428571429,1,0,1,75.5446285714286,53.8646428571429,25.6131714285714,30.3229142857143,13,,,,,14828,2024-01-14,5208608,Goianesia,GO,2024,3
1704585600000,202402,21.0,21,21,21,0.99976504,28.688133,0,2,520860820240220102,2025-01-14,Goianésia,,4.7484922,73201,20.9383857142857,95.9783428571428,1,1,1,83.4903285714286,67.8557285714286,23.8901857142857,27.4741428571429,18,,,,,14828,2024-01-07,5208608,Goianesia,GO,2024,2
1703980800000,202401,7.0,7,7,7,0.6608538,9.562711,0,2,520860820240120095,2025-01-07,Goianésia,,1.2547365,73201,21.0946714285714,97.2126857142857,1,0,1,89.1509285714286,75.8283285714286,23.0487,25.6031428571429,4,,,,,14828,2023-12-31,5208608,Goianesia,GO,2024,1
1703376000000,202352,1.0,1,1,1,0.0001803679,1.3661015,0,1,520860820235220087,2024-12-30,Goianésia,,0.08040673,73201,22.1828142857143,93.6044714285714,1,0,0,75.9119714285714,55.6003857142857,25.9688142857143,30.2373142857143,0,,,,,14828,2023-12-24,5208608,Goianesia,GO,2023,52
1702771200000,202351,2.0,2,2,2,1.66014e-05,2.732203,0,1,520860820235120080,2024-12-23,Goianésia,,0.10367812,73201,21.2994142857143,88.3063142857143,1,0,0,72.8501714285714,57.9874571428571,25.0688428571429,28.6257571428571,1,,,,,14828,2023-12-17,5208608,Goianesia,GO,2023,51
1702166400000,202350,11.0,11,11,11,0.043459114,15.027117,0,1,520860820235020074,2024-12-17,Goianésia,,0.53955984,73201,22.0635714285714,83.1493714285714,0,0,1,60.9979857142857,37.9379428571429,27.2245142857143,32.7349857142857,6,,,,,14828,2023-12-10,5208608,Goianesia,GO,2023,50
1701561600000,202349,26.0,26,26,26,0.92413944,35.51864,0,2,520860820234920067,2024-12-10,Goianésia,,1.5516721,73201,21.3529714285714,87.7032571428571,1,0,1,67.7163857142857,45.3538428571429,26.2173428571429,31.5649285714286,23,,,,,14828,2023-12-03,5208608,Goianesia,GO,2023,49
1700956800000,202348,21.0,21,21,21,0.94823694,28.688133,0,1,520860820234820060,2024-12-03,Goianésia,,1.7719494,73201,21.7988285714286,87.2073142857143,1,0,1,67.5363857142857,45.402,26.2981142857143,31.1493142857143,13,,,,,14828,2023-11-26,5208608,Goianesia,GO,2023,48
1700352000000,202347,19.0,19,19,19,0.97898155,25.955929,0,1,520860820234720056,2024-11-29,Goianésia,,2.2055032,73201,22.1043857142857,90.7662857142857,1,1,1,71.0119142857143,49.1845714285714,26.3734,31.1999714285714,17,,,,,14828,2023-11-19,5208608,Goianesia,GO,2023,47
1699747200000,202346,9.0,9,9,9,0.6894341,12.294914,0,1,520860820234620046,2024-11-19,Goianésia,,1.272598,73201,22.5224142857143,75.8211714285714,0,0,1,54.3787,34.3595285714286,28.1392285714286,34.3963714285714,7,,,,,14828,2023-11-12,5208608,Goianesia,GO,2023,46
1699142400000,202345,9.0,9,9,9,0.6913029,12.294914,0,1,520860820234520039,2024-11-12,Goianésia,,1.2760943,73201,21.6422285714286,80.6938428571429,0,0,1,58.5248428571429,34.6575714285714,27.4740714285714,33.7103142857143,4,,,,,14828,2023-11-05,5208608,Goianesia,GO,2023,45
1698537600000,202344,6.0,6,6,6,0.34869525,8.1966095,0,1,520860820234420032,2024-11-05,Goianésia,,0.81335044,73201,22.2523428571429,85.1101571428571,1,0,0,67.6188142857143,42.2467285714286,26.5509285714286,32.8990857142857,4,,,,,14828,2023-10-29,5208608,Goianesia,GO,2023,44
1697932800000,202343,6.0,6,6,6,0.41286975,8.1966095,0,1,520860820234320026,2024-10-30,Goianésia,,0.88746846,73201,22.1901428571429,84.9781857142857,0,0,0,66.7829,45.6286142857143,26.5234857142857,31.7304571428571,3,,,,,14828,2023-10-22,5208608,Goianesia,GO,2023,43
1697328000000,202342,10.0,10,10,10,0.8133799,13.6610155,0,1,520860820234220019,2024-10-23,Goianésia,,1.540842,73201,22.9631285714286,64.2887,0,0,1,44.2040428571429,22.9821285714286,28.9818285714286,35.5037142857143,3,,,,,14828,2023-10-15,5208608,Goianesia,GO,2023,42
1696723200000,202341,5.0,5,5,5,0.22746006,6.8305078,0,1,520860820234120011,2024-10-15,Goianésia,,0.66226536,73201,22.6499,84.1325285714286,0,0,0,63.2499571428571,39.3492857142857,27.6067571428571,33.6375714285714,1,,,,,14828,2023-10-08,5208608,Goianesia,GO,2023,41
1696118400000,202340,7.0,7,7,7,0.31297836,9.562711,0,1,520860820234020005,2024-10-09,Goianésia,,0.7874096,73201,22.3567857142857,83.0223428571429,0,0,1,65.2287428571429,42.6119142857143,26.5961285714286,32.2616142857143,1,,,,,14828,2023-10-01,5208608,Goianesia,GO,2023,40
1695513600000,202339,5.0,5,5,5,0.226463,6.8305078,0,1,520860820233919998,2024-10-02,Goianésia,,0.6611639,73201,23.3016,73.0997428571429,0,0,0,55.2459714285714,35.8819,28.1801571428571,33.9633571428571,1,,,,,14828,2023-09-24,5208608,Goianesia,GO,2023,39
1694908800000,202338,13.0,13,13,13,0.9760417,17.75932,0,1,520860820233819990,2024-09-24,Goianésia,,2.616202,73201,22.5481714285714,57.0505571428571,0,1,1,40.3384428571429,22.7118142857143,28.6153714285714,35.1744,9,,,,,14828,2023-09-17,5208608,Goianesia,GO,2023,38
1694304000000,202337,8.0,8,8,8,0.91644645,10.928812,0,1,520860820233719983,2024-09-17,Goianésia,,2.2581143,73201,21.0296714285714,58.6110142857143,0,0,1,41.0252285714286,24.2977,27.1979285714286,33.7890571428571,8,,,,,14828,2023-09-10,5208608,Goianesia,GO,2023,37
1693699200000,202336,3.0,3,3,3,0.55564916,4.0983047,0,1,520860820233619978,2024-09-12,Goianésia,,1.1152123,73201,21.1713571428571,69.6262571428571,0,0,0,48.9328,29.6224,26.9021285714286,33.1227714285714,1,,,,,14828,2023-09-03,5208608,Goianesia,GO,2023,36
1693094400000,202335,4.0,4,4,4,0.8137144,5.464406,0,1,520860820233519969,2024-09-03,Goianésia,,2.0083303,73201,20.6762571428571,85.5896,1,0,0,66.9089428571429,43.4204571428571,25.3475285714286,31.3707,1,,,,,14828,2023-08-27,5208608,Goianesia,GO,2023,35
1692489600000,202334,3.0,3,3,3,0.6875264,4.0983047,0,1,520860820233419962,2024-08-27,Goianésia,,1.5001014,73201,19.0481142857143,70.4939571428571,0,0,0,50.2294285714286,30.9492428571429,25.4193571428571,32.3790857142857,1,,,,,14828,2023-08-20,5208608,Goianesia,GO,2023,34
1691884800000,202333,1.0,1,1,1,0.21667455,1.3661015,0,1,520860820233319956,2024-08-21,Goianésia,,0.4532273,73201,18.0503714285714,61.0359857142857,0,0,0,43.9873571428571,27.6522142857143,24.0839142857143,30.4709285714286,0,,,,,14828,2023-08-13,5208608,Goianesia,GO,2023,33
1691280000000,202332,2.0,2,2,2,0.4213729,2.732203,0,1,520860820233219949,2024-08-14,Goianésia,,0.8415166,73201,18.0683285714286,57.2369571428571,0,0,0,39.1746285714286,20.2731857142857,25.0141571428571,33.0017714285714,0,,,,,14828,2023-08-06,5208608,Goianesia,GO,2023,32
1690675200000,202331,3.0,3,3,3,0.5158261,4.0983047,0,1,520860820233119941,2024-08-06,Goianésia,,1.0308695,73201,16.6996857142857,66.7410714285714,0,0,0,44.6517,23.6576285714286,23.8891714285714,31.1519,1,,,,,14828,2023-07-30,5208608,Goianesia,GO,2023,31
1690070400000,202330,1.0,1,1,1,0.106696524,1.3661015,0,1,520860820233019934,2024-07-30,Goianésia,,0.3097495,73201,16.9655,68.1282285714286,0,0,0,48.3650714285714,28.0217857142857,23.3597285714286,29.9248571428571,1,,,,,14828,2023-07-23,5208608,Goianesia,GO,2023,30
1689465600000,202329,4.0,4,4,4,0.5719311,5.464406,0,1,520860820232919929,2024-07-25,Goianésia,,1.1332291,73201,17.6766,71.5078428571429,0,0,0,52.1238285714286,30.9225,23.5731428571429,30.0761571428571,0,,,,,14828,2023-07-16,5208608,Goianesia,GO,2023,29
1688860800000,202328,3.0,3,3,3,0.36130595,4.0983047,0,1,520860820232819919,2024-07-15,Goianésia,,0.7744123,73201,15.4353142857143,76.8792285714286,0,0,0,53.5112285714286,28.9653,22.6509,30.6308714285714,1,,,,,14828,2023-07-09,5208608,Goianesia,GO,2023,28
1688256000000,202327,3.0,3,3,3,0.32319438,4.0983047,0,1,520860820232719913,2024-07-09,Goianésia,0,0.72222704,73201,16.7142857142857,55.6458987142857,0,0,0,52.0367727142857,48.2889567142857,17.4761905714286,18.2857142857143,1,,,,,14828,2023-07-02,5208608,Goianesia,GO,2023,27
1687651200000,202326,5.0,5,5,5,0.428239,6.8305078,0,1,520860820232619905,2024-07-01,Goianésia,0,0.89850557,73201,18.5714285714286,57.253633,0,0,0,54.7851431428571,52.1784072857143,19.0476191428571,19.5714285714286,2,,,,,14828,2023-06-25,5208608,Goianesia,GO,2023,26
1687046400000,202325,3.0,3,3,3,0.078711934,4.0983047,0,1,520860820232519898,2024-06-24,Goianésia,0,0.41263866,73201,18.0,64.0836305714286,0,0,0,60.9203788571429,57.6386442857143,18.7142857142857,19.4285714285714,2,,,,,14828,2023-06-18,5208608,Goianesia,GO,2023,25
1686441600000,202324,4.0,4,4,4,0.12323096,5.464406,0,1,520860820232419884,2024-06-10,Goianésia,,0.5126478,73201,18.3669571428571,84.6279571428571,0,0,0,65.1066857142857,40.0227142857143,23.3925428571429,29.4308857142857,2,,,,,14828,2023-06-11,5208608,Goianesia,GO,2023,24
1685836800000,202323,11.0,11,11,11,0.6207846,15.027117,0,1,520860820232319884,2024-06-10,Goianésia,,1.1420645,73201,16.7048428571429,77.2049285714286,0,0,1,58.0145428571429,33.8265714285714,22.7280285714286,29.5093285714286,8,,,,,14828,2023-06-04,5208608,Goianesia,GO,2023,23
1685232000000,202322,5.0,5,5,5,0.015492817,6.8305078,0,1,520860820232219876,2024-06-02,Goianésia,0,0.3573221,73201,20.3,67.169108,0,0,0,63.6827369,60.2327318,21.1,21.9,4,,,,,14828,2023-05-28,5208608,Goianesia,GO,2023,22
1684627200000,202321,9.0,9,9,9,0.027900519,12.294914,0,1,520860820232119869,2024-05-26,Goianésia,0,0.47812602,73201,14.0,78.9360135,0,0,1,60.0060449,41.7556427,19.1958332,24.4,7,,,,,14828,2023-05-21,5208608,Goianesia,GO,2023,21
1684022400000,202320,12.0,12,12,12,0.052744683,16.393219,0,1,520860820232019863,2024-05-20,Goianésia,0,0.5676692,73201,14.8333333333333,78.6741533888889,0,0,1,54.5352862222222,34.0003195555556,20.4537035555556,25.4444444444444,5,,,,,14828,2023-05-14,5208608,Goianesia,GO,2023,20
1683417600000,202319,23.0,23,23,23,0.6293837,31.420336,0,1,520860820231919856,2024-05-13,Goianésia,0,1.1039189,73201,19.875,69.332691875,0,0,1,61.188341375,52.937484875,21.7083335,23.75,9,,,,,14828,2023-05-07,5208608,Goianesia,GO,2023,19
1682812800000,202318,20.0,20,20,20,0.54226327,27.322031,0,1,520860820231819849,2024-05-06,Goianésia,0,1.0340552,73201,20.2,72.555739,0,0,1,68.7814148,63.9723086,20.9333336,21.8,5,,,,,14828,2023-04-30,5208608,Goianesia,GO,2023,18
1682208000000,202317,25.0,25,25,25,0.7036501,34.15254,0,1,520860820231719841,2024-04-28,Goianésia,0,1.1687105,73201,17.5652173913043,88.9228126086957,0,0,1,71.9095056521739,49.9794486086957,21.5923913913043,26.3913043478261,13,,,,,14828,2023-04-23,5208608,Goianesia,GO,2023,17
1681603200000,202316,15.0,15,15,15,0.015879054,20.491524,0,2,520860820231619835,2024-04-22,Goianésia,0,0.51761794,73201,18.4285714285714,91.6000642857143,1,0,1,75.3259434285714,53.8946497142857,22.0952382857143,27.0,9,,,,,14828,2023-04-16,5208608,Goianesia,GO,2023,16
1680998400000,202315,19.0,19,19,19,0.001408492,25.955929,0,1,520860820231519827,2024-04-14,Goianésia,0,0.45401338,73201,19.1428571428571,94.0203,1,0,1,77.2057447142857,51.4963784285714,22.4523808571429,27.7142857142857,15,,,,,14828,2023-04-09,5208608,Goianesia,GO,2023,15
1680393600000,202314,27.0,27,27,27,0.0011426284,36.884743,0,1,520860820231419821,2024-04-08,Goianésia,0,0.49950284,73201,18.7142857142857,90.7521171428571,1,0,1,75.2732408571429,51.3468842857143,21.660714,26.5714285714286,9,,,,,14828,2023-04-02,5208608,Goianesia,GO,2023,14
1679788800000,202313,37.0,37,37,37,0.03391873,50.545757,0,1,520860820231319814,2024-04-01,Goianésia,0,0.6811883,73201,20.8571428571429,72.2697849047619,0,0,1,55.8554788095238,44.1183038571429,24.4166664761905,27.3809523809524,16,,,,,14828,2023-03-26,5208608,Goianesia,GO,2023,13
1679184000000,202312,66.0,66,66,66,0.9580339,90.162704,0,4,520860820231219808,2024-03-26,Goianésia,0,1.3842081,73201,17.5454545454545,91.3497589090909,0,1,2,71.9430174545455,48.5877656363636,21.8560603636364,27.0,47,,,,,14828,2023-03-19,5208608,Goianesia,GO,2023,12
1678579200000,202311,63.0,63,63,63,0.941872,86.0644,0,1,520860820231119800,2024-03-18,Goianésia,0,1.3505826,73201,21.3,81.283395,0,0,2,81.277472,81.271548,21.35,21.4,32,,,,,14828,2023-03-12,5208608,Goianesia,GO,2023,11
1677974400000,202310,34.0,34,34,34,0.089465454,46.447453,0,1,520860820231019794,2024-03-12,Goianésia,0,0.74024105,73201,22.1428571428571,70.8364115714286,0,0,1,68.8942271428571,66.952045,22.3571428571429,22.5714285714286,13,,,,,14828,2023-03-05,5208608,Goianesia,GO,2023,10
1677369600000,202309,51.0,51,51,51,0.8236895,69.67118,0,1,520860820230919786,2024-03-04,Goianésia,0,1.2119967,73201,22.0,75.1189728333333,0,0,1,72.9228621666667,70.7267544166667,22.3333333333333,22.6666666666667,25,,,,,14828,2023-02-26,5208608,Goianesia,GO,2023,9
1676764800000,202308,52.0,52,52,52,0.8971742,71.03728,0,1,520860820230819780,2024-02-27,Goianésia,0,1.3020346,73201,18.9473684210526,90.1438903157895,1,0,1,73.7145455789474,51.9968642105263,22.1798247368421,27.6842105263158,21,,,,,14828,2023-02-19,5208608,Goianesia,GO,2023,8
1676160000000,202307,35.0,35,35,35,0.33078095,47.813553,0,1,520860820230719773,2024-02-20,Goianésia,0,0.9035288,73201,24.5714285714286,59.7649554285714,0,0,1,58.9899425714286,58.2149302857143,24.7142857142857,24.8571428571429,12,,,,,14828,2023-02-12,5208608,Goianesia,GO,2023,7
1675555200000,202306,44.0,44,44,44,0.7925371,60.108467,0,1,520860820230619768,2024-02-15,Goianésia,0,1.1983128,73201,23.0,71.7624368571429,0,0,1,69.3454032857143,66.0995661428571,23.4940477142857,24.2857142857143,10,,,,,14828,2023-02-05,5208608,Goianesia,GO,2023,6
1674950400000,202305,36.0,36,36,36,0.5927842,50.650723,0,1,520860820230519759,2024-02-06,Goianésia,0,1.05735,71075,21.7142857142857,73.9629072857143,0,0,1,68.9879072857143,61.1977235714286,22.970238,24.4285714285714,12,,,,,14828,2023-01-29,5208608,Goianesia,GO,2023,5
1674345600000,202304,42.0,42,42,42,0.8057501,59.092506,0,1,520860820230419752,2024-01-30,Goianésia,0,1.2172304,71075,20.5714285714286,81.7212771428571,0,0,1,81.7212771428571,81.7212771428571,20.5714285714286,20.5714285714286,24,,,,,14828,2023-01-22,5208608,Goianesia,GO,2023,4
1673740800000,202303,28.0,28,28,28,0.096386686,39.395004,0,1,520860820230319747,2024-01-25,Goianésia,0,0.7266237,71075,22.1428571428571,69.4868628571429,0,0,1,69.4868628571429,69.4868628571429,22.1428571428571,22.1428571428571,8,,,,,14828,2023-01-15,5208608,Goianesia,GO,2023,3
1673136000000,202302,36.0,36,36,36,0.17660168,50.650723,0,2,520860820230219747,2024-01-25,Goianésia,0,0.8132464,71075,19.0,90.6840257142857,1,0,1,79.6281335714286,62.9142951428571,21.1190474285714,24.2857142857143,10,,,,,14828,2023-01-08,5208608,Goianesia,GO,2023,2
1672531200000,202301,34.0,34,34,34,0.08627892,47.836792,0,2,520860820230119740,2024-01-18,Goianésia,0,0.73717034,71075,19.2857142857143,92.3190262857143,1,0,1,76.6823057142857,56.4081015714286,21.9821425714286,26.0,17,,,,,14828,2023-01-01,5208608,Goianesia,GO,2023,1
1671926400000,202252,49.0,49,49,49,0.72623205,68.94126,0,2,520860820225219733,2024-01-11,Goianésia,0,1.1329185,71075,19.0,93.9743466666667,1,0,1,89.5614333333333,70.8377946666667,20.05303,21.6666666666667,24,,,,,14828,2022-12-25,5208608,Goianesia,GO,2022,52
1671321600000,202251,50.0,50,50,50,0.8644814,70.34822,0,2,520860820225119718,2023-12-27,Goianésia,0,1.2613769,71075,18.5,93.92977,1,0,1,84.775325,63.8116875,20.677885,24.5,10,,,,,14828,2022-12-18,5208608,Goianesia,GO,2022,51
1670716800000,202250,42.0,42,42,42,0.6732492,59.092506,0,2,520860820225019718,2023-12-27,Goianésia,0,1.1050752,71075,19.6666666666667,90.2900316666667,1,0,1,75.5618248333333,57.4447295,22.213889,25.6666666666667,10,,,,,14828,2022-12-11,5208608,Goianesia,GO,2022,50
1670112000000,202249,40.0,40,40,40,0.5596014,56.27858,0,2,520860820224919708,2023-12-17,Goianésia,0,1.0342082,71075,19.0,93.1274897142857,1,0,1,78.3807888571429,56.234546,21.8760822857143,26.1428571428571,4,,,,,14828,2022-12-04,5208608,Goianesia,GO,2022,49
1669507200000,202248,35.0,35,35,35,0.35388747,49.243755,0,2,520860820224819684,2023-11-23,Goianésia,0,0.9165168,71075,18.2857142857143,93.988274,1,0,1,79.0060364285714,56.1041121428571,21.3357145714286,25.5714285714286,8,,,,,14828,2022-11-27,5208608,Goianesia,GO,2022,48
1668902400000,202247,40.0,40,40,40,0.7120426,56.27858,0,1,520860820224719684,2023-11-23,Goianésia,0,1.1370562,71075,18.2857142857143,96.5898705714286,1,0,1,81.2759271428571,61.2429421428571,21.1251727142857,25.0,9,,,,,14828,2022-11-20,5208608,Goianesia,GO,2022,47
1668297600000,202246,42.0,42,42,42,0.8499978,59.092506,0,1,520860820224619684,2023-11-23,Goianésia,0,1.2696458,71075,18.5714285714286,96.5969728571429,1,0,1,81.6690514285714,57.1657104285714,21.5520188571429,26.7142857142857,5,,,,,14828,2022-11-13,5208608,Goianesia,GO,2022,46
1667692800000,202245,33.0,33,33,33,0.51636034,46.42983,0,1,520860820224519684,2023-11-23,Goianésia,0,1.0101107,71075,17.5714285714286,92.4072482857143,0,0,1,77.5294514285714,56.1062768571429,21.0367965714286,25.8571428571429,8,,,,,14828,2022-11-06,5208608,Goianesia,GO,2022,45
1667088000000,202244,32.0,32,32,32,0.6022505,45.02286,0,1,520860820224419684,2023-11-23,Goianésia,0,1.0676076,71075,17.8571428571429,97.4635071428571,0,0,1,79.355244,57.1676717142857,21.0447995714286,25.4285714285714,5,,,,,14828,2022-10-30,5208608,Goianesia,GO,2022,44
1666483200000,202243,33.0,33,33,33,0.87187487,46.42983,0,1,520860820224319684,2023-11-23,Goianésia,0,1.348488,71075,18.4285714285714,92.5638954285714,1,0,1,71.6844725714286,52.4301154285714,22.4214288571429,26.7142857142857,3,,,,,14828,2022-10-23,5208608,Goianesia,GO,2022,43
1665878400000,202242,37.0,37,37,37,0.9807994,52.057686,0,1,520860820224219684,2023-11-23,Goianésia,0,1.7298121,71075,19.2857142857143,66.993991,0,1,1,44.4687085714286,27.5304324285714,24.915796,30.5714285714286,2,,,,,14828,2022-10-16,5208608,Goianesia,GO,2022,42
1665273600000,202241,17.0,17,17,17,0.36621553,23.918396,0,1,520860820224119684,2023-11-23,Goianésia,0,0.89342344,71075,18.7142857142857,64.3749081428571,0,0,1,46.136526,29.3426358571429,24.6547617142857,30.2857142857143,2,,,,,14828,2022-10-09,5208608,Goianesia,GO,2022,41
1664668800000,202240,24.0,24,24,24,0.91114163,33.767147,0,1,520860820224019684,2023-11-23,Goianésia,0,1.534872,71075,19.8571428571429,81.5691865714286,0,0,1,64.9166772857143,45.6374,22.9918831428571,27.0,3,,,,,14828,2022-10-02,5208608,Goianesia,GO,2022,40
1664064000000,202239,20.0,20,20,20,0.89705867,28.13929,0,1,520860820223919684,2023-11-23,Goianésia,0,1.5540704,71075,18.8571428571429,86.7825357142857,1,0,1,64.6520471428571,42.8540258571429,23.5778388571429,28.0,0,,,,,14828,2022-09-25,5208608,Goianesia,GO,2022,39
1663459200000,202238,15.0,15,15,15,0.67344034,21.104467,0,1,520860820223819684,2023-11-23,Goianésia,0,1.1836479,71075,19.5714285714286,87.0378442857143,1,0,1,75.3965907142857,57.6158354285714,21.9340491428571,26.0,2,,,,,14828,2022-09-18,5208608,Goianesia,GO,2022,38
1662854400000,202237,12.0,12,12,12,0.30883893,16.883574,0,1,520860820223719684,2023-11-23,Goianésia,0,0.82595575,71075,17.5714285714286,64.9366548571429,0,0,1,43.0064551428571,26.1892998571429,23.4399585714286,29.4285714285714,2,,,,,14828,2022-09-11,5208608,Goianesia,GO,2022,37
1662249600000,202236,10.0,10,10,10,0.22240773,14.069645,0,1,520860820223619684,2023-11-23,Goianésia,0,0.7330181,71075,14.4285714285714,67.5492405714286,0,0,1,41.9576865714286,21.892369,22.5362314285714,29.7142857142857,1,,,,,14828,2022-09-04,5208608,Goianesia,GO,2022,36
1661644800000,202235,16.0,16,16,16,0.9340386,22.51143,0,1,520860820223519684,2023-11-23,Goianésia,0,1.8395314,71075,13.4285714285714,69.280637,0,0,1,49.9762477142857,33.2029888571429,19.3575757142857,25.0,0,,,,,14828,2022-08-28,5208608,Goianesia,GO,2022,35
1661040000000,202234,20.0,20,20,20,0.9991374,28.13929,0,1,520860820223419684,2023-11-23,Goianésia,0,3.916664,71075,13.5714285714286,72.683668,0,1,1,50.569373,33.1938754285714,19.5404452857143,25.1428571428571,4,,,,,14828,2022-08-21,5208608,Goianesia,GO,2022,34
1660435200000,202233,4.0,4,4,4,0.46143237,5.6278577,0,1,520860820223319684,2023-11-23,Goianésia,0,0.93797064,71075,14.8571428571429,73.5639842857143,0,0,0,50.4622805714286,32.8632422857143,20.7673075714286,26.2857142857143,2,,,,,14828,2022-08-14,5208608,Goianesia,GO,2022,33
1659830400000,202232,5.0,5,5,5,0.5687091,7.0348225,0,1,520860820223219684,2023-11-23,Goianésia,0,1.1135811,71075,14.0,74.8994007142857,0,0,0,47.8615458571429,27.7368811428571,21.470238,29.1428571428571,1,,,,,14828,2022-08-07,5208608,Goianesia,GO,2022,32
1659225600000,202231,3.0,3,3,3,0.2345647,4.2208934,0,1,520860820223119684,2023-11-23,Goianésia,0,0.60977125,71075,13.4285714285714,76.0803137142857,0,0,0,52.1349268571429,31.9962834285714,19.8380951428571,26.1428571428571,1,,,,,14828,2022-07-31,5208608,Goianesia,GO,2022,31
1658620800000,202230,6.0,6,6,6,0.39667302,8.441787,0,1,520860820223019684,2023-11-23,Goianésia,0,0.8682099,71075,12.4285714285714,78.6261435714286,0,0,0,54.0497742857143,30.9571408571429,19.095798,26.1428571428571,2,,,,,14828,2022-07-24,5208608,Goianesia,GO,2022,30
1658016000000,202229,3.0,3,3,3,0.019116873,4.2208934,0,1,520860820222919684,2023-11-23,Goianésia,0,0.2995037,71075,12.5714285714286,80.6108865714286,0,0,0,58.6534278571429,39.1537008571429,18.5440477142857,24.5714285714286,3,,,,,14828,2022-07-17,5208608,Goianesia,GO,2022,29
1657411200000,202228,6.0,6,6,6,0.08138528,8.441787,0,1,520860820222819684,2023-11-23,Goianésia,0,0.5139457,71075,11.0,86.75139,0,0,0,62.5207772857143,38.6839828571429,17.5059522857143,24.1428571428571,2,,,,,14828,2022-07-10,5208608,Goianesia,GO,2022,28
1656806400000,202227,11.0,11,11,11,0.5100119,15.476609,0,1,520860820222719684,2023-11-23,Goianésia,0,1.0105827,71075,12.1428571428571,82.89579,0,0,1,61.0753394285714,39.6007082857143,18.2591992857143,24.7142857142857,5,,,,,14828,2022-07-03,5208608,Goianesia,GO,2022,27
1656201600000,202226,14.0,14,14,14,0.7669877,19.697502,0,1,520860820222619684,2023-11-23,Goianésia,0,1.3381238,71075,11.0,85.1387,0,0,1,58.8449532857143,34.3125784285714,18.4954482857143,25.7142857142857,5,,,,,14828,2022-06-26,5208608,Goianesia,GO,2022,26
1655596800000,202225,11.0,11,11,11,0.36574695,15.476609,0,1,520860820222519684,2023-11-23,Goianésia,0,0.8703673,71075,13.2857142857143,82.0726174285714,0,0,1,59.0751315714286,38.3953017142857,19.625,25.4285714285714,7,,,,,14828,2022-06-19,5208608,Goianesia,GO,2022,25
1654992000000,202224,7.0,7,7,7,0.024097908,9.848751,0,1,520860820222419684,2023-11-23,Goianésia,0,0.43188053,71075,15.0,85.588163,0,0,1,62.9264948571429,40.3096182857143,20.4821425714286,26.7142857142857,5,,,,,14828,2022-06-12,5208608,Goianesia,GO,2022,24
1654387200000,202223,14.0,14,14,14,0.18446423,19.697502,0,1,520860820222319684,2023-11-23,Goianésia,0,0.7332499,71075,13.5714285714286,85.4172108571429,0,0,1,66.5823192857143,46.0246508571429,18.5127551428571,24.0,7,,,,,14828,2022-06-05,5208608,Goianesia,GO,2022,23
1653782400000,202222,14.0,14,14,14,0.18046099,19.697502,0,1,520860820222219684,2023-11-23,Goianésia,5,0.72970116,71075,12.1428571428571,81.9714232857143,0,0,1,56.3103858571429,31.9399344285714,19.6437072857143,27.4285714285714,9,,,,,14828,2022-05-29,5208608,Goianesia,GO,2022,22
1653177600000,202221,24.0,24,24,24,0.75294054,33.767147,0,1,520860820222119684,2023-11-23,Goianésia,0,1.2285303,71075,12.5714285714286,87.08086,0,0,1,61.4327034285714,37.2640028571429,19.1617965714286,25.7142857142857,10,,,,,14828,2022-05-22,5208608,Goianesia,GO,2022,21
1652572800000,202220,18.0,18,18,18,0.22739129,25.325361,0,1,520860820222019684,2023-11-23,Goianésia,0,0.7924193,71075,11.8571428571429,84.4952805714286,0,0,1,62.9035674285714,36.2579531428571,17.3392857142857,23.8571428571429,7,,,,,14828,2022-05-15,5208608,Goianesia,GO,2022,20
1651968000000,202219,17.0,17,17,17,0.0908212,23.918396,0,1,520860820221919684,2023-11-23,Goianésia,0,0.6640048,71075,16.1428571428571,89.6756457142857,0,0,1,65.2229281428571,43.6238678571429,21.5833334285714,26.7142857142857,7,,,,,14828,2022-05-08,5208608,Goianesia,GO,2022,19
1651363200000,202218,22.0,22,22,22,0.31020674,30.953218,0,1,520860820221819684,2023-11-23,Goianésia,0,0.86690724,71075,17.1428571428571,88.1557562857143,0,0,1,67.6145771428571,49.3507055714286,22.2571428571429,27.0,19,,,,,14828,2022-05-01,5208608,Goianesia,GO,2022,18
1650758400000,202217,31.0,31,31,31,0.7656937,43.6159,0,1,520860820221719684,2023-11-23,Goianésia,0,1.2113028,71075,17.2857142857143,86.0567122857143,0,0,1,66.4426838571429,42.8870952857143,22.236472,27.4285714285714,21,,,,,14828,2022-04-24,5208608,Goianesia,GO,2022,17
1650153600000,202216,23.0,23,23,23,0.2718798,32.360184,0,1,520860820221619684,2023-11-23,Goianésia,0,0.8435334,71075,16.1428571428571,89.7645371428571,0,0,1,64.1034552857143,40.3803115714286,22.3747414285714,28.1428571428571,17,,,,,14828,2022-04-17,5208608,Goianesia,GO,2022,16
1649548800000,202215,24.0,24,24,24,0.3422307,33.767147,0,1,520860820221519684,2023-11-23,Goianésia,1,0.89305365,71075,19.4285714285714,93.2098842857143,1,0,1,74.8484662857143,50.8316565714286,23.1062924285714,28.4285714285714,15,,,,,14828,2022-04-10,5208608,Goianesia,GO,2022,15
1648944000000,202214,29.0,29,29,29,0.6873536,40.80197,0,1,520860820221419684,2023-11-23,Goianésia,0,1.1405643,71075,17.2857142857143,87.3265614285714,0,0,1,63.44131,44.125536,23.2321428571429,28.4285714285714,21,,,,,14828,2022-04-03,5208608,Goianesia,GO,2022,14
1648339200000,202213,31.0,31,31,31,0.573782,43.6159,0,1,520860820221319684,2023-11-23,Goianésia,1,1.048628,71075,18.4285714285714,84.3402228571429,0,0,1,59.8388778571429,36.4468214285714,24.3579401428571,30.0,16,,,,,14828,2022-03-27,5208608,Goianesia,GO,2022,13
1647734400000,202212,19.0,19,19,19,0.006428601,26.732325,0,1,520860820221219684,2023-11-23,Goianésia,0,0.5085107,71075,18.0,90.6027648571429,0,0,1,66.8086637142857,43.0196412857143,23.4200681428571,28.8571428571429,12,,,,,14828,2022-03-20,5208608,Goianesia,GO,2022,12
1647129600000,202211,26.0,26,26,26,0.05484809,36.581078,0,1,520860820221119684,2023-11-23,Goianésia,0,0.6710526,71075,19.7142857142857,96.6082785714286,1,0,1,79.7926615714286,57.9405338571429,22.5005102857143,26.7142857142857,20,,,,,14828,2022-03-13,5208608,Goianesia,GO,2022,11
1646524800000,202210,42.0,42,42,42,0.83698964,59.092506,0,1,520860820221019684,2023-11-23,Goianésia,0,1.252948,71075,18.7142857142857,88.2747214285714,1,0,1,68.221165,45.3070775714286,23.2678571428571,28.2857142857143,32,,,,,14828,2022-03-06,5208608,Goianesia,GO,2022,10
1645920000000,202209,49.0,49,49,49,0.96217245,68.94126,0,1,520860820220919684,2023-11-23,Goianésia,0,1.482919,71075,17.8571428571429,91.4735677142857,0,1,1,72.9869754285714,47.0274331428571,22.3637684285714,28.0,37,,,,,14828,2022-02-27,5208608,Goianesia,GO,2022,9
1645315200000,202208,24.0,24,24,24,0.06252993,33.767147,0,2,520860820220819684,2023-11-23,Goianésia,0,0.6716505,71075,18.8571428571429,95.6832957142857,1,0,1,77.1322252857143,54.3417425714286,22.6666665714286,27.2857142857143,16,,,,,14828,2022-02-20,5208608,Goianesia,GO,2022,8
1644710400000,202207,30.0,30,30,30,0.22218685,42.208935,0,2,520860820220719684,2023-11-23,Goianésia,0,0.8292301,71075,19.0,98.3242914285714,1,0,1,85.8533042857143,64.1374115714286,21.3015871428571,25.2857142857143,22,,,,,14828,2022-02-13,5208608,Goianesia,GO,2022,7
1644105600000,202206,45.0,45,45,45,0.6637044,63.3134,0,2,520860820220619684,2023-11-23,Goianésia,0,1.0949328,71075,19.5714285714286,94.1018757142857,1,0,1,81.1187141428571,61.4136694285714,21.8537782857143,25.1428571428571,22,,,,,14828,2022-02-06,5208608,Goianesia,GO,2022,6
1643500800000,202205,29.0,29,29,29,0.009927702,40.80197,0,1,520860820220519684,2023-11-23,Goianésia,0,0.5871505,71075,19.2857142857143,94.0717157142857,1,0,1,76.8378707142857,55.116085,22.8452382857143,27.4285714285714,16,,,,,14828,2022-01-30,5208608,Goianesia,GO,2022,5
1642896000000,202204,36.0,36,36,36,0.082030594,50.650723,0,1,520860820220419684,2023-11-23,Goianésia,0,0.7389049,71075,19.2857142857143,88.4009338571429,1,0,1,68.8524324285714,42.3662232857143,23.329365,27.7142857142857,20,,,,,14828,2022-01-23,5208608,Goianesia,GO,2022,4
1642291200000,202203,58.0,58,58,58,0.992556,81.60394,0,4,520860820220319684,2023-11-23,Goianésia,0,1.6677759,71075,19.0,84.439927,0,1,2,60.8991127142857,38.1223407142857,24.0661762857143,28.8571428571429,37,,,,,14828,2022-01-16,5208608,Goianesia,GO,2022,3
1641686400000,202202,57.0,57,57,57,0.9999981,80.196976,0,2,520860820220219684,2023-11-23,Goianésia,1,3.1389644,71075,18.2857142857143,95.7747814285714,1,1,2,81.8159628571428,62.0994928571429,21.529762,25.4285714285714,37,,,,,14828,2022-01-09,5208608,Goianesia,GO,2022,2
1641081600000,202201,40.0,40,40,40,0.9999881,56.27858,0,2,520860820220119684,2023-11-23,Goianésia,1,3.6359365,71075,19.4285714285714,97.4365414285714,1,1,1,84.7637071428571,65.0754605714286,21.9415975714286,25.7142857142857,26,,,,,14828,2022-01-02,5208608,Goianesia,GO,2022,1
1640476800000,202152,5.0,5,5,5,0.0645773,7.0348225,0,2,520860820215219684,2023-11-23,Goianésia,2,0.46313784,71075,19.2857142857143,96.5631842857143,1,0,0,83.1031221428571,64.7107498571429,21.7639754285714,24.8571428571429,5,,,,,14828,2021-12-26,5208608,Goianesia,GO,2021,52
1639872000000,202151,12.0,12,12,12,0.5286847,16.883574,0,2,520860820215119684,2023-11-23,Goianésia,0,1.0295014,71075,19.2857142857143,99.1455371428571,1,0,1,83.8618135714286,60.7938734285714,22.1863351428571,26.2857142857143,12,,,,,14828,2021-12-19,5208608,Goianesia,GO,2021,51
1639267200000,202150,8.0,8,8,8,0.32048962,11.255715,0,2,520860820215019684,2023-11-23,Goianésia,1,0.80589974,71075,19.5714285714286,98.2847528571429,1,0,1,83.3876711428571,61.1714955714286,22.3749294285714,26.7142857142857,7,,,,,14828,2021-12-12,5208608,Goianesia,GO,2021,50
1638662400000,202149,16.0,16,16,16,0.95311207,22.51143,0,2,520860820214919684,2023-11-23,Goianésia,0,1.9967765,71075,19.2857142857143,96.5631842857143,1,1,1,80.2377128571429,55.6742594285714,22.5274328571429,27.2857142857143,10,,,,,14828,2021-12-05,5208608,Goianesia,GO,2021,49
1638057600000,202148,10.0,10,10,10,0.7347143,14.069645,0,2,520860820214819684,2023-11-23,Goianésia,0,1.3427035,71075,19.4285714285714,96.6515714285714,1,0,1,81.5217685714286,56.1278164285714,22.835686,27.1428571428571,2,,,,,14828,2021-11-28,5208608,Goianesia,GO,2021,48
1637452800000,202147,4.0,4,4,4,0.28065267,5.6278577,0,2,520860820214719684,2023-11-23,Goianésia,0,0.6980904,71075,19.1428571428571,95.8185,1,0,0,71.9879885714286,45.4034822857143,23.8032182857143,29.1428571428571,2,,,,,14828,2021-11-21,5208608,Goianesia,GO,2021,47
1636848000000,202146,12.0,12,12,12,0.9778931,16.883574,0,2,520860820214619684,2023-11-23,Goianésia,0,2.8104048,71075,18.8571428571429,99.1392157142857,1,1,1,86.6335664285714,67.6370247142857,21.0626762857143,24.5714285714286,4,,,,,14828,2021-11-14,5208608,Goianesia,GO,2021,46
1636243200000,202145,4.0,4,4,4,0.45693356,5.6278577,0,2,520860820214519684,2023-11-23,Goianésia,0,0.9310748,71075,19.7142857142857,96.5695057142857,1,0,0,83.8560065714286,63.9031078571429,21.916996,25.7142857142857,0,,,,,14828,2021-11-07,5208608,Goianesia,GO,2021,45
1635638400000,202144,3.0,3,3,3,0.24306394,4.2208934,0,2,520860820214419684,2023-11-23,Goianésia,0,0.6201929,71075,19.1428571428571,94.9049228571429,1,0,0,79.0485935714286,57.034604,22.2845851428571,26.5714285714286,1,,,,,14828,2021-10-31,5208608,Goianesia,GO,2021,44
1635033600000,202143,5.0,5,5,5,0.5083175,7.0348225,0,2,520860820214319684,2023-11-23,Goianésia,0,1.0127622,71075,19.7142857142857,87.2303314285714,1,0,0,65.7627388571429,42.7663114285714,24.1959345714286,29.7142857142857,0,,,,,14828,2021-10-24,5208608,Goianesia,GO,2021,43
1634428800000,202142,4.0,4,4,4,0.48811185,5.6278577,0,1,520860820214219684,2023-11-23,Goianésia,0,0.9802901,71075,19.1428571428571,92.4420505714286,1,0,0,72.9548801428571,49.7485974285714,23.406469,28.4285714285714,1,,,,,14828,2021-10-17,5208608,Goianesia,GO,2021,42
1633824000000,202141,7.0,7,7,7,0.857229,9.848751,0,1,520860820214119684,2023-11-23,Goianésia,0,1.9033135,71075,19.5714285714286,93.2596742857143,1,0,1,73.6615957142857,49.1899128571429,23.391634,28.8571428571429,2,,,,,14828,2021-10-10,5208608,Goianesia,GO,2021,41
1633219200000,202140,3.0,3,3,3,0.27281064,4.2208934,0,1,520860820214019684,2023-11-23,Goianésia,0,0.65714514,71075,20.0,76.1088971428571,0,0,0,50.1387944285714,26.7316421428571,26.4464288571429,33.0,1,,,,,14828,2021-10-03,5208608,Goianesia,GO,2021,40
1632614400000,202139,3.0,3,3,3,0.16166347,4.2208934,0,1,520860820213919684,2023-11-23,Goianésia,0,0.5211413,71075,19.1428571428571,78.4010768571429,0,0,0,55.5234057142857,34.1598694285714,24.5157865714286,30.2857142857143,0,,,,,14828,2021-09-26,5208608,Goianesia,GO,2021,39
1632009600000,202138,4.0,4,4,4,0.29328108,5.6278577,0,1,520860820213819684,2023-11-23,Goianésia,0,0.7131255,71075,18.1428571428571,66.7016934285714,0,0,0,42.6825678571429,24.1409134285714,25.714286,33.0,2,,,,,14828,2021-09-19,5208608,Goianesia,GO,2021,38
1631404800000,202137,7.0,7,7,7,0.7120249,9.848751,0,1,520860820213719684,2023-11-23,Goianésia,0,1.3663343,71075,16.1428571428571,59.2610882857143,0,0,1,34.514394,17.1883684285714,24.92029,32.1428571428571,2,,,,,14828,2021-09-12,5208608,Goianesia,GO,2021,37
1630800000000,202136,7.0,7,7,7,0.5715081,9.848751,0,1,520860820213619684,2023-11-23,Goianésia,0,1.1003281,71075,16.5714285714286,64.8095248571429,0,0,1,37.2584027142857,17.8000632857143,25.5155277142857,33.4285714285714,3,,,,,14828,2021-09-05,5208608,Goianesia,GO,2021,36
1630195200000,202135,2.0,2,2,2,0.024072627,2.8139288,0,1,520860820213519684,2023-11-23,Goianésia,0,0.26155886,71075,15.7142857142857,73.0531564285714,0,0,0,49.6873562857143,28.6732232857143,22.1380345714286,28.7142857142857,0,,,,,14828,2021-08-29,5208608,Goianesia,GO,2021,35
1629590400000,202134,7.0,7,7,7,0.34016728,9.848751,0,1,520860820213419684,2023-11-23,Goianésia,0,0.81569356,71075,14.2857142857143,71.4570802857143,0,0,1,44.6969774285714,24.613081,22.5527948571429,30.0,2,,,,,14828,2021-08-22,5208608,Goianesia,GO,2021,34
1628985600000,202133,10.0,10,10,10,0.5254144,14.069645,0,1,520860820213319684,2023-11-23,Goianésia,1,1.0285056,71075,12.7142857142857,74.385162,0,0,1,46.1761064285714,26.1762268571429,20.7950314285714,27.8571428571429,5,,,,,14828,2021-08-15,5208608,Goianesia,GO,2021,33
1628380800000,202132,4.0,4,4,4,0.056682747,5.6278577,0,1,520860820213219684,2023-11-23,Goianésia,0,0.41857356,71075,12.1428571428571,79.8900945714286,0,0,0,50.8448611428571,27.7660268571429,20.2732914285714,27.5714285714286,1,,,,,14828,2021-08-08,5208608,Goianesia,GO,2021,32
1627776000000,202131,16.0,16,16,16,0.8096376,22.51143,0,1,520860820213119684,2023-11-23,Goianésia,0,1.3931358,71075,13.5714285714286,76.406646,0,0,1,55.1886467142857,36.0426724285714,19.2289665714286,24.7142857142857,6,,,,,14828,2021-08-01,5208608,Goianesia,GO,2021,31
1627171200000,202130,5.0,5,5,5,0.007540712,7.0348225,0,1,520860820213019684,2023-11-23,Goianésia,0,0.32256353,71075,10.5714285714286,75.366805,0,0,0,49.8458544285714,31.1257135714286,18.7826088571429,26.7142857142857,2,,,,,14828,2021-07-25,5208608,Goianesia,GO,2021,30
1626566400000,202129,10.0,10,10,10,0.03815458,14.069645,0,1,520860820212919684,2023-11-23,Goianésia,0,0.5158839,71075,12.7142857142857,74.9124467142857,0,0,1,51.354167,31.2764212857143,19.6708077142857,26.2857142857143,1,,,,,14828,2021-07-18,5208608,Goianesia,GO,2021,29
1625961600000,202128,18.0,18,18,18,0.12173296,25.325361,0,1,520860820212819684,2023-11-23,Goianésia,0,0.7028905,71075,10.1428571428571,84.1847835714286,0,0,1,56.1268215714286,31.4361722857143,18.5222565714286,26.1428571428571,10,,,,,14828,2021-07-11,5208608,Goianesia,GO,2021,28
1625356800000,202127,18.0,18,18,18,0.016890364,25.325361,0,1,520860820212719684,2023-11-23,Goianésia,0,0.54699016,71075,9.28571428571429,84.98449,0,0,1,55.942113,29.4734464285714,17.5155282857143,25.2857142857143,9,,,,,14828,2021-07-04,5208608,Goianesia,GO,2021,27
1624752000000,202126,20.0,20,20,20,0.016026769,28.13929,0,1,520860820212619684,2023-11-23,Goianésia,1,0.5589849,71075,10.8571428571429,83.5715771428571,0,0,1,59.7952774285714,37.5027352857143,17.5344437142857,24.1428571428571,8,,,,,14828,2021-06-27,5208608,Goianesia,GO,2021,26
1624147200000,202125,43.0,43,43,43,0.7074734,60.499474,0,1,520860820212519684,2023-11-23,Goianésia,0,1.1283345,71075,13.0,87.7259265714286,0,0,1,60.1422724285714,32.6517378571429,19.931112,26.8571428571429,25,,,,,14828,2021-06-20,5208608,Goianesia,GO,2021,25
1623542400000,202124,32.0,32,32,32,0.10640412,45.02286,0,1,520860820212419684,2023-11-23,Goianésia,0,0.7496185,71075,14.2857142857143,86.6938714285714,0,0,1,64.0337278571428,43.005393,19.9184782857143,25.2857142857143,21,,,,,14828,2021-06-13,5208608,Goianesia,GO,2021,24
1622937600000,202123,37.0,37,37,37,0.07102605,52.057686,0,1,520860820212319684,2023-11-23,Goianésia,2,0.73047614,71075,15.0,88.7808271428571,0,0,1,67.8732564285714,45.2684524285714,20.0833335714286,25.8571428571429,27,,,,,14828,2021-06-06,5208608,Goianesia,GO,2021,23
1622332800000,202122,44.0,44,44,44,0.041413102,61.906437,0,1,520860820212219684,2023-11-23,Goianésia,1,0.7128784,71075,14.0,87.9087857142857,0,0,1,63.6846164285714,37.631327,20.5736282857143,27.2857142857143,41,,,,,14828,2021-05-30,5208608,Goianesia,GO,2021,22
1621728000000,202121,43.0,43,43,43,0.0049936906,60.499474,0,1,520860820212119684,2023-11-23,Goianésia,0,0.61279416,71075,16.7142857142857,92.2280257142857,0,0,1,67.7113187142857,42.8719665714286,22.375,28.4285714285714,33,,,,,14828,2021-05-23,5208608,Goianesia,GO,2021,21
1621123200000,202120,69.0,69,69,69,0.18922871,97.08055,0,4,520860820212019684,2023-11-23,Goianésia,1,0.86568755,71075,13.0,91.2107414285714,0,0,2,62.314748,35.1850972857143,20.4761905714286,27.1428571428571,56,,,,,14828,2021-05-16,5208608,Goianesia,GO,2021,20
1620518400000,202119,71.0,71,71,71,0.0307929,99.89448,0,4,520860820211919684,2023-11-23,Goianésia,3,0.7475305,71075,14.1428571428571,88.6733928571429,0,0,2,64.3450831428571,41.1646547142857,20.125,25.7142857142857,65,,,,,14828,2021-05-09,5208608,Goianesia,GO,2021,19
1619913600000,202118,70.0,70,70,70,0.003845658,98.48751,0,4,520860820211819684,2023-11-23,Goianésia,1,0.66627926,71075,14.5714285714286,88.9441585714286,0,0,2,67.5060581428571,42.5059274285714,20.4880954285714,26.1428571428571,56,,,,,14828,2021-05-02,5208608,Goianesia,GO,2021,18
1619308800000,202117,99.0,99,99,99,0.37995136,139.28949,0,4,520860820211719684,2023-11-23,Goianésia,2,0.958021,71075,17.5714285714286,95.7048842857143,0,0,2,77.3551394285714,54.2797311428571,21.5520185714286,25.8571428571429,79,,,,,14828,2021-04-25,5208608,Goianesia,GO,2021,17
1618704000000,202116,120.0,120,120,120,0.96054184,168.83574,0,4,520860820211619684,2023-11-23,Goianésia,0,1.2717692,71075,15.2857142857143,93.89014,0,1,2,73.4630407142857,50.37927,19.9399095714286,25.1428571428571,99,,,,,14828,2021-04-18,5208608,Goianesia,GO,2021,16
1618099200000,202115,96.0,96,96,96,0.9248431,135.06859,0,4,520860820211519684,2023-11-23,Goianésia,1,1.2445319,71075,16.2857142857143,89.7070257142857,0,0,2,67.434619,43.7768872857143,21.7261905714286,27.2857142857143,62,,,,,14828,2021-04-11,5208608,Goianesia,GO,2021,15
1617494400000,202114,109.0,109,109,109,0.99990577,153.35913,0,4,520860820211419684,2023-11-23,Goianésia,2,1.792777,71075,18.2857142857143,94.8571971428571,1,1,2,79.5558544285714,59.3112671428571,21.1607142857143,25.2857142857143,73,,,,,14828,2021-04-04,5208608,Goianesia,GO,2021,14
1616889600000,202113,75.0,75,75,75,0.98160887,105.52234,0,4,520860820211319684,2023-11-23,Goianésia,2,1.4522051,71075,17.7142857142857,89.8154948571429,0,1,2,64.6507262857143,40.2301368571429,23.504348,29.4285714285714,60,,,,,14828,2021-03-28,5208608,Goianesia,GO,2021,13
1616284800000,202112,51.0,51,51,51,0.7593572,71.75519,0,4,520860820211219684,2023-11-23,Goianésia,0,1.15481,71075,16.4285714285714,88.9287742857143,0,0,2,63.8930594285714,38.4806095714286,22.3869045714286,28.1428571428571,39,,,,,14828,2021-03-21,5208608,Goianesia,GO,2021,12
1615680000000,202111,58.0,58,58,58,0.98427296,81.60394,0,2,520860820211119684,2023-11-23,Goianésia,0,1.5596061,71075,19.2857142857143,96.54408,1,1,2,81.2212574285714,61.589928,21.7251725714286,25.2857142857143,34,,,,,14828,2021-03-14,5208608,Goianesia,GO,2021,11
1615075200000,202110,41.0,41,41,41,0.8940157,57.685543,0,2,520860820211019684,2023-11-23,Goianésia,0,1.3431743,71075,19.4285714285714,94.0377471428571,1,0,1,80.3793621428571,57.9639117142857,21.9704968571429,26.4285714285714,28,,,,,14828,2021-03-07,5208608,Goianesia,GO,2021,10
1614470400000,202109,38.0,38,38,38,0.9577873,53.46465,0,2,520860820210919684,2023-11-23,Goianésia,1,1.5507951,71075,18.2857142857143,93.20218,1,1,1,76.8389297142857,60.481756,21.7889851428571,25.4285714285714,20,,,,,14828,2021-02-28,5208608,Goianesia,GO,2021,9
1613865600000,202108,32.0,32,32,32,0.94784737,45.02286,0,2,520860820210819684,2023-11-23,Goianésia,1,1.5696431,71075,19.0,95.7024,1,0,1,85.4754722857143,68.6904364285714,21.0818558571429,24.8571428571429,19,,,,,14828,2021-02-21,5208608,Goianesia,GO,2021,8
1613260800000,202107,21.0,21,21,21,0.81011206,29.546253,0,2,520860820210719684,2023-11-23,Goianésia,1,1.3337116,71075,19.8571428571429,97.43029,1,0,1,87.0259122857143,67.941441,21.5729814285714,25.7142857142857,11,,,,,14828,2021-02-14,5208608,Goianesia,GO,2021,7
1612656000000,202106,22.0,22,22,22,0.9883547,30.953218,0,1,520860820210619684,2023-11-23,Goianésia,0,2.2927897,71075,18.8571428571429,95.7417291428571,1,1,1,84.8033824285714,67.4999421428571,21.139234,25.1428571428571,16,,,,,14828,2021-02-07,5208608,Goianesia,GO,2021,6
1612051200000,202105,18.0,18,18,18,0.9980074,25.325361,0,1,520860820210519684,2023-11-23,Goianésia,0,3.6642585,71075,19.7142857142857,90.0852285714286,1,1,1,74.4659757142857,54.7082732857143,23.2533314285714,27.5714285714286,13,,,,,14828,2021-01-31,5208608,Goianesia,GO,2021,5
1611446400000,202104,8.0,8,8,8,0.92429876,11.255715,0,1,520860820210419684,2023-11-23,Goianésia,0,2.3477266,71075,18.2857142857143,84.5731074285714,0,0,1,63.7151582857143,43.7780817142857,23.1924601428571,28.1428571428571,6,,,,,14828,2021-01-24,5208608,Goianesia,GO,2021,4
1610841600000,202103,3.0,3,3,3,0.49306726,4.2208934,0,1,520860820210319684,2023-11-23,Goianésia,0,0.98689544,71075,17.8571428571429,91.6025291428571,0,0,0,65.5975597142857,43.1606454285714,23.3387445714286,28.1428571428571,3,,,,,14828,2021-01-17,5208608,Goianesia,GO,2021,3
1610236800000,202102,2.0,2,2,2,0.6015318,2.8139288,0,1,520860820210219684,2023-11-23,Goianésia,0,1.2749606,71075,19.5714285714286,96.5695057142857,1,0,0,81.7848205714286,60.8395625714286,22.154729,26.5714285714286,2,,,,,14828,2021-01-10,5208608,Goianesia,GO,2021,2
1609632000000,202101,6.0,6,6,6,0.9962691,8.441787,0,1,520860820210119684,2023-11-23,Goianésia,0,13.874017,71075,19.1428571428571,91.5289014285714,1,0,0,73.1375412857143,47.3362918571429,23.405538,28.7142857142857,3,,,,,14828,2021-01-03,5208608,Goianesia,GO,2021,1
1609027200000,202053,0.0,0,0,0,0.0,0.0,0,1,520860820205319589,2023-08-20,Goianésia,0,0.0,71075,19.0,88.269605,0,0,0,70.346973,43.828385,22.625,29.0,0,,,,,14828,2020-12-27,5208608,Goianesia,GO,2020,53
1608422400000,202052,1.0,1,1,1,0.47694242,1.4069644,0,1,520860820205219589,2023-08-20,Goianésia,0,0.93623054,71075,19.08,89.18544416,1,0,0,,,,,0,,,,,14828,2020-12-20,5208608,Goianesia,GO,2020,52
1607817600000,202051,0.0,0,0,0,0.0,0.0,0,1,520860820205119589,2023-08-20,Goianésia,0,0.0,71075,19.16,90.10128332,0,0,0,,,,,0,,,,,14828,2020-12-13,5208608,Goianesia,GO,2020,51
1607212800000,202050,2.0,2,2,2,0.53874665,2.8139288,0,1,520860820205019589,2023-08-20,Goianésia,0,1.0932168,71075,19.24,91.01712248,1,0,0,,,,,2,,,,,14828,2020-12-06,5208608,Goianesia,GO,2020,50
1606608000000,202049,0.0,0,0,0,0.0,0.0,0,1,520860820204919589,2023-08-20,Goianésia,0,0.0,71075,19.32,91.93296164,0,0,0,,,,,0,,,,,14828,2020-11-29,5208608,Goianesia,GO,2020,49
1606003200000,202048,4.0,4,4,4,0.8138568,5.6278577,0,1,520860820204819589,2023-08-20,Goianésia,0,2.0093129,71075,19.4,92.8488008,1,0,0,76.536782,55.6382074,22.6426876,26.8,3,,,,,14828,2020-11-22,5208608,Goianesia,GO,2020,48
1605398400000,202047,0.0,0,0,0,0.0,0.0,0,1,520860820204719589,2023-08-20,Goianésia,0,0.0,71075,19.7142857142857,94.98075,0,0,0,78.051455,56.0577165714286,23.4233951428571,28.1428571428571,0,,,,,14828,2020-11-15,5208608,Goianesia,GO,2020,47
1604793600000,202046,2.0,2,2,2,0.58919305,2.8139288,0,1,520860820204619589,2023-08-20,Goianésia,0,1.2356112,71075,20.1666666666667,90.4472266666667,1,0,0,74.2262956666667,48.799564,23.8993466666667,29.1666666666667,0,,,,,14828,2020-11-08,5208608,Goianesia,GO,2020,46
1604188800000,202045,4.0,4,4,4,0.9026727,5.6278577,0,1,520860820204519589,2023-08-20,Goianésia,0,3.0228775,71075,19.2857142857143,94.8811542857143,1,0,0,76.4401137142857,49.5668171428571,23.0226568571429,28.4285714285714,1,,,,,14828,2020-11-01,5208608,Goianesia,GO,2020,45
1603584000000,202044,0.0,0,0,0,0.0,0.0,0,1,520860820204419589,2023-08-20,Goianésia,0,0.0,71075,20.5714285714286,93.2780757142857,0,0,0,78.1103414285714,56.511382,23.3482968571429,27.5714285714286,0,,,,,14828,2020-10-25,5208608,Goianesia,GO,2020,44
1602979200000,202043,2.0,2,2,2,0.60906035,2.8139288,0,1,520860820204319589,2023-08-20,Goianésia,0,1.2999947,71075,19.8571428571429,94.16264,1,0,0,80.1241831428571,61.2628961428571,22.5866742857143,26.5714285714286,1,,,,,14828,2020-10-18,5208608,Goianesia,GO,2020,43
1602374400000,202042,1.0,1,1,1,0.273649,1.4069644,0,1,520860820204219589,2023-08-20,Goianésia,0,0.53487337,71075,20.0,86.1631828571429,1,0,0,64.3453175714286,39.6213817142857,24.7814791428571,30.7142857142857,0,,,,,14828,2020-10-11,5208608,Goianesia,GO,2020,42
1601769600000,202041,1.0,1,1,1,0.25073996,1.4069644,0,1,520860820204119589,2023-08-20,Goianésia,0,0.50106823,71075,20.1428571428571,62.5708698571429,0,0,0,36.8508507142857,17.996575,28.0147517142857,35.7142857142857,0,,,,,14828,2020-10-04,5208608,Goianesia,GO,2020,41
1601164800000,202040,3.0,3,3,3,0.54163903,4.2208934,0,1,520860820204019589,2023-08-20,Goianésia,0,1.0843576,71075,17.2857142857143,65.7091887142857,0,0,0,39.3952008571429,19.7423272857143,25.8045065714286,33.7142857142857,0,,,,,14828,2020-09-27,5208608,Goianesia,GO,2020,40
1600560000000,202039,1.0,1,1,1,0.08909805,1.4069644,0,1,520860820203919589,2023-08-20,Goianésia,0,0.28665924,71075,18.1428571428571,85.2838851428571,1,0,0,60.7414517142857,36.3818038571429,23.8338508571429,30.0,1,,,,,14828,2020-09-20,5208608,Goianesia,GO,2020,39
1599955200000,202038,2.0,2,2,2,0.33525956,2.8139288,0,1,520860820203819589,2023-08-20,Goianésia,0,0.70013434,71075,17.5714285714286,62.0121022857143,0,0,0,39.6025677142857,22.710204,24.7060042857143,31.1428571428571,1,,,,,14828,2020-09-13,5208608,Goianesia,GO,2020,38
1599350400000,202037,6.0,6,6,6,0.8837295,8.441787,0,1,520860820203719589,2023-08-20,Goianésia,0,2.2245538,71075,14.5714285714286,72.0561828571429,0,0,1,42.6524082857143,21.5614704285714,23.5127751428571,31.2857142857143,2,,,,,14828,2020-09-06,5208608,Goianesia,GO,2020,37
1598745600000,202036,2.0,2,2,2,0.13666059,2.8139288,0,1,520860820203619589,2023-08-20,Goianésia,0,0.43553436,71075,14.7142857142857,71.5903858571429,0,0,0,45.7134751428571,25.652764,22.6461977142857,29.8571428571429,0,,,,,14828,2020-08-30,5208608,Goianesia,GO,2020,36
1598140800000,202035,1.0,1,1,1,0.0076979967,1.4069644,0,1,520860820203519589,2023-08-20,Goianésia,0,0.14242375,71075,13.4285714285714,77.2957211428571,0,0,0,51.4758597142857,26.6237167142857,21.028468,28.8571428571429,0,,,,,14828,2020-08-23,5208608,Goianesia,GO,2020,35
1597536000000,202034,4.0,4,4,4,0.110693045,5.6278577,0,1,520860820203419589,2023-08-20,Goianésia,0,0.49665827,71075,16.1428571428571,81.0905214285714,0,0,0,53.2130517142857,31.3650547142857,23.8683888571429,30.7142857142857,2,,,,,14828,2020-08-16,5208608,Goianesia,GO,2020,34
1596931200000,202033,9.0,9,9,9,0.5567036,12.662681,0,1,520860820203319589,2023-08-20,Goianésia,0,1.0690138,71075,14.0,80.6486957142857,0,0,1,53.8767831428571,30.1924594285714,21.3943391428571,28.4285714285714,1,,,,,14828,2020-08-09,5208608,Goianesia,GO,2020,33
1596326400000,202032,8.0,8,8,8,0.35365805,11.255715,0,1,520860820203219589,2023-08-20,Goianésia,0,0.8391019,71075,13.2857142857143,77.6079342857143,0,0,1,57.4005497142857,37.3312118571429,18.6803834285714,24.4285714285714,2,,,,,14828,2020-08-02,5208608,Goianesia,GO,2020,32
1595721600000,202031,8.0,8,8,8,0.13925311,11.255715,0,1,520860820203119589,2023-08-20,Goianésia,0,0.6238984,71075,13.5714285714286,85.3140458571429,0,0,1,57.982508,32.3109621428571,20.4030982857143,27.0,2,,,,,14828,2020-07-26,5208608,Goianesia,GO,2020,31
1595116800000,202030,9.0,9,9,9,0.033889506,12.662681,0,1,520860820203019589,2023-08-20,Goianésia,0,0.4918845,71075,11.4285714285714,90.687838,0,0,1,60.0307062857143,35.8624102857143,19.3062768571429,26.1428571428571,3,,,,,14828,2020-07-19,5208608,Goianesia,GO,2020,30
1594512000000,202029,10.0,10,10,10,0.020926936,14.069645,0,1,520860820202919589,2023-08-20,Goianésia,0,0.47485456,71075,11.4285714285714,85.074415,0,0,1,56.5115657142857,29.6686241428571,19.3206994285714,27.1428571428571,4,,,,,14828,2020-07-12,5208608,Goianesia,GO,2020,29
1593907200000,202028,19.0,19,19,19,0.4560665,26.732325,0,1,520860820202819589,2023-08-20,Goianésia,0,0.9655014,71075,12.5714285714286,88.6165742857143,0,0,1,64.1549684285714,36.1689917142857,19.1090455714286,26.1428571428571,11,,,,,14828,2020-07-05,5208608,Goianesia,GO,2020,28
1593302400000,202027,29.0,29,29,29,0.8804169,40.80197,0,1,520860820202719589,2023-08-20,Goianésia,0,1.3953203,71075,12.75,87.7548365,0,0,1,65.10611175,41.28447925,19.39533525,26.25,18,,,,,14828,2020-06-28,5208608,Goianesia,GO,2020,27
1592697600000,202026,13.0,13,13,13,0.030602891,18.290539,0,1,520860820202619589,2023-08-20,Goianésia,0,0.5372382,71075,12.25,92.130341,0,0,1,69.42213875,42.09459375,18.24442575,26.5,9,,,,,14828,2020-06-21,5208608,Goianesia,GO,2020,26
1592092800000,202025,20.0,20,20,20,0.09619445,28.13929,0,1,520860820202519589,2023-08-20,Goianésia,0,0.68911475,71075,16.0,86.82093,0,0,1,73.9081525,52.2088125,19.16789625,24.0,11,,,,,14828,2020-06-14,5208608,Goianesia,GO,2020,25
1591488000000,202024,28.0,28,28,28,0.10492539,39.395004,0,1,520860820202419589,2023-08-20,Goianésia,0,0.73468953,71075,14.1666666666667,93.803185,0,0,1,69.6592866666667,40.215806,20.402778,27.3333333333333,22,,,,,14828,2020-06-07,5208608,Goianesia,GO,2020,24
1590883200000,202023,21.0,21,21,21,0.0012936178,29.546253,0,1,520860820202319589,2023-08-20,Goianésia,0,0.46621335,71075,13.8571428571429,93.724342,0,0,1,70.5141934285714,43.6918814285714,20.6309522857143,27.5714285714286,19,,,,,14828,2020-05-31,5208608,Goianesia,GO,2020,23
1590278400000,202022,40.0,40,40,40,0.29436177,56.27858,0,4,520860820202219589,2023-08-20,Goianésia,0,0.88972336,71075,13.5714285714286,92.0528768571429,0,0,2,69.9062687142857,42.2619901428571,19.6904765714286,26.2857142857143,32,,,,,14828,2020-05-24,5208608,Goianesia,GO,2020,22
1589673600000,202021,54.0,54,54,54,0.78421533,75.97608,0,4,520860820202119589,2023-08-20,Goianésia,0,1.1697122,71075,16.8571428571429,94.7384354285714,0,0,2,77.6645612857143,56.1353478571429,21.2797622857143,26.1428571428571,46,,,,,14828,2020-05-17,5208608,Goianesia,GO,2020,21
1589068800000,202020,43.0,43,43,43,0.20887844,60.499474,0,1,520860820202019589,2023-08-20,Goianésia,0,0.8463082,71075,15.5714285714286,95.54601,0,0,2,77.5833255714286,54.4287637142857,20.295238,26.0,40,,,,,14828,2020-05-10,5208608,Goianesia,GO,2020,20
1588464000000,202019,37.0,37,37,37,0.07358523,52.057686,0,1,520860820201919589,2023-08-20,Goianésia,0,0.7331792,71075,16.1428571428571,90.4847614285714,0,0,1,71.2979182857143,47.779535,21.1130954285714,26.4285714285714,26,,,,,14828,2020-05-03,5208608,Goianesia,GO,2020,19
1587859200000,202018,63.0,63,63,63,0.89824915,88.63876,0,4,520860820201819589,2023-08-20,Goianésia,0,1.2708285,71075,15.2857142857143,93.7856005714286,0,0,2,70.0920012857143,44.7584124285714,21.1964285714286,27.0,58,,,,,14828,2020-04-26,5208608,Goianesia,GO,2020,18
1587254400000,202017,49.0,49,49,49,0.40486816,68.94126,0,4,520860820201719589,2023-08-20,Goianésia,0,0.9532632,71075,19.8571428571429,94.9427114285714,1,0,2,84.919722,68.5638907142857,22.0238094285714,25.4285714285714,39,,,,,14828,2020-04-19,5208608,Goianesia,GO,2020,17
1586649600000,202016,42.0,42,42,42,0.21900015,59.092506,0,4,520860820201619589,2023-08-20,Goianésia,0,0.85061723,71075,19.8571428571429,94.9302085714286,1,0,2,82.8242042857143,64.168793,22.5357142857143,26.2857142857143,37,,,,,14828,2020-04-12,5208608,Goianesia,GO,2020,16
1586044800000,202015,61.0,61,61,61,0.95222044,85.82484,0,4,520860820201519589,2023-08-20,Goianésia,0,1.3855972,71075,20.7142857142857,94.9730985714286,1,1,2,78.1272734285714,52.911129,24.2083331428571,29.5714285714286,57,,,,,14828,2020-04-05,5208608,Goianesia,GO,2020,15
1585440000000,202014,48.0,48,48,48,0.81867087,67.534294,0,4,520860820201419589,2023-08-20,Goianésia,0,1.2142495,71075,19.5714285714286,92.4085957142857,1,0,2,69.1127041428571,44.5349284285714,24.9285714285714,30.2857142857143,39,,,,,14828,2020-03-29,5208608,Goianesia,GO,2020,14
1584835200000,202013,46.0,46,46,46,0.7950972,64.72037,0,2,520860820201319589,2023-08-20,Goianésia,0,1.1958236,71075,20.1428571428571,98.2973257142857,1,0,2,87.7532198571429,69.186956,22.1428571428571,26.2857142857143,42,,,,,14828,2020-03-22,5208608,Goianesia,GO,2020,13
1584230400000,202012,35.0,35,35,35,0.40051192,49.243755,0,2,520860820201219589,2023-08-20,Goianésia,0,0.942688,71075,19.7142857142857,90.8647865714286,1,0,1,77.6681498571429,58.973507,22.5995671428571,26.5714285714286,27,,,,,14828,2020-03-15,5208608,Goianesia,GO,2020,12
1583625600000,202011,39.0,39,39,39,0.7723275,54.871616,0,2,520860820201119589,2023-08-20,Goianésia,0,1.1919808,71075,20.7142857142857,93.2664471428571,1,0,1,81.3387764285714,64.1798621428571,23.1352811428571,26.7142857142857,28,,,,,14828,2020-03-08,5208608,Goianesia,GO,2020,11
1583020800000,202010,42.0,42,42,42,0.93796,59.092506,0,2,520860820201019589,2023-08-20,Goianésia,0,1.4412671,71075,20.2857142857143,97.4428628571429,1,0,2,86.4160564285714,73.098703,22.297078,24.8571428571429,33,,,,,14828,2020-03-01,5208608,Goianesia,GO,2020,10
1582416000000,202009,31.0,31,31,31,0.6618966,43.6159,0,2,520860820200919589,2023-08-20,Goianésia,0,1.1142924,71075,20.5714285714286,94.9481585714286,1,0,1,84.7401114285714,67.8492261428571,22.8566017142857,26.7142857142857,29,,,,,14828,2020-02-23,5208608,Goianesia,GO,2020,9
1581811200000,202008,26.0,26,26,26,0.54763246,36.581078,0,2,520860820200819589,2023-08-20,Goianésia,0,1.0337555,71075,21.0,93.3246265714286,1,0,1,84.3276742857143,76.6478397142857,22.4025971428571,23.7142857142857,20,,,,,14828,2020-02-16,5208608,Goianesia,GO,2020,8
1581206400000,202007,31.0,31,31,31,0.93682146,43.6159,0,2,520860820200719589,2023-08-20,Goianésia,0,1.5351226,71075,19.8571428571429,94.0811228571429,1,0,1,89.6373401428571,83.8569494285714,21.1142857142857,22.2857142857143,17,,,,,14828,2020-02-09,5208608,Goianesia,GO,2020,7
1580601600000,202006,26.0,26,26,26,0.968365,36.581078,0,3,520860820200619589,2023-08-20,Goianésia,0,1.8052993,71075,20.0,93.2598771428571,1,1,1,82.0111215714286,68.9063538571429,22.6011905714286,25.4285714285714,21,,,,,14828,2020-02-02,5208608,Goianesia,GO,2020,6
1579996800000,202005,21.0,21,21,21,0.9825283,29.546253,0,1,520860820200519589,2023-08-20,Goianésia,0,2.1802406,71075,20.5714285714286,94.0694242857143,1,1,1,76.7092428571429,52.7331998571429,24.0952377142857,29.1428571428571,16,,,,,14828,2020-01-26,5208608,Goianesia,GO,2020,5
1579392000000,202004,14.0,14,14,14,0.9546632,19.697502,0,1,520860820200419589,2023-08-20,Goianésia,0,2.1297524,71075,21.1428571428571,94.0437657142857,1,1,1,82.469923,64.8863707142857,23.4345237142857,27.1428571428571,12,,,,,14828,2020-01-19,5208608,Goianesia,GO,2020,4
1578787200000,202003,8.0,8,8,8,0.85905784,11.255715,0,1,520860820200319589,2023-08-20,Goianésia,0,1.8297241,71075,20.8571428571429,84.6269542857143,0,0,1,61.9866042857143,40.339235,26.1309522857143,31.4285714285714,8,,,,,14828,2020-01-12,5208608,Goianesia,GO,2020,3
1578182400000,202002,7.0,7,7,7,0.91442865,9.848751,0,2,520860820200219589,2023-08-20,Goianésia,0,2.3831375,71075,20.2857142857143,94.93646,1,0,1,81.0192821428572,61.600405,23.5523805714286,27.5714285714286,7,,,,,14828,2020-01-05,5208608,Goianesia,GO,2020,2
1577577600000,202001,4.0,4,4,4,0.7651544,5.6278577,0,2,520860820200119589,2023-08-20,Goianésia,0,1.7286243,71075,20.6666666666667,91.3808733333333,1,0,0,78.256815,58.8144246666667,22.9694443333333,27.0,1,,,,,14828,2019-12-29,5208608,Goianesia,GO,2020,1
1576972800000,201952,2.0,2,2,2,0.47359827,2.8139288,0,2,520860820195219589,2023-08-20,Goianésia,0,0.9427745,71075,20.2857142857143,88.5374357142857,1,0,0,81.7564242857143,70.7298128571429,21.8158728571429,24.0,2,,,,,14828,2019-12-22,5208608,Goianesia,GO,2019,52
1576368000000,201951,3.0,3,3,3,0.6197293,4.2208934,0,2,520860820195119589,2023-08-20,Goianésia,0,1.2768557,71075,20.1428571428571,85.4108108571428,1,0,0,76.6244357142857,66.7672311428571,22.1428571428571,24.8571428571429,3,,,,,14828,2019-12-15,5208608,Goianesia,GO,2019,51
1575763200000,201950,1.0,1,1,1,0.20736052,1.4069644,0,2,520860820195019589,2023-08-20,Goianésia,0,0.44057,71075,20.5714285714286,94.9120657142857,1,0,0,89.4822734285714,82.46952,21.3210315714286,22.5714285714286,1,,,,,14828,2019-12-08,5208608,Goianesia,GO,2019,50
1575158400000,201949,3.0,3,3,3,0.6102178,4.2208934,0,1,520860820194919589,2023-08-20,Goianésia,0,1.2503874,71075,21.0,94.9301385714286,1,0,0,88.7458828571429,84.0757014285714,21.7571428571429,22.4285714285714,3,,,,,14828,2019-12-01,5208608,Goianesia,GO,2019,49
1574553600000,201948,3.0,3,3,3,0.3773298,4.2208934,0,1,520860820194819589,2023-08-20,Goianésia,0,0.7973196,71075,20.7142857142857,93.2093914285714,1,0,0,88.4090734285714,81.9633924285714,21.7,22.8571428571429,3,,,,,14828,2019-11-24,5208608,Goianesia,GO,2019,48
1573948800000,201947,0.0,0,0,0,0.0,0.0,0,1,520860820194719589,2023-08-20,Goianésia,0,0.0,71075,19.7142857142857,93.1467334285714,0,0,0,86.5033892857143,80.26802,20.6650792857143,21.7142857142857,0,,,,,14828,2019-11-17,5208608,Goianesia,GO,2019,47
1573344000000,201946,5.0,5,5,5,0.44717264,7.0348225,0,1,520860820194619589,2023-08-20,Goianésia,0,0.9239531,71075,21.5714285714286,74.6293081428571,0,0,0,64.6643605714286,51.9924652857143,23.8428571428571,26.7142857142857,5,,,,,14828,2019-11-10,5208608,Goianesia,GO,2019,46
1572739200000,201945,5.0,5,5,5,0.58012456,7.0348225,0,1,520860820194519589,2023-08-20,Goianésia,0,1.1345288,71075,20.8571428571429,88.4662028571429,1,0,0,77.605495,66.3822857142857,22.6428571428571,24.4285714285714,4,,,,,14828,2019-11-03,5208608,Goianesia,GO,2019,45
1572134400000,201944,7.0,7,7,7,0.8956203,9.848751,0,1,520860820194419589,2023-08-20,Goianésia,0,2.1858642,71075,20.7142857142857,78.771418,0,0,1,68.55201,56.3240627142857,22.7467534285714,25.1428571428571,5,,,,,14828,2019-10-27,5208608,Goianesia,GO,2019,44
1571529600000,201943,4.0,4,4,4,0.71302783,5.6278577,0,1,520860820194319589,2023-08-20,Goianésia,0,1.5119202,71075,20.4285714285714,82.4392952857143,0,0,0,73.8886335714286,62.8859527142857,22.4883117142857,24.8571428571429,4,,,,,14828,2019-10-20,5208608,Goianesia,GO,2019,43
1570924800000,201942,3.0,3,3,3,0.53673685,4.2208934,0,1,520860820194219589,2023-08-20,Goianésia,0,1.0738775,71075,17.4285714285714,68.6735242857143,0,0,0,52.131513,35.6002271428571,21.5350648571429,26.4285714285714,2,,,,,14828,2019-10-13,5208608,Goianesia,GO,2019,42
1570320000000,201941,2.0,2,2,2,0.29577863,2.8139288,0,1,520860820194119589,2023-08-20,Goianésia,0,0.64287555,71075,20.7142857142857,83.9983814285714,0,0,0,72.5207528571429,55.0464801428571,22.6155842857143,25.2857142857143,2,,,,,14828,2019-10-06,5208608,Goianesia,GO,2019,41
1569715200000,201940,3.0,3,3,3,0.49616626,4.2208934,0,1,520860820194019589,2023-08-20,Goianésia,0,0.992723,71075,19.4285714285714,77.5876118571429,0,0,0,63.4991004285714,48.9821551428571,22.52987,25.8571428571429,3,,,,,14828,2019-09-29,5208608,Goianesia,GO,2019,40
1569110400000,201939,3.0,3,3,3,0.65180355,4.2208934,0,1,520860820193919589,2023-08-20,Goianésia,0,1.3740829,71075,19.5714285714286,73.0459488571429,0,0,0,63.9959984285714,52.4830275714286,21.7844154285714,24.8571428571429,3,,,,,14828,2019-09-22,5208608,Goianesia,GO,2019,39
1568505600000,201938,4.0,4,4,4,0.9088703,5.6278577,0,1,520860820193819589,2023-08-20,Goianésia,0,3.1503785,71075,17.8571428571429,57.2333657142857,0,0,0,44.6969718571429,30.6542451428571,21.2285714285714,26.1428571428571,4,,,,,14828,2019-09-15,5208608,Goianesia,GO,2019,38
1567900800000,201937,2.0,2,2,2,0.70061785,2.8139288,0,1,520860820193719589,2023-08-20,Goianésia,0,1.6888224,71075,16.5714285714286,65.1175161428571,0,0,0,53.16735,36.7817517142857,20.0025974285714,25.2857142857143,2,,,,,14828,2019-09-08,5208608,Goianesia,GO,2019,37
1567296000000,201936,1.0,1,1,1,0.29753664,1.4069644,0,1,520860820193619589,2023-08-20,Goianésia,0,0.5718008,71075,16.7142857142857,66.1342802857143,0,0,0,51.5059137142857,34.5350757142857,20.151948,25.1428571428571,1,,,,,14828,2019-09-01,5208608,Goianesia,GO,2019,36
1566691200000,201935,0.0,0,0,0,0.0,0.0,0,1,520860820193519589,2023-08-20,Goianésia,0,0.0,71075,16.4285714285714,70.4861752857143,0,0,0,57.7209194285714,43.5347438571429,19.3766231428571,23.1428571428571,0,,,,,14828,2019-08-25,5208608,Goianesia,GO,2019,35
1566086400000,201934,3.0,3,3,3,0.7449654,4.2208934,0,1,520860820193419589,2023-08-20,Goianésia,0,1.7592036,71075,16.8571428571429,68.579201,0,0,0,54.4558552857143,38.3258545714286,19.9220777142857,24.2857142857143,2,,,,,14828,2019-08-18,5208608,Goianesia,GO,2019,34
1565481600000,201933,2.0,2,2,2,0.33018446,2.8139288,0,1,520860820193319589,2023-08-20,Goianésia,0,0.6925547,71075,15.1428571428571,73.8403124285714,0,0,0,59.9574537142857,45.6748382857143,18.2337664285714,22.0,2,,,,,14828,2019-08-11,5208608,Goianesia,GO,2019,33
1564876800000,201932,0.0,0,0,0,0.0,0.0,0,1,520860820193219589,2023-08-20,Goianésia,0,0.0,71075,14.7142857142857,85.57731,0,0,0,72.8886507142857,53.880869,17.3116881428571,21.1428571428571,0,,,,,14828,2019-08-04,5208608,Goianesia,GO,2019,32
1564272000000,201931,3.0,3,3,3,0.33098203,4.2208934,0,1,520860820193119589,2023-08-20,Goianésia,0,0.7326531,71075,13.7142857142857,79.92182,0,0,0,65.355831,47.1138647142857,17.0259741428571,21.7142857142857,3,,,,,14828,2019-07-28,5208608,Goianesia,GO,2019,31
1563667200000,201930,6.0,6,6,6,0.5892737,8.441787,0,1,520860820193019589,2023-08-20,Goianésia,0,1.1384413,71075,13.4285714285714,83.0919731428571,0,0,1,73.9442892857143,60.1033567142857,16.0259738571429,19.2857142857143,4,,,,,14828,2019-07-21,5208608,Goianesia,GO,2019,30
1563062400000,201929,2.0,2,2,2,0.029738696,2.8139288,0,1,520860820192919589,2023-08-20,Goianésia,0,0.27447352,71075,13.2857142857143,78.3096692857143,0,0,0,67.1946792857143,52.8261578571429,16.2597402857143,20.2857142857143,2,,,,,14828,2019-07-14,5208608,Goianesia,GO,2019,29
1562457600000,201928,5.0,5,5,5,0.13406654,7.0348225,0,1,520860820192819589,2023-08-20,Goianésia,0,0.5563279,71075,11.0,84.3199878571429,0,0,0,70.8505108571429,55.5645845714286,14.2077921428571,18.5714285714286,5,,,,,14828,2019-07-07,5208608,Goianesia,GO,2019,28
1561852800000,201927,8.0,8,8,8,0.263806,11.255715,0,1,520860820192719589,2023-08-20,Goianésia,0,0.75023997,71075,13.4285714285714,87.0082451428571,0,0,1,78.1196452857143,62.3600285714286,16.1181817142857,20.1428571428571,8,,,,,14828,2019-06-30,5208608,Goianesia,GO,2019,27
1561248000000,201926,9.0,9,9,9,0.18647817,12.662681,0,1,520860820192619589,2023-08-20,Goianésia,0,0.68720055,71075,13.8571428571429,86.2513228571429,0,0,1,74.8542935714286,58.2690801428571,16.6363635714286,20.7142857142857,8,,,,,14828,2019-06-23,5208608,Goianesia,GO,2019,26
1560643200000,201925,10.0,10,10,10,0.0976153,14.069645,0,1,520860820192519589,2023-08-20,Goianésia,0,0.60491794,71075,13.4285714285714,87.9628457142857,0,0,1,77.3012927142857,62.9884997142857,16.1168832857143,20.0,10,,,,,14828,2019-06-16,5208608,Goianesia,GO,2019,25
1560038400000,201924,13.0,13,13,13,0.11505493,18.290539,0,1,520860820192419589,2023-08-20,Goianésia,0,0.6580441,71075,14.7142857142857,88.9108057142857,0,0,1,76.6860707142857,64.6974814285714,17.83171,20.8571428571429,10,,,,,14828,2019-06-09,5208608,Goianesia,GO,2019,24
1559433600000,201923,15.0,15,15,15,0.11572732,21.104467,0,1,520860820192319589,2023-08-20,Goianésia,0,0.67591184,71075,15.7142857142857,89.61977,0,0,1,79.4126234285714,69.5694294285714,18.4935071428571,21.5714285714286,14,,,,,14828,2019-06-02,5208608,Goianesia,GO,2019,23
1558828800000,201922,24.0,24,24,24,0.39748958,33.767147,0,1,520860820192219589,2023-08-20,Goianésia,0,0.9295636,71075,16.4285714285714,92.1806434285714,0,0,1,83.0533162857143,69.060529,18.766234,22.2857142857143,20,,,,,14828,2019-05-26,5208608,Goianesia,GO,2019,22
1558224000000,201921,17.0,17,17,17,0.021332124,23.918396,0,1,520860820192119589,2023-08-20,Goianésia,0,0.55216783,71075,16.0,93.8726014285714,0,0,1,84.029065,69.5596885714286,18.496104,22.2857142857143,16,,,,,14828,2019-05-19,5208608,Goianesia,GO,2019,21
1557619200000,201920,30.0,30,30,30,0.14830089,42.208935,0,1,520860820192019589,2023-08-20,Goianésia,0,0.7776135,71075,17.7142857142857,93.9574691428571,0,0,1,86.6759622857143,77.0606534285714,19.4727274285714,21.7142857142857,28,,,,,14828,2019-05-12,5208608,Goianesia,GO,2019,20
1557014400000,201919,25.0,25,25,25,0.008638095,35.17411,0,2,520860820191919589,2023-08-20,Goianésia,0,0.56044847,71075,18.5714285714286,94.8097285714286,1,0,1,84.4866135714286,71.0238592857143,20.9334417142857,24.0,19,,,,,14828,2019-05-05,5208608,Goianesia,GO,2019,19
1556409600000,201918,40.0,40,40,40,0.31404242,56.27858,0,4,520860820191819589,2023-08-20,Goianésia,0,0.9003302,71075,19.5714285714286,94.8872657142857,1,0,2,89.233367,78.6254758571429,20.8285717142857,23.1428571428571,32,,,,,14828,2019-04-28,5208608,Goianesia,GO,2019,18
1555804800000,201917,51.0,51,51,51,0.86263806,71.75519,0,4,520860820191719589,2023-08-20,Goianésia,0,1.256004,71075,18.4285714285714,95.7106234285714,1,0,2,88.5482148571429,81.288248,20.3966031428571,22.7142857142857,43,,,,,14828,2019-04-21,5208608,Goianesia,GO,2019,17
1555200000000,201916,45.0,45,45,45,0.8885566,63.3134,0,4,520860820191619589,2023-08-20,Goianésia,0,1.3148293,71075,19.5714285714286,96.5757571428571,1,0,2,91.0609585714286,82.6224417142857,21.0499498571429,22.8571428571429,39,,,,,14828,2019-04-14,5208608,Goianesia,GO,2019,16
1554595200000,201915,40.0,40,40,40,0.95905375,56.27858,0,4,520860820191519589,2023-08-20,Goianésia,0,1.5379496,71075,19.7142857142857,98.2973257142857,1,1,2,92.1561428571429,84.2214247142857,20.8005414285714,22.4285714285714,32,,,,,14828,2019-04-07,5208608,Goianesia,GO,2019,15
1553990400000,201914,41.0,41,41,41,0.9967627,57.685543,0,2,520860820191419589,2023-08-20,Goianésia,0,2.0413027,71075,19.2857142857143,92.368972,1,1,2,86.1333492857143,75.171833,20.9000002857143,23.1428571428571,36,,,,,14828,2019-03-31,5208608,Goianesia,GO,2019,14
1553385600000,201913,18.0,18,18,18,0.6995243,25.325361,0,2,520860820191319589,2023-08-20,Goianésia,0,1.1973044,71075,19.8571428571429,95.6895477142857,1,0,1,90.6411265714286,85.54249,20.6363637142857,22.0,18,,,,,14828,2019-03-24,5208608,Goianesia,GO,2019,13
1552780800000,201912,25.0,25,25,25,0.98963255,35.17411,0,2,520860820191219589,2023-08-20,Goianésia,0,2.1958368,71075,19.5714285714286,96.5694357142857,1,1,1,90.6354621428571,83.27312,20.6064934285714,22.1428571428571,23,,,,,14828,2019-03-17,5208608,Goianesia,GO,2019,12
1552176000000,201911,12.0,12,12,12,0.73467845,16.883574,0,2,520860820191119589,2023-08-20,Goianésia,0,1.3078054,71075,20.1428571428571,89.9537328571429,1,0,1,84.7204107142857,75.8468071428571,21.2727271428571,23.2857142857143,9,,,,,14828,2019-03-10,5208608,Goianesia,GO,2019,11
1551571200000,201910,11.0,11,11,11,0.74612445,15.476609,0,2,520860820191019589,2023-08-20,Goianésia,0,1.346637,71075,18.1428571428571,97.4111857142857,1,0,1,91.5836028571428,86.1104091428572,19.6636362857143,20.7142857142857,10,,,,,14828,2019-03-03,5208608,Goianesia,GO,2019,10
1550966400000,201909,10.0,10,10,10,0.68421125,14.069645,0,2,520860820190919589,2023-08-20,Goianésia,0,1.2478411,71075,19.7142857142857,94.8479371428571,1,0,1,88.1935692857143,80.3762864285714,21.051948,22.4285714285714,8,,,,,14828,2019-02-24,5208608,Goianesia,GO,2019,9
1550361600000,201908,5.0,5,5,5,0.25274238,7.0348225,0,2,520860820190819589,2023-08-20,Goianésia,0,0.69020784,71075,19.4285714285714,93.9681185714286,1,0,0,88.9575744285714,81.75066,20.4155845714286,21.5714285714286,4,,,,,14828,2019-02-17,5208608,Goianesia,GO,2019,8
1549756800000,201907,12.0,12,12,12,0.893756,16.883574,0,1,520860820190719589,2023-08-20,Goianésia,0,1.7756236,71075,19.7142857142857,92.4445057142857,1,0,1,86.3459728571429,79.1729835714286,21.1714285714286,22.7142857142857,8,,,,,14828,2019-02-10,5208608,Goianesia,GO,2019,7
1549152000000,201906,4.0,4,4,4,0.24730183,5.6278577,0,1,520860820190619589,2023-08-20,Goianésia,0,0.6589746,71075,19.7142857142857,94.2076642857143,1,0,0,79.4637761428571,61.1307278571429,22.5376981428571,27.4285714285714,2,,,,,14828,2019-02-03,5208608,Goianesia,GO,2019,6
1548547200000,201905,9.0,9,9,9,0.84941036,12.662681,0,1,520860820190519589,2023-08-20,Goianésia,0,1.718361,71075,18.1428571428571,84.3868708571429,0,0,1,59.4086522857143,35.8593115714286,24.2380954285714,29.8571428571429,6,,,,,14828,2019-01-27,5208608,Goianesia,GO,2019,5
1547942400000,201904,5.0,5,5,5,0.59805745,7.0348225,0,1,520860820190419589,2023-08-20,Goianésia,0,1.1688908,71075,19.7142857142857,83.0639728571429,0,0,0,60.1835437142857,38.3832544285714,25.0297617142857,30.5714285714286,4,,,,,14828,2019-01-20,5208608,Goianesia,GO,2019,4
1547337600000,201903,6.0,6,6,6,0.7825616,8.441787,0,2,520860820190319589,2023-08-20,Goianésia,0,1.627629,71075,18.8571428571429,87.4907005714286,1,0,1,68.945513,50.693095,23.3809522857143,28.1428571428571,5,,,,,14828,2019-01-13,5208608,Goianesia,GO,2019,3
1546732800000,201902,4.0,4,4,4,0.54759324,5.6278577,0,2,520860820190219589,2023-08-20,Goianésia,0,1.0851368,71075,18.5714285714286,91.609522,1,0,0,80.7433237142857,69.307483,20.4428571428571,22.4285714285714,3,,,,,14828,2019-01-06,5208608,Goianesia,GO,2019,2
1546128000000,201901,3.0,3,3,3,0.38669956,4.2208934,0,2,520860820190119589,2023-08-20,Goianésia,0,0.8110164,71075,19.1428571428571,92.4099651428571,1,0,0,83.8881727142857,73.7355725714286,20.6857142857143,22.7142857142857,3,,,,,14828,2018-12-30,5208608,Goianesia,GO,2019,1
1545523200000,201852,4.0,4,4,4,0.53861535,5.6278577,0,2,520860820185219589,2023-08-20,Goianésia,0,1.068235,71075,19.0,94.0550488,1,0,0,84.4303552,67.689914,21.4538888,24.4,3,,,,,14828,2018-12-23,5208608,Goianesia,GO,2018,52
1544918400000,201851,4.0,4,4,4,0.43441883,5.6278577,0,2,520860820185119589,2023-08-20,Goianésia,0,0.89750403,71075,19.2380952380952,94.3304172952381,1,0,0,,,,,2,,,,,14828,2018-12-16,5208608,Goianesia,GO,2018,51
1544313600000,201850,3.0,3,3,3,0.22497417,4.2208934,0,2,520860820185019589,2023-08-20,Goianésia,0,0.59806454,71075,19.4761904761905,94.6057857904762,1,0,0,,,,,1,,,,,14828,2018-12-09,5208608,Goianesia,GO,2018,50
1543708800000,201849,4.0,4,4,4,0.46923408,5.6278577,0,2,520860820184919589,2023-08-20,Goianésia,0,0.9500878,71075,19.7142857142857,94.8811542857143,1,0,0,89.3434171428571,80.9390635714286,20.6674601428571,22.5714285714286,2,,,,,14828,2018-12-02,5208608,Goianesia,GO,2018,49
1543104000000,201848,7.0,7,7,7,0.89766467,9.848751,0,2,520860820184819589,2023-08-20,Goianésia,0,2.2048311,71075,18.5714285714286,92.3061191428571,1,0,1,86.2330228571429,77.6836178571428,19.9178571428571,21.8571428571429,4,,,,,14828,2018-11-25,5208608,Goianesia,GO,2018,48
1542499200000,201847,4.0,4,4,4,0.71086925,5.6278577,0,2,520860820184719589,2023-08-20,Goianésia,0,1.5042164,71075,19.0,94.88671,1,0,0,88.9910134285714,79.793325,20.3813491428571,22.4285714285714,4,,,,,14828,2018-11-18,5208608,Goianesia,GO,2018,47
1541894400000,201846,2.0,2,2,2,0.47182465,2.8139288,0,2,520860820184619589,2023-08-20,Goianésia,0,0.9390897,71075,18.8571428571429,97.4238985714286,1,0,0,91.2821378571429,81.5304237142857,20.1821424285714,22.2857142857143,0,,,,,14828,2018-11-11,5208608,Goianesia,GO,2018,46
1541289600000,201845,4.0,4,4,4,0.7985335,5.6278577,0,2,520860820184519589,2023-08-20,Goianésia,0,1.9098405,71075,19.1428571428571,96.5504714285714,1,0,0,90.7268385714286,82.5312428571429,19.904762,21.2857142857143,4,,,,,14828,2018-11-04,5208608,Goianesia,GO,2018,45
1540684800000,201844,1.0,1,1,1,0.20563774,1.4069644,0,1,520860820184419589,2023-08-20,Goianésia,0,0.43824607,71075,19.7142857142857,91.5414748571429,1,0,0,84.7162965714286,73.9152668571429,21.0162337142857,23.1428571428571,1,,,,,14828,2018-10-28,5208608,Goianesia,GO,2018,44
1540080000000,201843,2.0,2,2,2,0.5020869,2.8139288,0,1,520860820184319589,2023-08-20,Goianésia,0,1.0047247,71075,19.1428571428571,96.6209914285714,1,0,0,89.3454042857143,79.030422,20.5091991428571,22.7142857142857,2,,,,,14828,2018-10-21,5208608,Goianesia,GO,2018,43
1539475200000,201842,3.0,3,3,3,0.7582278,4.2208934,0,1,520860820184219589,2023-08-20,Goianésia,0,1.8328669,71075,18.0,100.0,0,0,0,89.99922,80.951455,20.068182,22.0,0,,,,,14828,2018-10-14,5208608,Goianesia,GO,2018,42
1538870400000,201841,2.0,2,2,2,0.58596885,2.8139288,0,1,520860820184119589,2023-08-20,Goianésia,0,1.2256542,71075,18.0,96.27173625,0,0,0,,,,,1,,,,,14828,2018-10-07,5208608,Goianesia,GO,2018,41
1538265600000,201840,1.0,1,1,1,0.39609417,1.4069644,0,1,520860820184019589,2023-08-20,Goianésia,0,0.7484556,71075,18.0,92.5434725,0,0,0,81.64804125,69.39496,19.977273,22.0,1,,,,,14828,2018-09-30,5208608,Goianesia,GO,2018,40
1537660800000,201839,2.0,2,2,2,0.85747147,2.8139288,0,1,520860820183919589,2023-08-20,Goianésia,0,3.328958,71075,15.1428571428571,92.1393,0,0,0,75.6999955714286,51.677306,18.7716451428571,23.4285714285714,2,,,,,14828,2018-09-23,5208608,Goianesia,GO,2018,39
1537056000000,201838,2.0,2,2,2,0.9539078,2.8139288,0,1,520860820183819589,2023-08-20,Goianésia,0,9.254818,71075,15.8571428571429,99.1328242857143,0,0,0,90.2123874285714,73.5056512857143,18.3245671428571,21.8571428571429,1,,,,,14828,2018-09-16,5208608,Goianesia,GO,2018,38
1536451200000,201837,0.0,0,0,0,0.0,0.0,0,1,520860820183719589,2023-08-20,Goianésia,0,0.0,71075,12.8571428571429,82.8850302857143,0,0,0,65.2829797142857,44.3758081428571,16.6715364285714,21.5714285714286,0,,,,,14828,2018-09-09,5208608,Goianesia,GO,2018,37
1535846400000,201836,0.0,0,0,0,0.0,0.0,0,1,520860820183619589,2023-08-20,Goianésia,0,0.0,71075,13.0,85.4367364285714,0,0,0,67.8282804285714,48.7459614285714,17.1336582857143,22.0,0,,,,,14828,2018-09-02,5208608,Goianesia,GO,2018,36
1535241600000,201835,0.0,0,0,0,0.0,0.0,0,1,520860820183519589,2023-08-20,Goianésia,0,0.0,71075,14.0,84.0712191428571,0,0,0,65.5264721428571,49.2310167142857,17.4128788571429,21.4285714285714,0,,,,,14828,2018-08-26,5208608,Goianesia,GO,2018,35
1534636800000,201834,2.0,2,2,2,0.60916036,2.8139288,0,1,520860820183419589,2023-08-20,Goianésia,0,1.3003329,71075,12.8571428571429,85.2993865714286,0,0,0,70.9141297142857,55.3196785714286,16.1650432857143,19.8571428571429,1,,,,,14828,2018-08-19,5208608,Goianesia,GO,2018,34
1534032000000,201833,0.0,0,0,0,0.0,0.0,0,1,520860820183319589,2023-08-20,Goianésia,0,0.0,71075,12.2857142857143,85.5404807142857,0,0,0,66.3062278571429,43.2940031428571,16.411008,22.1428571428571,0,,,,,14828,2018-08-12,5208608,Goianesia,GO,2018,33
1533427200000,201832,1.0,1,1,1,0.23646553,1.4069644,0,1,520860820183219589,2023-08-20,Goianésia,0,0.4807003,71075,14.1428571428571,89.5315942857143,0,0,0,60.9638951428571,29.1533562857143,21.0119048571429,28.7142857142857,0,,,,,14828,2018-08-05,5208608,Goianesia,GO,2018,32
1532822400000,201831,4.0,4,4,4,0.789746,5.6278577,0,1,520860820183119589,2023-08-20,Goianésia,0,1.8578966,71075,11.0,87.6890871428571,0,0,0,54.618591,21.6808644285714,19.5238094285714,28.4285714285714,1,,,,,14828,2018-07-29,5208608,Goianesia,GO,2018,31
1532217600000,201830,1.0,1,1,1,0.16698384,1.4069644,0,1,520860820183019589,2023-08-20,Goianésia,0,0.38726375,71075,9.28571428571429,88.3618034285714,0,0,0,57.3098288571429,26.7521431428571,17.0059525714286,25.1428571428571,0,,,,,14828,2018-07-22,5208608,Goianesia,GO,2018,30
1531612800000,201829,2.0,2,2,2,0.36412665,2.8139288,0,1,520860820182919589,2023-08-20,Goianésia,0,0.74466383,71075,10.5714285714286,89.2166221428571,0,0,0,65.9835537142857,40.7287048571429,16.2938312857143,22.7142857142857,0,,,,,14828,2018-07-15,5208608,Goianesia,GO,2018,29
1531008000000,201828,3.0,3,3,3,0.5855678,4.2208934,0,1,520860820182819589,2023-08-20,Goianésia,0,1.1860777,71075,11.1428571428571,90.231216,0,0,0,79.2669381428571,61.4436665714286,14.1899351428571,18.5714285714286,3,,,,,14828,2018-07-08,5208608,Goianesia,GO,2018,28
1530403200000,201827,3.0,3,3,3,0.59817064,4.2208934,0,1,520860820182719589,2023-08-20,Goianésia,0,1.2182232,71075,8.71428571428571,92.5800475714286,0,0,0,78.7596252857143,61.146714,12.4994588571429,17.0,3,,,,,14828,2018-07-01,5208608,Goianesia,GO,2018,27
1529798400000,201826,2.0,2,2,2,0.4006033,2.8139288,0,1,520860820182619589,2023-08-20,Goianésia,0,0.8048949,71075,9.57142857142857,90.122995,0,0,0,78.8331087142857,61.8806012857143,12.6138528571429,17.0,1,,,,,14828,2018-06-24,5208608,Goianesia,GO,2018,26
1529193600000,201825,3.0,3,3,3,0.42291114,4.2208934,0,1,520860820182519589,2023-08-20,Goianésia,0,0.8663184,71075,10.8571428571429,91.0082948571429,0,0,0,78.8835492857143,59.9280891428571,13.9464284285714,18.2857142857143,3,,,,,14828,2018-06-17,5208608,Goianesia,GO,2018,25
1528588800000,201824,2.0,2,2,2,0.07175519,2.8139288,0,1,520860820182419589,2023-08-20,Goianésia,0,0.34745717,71075,12.0,95.4712491428571,0,0,0,83.2826702857143,66.0816021428571,15.0308444285714,19.1428571428571,2,,,,,14828,2018-06-10,5208608,Goianesia,GO,2018,24
1527984000000,201823,2.0,2,2,2,0.028902922,2.8139288,0,1,520860820182319589,2023-08-20,Goianésia,0,0.2726525,71075,12.2857142857143,92.8212042857143,0,0,0,83.6093564285714,68.7794932857143,15.2126624285714,19.1428571428571,1,,,,,14828,2018-06-03,5208608,Goianesia,GO,2018,23
1527379200000,201822,6.0,6,6,6,0.41441312,8.441787,0,1,520860820182219589,2023-08-20,Goianésia,0,0.88932616,71075,10.8571428571429,93.6589785714286,0,0,1,83.2202651428571,69.8190568571429,13.9925324285714,17.5714285714286,5,,,,,14828,2018-05-27,5208608,Goianesia,GO,2018,22
1526774400000,201821,10.0,10,10,10,0.8823169,14.069645,0,1,520860820182119589,2023-08-20,Goianésia,0,1.8211067,71075,12.8571428571429,94.6691857142857,0,0,1,84.9002027142857,69.2745392857143,15.5243505714286,19.5714285714286,7,,,,,14828,2018-05-20,5208608,Goianesia,GO,2018,21
1526169600000,201820,6.0,6,6,6,0.54794025,8.441787,0,1,520860820182019589,2023-08-20,Goianésia,0,1.0706116,71075,12.4285714285714,94.6910357142857,0,0,1,69.71466,36.3938718571429,19.2023811428571,26.7142857142857,4,,,,,14828,2018-05-13,5208608,Goianesia,GO,2018,20
1525564800000,201819,6.0,6,6,6,0.3653659,8.441787,0,1,520860820181919589,2023-08-20,Goianésia,0,0.8320826,71075,12.7142857142857,94.6480642857143,0,0,1,67.552808,37.4296558571429,19.4226188571429,26.0,2,,,,,14828,2018-05-06,5208608,Goianesia,GO,2018,19
1524960000000,201818,2.0,2,2,2,0.021022623,2.8139288,0,1,520860820181819589,2023-08-20,Goianésia,0,0.25394204,71075,14.8571428571429,89.8055657142857,0,0,0,67.5512401428571,38.6471891428571,20.4583337142857,27.0,0,,,,,14828,2018-04-29,5208608,Goianesia,GO,2018,18
1524355200000,201817,11.0,11,11,11,0.79535234,15.476609,0,1,520860820181719589,2023-08-20,Goianésia,0,1.4592879,71075,15.5714285714286,93.0111654285714,0,0,1,74.7060045714286,46.9750641428571,20.3333334285714,26.4285714285714,4,,,,,14828,2018-04-22,5208608,Goianesia,GO,2018,17
1523750400000,201816,6.0,6,6,6,0.47109956,8.441787,0,1,520860820181619589,2023-08-20,Goianésia,0,0.96074295,71075,15.7142857142857,93.0175534285714,0,0,1,83.5250631428571,69.9775341428571,18.6961041428571,21.8571428571429,3,,,,,14828,2018-04-15,5208608,Goianesia,GO,2018,16
1523145600000,201815,10.0,10,10,10,0.8941522,14.069645,0,1,520860820181519589,2023-08-20,Goianésia,0,1.8897485,71075,17.1428571428571,94.757966,0,0,1,88.9460402857143,82.464787,18.3544371428571,19.8571428571429,5,,,,,14828,2018-04-08,5208608,Goianesia,GO,2018,15
1522540800000,201814,5.0,5,5,5,0.48779008,7.0348225,0,1,520860820181419589,2023-08-20,Goianésia,0,0.98168457,71075,18.1428571428571,94.0413757142857,1,0,0,86.8595385714286,76.5665478571429,19.7884197142857,21.8571428571429,3,,,,,14828,2018-04-01,5208608,Goianesia,GO,2018,14
1521936000000,201813,5.0,5,5,5,0.54396355,7.0348225,0,1,520860820181319589,2023-08-20,Goianésia,0,1.0703824,71075,17.5714285714286,90.8387157142857,0,0,0,80.9323821428572,71.2884814285714,19.5604977142857,22.0,5,,,,,14828,2018-03-25,5208608,Goianesia,GO,2018,13
1521331200000,201812,5.0,5,5,5,0.72248626,7.0348225,0,1,520860820181219589,2023-08-20,Goianésia,0,1.478804,71075,17.8571428571429,96.5247668571429,0,0,0,86.3466601428571,76.319258,20.121212,22.5714285714286,4,,,,,14828,2018-03-18,5208608,Goianesia,GO,2018,12
1520726400000,201811,6.0,6,6,6,0.90261513,8.441787,0,2,520860820181119589,2023-08-20,Goianésia,0,2.423744,71075,18.8571428571429,93.2236442857143,1,0,1,85.3534727142857,70.6755931428571,20.9327201428571,24.0,3,,,,,14828,2018-03-11,5208608,Goianesia,GO,2018,11
1520121600000,201810,3.0,3,3,3,0.6274881,4.2208934,0,2,520860820181019589,2023-08-20,Goianésia,0,1.2991995,71075,18.6666666666667,93.9670533333333,1,0,0,84.1354466666667,76.0057316666667,20.004545,21.3333333333333,2,,,,,14828,2018-03-04,5208608,Goianesia,GO,2018,10
1519516800000,201809,1.0,1,1,1,0.2812387,1.4069644,0,2,520860820180919589,2023-08-20,Goianésia,0,0.5464084,71075,18.4285714285714,91.5219485714286,1,0,0,75.254332,53.5405731428571,21.7639282857143,26.1428571428571,1,,,,,14828,2018-02-25,5208608,Goianesia,GO,2018,9
1518912000000,201808,4.0,4,4,4,0.859184,5.6278577,0,2,520860820180819589,2023-08-20,Goianésia,0,2.3977854,71075,19.0,92.4215042857143,1,0,0,86.2730742857143,75.0327,20.2630951428571,22.0,3,,,,,14828,2018-02-18,5208608,Goianesia,GO,2018,8
1518307200000,201807,1.0,1,1,1,0.22907154,1.4069644,0,2,520860820180719589,2023-08-20,Goianésia,0,0.47033817,71075,18.5714285714286,86.1030914285714,1,0,0,75.6478842857143,63.9317058571429,20.6,23.1428571428571,1,,,,,14828,2018-02-11,5208608,Goianesia,GO,2018,7
1517702400000,201806,1.0,1,1,1,0.12162838,1.4069644,0,2,520860820180619589,2023-08-20,Goianésia,0,0.3290071,71075,18.1428571428571,97.5495188571429,1,0,0,87.7539664285714,77.7775105714286,19.4515875714286,21.4285714285714,1,,,,,14828,2018-02-04,5208608,Goianesia,GO,2018,6
1517097600000,201805,3.0,3,3,3,0.3451366,4.2208934,0,1,520860820180519589,2023-08-20,Goianésia,0,0.7519038,71075,19.4285714285714,94.0323171428571,1,0,0,87.810627,81.0663728571429,20.5428571428571,21.7142857142857,2,,,,,14828,2018-01-28,5208608,Goianesia,GO,2018,5
1516492800000,201804,1.0,1,1,1,0.097870074,1.4069644,0,1,520860820180419589,2023-08-20,Goianésia,0,0.2982414,71075,18.4285714285714,86.0537834285714,1,0,0,68.2273435714286,44.8479174285714,21.5359211428571,26.1428571428571,0,,,,,14828,2018-01-21,5208608,Goianesia,GO,2018,4
1515888000000,201803,7.0,7,7,7,0.9523088,9.848751,0,1,520860820180319589,2023-08-20,Goianésia,0,3.0665495,71075,17.2857142857143,89.0138111428571,0,1,1,74.5576338571429,60.333589,20.0857142857143,23.1428571428571,5,,,,,14828,2018-01-14,5208608,Goianesia,GO,2018,3
1515283200000,201802,3.0,3,3,3,0.7181898,4.2208934,0,1,520860820180219589,2023-08-20,Goianésia,0,1.6278912,71075,18.0,89.8707705714286,0,0,0,82.27582,75.7994037142857,19.5714285714286,21.2857142857143,1,,,,,14828,2018-01-07,5208608,Goianesia,GO,2018,2
1514678400000,201801,1.0,1,1,1,0.44035006,1.4069644,0,1,520860820180119589,2023-08-20,Goianésia,0,0.8451105,71075,18.8571428571429,94.8225114285714,1,0,0,89.8873771428571,83.2528934285714,19.8428571428571,20.8571428571429,1,,,,,14828,2017-12-31,5208608,Goianesia,GO,2018,1
1514073600000,201752,3.0,3,3,3,0.9554798,4.2208934,0,1,520860820175219589,2023-08-20,Goianésia,0,6.551154,71075,19.1428571428571,86.8635442857143,1,0,0,78.5883127142857,67.8196414285714,21.1888887142857,23.4285714285714,3,,,,,14828,2017-12-24,5208608,Goianesia,GO,2017,52
1513468800000,201751,1.0,1,1,1,0.8145292,1.4069644,0,1,520860820175119589,2023-08-20,Goianésia,0,3.3788157,71075,17.4285714285714,91.5223002857143,0,0,0,78.1993728571429,65.7363848571429,20.5313492857143,23.4285714285714,0,,,,,14828,2017-12-17,5208608,Goianesia,GO,2017,51
1512864000000,201750,0.0,0,0,0,0.0,0.0,0,1,520860820175019589,2023-08-20,Goianésia,0,0.0,71075,18.1666666666667,96.964804,0,0,0,91.1291156666667,81.1464446666667,19.0916666666667,21.0,0,,,,,14828,2017-12-10,5208608,Goianesia,GO,2017,50
1512259200000,201749,0.0,0,0,0,0.0,0.0,0,1,520860820174919589,2023-08-20,Goianésia,0,0.0,71075,19.5714285714286,90.7450285714286,0,0,0,83.419618,70.7765421428571,21.2270974285714,24.0,0,,,,,14828,2017-12-03,5208608,Goianesia,GO,2017,49
1511654400000,201748,1.0,1,1,1,0.96031237,1.4069644,0,1,520860820174819589,2023-08-20,Goianésia,0,17.116165,71075,18.5,93.907157,1,0,0,78.747975,61.0472205,21.041666,24.5,1,,,,,14828,2017-11-26,5208608,Goianesia,GO,2017,48
1511049600000,201747,0.0,0,0,0,0.0,0.0,0,1,520860820174719589,2023-08-20,Goianésia,0,0.0,71075,17.975,91.84822725,0,0,0,,,,,0,,,,,14828,2017-11-19,5208608,Goianesia,GO,2017,47
1510444800000,201746,0.0,0,0,0,0.0,0.0,0,1,520860820174619589,2023-08-20,Goianésia,0,0.0,71075,17.45,89.7892975,0,0,0,,,,,0,,,,,14828,2017-11-12,5208608,Goianesia,GO,2017,46
1509840000000,201745,0.0,0,0,0,0.0,0.0,0,1,520860820174519589,2023-08-20,Goianésia,0,0.0,71075,16.925,87.73036775,0,0,0,,,,,0,,,,,14828,2017-11-05,5208608,Goianesia,GO,2017,45
1509235200000,201744,0.0,0,0,0,0.0,0.0,0,1,520860820174419589,2023-08-20,Goianésia,0,0.0,71075,16.4,85.671438,0,0,0,,,,,0,,,,,14828,2017-10-29,5208608,Goianesia,GO,2017,44
1508630400000,201743,1.0,1,1,1,0.7014969,1.4069644,0,1,520860820174319589,2023-08-20,Goianésia,0,1.9550672,71075,15.875,83.61250825,0,0,0,,,,,1,,,,,14828,2017-10-22,5208608,Goianesia,GO,2017,43
1508025600000,201742,0.0,0,0,0,0.0,0.0,0,1,520860820174219589,2023-08-20,Goianésia,0,0.0,71075,15.35,81.5535785,0,0,0,,,,,0,,,,,14828,2017-10-15,5208608,Goianesia,GO,2017,42
1507420800000,201741,1.0,1,1,1,0.593179,1.4069644,0,1,520860820174119589,2023-08-20,Goianésia,0,1.3272094,71075,14.825,79.49464875,0,0,0,,,,,1,,,,,14828,2017-10-08,5208608,Goianesia,GO,2017,41
1506816000000,201740,0.0,0,0,0,0.0,0.0,0,1,520860820174019589,2023-08-20,Goianésia,0,0.0,71075,14.3,77.435719,0,0,0,,,,,0,,,,,14828,2017-10-01,5208608,Goianesia,GO,2017,40
1506211200000,201739,1.0,1,1,1,0.502987,1.4069644,0,1,520860820173919589,2023-08-20,Goianésia,0,1.0086675,71075,13.775,75.37678925,0,0,0,,,,,1,,,,,14828,2017-09-24,5208608,Goianesia,GO,2017,39
1505606400000,201738,1.0,1,1,1,0.51579034,1.4069644,0,1,520860820173819589,2023-08-20,Goianésia,0,1.0469632,71075,13.25,73.3178595,0,0,0,,,,,1,,,,,14828,2017-09-17,5208608,Goianesia,GO,2017,38
1505001600000,201737,1.0,1,1,1,0.5251726,1.4069644,0,1,520860820173719589,2023-08-20,Goianésia,0,1.0762681,71075,12.725,71.25892975,0,0,0,,,,,0,,,,,14828,2017-09-10,5208608,Goianesia,GO,2017,37
1504396800000,201736,1.0,1,1,1,0.35402492,1.4069644,0,1,520860820173619589,2023-08-20,Goianésia,0,0.6675224,71075,12.2,69.2,0,0,0,53.9321426,38.8,15.7285714,19.6,0,,,,,14828,2017-09-03,5208608,Goianesia,GO,2017,36
1503792000000,201735,1.0,1,1,1,0.13851571,1.4069644,0,1,520860820173519589,2023-08-20,Goianésia,0,0.35064608,71075,13.1428571428571,64.7142857142857,0,0,0,51.4603174285714,36.4285714285714,15.5178571428571,18.7142857142857,0,,,,,14828,2017-08-27,5208608,Goianesia,GO,2017,35
1503187200000,201734,0.0,0,0,0,0.0,0.0,0,1,520860820173419589,2023-08-20,Goianésia,0,0.0,71075,15.2857142857143,72.4285714285714,0,0,0,63.3015871428571,52.8571428571429,17.1726191428571,19.1428571428571,0,,,,,14828,2017-08-20,5208608,Goianesia,GO,2017,34
1502582400000,201733,4.0,4,4,4,0.50137687,5.6278577,0,1,520860820173319589,2023-08-20,Goianésia,0,1.0023195,71075,13.5714285714286,64.5714285714286,0,0,0,54.4107142857143,41.5714285714286,16.0694444285714,19.2857142857143,3,,,,,14828,2017-08-13,5208608,Goianesia,GO,2017,33
1501977600000,201732,4.0,4,4,4,0.48589814,5.6278577,0,1,520860820173219589,2023-08-20,Goianésia,0,0.9766807,71075,14.0,72.1428571428571,0,0,0,63.6488091428571,53.0,15.6130952857143,17.7142857142857,2,,,,,14828,2017-08-06,5208608,Goianesia,GO,2017,32
1501372800000,201731,4.0,4,4,4,0.41950658,5.6278577,0,1,520860820173119589,2023-08-20,Goianésia,0,0.8760656,71075,10.7142857142857,78.0,0,0,0,68.2678571428571,57.8571428571429,12.4821428571429,14.8571428571429,3,,,,,14828,2017-07-30,5208608,Goianesia,GO,2017,31
1500768000000,201730,4.0,4,4,4,0.291633,5.6278577,0,1,520860820173019589,2023-08-20,Goianésia,0,0.71115476,71075,11.0,74.1428571428571,0,0,0,64.8333337142857,53.2857142857143,12.9033447142857,15.8571428571429,3,,,,,14828,2017-07-23,5208608,Goianesia,GO,2017,30
1500163200000,201729,4.0,4,4,4,0.10948018,5.6278577,0,1,520860820172919589,2023-08-20,Goianésia,0,0.4950842,71075,10.1428571428571,81.4285714285714,0,0,0,71.2678571428571,61.0,12.3392857142857,14.7142857142857,4,,,,,14828,2017-07-16,5208608,Goianesia,GO,2017,29
1499558400000,201728,6.0,6,6,6,0.06456198,8.441787,0,1,520860820172819589,2023-08-20,Goianésia,0,0.48907858,71075,12.4285714285714,80.8571428571429,0,0,1,71.7099201428571,62.0,13.7638888571429,15.1428571428571,6,,,,,14828,2017-07-09,5208608,Goianesia,GO,2017,28
1498953600000,201727,5.0,5,5,5,0.0071924943,7.0348225,0,1,520860820172719589,2023-08-20,Goianésia,0,0.3205535,71075,11.2857142857143,77.0,0,0,0,70.051588,61.4285714285714,12.515873,14.0,4,,,,,14828,2017-07-02,5208608,Goianesia,GO,2017,27
1498348800000,201726,14.0,14,14,14,0.17601906,19.697502,0,1,520860820172619589,2023-08-20,Goianésia,0,0.72573537,71075,13.2857142857143,77.5714285714286,0,0,1,66.5651928571429,55.2857142857143,15.3472221428571,16.8571428571429,12,,,,,14828,2017-06-25,5208608,Goianesia,GO,2017,26
1497744000000,201725,18.0,18,18,18,0.13421161,25.325361,0,1,520860820172519589,2023-08-20,Goianésia,0,0.71470344,71075,12.7142857142857,80.8571428571429,0,0,1,73.7301592857143,65.7142857142857,14.156746,16.1428571428571,15,,,,,14828,2017-06-18,5208608,Goianesia,GO,2017,25
1497139200000,201724,12.0,12,12,12,0.0035006055,16.883574,0,1,520860820172419589,2023-08-20,Goianésia,0,0.4169386,71075,14.2857142857143,89.8571428571429,0,0,1,80.9348071428571,69.2857142857143,16.1686507142857,18.8571428571429,8,,,,,14828,2017-06-11,5208608,Goianesia,GO,2017,24
1496534400000,201723,32.0,32,32,32,0.54015255,45.02286,0,1,520860820172319589,2023-08-20,Goianésia,0,1.025517,71075,15.1428571428571,94.0,0,0,1,88.2103171428571,81.2857142857143,16.6805557142857,18.5714285714286,28,,,,,14828,2017-06-04,5208608,Goianesia,GO,2017,23
1495929600000,201722,28.0,28,28,28,0.133384,39.395004,0,1,520860820172219589,2023-08-20,Goianésia,0,0.75936335,71075,16.8571428571429,93.1428571428571,0,0,1,86.6031742857143,79.8571428571429,18.3988094285714,20.1428571428571,20,,,,,14828,2017-05-28,5208608,Goianesia,GO,2017,22
1495324800000,201721,30.0,30,30,30,0.042925328,42.208935,0,1,520860820172119589,2023-08-20,Goianésia,0,0.6709106,71075,18.0,95.0,0,0,1,91.1206342857143,85.2857142857143,19.0083334285714,20.4285714285714,28,,,,,14828,2017-05-21,5208608,Goianesia,GO,2017,21
1494720000000,201720,32.0,32,32,32,0.040309895,45.02286,0,1,520860820172019589,2023-08-20,Goianésia,0,0.6745403,71075,17.0,97.4285714285714,0,0,1,89.9309864285714,79.7142857142857,18.9165981428571,20.8571428571429,29,,,,,14828,2017-05-14,5208608,Goianesia,GO,2017,20
1494115200000,201719,51.0,51,51,51,0.70463824,71.75519,0,4,520860820171919589,2023-08-20,Goianésia,0,1.1151261,71075,16.0,89.0,0,0,2,79.252551,69.5714285714286,17.7653061428571,20.1428571428571,49,,,,,14828,2017-05-07,5208608,Goianesia,GO,2017,19
1493510400000,201718,52.0,52,52,52,0.69697714,73.162155,0,4,520860820171819589,2023-08-20,Goianésia,0,1.108882,71075,16.8571428571429,94.8571428571429,0,0,2,84.5280614285714,75.2857142857143,18.9260202857143,20.7142857142857,44,,,,,14828,2017-04-30,5208608,Goianesia,GO,2017,18
1492905600000,201717,41.0,41,41,41,0.07180101,57.685543,0,4,520860820171719589,2023-08-20,Goianésia,0,0.7419451,71075,19.2857142857143,96.5714285714286,1,0,2,91.2924264285714,82.4285714285714,20.4856175714286,22.4285714285714,28,,,,,14828,2017-04-23,5208608,Goianesia,GO,2017,17
1492300800000,201716,46.0,46,46,46,0.00690232,64.72037,0,4,520860820171619589,2023-08-20,Goianésia,0,0.63355136,71075,18.4285714285714,91.7142857142857,1,0,2,85.4999984285714,75.8571428571429,19.9875282857143,21.8571428571429,40,,,,,14828,2017-04-16,5208608,Goianesia,GO,2017,16
1491696000000,201715,48.0,48,48,48,0.0001391221,67.534294,0,4,520860820171519589,2023-08-20,Goianésia,0,0.53176385,71075,17.8571428571429,92.4285714285714,0,0,2,80.7494321428571,65.1428571428571,20.2063492857143,23.0,38,,,,,14828,2017-04-09,5208608,Goianesia,GO,2017,15
1491091200000,201714,69.0,69,69,69,0.020014226,97.08055,0,4,520860820171419589,2023-08-20,Goianésia,0,0.72487533,71075,18.0,94.0,0,0,2,87.0733742857143,78.4285714285714,19.8468507142857,21.8571428571429,51,,,,,14828,2017-04-02,5208608,Goianesia,GO,2017,14
1490486400000,201713,104.0,104,104,104,0.8819119,146.32431,0,4,520860820171319589,2023-08-20,Goianésia,0,1.1865845,71075,18.5714285714286,97.4285714285714,1,0,2,90.9754791428571,81.1428571428571,19.875263,21.2857142857143,60,,,,,14828,2017-03-26,5208608,Goianesia,GO,2017,13
1489881600000,201712,100.0,100,100,100,0.96427846,140.69644,0,4,520860820171219589,2023-08-20,Goianésia,0,1.3128992,71075,18.2857142857143,96.5714285714286,1,1,2,89.9855434285714,80.5714285714286,19.6284012857143,21.7142857142857,75,,,,,14828,2017-03-19,5208608,Goianesia,GO,2017,12
1489276800000,201711,92.0,92,92,92,0.95828736,129.44073,0,4,520860820171119589,2023-08-20,Goianésia,0,1.3132869,71075,18.2857142857143,92.7142857142857,1,1,2,82.5025514285714,69.1428571428571,21.0408164285714,23.4285714285714,75,,,,,14828,2017-03-12,5208608,Goianesia,GO,2017,11
1488672000000,201710,71.0,71,71,71,0.33132377,99.89448,0,4,520860820171019589,2023-08-20,Goianésia,0,0.9307953,71075,20.2857142857143,90.0,1,0,2,80.1154762857143,67.0,22.0928571428571,24.1428571428571,59,,,,,14828,2017-03-05,5208608,Goianesia,GO,2017,10
1488067200000,201709,68.0,68,68,68,0.027220948,95.673584,0,4,520860820170919589,2023-08-20,Goianésia,0,0.7372425,71075,18.0,97.1428571428571,0,0,2,89.6066791428571,80.1428571428571,19.7307515714286,21.4285714285714,58,,,,,14828,2017-02-26,5208608,Goianesia,GO,2017,9
1487462400000,201708,60.0,60,60,60,0.0005030147,84.41787,0,4,520860820170819589,2023-08-20,Goianésia,0,0.59145635,71075,19.5714285714286,90.5714285714286,1,0,2,82.4666671428571,71.5714285714286,21.470238,23.4285714285714,45,,,,,14828,2017-02-19,5208608,Goianesia,GO,2017,8
1486857600000,201707,107.0,107,107,107,0.5528975,150.5452,0,4,520860820170719589,2023-08-20,Goianésia,0,1.0183957,71075,19.1428571428571,94.8571428571429,1,0,2,84.2842971428571,67.0,20.8106578571429,22.5714285714286,92,,,,,14828,2017-02-12,5208608,Goianesia,GO,2017,7
1486252800000,201706,106.0,106,106,106,0.31798583,149.13823,0,4,520860820170619589,2023-08-20,Goianésia,0,0.9381303,71075,19.5714285714286,95.7142857142857,1,0,2,90.7521895714286,79.7142857142857,20.9316501428571,23.1428571428571,95,,,,,14828,2017-02-05,5208608,Goianesia,GO,2017,6
1485648000000,201705,96.0,96,96,96,0.061262555,135.06859,0,4,520860820170519589,2023-08-20,Goianésia,0,0.8097513,71075,19.5714285714286,90.7142857142857,1,0,2,83.3244995714286,74.4285714285714,21.0728368571429,22.8571428571429,80,,,,,14828,2017-01-29,5208608,Goianesia,GO,2017,5
1485043200000,201704,115.0,115,115,115,0.6588421,161.80092,0,4,520860820170419589,2023-08-20,Goianésia,0,1.0561368,71075,18.7142857142857,96.0,1,0,2,85.9585037142857,73.8571428571429,20.4312927142857,23.0,103,,,,,14828,2017-01-22,5208608,Goianesia,GO,2017,4
1484438400000,201703,129.0,129,129,129,0.9986113,181.49841,0,4,520860820170319589,2023-08-20,Goianésia,0,1.5099286,71075,18.7142857142857,94.8571428571429,1,1,2,85.686888,66.5714285714286,20.707794,23.4285714285714,117,,,,,14828,2017-01-15,5208608,Goianesia,GO,2017,3
1483833600000,201702,122.0,122,122,122,0.9999987,171.64967,0,4,520860820170219589,2023-08-20,Goianésia,0,2.0502605,71075,19.8571428571429,90.7142857142857,1,1,2,83.31172,68.8571428571429,21.6940901428571,23.7142857142857,101,,,,,14828,2017-01-08,5208608,Goianesia,GO,2017,2
1483228800000,201701,79.0,79,79,79,0.9999589,111.15019,0,4,520860820170119589,2023-08-20,Goianésia,0,2.1243885,71075,19.7142857142857,87.4285714285714,1,1,2,72.289117,56.2857142857143,22.7341267142857,25.7142857142857,65,,,,,14828,2017-01-01,5208608,Goianesia,GO,2017,1
1482624000000,201652,66.0,66,66,66,0.9999965,92.85966,0,2,520860820165219589,2023-08-20,Goianésia,0,2.71419,71075,19.0,92.2857142857143,1,1,2,77.8925728571429,62.8571428571429,21.828456,24.7142857142857,54,,,,,14828,2016-12-25,5208608,Goianesia,GO,2016,52
1482019200000,201651,25.0,25,25,25,0.84270704,35.17411,0,2,520860820165119589,2023-08-20,Goianésia,0,1.3551774,71075,20.1428571428571,85.2857142857143,1,0,1,74.4387757142857,61.2857142857143,22.1479591428571,24.5714285714286,24,,,,,14828,2016-12-18,5208608,Goianesia,GO,2016,51
1481414400000,201650,25.0,25,25,25,0.89972204,35.17411,0,2,520860820165019589,2023-08-20,Goianésia,0,1.4853288,71075,19.7142857142857,95.7142857142857,1,0,1,89.082014,79.2857142857143,20.8965221428571,22.4285714285714,26,,,,,14828,2016-12-11,5208608,Goianesia,GO,2016,50
1480809600000,201649,16.0,16,16,16,0.5201749,22.51143,0,2,520860820164919589,2023-08-20,Goianésia,0,1.0178896,71075,20.0,92.2857142857143,1,0,1,85.1367972857143,72.5714285714286,21.5807042857143,23.8571428571429,13,,,,,14828,2016-12-04,5208608,Goianesia,GO,2016,49
1480204800000,201648,14.0,14,14,14,0.70209885,19.697502,0,2,520860820164819589,2023-08-20,Goianésia,0,1.2308557,71075,18.7142857142857,95.7142857142857,1,0,1,87.5812262857143,75.5714285714286,21.4258894285714,24.5714285714286,11,,,,,14828,2016-11-27,5208608,Goianesia,GO,2016,48
1479600000000,201647,23.0,23,23,23,0.99798626,32.360184,0,2,520860820164719589,2023-08-20,Goianésia,0,3.0002937,71075,19.1666666666667,98.0,1,1,1,89.8182611666667,81.1666666666667,20.6537588333333,22.5,12,,,,,14828,2016-11-20,5208608,Goianesia,GO,2016,47
1478995200000,201646,8.0,8,8,8,0.63992363,11.255715,0,2,520860820164619589,2023-08-20,Goianésia,0,1.1998255,71075,19.0,98.2857142857143,1,0,1,88.4113421428571,76.4285714285714,20.5806982857143,22.7142857142857,7,,,,,14828,2016-11-13,5208608,Goianesia,GO,2016,46
1478390400000,201645,6.0,6,6,6,0.455965,8.441787,0,2,520860820164519589,2023-08-20,Goianésia,0,0.9410138,71075,19.2857142857143,94.1428571428571,1,0,1,86.5108848571429,75.7142857142857,20.9880951428571,23.1428571428571,5,,,,,14828,2016-11-06,5208608,Goianesia,GO,2016,45
1477785600000,201644,7.0,7,7,7,0.621054,9.848751,0,1,520860820164419589,2023-08-20,Goianésia,0,1.180883,71075,19.8571428571429,93.4285714285714,1,0,1,85.7820195714286,75.5714285714286,21.1360837142857,22.4285714285714,6,,,,,14828,2016-10-30,5208608,Goianesia,GO,2016,44
1477180800000,201643,7.0,7,7,7,0.6046382,9.848751,0,1,520860820164319589,2023-08-20,Goianésia,0,1.1529633,71075,19.2857142857143,87.0,1,0,1,76.2435685714286,62.8571428571429,21.2112748571429,23.7142857142857,4,,,,,14828,2016-10-23,5208608,Goianesia,GO,2016,43
1476576000000,201642,5.0,5,5,5,0.32931933,7.0348225,0,1,520860820164219589,2023-08-20,Goianésia,0,0.77662605,71075,20.2857142857143,80.4285714285714,0,0,0,71.1638888571429,58.2857142857143,21.9146827142857,24.2857142857143,2,,,,,14828,2016-10-16,5208608,Goianesia,GO,2016,42
1475971200000,201641,6.0,6,6,6,0.5044327,8.441787,0,1,520860820164119589,2023-08-20,Goianésia,0,1.006223,71075,20.1428571428571,75.2857142857143,0,0,1,67.3004545714286,55.7142857142857,21.5955212857143,23.5714285714286,3,,,,,14828,2016-10-09,5208608,Goianesia,GO,2016,41
1475366400000,201640,7.0,7,7,7,0.75985974,9.848751,0,1,520860820164019589,2023-08-20,Goianésia,0,1.4952027,71075,18.0,90.7142857142857,0,0,1,80.3370985714286,68.4285714285714,20.0352565714286,22.2857142857143,5,,,,,14828,2016-10-02,5208608,Goianesia,GO,2016,40
1474761600000,201639,7.0,7,7,7,0.82934296,9.848751,0,1,520860820163919589,2023-08-20,Goianésia,0,1.7557052,71075,17.7142857142857,94.0,0,0,1,84.3971092857143,72.5714285714286,19.8089564285714,22.8571428571429,4,,,,,14828,2016-09-25,5208608,Goianesia,GO,2016,39
1474156800000,201638,4.0,4,4,4,0.47827426,5.6278577,0,1,520860820163819589,2023-08-20,Goianésia,0,0.96439016,71075,18.2857142857143,80.1428571428571,0,0,0,68.0518615714286,53.7142857142857,20.0165567142857,22.8571428571429,4,,,,,14828,2016-09-18,5208608,Goianesia,GO,2016,38
1473552000000,201637,3.0,3,3,3,0.30678424,4.2208934,0,1,520860820163719589,2023-08-20,Goianésia,0,0.70060796,71075,14.7142857142857,73.5714285714286,0,0,0,59.3626411428571,44.1428571428571,17.8866214285714,21.1428571428571,1,,,,,14828,2016-09-11,5208608,Goianesia,GO,2016,37
1472947200000,201636,5.0,5,5,5,0.5578013,7.0348225,0,1,520860820163619589,2023-08-20,Goianésia,0,1.0941833,71075,14.5714285714286,73.5714285714286,0,0,0,59.6295342857143,46.8571428571429,17.3146257142857,20.4285714285714,2,,,,,14828,2016-09-04,5208608,Goianesia,GO,2016,36
1472342400000,201635,4.0,4,4,4,0.3657139,5.6278577,0,1,520860820163519589,2023-08-20,Goianésia,0,0.8031557,71075,15.2857142857143,79.0,0,0,0,61.1159295714286,42.4285714285714,19.5615075714286,23.8571428571429,1,,,,,14828,2016-08-28,5208608,Goianesia,GO,2016,35
1471737600000,201634,4.0,4,4,4,0.3928535,5.6278577,0,1,520860820163419589,2023-08-20,Goianésia,0,0.8391451,71075,13.4285714285714,85.0,0,0,0,70.3480991428571,54.7142857142857,17.0159275714286,21.0,1,,,,,14828,2016-08-21,5208608,Goianesia,GO,2016,34
1471132800000,201633,6.0,6,6,6,0.69299215,8.441787,0,1,520860820163319589,2023-08-20,Goianésia,0,1.3518826,71075,16.4285714285714,78.7142857142857,0,0,1,68.9680478571429,58.4285714285714,18.7260538571429,20.8571428571429,4,,,,,14828,2016-08-14,5208608,Goianesia,GO,2016,33
1470528000000,201632,5.0,5,5,5,0.6411241,7.0348225,0,1,520860820163219589,2023-08-20,Goianésia,0,1.259941,71075,13.4285714285714,74.1428571428571,0,0,0,61.0568771428571,47.4285714285714,16.3796294285714,20.1428571428571,1,,,,,14828,2016-08-07,5208608,Goianesia,GO,2016,32
1469923200000,201631,3.0,3,3,3,0.53425694,4.2208934,0,1,520860820163119589,2023-08-20,Goianésia,0,1.0686356,71075,11.8571428571429,83.8571428571429,0,0,0,67.3651914285714,49.7142857142857,15.1477325714286,18.8571428571429,3,,,,,14828,2016-07-31,5208608,Goianesia,GO,2016,31
1469318400000,201630,7.0,7,7,7,0.9309198,9.848751,0,1,520860820163019589,2023-08-20,Goianésia,0,2.6139922,71075,12.4285714285714,79.1428571428571,0,0,1,65.7624717142857,53.7142857142857,15.5039682857143,18.5714285714286,5,,,,,14828,2016-07-24,5208608,Goianesia,GO,2016,30
1468713600000,201629,0.0,0,0,0,0.0,0.0,0,1,520860820162919589,2023-08-20,Goianésia,0,0.0,71075,11.7142857142857,83.0,0,0,0,69.3151912857143,55.1428571428571,14.6000565714286,17.8571428571429,0,,,,,14828,2016-07-17,5208608,Goianesia,GO,2016,29
1468108800000,201628,3.0,3,3,3,0.3905849,4.2208934,0,1,520860820162819589,2023-08-20,Goianésia,0,0.81676525,71075,10.2857142857143,89.4285714285714,0,0,0,75.4257362857143,57.1428571428571,13.4325398571429,17.4285714285714,1,,,,,14828,2016-07-10,5208608,Goianesia,GO,2016,28
1467504000000,201627,4.0,4,4,4,0.41241986,5.6278577,0,1,520860820162719589,2023-08-20,Goianésia,0,0.8660816,71075,14.1428571428571,82.7142857142857,0,0,0,71.2820285714286,56.2857142857143,16.170068,18.8571428571429,3,,,,,14828,2016-07-03,5208608,Goianesia,GO,2016,27
1466899200000,201626,2.0,2,2,2,0.091006696,2.8139288,0,1,520860820162619589,2023-08-20,Goianésia,0,0.37508586,71075,12.2857142857143,88.8571428571429,0,0,0,74.8065812857143,57.2857142857143,14.41523,17.0,0,,,,,14828,2016-06-26,5208608,Goianesia,GO,2016,26
1466294400000,201625,6.0,6,6,6,0.46296564,8.441787,0,1,520860820162519589,2023-08-20,Goianésia,0,0.9500739,71075,11.8571428571429,94.0,0,0,1,80.1425732857143,66.1428571428571,14.3024375714286,17.2857142857143,5,,,,,14828,2016-06-19,5208608,Goianesia,GO,2016,25
1465689600000,201624,5.0,5,5,5,0.23011269,7.0348225,0,1,520860820162419589,2023-08-20,Goianésia,0,0.6651953,71075,11.5714285714286,94.8571428571429,0,0,0,84.1095234285714,70.8571428571429,14.0441041428571,16.8571428571429,4,,,,,14828,2016-06-12,5208608,Goianesia,GO,2016,24
1465084800000,201623,5.0,5,5,5,0.15151496,7.0348225,0,1,520860820162319589,2023-08-20,Goianésia,0,0.5769196,71075,14.7142857142857,96.7142857142857,0,0,0,85.0391148571429,71.2857142857143,17.3015871428571,20.2857142857143,3,,,,,14828,2016-06-05,5208608,Goianesia,GO,2016,23
1464480000000,201622,10.0,10,10,10,0.27462438,14.069645,0,1,520860820162219589,2023-08-20,Goianésia,0,0.7810026,71075,13.0,93.1428571428571,0,0,1,81.6394545714286,68.4285714285714,15.8486394285714,18.8571428571429,2,,,,,14828,2016-05-29,5208608,Goianesia,GO,2016,22
1463875200000,201621,6.0,6,6,6,0.0027176032,8.441787,0,1,520860820162119589,2023-08-20,Goianésia,0,0.30916148,71075,15.4285714285714,95.7142857142857,0,0,1,82.2964865714286,67.5714285714286,18.0731294285714,20.8571428571429,3,,,,,14828,2016-05-22,5208608,Goianesia,GO,2016,21
1463270400000,201620,9.0,9,9,9,0.003936512,12.662681,0,1,520860820162019589,2023-08-20,Goianésia,0,0.37936875,71075,17.8571428571429,94.0,0,0,1,85.986962,74.7142857142857,19.2891154285714,21.4285714285714,5,,,,,14828,2016-05-15,5208608,Goianesia,GO,2016,20
1462665600000,201619,24.0,24,24,24,0.3959463,33.767147,0,1,520860820161919589,2023-08-20,Goianésia,0,0.92853683,71075,15.5714285714286,88.1428571428571,0,0,1,75.1598618571429,59.2857142857143,18.2619048571429,21.4285714285714,15,,,,,14828,2016-05-08,5208608,Goianesia,GO,2016,19
1462060800000,201618,24.0,24,24,24,0.2505911,33.767147,0,1,520860820161819589,2023-08-20,Goianésia,0,0.831953,71075,15.4285714285714,94.0,0,0,1,81.981576,68.7142857142857,17.8897392857143,20.8571428571429,18,,,,,14828,2016-05-01,5208608,Goianesia,GO,2016,18
1461456000000,201617,26.0,26,26,26,0.1549494,36.581078,0,1,520860820161719589,2023-08-20,Goianésia,0,0.76956314,71075,17.0,94.0,0,0,1,85.6716438571429,68.8571428571429,18.850505,21.7142857142857,20,,,,,14828,2016-04-24,5208608,Goianesia,GO,2016,17
1460851200000,201616,26.0,26,26,26,0.08157416,36.581078,0,1,520860820161619589,2023-08-20,Goianésia,0,0.7033899,71075,16.5714285714286,88.0,0,0,1,67.2322385714286,43.1428571428571,20.5540441428571,24.8571428571429,19,,,,,14828,2016-04-17,5208608,Goianesia,GO,2016,16
1460246400000,201615,35.0,35,35,35,0.391747,49.243755,0,1,520860820161519589,2023-08-20,Goianésia,0,0.9377579,71075,16.2857142857143,89.0,0,0,1,58.2568032857143,24.5714285714286,22.7471658571429,28.7142857142857,25,,,,,14828,2016-04-10,5208608,Goianesia,GO,2016,15
1459641600000,201614,42.0,42,42,42,0.65685654,59.092506,0,1,520860820161419589,2023-08-20,Goianésia,0,1.0938125,71075,17.1428571428571,91.5714285714286,0,0,2,80.3276642857143,66.1428571428571,19.5107708571429,22.5714285714286,33,,,,,14828,2016-04-03,5208608,Goianesia,GO,2016,14
1459036800000,201613,33.0,33,33,33,0.25751483,46.42983,0,1,520860820161319589,2023-08-20,Goianésia,0,0.8578348,71075,16.4285714285714,96.5714285714286,0,0,1,87.1434238571429,76.0,18.3407027142857,20.5714285714286,24,,,,,14828,2016-03-27,5208608,Goianesia,GO,2016,13
1458432000000,201612,40.0,40,40,40,0.6745633,56.27858,0,4,520860820161219589,2023-08-20,Goianésia,0,1.1087921,71075,17.4285714285714,96.5714285714286,0,0,2,89.8616778571429,80.2857142857143,18.929705,20.8571428571429,29,,,,,14828,2016-03-20,5208608,Goianesia,GO,2016,12
1457827200000,201611,42.0,42,42,42,0.74482936,59.092506,0,1,520860820161119589,2023-08-20,Goianésia,0,1.1598432,71075,17.2857142857143,95.8571428571429,0,0,2,87.914682,77.1428571428571,19.1309525714286,21.5714285714286,28,,,,,14828,2016-03-13,5208608,Goianesia,GO,2016,11
1457222400000,201610,35.0,35,35,35,0.30370387,49.243755,0,1,520860820161019589,2023-08-20,Goianésia,0,0.888197,71075,19.7142857142857,99.1428571428571,1,0,1,90.8820865714286,80.0,20.6164965714286,22.0,21,,,,,14828,2016-03-06,5208608,Goianesia,GO,2016,10
1456617600000,201609,29.0,29,29,29,0.1467267,40.80197,0,1,520860820160919589,2023-08-20,Goianésia,0,0.77329767,71075,19.0,95.7142857142857,1,0,1,88.2529098571429,76.7142857142857,20.6726508571429,22.4285714285714,18,,,,,14828,2016-02-28,5208608,Goianesia,GO,2016,9
1456012800000,201608,48.0,48,48,48,0.97519934,67.534294,0,4,520860820160819589,2023-08-20,Goianésia,0,1.5613984,71075,17.2857142857143,96.8571428571429,0,1,2,89.1411558571429,80.2857142857143,18.72449,20.8571428571429,35,,,,,14828,2016-02-21,5208608,Goianesia,GO,2016,8
1455408000000,201607,40.0,40,40,40,0.968943,56.27858,0,1,520860820160719589,2023-08-20,Goianésia,0,1.5929044,71075,17.5714285714286,94.0,0,1,2,85.2006808571429,65.7142857142857,19.4691558571429,21.5714285714286,27,,,,,14828,2016-02-14,5208608,Goianesia,GO,2016,7
1454803200000,201606,29.0,29,29,29,0.8328246,40.80197,0,1,520860820160619589,2023-08-20,Goianésia,0,1.3085706,71075,18.5714285714286,94.8571428571429,1,0,1,70.5996,37.1428571428571,23.3761632857143,29.1428571428571,19,,,,,14828,2016-02-07,5208608,Goianesia,GO,2016,6
1454198400000,201605,23.0,23,23,23,0.72189474,32.360184,0,1,520860820160519589,2023-08-20,Goianésia,0,1.1968765,71075,16.7142857142857,96.5714285714286,0,0,1,69.3639462857143,34.7142857142857,22.9293205714286,29.0,14,,,,,14828,2016-01-31,5208608,Goianesia,GO,2016,5
1453593600000,201604,23.0,23,23,23,0.8845025,32.360184,0,2,520860820160419589,2023-08-20,Goianésia,0,1.4690571,71075,19.1428571428571,97.4285714285714,1,0,1,88.2325914285714,76.2857142857143,20.553884,22.4285714285714,14,,,,,14828,2016-01-24,5208608,Goianesia,GO,2016,4
1452988800000,201603,21.0,21,21,21,0.9458376,29.546253,0,2,520860820160319589,2023-08-20,Goianésia,0,1.7559801,71075,19.4285714285714,96.5714285714286,1,0,1,91.8866034285714,83.8571428571429,20.3352258571429,21.7142857142857,8,,,,,14828,2016-01-17,5208608,Goianesia,GO,2016,3
1452384000000,201602,13.0,13,13,13,0.9057554,18.290539,0,2,520860820160219589,2023-08-20,Goianésia,0,1.7937467,71075,19.8571428571429,96.5714285714286,1,0,1,91.8952377142857,85.0,20.4555558571429,21.7142857142857,8,,,,,14828,2016-01-10,5208608,Goianesia,GO,2016,2
1451779200000,201601,16.0,16,16,16,0.99446404,22.51143,0,2,520860820160119589,2023-08-20,Goianésia,0,3.2473102,71075,19.8571428571429,95.7142857142857,1,1,1,92.1944434285714,87.0,20.3042657142857,21.2857142857143,11,,,,,14828,2016-01-03,5208608,Goianesia,GO,2016,1
1451174400000,201552,5.0,5,5,5,0.25721303,7.0348225,0,2,520860820155219589,2023-08-20,Goianésia,0,0.6951606,71075,18.7142857142857,97.4285714285714,1,0,0,88.9041938571429,79.7142857142857,19.7125842857143,21.4285714285714,10,,,,,14828,2015-12-27,5208608,Goianesia,GO,2015,52
1450569600000,201551,1.0,1,1,1,0.00064967,1.4069644,0,2,520860820155119589,2023-08-20,Goianésia,0,0.094446495,71075,18.1428571428571,93.4285714285714,1,0,0,81.7665335714286,70.7142857142857,20.3035714285714,22.7142857142857,0,,,,,14828,2015-12-20,5208608,Goianesia,GO,2015,51
1449964800000,201550,7.0,7,7,7,0.15736596,9.848751,0,2,520860820155019589,2023-08-20,Goianésia,0,0.62686,71075,18.2857142857143,93.1428571428571,1,0,1,82.9737322857143,69.8571428571429,19.9398998571429,22.1428571428571,3,,,,,14828,2015-12-13,5208608,Goianesia,GO,2015,50
1449360000000,201549,13.0,13,13,13,0.82316947,18.290539,0,2,520860820154919589,2023-08-20,Goianésia,0,1.482408,71075,18.4285714285714,96.5714285714286,1,0,1,81.6306114285714,56.7142857142857,21.272789,25.7142857142857,9,,,,,14828,2015-12-06,5208608,Goianesia,GO,2015,49
1448755200000,201548,13.0,13,13,13,0.96425056,18.290539,0,2,520860820154819589,2023-08-20,Goianésia,0,2.3493085,71075,18.7142857142857,94.8571428571429,1,1,1,70.8344028571429,37.2857142857143,23.9021398571429,30.2857142857143,5,,,,,14828,2015-11-29,5208608,Goianesia,GO,2015,48
1448150400000,201547,9.0,9,9,9,0.95425075,12.662681,0,1,520860820154719589,2023-08-20,Goianésia,0,2.6612947,71075,18.7142857142857,97.4285714285714,1,1,1,77.7202051428571,37.7142857142857,22.4175107142857,29.1428571428571,3,,,,,14828,2015-11-22,5208608,Goianesia,GO,2015,47
1447545600000,201546,5.0,5,5,5,0.81337327,7.0348225,0,1,520860820154619589,2023-08-20,Goianésia,0,1.8616627,71075,19.1428571428571,94.8571428571429,1,0,0,79.5603714285714,46.0,22.4648577142857,28.4285714285714,3,,,,,14828,2015-11-15,5208608,Goianesia,GO,2015,46
1446940800000,201545,2.0,2,2,2,0.46795306,2.8139288,0,1,520860820154519589,2023-08-20,Goianésia,0,0.9311119,71075,17.5714285714286,82.5714285714286,0,0,0,50.3418361428571,18.0,25.0438774285714,32.5714285714286,1,,,,,14828,2015-11-08,5208608,Goianesia,GO,2015,45
1446336000000,201544,3.0,3,3,3,0.7857312,4.2208934,0,1,520860820154419589,2023-08-20,Goianésia,0,2.009051,71075,18.0,94.25,0,0,0,64.834939875,22.375,23.845613,31.125,3,,,,,14828,2015-11-01,5208608,Goianesia,GO,2015,44
1445731200000,201543,3.0,3,3,3,0.76327336,4.2208934,0,1,520860820154319589,2023-08-20,Goianésia,0,1.8626522,71075,18.5714285714286,94.0,1,0,0,74.2970257142857,32.4285714285714,22.5373938571429,28.0,0,,,,,14828,2015-10-25,5208608,Goianesia,GO,2015,43
1445126400000,201542,0.0,0,0,0,0.0,0.0,0,1,520860820154219589,2023-08-20,Goianésia,0,0.0,71075,17.1428571428571,77.1428571428571,0,0,0,46.4860485714286,20.1428571428571,25.4464884285714,33.2857142857143,0,,,,,14828,2015-10-18,5208608,Goianesia,GO,2015,42
1444521600000,201541,2.0,2,2,2,0.45746967,2.8139288,0,1,520860820154119589,2023-08-20,Goianésia,0,0.90994704,71075,16.1428571428571,66.7142857142857,0,0,0,35.5308012857143,9.85714285714286,25.3737717142857,33.2857142857143,1,,,,,14828,2015-10-11,5208608,Goianesia,GO,2015,41
1443916800000,201540,2.0,2,2,2,0.491307,2.8139288,0,1,520860820154019589,2023-08-20,Goianésia,0,0.98064744,71075,17.5714285714286,84.0,0,0,0,50.7846942857143,20.1428571428571,24.9978081428571,32.7142857142857,0,,,,,14828,2015-10-04,5208608,Goianesia,GO,2015,40
1443312000000,201539,3.0,3,3,3,0.65408385,4.2208934,0,1,520860820153919589,2023-08-20,Goianésia,0,1.3815178,71075,16.5714285714286,88.4285714285714,0,0,0,54.077763,20.4285714285714,23.6662562857143,31.0,2,,,,,14828,2015-09-27,5208608,Goianesia,GO,2015,39
1442707200000,201538,1.0,1,1,1,0.15406753,1.4069644,0,1,520860820153819589,2023-08-20,Goianésia,0,0.37059474,71075,14.7142857142857,73.8571428571429,0,0,0,40.6734691428571,10.1428571428571,24.3418368571429,33.1428571428571,0,,,,,14828,2015-09-20,5208608,Goianesia,GO,2015,38
1442102400000,201537,3.0,3,3,3,0.46314588,4.2208934,0,1,520860820153719589,2023-08-20,Goianésia,0,0.9329762,71075,16.2857142857143,84.1428571428571,0,0,0,57.0918375714286,26.2857142857143,22.607143,29.4285714285714,2,,,,,14828,2015-09-13,5208608,Goianesia,GO,2015,37
1441497600000,201536,1.0,1,1,1,0.14202805,1.4069644,0,1,520860820153619589,2023-08-20,Goianésia,0,0.3551449,71075,17.0,81.4285714285714,0,0,0,55.8860647142857,24.2857142857143,23.6015798571429,30.8571428571429,0,,,,,14828,2015-09-06,5208608,Goianesia,GO,2015,36
1440892800000,201535,6.0,6,6,6,0.87527853,8.441787,0,1,520860820153519589,2023-08-20,Goianésia,0,2.149875,71075,12.7142857142857,80.5714285714286,0,0,1,43.9671204285714,13.0,22.354308,31.2857142857143,5,,,,,14828,2015-08-30,5208608,Goianesia,GO,2015,35
1440288000000,201534,1.0,1,1,1,0.082102366,1.4069644,0,1,520860820153419589,2023-08-20,Goianésia,0,0.27728233,71075,14.0,82.5714285714286,0,0,0,47.7384612857143,15.1428571428571,22.6258045714286,30.7142857142857,1,,,,,14828,2015-08-23,5208608,Goianesia,GO,2015,34
1439683200000,201533,3.0,3,3,3,0.21402101,4.2208934,0,1,520860820153319589,2023-08-20,Goianésia,0,0.58474666,71075,12.7142857142857,85.5714285714286,0,0,0,53.7023218571429,17.7142857142857,20.4750174285714,28.5714285714286,2,,,,,14828,2015-08-16,5208608,Goianesia,GO,2015,33
1439078400000,201532,3.0,3,3,3,0.08115151,4.2208934,0,1,520860820153219589,2023-08-20,Goianésia,0,0.41619366,71075,11.1428571428571,83.1428571428571,0,0,0,55.3128078571429,21.5714285714286,18.1850808571429,25.8571428571429,2,,,,,14828,2015-08-09,5208608,Goianesia,GO,2015,32
1438473600000,201531,5.0,5,5,5,0.09228709,7.0348225,0,1,520860820153119589,2023-08-20,Goianésia,0,0.50341326,71075,9.71428571428571,83.5714285714286,0,0,0,49.9438775714286,15.0,18.7755101428571,27.2857142857143,4,,,,,14828,2015-08-02,5208608,Goianesia,GO,2015,31
1437868800000,201530,7.0,7,7,7,0.09189155,9.848751,0,1,520860820153019589,2023-08-20,Goianésia,0,0.5496602,71075,13.4285714285714,82.7142857142857,0,0,1,50.6590141428571,19.7142857142857,20.8265307142857,27.2857142857143,6,,,,,14828,2015-07-26,5208608,Goianesia,GO,2015,30
1437264000000,201529,9.0,9,9,9,0.08565452,12.662681,0,1,520860820152919589,2023-08-20,Goianésia,0,0.57579225,71075,13.0,83.1428571428571,0,0,1,55.1442867142857,24.4285714285714,19.7262584285714,26.0,5,,,,,14828,2015-07-19,5208608,Goianesia,GO,2015,29
1436659200000,201528,15.0,15,15,15,0.16923383,21.104467,0,1,520860820152819589,2023-08-20,Goianésia,0,0.7269237,71075,13.7142857142857,87.1428571428571,0,0,1,59.0944818571429,26.5714285714286,20.080688,26.0,14,,,,,14828,2015-07-12,5208608,Goianesia,GO,2015,28
1436054400000,201527,12.0,12,12,12,0.0023685286,16.883574,0,1,520860820152719589,2023-08-20,Goianésia,0,0.40307015,71075,14.2857142857143,89.7142857142857,0,0,1,65.7380361428571,33.5714285714286,19.7841307142857,26.0,10,,,,,14828,2015-07-05,5208608,Goianesia,GO,2015,27
1435449600000,201526,22.0,22,22,22,0.002777687,30.953218,0,1,520860820152619589,2023-08-20,Goianésia,0,0.49778527,71075,12.0,85.2857142857143,0,0,1,59.876417,25.2857142857143,19.1681785714286,25.7142857142857,20,,,,,14828,2015-06-28,5208608,Goianesia,GO,2015,26
1434844800000,201525,22.0,22,22,22,1.90499e-05,30.953218,0,1,520860820152519589,2023-08-20,Goianésia,0,0.3795225,71075,12.8571428571429,88.4285714285714,0,0,1,66.1838508571429,36.2857142857143,17.8029554285714,22.7142857142857,18,,,,,14828,2015-06-21,5208608,Goianesia,GO,2015,25
1434240000000,201524,47.0,47,47,47,0.025844,66.12733,0,4,520860820152419589,2023-08-20,Goianésia,0,0.69418436,71075,14.0,87.1428571428571,0,0,2,61.7091842857143,30.4285714285714,20.1428572857143,26.0,34,,,,,14828,2015-06-14,5208608,Goianesia,GO,2015,24
1433635200000,201523,62.0,62,62,62,0.15974927,87.2318,0,4,520860820152319589,2023-08-20,Goianésia,0,0.8429954,71075,13.2857142857143,90.5714285714286,0,0,2,64.2448971428571,31.1428571428571,19.5918364285714,25.2857142857143,48,,,,,14828,2015-06-07,5208608,Goianesia,GO,2015,23
1433030400000,201522,66.0,66,66,66,0.21798228,92.85966,0,4,520860820152219589,2023-08-20,Goianésia,0,0.8773417,71075,14.8571428571429,90.5714285714286,0,0,2,67.945919,36.4285714285714,19.8690475714286,25.0,57,,,,,14828,2015-05-31,5208608,Goianesia,GO,2015,22
1432425600000,201521,81.0,81,81,81,0.6283875,113.96412,0,4,520860820152119589,2023-08-20,Goianésia,0,1.0533875,71075,14.1428571428571,91.4285714285714,0,0,2,67.2397967142857,32.8571428571429,19.9711471428571,26.0,67,,,,,14828,2015-05-24,5208608,Goianesia,GO,2015,21
1431820800000,201520,72.0,72,72,72,0.33019766,101.301445,0,4,520860820152019589,2023-08-20,Goianésia,0,0.93078595,71075,15.4285714285714,92.2857142857143,0,0,2,72.6418005714286,44.7142857142857,19.2973258571429,24.0,60,,,,,14828,2015-05-17,5208608,Goianesia,GO,2015,20
1431216000000,201519,76.0,76,76,76,0.5224965,106.9293,0,4,520860820151919589,2023-08-20,Goianésia,0,1.0091903,71075,15.7142857142857,93.4285714285714,0,0,2,80.1965742857143,59.2857142857143,19.0622945714286,22.8571428571429,57,,,,,14828,2015-05-10,5208608,Goianesia,GO,2015,19
1430611200000,201518,86.0,86,86,86,0.7750468,120.99895,0,4,520860820151819589,2023-08-20,Goianésia,0,1.1256715,71075,17.7142857142857,96.5714285714286,0,0,2,80.4563685714286,57.8571428571429,20.5177691428571,24.5714285714286,62,,,,,14828,2015-05-03,5208608,Goianesia,GO,2015,18
1430006400000,201517,67.0,67,67,67,0.26848245,94.26662,0,4,520860820151719589,2023-08-20,Goianésia,0,0.9015523,71075,16.8571428571429,95.7142857142857,0,0,2,80.6601361428571,54.8571428571429,20.0105428571429,24.7142857142857,51,,,,,14828,2015-04-26,5208608,Goianesia,GO,2015,17
1429401600000,201516,77.0,77,77,77,0.9282747,108.336266,0,4,520860820151619589,2023-08-20,Goianésia,0,1.2843448,71075,18.4285714285714,95.7142857142857,1,0,2,76.4443514285714,44.0,22.134099,27.5714285714286,58,,,,,14828,2015-04-19,5208608,Goianesia,GO,2015,16
1428796800000,201515,88.0,88,88,88,0.99994427,123.812874,0,4,520860820151519589,2023-08-20,Goianésia,0,1.9934404,71075,18.4285714285714,93.1428571428571,1,1,2,75.9855337142857,48.7142857142857,21.6359731428571,26.2857142857143,68,,,,,14828,2015-04-12,5208608,Goianesia,GO,2015,15
1428192000000,201514,63.0,63,63,63,0.9924072,88.63876,0,1,520860820151419589,2023-08-20,Goianésia,0,1.626587,71075,18.7142857142857,94.0,1,1,2,77.1866985714286,46.1428571428571,21.7334595714286,26.0,45,,,,,14828,2015-04-05,5208608,Goianesia,GO,2015,14
1427587200000,201513,28.0,28,28,28,0.1406531,39.395004,0,1,520860820151319589,2023-08-20,Goianésia,0,0.7652391,71075,18.2857142857143,96.5714285714286,1,0,1,75.3332528571429,37.0,22.202622,27.8571428571429,20,,,,,14828,2015-03-29,5208608,Goianesia,GO,2015,13
1426982400000,201512,45.0,45,45,45,0.88433003,63.3134,0,1,520860820151219589,2023-08-20,Goianésia,0,1.3078983,71075,17.7142857142857,95.7142857142857,0,0,2,80.8270671428571,48.2857142857143,21.0986725714286,25.5714285714286,30,,,,,14828,2015-03-22,5208608,Goianesia,GO,2015,12
1426377600000,201511,36.0,36,36,36,0.6399602,50.650723,0,1,520860820151119589,2023-08-20,Goianésia,0,1.0895611,71075,17.2857142857143,98.2857142857143,0,0,1,84.3561707142857,61.0,19.6327768571429,23.8571428571429,18,,,,,14828,2015-03-15,5208608,Goianesia,GO,2015,11
1425772800000,201510,32.0,32,32,32,0.56764185,45.02286,0,1,520860820151019589,2023-08-20,Goianésia,0,1.0436931,71075,17.8571428571429,97.4285714285714,0,0,1,81.830273,42.8571428571429,20.7808065714286,25.0,20,,,,,14828,2015-03-08,5208608,Goianesia,GO,2015,10
1425168000000,201509,36.0,36,36,36,0.82371664,50.650723,0,1,520860820150919589,2023-08-20,Goianésia,0,1.2593747,71075,17.7142857142857,94.8571428571429,0,0,1,77.6841821428571,53.5714285714286,21.1905647142857,26.1428571428571,24,,,,,14828,2015-03-01,5208608,Goianesia,GO,2015,9
1424563200000,201508,31.0,31,31,31,0.6332987,43.6159,0,1,520860820150819589,2023-08-20,Goianésia,0,1.0917847,71075,18.4285714285714,91.5714285714286,1,0,1,71.7595595714286,43.1428571428571,22.0693454285714,26.8571428571429,22,,,,,14828,2015-02-22,5208608,Goianesia,GO,2015,8
1423958400000,201507,25.0,25,25,25,0.39130628,35.17411,0,1,520860820150719589,2023-08-20,Goianésia,0,0.92685336,71075,18.4285714285714,90.4285714285714,1,0,1,73.3940567142857,41.8571428571429,21.562666,25.8571428571429,19,,,,,14828,2015-02-15,5208608,Goianesia,GO,2015,7
1423353600000,201506,31.0,31,31,31,0.85306704,43.6159,0,1,520860820150619589,2023-08-20,Goianésia,0,1.3284742,71075,18.0,90.5714285714286,0,0,1,67.802691,41.1428571428571,22.5324597142857,27.4285714285714,25,,,,,14828,2015-02-08,5208608,Goianesia,GO,2015,6
1422748800000,201505,29.0,29,29,29,0.93735135,40.80197,0,1,520860820150519589,2023-08-20,Goianésia,0,1.562109,71075,18.0,88.5714285714286,0,0,1,70.6312791428571,46.4285714285714,21.8600745714286,26.0,20,,,,,14828,2015-02-01,5208608,Goianesia,GO,2015,5
1422144000000,201504,22.0,22,22,22,0.9262683,30.953218,0,1,520860820150419589,2023-08-20,Goianésia,0,1.6281533,71075,17.7142857142857,94.8571428571429,0,0,1,72.687755,46.0,21.8853057142857,27.1428571428571,16,,,,,14828,2015-01-25,5208608,Goianesia,GO,2015,4
1421539200000,201503,22.0,22,22,22,0.9842275,30.953218,0,1,520860820150319589,2023-08-20,Goianésia,0,2.1733606,71075,18.4285714285714,83.2857142857143,0,1,1,60.6201637142857,31.2857142857143,23.1567552857143,29.1428571428571,21,,,,,14828,2015-01-18,5208608,Goianesia,GO,2015,3
1420934400000,201502,9.0,9,9,9,0.5980109,12.662681,0,1,520860820150219589,2023-08-20,Goianésia,0,1.1247458,71075,18.5714285714286,77.1428571428571,0,0,1,50.7448981428571,21.5714285714286,24.6224488571429,30.0,9,,,,,14828,2015-01-11,5208608,Goianesia,GO,2015,2
1420329600000,201501,13.0,13,13,13,0.9317631,18.290539,0,1,520860820150119589,2023-08-20,Goianésia,0,1.9667058,71075,18.5714285714286,81.2857142857143,0,0,1,58.0342871428571,27.2857142857143,24.0890255714286,30.1428571428571,10,,,,,14828,2015-01-04,5208608,Goianesia,GO,2015,1
1419724800000,201453,4.0,4,4,4,0.48486206,5.6278577,0,1,520860820145319589,2023-08-20,Goianésia,0,0.97499776,71075,19.5714285714286,79.2857142857143,0,0,0,56.4904285714286,28.0,25.3328994285714,31.2857142857143,5,,,,,14828,2014-12-28,5208608,Goianesia,GO,2014,53
1419120000000,201452,11.0,11,11,11,0.9936791,15.476609,0,2,520860820145219589,2023-08-20,Goianésia,0,4.392361,71075,20.2857142857143,85.2857142857143,1,1,1,67.0388671428571,38.7142857142857,24.0076002857143,28.2857142857143,7,,,,,14828,2014-12-21,5208608,Goianesia,GO,2014,52
1418515200000,201451,2.0,2,2,2,0.28905898,2.8139288,0,2,520860820145119589,2023-08-20,Goianésia,0,0.63348603,71075,20.2857142857143,91.5714285714286,1,0,0,76.6791265714286,48.1428571428571,23.1513462857143,27.5714285714286,1,,,,,14828,2014-12-14,5208608,Goianesia,GO,2014,51
1417910400000,201450,1.0,1,1,1,0.03711291,1.4069644,0,2,520860820145019589,2023-08-20,Goianésia,0,0.21044059,71075,19.7142857142857,87.4285714285714,1,0,0,75.6467557142857,51.5714285714286,21.6147557142857,25.1428571428571,1,,,,,14828,2014-12-07,5208608,Goianesia,GO,2014,50
1417305600000,201449,3.0,3,3,3,0.17790288,4.2208934,0,1,520860820144919589,2023-08-20,Goianésia,0,0.54095095,71075,19.5714285714286,87.2857142857143,1,0,0,70.9073905714286,44.1428571428571,22.5436531428571,27.0,1,,,,,14828,2014-11-30,5208608,Goianesia,GO,2014,49
1416700800000,201448,5.0,5,5,5,0.52454764,7.0348225,0,1,520860820144819589,2023-08-20,Goianésia,0,1.0383806,71075,19.7142857142857,90.7142857142857,1,0,0,73.7014085714286,38.2857142857143,22.7467577142857,27.5714285714286,4,,,,,14828,2014-11-23,5208608,Goianesia,GO,2014,48
1416096000000,201447,7.0,7,7,7,0.8671701,9.848751,0,1,520860820144719589,2023-08-20,Goianésia,0,1.9656243,71075,20.0,80.1428571428571,0,0,1,62.0314897142857,35.5714285714286,23.9725545714286,29.0,2,,,,,14828,2014-11-16,5208608,Goianesia,GO,2014,47
1415491200000,201446,5.0,5,5,5,0.73466754,7.0348225,0,1,520860820144619589,2023-08-20,Goianésia,0,1.5190985,71075,20.4285714285714,85.1428571428571,1,0,0,69.7232632857143,41.0,23.4804765714286,27.8571428571429,1,,,,,14828,2014-11-09,5208608,Goianesia,GO,2014,46
1414886400000,201445,3.0,3,3,3,0.33410594,4.2208934,0,1,520860820144519589,2023-08-20,Goianésia,0,0.7368674,71075,20.4285714285714,81.5714285714286,0,0,0,59.1109688571429,26.5714285714286,24.9634501428571,30.8571428571429,2,,,,,14828,2014-11-02,5208608,Goianesia,GO,2014,45
1414281600000,201444,2.0,2,2,2,0.15579136,2.8139288,0,1,520860820144419589,2023-08-20,Goianésia,0,0.4598974,71075,18.7142857142857,86.7142857142857,1,0,0,69.1197214285714,40.7142857142857,22.9397954285714,28.4285714285714,1,,,,,14828,2014-10-26,5208608,Goianesia,GO,2014,44
1413676800000,201443,5.0,5,5,5,0.7040282,7.0348225,0,1,520860820144319589,2023-08-20,Goianésia,0,1.4221581,71075,21.0,71.1428571428571,0,0,0,51.6806957142857,24.8571428571429,25.3099822857143,30.5714285714286,2,,,,,14828,2014-10-19,5208608,Goianesia,GO,2014,43
1413072000000,201442,5.0,5,5,5,0.79638755,7.0348225,0,1,520860820144219589,2023-08-20,Goianésia,0,1.7720336,71075,18.8571428571429,56.1428571428571,0,0,0,29.4879067142857,8.57142857142857,27.5274,34.7142857142857,1,,,,,14828,2014-10-12,5208608,Goianesia,GO,2014,42
1412467200000,201441,4.0,4,4,4,0.5107291,5.6278577,0,1,520860820144119589,2023-08-20,Goianésia,0,1.018284,71075,17.5714285714286,54.2857142857143,0,0,0,33.6224492857143,11.5714285714286,24.1836735714286,30.4285714285714,1,,,,,14828,2014-10-05,5208608,Goianesia,GO,2014,41
1411862400000,201440,1.0,1,1,1,0.020628635,1.4069644,0,1,520860820144019589,2023-08-20,Goianésia,0,0.17859669,71075,20.2857142857143,68.8571428571429,0,0,0,47.508461,20.8571428571429,25.6130834285714,31.8571428571429,0,,,,,14828,2014-09-28,5208608,Goianesia,GO,2014,40
1411257600000,201439,3.0,3,3,3,0.18978125,4.2208934,0,1,520860820143919589,2023-08-20,Goianésia,0,0.55536526,71075,21.1428571428571,69.0,0,0,0,46.7214994285714,19.7142857142857,26.0149544285714,31.7142857142857,1,,,,,14828,2014-09-21,5208608,Goianesia,GO,2014,39
1410652800000,201438,8.0,8,8,8,0.8802463,11.255715,0,1,520860820143819589,2023-08-20,Goianésia,0,1.9555955,71075,18.2857142857143,62.1428571428571,0,0,1,33.3552531428571,10.7142857142857,26.3418368571429,32.8571428571429,4,,,,,14828,2014-09-14,5208608,Goianesia,GO,2014,38
1410048000000,201437,6.0,6,6,6,0.7860937,8.441787,0,1,520860820143719589,2023-08-20,Goianésia,0,1.6415049,71075,16.2857142857143,57.0,0,0,1,35.1071425714286,12.4285714285714,23.2499997142857,29.5714285714286,3,,,,,14828,2014-09-07,5208608,Goianesia,GO,2014,37
1409443200000,201436,3.0,3,3,3,0.33275232,4.2208934,0,1,520860820143619589,2023-08-20,Goianésia,0,0.735039,71075,19.4285714285714,73.0,0,0,0,47.2049047142857,20.4285714285714,24.8238971428571,30.8571428571429,1,,,,,14828,2014-08-31,5208608,Goianesia,GO,2014,36
1408838400000,201435,3.0,3,3,3,0.22383815,4.2208934,0,1,520860820143519589,2023-08-20,Goianésia,0,0.596681,71075,16.4285714285714,60.4285714285714,0,0,0,34.8724491428571,10.1428571428571,24.3877548571429,31.5714285714286,1,,,,,14828,2014-08-24,5208608,Goianesia,GO,2014,35
1408233600000,201434,5.0,5,5,5,0.28699747,7.0348225,0,1,520860820143419589,2023-08-20,Goianésia,0,0.7283704,71075,13.8571428571429,71.2857142857143,0,0,0,41.7519352857143,14.0,21.7931032857143,28.4285714285714,3,,,,,14828,2014-08-17,5208608,Goianesia,GO,2014,34
1407628800000,201433,3.0,3,3,3,0.043012988,4.2208934,0,1,520860820143319589,2023-08-20,Goianésia,0,0.3541407,71075,13.8571428571429,71.0,0,0,0,40.5595781428571,14.4285714285714,21.5458335714286,28.2857142857143,3,,,,,14828,2014-08-10,5208608,Goianesia,GO,2014,33
1407024000000,201432,8.0,8,8,8,0.32042646,11.255715,0,1,520860820143219589,2023-08-20,Goianésia,0,0.80583715,71075,14.1428571428571,68.0,0,0,1,40.7653051428571,13.2857142857143,21.5969388571429,28.2857142857143,5,,,,,14828,2014-08-03,5208608,Goianesia,GO,2014,32
1406419200000,201431,9.0,9,9,9,0.3090404,12.662681,0,1,520860820143119589,2023-08-20,Goianésia,0,0.8041436,71075,14.8571428571429,80.8571428571429,0,0,1,60.4843962857143,35.7142857142857,19.6590917142857,25.1428571428571,5,,,,,14828,2014-07-27,5208608,Goianesia,GO,2014,31
1405814400000,201430,8.0,8,8,8,0.1892553,11.255715,0,1,520860820143019589,2023-08-20,Goianésia,0,0.6764717,71075,15.5714285714286,77.8571428571429,0,0,1,55.2837485714286,28.8571428571429,20.8577097142857,26.4285714285714,6,,,,,14828,2014-07-20,5208608,Goianesia,GO,2014,30
1405209600000,201429,15.0,15,15,15,0.56672716,21.104467,0,1,520860820142919589,2023-08-20,Goianésia,0,1.0633487,71075,13.5714285714286,77.8571428571429,0,0,1,50.6938775714286,19.4285714285714,20.357143,27.0,9,,,,,14828,2014-07-13,5208608,Goianesia,GO,2014,29
1404604800000,201428,8.0,8,8,8,0.042636022,11.255715,0,1,520860820142819589,2023-08-20,Goianésia,0,0.4926807,71075,14.5714285714286,74.5714285714286,0,0,1,50.923469,21.8571428571429,20.8520405714286,26.1428571428571,8,,,,,14828,2014-07-06,5208608,Goianesia,GO,2014,28
1404000000000,201427,14.0,14,14,14,0.21126828,19.697502,0,1,520860820142719589,2023-08-20,Goianésia,0,0.7564858,71075,13.1428571428571,77.4285714285714,0,0,1,48.0728351428571,17.4285714285714,20.9090431428571,27.8571428571429,9,,,,,14828,2014-06-29,5208608,Goianesia,GO,2014,27
1403395200000,201426,21.0,21,21,21,0.11753652,29.546253,0,1,520860820142619589,2023-08-20,Goianésia,0,0.71587723,71075,13.2857142857143,80.8571428571429,0,0,1,54.574489,24.1428571428571,19.9792517142857,26.5714285714286,14,,,,,14828,2014-06-22,5208608,Goianesia,GO,2014,26
1402790400000,201425,11.0,11,11,11,1.296e-07,15.476609,0,1,520860820142519589,2023-08-20,Goianésia,0,0.22410494,71075,15.7142857142857,81.2857142857143,0,0,1,59.2356225714286,28.2857142857143,21.2226344285714,26.5714285714286,9,,,,,14828,2014-06-15,5208608,Goianesia,GO,2014,25
1402185600000,201424,21.0,21,21,21,3.999e-07,29.546253,0,1,520860820142419589,2023-08-20,Goianésia,0,0.3202048,71075,15.7142857142857,78.2857142857143,0,0,1,57.1260028571429,28.7142857142857,21.0147077142857,26.4285714285714,17,,,,,14828,2014-06-08,5208608,Goianesia,GO,2014,24
1401580800000,201423,53.0,53,53,53,0.053950515,74.569115,0,4,520860820142319589,2023-08-20,Goianésia,0,0.7486259,71075,16.8571428571429,81.4285714285714,0,0,2,61.0873571428571,30.0,21.9909217142857,27.7142857142857,43,,,,,14828,2014-06-01,5208608,Goianesia,GO,2014,23
1400976000000,201422,74.0,74,74,74,0.68643,104.11537,0,4,520860820142219589,2023-08-20,Goianésia,0,1.0846506,71075,16.1428571428571,79.0,0,0,2,58.0800491428571,28.8571428571429,21.9535537142857,28.1428571428571,67,,,,,14828,2014-05-25,5208608,Goianesia,GO,2014,22
1400371200000,201421,75.0,75,75,75,0.78556436,105.52234,0,4,520860820142119589,2023-08-20,Goianésia,0,1.1424413,71075,18.0,81.2857142857143,0,0,2,57.814059,28.7142857142857,23.2891152857143,28.5714285714286,64,,,,,14828,2014-05-18,5208608,Goianesia,GO,2014,21
1399766400000,201420,68.0,68,68,68,0.56954736,95.673584,0,4,520860820142019589,2023-08-20,Goianésia,0,1.0306439,71075,15.7142857142857,79.2857142857143,0,0,2,56.2071052857143,28.1428571428571,21.6887757142857,27.1428571428571,58,,,,,14828,2014-05-11,5208608,Goianesia,GO,2014,20
1399161600000,201419,62.0,62,62,62,0.4487291,87.2318,0,4,520860820141919589,2023-08-20,Goianésia,0,0.97732353,71075,17.0,81.7142857142857,0,0,2,58.8106048571429,30.4285714285714,22.5957138571429,27.8571428571429,57,,,,,14828,2014-05-04,5208608,Goianesia,GO,2014,19
1398556800000,201418,67.0,67,67,67,0.8064532,94.26662,0,4,520860820141819589,2023-08-20,Goianésia,0,1.1674334,71075,14.5714285714286,80.4285714285714,0,0,2,58.2117348571429,29.1428571428571,20.994898,27.0,59,,,,,14828,2014-04-27,5208608,Goianesia,GO,2014,18
1397952000000,201417,74.0,74,74,74,0.9628253,104.11537,0,4,520860820141719589,2023-08-20,Goianésia,0,1.3722775,71075,19.4285714285714,83.0,0,1,2,70.4458207142857,42.1428571428571,23.1601132857143,27.8571428571429,59,,,,,14828,2014-04-20,5208608,Goianesia,GO,2014,17
1397347200000,201416,44.0,44,44,44,0.28124836,61.906437,0,4,520860820141619589,2023-08-20,Goianésia,0,0.8875325,71075,20.0,85.2857142857143,1,0,2,65.1334474285714,34.5714285714286,24.4886325714286,29.0,40,,,,,14828,2014-04-13,5208608,Goianesia,GO,2014,16
1396742400000,201415,65.0,65,65,65,0.96354973,91.45269,0,4,520860820141519589,2023-08-20,Goianésia,0,1.4067986,71075,20.5714285714286,88.2857142857143,1,1,2,70.485928,37.1428571428571,24.0806597142857,29.1428571428571,60,,,,,14828,2014-04-06,5208608,Goianesia,GO,2014,15
1396137600000,201414,44.0,44,44,44,0.55442196,61.906437,0,4,520860820141419589,2023-08-20,Goianésia,0,1.0296798,71075,20.1428571428571,89.2857142857143,1,0,2,74.6359222857143,46.0,23.0129837142857,28.0,33,,,,,14828,2014-03-30,5208608,Goianesia,GO,2014,14
1395532800000,201413,46.0,46,46,46,0.7975078,64.72037,0,4,520860820141319589,2023-08-20,Goianésia,0,1.198139,71075,19.8571428571429,90.8571428571429,1,0,2,77.2736085714286,45.8571428571429,22.1759181428571,26.7142857142857,42,,,,,14828,2014-03-23,5208608,Goianesia,GO,2014,13
1394928000000,201412,49.0,49,49,49,0.83901614,68.94126,0,1,520860820141219589,2023-08-20,Goianésia,0,1.233532,71075,19.5714285714286,85.2857142857143,1,0,2,67.9831368571429,38.7142857142857,23.3476074285714,29.2857142857143,34,,,,,14828,2014-03-16,5208608,Goianesia,GO,2014,12
1394323200000,201411,31.0,31,31,31,0.041789368,43.6159,0,1,520860820141119589,2023-08-20,Goianésia,0,0.6730782,71075,19.8571428571429,83.8571428571429,0,0,1,63.4616961428571,34.4285714285714,24.1478344285714,28.8571428571429,24,,,,,14828,2014-03-09,5208608,Goianesia,GO,2014,11
1393718400000,201410,36.0,36,36,36,0.030374223,50.650723,0,1,520860820141019589,2023-08-20,Goianésia,0,0.67150074,71075,19.8571428571429,89.7142857142857,1,0,1,74.45122,44.5714285714286,23.0490265714286,27.5714285714286,27,,,,,14828,2014-03-02,5208608,Goianesia,GO,2014,10
1393113600000,201409,51.0,51,51,51,0.067837544,71.75519,0,4,520860820140919589,2023-08-20,Goianésia,0,0.75966656,71075,19.2857142857143,83.0,0,0,2,64.8678975714286,38.8571428571429,23.6188598571429,28.4285714285714,38,,,,,14828,2014-02-23,5208608,Goianesia,GO,2014,9
1392508800000,201408,48.0,48,48,48,0.0004876082,67.534294,0,4,520860820140819589,2023-08-20,Goianésia,0,0.5597208,71075,19.1428571428571,92.4285714285714,1,0,2,76.7170394285714,51.0,22.0341674285714,26.4285714285714,37,,,,,14828,2014-02-16,5208608,Goianesia,GO,2014,8
1391904000000,201407,61.0,61,61,61,0.0031394088,85.82484,0,4,520860820140719589,2023-08-20,Goianésia,0,0.6428292,71075,18.1428571428571,89.4285714285714,1,0,2,64.5335765714286,38.1428571428571,23.330237,28.4285714285714,53,,,,,14828,2014-02-09,5208608,Goianesia,GO,2014,7
1391299200000,201406,91.0,91,91,91,0.73872125,128.03377,0,4,520860820140619589,2023-08-20,Goianésia,0,1.1017314,71075,18.4285714285714,77.8571428571429,0,0,2,50.6020405714286,21.7142857142857,24.4540815714286,30.1428571428571,72,,,,,14828,2014-02-02,5208608,Goianesia,GO,2014,6
1390694400000,201405,111.0,111,111,111,0.99998695,156.17305,0,4,520860820140519589,2023-08-20,Goianésia,0,1.9440433,71075,18.5714285714286,79.5714285714286,0,1,2,59.0306118571429,32.8571428571429,23.2653058571429,28.5714285714286,88,,,,,14828,2014-01-26,5208608,Goianesia,GO,2014,5
1390089600000,201404,93.0,93,93,93,0.9999999,130.8477,0,4,520860820140419589,2023-08-20,Goianésia,0,2.6417775,71075,18.1428571428571,93.1428571428571,1,1,2,74.4857485714286,36.5714285714286,21.7493897142857,27.1428571428571,73,,,,,14828,2014-01-19,5208608,Goianesia,GO,2014,4
1389484800000,201403,49.0,49,49,49,0.9996086,68.94126,0,1,520860820140319589,2023-08-20,Goianésia,0,2.292284,71075,19.0,84.8571428571429,0,1,2,61.93049,32.1428571428571,23.8968517142857,29.8571428571429,41,,,,,14828,2014-01-12,5208608,Goianesia,GO,2014,3
1388880000000,201402,33.0,33,33,33,0.9960062,46.42983,0,1,520860820140219589,2023-08-20,Goianésia,0,2.198459,71075,18.2857142857143,83.8571428571429,0,1,1,55.7462791428571,25.7142857142857,24.1043958571429,29.7142857142857,26,,,,,14828,2014-01-05,5208608,Goianesia,GO,2014,2
1388275200000,201401,19.0,19,19,19,0.75099164,26.732325,0,2,520860820140119589,2023-08-20,Goianésia,0,1.2586106,71075,18.5714285714286,89.8571428571429,1,0,1,65.0826708571429,34.4285714285714,24.1233797142857,29.8571428571429,18,,,,,14828,2013-12-29,5208608,Goianesia,GO,2014,1
