data_iniSE,se_codigo,casos_est,casos_est_min,casos_est_max,casos,p_rt1,p_inc100k,Localidade_id,nivel,id,versao_modelo,municipio_nome,tweet,Rt,pop,tempmin,umidmax,receptivo,transmissao,nivel_inc,umidmed,umidmin,tempmed,tempmax,casprov,casprov_est,casprov_est_min,casprov_est_max,casconf,notif_accum_year,data_ini_se,cod_ibge,municipio,uf,ano,semana
1786233600000,202632,1.0,1,1,1,0.0016934334,0.9187292,0,1,521760920263220683,2026-08-18,Planaltina,,0.10862678,108846,0.0,0.0,0,0,0,0.0,0.0,0.0,0.0,1,,,,,16380,2026-08-09,5217609,Planaltina,GO,2026,32
1785628800000,202631,2.0,2,2,2,0.0017974962,1.8374584,0,1,521760920263120683,2026-08-18,Planaltina,,0.16780278,108846,17.4424666666667,38.9657833333333,0,0,0,36.6620666666667,33.9823,18.24755,19.2527,2,,,,,16380,2026-08-02,5217609,Planaltina,GO,2026,31
1785024000000,202630,14.0,14,14,14,0.43212965,12.862209,0,1,521760920263020683,2026-08-18,Planaltina,,0.9392287,108846,23.0554571428571,40.4903,0,0,1,40.4903,40.4903,23.0554571428571,23.0554571428571,14,,,,,16380,2026-07-26,5217609,Planaltina,GO,2026,30
1784419200000,202629,9.0,9,9,9,0.047075868,8.268563,0,1,521760920262920683,2026-08-18,Planaltina,,0.5177138,108846,20.8052,48.3199714285714,0,0,1,48.3199714285714,48.3199714285714,20.8052,20.8052,7,,,,,16380,2026-07-19,5217609,Planaltina,GO,2026,29
1783814400000,202628,15.0,15,15,15,0.26541644,13.780938,0,1,521760920262820683,2026-08-18,Planaltina,,0.8071681,108846,21.2457285714286,51.1379428571429,0,0,1,51.1379428571429,51.1379428571429,21.2457285714286,21.2457285714286,9,,,,,16380,2026-07-12,5217609,Planaltina,GO,2026,28
1783209600000,202627,21.0,21,21,21,0.47489366,19.293314,0,1,521760920262720683,2026-08-18,Planaltina,,0.98103046,108846,21.0555571428571,53.0429,0,0,1,53.0429,53.0429,21.0555571428571,21.0555571428571,17,,,,,16380,2026-07-05,5217609,Planaltina,GO,2026,27
1782604800000,202626,15.0,15,15,15,0.056106992,13.780938,0,1,521760920262620683,2026-08-18,Planaltina,,0.60312194,108846,19.6478428571429,58.4700142857143,0,0,1,58.4700142857143,58.4700142857143,19.6478428571429,19.6478428571429,13,,,,,16380,2026-06-28,5217609,Planaltina,GO,2026,26
1782000000000,202625,21.0,21,21,21,0.21133937,19.293314,0,1,521760920262520683,2026-08-18,Planaltina,,0.7933681,108846,21.4119571428571,61.6847428571429,0,0,1,61.6847428571429,61.6847428571429,21.4119571428571,21.4119571428571,19,,,,,16380,2026-06-21,5217609,Planaltina,GO,2026,25
1781395200000,202624,28.0,28,28,28,0.6448727,25.724419,0,1,521760920262420683,2026-08-18,Planaltina,,1.1063167,108846,21.2753571428571,69.3996,0,0,1,69.3996,69.3996,21.2753571428571,21.2753571428571,16,,,,,16380,2026-06-14,5217609,Planaltina,GO,2026,24
1780790400000,202623,25.0,25,25,25,0.739457,22.968231,0,1,521760920262320683,2026-08-18,Planaltina,,1.2074544,108846,18.5135,72.9445285714286,0,0,1,67.2963714285714,61.5651,19.9678714285714,21.6873571428571,17,,,,,16380,2026-06-07,5217609,Planaltina,GO,2026,23
1780185600000,202622,31.0,31,31,31,0.96815026,28.480606,0,1,521760920262220683,2026-08-18,Planaltina,,1.7048857,108846,16.6239285714286,76.5719,0,1,1,59.3635,39.6615,20.9136285714286,25.6025,15,,,,,16380,2026-05-31,5217609,Planaltina,GO,2026,22
1779580800000,202621,19.0,19,19,19,0.25142032,17.455854,0,1,521760920262120683,2026-08-18,Planaltina,,0.8150438,108846,17.9616,82.6298714285714,0,0,1,64.1927571428571,44.9587142857143,21.9157714285714,26.3166,8,,,,,16380,2026-05-24,5217609,Planaltina,GO,2026,21
1778976000000,202620,13.0,13,13,13,0.005833276,11.94348,0,1,521760920262020683,2026-08-18,Planaltina,,0.44884926,108846,18.5198857142857,81.7051428571429,0,0,1,61.2115857142857,40.0267285714286,23.0890285714286,27.8887571428571,10,,,,,16380,2026-05-17,5217609,Planaltina,GO,2026,20
1778371200000,202619,17.0,17,17,17,0.08062566,15.618397,0,1,521760920261920683,2026-08-18,Planaltina,,0.6521088,108846,17.9909571428571,83.5983571428571,0,0,1,61.7886142857143,38.4638,23.0485714285714,28.3336714285714,10,,,,,16380,2026-05-10,5217609,Planaltina,GO,2026,19
1777766400000,202618,47.0,47,47,47,0.9991364,43.18027,0,1,521760920261820683,2026-08-18,Planaltina,,2.182592,108846,21.8104714285714,64.1719,0,1,1,64.1719,64.1719,21.8104714285714,21.8104714285714,35,,,,,16380,2026-05-03,5217609,Planaltina,GO,2026,18
1777161600000,202617,16.0,16,16,16,0.38603154,14.699667,0,1,521760920261720683,2026-08-18,Planaltina,,0.90602666,108846,22.1024,70.1205,0,0,1,70.1205,70.1205,22.1024,22.1024,11,,,,,16380,2026-04-26,5217609,Planaltina,GO,2026,17
1776556800000,202616,27.0,27,27,27,0.93338823,24.805689,0,1,521760920261620683,2026-08-18,Planaltina,,1.5734932,108846,18.2779857142857,83.3346428571429,0,0,1,65.9052,44.9551,22.8077142857143,27.5761285714286,19,,,,,16380,2026-04-19,5217609,Planaltina,GO,2026,16
1775952000000,202615,15.0,15,15,15,0.26334476,13.780938,0,2,521760920261520683,2026-08-18,Planaltina,,0.80551016,108846,18.8115285714286,89.1411857142857,1,0,1,75.0196714285714,57.7099,22.3435857142857,26.1345857142857,12,,,,,16380,2026-04-12,5217609,Planaltina,GO,2026,15
1775347200000,202614,11.0,11,11,11,0.13903536,10.106021,0,2,521760920261420683,2026-08-18,Planaltina,,0.66301143,108846,18.8743,92.5874,1,0,1,78.0287428571429,58.4340714285714,22.8548428571429,27.4725142857143,10,,,,,16380,2026-04-05,5217609,Planaltina,GO,2026,14
1774742400000,202613,29.0,29,29,29,0.9879993,26.643147,0,2,521760920261320683,2026-08-18,Planaltina,,2.0112402,108846,18.3405,90.9977285714286,1,1,1,75.5272285714286,56.1841285714286,22.3282714285714,26.9909857142857,22,,,,,16380,2026-03-29,5217609,Planaltina,GO,2026,13
1774137600000,202612,11.0,11,11,11,0.2936468,10.106021,0,2,521760920261220683,2026-08-18,Planaltina,,0.80606985,108846,18.5647285714286,94.7240714285714,1,0,1,80.2536428571429,64.4835571428571,21.984,25.8141571428571,4,,,,,16380,2026-03-22,5217609,Planaltina,GO,2026,12
1773532800000,202611,16.0,16,16,16,0.72843707,14.699667,0,2,521760920261120683,2026-08-18,Planaltina,,1.2511805,108846,19.2224142857143,96.5317142857143,1,0,1,82.2908285714286,60.8057,22.6030285714286,26.9573,10,,,,,16380,2026-03-15,5217609,Planaltina,GO,2026,11
1772928000000,202610,12.0,12,12,12,0.6342503,11.024751,0,2,521760920261020683,2026-08-18,Planaltina,,1.1531203,108846,19.3801428571429,96.3005428571429,1,0,1,81.3344142857143,61.1042285714286,22.9409714285714,27.3034571428571,12,,,,,16380,2026-03-08,5217609,Planaltina,GO,2026,10
1772323200000,202609,16.0,16,16,16,0.94922537,14.699667,0,2,521760920260920683,2026-08-18,Planaltina,,1.9593308,108846,19.1614285714286,96.2806428571429,1,0,1,80.3211,60.7142857142857,22.7249714285714,26.9423428571429,15,,,,,16380,2026-03-01,5217609,Planaltina,GO,2026,9
1771718400000,202608,9.0,9,9,9,0.6614257,8.268563,0,2,521760920260820683,2026-08-18,Planaltina,,1.2228172,108846,19.1897285714286,96.8870857142857,1,0,1,87.8110142857143,72.7982857142857,21.1771714285714,24.6525142857143,9,,,,,16380,2026-02-22,5217609,Planaltina,GO,2026,8
1771113600000,202607,8.0,8,8,8,0.5043301,7.3498335,0,2,521760920260720683,2026-08-18,Planaltina,,1.0053076,108846,19.0296,89.4905142857143,1,0,1,74.9011285714286,57.0759571428571,22.8300571428571,26.9364714285714,8,,,,,16380,2026-02-15,5217609,Planaltina,GO,2026,7
1770508800000,202606,6.0,6,6,6,0.2804655,5.5123754,0,2,521760920260620683,2026-08-18,Planaltina,,0.73926574,108846,18.3096,95.0539571428571,1,0,1,80.2775714285714,61.8527285714286,22.0802142857143,26.1192714285714,5,,,,,16380,2026-02-08,5217609,Planaltina,GO,2026,6
1769904000000,202605,8.0,8,8,8,0.50662595,7.3498335,0,2,521760920260520683,2026-08-18,Planaltina,,1.0081387,108846,19.3710428571429,96.3689285714286,1,0,1,83.807,66.1484857142857,22.2092428571429,25.6605,5,,,,,16380,2026-02-01,5217609,Planaltina,GO,2026,5
1769299200000,202604,11.0,11,11,11,0.6889834,10.106021,0,1,521760920260420683,2026-08-18,Planaltina,,1.2426999,108846,18.9092428571429,93.2916,1,0,1,76.9508714285714,56.6064714285714,22.9774142857143,27.7696285714286,5,,,,,16380,2026-01-25,5217609,Planaltina,GO,2026,4
1768694400000,202603,3.0,3,3,3,0.06269501,2.7561877,0,1,521760920260320683,2026-08-18,Planaltina,,0.38817483,108846,19.0727,95.1287142857143,1,0,0,84.9913857142857,72.4776714285714,21.4798428571429,24.2956714285714,0,,,,,16380,2026-01-18,5217609,Planaltina,GO,2026,3
1768089600000,202602,13.0,13,13,13,0.9760085,11.94348,0,1,521760920260220683,2026-08-18,Planaltina,,2.6152327,108846,18.9751,86.1055,0,1,1,66.5888285714286,46.8896142857143,23.7237142857143,28.3229428571429,5,,,,,16380,2026-01-11,5217609,Planaltina,GO,2026,2
1767484800000,202601,9.0,9,9,9,0.86614436,8.268563,0,2,521760920260120683,2026-08-18,Planaltina,,1.7977825,108846,18.8581714285714,94.451,1,0,1,80.7023142857143,62.7800857142857,21.8174,25.3336714285714,4,,,,,16380,2026-01-04,5217609,Planaltina,GO,2026,1
1766880000000,202553,3.0,3,3,3,0.045930404,2.7561877,0,2,521760920255320683,2026-08-18,Planaltina,,0.35957664,108846,20.3016285714286,89.8232,1,0,0,71.5376571428571,51.8590142857143,24.7588285714286,29.4534857142857,3,,,,,16380,2025-12-28,5217609,Planaltina,GO,2025,53
1766275200000,202552,1.0,1,1,1,0.0010155218,0.9187292,0,2,521760920255220683,2026-08-18,Planaltina,,0.10056757,108846,18.8177428571429,89.1309857142857,1,0,0,69.3336142857143,49.1564857142857,23.6575142857143,28.5600285714286,1,,,,,16380,2025-12-21,5217609,Planaltina,GO,2025,52
1765670400000,202551,11.0,11,11,11,0.73441154,10.106021,0,2,521760920255120683,2026-08-18,Planaltina,,1.3234011,108846,19.8072,97.0112428571429,1,0,1,82.3928142857143,62.2563,22.5166714285714,26.0887571428571,6,,,,,16380,2025-12-14,5217609,Planaltina,GO,2025,51
1765065600000,202550,13.0,13,13,13,0.92783946,11.94348,0,2,521760920255020683,2026-08-18,Planaltina,,1.9359931,108846,19.1887,95.5587571428571,1,0,1,81.6122428571429,63.2461285714286,22.1885142857143,26.1741428571429,13,,,,,16380,2025-12-07,5217609,Planaltina,GO,2025,50
1764460800000,202549,7.0,7,7,7,0.48362565,6.4311047,0,1,521760920254920683,2026-08-18,Planaltina,,0.9790309,108846,19.6474857142857,95.2384571428571,1,0,1,82.6770285714286,65.2984428571429,22.4260857142857,25.8806142857143,4,,,,,16380,2025-11-30,5217609,Planaltina,GO,2025,49
1763856000000,202548,6.0,6,6,6,0.3207881,5.5123754,0,1,521760920254820683,2026-08-18,Planaltina,,0.78262633,108846,19.2052571428571,95.6789285714286,1,0,1,80.7434,59.4187,22.5348428571429,27.1273714285714,2,,,,,16380,2025-11-23,5217609,Planaltina,GO,2025,48
1763251200000,202547,5.0,5,5,5,0.4192317,4.593646,0,1,521760920254720683,2026-08-18,Planaltina,,0.88668466,108846,20.2735142857143,79.9437857142857,0,0,1,61.3962714285714,42.112,24.7799857142857,29.3874714285714,4,,,,,16380,2025-11-16,5217609,Planaltina,GO,2025,47
1762646400000,202546,13.0,13,13,13,0.99461013,11.94348,0,1,521760920254620683,2026-08-18,Planaltina,,3.9048476,108846,19.7261142857143,84.8034,0,1,1,68.5397714285714,48.8230714285714,23.6559142857143,28.2257,5,,,,,16380,2025-11-09,5217609,Planaltina,GO,2025,46
1762041600000,202545,3.0,3,3,3,0.7059389,2.7561877,0,1,521760920254520683,2026-08-18,Planaltina,,1.5742958,108846,20.1473,92.6845571428571,1,0,0,75.4614714285714,53.5890571428571,23.8428142857143,28.5874285714286,1,,,,,16380,2025-11-02,5217609,Planaltina,GO,2025,45
1761436800000,202544,4.0,4,4,4,0.85840154,3.6749167,0,1,521760920254420683,2026-08-18,Planaltina,,2.3894422,108846,20.7884857142857,70.7463428571428,0,0,0,51.2014,31.7683857142857,25.6954285714286,31.1978428571429,2,,,,,16380,2025-10-26,5217609,Planaltina,GO,2025,44
1760832000000,202543,1.0,1,1,1,0.1574448,0.9187292,0,1,521760920254320683,2026-08-18,Planaltina,,0.37494162,108846,17.5899857142857,81.7788285714286,0,0,0,63.9358142857143,45.2173285714286,21.5684857142857,26.1386,1,,,,,16380,2025-10-19,5217609,Planaltina,GO,2025,43
1760227200000,202542,1.0,1,1,1,0.08350855,0.9187292,0,1,521760920254220683,2026-08-18,Planaltina,,0.27917892,108846,20.6234428571429,75.3379142857143,0,0,0,55.0230142857143,35.5616142857143,25.3608142857143,30.3536142857143,0,,,,,16380,2025-10-12,5217609,Planaltina,GO,2025,42
1759622400000,202541,2.0,2,2,2,0.29189003,1.8374584,0,1,521760920254120683,2026-08-18,Planaltina,,0.6374305,108846,20.3405428571429,50.9674142857143,0,0,0,34.4999571428571,22.2438285714286,26.5942571428571,32.3793428571429,1,,,,,16380,2025-10-05,5217609,Planaltina,GO,2025,41
1759017600000,202540,6.0,6,6,6,0.9203715,5.5123754,0,1,521760920254020683,2026-08-18,Planaltina,,2.6702816,108846,18.6448571428571,44.7812428571429,0,0,1,30.5574571428571,17.7660571428571,25.1694428571429,31.7028714285714,0,,,,,16380,2025-09-28,5217609,Planaltina,GO,2025,40
1758412800000,202539,2.0,2,2,2,0.6853801,1.8374584,0,1,521760920253920683,2026-08-18,Planaltina,,1.6105213,108846,19.6926285714286,73.4357714285714,0,0,0,55.1622857142857,36.8550285714286,24.5235571428571,29.7041857142857,2,,,,,16380,2025-09-21,5217609,Planaltina,GO,2025,39
1757808000000,202538,3.0,3,3,3,0.94806284,2.7561877,0,1,521760920253820683,2026-08-18,Planaltina,,5.809929,108846,21.3669,54.6039142857143,0,0,0,39.6702571428571,25.4549285714286,26.0052,31.0791142857143,2,,,,,16380,2025-09-14,5217609,Planaltina,GO,2025,38
1757203200000,202537,1.0,1,1,1,0.66345644,0.9187292,0,1,521760920253720683,2026-08-18,Planaltina,,1.6893992,108846,19.3081428571429,42.0059428571429,0,0,0,28.5189142857143,17.9146571428571,25.9664714285714,32.5023571428571,1,,,,,16380,2025-09-07,5217609,Planaltina,GO,2025,37
1756598400000,202536,0.0,0,0,0,0.0,0.0,0,1,521760920253620683,2026-08-18,Planaltina,,0.0,108846,18.7200285714286,54.4421857142857,0,0,0,40.3015714285714,26.5489142857143,23.5323142857143,28.7084428571429,0,,,,,16380,2025-08-31,5217609,Planaltina,GO,2025,36
1755993600000,202535,0.0,0,0,0,0.0,0.0,0,1,521760920253520683,2026-08-18,Planaltina,,0.0,108846,18.2524285714286,49.9900428571429,0,0,0,36.0690857142857,23.7883571428571,24.0529428571429,29.8522285714286,0,,,,,16380,2025-08-24,5217609,Planaltina,GO,2025,35
1755388800000,202534,2.0,2,2,2,0.8912756,1.8374584,0,1,521760920253420683,2026-08-18,Planaltina,,4.2430058,108846,15.7382285714286,49.6521714285714,0,0,0,33.7546857142857,19.8426285714286,22.4417,29.0560285714286,1,,,,,16380,2025-08-17,5217609,Planaltina,GO,2025,34
1754784000000,202533,1.0,1,1,1,0.6137244,0.9187292,0,1,521760920253320683,2026-08-18,Planaltina,,1.4197745,108846,16.2228285714286,50.0176428571429,0,0,0,36.5321428571429,23.0136428571429,22.5580714285714,28.9935285714286,0,,,,,16380,2025-08-10,5217609,Planaltina,GO,2025,33
1754179200000,202532,0.0,0,0,0,0.0,0.0,0,1,521760920253220683,2026-08-18,Planaltina,,0.0,108846,16.5348285714286,57.5292142857143,0,0,0,41.8506,26.9683857142857,22.1728285714286,27.5540714285714,0,,,,,16380,2025-08-03,5217609,Planaltina,GO,2025,32
1753574400000,202531,0.0,0,0,0,0.0,0.0,0,1,521760920253120676,2026-08-11,Planaltina,,0.0,108846,16.5169,59.6610285714286,0,0,0,42.4892428571429,26.1824714285714,22.3367857142857,28.2950428571429,0,,,,,16380,2025-07-27,5217609,Planaltina,GO,2025,31
1752969600000,202530,2.0,2,2,2,0.6876808,1.8374584,0,1,521760920253020671,2026-08-06,Planaltina,,1.6219114,108846,15.2389714285714,64.9032142857143,0,0,0,45.2975857142857,27.6374,21.4981857142857,27.8513,1,,,,,16380,2025-07-20,5217609,Planaltina,GO,2025,30
1752364800000,202529,3.0,3,3,3,0.9608677,2.7561877,0,1,521760920252920662,2026-07-28,Planaltina,,7.2531514,108846,13.6135714285714,65.6450428571429,0,0,0,47.8100428571429,29.1430142857143,19.3929428571429,25.3311857142857,2,,,,,16380,2025-07-13,5217609,Planaltina,GO,2025,29
1751760000000,202528,1.0,1,1,1,0.8773105,0.9187292,0,1,521760920252820654,2026-07-20,Planaltina,,5.295472,108846,14.7625571428571,64.7076,0,0,0,48.7426714285714,32.0909,19.5716428571429,24.9438571428571,0,,,,,16380,2025-07-06,5217609,Planaltina,GO,2025,28
1751155200000,202527,0.0,0,0,0,0.0,0.0,0,1,521760920252720647,2026-07-13,Planaltina,,0.0,108846,15.2285714285714,66.1857142857143,0,0,0,50.6034714285714,32.9973285714286,20.3250571428571,25.9320714285714,0,,,,,16380,2025-06-29,5217609,Planaltina,GO,2025,27
1750550400000,202526,0.0,0,0,0,0.0,0.0,0,1,521760920252620642,2026-07-08,Planaltina,,0.0,108846,16.4831285714286,73.0059714285714,0,0,0,55.0279857142857,35.9098571428571,21.5217428571429,27.0192428571429,0,,,,,16380,2025-06-22,5217609,Planaltina,GO,2025,26
1749945600000,202525,0.0,0,0,0,0.0,0.0,0,1,521760920252520636,2026-07-02,Planaltina,,0.0,108846,14.9836285714286,69.4707857142857,0,0,0,54.5792571428571,35.6925428571429,19.886,25.2351285714286,0,,,,,16380,2025-06-15,5217609,Planaltina,GO,2025,25
1749340800000,202524,2.0,2,2,2,0.1994189,1.8374584,0,1,521760920252420627,2026-06-23,Planaltina,,0.5151223,108846,16.7703571428571,73.4677,0,0,0,56.1890857142857,37.6277714285714,21.4509857142857,26.4087857142857,2,,,,,16380,2025-06-08,5217609,Planaltina,GO,2025,24
1748736000000,202523,6.0,6,6,6,0.78055984,5.5123754,0,1,521760920252320621,2026-06-17,Planaltina,,1.6198994,108846,17.3152714285714,79.7355,0,0,1,61.2756428571429,41.1146571428571,22.0442714285714,27.1480428571429,3,,,,,16380,2025-06-01,5217609,Planaltina,GO,2025,23
1748131200000,202522,2.0,2,2,2,0.24662966,1.8374584,0,1,521760920252220619,2026-06-15,Planaltina,,0.5761157,108846,16.392,79.3247428571429,0,0,0,60.4226714285714,39.5746857142857,21.4248857142857,26.5122857142857,0,,,,,16380,2025-05-25,5217609,Planaltina,GO,2025,22
1747526400000,202521,6.0,6,6,6,0.66619086,5.5123754,0,1,521760920252120608,2026-06-04,Planaltina,,1.2890487,108846,16.2235142857143,76.653,0,0,1,59.9993,40.2487857142857,20.9450571428571,26.1677285714286,1,,,,,16380,2025-05-18,5217609,Planaltina,GO,2025,21
1746921600000,202520,1.0,1,1,1,0.0218071,0.9187292,0,1,521760920252020599,2026-05-26,Planaltina,,0.18119033,108846,17.8169714285714,78.6043142857143,0,0,0,63.8343428571429,45.7693428571429,21.5807571428571,25.7596857142857,1,,,,,16380,2025-05-11,5217609,Planaltina,GO,2025,20
1746316800000,202519,4.0,4,4,4,0.41056016,3.6749167,0,1,521760920251920592,2026-05-19,Planaltina,,0.86348236,108846,17.8616285714286,78.6857142857143,0,0,0,63.5172,45.1465857142857,22.2827428571429,27.0443857142857,4,,,,,16380,2025-05-04,5217609,Planaltina,GO,2025,19
1745712000000,202518,10.0,10,10,10,0.8823507,9.187292,0,2,521760920251820587,2026-05-14,Planaltina,,1.8212905,108846,19.1779142857143,92.7794142857143,1,0,1,78.277,59.8326,22.6775714285714,26.7411428571429,10,,,,,16380,2025-04-27,5217609,Planaltina,GO,2025,18
1745107200000,202517,1.0,1,1,1,0.0050928327,0.9187292,0,1,521760920251720578,2026-05-05,Planaltina,,0.13127984,108846,19.5495428571429,90.1722714285714,1,0,0,74.8081428571429,55.4856,23.4873571428571,27.7455571428571,1,,,,,16380,2025-04-20,5217609,Planaltina,GO,2025,17
1744502400000,202516,4.0,4,4,4,0.12558232,3.6749167,0,1,521760920251620571,2026-04-28,Planaltina,,0.51559526,108846,19.2943714285714,95.9307142857143,1,0,0,83.1415857142857,63.9782714285714,22.5901428571429,26.6735428571429,4,,,,,16380,2025-04-13,5217609,Planaltina,GO,2025,16
1743897600000,202515,11.0,11,11,11,0.7623993,10.106021,0,1,521760920251520566,2026-04-23,Planaltina,,1.3809582,108846,19.4418,86.5689,0,0,1,70.4306857142857,50.4844857142857,23.3460428571429,27.8678,10,,,,,16380,2025-04-06,5217609,Planaltina,GO,2025,15
1743292800000,202514,8.0,8,8,8,0.24180952,7.3498335,0,1,521760920251420557,2026-04-14,Planaltina,,0.72871304,108846,19.7235,83.1703142857143,0,0,1,65.9170857142857,45.8441714285714,24.2216714285714,28.7827857142857,7,,,,,16380,2025-03-30,5217609,Planaltina,GO,2025,14
1742688000000,202513,4.0,4,4,4,0.0060129813,3.6749167,0,1,521760920251320552,2026-04-09,Planaltina,,0.283509,108846,19.8258142857143,96.0077,1,0,0,81.1743285714286,61.5301857142857,23.0662428571429,27.0640285714286,1,,,,,16380,2025-03-23,5217609,Planaltina,GO,2025,13
1742083200000,202512,12.0,12,12,12,0.2836037,11.024751,0,1,521760920251220543,2026-03-31,Planaltina,,0.8042989,108846,20.4791285714286,80.7196285714286,0,0,1,61.5132285714286,40.8317285714286,25.2006857142857,30.0837,9,,,,,16380,2025-03-16,5217609,Planaltina,GO,2025,12
1741478400000,202511,16.0,16,16,16,0.5527405,14.699667,0,1,521760920251120535,2026-03-23,Planaltina,,1.0479112,108846,20.9828428571429,79.1563142857143,0,0,1,59.2595285714286,36.9854857142857,25.7046428571429,30.9122285714286,11,,,,,16380,2025-03-09,5217609,Planaltina,GO,2025,11
1740873600000,202510,16.0,16,16,16,0.3965726,14.699667,0,1,521760920251020529,2026-03-17,Planaltina,,0.9143564,108846,20.0547428571429,69.6006428571429,0,0,1,58.2109,43.2088714285714,23.8970714285714,28.2150428571429,13,,,,,16380,2025-03-02,5217609,Planaltina,GO,2025,10
1740268800000,202509,12.0,12,12,12,0.06250832,11.024751,0,1,521760920250920521,2026-03-09,Planaltina,,0.5827454,108846,19.7519,85.0177714285714,0,0,1,66.9885857142857,48.9469285714286,24.0008142857143,28.6221571428571,12,,,,,16380,2025-02-23,5217609,Planaltina,GO,2025,9
1739664000000,202508,19.0,19,19,19,0.27898094,17.455854,0,1,521760920250820516,2026-03-04,Planaltina,,0.8353476,108846,18.9264285714286,81.9214,0,0,1,61.8092857142857,40.3942142857143,24.3218571428571,29.5979,19,,,,,16380,2025-02-16,5217609,Planaltina,GO,2025,8
1739059200000,202507,19.0,19,19,19,0.30307573,17.455854,0,2,521760920250720508,2026-02-24,Planaltina,,0.85288686,108846,19.1456571428571,87.9896571428571,1,0,1,71.3708714285714,51.6896714285714,23.2809571428571,27.7111857142857,19,,,,,16380,2025-02-09,5217609,Planaltina,GO,2025,7
1738454400000,202506,27.0,27,27,27,0.8397897,24.805689,0,2,521760920250620503,2026-02-19,Planaltina,,1.3338042,108846,18.5646142857143,90.2026571428571,1,0,1,73.9269714285714,54.9333285714286,22.5251,26.6754285714286,27,,,,,16380,2025-02-02,5217609,Planaltina,GO,2025,6
1737849600000,202505,21.0,21,21,21,0.77385,19.293314,0,2,521760920250520495,2026-02-11,Planaltina,,1.2760503,108846,19.8890428571429,94.3156857142857,1,0,1,80.1679857142857,63.4777428571429,22.9887571428571,26.2470857142857,18,,,,,16380,2025-01-26,5217609,Planaltina,GO,2025,5
1737244800000,202504,22.0,22,22,22,0.96714175,20.212042,0,2,521760920250420491,2026-02-07,Planaltina,,1.9027091,108846,18.9988857142857,92.4656285714286,1,1,1,75.4238142857143,55.1233,23.4417142857143,28.6367142857143,13,,,,,16380,2025-01-19,5217609,Planaltina,GO,2025,4
1736640000000,202503,18.0,18,18,18,0.9674345,16.537127,0,2,521760920250320486,2026-02-02,Planaltina,,2.0643907,108846,19.2051142857143,97.5181714285714,1,1,1,89.2092571428571,74.6349714285714,21.2405,24.1698142857143,12,,,,,16380,2025-01-12,5217609,Planaltina,GO,2025,3
1736035200000,202502,10.0,10,10,10,0.31023705,9.187292,0,2,521760920250220459,2026-01-06,Planaltina,,0.81351763,108846,19.3990571428571,97.8729714285714,1,0,1,86.8840857142857,70.9361714285714,22.0388571428571,25.7195142857143,6,,,,,16380,2025-01-05,5217609,Planaltina,GO,2025,2
1735430400000,202501,7.0,7,7,7,0.0007987425,6.4311047,0,2,521760920250120459,2026-01-06,Planaltina,,0.29445687,108846,19.5983714285714,95.6146857142857,1,0,1,81.9481714285714,60.9491857142857,22.5663428571429,26.6311571428571,2,,,,,16380,2024-12-29,5217609,Planaltina,GO,2025,1
1734825600000,202452,4.0,4,4,4,4e-09,3.6749167,0,2,521760920245220437,2025-12-15,Planaltina,,0.104077935,108846,19.7067142857143,98.0990142857143,1,0,0,86.6378857142857,66.8077571428571,22.0462571428571,25.5462428571429,2,,,,,16380,2024-12-22,5217609,Planaltina,GO,2024,52
1734220800000,202451,26.0,26,26,26,0.003916807,23.88696,0,2,521760920245120437,2025-12-15,Planaltina,,0.5342685,108846,20.0878714285714,95.4863571428571,1,0,1,80.1496714285714,59.5161714285714,23.3250714285714,27.7201714285714,19,,,,,16380,2024-12-15,5217609,Planaltina,GO,2024,51
1733616000000,202450,35.0,35,35,35,0.15585877,32.15552,0,2,521760920245020437,2025-12-15,Planaltina,,0.79671526,108846,20.0719,88.4302,1,0,1,70.1106571428571,49.7912571428571,24.3675857142857,28.7619285714286,21,,,,,16380,2024-12-08,5217609,Planaltina,GO,2024,50
1733011200000,202449,62.0,62,62,62,0.9998829,56.961212,0,4,521760920244920431,2025-12-09,Planaltina,,2.233757,108846,19.6853428571429,92.8701714285714,1,1,2,76.5293714285714,57.1209714285714,23.3864142857143,27.3994142857143,27,,,,,16380,2024-12-01,5217609,Planaltina,GO,2024,49
1732406400000,202448,53.0,53,53,53,0.99999964,48.69265,0,2,521760920244820425,2025-12-03,Planaltina,,3.7849925,108846,19.5931,93.5878714285714,1,1,2,79.8523428571429,61.6059571428571,22.7301,26.9217714285714,40,,,,,16380,2024-11-24,5217609,Planaltina,GO,2024,48
1731801600000,202447,22.0,22,22,22,0.9977922,20.212042,0,2,521760920244720418,2025-11-26,Planaltina,,3.0521092,108846,19.3457857142857,94.8535714285714,1,1,1,79.7239285714286,62.7948714285714,22.7976857142857,26.5386,21,,,,,16380,2024-11-17,5217609,Planaltina,GO,2024,47
1731196800000,202446,10.0,10,10,10,0.9347581,9.187292,0,2,521760920244620410,2025-11-18,Planaltina,,2.2280362,108846,19.1696285714286,96.1941857142857,1,0,1,84.6561571428571,68.2776285714286,21.8246428571429,25.1707428571429,10,,,,,16380,2024-11-10,5217609,Planaltina,GO,2024,46
1730592000000,202445,7.0,7,7,7,0.886371,6.4311047,0,2,521760920244520403,2025-11-11,Planaltina,,2.106044,108846,19.6052714285714,94.4799285714286,1,0,1,81.8616857142857,64.2104714285714,22.3076714285714,26.1445,7,,,,,16380,2024-11-03,5217609,Planaltina,GO,2024,45
1729987200000,202444,2.0,2,2,2,0.5009199,1.8374584,0,1,521760920244420395,2025-11-03,Planaltina,,1.0020788,108846,19.5298,91.1663,1,0,0,76.9800571428571,61.0691428571429,22.7919857142857,26.4370714285714,2,,,,,16380,2024-10-27,5217609,Planaltina,GO,2024,44
1729382400000,202443,6.0,6,6,6,0.94606197,5.5123754,0,1,521760920244320389,2025-10-28,Planaltina,,3.2208266,108846,20.3567714285714,91.4214285714286,1,0,1,75.1862285714286,55.7917,23.8012857142857,28.0353571428571,6,,,,,16380,2024-10-20,5217609,Planaltina,GO,2024,43
1728777600000,202442,0.0,0,0,0,0.0,0.0,0,1,521760920244220381,2025-10-20,Planaltina,,0.0,108846,20.2020857142857,90.2739571428571,0,0,0,75.9885714285714,54.2356142857143,23.3741714285714,27.9437285714286,0,,,,,16380,2024-10-13,5217609,Planaltina,GO,2024,42
1728172800000,202441,1.0,1,1,1,0.017663602,0.9187292,0,1,521760920244120375,2025-10-14,Planaltina,,0.17173052,108846,22.1601714285714,71.3048571428571,0,0,0,52.3063857142857,35.0753142857143,27.1898571428571,32.2658142857143,1,,,,,16380,2024-10-06,5217609,Planaltina,GO,2024,41
1727568000000,202440,3.0,3,3,3,0.098267585,2.7561877,0,1,521760920244020367,2025-10-06,Planaltina,,0.4401999,108846,21.0154714285714,46.8285857142857,0,0,0,29.6185142857143,17.7006714285714,27.7568714285714,33.9893142857143,3,,,,,16380,2024-09-29,5217609,Planaltina,GO,2024,40
1726963200000,202439,7.0,7,7,7,0.5049691,6.4311047,0,1,521760920243920363,2025-10-02,Planaltina,,1.0064924,108846,20.7107142857143,44.5764142857143,0,0,1,28.8913285714286,16.7392142857143,27.6170857142857,34.1156571428571,7,,,,,16380,2024-09-22,5217609,Planaltina,GO,2024,39
1726358400000,202438,8.0,8,8,8,0.6289678,7.3498335,0,1,521760920243820353,2025-09-22,Planaltina,,1.1814629,108846,19.8838571428571,47.9697285714286,0,0,1,32.6580428571429,20.1537571428571,26.2065857142857,32.3326571428571,8,,,,,16380,2024-09-15,5217609,Planaltina,GO,2024,38
1725753600000,202437,5.0,5,5,5,0.4243,4.593646,0,1,521760920243720346,2025-09-15,Planaltina,,0.8933145,108846,17.6552142857143,43.7165285714286,0,0,1,31.7126428571429,20.5619571428571,24.2755142857143,30.6978571428571,5,,,,,16380,2024-09-08,5217609,Planaltina,GO,2024,37
1725148800000,202436,10.0,10,10,10,0.8055254,9.187292,0,1,521760920243620339,2025-09-08,Planaltina,,1.5170295,108846,16.9977857142857,42.8999428571429,0,0,1,27.4645428571429,14.7023428571429,24.6660857142857,31.9269857142857,9,,,,,16380,2024-09-01,5217609,Planaltina,GO,2024,36
1724544000000,202435,4.0,4,4,4,0.033766188,3.6749167,0,1,521760920243520332,2025-09-01,Planaltina,,0.37521285,108846,17.6895857142857,57.6859285714286,0,0,0,40.2135714285714,24.3695142857143,23.6872714285714,29.7793571428571,3,,,,,16380,2024-08-25,5217609,Planaltina,GO,2024,35
1723939200000,202434,2.0,2,2,2,0.0007839036,1.8374584,0,1,521760920243420328,2025-08-28,Planaltina,,0.15097141,108846,16.0545,48.4892428571429,0,0,0,32.1766,18.8913428571429,23.1947,30.1232285714286,1,,,,,16380,2024-08-18,5217609,Planaltina,GO,2024,34
1723334400000,202433,14.0,14,14,14,0.3047176,12.862209,0,1,521760920243320321,2025-08-21,Planaltina,,0.83359313,108846,16.6771285714286,53.7264428571429,0,0,1,37.6318285714286,22.3349428571429,23.0874142857143,29.8034,11,,,,,16380,2024-08-11,5217609,Planaltina,GO,2024,33
1722729600000,202432,16.0,16,16,16,0.02791027,14.699667,0,1,521760920243220312,2025-08-12,Planaltina,,0.56027573,108846,15.6219142857143,61.6903714285714,0,0,1,44.2744142857143,28.7234571428571,21.5046571428571,27.4523857142857,14,,,,,16380,2024-08-04,5217609,Planaltina,GO,2024,32
1722124800000,202431,7.0,7,7,7,9.4e-09,6.4311047,0,1,521760920243120305,2025-08-05,Planaltina,,0.15573111,108846,16.4166714285714,64.4937285714286,0,0,1,46.9905285714286,29.2750571428571,21.8128428571429,27.2562428571429,7,,,,,16380,2024-07-28,5217609,Planaltina,GO,2024,31
1721520000000,202430,27.0,27,27,27,0.0006631162,24.805689,0,1,521760920243020298,2025-07-29,Planaltina,,0.48434523,108846,13.9696857142857,60.9912,0,0,1,45.013,29.1560714285714,19.9572285714286,26.2006428571429,26,,,,,16380,2024-07-21,5217609,Planaltina,GO,2024,30
1720915200000,202429,47.0,47,47,47,0.10409178,43.18027,0,4,521760920242920291,2025-07-22,Planaltina,,0.7840016,108846,14.1616,64.2245,0,0,2,46.0278428571429,28.8947428571429,19.9690857142857,25.9597571428571,46,,,,,16380,2024-07-14,5217609,Planaltina,GO,2024,29
1720310400000,202428,67.0,67,67,67,0.33049467,61.55486,0,4,521760920242820283,2025-07-14,Planaltina,,0.92852765,108846,15.5126285714286,64.0278142857143,0,0,2,45.2312571428571,26.8237142857143,21.6164857142857,27.9113714285714,67,,,,,16380,2024-07-07,5217609,Planaltina,GO,2024,28
1719705600000,202427,52.0,52,52,52,0.0006931878,47.77392,0,4,521760920242720278,2025-07-09,Planaltina,,0.5795718,108846,15.0061285714286,64.9996285714286,0,0,2,47.2521,29.8615714285714,20.7269,26.7410142857143,50,,,,,16380,2024-06-30,5217609,Planaltina,GO,2024,27
1719100800000,202426,57.0,57,57,57,0.0007876217,52.367565,0,4,521760920242620269,2025-06-30,Planaltina,,0.59537894,108846,14.4854142857143,72.5585285714286,0,0,2,50.3029857142857,28.8238,20.7656,27.0557428571429,56,,,,,16380,2024-06-23,5217609,Planaltina,GO,2024,26
1718496000000,202425,116.0,116,116,116,0.8712751,106.572586,0,4,521760920242520262,2025-06-23,Planaltina,,1.1667743,108846,14.7154285714286,72.5492,0,0,2,54.2103857142857,35.1366571428571,20.1596285714286,25.638,113,,,,,16380,2024-06-16,5217609,Planaltina,GO,2024,25
1717891200000,202424,87.0,87,87,87,0.031783715,79.92944,0,4,521760920242420255,2025-06-16,Planaltina,,0.7688621,108846,15.8658285714286,74.3907,0,0,2,57.2904714285714,37.2871285714286,21.0353428571429,26.5916285714286,77,,,,,16380,2024-06-09,5217609,Planaltina,GO,2024,24
1717286400000,202423,99.0,99,99,99,0.02151596,90.95419,0,4,521760920242320249,2025-06-10,Planaltina,,0.7645767,108846,17.0811857142857,77.9008571428571,0,0,2,60.3963714285714,41.5484,21.1706,25.9184571428571,90,,,,,16380,2024-06-02,5217609,Planaltina,GO,2024,23
1716681600000,202422,96.0,96,96,96,0.0017131584,88.198006,0,4,521760920242220241,2025-06-02,Planaltina,,0.68170905,108846,16.2168428571429,75.1889428571429,0,0,2,54.7690285714286,33.9080857142857,21.6261428571429,27.2521714285714,93,,,,,16380,2024-05-26,5217609,Planaltina,GO,2024,22
1716076800000,202421,165.0,165,165,165,0.4730378,151.59032,0,4,521760920242120236,2025-05-28,Planaltina,,0.9926042,108846,17.7411142857143,77.5645428571429,0,0,2,58.1225,37.5423428571429,22.6234428571429,27.8271285714286,152,,,,,16380,2024-05-19,5217609,Planaltina,GO,2024,21
1715472000000,202420,101.0,101,101,101,1.41e-08,92.79165,0,4,521760920242020227,2025-05-19,Planaltina,,0.51622325,108846,17.3824285714286,75.9341142857143,0,0,2,55.9004142857143,35.3665,23.2205571428571,28.8157285714286,90,,,,,16380,2024-05-12,5217609,Planaltina,GO,2024,20
1714867200000,202419,180.0,180,180,180,0.0033956312,165.37126,0,4,521760920241920224,2025-05-16,Planaltina,,0.7659323,108846,17.4829571428571,74.8291571428571,0,0,2,58.4814857142857,39.1783571428571,22.4989142857143,28.0184142857143,170,,,,,16380,2024-05-05,5217609,Planaltina,GO,2024,19
1714262400000,202418,203.0,203,203,203,2.3851e-06,186.50203,0,4,521760920241820214,2025-05-06,Planaltina,,0.6639573,108846,18.4059571428571,79.4491142857143,0,0,2,60.1343857142857,38.9768428571429,23.7986,29.1754,167,,,,,16380,2024-04-28,5217609,Planaltina,GO,2024,18
1713657600000,202417,195.0,195,195,195,5.551115e-16,179.15219,0,4,521760920241720206,2025-04-28,Planaltina,,0.5050396,108846,18.8769571428571,82.7425428571429,0,0,2,66.7327428571429,48.2186,23.1963714285714,27.8777142857143,164,,,,,16380,2024-04-21,5217609,Planaltina,GO,2024,17
1713052800000,202416,308.0,308,308,308,3.319e-07,282.9686,0,4,521760920241620200,2025-04-22,Planaltina,,0.6938909,108846,19.9163142857143,85.089,0,0,2,70.6705285714286,53.7627142857143,23.6040857142857,27.6380857142857,288,,,,,16380,2024-04-14,5217609,Planaltina,GO,2024,16
1712448000000,202415,402.0,402,402,402,0.0023489464,369.32913,0,4,521760920241520192,2025-04-14,Planaltina,,0.82690793,108846,19.9467857142857,92.2014428571429,1,0,2,77.9238571428571,57.8088714285714,23.1555,27.1725142857143,377,,,,,16380,2024-04-07,5217609,Planaltina,GO,2024,15
1711843200000,202414,470.0,470,470,470,0.028615408,431.80273,0,4,521760920241420188,2025-04-10,Planaltina,,0.8866391,108846,20.0598714285714,96.5500142857143,1,0,2,84.5792,68.0228714285714,23.1905,27.0623142857143,450,,,,,16380,2024-03-31,5217609,Planaltina,GO,2024,14
1711238400000,202413,451.0,451,451,451,0.0009394368,414.34686,0,4,521760920241320178,2025-03-31,Planaltina,,0.8211999,108846,20.0278857142857,94.4110285714286,1,0,2,79.6945857142857,58.4494,23.2137285714286,27.3660285714286,422,,,,,16380,2024-03-24,5217609,Planaltina,GO,2024,13
1710633600000,202412,570.0,570,570,570,0.85288125,523.67566,0,4,521760920241220171,2025-03-24,Planaltina,,1.0651267,108846,20.7488428571429,94.5094285714286,1,0,2,79.0794285714286,59.4692142857143,24.4801714285714,28.6849571428571,539,,,,,16380,2024-03-17,5217609,Planaltina,GO,2024,12
1710028800000,202411,562.0,562,562,562,0.94167167,516.3258,0,4,521760920241120165,2025-03-18,Planaltina,,1.1005703,108846,20.8448857142857,92.7797428571428,1,0,2,76.2072571428571,55.7262,24.7288857142857,29.0516,524,,,,,16380,2024-03-10,5217609,Planaltina,GO,2024,11
1709424000000,202410,556.0,556,556,556,0.98703754,510.81345,0,4,521760920241020158,2025-03-11,Planaltina,,1.1482376,108846,20.1204857142857,94.7000428571429,1,1,2,80.2594285714286,60.211,23.6327428571429,27.9296428571429,506,,,,,16380,2024-03-03,5217609,Planaltina,GO,2024,10
1708819200000,202409,476.0,476,476,476,0.87256193,437.3151,0,4,521760920240920153,2025-03-06,Planaltina,,1.0780668,108846,19.6136571428571,86.8795714285714,0,0,2,69.2568428571429,47.4980714285714,24.3865571428571,29.4485714285714,385,,,,,16380,2024-02-25,5217609,Planaltina,GO,2024,9
1708214400000,202408,548.0,548,548,548,0.99999917,503.46362,0,4,521760920240820145,2025-02-26,Planaltina,,1.3678173,108846,19.5335857142857,97.8105428571429,1,1,2,88.8415714285714,75.1278714285714,21.7096714285714,24.8154571428571,465,,,,,16380,2024-02-18,5217609,Planaltina,GO,2024,8
1707609600000,202407,395.0,395,395,395,0.9974425,362.89804,0,4,521760920240720137,2025-02-18,Planaltina,,1.233461,108846,19.6159571428571,89.5339,1,1,2,76.4322857142857,57.2741,23.2155428571429,27.8475285714286,339,,,,,16380,2024-02-11,5217609,Planaltina,GO,2024,7
1707004800000,202406,426.0,426,426,426,1.0,391.37863,0,4,521760920240620130,2025-02-11,Planaltina,,2.2518709,108846,19.8742285714286,95.8484142857143,1,1,2,84.3282857142857,64.9805571428572,22.5774428571429,26.6397,363,,,,,16380,2024-02-04,5217609,Planaltina,GO,2024,6
1706400000000,202405,408.0,408,408,408,1.0,374.84152,0,4,521760920240520123,2025-02-04,Planaltina,,4.4946613,108846,19.4469714285714,95.8413285714286,1,1,2,82.6533285714286,63.9200857142857,22.5718428571429,26.5775571428571,361,,,,,16380,2024-01-28,5217609,Planaltina,GO,2024,5
1705795200000,202404,120.0,120,120,120,1.0,110.247505,0,4,521760920240420116,2025-01-28,Planaltina,,2.6267123,108846,20.2109428571429,95.9224428571429,1,1,2,85.0886142857143,69.6822571428571,22.8654,26.0993571428571,102,,,,,16380,2024-01-21,5217609,Planaltina,GO,2024,4
1705190400000,202403,71.0,71,71,71,0.9999995,65.229774,0,4,521760920240320109,2025-01-21,Planaltina,,2.901937,108846,19.984,90.0219285714286,1,1,2,70.7779285714286,47.6989714285714,24.5682428571429,29.3385428571429,62,,,,,16380,2024-01-14,5217609,Planaltina,GO,2024,3
1704585600000,202402,43.0,43,43,43,0.99998647,39.505356,0,2,521760920240220102,2025-01-14,Planaltina,,3.3699558,108846,19.8645142857143,96.0372714285714,1,1,2,82.6463285714286,65.5586571428571,22.8822857142857,26.4667714285714,42,,,,,16380,2024-01-07,5217609,Planaltina,GO,2024,2
1703980800000,202401,17.0,17,17,17,0.9688231,15.618397,0,1,521760920240120095,2025-01-07,Planaltina,,2.136669,108846,19.8896571428571,97.0940142857143,1,1,1,89.8230714285714,78.3118,21.7601571428571,24.0143142857143,16,,,,,16380,2023-12-31,5217609,Planaltina,GO,2024,1
1703376000000,202352,14.0,14,14,14,0.8663129,12.862209,0,1,521760920235220087,2024-12-30,Planaltina,,1.5869062,108846,20.9481285714286,92.4871714285714,1,0,1,74.7150142857143,51.4692,24.8232285714286,29.5532285714286,14,,,,,16380,2023-12-24,5217609,Planaltina,GO,2023,52
1702771200000,202351,0.0,0,0,0,0.0,0.0,0,1,521760920235120080,2024-12-23,Planaltina,,0.0,108846,20.3125714285714,87.4681428571429,0,0,0,69.6966285714286,50.9876714285714,24.1702857142857,28.4223142857143,0,,,,,16380,2023-12-17,5217609,Planaltina,GO,2023,51
1702166400000,202350,13.0,13,13,13,0.44698012,11.94348,0,1,521760920235020074,2024-12-17,Planaltina,,0.9504503,108846,20.8931285714286,77.7270857142857,0,0,1,56.9782428571429,35.4496428571429,25.9159,31.4080571428571,13,,,,,16380,2023-12-10,5217609,Planaltina,GO,2023,50
1701561600000,202349,8.0,8,8,8,0.12777396,7.3498335,0,1,521760920234920067,2024-12-10,Planaltina,,0.6110861,108846,20.2309142857143,83.6346,0,0,1,64.8040857142857,42.4256285714286,25.0365285714286,30.3787,8,,,,,16380,2023-12-03,5217609,Planaltina,GO,2023,49
1700956800000,202348,16.0,16,16,16,0.9180727,14.699667,0,1,521760920234820060,2024-12-03,Planaltina,,1.7437197,108846,20.8620857142857,86.4595,0,0,1,64.1413857142857,42.7731428571429,25.5059857142857,30.3546571428571,16,,,,,16380,2023-11-26,5217609,Planaltina,GO,2023,48
1700352000000,202347,18.0,18,18,18,0.9912244,16.537127,0,1,521760920234720056,2024-11-29,Planaltina,,2.708903,108846,21.2264857142857,88.0323142857143,1,1,1,70.5444142857143,49.0970142857143,25.0978,29.7933,16,,,,,16380,2023-11-19,5217609,Planaltina,GO,2023,47
1699747200000,202346,5.0,5,5,5,0.22377878,4.593646,0,1,521760920234620046,2024-11-19,Planaltina,,0.65819836,108846,21.7111,67.1135571428571,0,0,1,44.6272571428571,26.4051857142857,27.9363714285714,34.3042142857143,3,,,,,16380,2023-11-12,5217609,Planaltina,GO,2023,46
1699142400000,202345,7.0,7,7,7,0.09646363,6.4311047,0,1,521760920234520039,2024-11-12,Planaltina,,0.5556031,108846,20.4243857142857,75.2108142857143,0,0,1,55.9527714285714,35.4015571428571,25.6564714285714,31.4957571428571,3,,,,,16380,2023-11-05,5217609,Planaltina,GO,2023,45
1698537600000,202344,4.0,4,4,4,0.0006254,3.6749167,0,1,521760920234420032,2024-11-05,Planaltina,,0.21838474,108846,20.9989857142857,83.5008714285714,0,0,0,63.2750285714286,38.3934714285714,25.6922428571429,31.9055857142857,2,,,,,16380,2023-10-29,5217609,Planaltina,GO,2023,44
1697932800000,202343,11.0,11,11,11,0.027385352,10.106021,0,1,521760920234320026,2024-10-30,Planaltina,,0.5058618,108846,21.1917,80.9589142857143,0,0,1,64.7289714285714,43.2149857142857,25.2354142857143,30.4093428571429,9,,,,,16380,2023-10-22,5217609,Planaltina,GO,2023,43
1697328000000,202342,24.0,24,24,24,0.49487963,22.049501,0,1,521760920234220019,2024-10-23,Planaltina,,0.99633694,108846,21.1607714285714,66.3415571428571,0,0,1,46.4147285714286,28.9078142857143,26.7211285714286,32.6792285714286,16,,,,,16380,2023-10-15,5217609,Planaltina,GO,2023,42
1696723200000,202341,17.0,17,17,17,0.07614145,15.618397,0,1,521760920234120011,2024-10-15,Planaltina,,0.64662313,108846,21.4862285714286,78.673,0,0,1,58.1927428571429,36.2680857142857,26.5516,32.5377428571429,12,,,,,16380,2023-10-08,5217609,Planaltina,GO,2023,41
1696118400000,202340,31.0,31,31,31,0.6743438,28.480606,0,1,521760920234020005,2024-10-09,Planaltina,,1.1245359,108846,20.6232428571429,82.9868285714286,0,0,1,65.1254142857143,43.5623285714286,25.0972571428571,30.3826714285714,14,,,,,16380,2023-10-01,5217609,Planaltina,GO,2023,40
1695513600000,202339,16.0,16,16,16,0.14780466,14.699667,0,1,521760920233919998,2024-10-02,Planaltina,,0.7144468,108846,21.4849428571429,72.3210285714286,0,0,1,52.5835142857143,31.8318428571429,26.9405,33.3473142857143,4,,,,,16380,2023-09-24,5217609,Planaltina,GO,2023,39
1694908800000,202338,44.0,44,44,44,0.99981314,40.424084,0,1,521760920233819990,2024-09-24,Planaltina,,2.6008995,108846,19.9202,61.9613857142857,0,1,2,44.4612142857143,26.5423142857143,25.7497571428571,32.4235714285714,24,,,,,16380,2023-09-17,5217609,Planaltina,GO,2023,38
1694304000000,202337,14.0,14,14,14,0.5517774,12.862209,0,1,521760920233719983,2024-09-17,Planaltina,,1.0502665,108846,18.5282714285714,64.2654571428571,0,0,1,47.2878,28.5343428571429,24.1670142857143,30.6424428571429,10,,,,,16380,2023-09-10,5217609,Planaltina,GO,2023,37
1693699200000,202336,19.0,19,19,19,0.95278513,17.455854,0,1,521760920233619978,2024-09-12,Planaltina,,1.8682374,108846,19.2992714285714,69.6763428571429,0,1,1,50.9873714285714,32.5547714285714,24.3695857142857,29.9361142857143,14,,,,,16380,2023-09-03,5217609,Planaltina,GO,2023,36
1693094400000,202335,12.0,12,12,12,0.86423653,11.024751,0,1,521760920233519969,2024-09-03,Planaltina,,1.6439823,108846,19.1500571428571,89.9049,1,0,1,72.2020285714286,45.5865,23.2831428571429,29.2278428571429,9,,,,,16380,2023-08-27,5217609,Planaltina,GO,2023,35
1692489600000,202334,12.0,12,12,12,0.81149954,11.024751,0,1,521760920233419962,2024-08-27,Planaltina,,1.4758284,108846,18.2346142857143,69.2138285714286,0,0,1,49.9986428571429,28.6657,24.0116285714286,31.0463,10,,,,,16380,2023-08-20,5217609,Planaltina,GO,2023,34
1691884800000,202333,5.0,5,5,5,0.038089875,4.593646,0,1,521760920233319956,2024-08-21,Planaltina,,0.41601682,108846,16.0385,67.0255857142857,0,0,0,49.0112428571429,31.0301571428571,21.5732571428571,27.6651428571429,3,,,,,16380,2023-08-13,5217609,Planaltina,GO,2023,33
1691280000000,202332,3.0,3,3,3,0.0019099426,2.7561877,0,1,521760920233219949,2024-08-14,Planaltina,,0.21190137,108846,15.7818285714286,60.8927714285714,0,0,0,43.0711857142857,24.1098428571429,22.2522857142857,29.6222571428571,2,,,,,16380,2023-08-06,5217609,Planaltina,GO,2023,32
1690675200000,202331,18.0,18,18,18,0.6620993,16.537127,0,1,521760920233119941,2024-08-06,Planaltina,,1.1533526,108846,14.9761,70.3558571428571,0,0,1,49.4897285714286,27.1773714285714,21.3577,28.5694714285714,15,,,,,16380,2023-07-30,5217609,Planaltina,GO,2023,31
1690070400000,202330,12.0,12,12,12,0.12811556,11.024751,0,1,521760920233019934,2024-07-30,Planaltina,,0.6621567,108846,15.3128,72.1009142857143,0,0,1,53.6406571428571,32.9955,20.7108142857143,26.9503428571429,7,,,,,16380,2023-07-23,5217609,Planaltina,GO,2023,30
1689465600000,202329,16.0,16,16,16,0.25827587,14.699667,0,1,521760920232919929,2024-07-25,Planaltina,,0.8066888,108846,16.0073285714286,75.0925571428571,0,0,1,56.4416857142857,35.5904142857143,21.1859,27.1661857142857,8,,,,,16380,2023-07-16,5217609,Planaltina,GO,2023,29
1688860800000,202328,16.0,16,16,16,0.3540396,14.699667,0,1,521760920232819919,2024-07-15,Planaltina,,0.88100284,108846,15.3601142857143,70.7525142857143,0,0,1,51.1919714285714,29.6875714285714,21.6619285714286,28.7214571428571,5,,,,,16380,2023-07-09,5217609,Planaltina,GO,2023,28
1688256000000,202327,26.0,26,26,26,0.92222035,23.88696,0,1,521760920232719913,2024-07-09,Planaltina,0,1.5446017,108846,16.7142857142857,55.6458987142857,0,0,1,52.0367727142857,48.2889567142857,17.4761905714286,18.2857142857143,14,,,,,16380,2023-07-02,5217609,Planaltina,GO,2023,27
1687651200000,202326,16.0,16,16,16,0.44136512,14.699667,0,1,521760920232619905,2024-07-01,Planaltina,0,0.9504286,108846,18.5714285714286,57.253633,0,0,1,54.7851431428571,52.1784072857143,19.0476191428571,19.5714285714286,9,,,,,16380,2023-06-25,5217609,Planaltina,GO,2023,26
1687046400000,202325,14.0,14,14,14,0.29039225,12.862209,0,1,521760920232519898,2024-06-24,Planaltina,0,0.8219518,108846,18.0,64.0836305714286,0,0,1,60.9203788571429,57.6386442857143,18.7142857142857,19.4285714285714,5,,,,,16380,2023-06-18,5217609,Planaltina,GO,2023,25
1686441600000,202324,22.0,22,22,22,0.6770511,20.212042,0,1,521760920232419884,2024-06-10,Planaltina,,1.1526803,108846,16.8012142857143,81.6968857142857,0,0,1,63.3924714285714,40.9397,21.6539714285714,27.5759714285714,8,,,,,16380,2023-06-11,5217609,Planaltina,GO,2023,24
1685836800000,202323,10.0,10,10,10,0.02334205,9.187292,0,1,521760920232319884,2024-06-10,Planaltina,,0.48166686,108846,13.9150571428571,80.4603571428571,0,0,1,61.2221,38.8289714285714,19.9135,26.5240142857143,3,,,,,16380,2023-06-04,5217609,Planaltina,GO,2023,23
1685232000000,202322,24.0,24,24,24,0.40983,22.049501,0,1,521760920232219876,2024-06-02,Planaltina,0,0.9377973,108846,20.3,67.169108,0,0,1,63.6827369,60.2327318,21.1,21.9,10,,,,,16380,2023-05-28,5217609,Planaltina,GO,2023,22
1684627200000,202321,20.0,20,20,20,0.019334229,18.374584,0,1,521760920232119869,2024-05-26,Planaltina,0,0.5692082,108846,14.0,78.9360135,0,0,1,60.0060449,41.7556427,19.1958332,24.4,12,,,,,16380,2023-05-21,5217609,Planaltina,GO,2023,21
1684022400000,202320,16.0,16,16,16,0.0002656061,14.699667,0,1,521760920232019863,2024-05-20,Planaltina,0,0.3842374,108846,14.8333333333333,78.6741533888889,0,0,1,54.5352862222222,34.0003195555556,20.4537035555556,25.4444444444444,7,,,,,16380,2023-05-14,5217609,Planaltina,GO,2023,20
1683417600000,202319,44.0,44,44,44,0.44294515,40.424084,0,1,521760920231919856,2024-05-13,Planaltina,0,0.97022825,108846,19.875,69.332691875,0,0,1,61.188341375,52.937484875,21.7083335,23.75,29,,,,,16380,2023-05-07,5217609,Planaltina,GO,2023,19
1682812800000,202318,41.0,41,41,41,0.101928025,37.667896,0,1,521760920231819849,2024-05-06,Planaltina,0,0.7697446,108846,20.2,72.555739,0,0,1,68.7814148,63.9723086,20.9333336,21.8,11,,,,,16380,2023-04-30,5217609,Planaltina,GO,2023,18
1682208000000,202317,47.0,47,47,47,0.234181,43.18027,0,1,521760920231719841,2024-04-28,Planaltina,0,0.86613625,108846,17.5652173913043,88.9228126086957,0,0,1,71.9095056521739,49.9794486086957,21.5923913913043,26.3913043478261,28,,,,,16380,2023-04-23,5217609,Planaltina,GO,2023,17
1681603200000,202316,36.0,36,36,36,0.71933264,33.074253,0,2,521760920231619835,2024-04-22,Planaltina,0,1.1513572,108846,18.4285714285714,91.6000642857143,1,0,1,75.3259434285714,53.8946497142857,22.0952382857143,27.0,24,,,,,16380,2023-04-16,5217609,Planaltina,GO,2023,16
1680998400000,202315,103.0,103,103,103,1.0,94.62911,0,1,521760920231519827,2024-04-14,Planaltina,0,7.924939,108846,19.1428571428571,94.0203,1,1,2,77.2057447142857,51.4963784285714,22.4523808571429,27.7142857142857,49,,,,,16380,2023-04-09,5217609,Planaltina,GO,2023,15
1680393600000,202314,7.0,7,7,7,0.1337293,6.4311047,0,1,521760920231419821,2024-04-08,Planaltina,0,0.60053945,108846,18.7142857142857,90.7521171428571,1,0,1,75.2732408571429,51.3468842857143,21.660714,26.5714285714286,4,,,,,16380,2023-04-02,5217609,Planaltina,GO,2023,14
1679788800000,202313,3.0,3,3,3,0.0019650988,2.7561877,0,1,521760920231319814,2024-04-01,Planaltina,0,0.21264677,108846,20.8571428571429,72.2697849047619,0,0,0,55.8554788095238,44.1183038571429,24.4166664761905,27.3809523809524,3,,,,,16380,2023-03-26,5217609,Planaltina,GO,2023,13
1679184000000,202312,15.0,15,15,15,0.4950446,13.780938,0,1,521760920231219808,2024-03-26,Planaltina,0,0.9955418,108846,17.5454545454545,91.3497589090909,0,0,1,71.9430174545455,48.5877656363636,21.8560603636364,27.0,13,,,,,16380,2023-03-19,5217609,Planaltina,GO,2023,12
1678579200000,202311,16.0,16,16,16,0.53527874,14.699667,0,1,521760920231119800,2024-03-18,Planaltina,0,1.0316244,108846,21.3,81.283395,0,0,1,81.277472,81.271548,21.35,21.4,7,,,,,16380,2023-03-12,5217609,Planaltina,GO,2023,11
1677974400000,202310,11.0,11,11,11,0.20346181,10.106021,0,1,521760920231019794,2024-03-12,Planaltina,0,0.72533745,108846,22.1428571428571,70.8364115714286,0,0,1,68.8942271428571,66.952045,22.3571428571429,22.5714285714286,2,,,,,16380,2023-03-05,5217609,Planaltina,GO,2023,10
1677369600000,202309,23.0,23,23,23,0.84430796,21.130772,0,1,521760920230919786,2024-03-04,Planaltina,0,1.3770709,108846,22.0,75.1189728333333,0,0,1,72.9228621666667,70.7267544166667,22.3333333333333,22.6666666666667,9,,,,,16380,2023-02-26,5217609,Planaltina,GO,2023,9
1676764800000,202308,6.0,6,6,6,0.0067234407,5.5123754,0,1,521760920230819780,2024-02-27,Planaltina,0,0.34295544,108846,18.9473684210526,90.1438903157895,1,0,0,73.7145455789474,51.9968642105263,22.1798247368421,27.6842105263158,3,,,,,16380,2023-02-19,5217609,Planaltina,GO,2023,8
1676160000000,202307,24.0,24,24,24,0.86792874,22.049501,0,1,521760920230719773,2024-02-20,Planaltina,0,1.4162933,108846,24.5714285714286,59.7649554285714,0,0,1,58.9899425714286,58.2149302857143,24.7142857142857,24.8571428571429,13,,,,,16380,2023-02-12,5217609,Planaltina,GO,2023,7
1675555200000,202306,13.0,13,13,13,0.3720217,11.94348,0,1,521760920230619768,2024-02-15,Planaltina,0,0.8848443,108846,23.0,71.7624368571429,0,0,1,69.3454032857143,66.0995661428571,23.4940477142857,24.2857142857143,9,,,,,16380,2023-02-05,5217609,Planaltina,GO,2023,6
1674950400000,202305,23.0,23,23,23,0.95904523,25.37511,0,1,521760920230519759,2024-02-06,Planaltina,0,1.7984921,90640,21.7142857142857,73.9629072857143,0,1,1,68.9879072857143,61.1977235714286,22.970238,24.4285714285714,12,,,,,16380,2023-01-29,5217609,Planaltina,GO,2023,5
1674345600000,202304,10.0,10,10,10,0.47343352,11.032657,0,1,521760920230419752,2024-01-30,Planaltina,0,0.9714322,90640,20.5714285714286,81.7212771428571,0,0,1,81.7212771428571,81.7212771428571,20.5714285714286,20.5714285714286,6,,,,,16380,2023-01-22,5217609,Planaltina,GO,2023,4
1673740800000,202303,16.0,16,16,16,0.93657494,17.65225,0,1,521760920230319747,2024-01-25,Planaltina,0,1.8571819,90640,22.1428571428571,69.4868628571429,0,0,1,69.4868628571429,69.4868628571429,22.1428571428571,22.1428571428571,9,,,,,16380,2023-01-15,5217609,Planaltina,GO,2023,3
1673136000000,202302,10.0,10,10,10,0.6377121,11.032657,0,2,521760920230219747,2024-01-25,Planaltina,0,1.1739155,90640,19.0,90.6840257142857,1,0,1,79.6281335714286,62.9142951428571,21.1190474285714,24.2857142857143,7,,,,,16380,2023-01-08,5217609,Planaltina,GO,2023,2
1672531200000,202301,5.0,5,5,5,0.27900892,5.5163283,0,2,521760920230119740,2024-01-18,Planaltina,0,0.7194181,90640,19.2857142857143,92.3190262857143,1,0,1,76.6823057142857,56.4081015714286,21.9821425714286,26.0,5,,,,,16380,2023-01-01,5217609,Planaltina,GO,2023,1
1671926400000,202252,12.0,12,12,12,0.9443447,13.239188,0,1,521760920225219733,2024-01-11,Planaltina,0,2.1553836,90640,19.0,93.9743466666667,1,0,1,89.5614333333333,70.8377946666667,20.05303,21.6666666666667,0,,,,,16380,2022-12-25,5217609,Planaltina,GO,2022,52
1671321600000,202251,8.0,8,8,8,0.58580434,8.826125,0,1,521760920225119718,2023-12-27,Planaltina,0,1.1144063,90640,18.5,93.92977,1,0,1,84.775325,63.8116875,20.677885,24.5,1,,,,,16380,2022-12-18,5217609,Planaltina,GO,2022,51
1670716800000,202250,0.0,0,0,0,0.0,0.0,0,1,521760920225019718,2023-12-27,Planaltina,0,0.0,90640,19.6666666666667,90.2900316666667,0,0,0,75.5618248333333,57.4447295,22.213889,25.6666666666667,0,,,,,16380,2022-12-11,5217609,Planaltina,GO,2022,50
1670112000000,202249,10.0,10,10,10,0.58196706,11.032657,0,2,521760920224919708,2023-12-17,Planaltina,0,1.0970845,90640,19.0,93.1274897142857,1,0,1,78.3807888571429,56.234546,21.8760822857143,26.1428571428571,2,,,,,16380,2022-12-04,5217609,Planaltina,GO,2022,49
1669507200000,202248,10.0,10,10,10,0.4566311,11.032657,0,2,521760920224819684,2023-11-23,Planaltina,0,0.9539275,90640,18.2857142857143,93.988274,1,0,1,79.0060364285714,56.1041121428571,21.3357145714286,25.5714285714286,0,,,,,16380,2022-11-27,5217609,Planaltina,GO,2022,48
1668902400000,202247,5.0,5,5,5,0.079349816,5.5163283,0,1,521760920224719684,2023-11-23,Planaltina,0,0.4853547,90640,18.2857142857143,96.5898705714286,1,0,1,81.2759271428571,61.2429421428571,21.1251727142857,25.0,0,,,,,16380,2022-11-20,5217609,Planaltina,GO,2022,47
1668297600000,202246,15.0,15,15,15,0.9009645,16.548985,0,1,521760920224619684,2023-11-23,Planaltina,0,1.6930176,90640,18.5714285714286,96.5969728571429,1,0,1,81.6690514285714,57.1657104285714,21.5520188571429,26.7142857142857,0,,,,,16380,2022-11-13,5217609,Planaltina,GO,2022,46
1667692800000,202245,9.0,9,9,9,0.7186676,9.929391,0,1,521760920224519684,2023-11-23,Planaltina,0,1.3301892,90640,17.5714285714286,92.4072482857143,0,0,1,77.5294514285714,56.1062768571429,21.0367965714286,25.8571428571429,1,,,,,16380,2022-11-06,5217609,Planaltina,GO,2022,45
1667088000000,202244,10.0,10,10,10,0.904663,11.032657,0,1,521760920224419684,2023-11-23,Planaltina,0,1.9592605,90640,17.8571428571429,97.4635071428571,0,0,1,79.355244,57.1676717142857,21.0447995714286,25.4285714285714,4,,,,,16380,2022-10-30,5217609,Planaltina,GO,2022,44
1666483200000,202243,7.0,7,7,7,0.77258396,7.72286,0,1,521760920224319684,2023-11-23,Planaltina,0,1.5350134,90640,18.4285714285714,92.5638954285714,1,0,1,71.6844725714286,52.4301154285714,22.4214288571429,26.7142857142857,5,,,,,16380,2022-10-23,5217609,Planaltina,GO,2022,43
1665878400000,202242,3.0,3,3,3,0.34781897,3.309797,0,1,521760920224219684,2023-11-23,Planaltina,0,0.7555982,90640,19.2857142857143,66.993991,0,0,0,44.4687085714286,27.5304324285714,24.915796,30.5714285714286,1,,,,,16380,2022-10-16,5217609,Planaltina,GO,2022,42
1665273600000,202241,6.0,6,6,6,0.70878273,6.619594,0,1,521760920224119684,2023-11-23,Planaltina,0,1.3922498,90640,18.7142857142857,64.3749081428571,0,0,1,46.136526,29.3426358571429,24.6547617142857,30.2857142857143,2,,,,,16380,2022-10-09,5217609,Planaltina,GO,2022,41
1664668800000,202240,4.0,4,4,4,0.2068561,4.4130626,0,1,521760920224019684,2023-11-23,Planaltina,0,0.6121372,90640,19.8571428571429,81.5691865714286,0,0,0,64.9166772857143,45.6374,22.9918831428571,27.0,2,,,,,16380,2022-10-02,5217609,Planaltina,GO,2022,40
1664064000000,202239,1.0,1,1,1,0.0021290863,1.1032656,0,1,521760920223919684,2023-11-23,Planaltina,0,0.11266907,90640,18.8571428571429,86.7825357142857,0,0,0,64.6520471428571,42.8540258571429,23.5778388571429,28.0,0,,,,,16380,2022-09-25,5217609,Planaltina,GO,2022,39
1663459200000,202238,9.0,9,9,9,0.39825603,9.929391,0,1,521760920223819684,2023-11-23,Planaltina,0,0.89089036,90640,19.5714285714286,87.0378442857143,1,0,1,75.3965907142857,57.6158354285714,21.9340491428571,26.0,6,,,,,16380,2022-09-18,5217609,Planaltina,GO,2022,38
1662854400000,202237,7.0,7,7,7,0.30608568,7.72286,0,1,521760920223719684,2023-11-23,Planaltina,0,0.7803117,90640,17.5714285714286,64.9366548571429,0,0,1,43.0064551428571,26.1892998571429,23.4399585714286,29.4285714285714,5,,,,,16380,2022-09-11,5217609,Planaltina,GO,2022,37
1662249600000,202236,14.0,14,14,14,0.93147606,15.44572,0,1,521760920223619684,2023-11-23,Planaltina,0,1.9104064,90640,14.4285714285714,67.5492405714286,0,0,1,41.9576865714286,21.892369,22.5362314285714,29.7142857142857,11,,,,,16380,2022-09-04,5217609,Planaltina,GO,2022,36
1661644800000,202235,8.0,8,8,8,0.5748948,8.826125,0,1,521760920223519684,2023-11-23,Planaltina,0,1.0986195,90640,13.4285714285714,69.280637,0,0,1,49.9762477142857,33.2029888571429,19.3575757142857,25.0,4,,,,,16380,2022-08-28,5217609,Planaltina,GO,2022,35
1661040000000,202234,7.0,7,7,7,0.36303648,7.72286,0,1,521760920223419684,2023-11-23,Planaltina,0,0.8399324,90640,13.5714285714286,72.683668,0,0,1,50.569373,33.1938754285714,19.5404452857143,25.1428571428571,7,,,,,16380,2022-08-21,5217609,Planaltina,GO,2022,34
1660435200000,202233,5.0,5,5,5,0.23320138,5.5163283,0,1,521760920223319684,2023-11-23,Planaltina,0,0.6686067,90640,14.8571428571429,73.5639842857143,0,0,1,50.4622805714286,32.8632422857143,20.7673075714286,26.2857142857143,2,,,,,16380,2022-08-14,5217609,Planaltina,GO,2022,33
1659830400000,202232,11.0,11,11,11,0.9356607,12.135922,0,1,521760920223219684,2023-11-23,Planaltina,0,2.1438885,90640,14.0,74.8994007142857,0,0,1,47.8615458571429,27.7368811428571,21.470238,29.1428571428571,6,,,,,16380,2022-08-07,5217609,Planaltina,GO,2022,32
1659225600000,202231,9.0,9,9,9,0.9287691,9.929391,0,1,521760920223119684,2023-11-23,Planaltina,0,2.2700512,90640,13.4285714285714,76.0803137142857,0,0,1,52.1349268571429,31.9962834285714,19.8380951428571,26.1428571428571,6,,,,,16380,2022-07-31,5217609,Planaltina,GO,2022,31
1658620800000,202230,3.0,3,3,3,0.25064653,3.309797,0,1,521760920223019684,2023-11-23,Planaltina,0,0.6295354,90640,12.4285714285714,78.6261435714286,0,0,0,54.0497742857143,30.9571408571429,19.095798,26.1428571428571,3,,,,,16380,2022-07-24,5217609,Planaltina,GO,2022,30
1658016000000,202229,4.0,4,4,4,0.0976804,4.4130626,0,1,521760920222919684,2023-11-23,Planaltina,0,0.47946975,90640,12.5714285714286,80.6108865714286,0,0,0,58.6534278571429,39.1537008571429,18.5440477142857,24.5714285714286,3,,,,,16380,2022-07-17,5217609,Planaltina,GO,2022,29
1657411200000,202228,3.0,3,3,3,0.000506555,3.309797,0,1,521760920222819684,2023-11-23,Planaltina,0,0.18247202,90640,11.0,86.75139,0,0,0,62.5207772857143,38.6839828571429,17.5059522857143,24.1428571428571,3,,,,,16380,2022-07-10,5217609,Planaltina,GO,2022,28
1656806400000,202227,7.0,7,7,7,6.61454e-05,7.72286,0,1,521760920222719684,2023-11-23,Planaltina,0,0.24340376,90640,12.1428571428571,82.89579,0,0,1,61.0753394285714,39.6007082857143,18.2591992857143,24.7142857142857,5,,,,,16380,2022-07-03,5217609,Planaltina,GO,2022,27
1656201600000,202226,11.0,11,11,11,2.6994e-06,12.135922,0,1,521760920222619684,2023-11-23,Planaltina,0,0.25547972,90640,11.0,85.1387,0,0,1,58.8449532857143,34.3125784285714,18.4954482857143,25.7142857142857,4,,,,,16380,2022-06-26,5217609,Planaltina,GO,2022,26
1655596800000,202225,33.0,33,33,33,0.0052970196,36.40777,0,1,521760920222519684,2023-11-23,Planaltina,0,0.57911646,90640,13.2857142857143,82.0726174285714,0,0,1,59.0751315714286,38.3953017142857,19.625,25.4285714285714,13,,,,,16380,2022-06-19,5217609,Planaltina,GO,2022,25
1654992000000,202224,35.0,35,35,35,0.000561818,38.6143,0,1,521760920222419684,2023-11-23,Planaltina,0,0.51799506,90640,15.0,85.588163,0,0,1,62.9264948571429,40.3096182857143,20.4821425714286,26.7142857142857,15,,,,,16380,2022-06-12,5217609,Planaltina,GO,2022,24
1654387200000,202223,71.0,71,71,71,0.32811713,78.33186,0,4,521760920222319684,2023-11-23,Planaltina,0,0.9294652,90640,13.5714285714286,85.4172108571429,0,0,2,66.5823192857143,46.0246508571429,18.5127551428571,24.0,54,,,,,16380,2022-06-05,5217609,Planaltina,GO,2022,23
1653782400000,202222,54.0,54,54,54,0.055652205,59.576347,0,4,521760920222219684,2023-11-23,Planaltina,0,0.7524202,90640,12.1428571428571,81.9714232857143,0,0,2,56.3103858571429,31.9399344285714,19.6437072857143,27.4285714285714,28,,,,,16380,2022-05-29,5217609,Planaltina,GO,2022,22
1653177600000,202221,92.0,92,92,92,0.9990878,101.50044,0,4,521760920222119684,2023-11-23,Planaltina,0,1.6857227,90640,12.5714285714286,87.08086,0,1,2,61.4327034285714,37.2640028571429,19.1617965714286,25.7142857142857,63,,,,,16380,2022-05-22,5217609,Planaltina,GO,2022,21
1652572800000,202220,83.0,83,83,83,0.9999472,91.57105,0,4,521760920222019684,2023-11-23,Planaltina,0,2.049265,90640,11.8571428571429,84.4952805714286,0,1,2,62.9035674285714,36.2579531428571,17.3392857142857,23.8571428571429,67,,,,,16380,2022-05-15,5217609,Planaltina,GO,2022,20
1651968000000,202219,47.0,47,47,47,0.9259965,51.853485,0,1,521760920221919684,2023-11-23,Planaltina,0,1.3795099,90640,16.1428571428571,89.6756457142857,0,0,2,65.2229281428571,43.6238678571429,21.5833334285714,26.7142857142857,43,,,,,16380,2022-05-08,5217609,Planaltina,GO,2022,19
1651363200000,202218,36.0,36,36,36,0.6974466,39.717564,0,1,521760920221819684,2023-11-23,Planaltina,0,1.1331139,90640,17.1428571428571,88.1557562857143,0,0,1,67.6145771428571,49.3507055714286,22.2571428571429,27.0,26,,,,,16380,2022-05-01,5217609,Planaltina,GO,2022,18
1650758400000,202217,36.0,36,36,36,0.68916786,39.717564,0,1,521760920221719684,2023-11-23,Planaltina,0,1.1264806,90640,17.2857142857143,86.0567122857143,0,0,1,66.4426838571429,42.8870952857143,22.236472,27.4285714285714,27,,,,,16380,2022-04-24,5217609,Planaltina,GO,2022,17
1650153600000,202216,26.0,26,26,26,0.17843507,28.684908,0,1,521760920221619684,2023-11-23,Planaltina,0,0.78740853,90640,16.1428571428571,89.7645371428571,0,0,1,64.1034552857143,40.3803115714286,22.3747414285714,28.1428571428571,19,,,,,16380,2022-04-17,5217609,Planaltina,GO,2022,16
1649548800000,202215,38.0,38,38,38,0.62896794,41.924095,0,1,521760920221519684,2023-11-23,Planaltina,0,1.0795306,90640,19.4285714285714,93.2098842857143,1,0,1,74.8484662857143,50.8316565714286,23.1062924285714,28.4285714285714,32,,,,,16380,2022-04-10,5217609,Planaltina,GO,2022,15
1648944000000,202214,25.0,25,25,25,0.09096935,27.581642,0,1,521760920221419684,2023-11-23,Planaltina,0,0.7089222,90640,17.2857142857143,87.3265614285714,0,0,1,63.44131,44.125536,23.2321428571429,28.4285714285714,21,,,,,16380,2022-04-03,5217609,Planaltina,GO,2022,14
1648339200000,202213,44.0,44,44,44,0.87865305,48.54369,0,1,521760920221319684,2023-11-23,Planaltina,0,1.3030187,90640,18.4285714285714,84.3402228571429,0,0,1,59.8388778571429,36.4468214285714,24.3579401428571,30.0,34,,,,,16380,2022-03-27,5217609,Planaltina,GO,2022,13
1647734400000,202212,30.0,30,30,30,0.52081436,33.09797,0,1,521760920221219684,2023-11-23,Planaltina,0,1.0135188,90640,18.0,90.6027648571429,0,0,1,66.8086637142857,43.0196412857143,23.4200681428571,28.8571428571429,20,,,,,16380,2022-03-20,5217609,Planaltina,GO,2022,12
1647129600000,202211,40.0,40,40,40,0.96889776,44.130627,0,1,521760920221119684,2023-11-23,Planaltina,0,1.5926147,90640,19.7142857142857,96.6082785714286,1,1,1,79.7926615714286,57.9405338571429,22.5005102857143,26.7142857142857,31,,,,,16380,2022-03-13,5217609,Planaltina,GO,2022,11
1646524800000,202210,28.0,28,28,28,0.8142592,30.89144,0,1,521760920221019684,2023-11-23,Planaltina,0,1.2869323,90640,18.7142857142857,88.2747214285714,1,0,1,68.221165,45.3070775714286,23.2678571428571,28.2857142857143,17,,,,,16380,2022-03-06,5217609,Planaltina,GO,2022,10
1645920000000,202209,24.0,24,24,24,0.78246325,26.478376,0,1,521760920220919684,2023-11-23,Planaltina,1,1.267104,90640,17.8571428571429,91.4735677142857,0,0,1,72.9869754285714,47.0274331428571,22.3637684285714,28.0,12,,,,,16380,2022-02-27,5217609,Planaltina,GO,2022,9
1645315200000,202208,23.0,23,23,23,0.7669668,25.37511,0,2,521760920220819684,2023-11-23,Planaltina,0,1.2524297,90640,18.8571428571429,95.6832957142857,1,0,1,77.1322252857143,54.3417425714286,22.6666665714286,27.2857142857143,15,,,,,16380,2022-02-20,5217609,Planaltina,GO,2022,8
1644710400000,202207,18.0,18,18,18,0.29844955,19.858782,0,2,521760920220719684,2023-11-23,Planaltina,0,0.845967,90640,19.0,98.3242914285714,1,0,1,85.8533042857143,64.1374115714286,21.3015871428571,25.2857142857143,17,,,,,16380,2022-02-13,5217609,Planaltina,GO,2022,7
1644105600000,202206,15.0,15,15,15,0.0926024,16.548985,0,2,521760920220619684,2023-11-23,Planaltina,0,0.6507183,90640,19.5714285714286,94.1018757142857,1,0,1,81.1187141428571,61.4136694285714,21.8537782857143,25.1428571428571,14,,,,,16380,2022-02-06,5217609,Planaltina,GO,2022,6
1643500800000,202205,21.0,21,21,21,0.5923903,23.16858,0,1,521760920220519684,2023-11-23,Planaltina,0,1.0753971,90640,19.2857142857143,94.0717157142857,1,0,1,76.8378707142857,55.116085,22.8452382857143,27.4285714285714,19,,,,,16380,2022-01-30,5217609,Planaltina,GO,2022,5
1642896000000,202204,30.0,30,30,30,0.9949813,33.09797,0,3,521760920220419684,2023-11-23,Planaltina,0,2.2354174,90640,19.2857142857143,88.4009338571429,1,1,1,68.8524324285714,42.3662232857143,23.329365,27.7142857142857,19,,,,,16380,2022-01-23,5217609,Planaltina,GO,2022,4
1642291200000,202203,18.0,18,18,18,0.98774326,19.858782,0,1,521760920220319684,2023-11-23,Planaltina,0,2.530296,90640,19.0,84.439927,0,1,1,60.8991127142857,38.1223407142857,24.0661762857143,28.8571428571429,14,,,,,16380,2022-01-16,5217609,Planaltina,GO,2022,3
1641686400000,202202,15.0,15,15,15,0.99894667,16.548985,0,1,521760920220219684,2023-11-23,Planaltina,0,5.1412616,90640,18.2857142857143,95.7747814285714,1,1,1,81.8159628571428,62.0994928571429,21.529762,25.4285714285714,9,,,,,16380,2022-01-09,5217609,Planaltina,GO,2022,2
1641081600000,202201,6.0,6,6,6,0.90650696,6.619594,0,1,521760920220119684,2023-11-23,Planaltina,0,2.4718595,90640,19.4285714285714,97.4365414285714,1,0,1,84.7637071428571,65.0754605714286,21.9415975714286,25.7142857142857,6,,,,,16380,2022-01-02,5217609,Planaltina,GO,2022,1
1640476800000,202152,0.0,0,0,0,0.0,0.0,0,1,521760920215219684,2023-11-23,Planaltina,0,0.0,90640,19.2857142857143,96.5631842857143,0,0,0,83.1031221428571,64.7107498571429,21.7639754285714,24.8571428571429,0,,,,,16380,2021-12-26,5217609,Planaltina,GO,2021,52
1639872000000,202151,2.0,2,2,2,0.0030279486,2.2065313,0,2,521760920215119684,2023-11-23,Planaltina,0,0.18056524,90640,19.2857142857143,99.1455371428571,1,0,0,83.8618135714286,60.7938734285714,22.1863351428571,26.2857142857143,2,,,,,16380,2021-12-19,5217609,Planaltina,GO,2021,51
1639267200000,202150,2.0,2,2,2,0.0001144592,2.2065313,0,2,521760920215019684,2023-11-23,Planaltina,0,0.12280858,90640,19.5714285714286,98.2847528571429,1,0,0,83.3876711428571,61.1714955714286,22.3749294285714,26.7142857142857,2,,,,,16380,2021-12-12,5217609,Planaltina,GO,2021,50
1638662400000,202149,14.0,14,14,14,0.22946598,15.44572,0,2,521760920214919684,2023-11-23,Planaltina,0,0.7718515,90640,19.2857142857143,96.5631842857143,1,0,1,80.2377128571429,55.6742594285714,22.5274328571429,27.2857142857143,14,,,,,16380,2021-12-05,5217609,Planaltina,GO,2021,49
1638057600000,202148,14.0,14,14,14,0.5067467,15.44572,0,2,521760920214819684,2023-11-23,Planaltina,0,1.006327,90640,19.4285714285714,96.6515714285714,1,0,1,81.5217685714286,56.1278164285714,22.835686,27.1428571428571,6,,,,,16380,2021-11-28,5217609,Planaltina,GO,2021,48
1637452800000,202147,27.0,27,27,27,0.9987033,29.788174,0,2,521760920214719684,2023-11-23,Planaltina,0,2.86533,90640,19.1428571428571,95.8185,1,1,1,71.9879885714286,45.4034822857143,23.8032182857143,29.1428571428571,11,,,,,16380,2021-11-21,5217609,Planaltina,GO,2021,47
1636848000000,202146,12.0,12,12,12,0.8007283,13.239188,0,2,521760920214619684,2023-11-23,Planaltina,0,1.4481062,90640,18.8571428571429,99.1392157142857,1,0,1,86.6335664285714,67.6370247142857,21.0626762857143,24.5714285714286,3,,,,,16380,2021-11-14,5217609,Planaltina,GO,2021,46
1636243200000,202145,5.0,5,5,5,0.2339737,5.5163283,0,2,521760920214519684,2023-11-23,Planaltina,0,0.66945964,90640,19.7142857142857,96.5695057142857,1,0,1,83.8560065714286,63.9031078571429,21.916996,25.7142857142857,3,,,,,16380,2021-11-07,5217609,Planaltina,GO,2021,45
1635638400000,202144,11.0,11,11,11,0.88506156,12.135922,0,2,521760920214419684,2023-11-23,Planaltina,0,1.7800623,90640,19.1428571428571,94.9049228571429,1,0,1,79.0485935714286,57.034604,22.2845851428571,26.5714285714286,7,,,,,16380,2021-10-31,5217609,Planaltina,GO,2021,44
1635033600000,202143,7.0,7,7,7,0.6953709,7.72286,0,2,521760920214319684,2023-11-23,Planaltina,0,1.3275521,90640,19.7142857142857,87.2303314285714,1,0,1,65.7627388571429,42.7663114285714,24.1959345714286,29.7142857142857,4,,,,,16380,2021-10-24,5217609,Planaltina,GO,2021,43
1634428800000,202142,6.0,6,6,6,0.65046567,6.619594,0,1,521760920214219684,2023-11-23,Planaltina,0,1.2550405,90640,19.1428571428571,92.4420505714286,1,0,1,72.9548801428571,49.7485974285714,23.406469,28.4285714285714,5,,,,,16380,2021-10-17,5217609,Planaltina,GO,2021,42
1633824000000,202141,5.0,5,5,5,0.5695985,5.5163283,0,1,521760920214119684,2023-11-23,Planaltina,0,1.1151887,90640,19.5714285714286,93.2596742857143,1,0,1,73.6615957142857,49.1899128571429,23.391634,28.8571428571429,3,,,,,16380,2021-10-10,5217609,Planaltina,GO,2021,41
1633219200000,202140,5.0,5,5,5,0.5791522,5.5163283,0,1,521760920214019684,2023-11-23,Planaltina,0,1.1327175,90640,20.0,76.1088971428571,0,0,1,50.1387944285714,26.7316421428571,26.4464288571429,33.0,4,,,,,16380,2021-10-03,5217609,Planaltina,GO,2021,40
1632614400000,202139,4.0,4,4,4,0.3780089,4.4130626,0,1,521760920213919684,2023-11-23,Planaltina,0,0.81927603,90640,19.1428571428571,78.4010768571429,0,0,0,55.5234057142857,34.1598694285714,24.5157865714286,30.2857142857143,3,,,,,16380,2021-09-26,5217609,Planaltina,GO,2021,39
1632009600000,202138,5.0,5,5,5,0.36877728,5.5163283,0,1,521760920213819684,2023-11-23,Planaltina,0,0.8233738,90640,18.1428571428571,66.7016934285714,0,0,1,42.6825678571429,24.1409134285714,25.714286,33.0,4,,,,,16380,2021-09-19,5217609,Planaltina,GO,2021,38
1631404800000,202137,3.0,3,3,3,0.075698726,3.309797,0,1,521760920213719684,2023-11-23,Planaltina,0,0.40819255,90640,16.1428571428571,59.2610882857143,0,0,0,34.514394,17.1883684285714,24.92029,32.1428571428571,2,,,,,16380,2021-09-12,5217609,Planaltina,GO,2021,37
1630800000000,202136,8.0,8,8,8,0.46957564,8.826125,0,1,521760920213619684,2023-11-23,Planaltina,0,0.96381253,90640,16.5714285714286,64.8095248571429,0,0,1,37.2584027142857,17.8000632857143,25.5155277142857,33.4285714285714,6,,,,,16380,2021-09-05,5217609,Planaltina,GO,2021,36
1630195200000,202135,5.0,5,5,5,0.1779057,5.5163283,0,1,521760920213519684,2023-11-23,Planaltina,0,0.60711753,90640,15.7142857142857,73.0531564285714,0,0,1,49.6873562857143,28.6732232857143,22.1380345714286,28.7142857142857,3,,,,,16380,2021-08-29,5217609,Planaltina,GO,2021,35
1629590400000,202134,12.0,12,12,12,0.6140058,13.239188,0,1,521760920213419684,2023-11-23,Planaltina,0,1.1271116,90640,14.2857142857143,71.4570802857143,0,0,1,44.6969774285714,24.613081,22.5527948571429,30.0,12,,,,,16380,2021-08-22,5217609,Planaltina,GO,2021,34
1628985600000,202133,6.0,6,6,6,0.014640346,6.619594,0,1,521760920213319684,2023-11-23,Planaltina,0,0.38009828,90640,12.7142857142857,74.385162,0,0,1,46.1761064285714,26.1762268571429,20.7950314285714,27.8571428571429,6,,,,,16380,2021-08-15,5217609,Planaltina,GO,2021,33
1628380800000,202132,6.0,6,6,6,0.0031754111,6.619594,0,1,521760920213219684,2023-11-23,Planaltina,0,0.31440443,90640,12.1428571428571,79.8900945714286,0,0,1,50.8448611428571,27.7660268571429,20.2732914285714,27.5714285714286,6,,,,,16380,2021-08-08,5217609,Planaltina,GO,2021,32
1627776000000,202131,21.0,21,21,21,0.5118503,23.16858,0,1,521760920213119684,2023-11-23,Planaltina,0,1.0091393,90640,13.5714285714286,76.406646,0,0,1,55.1886467142857,36.0426724285714,19.2289665714286,24.7142857142857,19,,,,,16380,2021-08-01,5217609,Planaltina,GO,2021,31
1627171200000,202130,18.0,18,18,18,0.15646514,19.858782,0,1,521760920213019684,2023-11-23,Planaltina,0,0.73466796,90640,10.5714285714286,75.366805,0,0,1,49.8458544285714,31.1257135714286,18.7826088571429,26.7142857142857,8,,,,,16380,2021-07-25,5217609,Planaltina,GO,2021,30
1626566400000,202129,22.0,22,22,22,0.049638145,24.271845,0,1,521760920212919684,2023-11-23,Planaltina,0,0.6429518,90640,12.7142857142857,74.9124467142857,0,0,1,51.354167,31.2764212857143,19.6708077142857,26.2857142857143,14,,,,,16380,2021-07-18,5217609,Planaltina,GO,2021,29
1625961600000,202128,19.0,19,19,19,0.0001402908,20.962048,0,1,521760920212819684,2023-11-23,Planaltina,0,0.39534464,90640,10.1428571428571,84.1847835714286,0,0,1,56.1268215714286,31.4361722857143,18.5222565714286,26.1428571428571,12,,,,,16380,2021-07-11,5217609,Planaltina,GO,2021,28
1625356800000,202127,32.0,32,32,32,0.005297308,35.3045,0,1,521760920212719684,2023-11-23,Planaltina,0,0.57486343,90640,9.28571428571429,84.98449,0,0,1,55.942113,29.4734464285714,17.5155282857143,25.2857142857143,13,,,,,16380,2021-07-04,5217609,Planaltina,GO,2021,27
1624752000000,202126,47.0,47,47,47,0.13664612,51.853485,0,4,521760920212619684,2023-11-23,Planaltina,0,0.8078369,90640,10.8571428571429,83.5715771428571,0,0,2,59.7952774285714,37.5027352857143,17.5344437142857,24.1428571428571,24,,,,,16380,2021-06-27,5217609,Planaltina,GO,2021,26
1624147200000,202125,77.0,77,77,77,0.7147863,84.951454,0,1,521760920212519684,2023-11-23,Planaltina,0,1.0978374,90640,13.0,87.7259265714286,0,0,2,60.1422724285714,32.6517378571429,19.931112,26.8571428571429,67,,,,,16380,2021-06-20,5217609,Planaltina,GO,2021,25
1623542400000,202124,28.0,28,28,28,1.802e-07,30.89144,0,1,521760920212419684,2023-11-23,Planaltina,0,0.35242474,90640,14.2857142857143,86.6938714285714,0,0,1,64.0337278571428,43.005393,19.9184782857143,25.2857142857143,22,,,,,16380,2021-06-13,5217609,Planaltina,GO,2021,24
1622937600000,202123,87.0,87,87,87,0.6303,95.984116,0,4,521760920212319684,2023-11-23,Planaltina,0,1.0522778,90640,15.0,88.7808271428571,0,0,2,67.8732564285714,45.2684524285714,20.0833335714286,25.8571428571429,45,,,,,16380,2021-06-06,5217609,Planaltina,GO,2021,23
1622332800000,202122,82.0,82,82,82,0.28945154,90.46778,0,4,521760920212219684,2023-11-23,Planaltina,0,0.9188311,90640,14.0,87.9087857142857,0,0,2,63.6846164285714,37.631327,20.5736282857143,27.2857142857143,62,,,,,16380,2021-05-30,5217609,Planaltina,GO,2021,22
1621728000000,202121,79.0,79,79,79,0.038164735,87.15799,0,4,521760920212119684,2023-11-23,Planaltina,0,0.7684152,90640,16.7142857142857,92.2280257142857,0,0,2,67.7113187142857,42.8719665714286,22.375,28.4285714285714,54,,,,,16380,2021-05-23,5217609,Planaltina,GO,2021,21
1621123200000,202120,85.0,85,85,85,0.0124647515,93.77758,0,4,521760920212019684,2023-11-23,Planaltina,0,0.728256,90640,13.0,91.2107414285714,0,0,2,62.314748,35.1850972857143,20.4761905714286,27.1428571428571,77,,,,,16380,2021-05-16,5217609,Planaltina,GO,2021,20
1620518400000,202119,102.0,102,102,102,0.27335867,112.5331,0,4,521760920211919684,2023-11-23,Planaltina,0,0.92080396,90640,14.1428571428571,88.6733928571429,0,0,2,64.3450831428571,41.1646547142857,20.125,25.7142857142857,88,,,,,16380,2021-05-09,5217609,Planaltina,GO,2021,19
1619913600000,202118,119.0,119,119,119,0.9958293,131.28862,0,4,521760920211819684,2023-11-23,Planaltina,0,1.4546748,90640,14.5714285714286,88.9441585714286,0,1,2,67.5060581428571,42.5059274285714,20.4880954285714,26.1428571428571,103,,,,,16380,2021-05-02,5217609,Planaltina,GO,2021,18
1619308800000,202117,153.0,153,153,153,1.0,168.79965,0,4,521760920211719684,2023-11-23,Planaltina,0,2.217819,90640,17.5714285714286,95.7048842857143,0,1,2,77.3551394285714,54.2797311428571,21.5520185714286,25.8571428571429,138,,,,,16380,2021-04-25,5217609,Planaltina,GO,2021,17
1618704000000,202116,50.0,50,50,50,0.008203139,55.163284,0,4,521760920211619684,2023-11-23,Planaltina,0,0.65075207,90640,15.2857142857143,93.89014,0,0,2,73.4630407142857,50.37927,19.9399095714286,25.1428571428571,45,,,,,16380,2021-04-18,5217609,Planaltina,GO,2021,16
1618099200000,202115,54.0,54,54,54,0.014647823,59.576347,0,4,521760920211519684,2023-11-23,Planaltina,0,0.6837267,90640,16.2857142857143,89.7070257142857,0,0,2,67.434619,43.7768872857143,21.7261905714286,27.2857142857143,43,,,,,16380,2021-04-11,5217609,Planaltina,GO,2021,15
1617494400000,202114,92.0,92,92,92,0.97556055,101.50044,0,4,521760920211419684,2023-11-23,Planaltina,0,1.3678418,90640,18.2857142857143,94.8571971428571,1,1,2,79.5558544285714,59.3112671428571,21.1607142857143,25.2857142857143,75,,,,,16380,2021-04-04,5217609,Planaltina,GO,2021,14
1616889600000,202113,83.0,83,83,83,0.9977418,91.57105,0,4,521760920211319684,2023-11-23,Planaltina,0,1.6447395,90640,17.7142857142857,89.8154948571429,0,1,2,64.6507262857143,40.2301368571429,23.504348,29.4285714285714,78,,,,,16380,2021-03-28,5217609,Planaltina,GO,2021,13
1616284800000,202112,76.0,76,76,76,0.999806,83.84819,0,1,521760920211219684,2023-11-23,Planaltina,0,1.9729002,90640,16.4285714285714,88.9287742857143,0,1,2,63.8930594285714,38.4806095714286,22.3869045714286,28.1428571428571,72,,,,,16380,2021-03-21,5217609,Planaltina,GO,2021,12
1615680000000,202111,39.0,39,39,39,0.9090937,43.027363,0,2,521760920211119684,2023-11-23,Planaltina,0,1.3853893,90640,19.2857142857143,96.54408,1,0,1,81.2212574285714,61.589928,21.7251725714286,25.2857142857143,36,,,,,16380,2021-03-14,5217609,Planaltina,GO,2021,11
1615075200000,202110,43.0,43,43,43,0.9993777,47.440422,0,2,521760920211019684,2023-11-23,Planaltina,0,2.3536363,90640,19.4285714285714,94.0377471428571,1,1,1,80.3793621428571,57.9639117142857,21.9704968571429,26.4285714285714,42,,,,,16380,2021-03-07,5217609,Planaltina,GO,2021,10
1614470400000,202109,29.0,29,29,29,0.9971162,31.994705,0,2,521760920210919684,2023-11-23,Planaltina,0,2.4524992,90640,18.2857142857143,93.20218,1,1,1,76.8389297142857,60.481756,21.7889851428571,25.4285714285714,25,,,,,16380,2021-02-28,5217609,Planaltina,GO,2021,9
1613865600000,202108,14.0,14,14,14,0.9123005,15.44572,0,2,521760920210819684,2023-11-23,Planaltina,0,1.7870021,90640,19.0,95.7024,1,0,1,85.4754722857143,68.6904364285714,21.0818558571429,24.8571428571429,14,,,,,16380,2021-02-21,5217609,Planaltina,GO,2021,8
1613260800000,202107,12.0,12,12,12,0.9387646,13.239188,0,2,521760920210719684,2023-11-23,Planaltina,0,2.0958197,90640,19.8571428571429,97.43029,1,0,1,87.0259122857143,67.941441,21.5729814285714,25.7142857142857,12,,,,,16380,2021-02-14,5217609,Planaltina,GO,2021,7
1612656000000,202106,8.0,8,8,8,0.7797912,8.826125,0,1,521760920210619684,2023-11-23,Planaltina,0,1.513359,90640,18.8571428571429,95.7417291428571,1,0,1,84.8033824285714,67.4999421428571,21.139234,25.1428571428571,7,,,,,16380,2021-02-07,5217609,Planaltina,GO,2021,6
1612051200000,202105,2.0,2,2,2,0.21651481,2.2065313,0,1,521760920210519684,2023-11-23,Planaltina,0,0.5369632,90640,19.7142857142857,90.0852285714286,1,0,0,74.4659757142857,54.7082732857143,23.2533314285714,27.5714285714286,3,,,,,16380,2021-01-31,5217609,Planaltina,GO,2021,5
1611446400000,202104,9.0,9,9,9,0.99385136,9.929391,0,1,521760920210419684,2023-11-23,Planaltina,0,5.572048,90640,18.2857142857143,84.5731074285714,0,1,1,63.7151582857143,43.7780817142857,23.1924601428571,28.1428571428571,9,,,,,16380,2021-01-24,5217609,Planaltina,GO,2021,4
1610841600000,202103,3.0,3,3,3,0.9554798,3.309797,0,1,521760920210319684,2023-11-23,Planaltina,0,6.551154,90640,17.8571428571429,91.6025291428571,0,0,0,65.5975597142857,43.1606454285714,23.3387445714286,28.1428571428571,3,,,,,16380,2021-01-17,5217609,Planaltina,GO,2021,3
1610236800000,202102,1.0,1,1,1,0.8145292,1.1032656,0,1,521760920210219684,2023-11-23,Planaltina,0,3.3788157,90640,19.5714285714286,96.5695057142857,1,0,0,81.7848205714286,60.8395625714286,22.154729,26.5714285714286,1,,,,,16380,2021-01-10,5217609,Planaltina,GO,2021,2
1609632000000,202101,0.0,0,0,0,0.0,0.0,0,1,521760920210119684,2023-11-23,Planaltina,0,0.0,90640,19.1428571428571,91.5289014285714,0,0,0,73.1375412857143,47.3362918571429,23.405538,28.7142857142857,0,,,,,16380,2021-01-03,5217609,Planaltina,GO,2021,1
1609027200000,202053,0.0,0,0,0,0.0,0.0,0,1,521760920205319589,2023-08-20,Planaltina,0,0.0,90640,19.0,88.269605,0,0,0,70.346973,43.828385,22.625,29.0,0,,,,,16380,2020-12-27,5217609,Planaltina,GO,2020,53
1608422400000,202052,1.0,1,1,1,0.9632679,1.1032656,0,1,521760920205219589,2023-08-20,Planaltina,0,18.521614,90640,19.08,89.18544416,1,0,0,,,,,1,,,,,16380,2020-12-20,5217609,Planaltina,GO,2020,52
1607817600000,202051,0.0,0,0,0,0.0,0.0,0,1,521760920205119589,2023-08-20,Planaltina,0,0.0,90640,19.16,90.10128332,0,0,0,,,,,0,,,,,16380,2020-12-13,5217609,Planaltina,GO,2020,51
1607212800000,202050,0.0,0,0,0,0.0,0.0,0,1,521760920205019589,2023-08-20,Planaltina,0,0.0,90640,19.24,91.01712248,0,0,0,,,,,0,,,,,16380,2020-12-06,5217609,Planaltina,GO,2020,50
1606608000000,202049,0.0,0,0,0,0.0,0.0,0,1,521760920204919589,2023-08-20,Planaltina,0,0.0,90640,19.32,91.93296164,0,0,0,,,,,0,,,,,16380,2020-11-29,5217609,Planaltina,GO,2020,49
1606003200000,202048,0.0,0,0,0,0.0,0.0,0,1,521760920204819589,2023-08-20,Planaltina,0,0.0,90640,19.4,92.8488008,0,0,0,76.536782,55.6382074,22.6426876,26.8,0,,,,,16380,2020-11-22,5217609,Planaltina,GO,2020,48
1605398400000,202047,0.0,0,0,0,0.0,0.0,0,1,521760920204719589,2023-08-20,Planaltina,0,0.0,90640,19.7142857142857,94.98075,0,0,0,78.051455,56.0577165714286,23.4233951428571,28.1428571428571,0,,,,,16380,2020-11-15,5217609,Planaltina,GO,2020,47
1604793600000,202046,0.0,0,0,0,0.0,0.0,0,1,521760920204619589,2023-08-20,Planaltina,0,0.0,90640,20.1666666666667,90.4472266666667,0,0,0,74.2262956666667,48.799564,23.8993466666667,29.1666666666667,0,,,,,16380,2020-11-08,5217609,Planaltina,GO,2020,46
1604188800000,202045,0.0,0,0,0,0.0,0.0,0,1,521760920204519589,2023-08-20,Planaltina,0,0.0,90640,19.2857142857143,94.8811542857143,0,0,0,76.4401137142857,49.5668171428571,23.0226568571429,28.4285714285714,0,,,,,16380,2020-11-01,5217609,Planaltina,GO,2020,45
1603584000000,202044,1.0,1,1,1,0.9631786,1.1032656,0,1,521760920204419589,2023-08-20,Planaltina,0,18.475819,90640,20.5714285714286,93.2780757142857,1,0,0,78.1103414285714,56.511382,23.3482968571429,27.5714285714286,1,,,,,16380,2020-10-25,5217609,Planaltina,GO,2020,44
1602979200000,202043,0.0,0,0,0,0.0,0.0,0,1,521760920204319589,2023-08-20,Planaltina,0,0.0,90640,19.8571428571429,94.16264,0,0,0,80.1241831428571,61.2628961428571,22.5866742857143,26.5714285714286,0,,,,,16380,2020-10-18,5217609,Planaltina,GO,2020,43
1602374400000,202042,0.0,0,0,0,0.0,0.0,0,1,521760920204219589,2023-08-20,Planaltina,0,0.0,90640,20.0,86.1631828571429,0,0,0,64.3453175714286,39.6213817142857,24.7814791428571,30.7142857142857,0,,,,,16380,2020-10-11,5217609,Planaltina,GO,2020,42
1601769600000,202041,0.0,0,0,0,0.0,0.0,0,1,521760920204119589,2023-08-20,Planaltina,0,0.0,90640,20.1428571428571,62.5708698571429,0,0,0,36.8508507142857,17.996575,28.0147517142857,35.7142857142857,0,,,,,16380,2020-10-04,5217609,Planaltina,GO,2020,41
1601164800000,202040,0.0,0,0,0,0.0,0.0,0,1,521760920204019589,2023-08-20,Planaltina,0,0.0,90640,17.2857142857143,65.7091887142857,0,0,0,39.3952008571429,19.7423272857143,25.8045065714286,33.7142857142857,0,,,,,16380,2020-09-27,5217609,Planaltina,GO,2020,40
1600560000000,202039,0.0,0,0,0,0.0,0.0,0,1,521760920203919589,2023-08-20,Planaltina,0,0.0,90640,18.1428571428571,85.2838851428571,0,0,0,60.7414517142857,36.3818038571429,23.8338508571429,30.0,0,,,,,16380,2020-09-20,5217609,Planaltina,GO,2020,39
1599955200000,202038,1.0,1,1,1,0.60827684,1.1032656,0,1,521760920203819589,2023-08-20,Planaltina,0,1.3943111,90640,17.5714285714286,62.0121022857143,0,0,0,39.6025677142857,22.710204,24.7060042857143,31.1428571428571,1,,,,,16380,2020-09-13,5217609,Planaltina,GO,2020,38
1599350400000,202037,0.0,0,0,0,0.0,0.0,0,1,521760920203719589,2023-08-20,Planaltina,0,0.0,90640,14.5714285714286,72.0561828571429,0,0,0,42.6524082857143,21.5614704285714,23.5127751428571,31.2857142857143,0,,,,,16380,2020-09-06,5217609,Planaltina,GO,2020,37
1598745600000,202036,1.0,1,1,1,0.3368658,1.1032656,0,1,521760920203619589,2023-08-20,Planaltina,0,0.63704246,90640,14.7142857142857,71.5903858571429,0,0,0,45.7134751428571,25.652764,22.6461977142857,29.8571428571429,1,,,,,16380,2020-08-30,5217609,Planaltina,GO,2020,36
1598140800000,202035,1.0,1,1,1,0.18488029,1.1032656,0,1,521760920203519589,2023-08-20,Planaltina,0,0.41062084,90640,13.4285714285714,77.2957211428571,0,0,0,51.4758597142857,26.6237167142857,21.028468,28.8571428571429,1,,,,,16380,2020-08-23,5217609,Planaltina,GO,2020,35
1597536000000,202034,0.0,0,0,0,0.0,0.0,0,1,521760920203419589,2023-08-20,Planaltina,0,0.0,90640,16.1428571428571,81.0905214285714,0,0,0,53.2130517142857,31.3650547142857,23.8683888571429,30.7142857142857,0,,,,,16380,2020-08-16,5217609,Planaltina,GO,2020,34
1596931200000,202033,5.0,5,5,5,0.664513,5.5163283,0,1,521760920203319589,2023-08-20,Planaltina,0,1.3155174,90640,14.0,80.6486957142857,0,0,1,53.8767831428571,30.1924594285714,21.3943391428571,28.4285714285714,5,,,,,16380,2020-08-09,5217609,Planaltina,GO,2020,33
1596326400000,202032,1.0,1,1,1,0.00890964,1.1032656,0,1,521760920203219589,2023-08-20,Planaltina,0,0.14683388,90640,13.2857142857143,77.6079342857143,0,0,0,57.4005497142857,37.3312118571429,18.6803834285714,24.4285714285714,1,,,,,16380,2020-08-02,5217609,Planaltina,GO,2020,32
1595721600000,202031,2.0,2,2,2,0.004568147,2.2065313,0,1,521760920203119589,2023-08-20,Planaltina,0,0.19217296,90640,13.5714285714286,85.3140458571429,0,0,0,57.982508,32.3109621428571,20.4030982857143,27.0,2,,,,,16380,2020-07-26,5217609,Planaltina,GO,2020,31
1595116800000,202030,8.0,8,8,8,0.100808434,8.826125,0,1,521760920203019589,2023-08-20,Planaltina,0,0.5792042,90640,11.4285714285714,90.687838,0,0,1,60.0307062857143,35.8624102857143,19.3062768571429,26.1428571428571,8,,,,,16380,2020-07-19,5217609,Planaltina,GO,2020,30
1594512000000,202029,9.0,9,9,9,0.17198251,9.929391,0,1,521760920202919589,2023-08-20,Planaltina,0,0.6727192,90640,11.4285714285714,85.074415,0,0,1,56.5115657142857,29.6686241428571,19.3206994285714,27.1428571428571,8,,,,,16380,2020-07-12,5217609,Planaltina,GO,2020,29
1593907200000,202028,15.0,15,15,15,0.8893037,16.548985,0,1,521760920202819589,2023-08-20,Planaltina,0,1.6431947,90640,12.5714285714286,88.6165742857143,0,0,1,64.1549684285714,36.1689917142857,19.1090455714286,26.1428571428571,15,,,,,16380,2020-07-05,5217609,Planaltina,GO,2020,28
1593302400000,202027,21.0,21,21,21,0.98759,23.16858,0,1,521760920202719589,2023-08-20,Planaltina,0,2.321219,90640,12.75,87.7548365,0,1,1,65.10611175,41.28447925,19.39533525,26.25,16,,,,,16380,2020-06-28,5217609,Planaltina,GO,2020,27
1592697600000,202026,2.0,2,2,2,0.0006838832,2.2065313,0,1,521760920202619589,2023-08-20,Planaltina,0,0.14853448,90640,12.25,92.130341,0,0,0,69.42213875,42.09459375,18.24442575,26.5,2,,,,,16380,2020-06-21,5217609,Planaltina,GO,2020,26
1592092800000,202025,6.0,6,6,6,0.0036536695,6.619594,0,1,521760920202519589,2023-08-20,Planaltina,0,0.31931236,90640,16.0,86.82093,0,0,1,73.9081525,52.2088125,19.16789625,24.0,6,,,,,16380,2020-06-14,5217609,Planaltina,GO,2020,25
1591488000000,202024,17.0,17,17,17,0.0543198,18.755516,0,1,521760920202419589,2023-08-20,Planaltina,0,0.61691207,90640,14.1666666666667,93.803185,0,0,1,69.6592866666667,40.215806,20.402778,27.3333333333333,15,,,,,16380,2020-06-07,5217609,Planaltina,GO,2020,24
1590883200000,202023,15.0,15,15,15,0.0004451074,16.548985,0,1,521760920202319589,2023-08-20,Planaltina,0,0.38719055,90640,13.8571428571429,93.724342,0,0,1,70.5141934285714,43.6918814285714,20.6309522857143,27.5714285714286,12,,,,,16380,2020-05-31,5217609,Planaltina,GO,2020,23
1590278400000,202022,24.0,24,24,24,0.0076240995,26.478376,0,4,521760920202219589,2023-08-20,Planaltina,0,0.54927886,90640,13.5714285714286,92.0528768571429,0,0,2,69.9062687142857,42.2619901428571,19.6904765714286,26.2857142857143,21,,,,,16380,2020-05-24,5217609,Planaltina,GO,2020,22
1589673600000,202021,43.0,43,43,43,0.63808477,47.440422,0,4,521760920202119589,2023-08-20,Planaltina,0,1.0803666,90640,16.8571428571429,94.7384354285714,0,0,2,77.6645612857143,56.1353478571429,21.2797622857143,26.1428571428571,34,,,,,16380,2020-05-17,5217609,Planaltina,GO,2020,21
1589068800000,202020,53.0,53,53,53,0.9698805,58.47308,0,4,521760920202019589,2023-08-20,Planaltina,0,1.4942739,90640,15.5714285714286,95.54601,0,1,2,77.5833255714286,54.4287637142857,20.295238,26.0,47,,,,,16380,2020-05-10,5217609,Planaltina,GO,2020,20
1588464000000,202019,37.0,37,37,37,0.6405878,40.82083,0,4,521760920201919589,2023-08-20,Planaltina,0,1.0887189,90640,16.1428571428571,90.4847614285714,0,0,2,71.2979182857143,47.779535,21.1130954285714,26.4285714285714,30,,,,,16380,2020-05-03,5217609,Planaltina,GO,2020,19
1587859200000,202018,32.0,32,32,32,0.57849795,35.3045,0,4,521760920201819589,2023-08-20,Planaltina,0,1.0510602,90640,15.2857142857143,93.7856005714286,0,0,2,70.0920012857143,44.7584124285714,21.1964285714286,27.0,28,,,,,16380,2020-04-26,5217609,Planaltina,GO,2020,18
1587254400000,202017,37.0,37,37,37,0.96066946,40.82083,0,4,521760920201719589,2023-08-20,Planaltina,0,1.5759597,90640,19.8571428571429,94.9427114285714,1,1,2,84.919722,68.5638907142857,22.0238094285714,25.4285714285714,30,,,,,16380,2020-04-19,5217609,Planaltina,GO,2020,17
1586649600000,202016,34.0,34,34,34,0.99136454,37.511032,0,2,521760920201619589,2023-08-20,Planaltina,0,1.9705617,90640,19.8571428571429,94.9302085714286,1,1,2,82.8242042857143,64.168793,22.5357142857143,26.2857142857143,29,,,,,16380,2020-04-12,5217609,Planaltina,GO,2020,16
1586044800000,202015,22.0,22,22,22,0.9305883,24.271845,0,2,521760920201519589,2023-08-20,Planaltina,0,1.6480105,90640,20.7142857142857,94.9730985714286,1,0,1,78.1272734285714,52.911129,24.2083331428571,29.5714285714286,21,,,,,16380,2020-04-05,5217609,Planaltina,GO,2020,15
1585440000000,202014,15.0,15,15,15,0.81660485,16.548985,0,2,521760920201419589,2023-08-20,Planaltina,0,1.4249425,90640,19.5714285714286,92.4085957142857,1,0,1,69.1127041428571,44.5349284285714,24.9285714285714,30.2857142857143,15,,,,,16380,2020-03-29,5217609,Planaltina,GO,2020,14
1584835200000,202013,15.0,15,15,15,0.9216396,16.548985,0,2,521760920201319589,2023-08-20,Planaltina,0,1.8003587,90640,20.1428571428571,98.2973257142857,1,0,1,87.7532198571429,69.186956,22.1428571428571,26.2857142857143,11,,,,,16380,2020-03-22,5217609,Planaltina,GO,2020,13
1584230400000,202012,8.0,8,8,8,0.7260086,8.826125,0,2,521760920201219589,2023-08-20,Planaltina,0,1.370577,90640,19.7142857142857,90.8647865714286,1,0,1,77.6681498571429,58.973507,22.5995671428571,26.5714285714286,8,,,,,16380,2020-03-15,5217609,Planaltina,GO,2020,12
1583625600000,202011,11.0,11,11,11,0.9689128,12.135922,0,2,521760920201119589,2023-08-20,Planaltina,0,2.6832929,90640,20.7142857142857,93.2664471428571,1,1,1,81.3387764285714,64.1798621428571,23.1352811428571,26.7142857142857,11,,,,,16380,2020-03-08,5217609,Planaltina,GO,2020,11
1583020800000,202010,4.0,4,4,4,0.60034317,4.4130626,0,2,521760920201019589,2023-08-20,Planaltina,0,1.1941622,90640,20.2857142857143,97.4428628571429,1,0,0,86.4160564285714,73.098703,22.297078,24.8571428571429,3,,,,,16380,2020-03-01,5217609,Planaltina,GO,2020,10
1582416000000,202009,4.0,4,4,4,0.7245329,4.4130626,0,2,521760920200919589,2023-08-20,Planaltina,0,1.5544634,90640,20.5714285714286,94.9481585714286,1,0,0,84.7401114285714,67.8492261428571,22.8566017142857,26.7142857142857,4,,,,,16380,2020-02-23,5217609,Planaltina,GO,2020,9
1581811200000,202008,3.0,3,3,3,0.7717765,3.309797,0,1,521760920200819589,2023-08-20,Planaltina,0,1.9152818,90640,21.0,93.3246265714286,1,0,0,84.3276742857143,76.6478397142857,22.4025971428571,23.7142857142857,3,,,,,16380,2020-02-16,5217609,Planaltina,GO,2020,8
1581206400000,202007,4.0,4,4,4,0.7810806,4.4130626,0,1,521760920200719589,2023-08-20,Planaltina,0,1.8098298,90640,19.8571428571429,94.0811228571429,1,0,0,89.6373401428571,83.8569494285714,21.1142857142857,22.2857142857143,5,,,,,16380,2020-02-09,5217609,Planaltina,GO,2020,7
1580601600000,202006,0.0,0,0,0,0.0,0.0,0,1,521760920200619589,2023-08-20,Planaltina,0,0.0,90640,20.0,93.2598771428571,0,0,0,82.0111215714286,68.9063538571429,22.6011905714286,25.4285714285714,0,,,,,16380,2020-02-02,5217609,Planaltina,GO,2020,6
1579996800000,202005,0.0,0,0,0,0.0,0.0,0,1,521760920200519589,2023-08-20,Planaltina,0,0.0,90640,20.5714285714286,94.0694242857143,0,0,0,76.7092428571429,52.7331998571429,24.0952377142857,29.1428571428571,0,,,,,16380,2020-01-26,5217609,Planaltina,GO,2020,5
1579392000000,202004,8.0,8,8,8,0.99545705,8.826125,0,1,521760920200419589,2023-08-20,Planaltina,0,7.456828,90640,21.1428571428571,94.0437657142857,1,1,1,82.469923,64.8863707142857,23.4345237142857,27.1428571428571,8,,,,,16380,2020-01-19,5217609,Planaltina,GO,2020,4
1578787200000,202003,1.0,1,1,1,0.81445366,1.1032656,0,1,521760920200319589,2023-08-20,Planaltina,0,3.3772883,90640,20.8571428571429,84.6269542857143,0,0,0,61.9866042857143,40.339235,26.1309522857143,31.4285714285714,1,,,,,16380,2020-01-12,5217609,Planaltina,GO,2020,3
1578182400000,202002,1.0,1,1,1,0.96031237,1.1032656,0,1,521760920200219589,2023-08-20,Planaltina,0,17.116165,90640,20.2857142857143,94.93646,1,0,0,81.0192821428572,61.600405,23.5523805714286,27.5714285714286,1,,,,,16380,2020-01-05,5217609,Planaltina,GO,2020,2
1577577600000,202001,0.0,0,0,0,0.0,0.0,0,1,521760920200119589,2023-08-20,Planaltina,0,0.0,90640,20.6666666666667,91.3808733333333,0,0,0,78.256815,58.8144246666667,22.9694443333333,27.0,0,,,,,16380,2019-12-29,5217609,Planaltina,GO,2020,1
1576972800000,201952,0.0,0,0,0,0.0,0.0,0,1,521760920195219589,2023-08-20,Planaltina,0,0.0,90640,20.2857142857143,88.5374357142857,0,0,0,81.7564242857143,70.7298128571429,21.8158728571429,24.0,0,,,,,16380,2019-12-22,5217609,Planaltina,GO,2019,52
1576368000000,201951,0.0,0,0,0,0.0,0.0,0,1,521760920195119589,2023-08-20,Planaltina,0,0.0,90640,20.1428571428571,85.4108108571428,0,0,0,76.6244357142857,66.7672311428571,22.1428571428571,24.8571428571429,0,,,,,16380,2019-12-15,5217609,Planaltina,GO,2019,51
1575763200000,201950,0.0,0,0,0,0.0,0.0,0,1,521760920195019589,2023-08-20,Planaltina,0,0.0,90640,20.5714285714286,94.9120657142857,0,0,0,89.4822734285714,82.46952,21.3210315714286,22.5714285714286,0,,,,,16380,2019-12-08,5217609,Planaltina,GO,2019,50
1575158400000,201949,1.0,1,1,1,0.730556,1.1032656,0,1,521760920194919589,2023-08-20,Planaltina,0,2.207831,90640,21.0,94.9301385714286,1,0,0,88.7458828571429,84.0757014285714,21.7571428571429,22.4285714285714,1,,,,,16380,2019-12-01,5217609,Planaltina,GO,2019,49
1574553600000,201948,0.0,0,0,0,0.0,0.0,0,1,521760920194819589,2023-08-20,Planaltina,0,0.0,90640,20.7142857142857,93.2093914285714,0,0,0,88.4090734285714,81.9633924285714,21.7,22.8571428571429,0,,,,,16380,2019-11-24,5217609,Planaltina,GO,2019,48
1573948800000,201947,1.0,1,1,1,0.9632679,1.1032656,0,1,521760920194719589,2023-08-20,Planaltina,0,18.521618,90640,19.7142857142857,93.1467334285714,1,0,0,86.5033892857143,80.26802,20.6650792857143,21.7142857142857,1,,,,,16380,2019-11-17,5217609,Planaltina,GO,2019,47
1573344000000,201946,0.0,0,0,0,0.0,0.0,0,1,521760920194619589,2023-08-20,Planaltina,0,0.0,90640,21.5714285714286,74.6293081428571,0,0,0,64.6643605714286,51.9924652857143,23.8428571428571,26.7142857142857,0,,,,,16380,2019-11-10,5217609,Planaltina,GO,2019,46
1572739200000,201945,0.0,0,0,0,0.0,0.0,0,1,521760920194519589,2023-08-20,Planaltina,0,0.0,90640,20.8571428571429,88.4662028571429,0,0,0,77.605495,66.3822857142857,22.6428571428571,24.4285714285714,0,,,,,16380,2019-11-03,5217609,Planaltina,GO,2019,45
1572134400000,201944,0.0,0,0,0,0.0,0.0,0,1,521760920194419589,2023-08-20,Planaltina,0,0.0,90640,20.7142857142857,78.771418,0,0,0,68.55201,56.3240627142857,22.7467534285714,25.1428571428571,0,,,,,16380,2019-10-27,5217609,Planaltina,GO,2019,44
1571529600000,201943,0.0,0,0,0,0.0,0.0,0,1,521760920194319589,2023-08-20,Planaltina,0,0.0,90640,20.4285714285714,82.4392952857143,0,0,0,73.8886335714286,62.8859527142857,22.4883117142857,24.8571428571429,0,,,,,16380,2019-10-20,5217609,Planaltina,GO,2019,43
1570924800000,201942,0.0,0,0,0,0.0,0.0,0,1,521760920194219589,2023-08-20,Planaltina,0,0.0,90640,17.4285714285714,68.6735242857143,0,0,0,52.131513,35.6002271428571,21.5350648571429,26.4285714285714,0,,,,,16380,2019-10-13,5217609,Planaltina,GO,2019,42
1570320000000,201941,0.0,0,0,0,0.0,0.0,0,1,521760920194119589,2023-08-20,Planaltina,0,0.0,90640,20.7142857142857,83.9983814285714,0,0,0,72.5207528571429,55.0464801428571,22.6155842857143,25.2857142857143,0,,,,,16380,2019-10-06,5217609,Planaltina,GO,2019,41
1569715200000,201940,0.0,0,0,0,0.0,0.0,0,1,521760920194019589,2023-08-20,Planaltina,0,0.0,90640,19.4285714285714,77.5876118571429,0,0,0,63.4991004285714,48.9821551428571,22.52987,25.8571428571429,0,,,,,16380,2019-09-29,5217609,Planaltina,GO,2019,40
1569110400000,201939,0.0,0,0,0,0.0,0.0,0,1,521760920193919589,2023-08-20,Planaltina,0,0.0,90640,19.5714285714286,73.0459488571429,0,0,0,63.9959984285714,52.4830275714286,21.7844154285714,24.8571428571429,0,,,,,16380,2019-09-22,5217609,Planaltina,GO,2019,39
1568505600000,201938,0.0,0,0,0,0.0,0.0,0,1,521760920193819589,2023-08-20,Planaltina,0,0.0,90640,17.8571428571429,57.2333657142857,0,0,0,44.6969718571429,30.6542451428571,21.2285714285714,26.1428571428571,0,,,,,16380,2019-09-15,5217609,Planaltina,GO,2019,38
1567900800000,201937,0.0,0,0,0,0.0,0.0,0,1,521760920193719589,2023-08-20,Planaltina,0,0.0,90640,16.5714285714286,65.1175161428571,0,0,0,53.16735,36.7817517142857,20.0025974285714,25.2857142857143,0,,,,,16380,2019-09-08,5217609,Planaltina,GO,2019,37
1567296000000,201936,0.0,0,0,0,0.0,0.0,0,1,521760920193619589,2023-08-20,Planaltina,0,0.0,90640,16.7142857142857,66.1342802857143,0,0,0,51.5059137142857,34.5350757142857,20.151948,25.1428571428571,0,,,,,16380,2019-09-01,5217609,Planaltina,GO,2019,36
1566691200000,201935,0.0,0,0,0,0.0,0.0,0,1,521760920193519589,2023-08-20,Planaltina,0,0.0,90640,16.4285714285714,70.4861752857143,0,0,0,57.7209194285714,43.5347438571429,19.3766231428571,23.1428571428571,0,,,,,16380,2019-08-25,5217609,Planaltina,GO,2019,35
1566086400000,201934,0.0,0,0,0,0.0,0.0,0,1,521760920193419589,2023-08-20,Planaltina,0,0.0,90640,16.8571428571429,68.579201,0,0,0,54.4558552857143,38.3258545714286,19.9220777142857,24.2857142857143,0,,,,,16380,2019-08-18,5217609,Planaltina,GO,2019,34
1565481600000,201933,0.0,0,0,0,0.0,0.0,0,1,521760920193319589,2023-08-20,Planaltina,0,0.0,90640,15.1428571428571,73.8403124285714,0,0,0,59.9574537142857,45.6748382857143,18.2337664285714,22.0,0,,,,,16380,2019-08-11,5217609,Planaltina,GO,2019,33
1564876800000,201932,0.0,0,0,0,0.0,0.0,0,1,521760920193219589,2023-08-20,Planaltina,0,0.0,90640,14.7142857142857,85.57731,0,0,0,72.8886507142857,53.880869,17.3116881428571,21.1428571428571,0,,,,,16380,2019-08-04,5217609,Planaltina,GO,2019,32
1564272000000,201931,0.0,0,0,0,0.0,0.0,0,1,521760920193119589,2023-08-20,Planaltina,0,0.0,90640,13.7142857142857,79.92182,0,0,0,65.355831,47.1138647142857,17.0259741428571,21.7142857142857,0,,,,,16380,2019-07-28,5217609,Planaltina,GO,2019,31
1563667200000,201930,0.0,0,0,0,0.0,0.0,0,1,521760920193019589,2023-08-20,Planaltina,0,0.0,90640,13.4285714285714,83.0919731428571,0,0,0,73.9442892857143,60.1033567142857,16.0259738571429,19.2857142857143,0,,,,,16380,2019-07-21,5217609,Planaltina,GO,2019,30
1563062400000,201929,0.0,0,0,0,0.0,0.0,0,1,521760920192919589,2023-08-20,Planaltina,0,0.0,90640,13.2857142857143,78.3096692857143,0,0,0,67.1946792857143,52.8261578571429,16.2597402857143,20.2857142857143,0,,,,,16380,2019-07-14,5217609,Planaltina,GO,2019,29
1562457600000,201928,1.0,1,1,1,0.014406204,1.1032656,0,1,521760920192819589,2023-08-20,Planaltina,0,0.1634744,90640,11.0,84.3199878571429,0,0,0,70.8505108571429,55.5645845714286,14.2077921428571,18.5714285714286,1,,,,,16380,2019-07-07,5217609,Planaltina,GO,2019,28
1561852800000,201927,2.0,2,2,2,0.029188382,2.2065313,0,1,521760920192719589,2023-08-20,Planaltina,0,0.2732774,90640,13.4285714285714,87.0082451428571,0,0,0,78.1196452857143,62.3600285714286,16.1181817142857,20.1428571428571,2,,,,,16380,2019-06-30,5217609,Planaltina,GO,2019,27
1561248000000,201926,11.0,11,11,11,0.46649516,12.135922,0,1,521760920192619589,2023-08-20,Planaltina,0,0.9657177,90640,13.8571428571429,86.2513228571429,0,0,1,74.8542935714286,58.2690801428571,16.6363635714286,20.7142857142857,10,,,,,16380,2019-06-23,5217609,Planaltina,GO,2019,26
1560643200000,201925,2.0,2,2,2,2.8183e-06,2.2065313,0,1,521760920192519589,2023-08-20,Planaltina,0,0.0908137,90640,13.4285714285714,87.9628457142857,0,0,0,77.3012927142857,62.9884997142857,16.1168832857143,20.0,2,,,,,16380,2019-06-16,5217609,Planaltina,GO,2019,25
1560038400000,201924,12.0,12,12,12,2.89952e-05,13.239188,0,1,521760920192419589,2023-08-20,Planaltina,0,0.30026972,90640,14.7142857142857,88.9108057142857,0,0,1,76.6860707142857,64.6974814285714,17.83171,20.8571428571429,12,,,,,16380,2019-06-09,5217609,Planaltina,GO,2019,24
1559433600000,201923,12.0,12,12,12,2.57e-08,13.239188,0,1,521760920192319589,2023-08-20,Planaltina,0,0.22094482,90640,15.7142857142857,89.61977,0,0,1,79.4126234285714,69.5694294285714,18.4935071428571,21.5714285714286,11,,,,,16380,2019-06-02,5217609,Planaltina,GO,2019,23
1558828800000,201922,43.0,43,43,43,0.06948575,47.440422,0,4,521760920192219589,2023-08-20,Planaltina,0,0.7444046,90640,16.4285714285714,92.1806434285714,0,0,2,83.0533162857143,69.060529,18.766234,22.2857142857143,32,,,,,16380,2019-05-26,5217609,Planaltina,GO,2019,22
1558224000000,201921,66.0,66,66,66,0.83754486,72.81554,0,4,521760920192119589,2023-08-20,Planaltina,0,1.1955081,90640,16.0,93.8726014285714,0,0,2,84.029065,69.5596885714286,18.496104,22.2857142857143,50,,,,,16380,2019-05-19,5217609,Planaltina,GO,2019,21
1557619200000,201920,56.0,56,56,56,0.7984939,61.78288,0,4,521760920192019589,2023-08-20,Planaltina,0,1.178199,90640,17.7142857142857,93.9574691428571,0,0,2,86.6759622857143,77.0606534285714,19.4727274285714,21.7142857142857,47,,,,,16380,2019-05-12,5217609,Planaltina,GO,2019,20
1557014400000,201919,58.0,58,58,58,0.98465264,63.98941,0,4,521760920191919589,2023-08-20,Planaltina,0,1.563134,90640,18.5714285714286,94.8097285714286,1,1,2,84.4866135714286,71.0238592857143,20.9334417142857,24.0,37,,,,,16380,2019-05-05,5217609,Planaltina,GO,2019,19
1556409600000,201918,55.0,55,55,55,0.9856154,60.67961,0,4,521760920191819589,2023-08-20,Planaltina,0,1.5940822,90640,19.5714285714286,94.8872657142857,1,1,2,89.233367,78.6254758571429,20.8285717142857,23.1428571428571,42,,,,,16380,2019-04-28,5217609,Planaltina,GO,2019,18
1555804800000,201917,28.0,28,28,28,0.067763396,30.89144,0,4,521760920191719589,2023-08-20,Planaltina,0,0.6961803,90640,18.4285714285714,95.7106234285714,1,0,2,88.5482148571429,81.288248,20.3966031428571,22.7142857142857,18,,,,,16380,2019-04-21,5217609,Planaltina,GO,2019,17
1555200000000,201916,29.0,29,29,29,0.082784526,31.994705,0,4,521760920191619589,2023-08-20,Planaltina,0,0.7167579,90640,19.5714285714286,96.5757571428571,1,0,2,91.0609585714286,82.6224417142857,21.0499498571429,22.8571428571429,24,,,,,16380,2019-04-14,5217609,Planaltina,GO,2019,16
1554595200000,201915,41.0,41,41,41,0.92669046,45.23389,0,4,521760920191519589,2023-08-20,Planaltina,0,1.4156679,90640,19.7142857142857,98.2973257142857,1,0,2,92.1561428571429,84.2214247142857,20.8005414285714,22.4285714285714,39,,,,,16380,2019-04-07,5217609,Planaltina,GO,2019,15
1553990400000,201914,59.0,59,59,59,0.99999887,65.092674,0,2,521760920191419589,2023-08-20,Planaltina,0,3.171953,90640,19.2857142857143,92.368972,1,1,2,86.1333492857143,75.171833,20.9000002857143,23.1428571428571,52,,,,,16380,2019-03-31,5217609,Planaltina,GO,2019,14
1553385600000,201913,18.0,18,18,18,0.80695426,19.858782,0,2,521760920191319589,2023-08-20,Planaltina,0,1.3604769,90640,19.8571428571429,95.6895477142857,1,0,1,90.6411265714286,85.54249,20.6363637142857,22.0,15,,,,,16380,2019-03-24,5217609,Planaltina,GO,2019,13
1552780800000,201912,19.0,19,19,19,0.9535748,20.962048,0,2,521760920191219589,2023-08-20,Planaltina,0,1.8748966,90640,19.5714285714286,96.5694357142857,1,1,1,90.6354621428571,83.27312,20.6064934285714,22.1428571428571,16,,,,,16380,2019-03-17,5217609,Planaltina,GO,2019,12
1552176000000,201911,12.0,12,12,12,0.84672505,13.239188,0,2,521760920191119589,2023-08-20,Planaltina,0,1.5808556,90640,20.1428571428571,89.9537328571429,1,0,1,84.7204107142857,75.8468071428571,21.2727271428571,23.2857142857143,11,,,,,16380,2019-03-10,5217609,Planaltina,GO,2019,11
1551571200000,201910,10.0,10,10,10,0.9029107,11.032657,0,2,521760920191019589,2023-08-20,Planaltina,0,1.9470229,90640,18.1428571428571,97.4111857142857,1,0,1,91.5836028571428,86.1104091428572,19.6636362857143,20.7142857142857,8,,,,,16380,2019-03-03,5217609,Planaltina,GO,2019,10
1550966400000,201909,8.0,8,8,8,0.9219398,8.826125,0,2,521760920190919589,2023-08-20,Planaltina,0,2.31953,90640,19.7142857142857,94.8479371428571,1,0,1,88.1935692857143,80.3762864285714,21.051948,22.4285714285714,7,,,,,16380,2019-02-24,5217609,Planaltina,GO,2019,9
1550361600000,201908,5.0,5,5,5,0.670038,5.5163283,0,2,521760920190819589,2023-08-20,Planaltina,0,1.3293928,90640,19.4285714285714,93.9681185714286,1,0,1,88.9575744285714,81.75066,20.4155845714286,21.5714285714286,4,,,,,16380,2019-02-17,5217609,Planaltina,GO,2019,8
1549756800000,201907,2.0,2,2,2,0.04717795,2.2065313,0,1,521760920190719589,2023-08-20,Planaltina,0,0.30808017,90640,19.7142857142857,92.4445057142857,1,0,0,86.3459728571429,79.1729835714286,21.1714285714286,22.7142857142857,1,,,,,16380,2019-02-10,5217609,Planaltina,GO,2019,7
1549152000000,201906,3.0,3,3,3,0.025100755,3.309797,0,1,521760920190619589,2023-08-20,Planaltina,0,0.31563795,90640,19.7142857142857,94.2076642857143,1,0,0,79.4637761428571,61.1307278571429,22.5376981428571,27.4285714285714,1,,,,,16380,2019-02-03,5217609,Planaltina,GO,2019,6
1548547200000,201905,4.0,4,4,4,0.043210834,4.4130626,0,1,521760920190519589,2023-08-20,Planaltina,0,0.39447334,90640,18.1428571428571,84.3868708571429,0,0,0,59.4086522857143,35.8593115714286,24.2380954285714,29.8571428571429,4,,,,,16380,2019-01-27,5217609,Planaltina,GO,2019,5
1547942400000,201904,15.0,15,15,15,0.8459146,16.548985,0,1,521760920190419589,2023-08-20,Planaltina,0,1.4990053,90640,19.7142857142857,83.0639728571429,0,0,1,60.1835437142857,38.3832544285714,25.0297617142857,30.5714285714286,11,,,,,16380,2019-01-20,5217609,Planaltina,GO,2019,4
1547337600000,201903,7.0,7,7,7,0.40401492,7.72286,0,2,521760920190319589,2023-08-20,Planaltina,0,0.8847408,90640,18.8571428571429,87.4907005714286,1,0,1,68.945513,50.693095,23.3809522857143,28.1428571428571,5,,,,,16380,2019-01-13,5217609,Planaltina,GO,2019,3
1546732800000,201902,12.0,12,12,12,0.9865168,13.239188,0,2,521760920190219589,2023-08-20,Planaltina,0,3.2357993,90640,18.5714285714286,91.609522,1,1,1,80.7433237142857,69.307483,20.4428571428571,22.4285714285714,10,,,,,16380,2019-01-06,5217609,Planaltina,GO,2019,2
1546128000000,201901,11.0,11,11,11,0.9996784,12.135922,0,1,521760920190119589,2023-08-20,Planaltina,0,13.15992,90640,19.1428571428571,92.4099651428571,1,1,1,83.8881727142857,73.7355725714286,20.6857142857143,22.7142857142857,9,,,,,16380,2018-12-30,5217609,Planaltina,GO,2019,1
1545523200000,201852,1.0,1,1,1,0.9632679,1.1032656,0,1,521760920185219589,2023-08-20,Planaltina,0,18.521618,90640,19.0,94.0550488,1,0,0,84.4303552,67.689914,21.4538888,24.4,0,,,,,16380,2018-12-23,5217609,Planaltina,GO,2018,52
1544918400000,201851,0.0,0,0,0,0.0,0.0,0,1,521760920185119589,2023-08-20,Planaltina,0,0.0,90640,19.2380952380952,94.3304172952381,0,0,0,,,,,0,,,,,16380,2018-12-16,5217609,Planaltina,GO,2018,51
1544313600000,201850,0.0,0,0,0,0.0,0.0,0,1,521760920185019589,2023-08-20,Planaltina,0,0.0,90640,19.4761904761905,94.6057857904762,0,0,0,,,,,0,,,,,16380,2018-12-09,5217609,Planaltina,GO,2018,50
1543708800000,201849,0.0,0,0,0,0.0,0.0,0,1,521760920184919589,2023-08-20,Planaltina,0,0.0,90640,19.7142857142857,94.8811542857143,0,0,0,89.3434171428571,80.9390635714286,20.6674601428571,22.5714285714286,0,,,,,16380,2018-12-02,5217609,Planaltina,GO,2018,49
1543104000000,201848,0.0,0,0,0,0.0,0.0,0,1,521760920184819589,2023-08-20,Planaltina,0,0.0,90640,18.5714285714286,92.3061191428571,0,0,0,86.2330228571429,77.6836178571428,19.9178571428571,21.8571428571429,0,,,,,16380,2018-11-25,5217609,Planaltina,GO,2018,48
1542499200000,201847,0.0,0,0,0,0.0,0.0,0,1,521760920184719589,2023-08-20,Planaltina,0,0.0,90640,19.0,94.88671,0,0,0,88.9910134285714,79.793325,20.3813491428571,22.4285714285714,0,,,,,16380,2018-11-18,5217609,Planaltina,GO,2018,47
1541894400000,201846,0.0,0,0,0,0.0,0.0,0,1,521760920184619589,2023-08-20,Planaltina,0,0.0,90640,18.8571428571429,97.4238985714286,0,0,0,91.2821378571429,81.5304237142857,20.1821424285714,22.2857142857143,0,,,,,16380,2018-11-11,5217609,Planaltina,GO,2018,46
1541289600000,201845,0.0,0,0,0,0.0,0.0,0,1,521760920184519589,2023-08-20,Planaltina,0,0.0,90640,19.1428571428571,96.5504714285714,0,0,0,90.7268385714286,82.5312428571429,19.904762,21.2857142857143,0,,,,,16380,2018-11-04,5217609,Planaltina,GO,2018,45
1540684800000,201844,0.0,0,0,0,0.0,0.0,0,1,521760920184419589,2023-08-20,Planaltina,0,0.0,90640,19.7142857142857,91.5414748571429,0,0,0,84.7162965714286,73.9152668571429,21.0162337142857,23.1428571428571,0,,,,,16380,2018-10-28,5217609,Planaltina,GO,2018,44
1540080000000,201843,0.0,0,0,0,0.0,0.0,0,1,521760920184319589,2023-08-20,Planaltina,0,0.0,90640,19.1428571428571,96.6209914285714,0,0,0,89.3454042857143,79.030422,20.5091991428571,22.7142857142857,0,,,,,16380,2018-10-21,5217609,Planaltina,GO,2018,43
1539475200000,201842,0.0,0,0,0,0.0,0.0,0,1,521760920184219589,2023-08-20,Planaltina,0,0.0,90640,18.0,100.0,0,0,0,89.99922,80.951455,20.068182,22.0,0,,,,,16380,2018-10-14,5217609,Planaltina,GO,2018,42
1538870400000,201841,0.0,0,0,0,0.0,0.0,0,1,521760920184119589,2023-08-20,Planaltina,0,0.0,90640,18.0,96.27173625,0,0,0,,,,,0,,,,,16380,2018-10-07,5217609,Planaltina,GO,2018,41
1538265600000,201840,0.0,0,0,0,0.0,0.0,0,1,521760920184019589,2023-08-20,Planaltina,0,0.0,90640,18.0,92.5434725,0,0,0,81.64804125,69.39496,19.977273,22.0,0,,,,,16380,2018-09-30,5217609,Planaltina,GO,2018,40
1537660800000,201839,0.0,0,0,0,0.0,0.0,0,1,521760920183919589,2023-08-20,Planaltina,0,0.0,90640,15.1428571428571,92.1393,0,0,0,75.6999955714286,51.677306,18.7716451428571,23.4285714285714,0,,,,,16380,2018-09-23,5217609,Planaltina,GO,2018,39
1537056000000,201838,1.0,1,1,1,0.81445366,1.1032656,0,1,521760920183819589,2023-08-20,Planaltina,0,3.3772883,90640,15.8571428571429,99.1328242857143,0,0,0,90.2123874285714,73.5056512857143,18.3245671428571,21.8571428571429,1,,,,,16380,2018-09-16,5217609,Planaltina,GO,2018,38
1536451200000,201837,0.0,0,0,0,0.0,0.0,0,1,521760920183719589,2023-08-20,Planaltina,0,0.0,90640,12.8571428571429,82.8850302857143,0,0,0,65.2829797142857,44.3758081428571,16.6715364285714,21.5714285714286,0,,,,,16380,2018-09-09,5217609,Planaltina,GO,2018,37
1535846400000,201836,0.0,0,0,0,0.0,0.0,0,1,521760920183619589,2023-08-20,Planaltina,0,0.0,90640,13.0,85.4367364285714,0,0,0,67.8282804285714,48.7459614285714,17.1336582857143,22.0,0,,,,,16380,2018-09-02,5217609,Planaltina,GO,2018,36
1535241600000,201835,1.0,1,1,1,0.81203085,1.1032656,0,1,521760920183519589,2023-08-20,Planaltina,0,3.3289664,90640,14.0,84.0712191428571,0,0,0,65.5264721428571,49.2310167142857,17.4128788571429,21.4285714285714,1,,,,,16380,2018-08-26,5217609,Planaltina,GO,2018,35
1534636800000,201834,0.0,0,0,0,0.0,0.0,0,1,521760920183419589,2023-08-20,Planaltina,0,0.0,90640,12.8571428571429,85.2993865714286,0,0,0,70.9141297142857,55.3196785714286,16.1650432857143,19.8571428571429,0,,,,,16380,2018-08-19,5217609,Planaltina,GO,2018,34
1534032000000,201833,0.0,0,0,0,0.0,0.0,0,1,521760920183319589,2023-08-20,Planaltina,0,0.0,90640,12.2857142857143,85.5404807142857,0,0,0,66.3062278571429,43.2940031428571,16.411008,22.1428571428571,0,,,,,16380,2018-08-12,5217609,Planaltina,GO,2018,33
1533427200000,201832,1.0,1,1,1,0.730556,1.1032656,0,1,521760920183219589,2023-08-20,Planaltina,0,2.207831,90640,14.1428571428571,89.5315942857143,0,0,0,60.9638951428571,29.1533562857143,21.0119048571429,28.7142857142857,1,,,,,16380,2018-08-05,5217609,Planaltina,GO,2018,32
1532822400000,201831,0.0,0,0,0,0.0,0.0,0,1,521760920183119589,2023-08-20,Planaltina,0,0.0,90640,11.0,87.6890871428571,0,0,0,54.618591,21.6808644285714,19.5238094285714,28.4285714285714,0,,,,,16380,2018-07-29,5217609,Planaltina,GO,2018,31
1532217600000,201830,1.0,1,1,1,0.9632669,1.1032656,0,1,521760920183019589,2023-08-20,Planaltina,0,18.521107,90640,9.28571428571429,88.3618034285714,0,0,0,57.3098288571429,26.7521431428571,17.0059525714286,25.1428571428571,1,,,,,16380,2018-07-22,5217609,Planaltina,GO,2018,30
1531612800000,201829,0.0,0,0,0,0.0,0.0,0,1,521760920182919589,2023-08-20,Planaltina,0,0.0,90640,10.5714285714286,89.2166221428571,0,0,0,65.9835537142857,40.7287048571429,16.2938312857143,22.7142857142857,0,,,,,16380,2018-07-15,5217609,Planaltina,GO,2018,29
1531008000000,201828,0.0,0,0,0,0.0,0.0,0,1,521760920182819589,2023-08-20,Planaltina,0,0.0,90640,11.1428571428571,90.231216,0,0,0,79.2669381428571,61.4436665714286,14.1899351428571,18.5714285714286,0,,,,,16380,2018-07-08,5217609,Planaltina,GO,2018,28
1530403200000,201827,0.0,0,0,0,0.0,0.0,0,1,521760920182719589,2023-08-20,Planaltina,0,0.0,90640,8.71428571428571,92.5800475714286,0,0,0,78.7596252857143,61.146714,12.4994588571429,17.0,0,,,,,16380,2018-07-01,5217609,Planaltina,GO,2018,27
1529798400000,201826,0.0,0,0,0,0.0,0.0,0,1,521760920182619589,2023-08-20,Planaltina,0,0.0,90640,9.57142857142857,90.122995,0,0,0,78.8331087142857,61.8806012857143,12.6138528571429,17.0,0,,,,,16380,2018-06-24,5217609,Planaltina,GO,2018,26
1529193600000,201825,0.0,0,0,0,0.0,0.0,0,1,521760920182519589,2023-08-20,Planaltina,0,0.0,90640,10.8571428571429,91.0082948571429,0,0,0,78.8835492857143,59.9280891428571,13.9464284285714,18.2857142857143,0,,,,,16380,2018-06-17,5217609,Planaltina,GO,2018,25
1528588800000,201824,0.0,0,0,0,0.0,0.0,0,1,521760920182419589,2023-08-20,Planaltina,0,0.0,90640,12.0,95.4712491428571,0,0,0,83.2826702857143,66.0816021428571,15.0308444285714,19.1428571428571,0,,,,,16380,2018-06-10,5217609,Planaltina,GO,2018,24
1527984000000,201823,1.0,1,1,1,0.8094651,1.1032656,0,1,521760920182319589,2023-08-20,Planaltina,0,3.279127,90640,12.2857142857143,92.8212042857143,0,0,0,83.6093564285714,68.7794932857143,15.2126624285714,19.1428571428571,1,,,,,16380,2018-06-03,5217609,Planaltina,GO,2018,23
1527379200000,201822,0.0,0,0,0,0.0,0.0,0,1,521760920182219589,2023-08-20,Planaltina,0,0.0,90640,10.8571428571429,93.6589785714286,0,0,0,83.2202651428571,69.8190568571429,13.9925324285714,17.5714285714286,0,,,,,16380,2018-05-27,5217609,Planaltina,GO,2018,22
1526774400000,201821,0.0,0,0,0,0.0,0.0,0,1,521760920182119589,2023-08-20,Planaltina,0,0.0,90640,12.8571428571429,94.6691857142857,0,0,0,84.9002027142857,69.2745392857143,15.5243505714286,19.5714285714286,0,,,,,16380,2018-05-20,5217609,Planaltina,GO,2018,21
1526169600000,201820,1.0,1,1,1,0.46851066,1.1032656,0,1,521760920182019589,2023-08-20,Planaltina,0,0.91420525,90640,12.4285714285714,94.6910357142857,0,0,0,69.71466,36.3938718571429,19.2023811428571,26.7142857142857,1,,,,,16380,2018-05-13,5217609,Planaltina,GO,2018,20
1525564800000,201819,0.0,0,0,0,0.0,0.0,0,1,521760920181919589,2023-08-20,Planaltina,0,0.0,90640,12.7142857142857,94.6480642857143,0,0,0,67.552808,37.4296558571429,19.4226188571429,26.0,0,,,,,16380,2018-05-06,5217609,Planaltina,GO,2018,19
1524960000000,201818,2.0,2,2,2,0.921865,2.2065313,0,1,521760920181819589,2023-08-20,Planaltina,0,5.712874,90640,14.8571428571429,89.8055657142857,0,0,0,67.5512401428571,38.6471891428571,20.4583337142857,27.0,2,,,,,16380,2018-04-29,5217609,Planaltina,GO,2018,18
1524355200000,201817,1.0,1,1,1,0.9603134,1.1032656,0,1,521760920181719589,2023-08-20,Planaltina,0,17.116598,90640,15.5714285714286,93.0111654285714,0,0,0,74.7060045714286,46.9750641428571,20.3333334285714,26.4285714285714,0,,,,,16380,2018-04-22,5217609,Planaltina,GO,2018,17
1523750400000,201816,0.0,0,0,0,0.0,0.0,0,1,521760920181619589,2023-08-20,Planaltina,0,0.0,90640,15.7142857142857,93.0175534285714,0,0,0,83.5250631428571,69.9775341428571,18.6961041428571,21.8571428571429,0,,,,,16380,2018-04-15,5217609,Planaltina,GO,2018,16
1523145600000,201815,0.0,0,0,0,0.0,0.0,0,1,521760920181519589,2023-08-20,Planaltina,0,0.0,90640,17.1428571428571,94.757966,0,0,0,88.9460402857143,82.464787,18.3544371428571,19.8571428571429,0,,,,,16380,2018-04-08,5217609,Planaltina,GO,2018,15
1522540800000,201814,0.0,0,0,0,0.0,0.0,0,1,521760920181419589,2023-08-20,Planaltina,0,0.0,90640,18.1428571428571,94.0413757142857,0,0,0,86.8595385714286,76.5665478571429,19.7884197142857,21.8571428571429,0,,,,,16380,2018-04-01,5217609,Planaltina,GO,2018,14
1521936000000,201813,0.0,0,0,0,0.0,0.0,0,1,521760920181319589,2023-08-20,Planaltina,0,0.0,90640,17.5714285714286,90.8387157142857,0,0,0,80.9323821428572,71.2884814285714,19.5604977142857,22.0,0,,,,,16380,2018-03-25,5217609,Planaltina,GO,2018,13
1521331200000,201812,1.0,1,1,1,0.6390876,1.1032656,0,1,521760920181219589,2023-08-20,Planaltina,0,1.5481929,90640,17.8571428571429,96.5247668571429,0,0,0,86.3466601428571,76.319258,20.121212,22.5714285714286,1,,,,,16380,2018-03-18,5217609,Planaltina,GO,2018,12
1520726400000,201811,0.0,0,0,0,0.0,0.0,0,1,521760920181119589,2023-08-20,Planaltina,0,0.0,90640,18.8571428571429,93.2236442857143,0,0,0,85.3534727142857,70.6755931428571,20.9327201428571,24.0,0,,,,,16380,2018-03-11,5217609,Planaltina,GO,2018,11
1520121600000,201810,0.0,0,0,0,0.0,0.0,0,1,521760920181019589,2023-08-20,Planaltina,0,0.0,90640,18.6666666666667,93.9670533333333,0,0,0,84.1354466666667,76.0057316666667,20.004545,21.3333333333333,0,,,,,16380,2018-03-04,5217609,Planaltina,GO,2018,10
1519516800000,201809,2.0,2,2,2,0.85978013,2.2065313,0,1,521760920180919589,2023-08-20,Planaltina,0,3.3780434,90640,18.4285714285714,91.5219485714286,1,0,0,75.254332,53.5405731428571,21.7639282857143,26.1428571428571,2,,,,,16380,2018-02-25,5217609,Planaltina,GO,2018,9
1518912000000,201808,2.0,2,2,2,0.9770033,2.2065313,0,1,521760920180819589,2023-08-20,Planaltina,0,17.769787,90640,19.0,92.4215042857143,1,0,0,86.2730742857143,75.0327,20.2630951428571,22.0,1,,,,,16380,2018-02-18,5217609,Planaltina,GO,2018,8
1518307200000,201807,0.0,0,0,0,0.0,0.0,0,1,521760920180719589,2023-08-20,Planaltina,0,0.0,90640,18.5714285714286,86.1030914285714,0,0,0,75.6478842857143,63.9317058571429,20.6,23.1428571428571,0,,,,,16380,2018-02-11,5217609,Planaltina,GO,2018,7
1517702400000,201806,0.0,0,0,0,0.0,0.0,0,1,521760920180619589,2023-08-20,Planaltina,0,0.0,90640,18.1428571428571,97.5495188571429,0,0,0,87.7539664285714,77.7775105714286,19.4515875714286,21.4285714285714,0,,,,,16380,2018-02-04,5217609,Planaltina,GO,2018,6
1517097600000,201805,0.0,0,0,0,0.0,0.0,0,1,521760920180519589,2023-08-20,Planaltina,0,0.0,90640,19.4285714285714,94.0323171428571,0,0,0,87.810627,81.0663728571429,20.5428571428571,21.7142857142857,0,,,,,16380,2018-01-28,5217609,Planaltina,GO,2018,5
1516492800000,201804,0.0,0,0,0,0.0,0.0,0,1,521760920180419589,2023-08-20,Planaltina,0,0.0,90640,18.4285714285714,86.0537834285714,0,0,0,68.2273435714286,44.8479174285714,21.5359211428571,26.1428571428571,0,,,,,16380,2018-01-21,5217609,Planaltina,GO,2018,4
1515888000000,201803,1.0,1,1,1,0.46851066,1.1032656,0,1,521760920180319589,2023-08-20,Planaltina,0,0.91420525,90640,17.2857142857143,89.0138111428571,0,0,0,74.5576338571429,60.333589,20.0857142857143,23.1428571428571,1,,,,,16380,2018-01-14,5217609,Planaltina,GO,2018,3
1515283200000,201802,1.0,1,1,1,0.6887573,1.1032656,0,1,521760920180219589,2023-08-20,Planaltina,0,1.8589696,90640,18.0,89.8707705714286,0,0,0,82.27582,75.7994037142857,19.5714285714286,21.2857142857143,1,,,,,16380,2018-01-07,5217609,Planaltina,GO,2018,2
1514678400000,201801,2.0,2,2,2,0.97798216,2.2065313,0,1,521760920180119589,2023-08-20,Planaltina,0,18.521362,90640,18.8571428571429,94.8225114285714,1,0,0,89.8873771428571,83.2528934285714,19.8428571428571,20.8571428571429,0,,,,,16380,2017-12-31,5217609,Planaltina,GO,2018,1
1514073600000,201752,0.0,0,0,0,0.0,0.0,0,1,521760920175219589,2023-08-20,Planaltina,0,0.0,90640,19.1428571428571,86.8635442857143,0,0,0,78.5883127142857,67.8196414285714,21.1888887142857,23.4285714285714,0,,,,,16380,2017-12-24,5217609,Planaltina,GO,2017,52
1513468800000,201751,0.0,0,0,0,0.0,0.0,0,1,521760920175119589,2023-08-20,Planaltina,0,0.0,90640,17.4285714285714,91.5223002857143,0,0,0,78.1993728571429,65.7363848571429,20.5313492857143,23.4285714285714,0,,,,,16380,2017-12-17,5217609,Planaltina,GO,2017,51
1512864000000,201750,0.0,0,0,0,0.0,0.0,0,1,521760920175019589,2023-08-20,Planaltina,0,0.0,90640,18.1666666666667,96.964804,0,0,0,91.1291156666667,81.1464446666667,19.0916666666667,21.0,0,,,,,16380,2017-12-10,5217609,Planaltina,GO,2017,50
1512259200000,201749,0.0,0,0,0,0.0,0.0,0,1,521760920174919589,2023-08-20,Planaltina,0,0.0,90640,19.5714285714286,90.7450285714286,0,0,0,83.419618,70.7765421428571,21.2270974285714,24.0,0,,,,,16380,2017-12-03,5217609,Planaltina,GO,2017,49
1511654400000,201748,0.0,0,0,0,0.0,0.0,0,1,521760920174819589,2023-08-20,Planaltina,0,0.0,90640,18.5,93.907157,0,0,0,78.747975,61.0472205,21.041666,24.5,0,,,,,16380,2017-11-26,5217609,Planaltina,GO,2017,48
1511049600000,201747,0.0,0,0,0,0.0,0.0,0,1,521760920174719589,2023-08-20,Planaltina,0,0.0,90640,17.975,91.84822725,0,0,0,,,,,0,,,,,16380,2017-11-19,5217609,Planaltina,GO,2017,47
1510444800000,201746,1.0,1,1,1,0.9632679,1.1032656,0,1,521760920174619589,2023-08-20,Planaltina,0,18.521618,90640,17.45,89.7892975,0,0,0,,,,,1,,,,,16380,2017-11-12,5217609,Planaltina,GO,2017,46
1509840000000,201745,0.0,0,0,0,0.0,0.0,0,1,521760920174519589,2023-08-20,Planaltina,0,0.0,90640,16.925,87.73036775,0,0,0,,,,,0,,,,,16380,2017-11-05,5217609,Planaltina,GO,2017,45
1509235200000,201744,0.0,0,0,0,0.0,0.0,0,1,521760920174419589,2023-08-20,Planaltina,0,0.0,90640,16.4,85.671438,0,0,0,,,,,0,,,,,16380,2017-10-29,5217609,Planaltina,GO,2017,44
1508630400000,201743,0.0,0,0,0,0.0,0.0,0,1,521760920174319589,2023-08-20,Planaltina,0,0.0,90640,15.875,83.61250825,0,0,0,,,,,0,,,,,16380,2017-10-22,5217609,Planaltina,GO,2017,43
1508025600000,201742,0.0,0,0,0,0.0,0.0,0,1,521760920174219589,2023-08-20,Planaltina,0,0.0,90640,15.35,81.5535785,0,0,0,,,,,0,,,,,16380,2017-10-15,5217609,Planaltina,GO,2017,42
1507420800000,201741,0.0,0,0,0,0.0,0.0,0,1,521760920174119589,2023-08-20,Planaltina,0,0.0,90640,14.825,79.49464875,0,0,0,,,,,0,,,,,16380,2017-10-08,5217609,Planaltina,GO,2017,41
1506816000000,201740,0.0,0,0,0,0.0,0.0,0,1,521760920174019589,2023-08-20,Planaltina,0,0.0,90640,14.3,77.435719,0,0,0,,,,,0,,,,,16380,2017-10-01,5217609,Planaltina,GO,2017,40
1506211200000,201739,0.0,0,0,0,0.0,0.0,0,1,521760920173919589,2023-08-20,Planaltina,0,0.0,90640,13.775,75.37678925,0,0,0,,,,,0,,,,,16380,2017-09-24,5217609,Planaltina,GO,2017,39
1505606400000,201738,0.0,0,0,0,0.0,0.0,0,1,521760920173819589,2023-08-20,Planaltina,0,0.0,90640,13.25,73.3178595,0,0,0,,,,,0,,,,,16380,2017-09-17,5217609,Planaltina,GO,2017,38
1505001600000,201737,0.0,0,0,0,0.0,0.0,0,1,521760920173719589,2023-08-20,Planaltina,0,0.0,90640,12.725,71.25892975,0,0,0,,,,,0,,,,,16380,2017-09-10,5217609,Planaltina,GO,2017,37
1504396800000,201736,0.0,0,0,0,0.0,0.0,0,1,521760920173619589,2023-08-20,Planaltina,0,0.0,90640,12.2,69.2,0,0,0,53.9321426,38.8,15.7285714,19.6,0,,,,,16380,2017-09-03,5217609,Planaltina,GO,2017,36
1503792000000,201735,0.0,0,0,0,0.0,0.0,0,1,521760920173519589,2023-08-20,Planaltina,0,0.0,90640,13.1428571428571,64.7142857142857,0,0,0,51.4603174285714,36.4285714285714,15.5178571428571,18.7142857142857,0,,,,,16380,2017-08-27,5217609,Planaltina,GO,2017,35
1503187200000,201734,0.0,0,0,0,0.0,0.0,0,1,521760920173419589,2023-08-20,Planaltina,0,0.0,90640,15.2857142857143,72.4285714285714,0,0,0,63.3015871428571,52.8571428571429,17.1726191428571,19.1428571428571,0,,,,,16380,2017-08-20,5217609,Planaltina,GO,2017,34
1502582400000,201733,0.0,0,0,0,0.0,0.0,0,1,521760920173319589,2023-08-20,Planaltina,0,0.0,90640,13.5714285714286,64.5714285714286,0,0,0,54.4107142857143,41.5714285714286,16.0694444285714,19.2857142857143,0,,,,,16380,2017-08-13,5217609,Planaltina,GO,2017,33
1501977600000,201732,0.0,0,0,0,0.0,0.0,0,1,521760920173219589,2023-08-20,Planaltina,0,0.0,90640,14.0,72.1428571428571,0,0,0,63.6488091428571,53.0,15.6130952857143,17.7142857142857,0,,,,,16380,2017-08-06,5217609,Planaltina,GO,2017,32
1501372800000,201731,0.0,0,0,0,0.0,0.0,0,1,521760920173119589,2023-08-20,Planaltina,0,0.0,90640,10.7142857142857,78.0,0,0,0,68.2678571428571,57.8571428571429,12.4821428571429,14.8571428571429,0,,,,,16380,2017-07-30,5217609,Planaltina,GO,2017,31
1500768000000,201730,0.0,0,0,0,0.0,0.0,0,1,521760920173019589,2023-08-20,Planaltina,0,0.0,90640,11.0,74.1428571428571,0,0,0,64.8333337142857,53.2857142857143,12.9033447142857,15.8571428571429,0,,,,,16380,2017-07-23,5217609,Planaltina,GO,2017,30
1500163200000,201729,0.0,0,0,0,0.0,0.0,0,1,521760920172919589,2023-08-20,Planaltina,0,0.0,90640,10.1428571428571,81.4285714285714,0,0,0,71.2678571428571,61.0,12.3392857142857,14.7142857142857,0,,,,,16380,2017-07-16,5217609,Planaltina,GO,2017,29
1499558400000,201728,0.0,0,0,0,0.0,0.0,0,1,521760920172819589,2023-08-20,Planaltina,0,0.0,90640,12.4285714285714,80.8571428571429,0,0,0,71.7099201428571,62.0,13.7638888571429,15.1428571428571,0,,,,,16380,2017-07-09,5217609,Planaltina,GO,2017,28
1498953600000,201727,3.0,3,3,3,0.009941508,3.309797,0,1,521760920172719589,2023-08-20,Planaltina,0,0.26731688,90640,11.2857142857143,77.0,0,0,0,70.051588,61.4285714285714,12.515873,14.0,1,,,,,16380,2017-07-02,5217609,Planaltina,GO,2017,27
1498348800000,201726,5.0,5,5,5,0.007854874,5.5163283,0,1,521760920172619589,2023-08-20,Planaltina,0,0.32432273,90640,13.2857142857143,77.5714285714286,0,0,1,66.5651928571429,55.2857142857143,15.3472221428571,16.8571428571429,3,,,,,16380,2017-06-25,5217609,Planaltina,GO,2017,26
1497744000000,201725,13.0,13,13,13,0.077521265,14.342454,0,1,521760920172519589,2023-08-20,Planaltina,0,0.61410975,90640,12.7142857142857,80.8571428571429,0,0,1,73.7301592857143,65.7142857142857,14.156746,16.1428571428571,10,,,,,16380,2017-06-18,5217609,Planaltina,GO,2017,25
1497139200000,201724,15.0,15,15,15,0.028795531,16.548985,0,1,521760920172419589,2023-08-20,Planaltina,0,0.5532987,90640,14.2857142857143,89.8571428571429,0,0,1,80.9348071428571,69.2857142857143,16.1686507142857,18.8571428571429,11,,,,,16380,2017-06-11,5217609,Planaltina,GO,2017,24
1496534400000,201723,16.0,16,16,16,0.009152931,17.65225,0,1,521760920172319589,2023-08-20,Planaltina,0,0.49919584,90640,15.1428571428571,94.0,0,0,1,88.2103171428571,81.2857142857143,16.6805557142857,18.5714285714286,15,,,,,16380,2017-06-04,5217609,Planaltina,GO,2017,23
1495929600000,201722,38.0,38,38,38,0.17719494,41.924095,0,1,521760920172219589,2023-08-20,Planaltina,0,0.81787205,90640,16.8571428571429,93.1428571428571,0,0,2,86.6031742857143,79.8571428571429,18.3988094285714,20.1428571428571,34,,,,,16380,2017-05-28,5217609,Planaltina,GO,2017,22
1495324800000,201721,20.0,20,20,20,1.88e-07,22.065313,0,1,521760920172119589,2023-08-20,Planaltina,0,0.30522686,90640,18.0,95.0,0,0,1,91.1206342857143,85.2857142857143,19.0083334285714,20.4285714285714,18,,,,,16380,2017-05-21,5217609,Planaltina,GO,2017,21
1494720000000,201720,38.0,38,38,38,0.0003926986,41.924095,0,4,521760920172019589,2023-08-20,Planaltina,0,0.52105546,90640,17.0,97.4285714285714,0,0,2,89.9309864285714,79.7142857142857,18.9165981428571,20.8571428571429,37,,,,,16380,2017-05-14,5217609,Planaltina,GO,2017,20
1494115200000,201719,83.0,83,83,83,0.88035184,91.57105,0,4,521760920171919589,2023-08-20,Planaltina,0,1.2105514,90640,16.0,89.0,0,0,2,79.252551,69.5714285714286,17.7653061428571,20.1428571428571,82,,,,,16380,2017-05-07,5217609,Planaltina,GO,2017,19
1493510400000,201718,74.0,74,74,74,0.95143694,81.64166,0,4,521760920171819589,2023-08-20,Planaltina,0,1.3397243,90640,16.8571428571429,94.8571428571429,0,1,2,84.5280614285714,75.2857142857143,18.9260202857143,20.7142857142857,72,,,,,16380,2017-04-30,5217609,Planaltina,GO,2017,18
1492905600000,201717,73.0,73,73,73,0.9979128,80.53839,0,4,521760920171719589,2023-08-20,Planaltina,0,1.7173359,90640,19.2857142857143,96.5714285714286,1,1,2,91.2924264285714,82.4285714285714,20.4856175714286,22.4285714285714,68,,,,,16380,2017-04-23,5217609,Planaltina,GO,2017,17
1492300800000,201716,65.0,65,65,65,0.9355183,71.712265,0,1,521760920171619589,2023-08-20,Planaltina,0,1.3296522,90640,18.4285714285714,91.7142857142857,1,0,2,85.4999984285714,75.8571428571429,19.9875282857143,21.8571428571429,61,,,,,16380,2017-04-16,5217609,Planaltina,GO,2017,16
1491696000000,201715,21.0,21,21,21,8.25e-08,23.16858,0,1,521760920171519589,2023-08-20,Planaltina,0,0.3036213,90640,17.8571428571429,92.4285714285714,0,0,1,80.7494321428571,65.1428571428571,20.2063492857143,23.0,21,,,,,16380,2017-04-09,5217609,Planaltina,GO,2017,15
1491091200000,201714,41.0,41,41,41,0.0001279546,45.23389,0,4,521760920171419589,2023-08-20,Planaltina,0,0.5071365,90640,18.0,94.0,0,0,2,87.0733742857143,78.4285714285714,19.8468507142857,21.8571428571429,36,,,,,16380,2017-04-02,5217609,Planaltina,GO,2017,14
1490486400000,201713,76.0,76,76,76,0.667109,83.84819,0,4,521760920171319589,2023-08-20,Planaltina,0,1.0737157,90640,18.5714285714286,97.4285714285714,1,0,2,90.9754791428571,81.1428571428571,19.875263,21.2857142857143,67,,,,,16380,2017-03-26,5217609,Planaltina,GO,2017,13
1489881600000,201712,96.0,96,96,96,0.99998766,105.913506,0,4,521760920171219589,2023-08-20,Planaltina,0,2.071049,90640,18.2857142857143,96.5714285714286,1,1,2,89.9855434285714,80.5714285714286,19.6284012857143,21.7142857142857,86,,,,,16380,2017-03-19,5217609,Planaltina,GO,2017,12
1489276800000,201711,81.0,81,81,81,1.0,89.36452,0,4,521760920171119589,2023-08-20,Planaltina,0,3.255195,90640,18.2857142857143,92.7142857142857,1,1,2,82.5025514285714,69.1428571428571,21.0408164285714,23.4285714285714,73,,,,,16380,2017-03-12,5217609,Planaltina,GO,2017,11
1488672000000,201710,42.0,42,42,42,0.9999317,46.33716,0,1,521760920171019589,2023-08-20,Planaltina,0,2.9477751,90640,20.2857142857143,90.0,1,1,2,80.1154762857143,67.0,22.0928571428571,24.1428571428571,33,,,,,16380,2017-03-05,5217609,Planaltina,GO,2017,10
1488067200000,201709,17.0,17,17,17,0.93139833,18.755516,0,1,521760920170919589,2023-08-20,Planaltina,0,1.7856277,90640,18.0,97.1428571428571,0,0,1,89.6066791428571,80.1428571428571,19.7307515714286,21.4285714285714,8,,,,,16380,2017-02-26,5217609,Planaltina,GO,2017,9
1487462400000,201708,12.0,12,12,12,0.93609095,13.239188,0,2,521760920170819589,2023-08-20,Planaltina,0,2.0695999,90640,19.5714285714286,90.5714285714286,1,0,1,82.4666671428571,71.5714285714286,21.470238,23.4285714285714,6,,,,,16380,2017-02-19,5217609,Planaltina,GO,2017,8
1486857600000,201707,12.0,12,12,12,0.97433645,13.239188,0,2,521760920170719589,2023-08-20,Planaltina,0,2.6934528,90640,19.1428571428571,94.8571428571429,1,1,1,84.2842971428571,67.0,20.8106578571429,22.5714285714286,6,,,,,16380,2017-02-12,5217609,Planaltina,GO,2017,7
1486252800000,201706,3.0,3,3,3,0.13667141,3.309797,0,2,521760920170619589,2023-08-20,Planaltina,0,0.4901751,90640,19.5714285714286,95.7142857142857,1,0,0,90.7521895714286,79.7142857142857,20.9316501428571,23.1428571428571,3,,,,,16380,2017-02-05,5217609,Planaltina,GO,2017,6
1485648000000,201705,3.0,3,3,3,0.06174038,3.309797,0,2,521760920170519589,2023-08-20,Planaltina,0,0.386643,90640,19.5714285714286,90.7142857142857,1,0,0,83.3244995714286,74.4285714285714,21.0728368571429,22.8571428571429,2,,,,,16380,2017-01-29,5217609,Planaltina,GO,2017,5
1485043200000,201704,5.0,5,5,5,0.31821933,5.5163283,0,2,521760920170419589,2023-08-20,Planaltina,0,0.7638113,90640,18.7142857142857,96.0,1,0,1,85.9585037142857,73.8571428571429,20.4312927142857,23.0,5,,,,,16380,2017-01-22,5217609,Planaltina,GO,2017,4
1484438400000,201703,12.0,12,12,12,0.95634246,13.239188,0,2,521760920170319589,2023-08-20,Planaltina,0,2.3129594,90640,18.7142857142857,94.8571428571429,1,1,1,85.686888,66.5714285714286,20.707794,23.4285714285714,8,,,,,16380,2017-01-15,5217609,Planaltina,GO,2017,3
1483833600000,201702,6.0,6,6,6,0.62928605,6.619594,0,2,521760920170219589,2023-08-20,Planaltina,0,1.2120892,90640,19.8571428571429,90.7142857142857,1,0,1,83.31172,68.8571428571429,21.6940901428571,23.7142857142857,6,,,,,16380,2017-01-08,5217609,Planaltina,GO,2017,2
1483228800000,201701,2.0,2,2,2,0.24241324,2.2065313,0,1,521760920170119589,2023-08-20,Planaltina,0,0.5705688,90640,19.7142857142857,87.4285714285714,1,0,0,72.289117,56.2857142857143,22.7341267142857,25.7142857142857,1,,,,,16380,2017-01-01,5217609,Planaltina,GO,2017,1
1482624000000,201652,9.0,9,9,9,0.98413134,9.929391,0,1,521760920165219589,2023-08-20,Planaltina,0,3.89496,90640,19.0,92.2857142857143,1,1,1,77.8925728571429,62.8571428571429,21.828456,24.7142857142857,0,,,,,16380,2016-12-25,5217609,Planaltina,GO,2016,52
1482019200000,201651,2.0,2,2,2,0.39500853,2.2065313,0,1,521760920165119589,2023-08-20,Planaltina,0,0.7953354,90640,20.1428571428571,85.2857142857143,0,0,0,74.4387757142857,61.2857142857143,22.1479591428571,24.5714285714286,2,,,,,16380,2016-12-18,5217609,Planaltina,GO,2016,51
1481414400000,201650,1.0,1,1,1,0.19268654,1.1032656,0,2,521760920165019589,2023-08-20,Planaltina,0,0.42093349,90640,19.7142857142857,95.7142857142857,1,0,0,89.082014,79.2857142857143,20.8965221428571,22.4285714285714,1,,,,,16380,2016-12-11,5217609,Planaltina,GO,2016,50
1480809600000,201649,3.0,3,3,3,0.8525673,3.309797,0,1,521760920164919589,2023-08-20,Planaltina,0,2.6552062,90640,20.0,92.2857142857143,1,0,0,85.1367972857143,72.5714285714286,21.5807042857143,23.8571428571429,2,,,,,16380,2016-12-04,5217609,Planaltina,GO,2016,49
1480204800000,201648,4.0,4,4,4,0.9926397,4.4130626,0,1,521760920164819589,2023-08-20,Planaltina,0,18.521618,90640,18.7142857142857,95.7142857142857,1,0,0,87.5812262857143,75.5714285714286,21.4258894285714,24.5714285714286,3,,,,,16380,2016-11-27,5217609,Planaltina,GO,2016,48
1479600000000,201647,0.0,0,0,0,0.0,0.0,0,1,521760920164719589,2023-08-20,Planaltina,0,0.0,90640,19.1666666666667,98.0,0,0,0,89.8182611666667,81.1666666666667,20.6537588333333,22.5,0,,,,,16380,2016-11-20,5217609,Planaltina,GO,2016,47
1478995200000,201646,0.0,0,0,0,0.0,0.0,0,1,521760920164619589,2023-08-20,Planaltina,0,0.0,90640,19.0,98.2857142857143,0,0,0,88.4113421428571,76.4285714285714,20.5806982857143,22.7142857142857,0,,,,,16380,2016-11-13,5217609,Planaltina,GO,2016,46
1478390400000,201645,0.0,0,0,0,0.0,0.0,0,1,521760920164519589,2023-08-20,Planaltina,0,0.0,90640,19.2857142857143,94.1428571428571,0,0,0,86.5108848571429,75.7142857142857,20.9880951428571,23.1428571428571,0,,,,,16380,2016-11-06,5217609,Planaltina,GO,2016,45
1477785600000,201644,0.0,0,0,0,0.0,0.0,0,1,521760920164419589,2023-08-20,Planaltina,0,0.0,90640,19.8571428571429,93.4285714285714,0,0,0,85.7820195714286,75.5714285714286,21.1360837142857,22.4285714285714,0,,,,,16380,2016-10-30,5217609,Planaltina,GO,2016,44
1477180800000,201643,0.0,0,0,0,0.0,0.0,0,1,521760920164319589,2023-08-20,Planaltina,0,0.0,90640,19.2857142857143,87.0,0,0,0,76.2435685714286,62.8571428571429,21.2112748571429,23.7142857142857,0,,,,,16380,2016-10-23,5217609,Planaltina,GO,2016,43
1476576000000,201642,0.0,0,0,0,0.0,0.0,0,1,521760920164219589,2023-08-20,Planaltina,0,0.0,90640,20.2857142857143,80.4285714285714,0,0,0,71.1638888571429,58.2857142857143,21.9146827142857,24.2857142857143,0,,,,,16380,2016-10-16,5217609,Planaltina,GO,2016,42
1475971200000,201641,0.0,0,0,0,0.0,0.0,0,1,521760920164119589,2023-08-20,Planaltina,0,0.0,90640,20.1428571428571,75.2857142857143,0,0,0,67.3004545714286,55.7142857142857,21.5955212857143,23.5714285714286,0,,,,,16380,2016-10-09,5217609,Planaltina,GO,2016,41
1475366400000,201640,0.0,0,0,0,0.0,0.0,0,1,521760920164019589,2023-08-20,Planaltina,0,0.0,90640,18.0,90.7142857142857,0,0,0,80.3370985714286,68.4285714285714,20.0352565714286,22.2857142857143,0,,,,,16380,2016-10-02,5217609,Planaltina,GO,2016,40
1474761600000,201639,3.0,3,3,3,0.8109957,3.309797,0,1,521760920163919589,2023-08-20,Planaltina,0,2.2076013,90640,17.7142857142857,94.0,0,0,0,84.3971092857143,72.5714285714286,19.8089564285714,22.8571428571429,1,,,,,16380,2016-09-25,5217609,Planaltina,GO,2016,39
1474156800000,201638,0.0,0,0,0,0.0,0.0,0,1,521760920163819589,2023-08-20,Planaltina,0,0.0,90640,18.2857142857143,80.1428571428571,0,0,0,68.0518615714286,53.7142857142857,20.0165567142857,22.8571428571429,0,,,,,16380,2016-09-18,5217609,Planaltina,GO,2016,38
1473552000000,201637,3.0,3,3,3,0.9800391,3.309797,0,1,521760920163719589,2023-08-20,Planaltina,0,12.598289,90640,14.7142857142857,73.5714285714286,0,0,0,59.3626411428571,44.1428571428571,17.8866214285714,21.1428571428571,0,,,,,16380,2016-09-11,5217609,Planaltina,GO,2016,37
1472947200000,201636,0.0,0,0,0,0.0,0.0,0,1,521760920163619589,2023-08-20,Planaltina,0,0.0,90640,14.5714285714286,73.5714285714286,0,0,0,59.6295342857143,46.8571428571429,17.3146257142857,20.4285714285714,0,,,,,16380,2016-09-04,5217609,Planaltina,GO,2016,36
1472342400000,201635,0.0,0,0,0,0.0,0.0,0,1,521760920163519589,2023-08-20,Planaltina,0,0.0,90640,15.2857142857143,79.0,0,0,0,61.1159295714286,42.4285714285714,19.5615075714286,23.8571428571429,0,,,,,16380,2016-08-28,5217609,Planaltina,GO,2016,35
1471737600000,201634,0.0,0,0,0,0.0,0.0,0,1,521760920163419589,2023-08-20,Planaltina,0,0.0,90640,13.4285714285714,85.0,0,0,0,70.3480991428571,54.7142857142857,17.0159275714286,21.0,0,,,,,16380,2016-08-21,5217609,Planaltina,GO,2016,34
1471132800000,201633,1.0,1,1,1,0.23353675,1.1032656,0,1,521760920163319589,2023-08-20,Planaltina,0,0.47658116,90640,16.4285714285714,78.7142857142857,0,0,0,68.9680478571429,58.4285714285714,18.7260538571429,20.8571428571429,0,,,,,16380,2016-08-14,5217609,Planaltina,GO,2016,33
1470528000000,201632,5.0,5,5,5,0.89373165,5.5163283,0,1,521760920163219589,2023-08-20,Planaltina,0,2.5395336,90640,13.4285714285714,74.1428571428571,0,0,1,61.0568771428571,47.4285714285714,16.3796294285714,20.1428571428571,4,,,,,16380,2016-08-07,5217609,Planaltina,GO,2016,32
1469923200000,201631,0.0,0,0,0,0.0,0.0,0,1,521760920163119589,2023-08-20,Planaltina,0,0.0,90640,11.8571428571429,83.8571428571429,0,0,0,67.3651914285714,49.7142857142857,15.1477325714286,18.8571428571429,0,,,,,16380,2016-07-31,5217609,Planaltina,GO,2016,31
1469318400000,201630,3.0,3,3,3,0.7233394,3.309797,0,1,521760920163019589,2023-08-20,Planaltina,0,1.651548,90640,12.4285714285714,79.1428571428571,0,0,0,65.7624717142857,53.7142857142857,15.5039682857143,18.5714285714286,2,,,,,16380,2016-07-24,5217609,Planaltina,GO,2016,30
1468713600000,201629,2.0,2,2,2,0.32126465,2.2065313,0,1,521760920162919589,2023-08-20,Planaltina,0,0.6793985,90640,11.7142857142857,83.0,0,0,0,69.3151912857143,55.1428571428571,14.6000565714286,17.8571428571429,0,,,,,16380,2016-07-17,5217609,Planaltina,GO,2016,29
1468108800000,201628,0.0,0,0,0,0.0,0.0,0,1,521760920162819589,2023-08-20,Planaltina,0,0.0,90640,10.2857142857143,89.4285714285714,0,0,0,75.4257362857143,57.1428571428571,13.4325398571429,17.4285714285714,0,,,,,16380,2016-07-10,5217609,Planaltina,GO,2016,28
1467504000000,201627,4.0,4,4,4,0.1985047,4.4130626,0,1,521760920162719589,2023-08-20,Planaltina,0,0.60246724,90640,14.1428571428571,82.7142857142857,0,0,0,71.2820285714286,56.2857142857143,16.170068,18.8571428571429,2,,,,,16380,2016-07-03,5217609,Planaltina,GO,2016,27
1466899200000,201626,3.0,3,3,3,0.060832407,3.309797,0,1,521760920162619589,2023-08-20,Planaltina,0,0.38517687,90640,12.2857142857143,88.8571428571429,0,0,0,74.8065812857143,57.2857142857143,14.41523,17.0,3,,,,,16380,2016-06-26,5217609,Planaltina,GO,2016,26
1466294400000,201625,9.0,9,9,9,0.573184,9.929391,0,1,521760920162519589,2023-08-20,Planaltina,0,1.0906142,90640,11.8571428571429,94.0,0,0,1,80.1425732857143,66.1428571428571,14.3024375714286,17.2857142857143,7,,,,,16380,2016-06-19,5217609,Planaltina,GO,2016,25
1465689600000,201624,6.0,6,6,6,0.12305787,6.619594,0,1,521760920162419589,2023-08-20,Planaltina,0,0.56764,90640,11.5714285714286,94.8571428571429,0,0,1,84.1095234285714,70.8571428571429,14.0441041428571,16.8571428571429,4,,,,,16380,2016-06-12,5217609,Planaltina,GO,2016,24
1465084800000,201623,12.0,12,12,12,0.1357894,13.239188,0,1,521760920162319589,2023-08-20,Planaltina,0,0.67007416,90640,14.7142857142857,96.7142857142857,0,0,1,85.0391148571429,71.2857142857143,17.3015871428571,20.2857142857143,9,,,,,16380,2016-06-05,5217609,Planaltina,GO,2016,23
1464480000000,201622,1.0,1,1,1,2.923e-07,1.1032656,0,1,521760920162219589,2023-08-20,Planaltina,0,0.046069894,90640,13.0,93.1428571428571,0,0,0,81.6394545714286,68.4285714285714,15.8486394285714,18.8571428571429,1,,,,,16380,2016-05-29,5217609,Planaltina,GO,2016,22
1463875200000,201621,21.0,21,21,21,0.5627737,23.16858,0,1,521760920162119589,2023-08-20,Planaltina,0,1.0500737,90640,15.4285714285714,95.7142857142857,0,0,1,82.2964865714286,67.5714285714286,18.0731294285714,20.8571428571429,14,,,,,16380,2016-05-22,5217609,Planaltina,GO,2016,21
1463270400000,201620,34.0,34,34,34,0.9672134,37.511032,0,1,521760920162019589,2023-08-20,Planaltina,0,1.6526674,90640,17.8571428571429,94.0,0,1,2,85.986962,74.7142857142857,19.2891154285714,21.4285714285714,24,,,,,16380,2016-05-15,5217609,Planaltina,GO,2016,20
1462665600000,201619,5.0,5,5,5,0.0009867521,5.5163283,0,1,521760920161919589,2023-08-20,Planaltina,0,0.2560095,90640,15.5714285714286,88.1428571428571,0,0,1,75.1598618571429,59.2857142857143,18.2619048571429,21.4285714285714,5,,,,,16380,2016-05-08,5217609,Planaltina,GO,2016,19
1462060800000,201618,32.0,32,32,32,0.98354197,35.3045,0,1,521760920161819589,2023-08-20,Planaltina,0,1.8527981,90640,15.4285714285714,94.0,0,1,2,81.981576,68.7142857142857,17.8897392857143,20.8571428571429,24,,,,,16380,2016-05-01,5217609,Planaltina,GO,2016,18
1461456000000,201617,15.0,15,15,15,0.39770767,16.548985,0,1,521760920161719589,2023-08-20,Planaltina,0,0.9127281,90640,17.0,94.0,0,0,1,85.6716438571429,68.8571428571429,18.850505,21.7142857142857,11,,,,,16380,2016-04-24,5217609,Planaltina,GO,2016,17
1460851200000,201616,20.0,20,20,20,0.6438439,22.065313,0,1,521760920161619589,2023-08-20,Planaltina,0,1.1261466,90640,16.5714285714286,88.0,0,0,1,67.2322385714286,43.1428571428571,20.5540441428571,24.8571428571429,14,,,,,16380,2016-04-17,5217609,Planaltina,GO,2016,16
1460246400000,201615,11.0,11,11,11,0.11592682,12.135922,0,1,521760920161519589,2023-08-20,Planaltina,0,0.63835686,90640,16.2857142857143,89.0,0,0,1,58.2568032857143,24.5714285714286,22.7471658571429,28.7142857142857,9,,,,,16380,2016-04-10,5217609,Planaltina,GO,2016,15
1459641600000,201614,22.0,22,22,22,0.8256048,24.271845,0,1,521760920161419589,2023-08-20,Planaltina,0,1.3515611,90640,17.1428571428571,91.5714285714286,0,0,1,80.3276642857143,66.1428571428571,19.5107708571429,22.5714285714286,12,,,,,16380,2016-04-03,5217609,Planaltina,GO,2016,14
1459036800000,201613,19.0,19,19,19,0.60255843,20.962048,0,1,521760920161319589,2023-08-20,Planaltina,0,1.0889127,90640,16.4285714285714,96.5714285714286,0,0,1,87.1434238571429,76.0,18.3407027142857,20.5714285714286,15,,,,,16380,2016-03-27,5217609,Planaltina,GO,2016,13
1458432000000,201612,10.0,10,10,10,0.07066531,11.032657,0,1,521760920161219589,2023-08-20,Planaltina,0,0.5697283,90640,17.4285714285714,96.5714285714286,0,0,1,89.8616778571429,80.2857142857143,18.929705,20.8571428571429,5,,,,,16380,2016-03-20,5217609,Planaltina,GO,2016,12
1457827200000,201611,23.0,23,23,23,0.79754025,25.37511,0,1,521760920161119589,2023-08-20,Planaltina,0,1.2961025,90640,17.2857142857143,95.8571428571429,0,0,1,87.914682,77.1428571428571,19.1309525714286,21.5714285714286,16,,,,,16380,2016-03-13,5217609,Planaltina,GO,2016,11
1457222400000,201610,16.0,16,16,16,0.2736117,17.65225,0,1,521760920161019589,2023-08-20,Planaltina,0,0.8186845,90640,19.7142857142857,99.1428571428571,1,0,1,90.8820865714286,80.0,20.6164965714286,22.0,8,,,,,16380,2016-03-06,5217609,Planaltina,GO,2016,10
1456617600000,201609,16.0,16,16,16,0.2582591,17.65225,0,1,521760920160919589,2023-08-20,Planaltina,0,0.8066756,90640,19.0,95.7142857142857,1,0,1,88.2529098571429,76.7142857142857,20.6726508571429,22.4285714285714,11,,,,,16380,2016-02-28,5217609,Planaltina,GO,2016,9
1456012800000,201608,20.0,20,20,20,0.653701,22.065313,0,1,521760920160819589,2023-08-20,Planaltina,0,1.1361443,90640,17.2857142857143,96.8571428571429,0,0,1,89.1411558571429,80.2857142857143,18.72449,20.8571428571429,10,,,,,16380,2016-02-21,5217609,Planaltina,GO,2016,8
1455408000000,201607,25.0,25,25,25,0.89542246,27.581642,0,1,521760920160719589,2023-08-20,Planaltina,0,1.4731638,90640,17.5714285714286,94.0,0,0,2,85.2006808571429,65.7142857142857,19.4691558571429,21.5714285714286,14,,,,,16380,2016-02-14,5217609,Planaltina,GO,2016,7
1454803200000,201606,13.0,13,13,13,0.20596841,14.342454,0,1,521760920160619589,2023-08-20,Planaltina,0,0.7446469,90640,18.5714285714286,94.8571428571429,1,0,1,70.5996,37.1428571428571,23.3761632857143,29.1428571428571,8,,,,,16380,2016-02-07,5217609,Planaltina,GO,2016,6
1454198400000,201605,17.0,17,17,17,0.23681436,18.755516,0,1,521760920160519589,2023-08-20,Planaltina,0,0.79488754,90640,16.7142857142857,96.5714285714286,0,0,1,69.3639462857143,34.7142857142857,22.9293205714286,29.0,9,,,,,16380,2016-01-31,5217609,Planaltina,GO,2016,5
1453593600000,201604,21.0,21,21,21,0.071492486,23.16858,0,2,521760920160419589,2023-08-20,Planaltina,0,0.66684455,90640,19.1428571428571,97.4285714285714,1,0,1,88.2325914285714,76.2857142857143,20.553884,22.4285714285714,14,,,,,16380,2016-01-24,5217609,Planaltina,GO,2016,4
1452988800000,201603,8.0,8,8,8,1.44391e-05,8.826125,0,2,521760920160319589,2023-08-20,Planaltina,0,0.23707637,90640,19.4285714285714,96.5714285714286,1,0,1,91.8866034285714,83.8571428571429,20.3352258571429,21.7142857142857,3,,,,,16380,2016-01-17,5217609,Planaltina,GO,2016,3
1452384000000,201602,39.0,39,39,39,0.9793525,43.027363,0,4,521760920160219589,2023-08-20,Planaltina,0,1.6870984,90640,19.8571428571429,96.5714285714286,1,1,2,91.8952377142857,85.0,20.4555558571429,21.7142857142857,17,,,,,16380,2016-01-10,5217609,Planaltina,GO,2016,2
1451779200000,201601,50.0,50,50,50,0.99999934,55.163284,0,2,521760920160119589,2023-08-20,Planaltina,0,3.8199189,90640,19.8571428571429,95.7142857142857,1,1,2,92.1944434285714,87.0,20.3042657142857,21.2857142857143,35,,,,,16380,2016-01-03,5217609,Planaltina,GO,2016,1
1451174400000,201552,13.0,13,13,13,0.8802687,14.342454,0,2,521760920155219589,2023-08-20,Planaltina,0,1.6718222,90640,18.7142857142857,97.4285714285714,1,0,1,88.9041938571429,79.7142857142857,19.7125842857143,21.4285714285714,11,,,,,16380,2015-12-27,5217609,Planaltina,GO,2015,52
1450569600000,201551,14.0,14,14,14,0.9647231,15.44572,0,2,521760920155119589,2023-08-20,Planaltina,0,2.2719865,90640,18.1428571428571,93.4285714285714,1,1,1,81.7665335714286,70.7142857142857,20.3035714285714,22.7142857142857,10,,,,,16380,2015-12-20,5217609,Planaltina,GO,2015,51
1449964800000,201550,6.0,6,6,6,0.42275742,6.619594,0,2,521760920155019589,2023-08-20,Planaltina,0,0.8994416,90640,18.2857142857143,93.1428571428571,1,0,1,82.9737322857143,69.8571428571429,19.9398998571429,22.1428571428571,4,,,,,16380,2015-12-13,5217609,Planaltina,GO,2015,50
1449360000000,201549,3.0,3,3,3,0.1501707,3.309797,0,2,521760920154919589,2023-08-20,Planaltina,0,0.50699556,90640,18.4285714285714,96.5714285714286,1,0,0,81.6306114285714,56.7142857142857,21.272789,25.7142857142857,1,,,,,16380,2015-12-06,5217609,Planaltina,GO,2015,49
1448755200000,201548,10.0,10,10,10,0.94818455,11.032657,0,2,521760920154819589,2023-08-20,Planaltina,0,2.4058254,90640,18.7142857142857,94.8571428571429,1,0,1,70.8344028571429,37.2857142857143,23.9021398571429,30.2857142857143,6,,,,,16380,2015-11-29,5217609,Planaltina,GO,2015,48
1448150400000,201547,6.0,6,6,6,0.88787574,6.619594,0,1,521760920154719589,2023-08-20,Planaltina,0,2.2641006,90640,18.7142857142857,97.4285714285714,1,0,1,77.7202051428571,37.7142857142857,22.4175107142857,29.1428571428571,2,,,,,16380,2015-11-22,5217609,Planaltina,GO,2015,47
1447545600000,201546,3.0,3,3,3,0.8429775,3.309797,0,1,521760920154619589,2023-08-20,Planaltina,0,2.5341117,90640,19.1428571428571,94.8571428571429,1,0,0,79.5603714285714,46.0,22.4648577142857,28.4285714285714,0,,,,,16380,2015-11-15,5217609,Planaltina,GO,2015,46
1446940800000,201545,4.0,4,4,4,0.9803694,4.4130626,0,1,521760920154519589,2023-08-20,Planaltina,0,8.734872,90640,17.5714285714286,82.5714285714286,0,0,0,50.3418361428571,18.0,25.0438774285714,32.5714285714286,1,,,,,16380,2015-11-08,5217609,Planaltina,GO,2015,45
1446336000000,201544,0.0,0,0,0,0.0,0.0,0,1,521760920154419589,2023-08-20,Planaltina,0,0.0,90640,18.0,94.25,0,0,0,64.834939875,22.375,23.845613,31.125,0,,,,,16380,2015-11-01,5217609,Planaltina,GO,2015,44
1445731200000,201543,0.0,0,0,0,0.0,0.0,0,1,521760920154319589,2023-08-20,Planaltina,0,0.0,90640,18.5714285714286,94.0,0,0,0,74.2970257142857,32.4285714285714,22.5373938571429,28.0,0,,,,,16380,2015-10-25,5217609,Planaltina,GO,2015,43
1445126400000,201542,1.0,1,1,1,0.9632679,1.1032656,0,1,521760920154219589,2023-08-20,Planaltina,0,18.521618,90640,17.1428571428571,77.1428571428571,0,0,0,46.4860485714286,20.1428571428571,25.4464884285714,33.2857142857143,1,,,,,16380,2015-10-18,5217609,Planaltina,GO,2015,42
1444521600000,201541,0.0,0,0,0,0.0,0.0,0,1,521760920154119589,2023-08-20,Planaltina,0,0.0,90640,16.1428571428571,66.7142857142857,0,0,0,35.5308012857143,9.85714285714286,25.3737717142857,33.2857142857143,0,,,,,16380,2015-10-11,5217609,Planaltina,GO,2015,41
1443916800000,201540,0.0,0,0,0,0.0,0.0,0,1,521760920154019589,2023-08-20,Planaltina,0,0.0,90640,17.5714285714286,84.0,0,0,0,50.7846942857143,20.1428571428571,24.9978081428571,32.7142857142857,0,,,,,16380,2015-10-04,5217609,Planaltina,GO,2015,40
1443312000000,201539,0.0,0,0,0,0.0,0.0,0,1,521760920153919589,2023-08-20,Planaltina,0,0.0,90640,16.5714285714286,88.4285714285714,0,0,0,54.077763,20.4285714285714,23.6662562857143,31.0,0,,,,,16380,2015-09-27,5217609,Planaltina,GO,2015,39
1442707200000,201538,0.0,0,0,0,0.0,0.0,0,1,521760920153819589,2023-08-20,Planaltina,0,0.0,90640,14.7142857142857,73.8571428571429,0,0,0,40.6734691428571,10.1428571428571,24.3418368571429,33.1428571428571,0,,,,,16380,2015-09-20,5217609,Planaltina,GO,2015,38
1442102400000,201537,0.0,0,0,0,0.0,0.0,0,1,521760920153719589,2023-08-20,Planaltina,0,0.0,90640,16.2857142857143,84.1428571428571,0,0,0,57.0918375714286,26.2857142857143,22.607143,29.4285714285714,0,,,,,16380,2015-09-13,5217609,Planaltina,GO,2015,37
1441497600000,201536,0.0,0,0,0,0.0,0.0,0,1,521760920153619589,2023-08-20,Planaltina,0,0.0,90640,17.0,81.4285714285714,0,0,0,55.8860647142857,24.2857142857143,23.6015798571429,30.8571428571429,0,,,,,16380,2015-09-06,5217609,Planaltina,GO,2015,36
1440892800000,201535,0.0,0,0,0,0.0,0.0,0,1,521760920153519589,2023-08-20,Planaltina,0,0.0,90640,12.7142857142857,80.5714285714286,0,0,0,43.9671204285714,13.0,22.354308,31.2857142857143,0,,,,,16380,2015-08-30,5217609,Planaltina,GO,2015,35
1440288000000,201534,0.0,0,0,0,0.0,0.0,0,1,521760920153419589,2023-08-20,Planaltina,0,0.0,90640,14.0,82.5714285714286,0,0,0,47.7384612857143,15.1428571428571,22.6258045714286,30.7142857142857,0,,,,,16380,2015-08-23,5217609,Planaltina,GO,2015,34
1439683200000,201533,0.0,0,0,0,0.0,0.0,0,1,521760920153319589,2023-08-20,Planaltina,0,0.0,90640,12.7142857142857,85.5714285714286,0,0,0,53.7023218571429,17.7142857142857,20.4750174285714,28.5714285714286,0,,,,,16380,2015-08-16,5217609,Planaltina,GO,2015,33
1439078400000,201532,0.0,0,0,0,0.0,0.0,0,1,521760920153219589,2023-08-20,Planaltina,0,0.0,90640,11.1428571428571,83.1428571428571,0,0,0,55.3128078571429,21.5714285714286,18.1850808571429,25.8571428571429,0,,,,,16380,2015-08-09,5217609,Planaltina,GO,2015,32
1438473600000,201531,0.0,0,0,0,0.0,0.0,0,1,521760920153119589,2023-08-20,Planaltina,0,0.0,90640,9.71428571428571,83.5714285714286,0,0,0,49.9438775714286,15.0,18.7755101428571,27.2857142857143,0,,,,,16380,2015-08-02,5217609,Planaltina,GO,2015,31
1437868800000,201530,0.0,0,0,0,0.0,0.0,0,1,521760920153019589,2023-08-20,Planaltina,0,0.0,90640,13.4285714285714,82.7142857142857,0,0,0,50.6590141428571,19.7142857142857,20.8265307142857,27.2857142857143,0,,,,,16380,2015-07-26,5217609,Planaltina,GO,2015,30
1437264000000,201529,1.0,1,1,1,0.020892598,1.1032656,0,1,521760920152919589,2023-08-20,Planaltina,0,0.17918372,90640,13.0,83.1428571428571,0,0,0,55.1442867142857,24.4285714285714,19.7262584285714,26.0,0,,,,,16380,2015-07-19,5217609,Planaltina,GO,2015,29
1436659200000,201528,12.0,12,12,12,0.8927584,13.239188,0,1,521760920152819589,2023-08-20,Planaltina,0,1.7704972,90640,13.7142857142857,87.1428571428571,0,0,1,59.0944818571429,26.5714285714286,20.080688,26.0,8,,,,,16380,2015-07-12,5217609,Planaltina,GO,2015,28
1436054400000,201527,0.0,0,0,0,0.0,0.0,0,1,521760920152719589,2023-08-20,Planaltina,0,0.0,90640,14.2857142857143,89.7142857142857,0,0,0,65.7380361428571,33.5714285714286,19.7841307142857,26.0,0,,,,,16380,2015-07-05,5217609,Planaltina,GO,2015,27
1435449600000,201526,9.0,9,9,9,0.3882898,9.929391,0,1,521760920152619589,2023-08-20,Planaltina,0,0.88090694,90640,12.0,85.2857142857143,0,0,1,59.876417,25.2857142857143,19.1681785714286,25.7142857142857,6,,,,,16380,2015-06-28,5217609,Planaltina,GO,2015,26
1434844800000,201525,7.0,7,7,7,0.4151469,7.72286,0,1,521760920152519589,2023-08-20,Planaltina,0,0.8972843,90640,12.8571428571429,88.4285714285714,0,0,1,66.1838508571429,36.2857142857143,17.8029554285714,22.7142857142857,3,,,,,16380,2015-06-21,5217609,Planaltina,GO,2015,25
1434240000000,201524,15.0,15,15,15,0.9954455,16.548985,0,1,521760920152419589,2023-08-20,Planaltina,0,3.5831861,90640,14.0,87.1428571428571,0,1,1,61.7091842857143,30.4285714285714,20.1428572857143,26.0,10,,,,,16380,2015-06-14,5217609,Planaltina,GO,2015,24
1433635200000,201523,8.0,8,8,8,0.95160866,8.826125,0,1,521760920152319589,2023-08-20,Planaltina,0,2.7971134,90640,13.2857142857143,90.5714285714286,0,1,1,64.2448971428571,31.1428571428571,19.5918364285714,25.2857142857143,6,,,,,16380,2015-06-07,5217609,Planaltina,GO,2015,23
1433030400000,201522,2.0,2,2,2,0.11374087,2.2065313,0,1,521760920152219589,2023-08-20,Planaltina,0,0.40578005,90640,14.8571428571429,90.5714285714286,0,0,0,67.945919,36.4285714285714,19.8690475714286,25.0,1,,,,,16380,2015-05-31,5217609,Planaltina,GO,2015,22
1432425600000,201521,2.0,2,2,2,0.008175723,2.2065313,0,1,521760920152119589,2023-08-20,Planaltina,0,0.21159631,90640,14.1428571428571,91.4285714285714,0,0,0,67.2397967142857,32.8571428571429,19.9711471428571,26.0,0,,,,,16380,2015-05-24,5217609,Planaltina,GO,2015,21
1431820800000,201520,2.0,2,2,2,0.001035748,2.2065313,0,1,521760920152019589,2023-08-20,Planaltina,0,0.15621436,90640,15.4285714285714,92.2857142857143,0,0,0,72.6418005714286,44.7142857142857,19.2973258571429,24.0,2,,,,,16380,2015-05-17,5217609,Planaltina,GO,2015,20
1431216000000,201519,11.0,11,11,11,0.38058388,12.135922,0,1,521760920151919589,2023-08-20,Planaltina,0,0.883875,90640,15.7142857142857,93.4285714285714,0,0,1,80.1965742857143,59.2857142857143,19.0622945714286,22.8571428571429,7,,,,,16380,2015-05-10,5217609,Planaltina,GO,2015,19
1430611200000,201518,15.0,15,15,15,0.8396795,16.548985,0,1,521760920151819589,2023-08-20,Planaltina,0,1.4820387,90640,17.7142857142857,96.5714285714286,0,0,1,80.4563685714286,57.8571428571429,20.5177691428571,24.5714285714286,14,,,,,16380,2015-05-03,5217609,Planaltina,GO,2015,18
1430006400000,201517,15.0,15,15,15,0.8780889,16.548985,0,1,521760920151719589,2023-08-20,Planaltina,0,1.6005639,90640,16.8571428571429,95.7142857142857,0,0,1,80.6601361428571,54.8571428571429,20.0105428571429,24.7142857142857,14,,,,,16380,2015-04-26,5217609,Planaltina,GO,2015,17
1429401600000,201516,7.0,7,7,7,0.3422604,7.72286,0,2,521760920151619589,2023-08-20,Planaltina,0,0.81789315,90640,18.4285714285714,95.7142857142857,1,0,1,76.4443514285714,44.0,22.134099,27.5714285714286,4,,,,,16380,2015-04-19,5217609,Planaltina,GO,2015,16
1428796800000,201515,9.0,9,9,9,0.74209553,9.929391,0,2,521760920151519589,2023-08-20,Planaltina,0,1.3814944,90640,18.4285714285714,93.1428571428571,1,0,1,75.9855337142857,48.7142857142857,21.6359731428571,26.2857142857143,6,,,,,16380,2015-04-12,5217609,Planaltina,GO,2015,15
1428192000000,201514,13.0,13,13,13,0.8368279,14.342454,0,1,521760920151419589,2023-08-20,Planaltina,0,1.5206606,90640,18.7142857142857,94.0,1,0,1,77.1866985714286,46.1428571428571,21.7334595714286,26.0,8,,,,,16380,2015-04-05,5217609,Planaltina,GO,2015,14
1427587200000,201513,2.0,2,2,2,4.22562e-05,2.2065313,0,1,521760920151319589,2023-08-20,Planaltina,0,0.11210209,90640,18.2857142857143,96.5714285714286,1,0,0,75.3332528571429,37.0,22.202622,27.8571428571429,1,,,,,16380,2015-03-29,5217609,Planaltina,GO,2015,13
1426982400000,201512,5.0,5,5,5,5.7721e-06,5.5163283,0,1,521760920151219589,2023-08-20,Planaltina,0,0.17298669,90640,17.7142857142857,95.7142857142857,0,0,1,80.8270671428571,48.2857142857143,21.0986725714286,25.5714285714286,3,,,,,16380,2015-03-22,5217609,Planaltina,GO,2015,12
1426377600000,201511,13.0,13,13,13,0.0031888923,14.342454,0,1,521760920151119589,2023-08-20,Planaltina,0,0.42528376,90640,17.2857142857143,98.2857142857143,0,0,1,84.3561707142857,61.0,19.6327768571429,23.8571428571429,8,,,,,16380,2015-03-15,5217609,Planaltina,GO,2015,11
1425772800000,201510,38.0,38,38,38,0.97851694,41.924095,0,4,521760920151019589,2023-08-20,Planaltina,0,1.6918594,90640,17.8571428571429,97.4285714285714,0,1,2,81.830273,42.8571428571429,20.7808065714286,25.0,11,,,,,16380,2015-03-08,5217609,Planaltina,GO,2015,10
1425168000000,201509,38.0,38,38,38,0.999744,41.924095,0,1,521760920150919589,2023-08-20,Planaltina,0,2.7698178,90640,17.7142857142857,94.8571428571429,0,1,2,77.6841821428571,53.5714285714286,21.1905647142857,26.1428571428571,14,,,,,16380,2015-03-01,5217609,Planaltina,GO,2015,9
1424563200000,201508,20.0,20,20,20,0.9566565,22.065313,0,1,521760920150819589,2023-08-20,Planaltina,0,1.8670247,90640,18.4285714285714,91.5714285714286,1,1,1,71.7595595714286,43.1428571428571,22.0693454285714,26.8571428571429,9,,,,,16380,2015-02-22,5217609,Planaltina,GO,2015,8
1423958400000,201507,12.0,12,12,12,0.3208816,13.239188,0,1,521760920150719589,2023-08-20,Planaltina,0,0.83630526,90640,18.4285714285714,90.4285714285714,1,0,1,73.3940567142857,41.8571428571429,21.562666,25.8571428571429,2,,,,,16380,2015-02-15,5217609,Planaltina,GO,2015,7
1423353600000,201506,5.0,5,5,5,0.004825703,5.5163283,0,1,521760920150619589,2023-08-20,Planaltina,0,0.30467895,90640,18.0,90.5714285714286,0,0,1,67.802691,41.1428571428571,22.5324597142857,27.4285714285714,3,,,,,16380,2015-02-08,5217609,Planaltina,GO,2015,6
1422748800000,201505,13.0,13,13,13,0.68627405,14.342454,0,1,521760920150519589,2023-08-20,Planaltina,0,1.2170429,90640,18.0,88.5714285714286,0,0,1,70.6312791428571,46.4285714285714,21.8600745714286,26.0,6,,,,,16380,2015-02-01,5217609,Planaltina,GO,2015,5
1422144000000,201504,29.0,29,29,29,0.99999774,31.994705,0,1,521760920150419589,2023-08-20,Planaltina,0,6.634081,90640,17.7142857142857,94.8571428571429,0,1,2,72.687755,46.0,21.8853057142857,27.1428571428571,13,,,,,16380,2015-01-25,5217609,Planaltina,GO,2015,4
1421539200000,201503,5.0,5,5,5,0.95441294,5.5163283,0,1,521760920150319589,2023-08-20,Planaltina,0,4.037536,90640,18.4285714285714,83.2857142857143,0,1,1,60.6201637142857,31.2857142857143,23.1567552857143,29.1428571428571,1,,,,,16380,2015-01-18,5217609,Planaltina,GO,2015,3
1420934400000,201502,4.0,4,4,4,0.99186355,4.4130626,0,1,521760920150219589,2023-08-20,Planaltina,0,17.077263,90640,18.5714285714286,77.1428571428571,0,0,0,50.7448981428571,21.5714285714286,24.6224488571429,30.0,2,,,,,16380,2015-01-11,5217609,Planaltina,GO,2015,2
1420329600000,201501,0.0,0,0,0,0.0,0.0,0,1,521760920150119589,2023-08-20,Planaltina,0,0.0,90640,18.5714285714286,81.2857142857143,0,0,0,58.0342871428571,27.2857142857143,24.0890255714286,30.1428571428571,0,,,,,16380,2015-01-04,5217609,Planaltina,GO,2015,1
1419724800000,201453,0.0,0,0,0,0.0,0.0,0,1,521760920145319589,2023-08-20,Planaltina,0,0.0,90640,19.5714285714286,79.2857142857143,0,0,0,56.4904285714286,28.0,25.3328994285714,31.2857142857143,0,,,,,16380,2014-12-28,5217609,Planaltina,GO,2014,53
1419120000000,201452,0.0,0,0,0,0.0,0.0,0,1,521760920145219589,2023-08-20,Planaltina,0,0.0,90640,20.2857142857143,85.2857142857143,0,0,0,67.0388671428571,38.7142857142857,24.0076002857143,28.2857142857143,0,,,,,16380,2014-12-21,5217609,Planaltina,GO,2014,52
1418515200000,201451,0.0,0,0,0,0.0,0.0,0,1,521760920145119589,2023-08-20,Planaltina,0,0.0,90640,20.2857142857143,91.5714285714286,0,0,0,76.6791265714286,48.1428571428571,23.1513462857143,27.5714285714286,0,,,,,16380,2014-12-14,5217609,Planaltina,GO,2014,51
1417910400000,201450,4.0,4,4,4,0.715123,4.4130626,0,2,521760920145019589,2023-08-20,Planaltina,0,1.5194794,90640,19.7142857142857,87.4285714285714,1,0,0,75.6467557142857,51.5714285714286,21.6147557142857,25.1428571428571,1,,,,,16380,2014-12-07,5217609,Planaltina,GO,2014,50
1417305600000,201449,4.0,4,4,4,0.7686795,4.4130626,0,1,521760920144919589,2023-08-20,Planaltina,0,1.7458658,90640,19.5714285714286,87.2857142857143,1,0,0,70.9073905714286,44.1428571428571,22.5436531428571,27.0,0,,,,,16380,2014-11-30,5217609,Planaltina,GO,2014,49
1416700800000,201448,2.0,2,2,2,0.4575526,2.2065313,0,1,521760920144819589,2023-08-20,Planaltina,0,0.910112,90640,19.7142857142857,90.7142857142857,1,0,0,73.7014085714286,38.2857142857143,22.7467577142857,27.5714285714286,0,,,,,16380,2014-11-23,5217609,Planaltina,GO,2014,48
1416096000000,201447,2.0,2,2,2,0.49416578,2.2065313,0,1,521760920144719589,2023-08-20,Planaltina,0,0.98695415,90640,20.0,80.1428571428571,0,0,0,62.0314897142857,35.5714285714286,23.9725545714286,29.0,0,,,,,16380,2014-11-16,5217609,Planaltina,GO,2014,47
1415491200000,201446,3.0,3,3,3,0.68398225,3.309797,0,1,521760920144619589,2023-08-20,Planaltina,0,1.4866089,90640,20.4285714285714,85.1428571428571,0,0,0,69.7232632857143,41.0,23.4804765714286,27.8571428571429,2,,,,,16380,2014-11-09,5217609,Planaltina,GO,2014,46
1414886400000,201445,1.0,1,1,1,0.2386066,1.1032656,0,1,521760920144519589,2023-08-20,Planaltina,0,0.48372412,90640,20.4285714285714,81.5714285714286,0,0,0,59.1109688571429,26.5714285714286,24.9634501428571,30.8571428571429,0,,,,,16380,2014-11-02,5217609,Planaltina,GO,2014,45
1414281600000,201444,3.0,3,3,3,0.6202194,3.309797,0,1,521760920144419589,2023-08-20,Planaltina,0,1.2782466,90640,18.7142857142857,86.7142857142857,0,0,0,69.1197214285714,40.7142857142857,22.9397954285714,28.4285714285714,1,,,,,16380,2014-10-26,5217609,Planaltina,GO,2014,44
1413676800000,201443,1.0,1,1,1,0.20618454,1.1032656,0,1,521760920144319589,2023-08-20,Planaltina,0,0.4389831,90640,21.0,71.1428571428571,0,0,0,51.6806957142857,24.8571428571429,25.3099822857143,30.5714285714286,0,,,,,16380,2014-10-19,5217609,Planaltina,GO,2014,43
1413072000000,201442,3.0,3,3,3,0.51424474,3.309797,0,1,521760920144219589,2023-08-20,Planaltina,0,1.0277228,90640,18.8571428571429,56.1428571428571,0,0,0,29.4879067142857,8.57142857142857,27.5274,34.7142857142857,0,,,,,16380,2014-10-12,5217609,Planaltina,GO,2014,42
1412467200000,201441,3.0,3,3,3,0.09638709,3.309797,0,1,521760920144119589,2023-08-20,Planaltina,0,0.43763167,90640,17.5714285714286,54.2857142857143,0,0,0,33.6224492857143,11.5714285714286,24.1836735714286,30.4285714285714,0,,,,,16380,2014-10-05,5217609,Planaltina,GO,2014,41
1411862400000,201440,0.0,0,0,0,0.0,0.0,0,1,521760920144019589,2023-08-20,Planaltina,0,0.0,90640,20.2857142857143,68.8571428571429,0,0,0,47.508461,20.8571428571429,25.6130834285714,31.8571428571429,0,,,,,16380,2014-09-28,5217609,Planaltina,GO,2014,40
1411257600000,201439,4.0,4,4,4,0.015311243,4.4130626,0,1,521760920143919589,2023-08-20,Planaltina,0,0.32580784,90640,21.1428571428571,69.0,0,0,0,46.7214994285714,19.7142857142857,26.0149544285714,31.7142857142857,0,,,,,16380,2014-09-21,5217609,Planaltina,GO,2014,39
1410652800000,201438,19.0,19,19,19,0.89223206,20.962048,0,1,521760920143819589,2023-08-20,Planaltina,0,1.5570011,90640,18.2857142857143,62.1428571428571,0,0,1,33.3552531428571,10.7142857142857,26.3418368571429,32.8571428571429,1,,,,,16380,2014-09-14,5217609,Planaltina,GO,2014,38
1410048000000,201437,8.0,8,8,8,0.22923307,8.826125,0,1,521760920143719589,2023-08-20,Planaltina,0,0.71635365,90640,16.2857142857143,57.0,0,0,1,35.1071425714286,12.4285714285714,23.2499997142857,29.5714285714286,1,,,,,16380,2014-09-07,5217609,Planaltina,GO,2014,37
1409443200000,201436,15.0,15,15,15,0.9112663,16.548985,0,1,521760920143619589,2023-08-20,Planaltina,0,1.7429199,90640,19.4285714285714,73.0,0,0,1,47.2049047142857,20.4285714285714,24.8238971428571,30.8571428571429,2,,,,,16380,2014-08-31,5217609,Planaltina,GO,2014,36
1408838400000,201435,11.0,11,11,11,0.8070909,12.135922,0,1,521760920143519589,2023-08-20,Planaltina,0,1.4907144,90640,16.4285714285714,60.4285714285714,0,0,1,34.8724491428571,10.1428571428571,24.3877548571429,31.5714285714286,1,,,,,16380,2014-08-24,5217609,Planaltina,GO,2014,35
1408233600000,201434,11.0,11,11,11,0.49000007,12.135922,0,1,521760920143419589,2023-08-20,Planaltina,0,0.98959297,90640,13.8571428571429,71.2857142857143,0,0,1,41.7519352857143,14.0,21.7931032857143,28.4285714285714,2,,,,,16380,2014-08-17,5217609,Planaltina,GO,2014,34
1407628800000,201433,0.0,0,0,0,0.0,0.0,0,1,521760920143319589,2023-08-20,Planaltina,0,0.0,90640,13.8571428571429,71.0,0,0,0,40.5595781428571,14.4285714285714,21.5458335714286,28.2857142857143,0,,,,,16380,2014-08-10,5217609,Planaltina,GO,2014,33
1407024000000,201432,12.0,12,12,12,0.5523466,13.239188,0,1,521760920143219589,2023-08-20,Planaltina,0,1.0549352,90640,14.1428571428571,68.0,0,0,1,40.7653051428571,13.2857142857143,21.5969388571429,28.2857142857143,4,,,,,16380,2014-08-03,5217609,Planaltina,GO,2014,32
1406419200000,201431,22.0,22,22,22,0.98257923,24.271845,0,1,521760920143119589,2023-08-20,Planaltina,0,2.135263,90640,14.8571428571429,80.8571428571429,0,1,1,60.4843962857143,35.7142857142857,19.6590917142857,25.1428571428571,11,,,,,16380,2014-07-27,5217609,Planaltina,GO,2014,31
1405814400000,201430,7.0,7,7,7,0.077659495,7.72286,0,1,521760920143019589,2023-08-20,Planaltina,0,0.5302905,90640,15.5714285714286,77.8571428571429,0,0,1,55.2837485714286,28.8571428571429,20.8577097142857,26.4285714285714,5,,,,,16380,2014-07-20,5217609,Planaltina,GO,2014,30
1405209600000,201429,7.0,7,7,7,0.0063862614,7.72286,0,1,521760920142919589,2023-08-20,Planaltina,0,0.36257473,90640,13.5714285714286,77.8571428571429,0,0,1,50.6938775714286,19.4285714285714,20.357143,27.0,6,,,,,16380,2014-07-13,5217609,Planaltina,GO,2014,29
1404604800000,201428,16.0,16,16,16,0.01836273,17.65225,0,1,521760920142819589,2023-08-20,Planaltina,0,0.5349341,90640,14.5714285714286,74.5714285714286,0,0,1,50.923469,21.8571428571429,20.8520405714286,26.1428571428571,10,,,,,16380,2014-07-06,5217609,Planaltina,GO,2014,28
1404000000000,201427,11.0,11,11,11,5.19e-07,12.135922,0,1,521760920142719589,2023-08-20,Planaltina,0,0.23726627,90640,13.1428571428571,77.4285714285714,0,0,1,48.0728351428571,17.4285714285714,20.9090431428571,27.8571428571429,9,,,,,16380,2014-06-29,5217609,Planaltina,GO,2014,27
1403395200000,201426,36.0,36,36,36,0.0008355876,39.717564,0,4,521760920142619589,2023-08-20,Planaltina,0,0.5324913,90640,13.2857142857143,80.8571428571429,0,0,2,54.574489,24.1428571428571,19.9792517142857,26.5714285714286,27,,,,,16380,2014-06-22,5217609,Planaltina,GO,2014,26
1402790400000,201425,29.0,29,29,29,3.051e-07,31.994705,0,4,521760920142519589,2023-08-20,Planaltina,0,0.36337563,90640,15.7142857142857,81.2857142857143,0,0,2,59.2356225714286,28.2857142857143,21.2226344285714,26.5714285714286,24,,,,,16380,2014-06-15,5217609,Planaltina,GO,2014,25
1402185600000,201424,86.0,86,86,86,0.6958134,94.880844,0,4,521760920142419589,2023-08-20,Planaltina,0,1.082754,90640,15.7142857142857,78.2857142857143,0,0,2,57.1260028571429,28.7142857142857,21.0147077142857,26.4285714285714,60,,,,,16380,2014-06-08,5217609,Planaltina,GO,2014,24
1401580800000,201423,79.0,79,79,79,0.7986331,87.15799,0,4,521760920142319589,2023-08-20,Planaltina,0,1.1472872,90640,16.8571428571429,81.4285714285714,0,0,2,61.0873571428571,30.0,21.9909217142857,27.7142857142857,56,,,,,16380,2014-06-01,5217609,Planaltina,GO,2014,23
1400976000000,201422,91.0,91,91,91,0.99128664,100.39718,0,4,521760920142219589,2023-08-20,Planaltina,0,1.4728911,90640,16.1428571428571,79.0,0,1,2,58.0800491428571,28.8571428571429,21.9535537142857,28.1428571428571,58,,,,,16380,2014-05-25,5217609,Planaltina,GO,2014,22
1400371200000,201421,68.0,68,68,68,0.24851544,75.022064,0,4,521760920142119589,2023-08-20,Planaltina,0,0.89323354,90640,18.0,81.2857142857143,0,0,2,57.814059,28.7142857142857,23.2891152857143,28.5714285714286,55,,,,,16380,2014-05-18,5217609,Planaltina,GO,2014,21
1399766400000,201420,49.0,49,49,49,1.3957e-06,54.060017,0,4,521760920142019589,2023-08-20,Planaltina,0,0.45971167,90640,15.7142857142857,79.2857142857143,0,0,2,56.2071052857143,28.1428571428571,21.6887757142857,27.1428571428571,46,,,,,16380,2014-05-11,5217609,Planaltina,GO,2014,20
1399161600000,201419,56.0,56,56,56,1.1115e-06,61.78288,0,4,521760920141919589,2023-08-20,Planaltina,0,0.47660673,90640,17.0,81.7142857142857,0,0,2,58.8106048571429,30.4285714285714,22.5957138571429,27.8571428571429,46,,,,,16380,2014-05-04,5217609,Planaltina,GO,2014,19
1398556800000,201418,123.0,123,123,123,0.9614478,135.70168,0,4,521760920141819589,2023-08-20,Planaltina,0,1.2697583,90640,14.5714285714286,80.4285714285714,0,1,2,58.2117348571429,29.1428571428571,20.994898,27.0,67,,,,,16380,2014-04-27,5217609,Planaltina,GO,2014,18
1397952000000,201417,150.0,150,150,150,0.99999976,165.48985,0,4,521760920141719589,2023-08-20,Planaltina,0,1.9932445,90640,19.4285714285714,83.0,0,1,2,70.4458207142857,42.1428571428571,23.1601132857143,27.8571428571429,107,,,,,16380,2014-04-20,5217609,Planaltina,GO,2014,17
1397347200000,201416,88.0,88,88,88,0.93001264,97.08738,0,4,521760920141619589,2023-08-20,Planaltina,0,1.2653581,90640,20.0,85.2857142857143,0,0,2,65.1334474285714,34.5714285714286,24.4886325714286,29.0,78,,,,,16380,2014-04-13,5217609,Planaltina,GO,2014,16
1396742400000,201415,60.0,60,60,60,0.23258795,66.19594,0,4,521760920141519589,2023-08-20,Planaltina,0,0.8792366,90640,20.5714285714286,88.2857142857143,1,0,2,70.485928,37.1428571428571,24.0806597142857,29.1428571428571,56,,,,,16380,2014-04-06,5217609,Planaltina,GO,2014,15
1396137600000,201414,74.0,74,74,74,0.93700343,81.64166,0,4,521760920141419589,2023-08-20,Planaltina,0,1.307506,90640,20.1428571428571,89.2857142857143,1,0,2,74.6359222857143,46.0,23.0129837142857,28.0,73,,,,,16380,2014-03-30,5217609,Planaltina,GO,2014,14
1395532800000,201413,68.0,68,68,68,0.9998936,75.022064,0,4,521760920141319589,2023-08-20,Planaltina,0,2.1502814,90640,19.8571428571429,90.8571428571429,1,1,2,77.2736085714286,45.8571428571429,22.1759181428571,26.7142857142857,68,,,,,16380,2014-03-23,5217609,Planaltina,GO,2014,13
1394928000000,201412,78.0,78,78,78,1.0,86.054726,0,1,521760920141219589,2023-08-20,Planaltina,0,6.3241386,90640,19.5714285714286,85.2857142857143,0,1,2,67.9831368571429,38.7142857142857,23.3476074285714,29.2857142857143,74,,,,,16380,2014-03-16,5217609,Planaltina,GO,2014,12
1394323200000,201411,20.0,20,20,20,0.99384654,22.065313,0,1,521760920141119589,2023-08-20,Planaltina,0,2.715255,90640,19.8571428571429,83.8571428571429,0,1,1,63.4616961428571,34.4285714285714,24.1478344285714,28.8571428571429,14,,,,,16380,2014-03-09,5217609,Planaltina,GO,2014,11
1393718400000,201410,3.0,3,3,3,0.04388126,3.309797,0,1,521760920141019589,2023-08-20,Planaltina,0,0.35577637,90640,19.8571428571429,89.7142857142857,1,0,0,74.45122,44.5714285714286,23.0490265714286,27.5714285714286,5,,,,,16380,2014-03-02,5217609,Planaltina,GO,2014,10
1393113600000,201409,6.0,6,6,6,0.28984782,6.619594,0,1,521760920140919589,2023-08-20,Planaltina,0,0.7492736,90640,19.2857142857143,83.0,0,0,1,64.8678975714286,38.8571428571429,23.6188598571429,28.4285714285714,4,,,,,16380,2014-02-23,5217609,Planaltina,GO,2014,9
1392508800000,201408,11.0,11,11,11,0.8531082,12.135922,0,1,521760920140819589,2023-08-20,Planaltina,0,1.6395786,90640,19.1428571428571,92.4285714285714,1,0,1,76.7170394285714,51.0,22.0341674285714,26.4285714285714,5,,,,,16380,2014-02-16,5217609,Planaltina,GO,2014,8
1391904000000,201407,9.0,9,9,9,0.72415155,9.929391,0,1,521760920140719589,2023-08-20,Planaltina,0,1.341747,90640,18.1428571428571,89.4285714285714,1,0,1,64.5335765714286,38.1428571428571,23.330237,28.4285714285714,6,,,,,16380,2014-02-09,5217609,Planaltina,GO,2014,7
1391299200000,201406,4.0,4,4,4,0.17570004,4.4130626,0,1,521760920140619589,2023-08-20,Planaltina,0,0.5759155,90640,18.4285714285714,77.8571428571429,0,0,0,50.6020405714286,21.7142857142857,24.4540815714286,30.1428571428571,2,,,,,16380,2014-02-02,5217609,Planaltina,GO,2014,6
1390694400000,201405,8.0,8,8,8,0.5978261,8.826125,0,1,521760920140519589,2023-08-20,Planaltina,0,1.1323099,90640,18.5714285714286,79.5714285714286,0,0,1,59.0306118571429,32.8571428571429,23.2653058571429,28.5714285714286,5,,,,,16380,2014-01-26,5217609,Planaltina,GO,2014,5
1390089600000,201404,7.0,7,7,7,0.5520737,7.72286,0,1,521760920140419589,2023-08-20,Planaltina,0,1.0714525,90640,18.1428571428571,93.1428571428571,1,0,1,74.4857485714286,36.5714285714286,21.7493897142857,27.1428571428571,4,,,,,16380,2014-01-19,5217609,Planaltina,GO,2014,4
1389484800000,201403,6.0,6,6,6,0.660787,6.619594,0,1,521760920140319589,2023-08-20,Planaltina,0,1.2771426,90640,19.0,84.8571428571429,0,0,1,61.93049,32.1428571428571,23.8968517142857,29.8571428571429,3,,,,,16380,2014-01-12,5217609,Planaltina,GO,2014,3
1388880000000,201402,10.0,10,10,10,0.96446586,11.032657,0,1,521760920140219589,2023-08-20,Planaltina,0,2.7249777,90640,18.2857142857143,83.8571428571429,0,1,1,55.7462791428571,25.7142857142857,24.1043958571429,29.7142857142857,5,,,,,16380,2014-01-05,5217609,Planaltina,GO,2014,2
1388275200000,201401,2.0,2,2,2,0.2154467,2.2065313,0,2,521760920140119589,2023-08-20,Planaltina,0,0.535592,90640,18.5714285714286,89.8571428571429,1,0,0,65.0826708571429,34.4285714285714,24.1233797142857,29.8571428571429,4,,,,,16380,2013-12-29,5217609,Planaltina,GO,2014,1
