data_iniSE,se_codigo,casos_est,casos_est_min,casos_est_max,casos,p_rt1,p_inc100k,Localidade_id,nivel,id,versao_modelo,municipio_nome,tweet,Rt,pop,tempmin,umidmax,receptivo,transmissao,nivel_inc,umidmed,umidmin,tempmed,tempmax,casprov,casprov_est,casprov_est_min,casprov_est_max,casconf,notif_accum_year,data_ini_se,cod_ibge,municipio,uf,ano,semana
1786233600000,202632,0.0,0,0,0,0.0,0.0,0,1,520400320263220683,2026-08-18,Cabeceiras,,0.0,7342,0.0,0.0,0,0,0,0.0,0.0,0.0,0.0,0,,,,,720,2026-08-09,5204003,Cabeceiras,GO,2026,32
1785628800000,202631,0.0,0,0,0,0.0,0.0,0,1,520400320263120683,2026-08-18,Cabeceiras,,0.0,7342,17.46735,40.9846833333333,0,0,0,37.7614,34.9716,18.4763333333333,19.5775833333333,0,,,,,720,2026-08-02,5204003,Cabeceiras,GO,2026,31
1785024000000,202630,0.0,0,0,0,0.0,0.0,0,1,520400320263020683,2026-08-18,Cabeceiras,,0.0,7342,22.7413428571429,43.6088571428571,0,0,0,43.6088571428571,43.6088571428571,22.7413428571429,22.7413428571429,0,,,,,720,2026-07-26,5204003,Cabeceiras,GO,2026,30
1784419200000,202629,0.0,0,0,0,0.0,0.0,0,1,520400320262920683,2026-08-18,Cabeceiras,,0.0,7342,20.5939571428571,50.1387714285714,0,0,0,50.1387714285714,50.1387714285714,20.5939571428571,20.5939571428571,0,,,,,720,2026-07-19,5204003,Cabeceiras,GO,2026,29
1783814400000,202628,0.0,0,0,0,0.0,0.0,0,1,520400320262820683,2026-08-18,Cabeceiras,,0.0,7342,20.7731285714286,52.6824428571429,0,0,0,52.6824428571429,52.6824428571429,20.7731285714286,20.7731285714286,0,,,,,720,2026-07-12,5204003,Cabeceiras,GO,2026,28
1783209600000,202627,0.0,0,0,0,0.0,0.0,0,1,520400320262720683,2026-08-18,Cabeceiras,,0.0,7342,20.8291428571429,54.9689857142857,0,0,0,54.9689857142857,54.9689857142857,20.8291428571429,20.8291428571429,0,,,,,720,2026-07-05,5204003,Cabeceiras,GO,2026,27
1782604800000,202626,0.0,0,0,0,0.0,0.0,0,1,520400320262620683,2026-08-18,Cabeceiras,,0.0,7342,19.4270142857143,62.5828571428571,0,0,0,62.5828571428571,62.5828571428571,19.4270142857143,19.4270142857143,0,,,,,720,2026-06-28,5204003,Cabeceiras,GO,2026,26
1782000000000,202625,0.0,0,0,0,0.0,0.0,0,1,520400320262520683,2026-08-18,Cabeceiras,,0.0,7342,20.5843142857143,64.2618857142857,0,0,0,64.2618857142857,64.2618857142857,20.5843142857143,20.5843142857143,0,,,,,720,2026-06-21,5204003,Cabeceiras,GO,2026,25
1781395200000,202624,0.0,0,0,0,0.0,0.0,0,1,520400320262420683,2026-08-18,Cabeceiras,,0.0,7342,20.7311142857143,75.5155571428571,0,0,0,75.5155571428571,75.5155571428571,20.7311142857143,20.7311142857143,0,,,,,720,2026-06-14,5204003,Cabeceiras,GO,2026,24
1780790400000,202623,0.0,0,0,0,0.0,0.0,0,1,520400320262320683,2026-08-18,Cabeceiras,,0.0,7342,18.0015714285714,78.2158285714286,0,0,0,73.3359142857143,67.6962142857143,19.3841428571429,20.9305,0,,,,,720,2026-06-07,5204003,Cabeceiras,GO,2026,23
1780185600000,202622,0.0,0,0,0,0.0,0.0,0,1,520400320262220683,2026-08-18,Cabeceiras,,0.0,7342,16.2157428571429,80.2541857142857,0,0,0,61.9544714285714,41.7106,20.7093428571429,25.3910142857143,0,,,,,720,2026-05-31,5204003,Cabeceiras,GO,2026,22
1779580800000,202621,0.0,0,0,0,0.0,0.0,0,1,520400320262120683,2026-08-18,Cabeceiras,,0.0,7342,18.1721142857143,82.9748285714286,0,0,0,66.1512571428571,46.5822,21.9624571428571,26.1802,0,,,,,720,2026-05-24,5204003,Cabeceiras,GO,2026,21
1778976000000,202620,3.0,3,3,3,0.7320562,40.8608,0,1,520400320262020683,2026-08-18,Cabeceiras,,1.6932498,7342,18.9093857142857,81.4635428571429,0,0,0,62.5613714285714,42.8963285714286,23.1664857142857,27.5991,0,,,,,720,2026-05-17,5204003,Cabeceiras,GO,2026,20
1778371200000,202619,0.0,0,0,0,0.0,0.0,0,1,520400320261920683,2026-08-18,Cabeceiras,,0.0,7342,18.3004,83.2433714285714,0,0,0,62.9839714285714,39.8689142857143,23.1675714285714,28.3603428571429,0,,,,,720,2026-05-10,5204003,Cabeceiras,GO,2026,19
1777766400000,202618,3.0,3,3,3,0.66040903,40.8608,0,1,520400320261820683,2026-08-18,Cabeceiras,,1.4025439,7342,22.2118857142857,64.1835428571429,0,0,0,64.1835428571429,64.1835428571429,22.2118857142857,22.2118857142857,1,,,,,720,2026-05-03,5204003,Cabeceiras,GO,2026,18
1777161600000,202617,1.0,1,1,1,0.2815334,13.620267,0,1,520400320261720683,2026-08-18,Cabeceiras,,0.54685986,7342,22.3798571428571,69.6119285714286,0,0,0,69.6119285714286,69.6119285714286,22.3798571428571,22.3798571428571,1,,,,,720,2026-04-26,5204003,Cabeceiras,GO,2026,17
1776556800000,202616,3.0,3,3,3,0.84850264,40.8608,0,1,520400320261620683,2026-08-18,Cabeceiras,,2.6022725,7342,18.5809285714286,81.6727142857143,0,0,0,64.6999714285714,45.0536,23.1453142857143,27.8681714285714,2,,,,,720,2026-04-19,5204003,Cabeceiras,GO,2026,16
1775952000000,202615,2.0,2,2,2,0.7949256,27.240534,0,1,520400320261520683,2026-08-18,Cabeceiras,,2.398386,7342,19.1130571428571,88.1878285714286,1,0,0,73.4929285714286,56.4711285714286,22.6136428571429,26.3408285714286,2,,,,,720,2026-04-12,5204003,Cabeceiras,GO,2026,15
1775347200000,202614,1.0,1,1,1,0.5540634,13.620267,0,1,520400320261420683,2026-08-18,Cabeceiras,,1.1738783,7342,19.5011,90.3743285714286,1,0,0,76.5741142857143,60.2445142857143,23.2173428571429,27.2914142857143,1,,,,,720,2026-04-05,5204003,Cabeceiras,GO,2026,14
1774742400000,202613,0.0,0,0,0,0.0,0.0,0,1,520400320261320683,2026-08-18,Cabeceiras,,0.0,7342,18.6787428571429,91.5799857142857,0,0,0,75.7980714285714,56.1395714285714,22.5072142857143,27.0046571428571,0,,,,,720,2026-03-29,5204003,Cabeceiras,GO,2026,13
1774137600000,202612,2.0,2,2,2,0.97700393,27.240534,0,1,520400320261220683,2026-08-18,Cabeceiras,,17.770256,7342,18.6953,95.3831285714286,1,0,0,79.9856,61.6618714285714,22.3010857142857,26.3794714285714,0,,,,,720,2026-03-22,5204003,Cabeceiras,GO,2026,12
1773532800000,202611,0.0,0,0,0,0.0,0.0,0,1,520400320261120683,2026-08-18,Cabeceiras,,0.0,7342,19.943,95.8687571428571,0,0,0,81.2397285714286,58.6193571428571,23.2405857142857,27.7946571428571,0,,,,,720,2026-03-15,5204003,Cabeceiras,GO,2026,11
1772928000000,202610,0.0,0,0,0,0.0,0.0,0,1,520400320261020683,2026-08-18,Cabeceiras,,0.0,7342,19.8692428571429,95.0687285714286,0,0,0,80.4290857142857,59.3060285714286,23.4653428571429,28.1436,0,,,,,720,2026-03-08,5204003,Cabeceiras,GO,2026,10
1772323200000,202609,0.0,0,0,0,0.0,0.0,0,1,520400320260920683,2026-08-18,Cabeceiras,,0.0,7342,19.6864142857143,94.2043285714286,0,0,0,78.5402714285714,57.3564857142857,23.2026428571429,27.6135,0,,,,,720,2026-03-01,5204003,Cabeceiras,GO,2026,9
1771718400000,202608,0.0,0,0,0,0.0,0.0,0,1,520400320260820683,2026-08-18,Cabeceiras,,0.0,7342,19.9192428571429,93.6413285714286,0,0,0,84.0233428571429,67.3861857142857,22.1550285714286,25.9488142857143,0,,,,,720,2026-02-22,5204003,Cabeceiras,GO,2026,8
1771113600000,202607,1.0,1,1,1,0.6887573,13.620267,0,1,520400320260720683,2026-08-18,Cabeceiras,,1.8589696,7342,19.5076,89.3083285714286,1,0,0,73.3311857142857,55.4388142857143,23.3719,27.3866714285714,1,,,,,720,2026-02-15,5204003,Cabeceiras,GO,2026,7
1770508800000,202606,1.0,1,1,1,0.730556,13.620267,0,1,520400320260620683,2026-08-18,Cabeceiras,,2.207831,7342,19.1955857142857,93.0743428571429,1,0,0,77.4085285714286,58.0579571428571,22.9608285714286,27.1354857142857,1,,,,,720,2026-02-08,5204003,Cabeceiras,GO,2026,6
1769904000000,202605,0.0,0,0,0,0.0,0.0,0,1,520400320260520683,2026-08-18,Cabeceiras,,0.0,7342,19.7660714285714,94.9005857142857,0,0,0,82.6273,62.5362571428571,22.8441,26.7856,0,,,,,720,2026-02-01,5204003,Cabeceiras,GO,2026,5
1769299200000,202604,1.0,1,1,1,0.9632679,13.620267,0,1,520400320260420683,2026-08-18,Cabeceiras,,18.521618,7342,19.2513714285714,93.1502,1,0,0,77.479,57.3756,23.1769142857143,27.8307714285714,1,,,,,720,2026-01-25,5204003,Cabeceiras,GO,2026,4
1768694400000,202603,0.0,0,0,0,0.0,0.0,0,1,520400320260320683,2026-08-18,Cabeceiras,,0.0,7342,19.3799714285714,94.5037,0,0,0,86.8397857142857,74.6128142857143,21.4864571428571,24.1658142857143,0,,,,,720,2026-01-18,5204003,Cabeceiras,GO,2026,3
1768089600000,202602,0.0,0,0,0,0.0,0.0,0,1,520400320260220683,2026-08-18,Cabeceiras,,0.0,7342,19.1322285714286,87.3589428571428,0,0,0,69.0912571428571,49.5972571428571,23.6805428571429,28.4088,0,,,,,720,2026-01-11,5204003,Cabeceiras,GO,2026,2
1767484800000,202601,0.0,0,0,0,0.0,0.0,0,1,520400320260120683,2026-08-18,Cabeceiras,,0.0,7342,19.1785142857143,94.7550285714286,0,0,0,81.2357428571429,64.0776714285714,22.1018,25.4832857142857,0,,,,,720,2026-01-04,5204003,Cabeceiras,GO,2026,1
1766880000000,202553,0.0,0,0,0,0.0,0.0,0,1,520400320255320683,2026-08-18,Cabeceiras,,0.0,7342,20.5031285714286,90.9065,0,0,0,72.6392428571428,51.9762285714286,25.0410285714286,29.9776,0,,,,,720,2025-12-28,5204003,Cabeceiras,GO,2025,53
1766275200000,202552,0.0,0,0,0,0.0,0.0,0,1,520400320255220683,2026-08-18,Cabeceiras,,0.0,7342,19.5002428571429,85.9021714285714,0,0,0,66.0655285714286,47.5067,24.2453428571429,29.1099428571429,0,,,,,720,2025-12-21,5204003,Cabeceiras,GO,2025,52
1765670400000,202551,0.0,0,0,0,0.0,0.0,0,1,520400320255120683,2026-08-18,Cabeceiras,,0.0,7342,19.8154142857143,96.8337428571429,0,0,0,82.5614,63.2604857142857,22.9057857142857,26.7498428571429,0,,,,,720,2025-12-14,5204003,Cabeceiras,GO,2025,51
1765065600000,202550,0.0,0,0,0,0.0,0.0,0,1,520400320255020683,2026-08-18,Cabeceiras,,0.0,7342,19.5916,94.2833,0,0,0,80.2572857142857,58.0848,22.7507428571429,27.4051142857143,0,,,,,720,2025-12-07,5204003,Cabeceiras,GO,2025,50
1764460800000,202549,0.0,0,0,0,0.0,0.0,0,1,520400320254920683,2026-08-18,Cabeceiras,,0.0,7342,20.3786,92.7732571428571,0,0,0,80.9794428571429,65.4570571428571,23.0871428571429,26.3894714285714,0,,,,,720,2025-11-30,5204003,Cabeceiras,GO,2025,49
1763856000000,202548,0.0,0,0,0,0.0,0.0,0,1,520400320254820683,2026-08-18,Cabeceiras,,0.0,7342,19.5199142857143,94.4995857142857,0,0,0,79.4142428571429,58.8664714285714,22.9909857142857,27.1870714285714,0,,,,,720,2025-11-23,5204003,Cabeceiras,GO,2025,48
1763251200000,202547,0.0,0,0,0,0.0,0.0,0,1,520400320254720683,2026-08-18,Cabeceiras,,0.0,7342,20.9311428571429,78.1189714285714,0,0,0,57.2108428571429,37.5840571428571,25.6037285714286,30.3950857142857,0,,,,,720,2025-11-16,5204003,Cabeceiras,GO,2025,47
1762646400000,202546,0.0,0,0,0,0.0,0.0,0,1,520400320254620683,2026-08-18,Cabeceiras,,0.0,7342,20.1732285714286,81.681,0,0,0,66.1281285714286,47.2459142857143,24.1307714285714,28.4331,0,,,,,720,2025-11-09,5204003,Cabeceiras,GO,2025,46
1762041600000,202545,0.0,0,0,0,0.0,0.0,0,1,520400320254520683,2026-08-18,Cabeceiras,,0.0,7342,20.3625857142857,91.6312714285714,0,0,0,72.3208142857143,47.7849,24.6201571428571,29.9803714285714,0,,,,,720,2025-11-02,5204003,Cabeceiras,GO,2025,45
1761436800000,202544,0.0,0,0,0,0.0,0.0,0,1,520400320254420683,2026-08-18,Cabeceiras,,0.0,7342,20.9134142857143,70.7495428571429,0,0,0,53.3308857142857,34.2876142857143,25.6414285714286,31.0410142857143,0,,,,,720,2025-10-26,5204003,Cabeceiras,GO,2025,44
1760832000000,202543,0.0,0,0,0,0.0,0.0,0,1,520400320254320683,2026-08-18,Cabeceiras,,0.0,7342,17.4882571428571,81.7202,0,0,0,66.5485714285714,49.3138857142857,21.0251714285714,24.9574,0,,,,,720,2025-10-19,5204003,Cabeceiras,GO,2025,43
1760227200000,202542,0.0,0,0,0,0.0,0.0,0,1,520400320254220683,2026-08-18,Cabeceiras,,0.0,7342,21.1623571428571,74.6193428571429,0,0,0,53.4168857142857,35.1690857142857,25.9011428571429,31.1313857142857,0,,,,,720,2025-10-12,5204003,Cabeceiras,GO,2025,42
1759622400000,202541,0.0,0,0,0,0.0,0.0,0,1,520400320254120683,2026-08-18,Cabeceiras,,0.0,7342,20.8585,48.6869428571429,0,0,0,35.3800857142857,23.2207857142857,26.5783714285714,32.3329571428571,0,,,,,720,2025-10-05,5204003,Cabeceiras,GO,2025,41
1759017600000,202540,1.0,1,1,1,0.96282125,13.620267,0,1,520400320254020683,2026-08-18,Cabeceiras,,18.294874,7342,18.2706,48.4071,0,0,0,34.5901285714286,20.6041571428571,24.4627571428571,31.0039428571429,1,,,,,720,2025-09-28,5204003,Cabeceiras,GO,2025,40
1758412800000,202539,0.0,0,0,0,0.0,0.0,0,1,520400320253920683,2026-08-18,Cabeceiras,,0.0,7342,19.9652142857143,75.6368,0,0,0,55.0643428571429,35.8433857142857,24.5857428571429,29.7779857142857,0,,,,,720,2025-09-21,5204003,Cabeceiras,GO,2025,39
1757808000000,202538,0.0,0,0,0,0.0,0.0,0,1,520400320253820683,2026-08-18,Cabeceiras,,0.0,7342,21.4844,50.5766,0,0,0,37.5457857142857,25.4704714285714,26.2937,31.3603571428571,0,,,,,720,2025-09-14,5204003,Cabeceiras,GO,2025,38
1757203200000,202537,0.0,0,0,0,0.0,0.0,0,1,520400320253720683,2026-08-18,Cabeceiras,,0.0,7342,18.8957428571429,43.8338285714286,0,0,0,29.7839142857143,18.1538142857143,25.6137428571429,32.2578714285714,0,,,,,720,2025-09-07,5204003,Cabeceiras,GO,2025,37
1756598400000,202536,0.0,0,0,0,0.0,0.0,0,1,520400320253620683,2026-08-18,Cabeceiras,,0.0,7342,18.2505285714286,58.7686285714286,0,0,0,42.6969142857143,28.9131714285714,23.0953142857143,27.9862142857143,0,,,,,720,2025-08-31,5204003,Cabeceiras,GO,2025,36
1755993600000,202535,0.0,0,0,0,0.0,0.0,0,1,520400320253520683,2026-08-18,Cabeceiras,,0.0,7342,17.6807142857143,52.6724571428571,0,0,0,38.8424571428571,25.4673428571429,23.5765285714286,29.62,0,,,,,720,2025-08-24,5204003,Cabeceiras,GO,2025,35
1755388800000,202534,5.0,5,5,5,0.99577093,68.10133,0,1,520400320253420683,2026-08-18,Cabeceiras,,18.521618,7342,15.8307428571429,49.8888714285714,0,0,1,35.7114857142857,21.6809428571429,22.3253142857143,28.9287428571429,5,,,,,720,2025-08-17,5204003,Cabeceiras,GO,2025,34
1754784000000,202533,0.0,0,0,0,0.0,0.0,0,1,520400320253320683,2026-08-18,Cabeceiras,,0.0,7342,16.4935857142857,50.3648428571429,0,0,0,37.5748714285714,24.1980714285714,22.4951428571429,28.6889,0,,,,,720,2025-08-10,5204003,Cabeceiras,GO,2025,33
1754179200000,202532,0.0,0,0,0,0.0,0.0,0,1,520400320253220683,2026-08-18,Cabeceiras,,0.0,7342,16.8157571428571,57.0832285714286,0,0,0,43.1500571428571,28.1336142857143,22.0404,27.6109857142857,0,,,,,720,2025-08-03,5204003,Cabeceiras,GO,2025,32
1753574400000,202531,0.0,0,0,0,0.0,0.0,0,1,520400320253120676,2026-08-11,Cabeceiras,,0.0,7342,16.3727857142857,59.5148428571429,0,0,0,44.0225285714286,28.4029571428571,22.0331,28.0080142857143,0,,,,,720,2025-07-27,5204003,Cabeceiras,GO,2025,31
1752969600000,202530,0.0,0,0,0,0.0,0.0,0,1,520400320253020671,2026-08-06,Cabeceiras,,0.0,7342,15.4413142857143,64.7318142857143,0,0,0,46.0834428571429,29.1013428571429,21.4482142857143,27.6576,0,,,,,720,2025-07-20,5204003,Cabeceiras,GO,2025,30
1752364800000,202529,0.0,0,0,0,0.0,0.0,0,1,520400320252920662,2026-07-28,Cabeceiras,,0.0,7342,13.7817714285714,68.7635428571429,0,0,0,49.5649714285714,31.0281857142857,19.3537,25.0859714285714,0,,,,,720,2025-07-13,5204003,Cabeceiras,GO,2025,29
1751760000000,202528,0.0,0,0,0,0.0,0.0,0,1,520400320252820654,2026-07-20,Cabeceiras,,0.0,7342,14.5001,67.4566857142857,0,0,0,51.2536428571429,33.0290857142857,19.2584714285714,24.6332142857143,0,,,,,720,2025-07-06,5204003,Cabeceiras,GO,2025,28
1751155200000,202527,0.0,0,0,0,0.0,0.0,0,1,520400320252720647,2026-07-13,Cabeceiras,,0.0,7342,15.1573142857143,68.1301,0,0,0,53.3365857142857,35.8453857142857,20.0633,25.4939,0,,,,,720,2025-06-29,5204003,Cabeceiras,GO,2025,27
1750550400000,202526,0.0,0,0,0,0.0,0.0,0,1,520400320252620642,2026-07-08,Cabeceiras,,0.0,7342,16.4061857142857,74.2219142857143,0,0,0,57.6413571428571,37.7486142857143,21.2360285714286,26.8229571428571,0,,,,,720,2025-06-22,5204003,Cabeceiras,GO,2025,26
1749945600000,202525,0.0,0,0,0,0.0,0.0,0,1,520400320252520636,2026-07-02,Cabeceiras,,0.0,7342,15.2400857142857,71.6525714285714,0,0,0,57.2711,38.3560142857143,19.6939857142857,24.9130714285714,0,,,,,720,2025-06-15,5204003,Cabeceiras,GO,2025,25
1749340800000,202524,0.0,0,0,0,0.0,0.0,0,1,520400320252420627,2026-06-23,Cabeceiras,,0.0,7342,16.8764714285714,75.0556285714286,0,0,0,58.9399428571429,40.9038142857143,21.2446142857143,26.1055428571429,0,,,,,720,2025-06-08,5204003,Cabeceiras,GO,2025,24
1748736000000,202523,3.0,3,3,3,0.9864172,40.8608,0,1,520400320252320621,2026-06-17,Cabeceiras,,17.560335,7342,17.4978,81.7744714285714,0,0,0,63.8215285714286,42.7177857142857,22.0720428571429,27.1691857142857,1,,,,,720,2025-06-01,5204003,Cabeceiras,GO,2025,23
1748131200000,202522,0.0,0,0,0,0.0,0.0,0,1,520400320252220619,2026-06-15,Cabeceiras,,0.0,7342,16.7536571428571,79.8019428571429,0,0,0,63.2540285714286,42.9551428571429,21.2785857142857,26.2879285714286,0,,,,,720,2025-05-25,5204003,Cabeceiras,GO,2025,22
1747526400000,202521,0.0,0,0,0,0.0,0.0,0,1,520400320252120608,2026-06-04,Cabeceiras,,0.0,7342,16.1407714285714,79.0030428571429,0,0,0,63.4365,43.6214714285714,20.6478,25.7024571428571,0,,,,,720,2025-05-18,5204003,Cabeceiras,GO,2025,21
1746921600000,202520,0.0,0,0,0,0.0,0.0,0,1,520400320252020599,2026-05-26,Cabeceiras,,0.0,7342,17.9840857142857,81.5934857142857,0,0,0,67.8302,51.9562285714286,21.2507571428571,24.7638,0,,,,,720,2025-05-11,5204003,Cabeceiras,GO,2025,20
1746316800000,202519,0.0,0,0,0,0.0,0.0,0,1,520400320251920592,2026-05-19,Cabeceiras,,0.0,7342,17.6033142857143,81.9779285714286,0,0,0,67.141,47.5971,21.9001428571429,26.6534571428571,0,,,,,720,2025-05-04,5204003,Cabeceiras,GO,2025,19
1745712000000,202518,2.0,2,2,2,0.7462642,27.240534,0,1,520400320251820587,2026-05-14,Cabeceiras,,1.9726815,7342,19.3428857142857,93.936,1,0,0,80.6424,61.7587285714286,22.5865571428571,26.5911,1,,,,,720,2025-04-27,5204003,Cabeceiras,GO,2025,18
1745107200000,202517,0.0,0,0,0,0.0,0.0,0,1,520400320251720578,2026-05-05,Cabeceiras,,0.0,7342,19.8693571428571,89.1613571428571,0,0,0,74.0082857142857,55.3377571428571,23.8077571428571,28.1240714285714,0,,,,,720,2025-04-20,5204003,Cabeceiras,GO,2025,17
1744502400000,202516,2.0,2,2,2,0.7754476,27.240534,0,1,520400320251620571,2026-04-28,Cabeceiras,,2.2078273,7342,20.0553,95.0561857142857,1,0,0,82.9268857142857,65.4697714285714,22.9918142857143,26.8922428571429,2,,,,,720,2025-04-13,5204003,Cabeceiras,GO,2025,16
1743897600000,202515,0.0,0,0,0,0.0,0.0,0,1,520400320251520566,2026-04-23,Cabeceiras,,0.0,7342,19.6084428571429,86.5424714285714,0,0,0,70.3433142857143,50.7356285714286,23.4409,27.9370857142857,0,,,,,720,2025-04-06,5204003,Cabeceiras,GO,2025,15
1743292800000,202514,2.0,2,2,2,0.97700393,27.240534,0,1,520400320251420557,2026-04-14,Cabeceiras,,17.770256,7342,20.3852142857143,81.6459857142857,0,0,0,64.2295571428571,43.8153285714286,24.6879285714286,29.4048428571429,1,,,,,720,2025-03-30,5204003,Cabeceiras,GO,2025,14
1742688000000,202513,0.0,0,0,0,0.0,0.0,0,1,520400320251320552,2026-04-09,Cabeceiras,,0.0,7342,19.9999285714286,96.3858285714286,0,0,0,82.5251428571429,61.4825285714286,23.2397142857143,27.5146,0,,,,,720,2025-03-23,5204003,Cabeceiras,GO,2025,13
1742083200000,202512,0.0,0,0,0,0.0,0.0,0,1,520400320251220543,2026-03-31,Cabeceiras,,0.0,7342,21.2271142857143,77.2374857142857,0,0,0,58.5761571428571,38.9103857142857,25.9047285714286,30.9561,0,,,,,720,2025-03-16,5204003,Cabeceiras,GO,2025,12
1741478400000,202511,0.0,0,0,0,0.0,0.0,0,1,520400320251120535,2026-03-23,Cabeceiras,,0.0,7342,21.5128142857143,72.8310571428571,0,0,0,52.3198857142857,33.6277142857143,26.7496142857143,31.8299,0,,,,,720,2025-03-09,5204003,Cabeceiras,GO,2025,11
1740873600000,202510,0.0,0,0,0,0.0,0.0,0,1,520400320251020529,2026-03-17,Cabeceiras,,0.0,7342,20.2941571428571,71.4719428571429,0,0,0,57.7371,41.3001,24.2993,28.6561571428571,0,,,,,720,2025-03-02,5204003,Cabeceiras,GO,2025,10
1740268800000,202509,1.0,1,1,1,0.6887566,13.620267,0,1,520400320250920521,2026-03-09,Cabeceiras,,1.8589644,7342,20.5976714285714,79.8576714285714,0,0,0,63.0915571428571,44.904,24.6983,29.2829,0,,,,,720,2025-02-23,5204003,Cabeceiras,GO,2025,9
1739664000000,202508,1.0,1,1,1,0.73048747,13.620267,0,1,520400320250820516,2026-03-04,Cabeceiras,,2.2071714,7342,19.8253142857143,80.4547571428571,0,0,0,58.9289571428571,37.8782285714286,25.1261428571429,30.2942714285714,1,,,,,720,2025-02-16,5204003,Cabeceiras,GO,2025,8
1739059200000,202507,0.0,0,0,0,0.0,0.0,0,1,520400320250720508,2026-02-24,Cabeceiras,,0.0,7342,19.7097,88.7641857142857,0,0,0,70.5358142857143,51.7898285714286,23.7061428571429,27.9588285714286,0,,,,,720,2025-02-09,5204003,Cabeceiras,GO,2025,7
1738454400000,202506,1.0,1,1,1,0.92503905,13.620267,0,1,520400320250620503,2026-02-19,Cabeceiras,,8.895706,7342,19.0195,89.3711285714286,1,0,0,71.6065285714286,51.3421142857143,23.2249571428571,27.6306285714286,1,,,,,720,2025-02-02,5204003,Cabeceiras,GO,2025,6
1737849600000,202505,0.0,0,0,0,0.0,0.0,0,1,520400320250520495,2026-02-11,Cabeceiras,,0.0,7342,20.0807428571429,94.0193142857143,0,0,0,79.1455285714286,60.4800714285714,23.4688142857143,27.1946714285714,0,,,,,720,2025-01-26,5204003,Cabeceiras,GO,2025,5
1737244800000,202504,0.0,0,0,0,0.0,0.0,0,1,520400320250420491,2026-02-07,Cabeceiras,,0.0,7342,19.3933428571429,92.9904857142857,0,0,0,73.5356571428571,53.3705714285714,24.1841285714286,29.2225857142857,0,,,,,720,2025-01-19,5204003,Cabeceiras,GO,2025,4
1736640000000,202503,0.0,0,0,0,0.0,0.0,0,1,520400320250320486,2026-02-02,Cabeceiras,,0.0,7342,19.7371714285714,95.4367857142857,0,0,0,86.1309142857143,70.8462142857143,22.1211142857143,25.4327142857143,0,,,,,720,2025-01-12,5204003,Cabeceiras,GO,2025,3
1736035200000,202502,1.0,1,1,1,0.81445366,13.620267,0,1,520400320250220459,2026-01-06,Cabeceiras,,3.3772886,7342,19.9889285714286,96.1155571428571,1,0,0,84.3957714285714,66.7437571428571,22.736,26.7259,1,,,,,720,2025-01-05,5204003,Cabeceiras,GO,2025,2
1735430400000,202501,1.0,1,1,1,0.9603134,13.620267,0,1,520400320250120459,2026-01-06,Cabeceiras,,17.116598,7342,19.9409285714286,95.8768285714286,1,0,0,82.1936428571429,61.3644,22.8218285714286,26.8201571428571,1,,,,,720,2024-12-29,5204003,Cabeceiras,GO,2025,1
1734825600000,202452,0.0,0,0,0,0.0,0.0,0,1,520400320245220437,2025-12-15,Cabeceiras,,0.0,7342,20.1138142857143,96.2396714285714,0,0,0,83.6253714285714,63.7596571428571,22.7582857142857,26.3818857142857,0,,,,,720,2024-12-22,5204003,Cabeceiras,GO,2024,52
1734220800000,202451,0.0,0,0,0,0.0,0.0,0,1,520400320245120437,2025-12-15,Cabeceiras,,0.0,7342,20.3075142857143,96.6960714285714,0,0,0,82.1596714285714,62.0049142857143,23.5067714285714,28.0347,0,,,,,720,2024-12-15,5204003,Cabeceiras,GO,2024,51
1733616000000,202450,0.0,0,0,0,0.0,0.0,0,1,520400320245020437,2025-12-15,Cabeceiras,,0.0,7342,20.3686714285714,88.8844857142857,0,0,0,70.4472571428571,48.1570142857143,24.7693142857143,29.5157285714286,0,,,,,720,2024-12-08,5204003,Cabeceiras,GO,2024,50
1733011200000,202449,0.0,0,0,0,0.0,0.0,0,1,520400320244920431,2025-12-09,Cabeceiras,,0.0,7342,20.0957714285714,90.0776285714286,0,0,0,74.8153571428572,55.5213142857143,23.8924,28.2447714285714,0,,,,,720,2024-12-01,5204003,Cabeceiras,GO,2024,49
1732406400000,202448,1.0,1,1,1,0.8145292,13.620267,0,1,520400320244820425,2025-12-03,Cabeceiras,,3.3788157,7342,19.7520857142857,91.8354,1,0,0,76.9118428571429,60.4689571428571,23.1784714285714,27.1823714285714,1,,,,,720,2024-11-24,5204003,Cabeceiras,GO,2024,48
1731801600000,202447,0.0,0,0,0,0.0,0.0,0,1,520400320244720418,2025-11-26,Cabeceiras,,0.0,7342,19.5275714285714,95.6440142857143,0,0,0,80.6013428571429,61.1253571428571,23.1177714285714,27.5410142857143,0,,,,,720,2024-11-17,5204003,Cabeceiras,GO,2024,47
1731196800000,202446,0.0,0,0,0,0.0,0.0,0,1,520400320244620410,2025-11-18,Cabeceiras,,0.0,7342,19.4772714285714,96.3711571428571,0,0,0,83.8284857142857,65.9817714285714,22.2452428571429,25.9592428571429,0,,,,,720,2024-11-10,5204003,Cabeceiras,GO,2024,46
1730592000000,202445,1.0,1,1,1,0.9632679,13.620267,0,1,520400320244520403,2025-11-11,Cabeceiras,,18.521618,7342,19.5220857142857,95.0754428571429,1,0,0,82.8761285714286,66.0634285714286,22.2697,25.9765285714286,1,,,,,720,2024-11-03,5204003,Cabeceiras,GO,2024,45
1729987200000,202444,0.0,0,0,0,0.0,0.0,0,1,520400320244420395,2025-11-03,Cabeceiras,,0.0,7342,19.6576857142857,92.4982,0,0,0,79.8274714285714,64.0163428571429,22.5905285714286,25.8625571428571,0,,,,,720,2024-10-27,5204003,Cabeceiras,GO,2024,44
1729382400000,202443,0.0,0,0,0,0.0,0.0,0,1,520400320244320389,2025-10-28,Cabeceiras,,0.0,7342,20.4652571428571,92.8932571428571,0,0,0,77.9770714285714,57.4842142857143,23.7244714285714,27.8373857142857,0,,,,,720,2024-10-20,5204003,Cabeceiras,GO,2024,43
1728777600000,202442,0.0,0,0,0,0.0,0.0,0,1,520400320244220381,2025-10-20,Cabeceiras,,0.0,7342,20.2520428571429,91.1345285714286,0,0,0,74.283,55.0312714285714,23.8278428571429,28.1288,0,,,,,720,2024-10-13,5204003,Cabeceiras,GO,2024,42
1728172800000,202441,0.0,0,0,0,0.0,0.0,0,1,520400320244120375,2025-10-14,Cabeceiras,,0.0,7342,22.3574142857143,71.6019857142857,0,0,0,52.0999285714286,34.0726714285714,27.4025428571429,32.7633142857143,0,,,,,720,2024-10-06,5204003,Cabeceiras,GO,2024,41
1727568000000,202440,0.0,0,0,0,0.0,0.0,0,1,520400320244020367,2025-10-06,Cabeceiras,,0.0,7342,21.1195285714286,47.1106857142857,0,0,0,30.9003428571429,19.324,27.7737714285714,33.9194714285714,0,,,,,720,2024-09-29,5204003,Cabeceiras,GO,2024,40
1726963200000,202439,0.0,0,0,0,0.0,0.0,0,1,520400320243920363,2025-10-02,Cabeceiras,,0.0,7342,20.5705,45.4471428571429,0,0,0,30.7619428571429,18.1997714285714,27.2751714285714,33.9073,0,,,,,720,2024-09-22,5204003,Cabeceiras,GO,2024,39
1726358400000,202438,0.0,0,0,0,0.0,0.0,0,1,520400320243820353,2025-09-22,Cabeceiras,,0.0,7342,19.6033714285714,50.2076285714286,0,0,0,34.3483428571429,21.6257428571429,26.1067857142857,32.2629285714286,0,,,,,720,2024-09-15,5204003,Cabeceiras,GO,2024,38
1725753600000,202437,0.0,0,0,0,0.0,0.0,0,1,520400320243720346,2025-09-15,Cabeceiras,,0.0,7342,17.3918142857143,45.7399285714286,0,0,0,33.7776285714286,22.0897857142857,24.0299857142857,30.5878571428571,0,,,,,720,2024-09-08,5204003,Cabeceiras,GO,2024,37
1725148800000,202436,0.0,0,0,0,0.0,0.0,0,1,520400320243620339,2025-09-08,Cabeceiras,,0.0,7342,17.9257428571429,41.6261285714286,0,0,0,27.9321857142857,15.6032714285714,25.0247714285714,32.0865857142857,0,,,,,720,2024-09-01,5204003,Cabeceiras,GO,2024,36
1724544000000,202435,0.0,0,0,0,0.0,0.0,0,1,520400320243520332,2025-09-01,Cabeceiras,,0.0,7342,17.4842714285714,59.4104,0,0,0,42.1272571428571,26.0728285714286,23.3254142857143,29.4580714285714,0,,,,,720,2024-08-25,5204003,Cabeceiras,GO,2024,35
1723939200000,202434,0.0,0,0,0,0.0,0.0,0,1,520400320243420328,2025-08-28,Cabeceiras,,0.0,7342,16.1436142857143,49.1499285714286,0,0,0,33.9835142857143,19.6694857142857,23.1618142857143,30.0805857142857,0,,,,,720,2024-08-18,5204003,Cabeceiras,GO,2024,34
1723334400000,202433,0.0,0,0,0,0.0,0.0,0,1,520400320243320321,2025-08-21,Cabeceiras,,0.0,7342,16.1397428571429,58.6097714285714,0,0,0,39.5133571428571,22.3457,22.5961142857143,29.4875285714286,0,,,,,720,2024-08-11,5204003,Cabeceiras,GO,2024,33
1722729600000,202432,0.0,0,0,0,0.0,0.0,0,1,520400320243220312,2025-08-12,Cabeceiras,,0.0,7342,16.6343428571429,62.7796142857143,0,0,0,45.5039285714286,28.5041428571429,21.8204857142857,27.6629142857143,0,,,,,720,2024-08-04,5204003,Cabeceiras,GO,2024,32
1722124800000,202431,0.0,0,0,0,0.0,0.0,0,1,520400320243120305,2025-08-05,Cabeceiras,,0.0,7342,16.3641571428571,68.0947571428571,0,0,0,49.1286285714286,31.7855571428571,21.6257428571429,27.0664142857143,0,,,,,720,2024-07-28,5204003,Cabeceiras,GO,2024,31
1721520000000,202430,0.0,0,0,0,0.0,0.0,0,1,520400320243020298,2025-07-29,Cabeceiras,,0.0,7342,13.5987428571429,66.9702714285714,0,0,0,48.3841,31.2709714285714,19.7321857142857,25.9882857142857,0,,,,,720,2024-07-21,5204003,Cabeceiras,GO,2024,30
1720915200000,202429,0.0,0,0,0,0.0,0.0,0,1,520400320242920291,2025-07-22,Cabeceiras,,0.0,7342,13.5032857142857,69.7584428571429,0,0,0,49.7906142857143,31.3142142857143,19.6108571428571,25.7879428571429,0,,,,,720,2024-07-14,5204003,Cabeceiras,GO,2024,29
1720310400000,202428,0.0,0,0,0,0.0,0.0,0,1,520400320242820283,2025-07-14,Cabeceiras,,0.0,7342,15.7423714285714,65.3414428571429,0,0,0,46.1737142857143,27.2068428571429,21.8150142857143,28.0236142857143,0,,,,,720,2024-07-07,5204003,Cabeceiras,GO,2024,28
1719705600000,202427,0.0,0,0,0,0.0,0.0,0,1,520400320242720278,2025-07-09,Cabeceiras,,0.0,7342,15.1692142857143,66.9292285714286,0,0,0,49.2161,31.2918142857143,20.6632571428571,26.627,0,,,,,720,2024-06-30,5204003,Cabeceiras,GO,2024,27
1719100800000,202426,0.0,0,0,0,0.0,0.0,0,1,520400320242620269,2025-06-30,Cabeceiras,,0.0,7342,15.6772857142857,69.5842,0,0,0,50.1407428571429,29.5225,21.2216285714286,27.2972857142857,0,,,,,720,2024-06-23,5204003,Cabeceiras,GO,2024,26
1718496000000,202425,0.0,0,0,0,0.0,0.0,0,1,520400320242520262,2025-06-23,Cabeceiras,,0.0,7342,14.8650285714286,73.8716142857143,0,0,0,56.2849,36.7461285714286,20.0905857142857,25.6259571428571,0,,,,,720,2024-06-16,5204003,Cabeceiras,GO,2024,25
1717891200000,202424,0.0,0,0,0,0.0,0.0,0,1,520400320242420255,2025-06-16,Cabeceiras,,0.0,7342,15.7578571428571,76.5002714285714,0,0,0,59.5874142857143,38.7957,20.8182,26.4348285714286,0,,,,,720,2024-06-09,5204003,Cabeceiras,GO,2024,24
1717286400000,202423,0.0,0,0,0,0.0,0.0,0,1,520400320242320249,2025-06-10,Cabeceiras,,0.0,7342,17.1318142857143,78.9077714285714,0,0,0,62.7663571428571,44.7360142857143,21.1632428571429,25.6608285714286,0,,,,,720,2024-06-02,5204003,Cabeceiras,GO,2024,23
1716681600000,202422,0.0,0,0,0,0.0,0.0,0,1,520400320242220241,2025-06-02,Cabeceiras,,0.0,7342,16.4414714285714,76.8762,0,0,0,57.4289142857143,35.8983571428571,21.6842142857143,27.1648571428571,0,,,,,720,2024-05-26,5204003,Cabeceiras,GO,2024,22
1716076800000,202421,0.0,0,0,0,0.0,0.0,0,1,520400320242120236,2025-05-28,Cabeceiras,,0.0,7342,17.9295285714286,77.2352714285714,0,0,0,59.5492,39.2068285714286,22.6048142857143,27.7469714285714,0,,,,,720,2024-05-19,5204003,Cabeceiras,GO,2024,21
1715472000000,202420,0.0,0,0,0,0.0,0.0,0,1,520400320242020227,2025-05-19,Cabeceiras,,0.0,7342,17.8333571428571,77.0985142857143,0,0,0,57.7248571428571,36.4283285714286,23.2920857142857,28.8807428571429,0,,,,,720,2024-05-12,5204003,Cabeceiras,GO,2024,20
1714867200000,202419,0.0,0,0,0,0.0,0.0,0,1,520400320241920224,2025-05-16,Cabeceiras,,0.0,7342,17.7186857142857,78.5434285714286,0,0,0,62.1052142857143,40.7782,22.4770142857143,27.8804714285714,0,,,,,720,2024-05-05,5204003,Cabeceiras,GO,2024,19
1714262400000,202418,12.0,12,12,12,0.9546662,163.4432,0,1,520400320241820214,2025-05-06,Cabeceiras,,2.2878947,7342,18.6225857142857,81.8286142857143,0,1,2,63.7204,40.8547714285714,23.7187428571429,29.0557714285714,12,,,,,720,2024-04-28,5204003,Cabeceiras,GO,2024,18
1713657600000,202417,0.0,0,0,0,0.0,0.0,0,1,520400320241720206,2025-04-28,Cabeceiras,,0.0,7342,19.0711,84.0612714285714,0,0,0,68.6895285714286,49.9776285714286,23.1748428571429,27.7136714285714,0,,,,,720,2024-04-21,5204003,Cabeceiras,GO,2024,17
1713052800000,202416,2.0,2,2,2,4.20579e-05,27.240534,0,1,520400320241620200,2025-04-22,Cabeceiras,,0.11205613,7342,20.1422142857143,85.6045428571429,0,0,0,72.4196142857143,56.2747,23.5630857142857,27.3772857142857,2,,,,,720,2024-04-14,5204003,Cabeceiras,GO,2024,16
1712448000000,202415,9.0,9,9,9,0.042080656,122.582405,0,2,520400320241520192,2025-04-14,Cabeceiras,,0.5084986,7342,19.7948714285714,89.1367571428571,1,0,1,74.4255857142857,52.9714571428571,23.5199571428571,27.8678,9,,,,,720,2024-04-07,5204003,Cabeceiras,GO,2024,15
1711843200000,202414,29.0,29,29,29,0.97394204,394.98773,0,4,520400320241420188,2025-04-10,Cabeceiras,,1.7944208,7342,20.3681428571429,97.2973428571429,1,1,2,85.3625428571429,68.4303428571429,23.3575142857143,27.1622571428571,29,,,,,720,2024-03-31,5204003,Cabeceiras,GO,2024,14
1711238400000,202413,12.0,12,12,12,0.29831648,163.4432,0,4,520400320241320178,2025-03-31,Cabeceiras,,0.81692487,7342,20.2153,94.6128571428571,1,0,2,79.5963,59.1464285714286,23.6412428571429,27.9371,12,,,,,720,2024-03-24,5204003,Cabeceiras,GO,2024,13
1710633600000,202412,19.0,19,19,19,0.8213828,258.78506,0,4,520400320241220171,2025-03-24,Cabeceiras,,1.3762883,7342,21.3645285714286,92.9221714285714,1,0,2,77.7739714285714,59.5474428571429,24.9744857142857,29.0645,19,,,,,720,2024-03-17,5204003,Cabeceiras,GO,2024,12
1710028800000,202411,14.0,14,14,14,0.5674823,190.68373,0,4,520400320241120165,2025-03-18,Cabeceiras,,1.0663948,7342,21.3519857142857,91.4580857142857,1,0,2,75.1630428571429,56.5337142857143,25.2108571428571,29.3323714285714,14,,,,,720,2024-03-10,5204003,Cabeceiras,GO,2024,11
1709424000000,202410,12.0,12,12,12,0.5244903,163.4432,0,4,520400320241020158,2025-03-11,Cabeceiras,,1.0251018,7342,20.6063,94.2990428571429,1,0,2,80.7670857142857,62.5803,23.9406714285714,28.1183428571429,12,,,,,720,2024-03-03,5204003,Cabeceiras,GO,2024,10
1708819200000,202409,17.0,17,17,17,0.881454,231.54454,0,2,520400320240920153,2025-03-06,Cabeceiras,,1.5628814,7342,20.0931142857143,87.0983428571429,1,0,2,68.6671142857143,47.2797571428571,24.9329142857143,29.9695857142857,17,,,,,720,2024-02-25,5204003,Cabeceiras,GO,2024,9
1708214400000,202408,8.0,8,8,8,0.41387033,108.962135,0,2,520400320240820145,2025-02-26,Cabeceiras,,0.90174764,7342,20.1428857142857,97.5551857142857,1,0,1,88.666,74.9914,22.3047714285714,25.6087571428571,7,,,,,720,2024-02-18,5204003,Cabeceiras,GO,2024,8
1707609600000,202407,13.0,13,13,13,0.96488154,177.06348,0,4,520400320240720137,2025-02-18,Cabeceiras,,2.360648,7342,20.0862714285714,87.3606571428571,1,1,2,75.5358857142857,60.019,23.5479857142857,27.4609857142857,5,,,,,720,2024-02-11,5204003,Cabeceiras,GO,2024,7
1707004800000,202406,11.0,11,11,11,0.980638,149.82294,0,2,520400320240620130,2025-02-11,Cabeceiras,,3.1008825,7342,20.0709714285714,95.4315428571429,1,1,2,84.5602428571429,67.1866714285714,22.7041428571429,26.4846428571429,9,,,,,720,2024-02-04,5204003,Cabeceiras,GO,2024,6
1706400000000,202405,3.0,3,3,3,0.5295151,40.8608,0,2,520400320240520123,2025-02-04,Cabeceiras,,1.0587213,7342,20.0192142857143,94.9228285714286,1,0,0,83.0771428571429,65.3590857142857,22.9482,27.1000285714286,3,,,,,720,2024-01-28,5204003,Cabeceiras,GO,2024,5
1705795200000,202404,3.0,3,3,3,0.68501234,40.8608,0,2,520400320240420116,2025-01-28,Cabeceiras,,1.4905058,7342,20.9726857142857,93.9807857142857,1,0,0,82.5985285714286,64.1229428571429,23.6505285714286,27.3878571428571,3,,,,,720,2024-01-21,5204003,Cabeceiras,GO,2024,4
1705190400000,202403,4.0,4,4,4,0.9104489,54.481068,0,2,520400320240320109,2025-01-21,Cabeceiras,,3.185172,7342,20.386,90.3482285714286,1,0,0,70.7008428571429,48.8781571428571,25.0468428571429,29.7570571428571,4,,,,,720,2024-01-14,5204003,Cabeceiras,GO,2024,3
1704585600000,202402,1.0,1,1,1,0.6887573,13.620267,0,1,520400320240220102,2025-01-14,Cabeceiras,,1.8589696,7342,20.0747714285714,95.5218571428571,1,0,0,82.2077857142857,64.3016285714286,23.3366285714286,27.1544428571429,1,,,,,720,2024-01-07,5204003,Cabeceiras,GO,2024,2
1703980800000,202401,2.0,2,2,2,0.9779825,27.240534,0,1,520400320240120095,2025-01-07,Cabeceiras,,18.521618,7342,20.1761142857143,97.4221571428571,1,0,0,89.3087428571429,76.3784857142857,22.2842142857143,25.0844857142857,2,,,,,720,2023-12-31,5204003,Cabeceiras,GO,2024,1
1703376000000,202352,0.0,0,0,0,0.0,0.0,0,1,520400320235220087,2024-12-30,Cabeceiras,,0.0,7342,21.4411428571429,92.1003571428571,0,0,0,73.4635285714286,50.6546142857143,25.3643714285714,30.1300142857143,0,,,,,720,2023-12-24,5204003,Cabeceiras,GO,2023,52
1702771200000,202351,0.0,0,0,0,0.0,0.0,0,1,520400320235120080,2024-12-23,Cabeceiras,,0.0,7342,21.0240285714286,84.4880571428571,0,0,0,69.8203142857143,50.7977,24.5441714285714,28.9366,0,,,,,720,2023-12-17,5204003,Cabeceiras,GO,2023,51
1702166400000,202350,0.0,0,0,0,0.0,0.0,0,1,520400320235020074,2024-12-17,Cabeceiras,,0.0,7342,21.7876571428571,73.0803142857143,0,0,0,54.1504571428571,34.4428285714286,26.6555571428571,31.9956142857143,0,,,,,720,2023-12-10,5204003,Cabeceiras,GO,2023,50
1701561600000,202349,0.0,0,0,0,0.0,0.0,0,1,520400320234920067,2024-12-10,Cabeceiras,,0.0,7342,20.9881571428571,82.2746571428571,0,0,0,63.9480285714286,42.1899714285714,25.6069,30.6700571428571,0,,,,,720,2023-12-03,5204003,Cabeceiras,GO,2023,49
1700956800000,202348,0.0,0,0,0,0.0,0.0,0,1,520400320234820060,2024-12-03,Cabeceiras,,0.0,7342,21.7434142857143,85.0390857142857,0,0,0,63.0811428571429,42.7183571428571,26.0335142857143,30.9293285714286,0,,,,,720,2023-11-26,5204003,Cabeceiras,GO,2023,48
1700352000000,202347,0.0,0,0,0,0.0,0.0,0,1,520400320234720056,2024-11-29,Cabeceiras,,0.0,7342,21.8231285714286,88.4172571428571,0,0,0,68.5894,48.4554428571429,25.9337285714286,30.4351428571429,0,,,,,720,2023-11-19,5204003,Cabeceiras,GO,2023,47
1699747200000,202346,0.0,0,0,0,0.0,0.0,0,1,520400320234620046,2024-11-19,Cabeceiras,,0.0,7342,21.9412857142857,64.4593,0,0,0,42.8410285714286,25.9180142857143,28.2462428571429,34.9484285714286,0,,,,,720,2023-11-12,5204003,Cabeceiras,GO,2023,46
1699142400000,202345,0.0,0,0,0,0.0,0.0,0,1,520400320234520039,2024-11-12,Cabeceiras,,0.0,7342,20.5508,72.3533857142857,0,0,0,54.4989285714286,35.0087,25.9024142857143,31.8955428571429,0,,,,,720,2023-11-05,5204003,Cabeceiras,GO,2023,45
1698537600000,202344,0.0,0,0,0,0.0,0.0,0,1,520400320234420032,2024-11-05,Cabeceiras,,0.0,7342,21.1686142857143,83.4599714285714,0,0,0,61.9966142857143,38.3738857142857,26.0926285714286,32.2947571428571,0,,,,,720,2023-10-29,5204003,Cabeceiras,GO,2023,44
1697932800000,202343,0.0,0,0,0,0.0,0.0,0,1,520400320234320026,2024-10-30,Cabeceiras,,0.0,7342,21.4257857142857,80.4129,0,0,0,62.2097142857143,40.5621857142857,25.7119,31.2799285714286,0,,,,,720,2023-10-22,5204003,Cabeceiras,GO,2023,43
1697328000000,202342,0.0,0,0,0,0.0,0.0,0,1,520400320234220019,2024-10-23,Cabeceiras,,0.0,7342,21.3837571428571,65.8931857142857,0,0,0,46.7053142857143,30.2133428571429,26.8404428571429,32.9398285714286,0,,,,,720,2023-10-15,5204003,Cabeceiras,GO,2023,42
1696723200000,202341,1.0,1,1,1,0.9632679,13.620267,0,1,520400320234120011,2024-10-15,Cabeceiras,,18.521614,7342,21.6245142857143,77.9077571428571,0,0,0,57.7987571428571,36.8269428571429,26.7876571428571,32.8722571428571,1,,,,,720,2023-10-08,5204003,Cabeceiras,GO,2023,41
1696118400000,202340,0.0,0,0,0,0.0,0.0,0,1,520400320234020005,2024-10-09,Cabeceiras,,0.0,7342,20.7277285714286,83.4183142857143,0,0,0,65.2292285714286,43.9249428571429,25.2882428571429,30.7760142857143,0,,,,,720,2023-10-01,5204003,Cabeceiras,GO,2023,40
1695513600000,202339,0.0,0,0,0,0.0,0.0,0,1,520400320233919998,2024-10-02,Cabeceiras,,0.0,7342,21.4511142857143,71.4588142857143,0,0,0,52.0007142857143,32.7387428571429,27.1127142857143,33.7369,0,,,,,720,2023-09-24,5204003,Cabeceiras,GO,2023,39
1694908800000,202338,0.0,0,0,0,0.0,0.0,0,1,520400320233819990,2024-09-24,Cabeceiras,,0.0,7342,19.4921142857143,60.7537857142857,0,0,0,44.6299285714286,27.734,25.6267428571429,32.4681571428571,0,,,,,720,2023-09-17,5204003,Cabeceiras,GO,2023,38
1694304000000,202337,0.0,0,0,0,0.0,0.0,0,1,520400320233719983,2024-09-17,Cabeceiras,,0.0,7342,18.1661714285714,64.4473428571429,0,0,0,48.5812428571429,31.0743142857143,23.8955142857143,30.5237,0,,,,,720,2023-09-10,5204003,Cabeceiras,GO,2023,37
1693699200000,202336,0.0,0,0,0,0.0,0.0,0,1,520400320233619978,2024-09-12,Cabeceiras,,0.0,7342,19.2712,70.3367142857143,0,0,0,52.2630571428571,34.4374428571429,24.3098,29.9635142857143,0,,,,,720,2023-09-03,5204003,Cabeceiras,GO,2023,36
1693094400000,202335,0.0,0,0,0,0.0,0.0,0,1,520400320233519969,2024-09-03,Cabeceiras,,0.0,7342,19.1067714285714,90.6130714285714,0,0,0,72.6728857142857,46.8004142857143,23.3875285714286,29.4824,0,,,,,720,2023-08-27,5204003,Cabeceiras,GO,2023,35
1692489600000,202334,0.0,0,0,0,0.0,0.0,0,1,520400320233419962,2024-08-27,Cabeceiras,,0.0,7342,18.2899714285714,68.4306,0,0,0,49.0104,29.0690285714286,24.1168571428571,31.4253142857143,0,,,,,720,2023-08-20,5204003,Cabeceiras,GO,2023,34
1691884800000,202333,1.0,1,1,1,0.9632679,13.620267,0,1,520400320233319956,2024-08-21,Cabeceiras,,18.521618,7342,15.8994,67.2777857142857,0,0,0,49.6717857142857,31.7042428571429,21.5206,27.9176714285714,1,,,,,720,2023-08-13,5204003,Cabeceiras,GO,2023,33
1691280000000,202332,0.0,0,0,0,0.0,0.0,0,1,520400320233219949,2024-08-14,Cabeceiras,,0.0,7342,15.7511714285714,60.6791857142857,0,0,0,44.3599571428571,26.1602714285714,22.0129714285714,29.6168571428571,0,,,,,720,2023-08-06,5204003,Cabeceiras,GO,2023,32
1690675200000,202331,0.0,0,0,0,0.0,0.0,0,1,520400320233119941,2024-08-06,Cabeceiras,,0.0,7342,15.0089285714286,69.3305428571429,0,0,0,49.6254714285714,28.7723285714286,21.288,28.7359428571429,0,,,,,720,2023-07-30,5204003,Cabeceiras,GO,2023,31
1690070400000,202330,0.0,0,0,0,0.0,0.0,0,1,520400320233019934,2024-07-30,Cabeceiras,,0.0,7342,15.3902,71.6763142857143,0,0,0,54.6230428571429,34.0131857142857,20.6825,27.0412428571429,0,,,,,720,2023-07-23,5204003,Cabeceiras,GO,2023,30
1689465600000,202329,0.0,0,0,0,0.0,0.0,0,1,520400320232919929,2024-07-25,Cabeceiras,,0.0,7342,15.9030857142857,75.6469285714286,0,0,0,57.3374714285714,36.5138428571429,21.2003857142857,27.4057857142857,0,,,,,720,2023-07-16,5204003,Cabeceiras,GO,2023,29
1688860800000,202328,0.0,0,0,0,0.0,0.0,0,1,520400320232819919,2024-07-15,Cabeceiras,,0.0,7342,15.2071285714286,71.1725285714286,0,0,0,51.4274714285714,31.1062714285714,21.5655857142857,28.8817857142857,0,,,,,720,2023-07-09,5204003,Cabeceiras,GO,2023,28
1688256000000,202327,0.0,0,0,0,0.0,0.0,0,1,520400320232719913,2024-07-09,Cabeceiras,0,0.0,7342,16.7142857142857,55.6458987142857,0,0,0,52.0367727142857,48.2889567142857,17.4761905714286,18.2857142857143,0,,,,,720,2023-07-02,5204003,Cabeceiras,GO,2023,27
1687651200000,202326,0.0,0,0,0,0.0,0.0,0,1,520400320232619905,2024-07-01,Cabeceiras,0,0.0,7342,18.5714285714286,57.253633,0,0,0,54.7851431428571,52.1784072857143,19.0476191428571,19.5714285714286,0,,,,,720,2023-06-25,5204003,Cabeceiras,GO,2023,26
1687046400000,202325,0.0,0,0,0,0.0,0.0,0,1,520400320232519898,2024-06-24,Cabeceiras,0,0.0,7342,18.0,64.0836305714286,0,0,0,60.9203788571429,57.6386442857143,18.7142857142857,19.4285714285714,0,,,,,720,2023-06-18,5204003,Cabeceiras,GO,2023,25
1686441600000,202324,0.0,0,0,0,0.0,0.0,0,1,520400320232419884,2024-06-10,Cabeceiras,,0.0,7342,16.5243857142857,82.1511142857143,0,0,0,64.7984428571429,42.8595571428571,21.4261428571429,27.6870857142857,0,,,,,720,2023-06-11,5204003,Cabeceiras,GO,2023,24
1685836800000,202323,0.0,0,0,0,0.0,0.0,0,1,520400320232319884,2024-06-10,Cabeceiras,,0.0,7342,13.6534,80.2403714285714,0,0,0,62.5328142857143,40.9432,19.6045,26.52,0,,,,,720,2023-06-04,5204003,Cabeceiras,GO,2023,23
1685232000000,202322,1.0,1,1,1,0.8119555,13.620267,0,1,520400320232219876,2024-06-02,Cabeceiras,0,3.327484,7342,20.3,67.169108,0,0,0,63.6827369,60.2327318,21.1,21.9,1,,,,,720,2023-05-28,5204003,Cabeceiras,GO,2023,22
1684627200000,202321,1.0,1,1,1,0.92503905,13.620267,0,1,520400320232119869,2024-05-26,Cabeceiras,0,8.895706,7342,14.0,78.9360135,0,0,0,60.0060449,41.7556427,19.1958332,24.4,0,,,,,720,2023-05-21,5204003,Cabeceiras,GO,2023,21
1684022400000,202320,0.0,0,0,0,0.0,0.0,0,1,520400320232019863,2024-05-20,Cabeceiras,0,0.0,7342,14.8333333333333,78.6741533888889,0,0,0,54.5352862222222,34.0003195555556,20.4537035555556,25.4444444444444,0,,,,,720,2023-05-14,5204003,Cabeceiras,GO,2023,20
1683417600000,202319,0.0,0,0,0,0.0,0.0,0,1,520400320231919856,2024-05-13,Cabeceiras,0,0.0,7342,19.875,69.332691875,0,0,0,61.188341375,52.937484875,21.7083335,23.75,0,,,,,720,2023-05-07,5204003,Cabeceiras,GO,2023,19
1682812800000,202318,0.0,0,0,0,0.0,0.0,0,1,520400320231819849,2024-05-06,Cabeceiras,0,0.0,7342,20.2,72.555739,0,0,0,68.7814148,63.9723086,20.9333336,21.8,0,,,,,720,2023-04-30,5204003,Cabeceiras,GO,2023,18
1682208000000,202317,1.0,1,1,1,0.78220326,13.620267,0,1,520400320231719841,2024-04-28,Cabeceiras,0,2.8217938,7342,17.5652173913043,88.9228126086957,0,0,0,71.9095056521739,49.9794486086957,21.5923913913043,26.3913043478261,1,,,,,720,2023-04-23,5204003,Cabeceiras,GO,2023,17
1681603200000,202316,1.0,1,1,1,0.784609,13.620267,0,1,520400320231619835,2024-04-22,Cabeceiras,0,2.8575172,7342,18.4285714285714,91.6000642857143,1,0,0,75.3259434285714,53.8946497142857,22.0952382857143,27.0,1,,,,,720,2023-04-16,5204003,Cabeceiras,GO,2023,16
1680998400000,202315,0.0,0,0,0,0.0,0.0,0,1,520400320231519827,2024-04-14,Cabeceiras,0,0.0,7342,19.1428571428571,94.0203,0,0,0,77.2057447142857,51.4963784285714,22.4523808571429,27.7142857142857,0,,,,,720,2023-04-09,5204003,Cabeceiras,GO,2023,15
1680393600000,202314,0.0,0,0,0,0.0,0.0,0,1,520400320231419821,2024-04-08,Cabeceiras,0,0.0,7342,18.7142857142857,90.7521171428571,0,0,0,75.2732408571429,51.3468842857143,21.660714,26.5714285714286,0,,,,,720,2023-04-02,5204003,Cabeceiras,GO,2023,14
1679788800000,202313,1.0,1,1,1,0.78453547,13.620267,0,1,520400320231319814,2024-04-01,Cabeceiras,0,2.8564126,7342,20.8571428571429,72.2697849047619,0,0,0,55.8554788095238,44.1183038571429,24.4166664761905,27.3809523809524,1,,,,,720,2023-03-26,5204003,Cabeceiras,GO,2023,13
1679184000000,202312,1.0,1,1,1,0.8118794,13.620267,0,1,520400320231219808,2024-03-26,Cabeceiras,0,3.3259861,7342,17.5454545454545,91.3497589090909,0,0,0,71.9430174545455,48.5877656363636,21.8560603636364,27.0,1,,,,,720,2023-03-19,5204003,Cabeceiras,GO,2023,12
1678579200000,202311,0.0,0,0,0,0.0,0.0,0,1,520400320231119800,2024-03-18,Cabeceiras,0,0.0,7342,21.3,81.283395,0,0,0,81.277472,81.271548,21.35,21.4,0,,,,,720,2023-03-12,5204003,Cabeceiras,GO,2023,11
1677974400000,202310,0.0,0,0,0,0.0,0.0,0,1,520400320231019794,2024-03-12,Cabeceiras,0,0.0,7342,22.1428571428571,70.8364115714286,0,0,0,68.8942271428571,66.952045,22.3571428571429,22.5714285714286,0,,,,,720,2023-03-05,5204003,Cabeceiras,GO,2023,10
1677369600000,202309,1.0,1,1,1,0.5000464,13.620267,0,1,520400320230919786,2024-03-04,Cabeceiras,0,1.0001339,7342,22.0,75.1189728333333,0,0,0,72.9228621666667,70.7267544166667,22.3333333333333,22.6666666666667,1,,,,,720,2023-02-26,5204003,Cabeceiras,GO,2023,9
1676764800000,202308,0.0,0,0,0,0.0,0.0,0,1,520400320230819780,2024-02-27,Cabeceiras,0,0.0,7342,18.9473684210526,90.1438903157895,0,0,0,73.7145455789474,51.9968642105263,22.1798247368421,27.6842105263158,0,,,,,720,2023-02-19,5204003,Cabeceiras,GO,2023,8
1676160000000,202307,1.0,1,1,1,0.35757783,13.620267,0,1,520400320230719773,2024-02-20,Cabeceiras,0,0.67400396,7342,24.5714285714286,59.7649554285714,0,0,0,58.9899425714286,58.2149302857143,24.7142857142857,24.8571428571429,1,,,,,720,2023-02-12,5204003,Cabeceiras,GO,2023,7
1675555200000,202306,2.0,2,2,2,0.61927533,27.240534,0,1,520400320230619768,2024-02-15,Cabeceiras,0,1.3352995,7342,23.0,71.7624368571429,0,0,0,69.3454032857143,66.0995661428571,23.4940477142857,24.2857142857143,2,,,,,720,2023-02-05,5204003,Cabeceiras,GO,2023,6
1674950400000,202305,1.0,1,1,1,0.3734663,12.428535,0,1,520400320230519759,2024-02-06,Cabeceiras,0,0.70375454,8046,21.7142857142857,73.9629072857143,0,0,0,68.9879072857143,61.1977235714286,22.970238,24.4285714285714,1,,,,,720,2023-01-29,5204003,Cabeceiras,GO,2023,5
1674345600000,202304,2.0,2,2,2,0.7091298,24.85707,0,1,520400320230419752,2024-01-30,Cabeceiras,0,1.7357057,8046,20.5714285714286,81.7212771428571,0,0,0,81.7212771428571,81.7212771428571,20.5714285714286,20.5714285714286,2,,,,,720,2023-01-22,5204003,Cabeceiras,GO,2023,4
1673740800000,202303,1.0,1,1,1,0.6634578,12.428535,0,1,520400320230319747,2024-01-25,Cabeceiras,0,1.6894078,8046,22.1428571428571,69.4868628571429,0,0,0,69.4868628571429,69.4868628571429,22.1428571428571,22.1428571428571,1,,,,,720,2023-01-15,5204003,Cabeceiras,GO,2023,3
1673136000000,202302,2.0,2,2,2,0.921898,24.85707,0,1,520400320230219747,2024-01-25,Cabeceiras,0,5.715059,8046,19.0,90.6840257142857,1,0,0,79.6281335714286,62.9142951428571,21.1190474285714,24.2857142857143,2,,,,,720,2023-01-08,5204003,Cabeceiras,GO,2023,2
1672531200000,202301,0.0,0,0,0,0.0,0.0,0,1,520400320230119740,2024-01-18,Cabeceiras,0,0.0,8046,19.2857142857143,92.3190262857143,0,0,0,76.6823057142857,56.4081015714286,21.9821425714286,26.0,0,,,,,720,2023-01-01,5204003,Cabeceiras,GO,2023,1
1671926400000,202252,0.0,0,0,0,0.0,0.0,0,1,520400320225219733,2024-01-11,Cabeceiras,0,0.0,8046,19.0,93.9743466666667,0,0,0,89.5614333333333,70.8377946666667,20.05303,21.6666666666667,0,,,,,720,2022-12-25,5204003,Cabeceiras,GO,2022,52
1671321600000,202251,1.0,1,1,1,0.9632679,12.428535,0,1,520400320225119718,2023-12-27,Cabeceiras,0,18.521618,8046,18.5,93.92977,1,0,0,84.775325,63.8116875,20.677885,24.5,1,,,,,720,2022-12-18,5204003,Cabeceiras,GO,2022,51
1670716800000,202250,0.0,0,0,0,0.0,0.0,0,1,520400320225019718,2023-12-27,Cabeceiras,0,0.0,8046,19.6666666666667,90.2900316666667,0,0,0,75.5618248333333,57.4447295,22.213889,25.6666666666667,0,,,,,720,2022-12-11,5204003,Cabeceiras,GO,2022,50
1670112000000,202249,0.0,0,0,0,0.0,0.0,0,1,520400320224919708,2023-12-17,Cabeceiras,0,0.0,8046,19.0,93.1274897142857,0,0,0,78.3807888571429,56.234546,21.8760822857143,26.1428571428571,0,,,,,720,2022-12-04,5204003,Cabeceiras,GO,2022,49
1669507200000,202248,0.0,0,0,0,0.0,0.0,0,1,520400320224819684,2023-11-23,Cabeceiras,0,0.0,8046,18.2857142857143,93.988274,0,0,0,79.0060364285714,56.1041121428571,21.3357145714286,25.5714285714286,0,,,,,720,2022-11-27,5204003,Cabeceiras,GO,2022,48
1668902400000,202247,0.0,0,0,0,0.0,0.0,0,1,520400320224719684,2023-11-23,Cabeceiras,0,0.0,8046,18.2857142857143,96.5898705714286,0,0,0,81.2759271428571,61.2429421428571,21.1251727142857,25.0,0,,,,,720,2022-11-20,5204003,Cabeceiras,GO,2022,47
1668297600000,202246,0.0,0,0,0,0.0,0.0,0,1,520400320224619684,2023-11-23,Cabeceiras,0,0.0,8046,18.5714285714286,96.5969728571429,0,0,0,81.6690514285714,57.1657104285714,21.5520188571429,26.7142857142857,0,,,,,720,2022-11-13,5204003,Cabeceiras,GO,2022,46
1667692800000,202245,0.0,0,0,0,0.0,0.0,0,1,520400320224519684,2023-11-23,Cabeceiras,0,0.0,8046,17.5714285714286,92.4072482857143,0,0,0,77.5294514285714,56.1062768571429,21.0367965714286,25.8571428571429,0,,,,,720,2022-11-06,5204003,Cabeceiras,GO,2022,45
1667088000000,202244,0.0,0,0,0,0.0,0.0,0,1,520400320224419684,2023-11-23,Cabeceiras,0,0.0,8046,17.8571428571429,97.4635071428571,0,0,0,79.355244,57.1676717142857,21.0447995714286,25.4285714285714,0,,,,,720,2022-10-30,5204003,Cabeceiras,GO,2022,44
1666483200000,202243,0.0,0,0,0,0.0,0.0,0,1,520400320224319684,2023-11-23,Cabeceiras,0,0.0,8046,18.4285714285714,92.5638954285714,0,0,0,71.6844725714286,52.4301154285714,22.4214288571429,26.7142857142857,0,,,,,720,2022-10-23,5204003,Cabeceiras,GO,2022,43
1665878400000,202242,0.0,0,0,0,0.0,0.0,0,1,520400320224219684,2023-11-23,Cabeceiras,0,0.0,8046,19.2857142857143,66.993991,0,0,0,44.4687085714286,27.5304324285714,24.915796,30.5714285714286,0,,,,,720,2022-10-16,5204003,Cabeceiras,GO,2022,42
1665273600000,202241,0.0,0,0,0,0.0,0.0,0,1,520400320224119684,2023-11-23,Cabeceiras,0,0.0,8046,18.7142857142857,64.3749081428571,0,0,0,46.136526,29.3426358571429,24.6547617142857,30.2857142857143,0,,,,,720,2022-10-09,5204003,Cabeceiras,GO,2022,41
1664668800000,202240,0.0,0,0,0,0.0,0.0,0,1,520400320224019684,2023-11-23,Cabeceiras,0,0.0,8046,19.8571428571429,81.5691865714286,0,0,0,64.9166772857143,45.6374,22.9918831428571,27.0,0,,,,,720,2022-10-02,5204003,Cabeceiras,GO,2022,40
1664064000000,202239,0.0,0,0,0,0.0,0.0,0,1,520400320223919684,2023-11-23,Cabeceiras,0,0.0,8046,18.8571428571429,86.7825357142857,0,0,0,64.6520471428571,42.8540258571429,23.5778388571429,28.0,0,,,,,720,2022-09-25,5204003,Cabeceiras,GO,2022,39
1663459200000,202238,0.0,0,0,0,0.0,0.0,0,1,520400320223819684,2023-11-23,Cabeceiras,0,0.0,8046,19.5714285714286,87.0378442857143,0,0,0,75.3965907142857,57.6158354285714,21.9340491428571,26.0,0,,,,,720,2022-09-18,5204003,Cabeceiras,GO,2022,38
1662854400000,202237,0.0,0,0,0,0.0,0.0,0,1,520400320223719684,2023-11-23,Cabeceiras,0,0.0,8046,17.5714285714286,64.9366548571429,0,0,0,43.0064551428571,26.1892998571429,23.4399585714286,29.4285714285714,0,,,,,720,2022-09-11,5204003,Cabeceiras,GO,2022,37
1662249600000,202236,0.0,0,0,0,0.0,0.0,0,1,520400320223619684,2023-11-23,Cabeceiras,0,0.0,8046,14.4285714285714,67.5492405714286,0,0,0,41.9576865714286,21.892369,22.5362314285714,29.7142857142857,0,,,,,720,2022-09-04,5204003,Cabeceiras,GO,2022,36
1661644800000,202235,0.0,0,0,0,0.0,0.0,0,1,520400320223519684,2023-11-23,Cabeceiras,0,0.0,8046,13.4285714285714,69.280637,0,0,0,49.9762477142857,33.2029888571429,19.3575757142857,25.0,0,,,,,720,2022-08-28,5204003,Cabeceiras,GO,2022,35
1661040000000,202234,0.0,0,0,0,0.0,0.0,0,1,520400320223419684,2023-11-23,Cabeceiras,0,0.0,8046,13.5714285714286,72.683668,0,0,0,50.569373,33.1938754285714,19.5404452857143,25.1428571428571,0,,,,,720,2022-08-21,5204003,Cabeceiras,GO,2022,34
1660435200000,202233,0.0,0,0,0,0.0,0.0,0,1,520400320223319684,2023-11-23,Cabeceiras,0,0.0,8046,14.8571428571429,73.5639842857143,0,0,0,50.4622805714286,32.8632422857143,20.7673075714286,26.2857142857143,0,,,,,720,2022-08-14,5204003,Cabeceiras,GO,2022,33
1659830400000,202232,0.0,0,0,0,0.0,0.0,0,1,520400320223219684,2023-11-23,Cabeceiras,0,0.0,8046,14.0,74.8994007142857,0,0,0,47.8615458571429,27.7368811428571,21.470238,29.1428571428571,0,,,,,720,2022-08-07,5204003,Cabeceiras,GO,2022,32
1659225600000,202231,0.0,0,0,0,0.0,0.0,0,1,520400320223119684,2023-11-23,Cabeceiras,0,0.0,8046,13.4285714285714,76.0803137142857,0,0,0,52.1349268571429,31.9962834285714,19.8380951428571,26.1428571428571,0,,,,,720,2022-07-31,5204003,Cabeceiras,GO,2022,31
1658620800000,202230,0.0,0,0,0,0.0,0.0,0,1,520400320223019684,2023-11-23,Cabeceiras,0,0.0,8046,12.4285714285714,78.6261435714286,0,0,0,54.0497742857143,30.9571408571429,19.095798,26.1428571428571,0,,,,,720,2022-07-24,5204003,Cabeceiras,GO,2022,30
1658016000000,202229,0.0,0,0,0,0.0,0.0,0,1,520400320222919684,2023-11-23,Cabeceiras,0,0.0,8046,12.5714285714286,80.6108865714286,0,0,0,58.6534278571429,39.1537008571429,18.5440477142857,24.5714285714286,0,,,,,720,2022-07-17,5204003,Cabeceiras,GO,2022,29
1657411200000,202228,0.0,0,0,0,0.0,0.0,0,1,520400320222819684,2023-11-23,Cabeceiras,0,0.0,8046,11.0,86.75139,0,0,0,62.5207772857143,38.6839828571429,17.5059522857143,24.1428571428571,0,,,,,720,2022-07-10,5204003,Cabeceiras,GO,2022,28
1656806400000,202227,0.0,0,0,0,0.0,0.0,0,1,520400320222719684,2023-11-23,Cabeceiras,0,0.0,8046,12.1428571428571,82.89579,0,0,0,61.0753394285714,39.6007082857143,18.2591992857143,24.7142857142857,0,,,,,720,2022-07-03,5204003,Cabeceiras,GO,2022,27
1656201600000,202226,1.0,1,1,1,0.8145267,12.428535,0,1,520400320222619684,2023-11-23,Cabeceiras,0,3.3787649,8046,11.0,85.1387,0,0,0,58.8449532857143,34.3125784285714,18.4954482857143,25.7142857142857,1,,,,,720,2022-06-26,5204003,Cabeceiras,GO,2022,26
1655596800000,202225,0.0,0,0,0,0.0,0.0,0,1,520400320222519684,2023-11-23,Cabeceiras,0,0.0,8046,13.2857142857143,82.0726174285714,0,0,0,59.0751315714286,38.3953017142857,19.625,25.4285714285714,0,,,,,720,2022-06-19,5204003,Cabeceiras,GO,2022,25
1654992000000,202224,0.0,0,0,0,0.0,0.0,0,1,520400320222419684,2023-11-23,Cabeceiras,0,0.0,8046,15.0,85.588163,0,0,0,62.9264948571429,40.3096182857143,20.4821425714286,26.7142857142857,0,,,,,720,2022-06-12,5204003,Cabeceiras,GO,2022,24
1654387200000,202223,1.0,1,1,1,0.8609681,12.428535,0,1,520400320222319684,2023-11-23,Cabeceiras,0,4.6303086,8046,13.5714285714286,85.4172108571429,0,0,0,66.5823192857143,46.0246508571429,18.5127551428571,24.0,1,,,,,720,2022-06-05,5204003,Cabeceiras,GO,2022,23
1653782400000,202222,0.0,0,0,0,0.0,0.0,0,1,520400320222219684,2023-11-23,Cabeceiras,0,0.0,8046,12.1428571428571,81.9714232857143,0,0,0,56.3103858571429,31.9399344285714,19.6437072857143,27.4285714285714,0,,,,,720,2022-05-29,5204003,Cabeceiras,GO,2022,22
1653177600000,202221,0.0,0,0,0,0.0,0.0,0,1,520400320222119684,2023-11-23,Cabeceiras,0,0.0,8046,12.5714285714286,87.08086,0,0,0,61.4327034285714,37.2640028571429,19.1617965714286,25.7142857142857,0,,,,,720,2022-05-22,5204003,Cabeceiras,GO,2022,21
1652572800000,202220,0.0,0,0,0,0.0,0.0,0,1,520400320222019684,2023-11-23,Cabeceiras,0,0.0,8046,11.8571428571429,84.4952805714286,0,0,0,62.9035674285714,36.2579531428571,17.3392857142857,23.8571428571429,0,,,,,720,2022-05-15,5204003,Cabeceiras,GO,2022,20
1651968000000,202219,3.0,3,3,3,0.89350176,37.285606,0,1,520400320221919684,2023-11-23,Cabeceiras,0,3.3777974,8046,16.1428571428571,89.6756457142857,0,0,0,65.2229281428571,43.6238678571429,21.5833334285714,26.7142857142857,3,,,,,720,2022-05-08,5204003,Cabeceiras,GO,2022,19
1651363200000,202218,0.0,0,0,0,0.0,0.0,0,1,520400320221819684,2023-11-23,Cabeceiras,0,0.0,8046,17.1428571428571,88.1557562857143,0,0,0,67.6145771428571,49.3507055714286,22.2571428571429,27.0,0,,,,,720,2022-05-01,5204003,Cabeceiras,GO,2022,18
1650758400000,202217,0.0,0,0,0,0.0,0.0,0,1,520400320221719684,2023-11-23,Cabeceiras,0,0.0,8046,17.2857142857143,86.0567122857143,0,0,0,66.4426838571429,42.8870952857143,22.236472,27.4285714285714,0,,,,,720,2022-04-24,5204003,Cabeceiras,GO,2022,17
1650153600000,202216,3.0,3,3,3,0.9304139,37.285606,0,1,520400320221619684,2023-11-23,Cabeceiras,0,4.6445785,8046,16.1428571428571,89.7645371428571,0,0,0,64.1034552857143,40.3803115714286,22.3747414285714,28.1428571428571,3,,,,,720,2022-04-17,5204003,Cabeceiras,GO,2022,16
1649548800000,202215,0.0,0,0,0,0.0,0.0,0,1,520400320221519684,2023-11-23,Cabeceiras,0,0.0,8046,19.4285714285714,93.2098842857143,0,0,0,74.8484662857143,50.8316565714286,23.1062924285714,28.4285714285714,0,,,,,720,2022-04-10,5204003,Cabeceiras,GO,2022,15
1648944000000,202214,0.0,0,0,0,0.0,0.0,0,1,520400320221419684,2023-11-23,Cabeceiras,0,0.0,8046,17.2857142857143,87.3265614285714,0,0,0,63.44131,44.125536,23.2321428571429,28.4285714285714,0,,,,,720,2022-04-03,5204003,Cabeceiras,GO,2022,14
1648339200000,202213,2.0,2,2,2,0.97798216,24.85707,0,1,520400320221319684,2023-11-23,Cabeceiras,0,18.521362,8046,18.4285714285714,84.3402228571429,0,0,0,59.8388778571429,36.4468214285714,24.3579401428571,30.0,2,,,,,720,2022-03-27,5204003,Cabeceiras,GO,2022,13
1647734400000,202212,0.0,0,0,0,0.0,0.0,0,1,520400320221219684,2023-11-23,Cabeceiras,0,0.0,8046,18.0,90.6027648571429,0,0,0,66.8086637142857,43.0196412857143,23.4200681428571,28.8571428571429,0,,,,,720,2022-03-20,5204003,Cabeceiras,GO,2022,12
1647129600000,202211,0.0,0,0,0,0.0,0.0,0,1,520400320221119684,2023-11-23,Cabeceiras,0,0.0,8046,19.7142857142857,96.6082785714286,0,0,0,79.7926615714286,57.9405338571429,22.5005102857143,26.7142857142857,0,,,,,720,2022-03-13,5204003,Cabeceiras,GO,2022,11
1646524800000,202210,0.0,0,0,0,0.0,0.0,0,1,520400320221019684,2023-11-23,Cabeceiras,1,0.0,8046,18.7142857142857,88.2747214285714,0,0,0,68.221165,45.3070775714286,23.2678571428571,28.2857142857143,0,,,,,720,2022-03-06,5204003,Cabeceiras,GO,2022,10
1645920000000,202209,0.0,0,0,0,0.0,0.0,0,1,520400320220919684,2023-11-23,Cabeceiras,0,0.0,8046,17.8571428571429,91.4735677142857,0,0,0,72.9869754285714,47.0274331428571,22.3637684285714,28.0,0,,,,,720,2022-02-27,5204003,Cabeceiras,GO,2022,9
1645315200000,202208,0.0,0,0,0,0.0,0.0,0,1,520400320220819684,2023-11-23,Cabeceiras,0,0.0,8046,18.8571428571429,95.6832957142857,0,0,0,77.1322252857143,54.3417425714286,22.6666665714286,27.2857142857143,0,,,,,720,2022-02-20,5204003,Cabeceiras,GO,2022,8
1644710400000,202207,0.0,0,0,0,0.0,0.0,0,1,520400320220719684,2023-11-23,Cabeceiras,0,0.0,8046,19.0,98.3242914285714,0,0,0,85.8533042857143,64.1374115714286,21.3015871428571,25.2857142857143,0,,,,,720,2022-02-13,5204003,Cabeceiras,GO,2022,7
1644105600000,202206,1.0,1,1,1,0.9632679,12.428535,0,1,520400320220619684,2023-11-23,Cabeceiras,0,18.521618,8046,19.5714285714286,94.1018757142857,1,0,0,81.1187141428571,61.4136694285714,21.8537782857143,25.1428571428571,1,,,,,720,2022-02-06,5204003,Cabeceiras,GO,2022,6
1643500800000,202205,0.0,0,0,0,0.0,0.0,0,1,520400320220519684,2023-11-23,Cabeceiras,0,0.0,8046,19.2857142857143,94.0717157142857,0,0,0,76.8378707142857,55.116085,22.8452382857143,27.4285714285714,0,,,,,720,2022-01-30,5204003,Cabeceiras,GO,2022,5
1642896000000,202204,0.0,0,0,0,0.0,0.0,0,1,520400320220419684,2023-11-23,Cabeceiras,0,0.0,8046,19.2857142857143,88.4009338571429,0,0,0,68.8524324285714,42.3662232857143,23.329365,27.7142857142857,0,,,,,720,2022-01-23,5204003,Cabeceiras,GO,2022,4
1642291200000,202203,0.0,0,0,0,0.0,0.0,0,1,520400320220319684,2023-11-23,Cabeceiras,0,0.0,8046,19.0,84.439927,0,0,0,60.8991127142857,38.1223407142857,24.0661762857143,28.8571428571429,0,,,,,720,2022-01-16,5204003,Cabeceiras,GO,2022,3
1641686400000,202202,0.0,0,0,0,0.0,0.0,0,1,520400320220219684,2023-11-23,Cabeceiras,0,0.0,8046,18.2857142857143,95.7747814285714,0,0,0,81.8159628571428,62.0994928571429,21.529762,25.4285714285714,0,,,,,720,2022-01-09,5204003,Cabeceiras,GO,2022,2
1641081600000,202201,0.0,0,0,0,0.0,0.0,0,1,520400320220119684,2023-11-23,Cabeceiras,0,0.0,8046,19.4285714285714,97.4365414285714,0,0,0,84.7637071428571,65.0754605714286,21.9415975714286,25.7142857142857,0,,,,,720,2022-01-02,5204003,Cabeceiras,GO,2022,1
1640476800000,202152,0.0,0,0,0,0.0,0.0,0,1,520400320215219684,2023-11-23,Cabeceiras,0,0.0,8046,19.2857142857143,96.5631842857143,0,0,0,83.1031221428571,64.7107498571429,21.7639754285714,24.8571428571429,0,,,,,720,2021-12-26,5204003,Cabeceiras,GO,2021,52
1639872000000,202151,0.0,0,0,0,0.0,0.0,0,1,520400320215119684,2023-11-23,Cabeceiras,0,0.0,8046,19.2857142857143,99.1455371428571,0,0,0,83.8618135714286,60.7938734285714,22.1863351428571,26.2857142857143,0,,,,,720,2021-12-19,5204003,Cabeceiras,GO,2021,51
1639267200000,202150,0.0,0,0,0,0.0,0.0,0,1,520400320215019684,2023-11-23,Cabeceiras,0,0.0,8046,19.5714285714286,98.2847528571429,0,0,0,83.3876711428571,61.1714955714286,22.3749294285714,26.7142857142857,0,,,,,720,2021-12-12,5204003,Cabeceiras,GO,2021,50
1638662400000,202149,0.0,0,0,0,0.0,0.0,0,1,520400320214919684,2023-11-23,Cabeceiras,0,0.0,8046,19.2857142857143,96.5631842857143,0,0,0,80.2377128571429,55.6742594285714,22.5274328571429,27.2857142857143,0,,,,,720,2021-12-05,5204003,Cabeceiras,GO,2021,49
1638057600000,202148,0.0,0,0,0,0.0,0.0,0,1,520400320214819684,2023-11-23,Cabeceiras,0,0.0,8046,19.4285714285714,96.6515714285714,0,0,0,81.5217685714286,56.1278164285714,22.835686,27.1428571428571,0,,,,,720,2021-11-28,5204003,Cabeceiras,GO,2021,48
1637452800000,202147,0.0,0,0,0,0.0,0.0,0,1,520400320214719684,2023-11-23,Cabeceiras,0,0.0,8046,19.1428571428571,95.8185,0,0,0,71.9879885714286,45.4034822857143,23.8032182857143,29.1428571428571,0,,,,,720,2021-11-21,5204003,Cabeceiras,GO,2021,47
1636848000000,202146,0.0,0,0,0,0.0,0.0,0,1,520400320214619684,2023-11-23,Cabeceiras,0,0.0,8046,18.8571428571429,99.1392157142857,0,0,0,86.6335664285714,67.6370247142857,21.0626762857143,24.5714285714286,0,,,,,720,2021-11-14,5204003,Cabeceiras,GO,2021,46
1636243200000,202145,0.0,0,0,0,0.0,0.0,0,1,520400320214519684,2023-11-23,Cabeceiras,0,0.0,8046,19.7142857142857,96.5695057142857,0,0,0,83.8560065714286,63.9031078571429,21.916996,25.7142857142857,0,,,,,720,2021-11-07,5204003,Cabeceiras,GO,2021,45
1635638400000,202144,0.0,0,0,0,0.0,0.0,0,1,520400320214419684,2023-11-23,Cabeceiras,0,0.0,8046,19.1428571428571,94.9049228571429,0,0,0,79.0485935714286,57.034604,22.2845851428571,26.5714285714286,0,,,,,720,2021-10-31,5204003,Cabeceiras,GO,2021,44
1635033600000,202143,0.0,0,0,0,0.0,0.0,0,1,520400320214319684,2023-11-23,Cabeceiras,0,0.0,8046,19.7142857142857,87.2303314285714,0,0,0,65.7627388571429,42.7663114285714,24.1959345714286,29.7142857142857,0,,,,,720,2021-10-24,5204003,Cabeceiras,GO,2021,43
1634428800000,202142,0.0,0,0,0,0.0,0.0,0,1,520400320214219684,2023-11-23,Cabeceiras,0,0.0,8046,19.1428571428571,92.4420505714286,0,0,0,72.9548801428571,49.7485974285714,23.406469,28.4285714285714,0,,,,,720,2021-10-17,5204003,Cabeceiras,GO,2021,42
1633824000000,202141,0.0,0,0,0,0.0,0.0,0,1,520400320214119684,2023-11-23,Cabeceiras,0,0.0,8046,19.5714285714286,93.2596742857143,0,0,0,73.6615957142857,49.1899128571429,23.391634,28.8571428571429,0,,,,,720,2021-10-10,5204003,Cabeceiras,GO,2021,41
1633219200000,202140,0.0,0,0,0,0.0,0.0,0,1,520400320214019684,2023-11-23,Cabeceiras,0,0.0,8046,20.0,76.1088971428571,0,0,0,50.1387944285714,26.7316421428571,26.4464288571429,33.0,0,,,,,720,2021-10-03,5204003,Cabeceiras,GO,2021,40
1632614400000,202139,0.0,0,0,0,0.0,0.0,0,1,520400320213919684,2023-11-23,Cabeceiras,0,0.0,8046,19.1428571428571,78.4010768571429,0,0,0,55.5234057142857,34.1598694285714,24.5157865714286,30.2857142857143,0,,,,,720,2021-09-26,5204003,Cabeceiras,GO,2021,39
1632009600000,202138,0.0,0,0,0,0.0,0.0,0,1,520400320213819684,2023-11-23,Cabeceiras,0,0.0,8046,18.1428571428571,66.7016934285714,0,0,0,42.6825678571429,24.1409134285714,25.714286,33.0,0,,,,,720,2021-09-19,5204003,Cabeceiras,GO,2021,38
1631404800000,202137,0.0,0,0,0,0.0,0.0,0,1,520400320213719684,2023-11-23,Cabeceiras,0,0.0,8046,16.1428571428571,59.2610882857143,0,0,0,34.514394,17.1883684285714,24.92029,32.1428571428571,0,,,,,720,2021-09-12,5204003,Cabeceiras,GO,2021,37
1630800000000,202136,0.0,0,0,0,0.0,0.0,0,1,520400320213619684,2023-11-23,Cabeceiras,0,0.0,8046,16.5714285714286,64.8095248571429,0,0,0,37.2584027142857,17.8000632857143,25.5155277142857,33.4285714285714,0,,,,,720,2021-09-05,5204003,Cabeceiras,GO,2021,36
1630195200000,202135,0.0,0,0,0,0.0,0.0,0,1,520400320213519684,2023-11-23,Cabeceiras,0,0.0,8046,15.7142857142857,73.0531564285714,0,0,0,49.6873562857143,28.6732232857143,22.1380345714286,28.7142857142857,0,,,,,720,2021-08-29,5204003,Cabeceiras,GO,2021,35
1629590400000,202134,0.0,0,0,0,0.0,0.0,0,1,520400320213419684,2023-11-23,Cabeceiras,0,0.0,8046,14.2857142857143,71.4570802857143,0,0,0,44.6969774285714,24.613081,22.5527948571429,30.0,0,,,,,720,2021-08-22,5204003,Cabeceiras,GO,2021,34
1628985600000,202133,0.0,0,0,0,0.0,0.0,0,1,520400320213319684,2023-11-23,Cabeceiras,0,0.0,8046,12.7142857142857,74.385162,0,0,0,46.1761064285714,26.1762268571429,20.7950314285714,27.8571428571429,0,,,,,720,2021-08-15,5204003,Cabeceiras,GO,2021,33
1628380800000,202132,0.0,0,0,0,0.0,0.0,0,1,520400320213219684,2023-11-23,Cabeceiras,0,0.0,8046,12.1428571428571,79.8900945714286,0,0,0,50.8448611428571,27.7660268571429,20.2732914285714,27.5714285714286,0,,,,,720,2021-08-08,5204003,Cabeceiras,GO,2021,32
1627776000000,202131,0.0,0,0,0,0.0,0.0,0,1,520400320213119684,2023-11-23,Cabeceiras,0,0.0,8046,13.5714285714286,76.406646,0,0,0,55.1886467142857,36.0426724285714,19.2289665714286,24.7142857142857,0,,,,,720,2021-08-01,5204003,Cabeceiras,GO,2021,31
1627171200000,202130,0.0,0,0,0,0.0,0.0,0,1,520400320213019684,2023-11-23,Cabeceiras,0,0.0,8046,10.5714285714286,75.366805,0,0,0,49.8458544285714,31.1257135714286,18.7826088571429,26.7142857142857,0,,,,,720,2021-07-25,5204003,Cabeceiras,GO,2021,30
1626566400000,202129,1.0,1,1,1,0.036425877,12.428535,0,1,520400320212919684,2023-11-23,Cabeceiras,1,0.2092535,8046,12.7142857142857,74.9124467142857,0,0,0,51.354167,31.2764212857143,19.6708077142857,26.2857142857143,1,,,,,720,2021-07-18,5204003,Cabeceiras,GO,2021,29
1625961600000,202128,0.0,0,0,0,0.0,0.0,0,1,520400320212819684,2023-11-23,Cabeceiras,0,0.0,8046,10.1428571428571,84.1847835714286,0,0,0,56.1268215714286,31.4361722857143,18.5222565714286,26.1428571428571,0,,,,,720,2021-07-11,5204003,Cabeceiras,GO,2021,28
1625356800000,202127,5.0,5,5,5,0.058631185,62.14268,0,1,520400320212719684,2023-11-23,Cabeceiras,0,0.45355242,8046,9.28571428571429,84.98449,0,0,1,55.942113,29.4734464285714,17.5155282857143,25.2857142857143,5,,,,,720,2021-07-04,5204003,Cabeceiras,GO,2021,27
1624752000000,202126,8.0,8,8,8,0.11917919,99.42828,0,1,520400320212619684,2023-11-23,Cabeceiras,1,0.60122895,8046,10.8571428571429,83.5715771428571,0,0,1,59.7952774285714,37.5027352857143,17.5344437142857,24.1428571428571,8,,,,,720,2021-06-27,5204003,Cabeceiras,GO,2021,26
1624147200000,202125,14.0,14,14,14,0.36822274,173.9995,0,1,520400320212519684,2023-11-23,Cabeceiras,0,0.88543403,8046,13.0,87.7259265714286,0,0,2,60.1422724285714,32.6517378571429,19.931112,26.8571428571429,14,,,,,720,2021-06-20,5204003,Cabeceiras,GO,2021,25
1623542400000,202124,8.0,8,8,8,0.046155322,99.42828,0,1,520400320212419684,2023-11-23,Cabeceiras,1,0.49924555,8046,14.2857142857143,86.6938714285714,0,0,1,64.0337278571428,43.005393,19.9184782857143,25.2857142857143,7,,,,,720,2021-06-13,5204003,Cabeceiras,GO,2021,24
1622937600000,202123,23.0,23,23,23,0.8745557,285.85632,0,4,520400320212319684,2023-11-23,Cabeceiras,1,1.4435656,8046,15.0,88.7808271428571,0,0,2,67.8732564285714,45.2684524285714,20.0833335714286,25.8571428571429,23,,,,,720,2021-06-06,5204003,Cabeceiras,GO,2021,23
1622332800000,202122,12.0,12,12,12,0.2064838,149.14243,0,4,520400320212219684,2023-11-23,Cabeceiras,0,0.7370527,8046,14.0,87.9087857142857,0,0,2,63.6846164285714,37.631327,20.5736282857143,27.2857142857143,11,,,,,720,2021-05-30,5204003,Cabeceiras,GO,2021,22
1621728000000,202121,18.0,18,18,18,0.50385594,223.71365,0,4,520400320212119684,2023-11-23,Cabeceiras,0,1.0031922,8046,16.7142857142857,92.2280257142857,0,0,2,67.7113187142857,42.8719665714286,22.375,28.4285714285714,18,,,,,720,2021-05-23,5204003,Cabeceiras,GO,2021,21
1621123200000,202120,15.0,15,15,15,0.23867345,186.42804,0,4,520400320212019684,2023-11-23,Cabeceiras,2,0.78561777,8046,13.0,91.2107414285714,0,0,2,62.314748,35.1850972857143,20.4761905714286,27.1428571428571,13,,,,,720,2021-05-16,5204003,Cabeceiras,GO,2021,20
1620518400000,202119,16.0,16,16,16,0.49651235,198.85657,0,4,520400320211919684,2023-11-23,Cabeceiras,1,0.9969561,8046,14.1428571428571,88.6733928571429,0,0,2,64.3450831428571,41.1646547142857,20.125,25.7142857142857,14,,,,,720,2021-05-09,5204003,Cabeceiras,GO,2021,19
1619913600000,202118,25.0,25,25,25,0.9926923,310.7134,0,4,520400320211819684,2023-11-23,Cabeceiras,1,2.3201919,8046,14.5714285714286,88.9441585714286,0,1,2,67.5060581428571,42.5059274285714,20.4880954285714,26.1428571428571,24,,,,,720,2021-05-02,5204003,Cabeceiras,GO,2021,18
1619308800000,202117,16.0,16,16,16,0.9844438,198.85657,0,3,520400320211719684,2023-11-23,Cabeceiras,0,2.5741856,8046,17.5714285714286,95.7048842857143,0,1,2,77.3551394285714,54.2797311428571,21.5520185714286,25.8571428571429,16,,,,,720,2021-04-25,5204003,Cabeceiras,GO,2021,17
1618704000000,202116,10.0,10,10,10,0.9798149,124.28536,0,1,520400320211619684,2023-11-23,Cabeceiras,1,3.2834702,8046,15.2857142857143,93.89014,0,1,2,73.4630407142857,50.37927,19.9399095714286,25.1428571428571,10,,,,,720,2021-04-18,5204003,Cabeceiras,GO,2021,16
1618099200000,202115,6.0,6,6,6,0.9702728,74.57121,0,1,520400320211519684,2023-11-23,Cabeceiras,3,4.3123083,8046,16.2857142857143,89.7070257142857,0,1,1,67.434619,43.7768872857143,21.7261905714286,27.2857142857143,6,,,,,720,2021-04-11,5204003,Cabeceiras,GO,2021,15
1617494400000,202114,2.0,2,2,2,0.6546561,24.85707,0,1,520400320211419684,2023-11-23,Cabeceiras,1,1.4712478,8046,18.2857142857143,94.8571971428571,1,0,0,79.5558544285714,59.3112671428571,21.1607142857143,25.2857142857143,2,,,,,720,2021-04-04,5204003,Cabeceiras,GO,2021,14
1616889600000,202113,1.0,1,1,1,0.1613,12.428535,0,1,520400320211319684,2023-11-23,Cabeceiras,0,0.379913,8046,17.7142857142857,89.8154948571429,0,0,0,64.6507262857143,40.2301368571429,23.504348,29.4285714285714,1,,,,,720,2021-03-28,5204003,Cabeceiras,GO,2021,13
1616284800000,202112,0.0,0,0,0,0.0,0.0,0,1,520400320211219684,2023-11-23,Cabeceiras,0,0.0,8046,16.4285714285714,88.9287742857143,0,0,0,63.8930594285714,38.4806095714286,22.3869045714286,28.1428571428571,0,,,,,720,2021-03-21,5204003,Cabeceiras,GO,2021,12
1615680000000,202111,3.0,3,3,3,0.4432263,37.285606,0,2,520400320211119684,2023-11-23,Cabeceiras,0,0.8992141,8046,19.2857142857143,96.54408,1,0,0,81.2212574285714,61.589928,21.7251725714286,25.2857142857143,3,,,,,720,2021-03-14,5204003,Cabeceiras,GO,2021,11
1615075200000,202110,5.0,5,5,5,0.7498027,62.14268,0,2,520400320211019684,2023-11-23,Cabeceiras,0,1.5728842,8046,19.4285714285714,94.0377471428571,1,0,1,80.3793621428571,57.9639117142857,21.9704968571429,26.4285714285714,5,,,,,720,2021-03-07,5204003,Cabeceiras,GO,2021,10
1614470400000,202109,3.0,3,3,3,0.41263583,37.285606,0,2,520400320210919684,2023-11-23,Cabeceiras,0,0.85021704,8046,18.2857142857143,93.20218,1,0,0,76.8389297142857,60.481756,21.7889851428571,25.4285714285714,3,,,,,720,2021-02-28,5204003,Cabeceiras,GO,2021,9
1613865600000,202108,2.0,2,2,2,0.27722907,24.85707,0,2,520400320210819684,2023-11-23,Cabeceiras,0,0.6171745,8046,19.0,95.7024,1,0,0,85.4754722857143,68.6904364285714,21.0818558571429,24.8571428571429,2,,,,,720,2021-02-21,5204003,Cabeceiras,GO,2021,8
1613260800000,202107,5.0,5,5,5,0.8705555,62.14268,0,2,520400320210719684,2023-11-23,Cabeceiras,0,2.2803001,8046,19.8571428571429,97.43029,1,0,1,87.0259122857143,67.941441,21.5729814285714,25.7142857142857,5,,,,,720,2021-02-14,5204003,Cabeceiras,GO,2021,7
1612656000000,202106,3.0,3,3,3,0.89354503,37.285606,0,1,520400320210619684,2023-11-23,Cabeceiras,0,3.3788157,8046,18.8571428571429,95.7417291428571,1,0,0,84.8033824285714,67.4999421428571,21.139234,25.1428571428571,3,,,,,720,2021-02-07,5204003,Cabeceiras,GO,2021,6
1612051200000,202105,3.0,3,3,3,0.9872154,37.285606,0,1,520400320210519684,2023-11-23,Cabeceiras,0,18.521618,8046,19.7142857142857,90.0852285714286,1,0,0,74.4659757142857,54.7082732857143,23.2533314285714,27.5714285714286,3,,,,,720,2021-01-31,5204003,Cabeceiras,GO,2021,5
1611446400000,202104,0.0,0,0,0,0.0,0.0,0,1,520400320210419684,2023-11-23,Cabeceiras,0,0.0,8046,18.2857142857143,84.5731074285714,0,0,0,63.7151582857143,43.7780817142857,23.1924601428571,28.1428571428571,0,,,,,720,2021-01-24,5204003,Cabeceiras,GO,2021,4
1610841600000,202103,0.0,0,0,0,0.0,0.0,0,1,520400320210319684,2023-11-23,Cabeceiras,0,0.0,8046,17.8571428571429,91.6025291428571,0,0,0,65.5975597142857,43.1606454285714,23.3387445714286,28.1428571428571,0,,,,,720,2021-01-17,5204003,Cabeceiras,GO,2021,3
1610236800000,202102,0.0,0,0,0,0.0,0.0,0,1,520400320210219684,2023-11-23,Cabeceiras,0,0.0,8046,19.5714285714286,96.5695057142857,0,0,0,81.7848205714286,60.8395625714286,22.154729,26.5714285714286,0,,,,,720,2021-01-10,5204003,Cabeceiras,GO,2021,2
1609632000000,202101,0.0,0,0,0,0.0,0.0,0,1,520400320210119684,2023-11-23,Cabeceiras,0,0.0,8046,19.1428571428571,91.5289014285714,0,0,0,73.1375412857143,47.3362918571429,23.405538,28.7142857142857,0,,,,,720,2021-01-03,5204003,Cabeceiras,GO,2021,1
1609027200000,202053,0.0,0,0,0,0.0,0.0,0,1,520400320205319589,2023-08-20,Cabeceiras,0,0.0,8046,19.0,88.269605,0,0,0,70.346973,43.828385,22.625,29.0,0,,,,,720,2020-12-27,5204003,Cabeceiras,GO,2020,53
1608422400000,202052,0.0,0,0,0,0.0,0.0,0,1,520400320205219589,2023-08-20,Cabeceiras,0,0.0,8046,19.08,89.18544416,0,0,0,,,,,0,,,,,720,2020-12-20,5204003,Cabeceiras,GO,2020,52
1607817600000,202051,0.0,0,0,0,0.0,0.0,0,1,520400320205119589,2023-08-20,Cabeceiras,0,0.0,8046,19.16,90.10128332,0,0,0,,,,,0,,,,,720,2020-12-13,5204003,Cabeceiras,GO,2020,51
1607212800000,202050,0.0,0,0,0,0.0,0.0,0,1,520400320205019589,2023-08-20,Cabeceiras,0,0.0,8046,19.24,91.01712248,0,0,0,,,,,0,,,,,720,2020-12-06,5204003,Cabeceiras,GO,2020,50
1606608000000,202049,0.0,0,0,0,0.0,0.0,0,1,520400320204919589,2023-08-20,Cabeceiras,0,0.0,8046,19.32,91.93296164,0,0,0,,,,,0,,,,,720,2020-11-29,5204003,Cabeceiras,GO,2020,49
1606003200000,202048,0.0,0,0,0,0.0,0.0,0,1,520400320204819589,2023-08-20,Cabeceiras,0,0.0,8046,19.4,92.8488008,0,0,0,76.536782,55.6382074,22.6426876,26.8,0,,,,,720,2020-11-22,5204003,Cabeceiras,GO,2020,48
1605398400000,202047,0.0,0,0,0,0.0,0.0,0,1,520400320204719589,2023-08-20,Cabeceiras,0,0.0,8046,19.7142857142857,94.98075,0,0,0,78.051455,56.0577165714286,23.4233951428571,28.1428571428571,0,,,,,720,2020-11-15,5204003,Cabeceiras,GO,2020,47
1604793600000,202046,0.0,0,0,0,0.0,0.0,0,1,520400320204619589,2023-08-20,Cabeceiras,0,0.0,8046,20.1666666666667,90.4472266666667,0,0,0,74.2262956666667,48.799564,23.8993466666667,29.1666666666667,0,,,,,720,2020-11-08,5204003,Cabeceiras,GO,2020,46
1604188800000,202045,0.0,0,0,0,0.0,0.0,0,1,520400320204519589,2023-08-20,Cabeceiras,0,0.0,8046,19.2857142857143,94.8811542857143,0,0,0,76.4401137142857,49.5668171428571,23.0226568571429,28.4285714285714,0,,,,,720,2020-11-01,5204003,Cabeceiras,GO,2020,45
1603584000000,202044,0.0,0,0,0,0.0,0.0,0,1,520400320204419589,2023-08-20,Cabeceiras,0,0.0,8046,20.5714285714286,93.2780757142857,0,0,0,78.1103414285714,56.511382,23.3482968571429,27.5714285714286,0,,,,,720,2020-10-25,5204003,Cabeceiras,GO,2020,44
1602979200000,202043,0.0,0,0,0,0.0,0.0,0,1,520400320204319589,2023-08-20,Cabeceiras,0,0.0,8046,19.8571428571429,94.16264,0,0,0,80.1241831428571,61.2628961428571,22.5866742857143,26.5714285714286,0,,,,,720,2020-10-18,5204003,Cabeceiras,GO,2020,43
1602374400000,202042,0.0,0,0,0,0.0,0.0,0,1,520400320204219589,2023-08-20,Cabeceiras,0,0.0,8046,20.0,86.1631828571429,0,0,0,64.3453175714286,39.6213817142857,24.7814791428571,30.7142857142857,0,,,,,720,2020-10-11,5204003,Cabeceiras,GO,2020,42
1601769600000,202041,0.0,0,0,0,0.0,0.0,0,1,520400320204119589,2023-08-20,Cabeceiras,0,0.0,8046,20.1428571428571,62.5708698571429,0,0,0,36.8508507142857,17.996575,28.0147517142857,35.7142857142857,0,,,,,720,2020-10-04,5204003,Cabeceiras,GO,2020,41
1601164800000,202040,0.0,0,0,0,0.0,0.0,0,1,520400320204019589,2023-08-20,Cabeceiras,0,0.0,8046,17.2857142857143,65.7091887142857,0,0,0,39.3952008571429,19.7423272857143,25.8045065714286,33.7142857142857,0,,,,,720,2020-09-27,5204003,Cabeceiras,GO,2020,40
1600560000000,202039,0.0,0,0,0,0.0,0.0,0,1,520400320203919589,2023-08-20,Cabeceiras,0,0.0,8046,18.1428571428571,85.2838851428571,0,0,0,60.7414517142857,36.3818038571429,23.8338508571429,30.0,0,,,,,720,2020-09-20,5204003,Cabeceiras,GO,2020,39
1599955200000,202038,0.0,0,0,0,0.0,0.0,0,1,520400320203819589,2023-08-20,Cabeceiras,0,0.0,8046,17.5714285714286,62.0121022857143,0,0,0,39.6025677142857,22.710204,24.7060042857143,31.1428571428571,0,,,,,720,2020-09-13,5204003,Cabeceiras,GO,2020,38
1599350400000,202037,0.0,0,0,0,0.0,0.0,0,1,520400320203719589,2023-08-20,Cabeceiras,0,0.0,8046,14.5714285714286,72.0561828571429,0,0,0,42.6524082857143,21.5614704285714,23.5127751428571,31.2857142857143,0,,,,,720,2020-09-06,5204003,Cabeceiras,GO,2020,37
1598745600000,202036,0.0,0,0,0,0.0,0.0,0,1,520400320203619589,2023-08-20,Cabeceiras,0,0.0,8046,14.7142857142857,71.5903858571429,0,0,0,45.7134751428571,25.652764,22.6461977142857,29.8571428571429,0,,,,,720,2020-08-30,5204003,Cabeceiras,GO,2020,36
1598140800000,202035,0.0,0,0,0,0.0,0.0,0,1,520400320203519589,2023-08-20,Cabeceiras,0,0.0,8046,13.4285714285714,77.2957211428571,0,0,0,51.4758597142857,26.6237167142857,21.028468,28.8571428571429,0,,,,,720,2020-08-23,5204003,Cabeceiras,GO,2020,35
1597536000000,202034,0.0,0,0,0,0.0,0.0,0,1,520400320203419589,2023-08-20,Cabeceiras,0,0.0,8046,16.1428571428571,81.0905214285714,0,0,0,53.2130517142857,31.3650547142857,23.8683888571429,30.7142857142857,0,,,,,720,2020-08-16,5204003,Cabeceiras,GO,2020,34
1596931200000,202033,1.0,1,1,1,0.30329368,12.428535,0,1,520400320203319589,2023-08-20,Cabeceiras,0,0.5809857,8046,14.0,80.6486957142857,0,0,0,53.8767831428571,30.1924594285714,21.3943391428571,28.4285714285714,1,,,,,720,2020-08-09,5204003,Cabeceiras,GO,2020,33
1596326400000,202032,1.0,1,1,1,0.21946105,12.428535,0,1,520400320203219589,2023-08-20,Cabeceiras,0,0.4570461,8046,13.2857142857143,77.6079342857143,0,0,0,57.4005497142857,37.3312118571429,18.6803834285714,24.4285714285714,1,,,,,720,2020-08-02,5204003,Cabeceiras,GO,2020,32
1595721600000,202031,1.0,1,1,1,0.31383482,12.428535,0,1,520400320203119589,2023-08-20,Cabeceiras,0,0.5981138,8046,13.5714285714286,85.3140458571429,0,0,0,57.982508,32.3109621428571,20.4030982857143,27.0,1,,,,,720,2020-07-26,5204003,Cabeceiras,GO,2020,31
1595116800000,202030,4.0,4,4,4,0.9400072,49.71414,0,1,520400320203019589,2023-08-20,Cabeceiras,0,4.106247,8046,11.4285714285714,90.687838,0,0,0,60.0307062857143,35.8624102857143,19.3062768571429,26.1428571428571,4,,,,,720,2020-07-19,5204003,Cabeceiras,GO,2020,30
1594512000000,202029,1.0,1,1,1,0.53539866,12.428535,0,1,520400320202919589,2023-08-20,Cabeceiras,0,1.1094906,8046,11.4285714285714,85.074415,0,0,0,56.5115657142857,29.6686241428571,19.3206994285714,27.1428571428571,1,,,,,720,2020-07-12,5204003,Cabeceiras,GO,2020,29
1593907200000,202028,1.0,1,1,1,0.35300678,12.428535,0,1,520400320202819589,2023-08-20,Cabeceiras,0,0.66567606,8046,12.5714285714286,88.6165742857143,0,0,0,64.1549684285714,36.1689917142857,19.1090455714286,26.1428571428571,1,,,,,720,2020-07-05,5204003,Cabeceiras,GO,2020,28
1593302400000,202027,0.0,0,0,0,0.0,0.0,0,1,520400320202719589,2023-08-20,Cabeceiras,0,0.0,8046,12.75,87.7548365,0,0,0,65.10611175,41.28447925,19.39533525,26.25,0,,,,,720,2020-06-28,5204003,Cabeceiras,GO,2020,27
1592697600000,202026,2.0,2,2,2,0.4862417,24.85707,0,1,520400320202619589,2023-08-20,Cabeceiras,0,0.96960783,8046,12.25,92.130341,0,0,0,69.42213875,42.09459375,18.24442575,26.5,2,,,,,720,2020-06-21,5204003,Cabeceiras,GO,2020,26
1592092800000,202025,2.0,2,2,2,0.58332103,24.85707,0,1,520400320202519589,2023-08-20,Cabeceiras,0,1.2175738,8046,16.0,86.82093,0,0,0,73.9081525,52.2088125,19.16789625,24.0,2,,,,,720,2020-06-14,5204003,Cabeceiras,GO,2020,25
1591488000000,202024,3.0,3,3,3,0.5904659,37.285606,0,1,520400320202419589,2023-08-20,Cabeceiras,0,1.1983967,8046,14.1666666666667,93.803185,0,0,0,69.6592866666667,40.215806,20.402778,27.3333333333333,3,,,,,720,2020-06-07,5204003,Cabeceiras,GO,2020,24
1590883200000,202023,1.0,1,1,1,0.033482295,12.428535,0,1,520400320202319589,2023-08-20,Cabeceiras,0,0.20406257,8046,13.8571428571429,93.724342,0,0,0,70.5141934285714,43.6918814285714,20.6309522857143,27.5714285714286,1,,,,,720,2020-05-31,5204003,Cabeceiras,GO,2020,23
1590278400000,202022,0.0,0,0,0,0.0,0.0,0,1,520400320202219589,2023-08-20,Cabeceiras,0,0.0,8046,13.5714285714286,92.0528768571429,0,0,0,69.9062687142857,42.2619901428571,19.6904765714286,26.2857142857143,0,,,,,720,2020-05-24,5204003,Cabeceiras,GO,2020,22
1589673600000,202021,7.0,7,7,7,0.534238,86.99975,0,1,520400320202119589,2023-08-20,Cabeceiras,0,1.0460794,8046,16.8571428571429,94.7384354285714,0,0,1,77.6645612857143,56.1353478571429,21.2797622857143,26.1428571428571,7,,,,,720,2020-05-17,5204003,Cabeceiras,GO,2020,21
1589068800000,202020,7.0,7,7,7,0.5511924,86.99975,0,1,520400320202019589,2023-08-20,Cabeceiras,0,1.0701743,8046,15.5714285714286,95.54601,0,0,1,77.5833255714286,54.4287637142857,20.295238,26.0,7,,,,,720,2020-05-10,5204003,Cabeceiras,GO,2020,20
1588464000000,202019,6.0,6,6,6,0.45519176,74.57121,0,1,520400320201919589,2023-08-20,Cabeceiras,0,0.94001985,8046,16.1428571428571,90.4847614285714,0,0,1,71.2979182857143,47.779535,21.1130954285714,26.4285714285714,6,,,,,720,2020-05-03,5204003,Cabeceiras,GO,2020,19
1587859200000,202018,8.0,8,8,8,0.4353448,99.42828,0,1,520400320201819589,2023-08-20,Cabeceiras,0,0.9251142,8046,15.2857142857143,93.7856005714286,0,0,1,70.0920012857143,44.7584124285714,21.1964285714286,27.0,8,,,,,720,2020-04-26,5204003,Cabeceiras,GO,2020,18
1587254400000,202017,5.0,5,5,5,0.05603561,62.14268,0,2,520400320201719589,2023-08-20,Cabeceiras,0,0.449224,8046,19.8571428571429,94.9427114285714,1,0,1,84.919722,68.5638907142857,22.0238094285714,25.4285714285714,5,,,,,720,2020-04-19,5204003,Cabeceiras,GO,2020,17
1586649600000,202016,4.0,4,4,4,0.11130721,49.71414,0,2,520400320201619589,2023-08-20,Cabeceiras,0,0.49745333,8046,19.8571428571429,94.9302085714286,1,0,0,82.8242042857143,64.168793,22.5357142857143,26.2857142857143,4,,,,,720,2020-04-12,5204003,Cabeceiras,GO,2020,16
1586044800000,202015,21.0,21,21,21,0.99993294,260.99927,0,2,520400320201519589,2023-08-20,Cabeceiras,0,6.054458,8046,20.7142857142857,94.9730985714286,1,1,2,78.1272734285714,52.911129,24.2083331428571,29.5714285714286,21,,,,,720,2020-04-05,5204003,Cabeceiras,GO,2020,15
1585440000000,202014,6.0,6,6,6,0.9714397,74.57121,0,2,520400320201419589,2023-08-20,Cabeceiras,0,4.3994684,8046,19.5714285714286,92.4085957142857,1,1,1,69.1127041428571,44.5349284285714,24.9285714285714,30.2857142857143,6,,,,,720,2020-03-29,5204003,Cabeceiras,GO,2020,14
1584835200000,202013,1.0,1,1,1,0.6887573,12.428535,0,1,520400320201319589,2023-08-20,Cabeceiras,0,1.8589696,8046,20.1428571428571,98.2973257142857,1,0,0,87.7532198571429,69.186956,22.1428571428571,26.2857142857143,1,,,,,720,2020-03-22,5204003,Cabeceiras,GO,2020,13
1584230400000,202012,2.0,2,2,2,0.9779825,24.85707,0,1,520400320201219589,2023-08-20,Cabeceiras,0,18.521618,8046,19.7142857142857,90.8647865714286,1,0,0,77.6681498571429,58.973507,22.5995671428571,26.5714285714286,2,,,,,720,2020-03-15,5204003,Cabeceiras,GO,2020,12
1583625600000,202011,0.0,0,0,0,0.0,0.0,0,1,520400320201119589,2023-08-20,Cabeceiras,0,0.0,8046,20.7142857142857,93.2664471428571,0,0,0,81.3387764285714,64.1798621428571,23.1352811428571,26.7142857142857,0,,,,,720,2020-03-08,5204003,Cabeceiras,GO,2020,11
1583020800000,202010,0.0,0,0,0,0.0,0.0,0,1,520400320201019589,2023-08-20,Cabeceiras,0,0.0,8046,20.2857142857143,97.4428628571429,0,0,0,86.4160564285714,73.098703,22.297078,24.8571428571429,0,,,,,720,2020-03-01,5204003,Cabeceiras,GO,2020,10
1582416000000,202009,0.0,0,0,0,0.0,0.0,0,1,520400320200919589,2023-08-20,Cabeceiras,0,0.0,8046,20.5714285714286,94.9481585714286,0,0,0,84.7401114285714,67.8492261428571,22.8566017142857,26.7142857142857,0,,,,,720,2020-02-23,5204003,Cabeceiras,GO,2020,9
1581811200000,202008,0.0,0,0,0,0.0,0.0,0,1,520400320200819589,2023-08-20,Cabeceiras,0,0.0,8046,21.0,93.3246265714286,0,0,0,84.3276742857143,76.6478397142857,22.4025971428571,23.7142857142857,0,,,,,720,2020-02-16,5204003,Cabeceiras,GO,2020,8
1581206400000,202007,0.0,0,0,0,0.0,0.0,0,1,520400320200719589,2023-08-20,Cabeceiras,0,0.0,8046,19.8571428571429,94.0811228571429,0,0,0,89.6373401428571,83.8569494285714,21.1142857142857,22.2857142857143,0,,,,,720,2020-02-09,5204003,Cabeceiras,GO,2020,7
1580601600000,202006,0.0,0,0,0,0.0,0.0,0,1,520400320200619589,2023-08-20,Cabeceiras,0,0.0,8046,20.0,93.2598771428571,0,0,0,82.0111215714286,68.9063538571429,22.6011905714286,25.4285714285714,0,,,,,720,2020-02-02,5204003,Cabeceiras,GO,2020,6
1579996800000,202005,0.0,0,0,0,0.0,0.0,0,1,520400320200519589,2023-08-20,Cabeceiras,0,0.0,8046,20.5714285714286,94.0694242857143,0,0,0,76.7092428571429,52.7331998571429,24.0952377142857,29.1428571428571,0,,,,,720,2020-01-26,5204003,Cabeceiras,GO,2020,5
1579392000000,202004,0.0,0,0,0,0.0,0.0,0,1,520400320200419589,2023-08-20,Cabeceiras,0,0.0,8046,21.1428571428571,94.0437657142857,0,0,0,82.469923,64.8863707142857,23.4345237142857,27.1428571428571,0,,,,,720,2020-01-19,5204003,Cabeceiras,GO,2020,4
1578787200000,202003,1.0,1,1,1,0.9632679,12.428535,0,1,520400320200319589,2023-08-20,Cabeceiras,0,18.521618,8046,20.8571428571429,84.6269542857143,0,0,0,61.9866042857143,40.339235,26.1309522857143,31.4285714285714,1,,,,,720,2020-01-12,5204003,Cabeceiras,GO,2020,3
1578182400000,202002,0.0,0,0,0,0.0,0.0,0,1,520400320200219589,2023-08-20,Cabeceiras,0,0.0,8046,20.2857142857143,94.93646,0,0,0,81.0192821428572,61.600405,23.5523805714286,27.5714285714286,0,,,,,720,2020-01-05,5204003,Cabeceiras,GO,2020,2
1577577600000,202001,0.0,0,0,0,0.0,0.0,0,1,520400320200119589,2023-08-20,Cabeceiras,0,0.0,8046,20.6666666666667,91.3808733333333,0,0,0,78.256815,58.8144246666667,22.9694443333333,27.0,0,,,,,720,2019-12-29,5204003,Cabeceiras,GO,2020,1
1576972800000,201952,0.0,0,0,0,0.0,0.0,0,1,520400320195219589,2023-08-20,Cabeceiras,0,0.0,8046,20.2857142857143,88.5374357142857,0,0,0,81.7564242857143,70.7298128571429,21.8158728571429,24.0,0,,,,,720,2019-12-22,5204003,Cabeceiras,GO,2019,52
1576368000000,201951,0.0,0,0,0,0.0,0.0,0,1,520400320195119589,2023-08-20,Cabeceiras,0,0.0,8046,20.1428571428571,85.4108108571428,0,0,0,76.6244357142857,66.7672311428571,22.1428571428571,24.8571428571429,0,,,,,720,2019-12-15,5204003,Cabeceiras,GO,2019,51
1575763200000,201950,0.0,0,0,0,0.0,0.0,0,1,520400320195019589,2023-08-20,Cabeceiras,0,0.0,8046,20.5714285714286,94.9120657142857,0,0,0,89.4822734285714,82.46952,21.3210315714286,22.5714285714286,0,,,,,720,2019-12-08,5204003,Cabeceiras,GO,2019,50
1575158400000,201949,0.0,0,0,0,0.0,0.0,0,1,520400320194919589,2023-08-20,Cabeceiras,0,0.0,8046,21.0,94.9301385714286,0,0,0,88.7458828571429,84.0757014285714,21.7571428571429,22.4285714285714,0,,,,,720,2019-12-01,5204003,Cabeceiras,GO,2019,49
1574553600000,201948,0.0,0,0,0,0.0,0.0,0,1,520400320194819589,2023-08-20,Cabeceiras,0,0.0,8046,20.7142857142857,93.2093914285714,0,0,0,88.4090734285714,81.9633924285714,21.7,22.8571428571429,0,,,,,720,2019-11-24,5204003,Cabeceiras,GO,2019,48
1573948800000,201947,0.0,0,0,0,0.0,0.0,0,1,520400320194719589,2023-08-20,Cabeceiras,0,0.0,8046,19.7142857142857,93.1467334285714,0,0,0,86.5033892857143,80.26802,20.6650792857143,21.7142857142857,0,,,,,720,2019-11-17,5204003,Cabeceiras,GO,2019,47
1573344000000,201946,0.0,0,0,0,0.0,0.0,0,1,520400320194619589,2023-08-20,Cabeceiras,0,0.0,8046,21.5714285714286,74.6293081428571,0,0,0,64.6643605714286,51.9924652857143,23.8428571428571,26.7142857142857,0,,,,,720,2019-11-10,5204003,Cabeceiras,GO,2019,46
1572739200000,201945,0.0,0,0,0,0.0,0.0,0,1,520400320194519589,2023-08-20,Cabeceiras,0,0.0,8046,20.8571428571429,88.4662028571429,0,0,0,77.605495,66.3822857142857,22.6428571428571,24.4285714285714,0,,,,,720,2019-11-03,5204003,Cabeceiras,GO,2019,45
1572134400000,201944,0.0,0,0,0,0.0,0.0,0,1,520400320194419589,2023-08-20,Cabeceiras,0,0.0,8046,20.7142857142857,78.771418,0,0,0,68.55201,56.3240627142857,22.7467534285714,25.1428571428571,0,,,,,720,2019-10-27,5204003,Cabeceiras,GO,2019,44
1571529600000,201943,0.0,0,0,0,0.0,0.0,0,1,520400320194319589,2023-08-20,Cabeceiras,0,0.0,8046,20.4285714285714,82.4392952857143,0,0,0,73.8886335714286,62.8859527142857,22.4883117142857,24.8571428571429,0,,,,,720,2019-10-20,5204003,Cabeceiras,GO,2019,43
1570924800000,201942,0.0,0,0,0,0.0,0.0,0,1,520400320194219589,2023-08-20,Cabeceiras,0,0.0,8046,17.4285714285714,68.6735242857143,0,0,0,52.131513,35.6002271428571,21.5350648571429,26.4285714285714,0,,,,,720,2019-10-13,5204003,Cabeceiras,GO,2019,42
1570320000000,201941,0.0,0,0,0,0.0,0.0,0,1,520400320194119589,2023-08-20,Cabeceiras,0,0.0,8046,20.7142857142857,83.9983814285714,0,0,0,72.5207528571429,55.0464801428571,22.6155842857143,25.2857142857143,0,,,,,720,2019-10-06,5204003,Cabeceiras,GO,2019,41
1569715200000,201940,0.0,0,0,0,0.0,0.0,0,1,520400320194019589,2023-08-20,Cabeceiras,0,0.0,8046,19.4285714285714,77.5876118571429,0,0,0,63.4991004285714,48.9821551428571,22.52987,25.8571428571429,0,,,,,720,2019-09-29,5204003,Cabeceiras,GO,2019,40
1569110400000,201939,0.0,0,0,0,0.0,0.0,0,1,520400320193919589,2023-08-20,Cabeceiras,0,0.0,8046,19.5714285714286,73.0459488571429,0,0,0,63.9959984285714,52.4830275714286,21.7844154285714,24.8571428571429,0,,,,,720,2019-09-22,5204003,Cabeceiras,GO,2019,39
1568505600000,201938,0.0,0,0,0,0.0,0.0,0,1,520400320193819589,2023-08-20,Cabeceiras,0,0.0,8046,17.8571428571429,57.2333657142857,0,0,0,44.6969718571429,30.6542451428571,21.2285714285714,26.1428571428571,0,,,,,720,2019-09-15,5204003,Cabeceiras,GO,2019,38
1567900800000,201937,0.0,0,0,0,0.0,0.0,0,1,520400320193719589,2023-08-20,Cabeceiras,0,0.0,8046,16.5714285714286,65.1175161428571,0,0,0,53.16735,36.7817517142857,20.0025974285714,25.2857142857143,0,,,,,720,2019-09-08,5204003,Cabeceiras,GO,2019,37
1567296000000,201936,0.0,0,0,0,0.0,0.0,0,1,520400320193619589,2023-08-20,Cabeceiras,0,0.0,8046,16.7142857142857,66.1342802857143,0,0,0,51.5059137142857,34.5350757142857,20.151948,25.1428571428571,0,,,,,720,2019-09-01,5204003,Cabeceiras,GO,2019,36
1566691200000,201935,0.0,0,0,0,0.0,0.0,0,1,520400320193519589,2023-08-20,Cabeceiras,0,0.0,8046,16.4285714285714,70.4861752857143,0,0,0,57.7209194285714,43.5347438571429,19.3766231428571,23.1428571428571,0,,,,,720,2019-08-25,5204003,Cabeceiras,GO,2019,35
1566086400000,201934,0.0,0,0,0,0.0,0.0,0,1,520400320193419589,2023-08-20,Cabeceiras,0,0.0,8046,16.8571428571429,68.579201,0,0,0,54.4558552857143,38.3258545714286,19.9220777142857,24.2857142857143,0,,,,,720,2019-08-18,5204003,Cabeceiras,GO,2019,34
1565481600000,201933,0.0,0,0,0,0.0,0.0,0,1,520400320193319589,2023-08-20,Cabeceiras,0,0.0,8046,15.1428571428571,73.8403124285714,0,0,0,59.9574537142857,45.6748382857143,18.2337664285714,22.0,0,,,,,720,2019-08-11,5204003,Cabeceiras,GO,2019,33
1564876800000,201932,0.0,0,0,0,0.0,0.0,0,1,520400320193219589,2023-08-20,Cabeceiras,0,0.0,8046,14.7142857142857,85.57731,0,0,0,72.8886507142857,53.880869,17.3116881428571,21.1428571428571,0,,,,,720,2019-08-04,5204003,Cabeceiras,GO,2019,32
1564272000000,201931,0.0,0,0,0,0.0,0.0,0,1,520400320193119589,2023-08-20,Cabeceiras,0,0.0,8046,13.7142857142857,79.92182,0,0,0,65.355831,47.1138647142857,17.0259741428571,21.7142857142857,0,,,,,720,2019-07-28,5204003,Cabeceiras,GO,2019,31
1563667200000,201930,0.0,0,0,0,0.0,0.0,0,1,520400320193019589,2023-08-20,Cabeceiras,0,0.0,8046,13.4285714285714,83.0919731428571,0,0,0,73.9442892857143,60.1033567142857,16.0259738571429,19.2857142857143,0,,,,,720,2019-07-21,5204003,Cabeceiras,GO,2019,30
1563062400000,201929,0.0,0,0,0,0.0,0.0,0,1,520400320192919589,2023-08-20,Cabeceiras,0,0.0,8046,13.2857142857143,78.3096692857143,0,0,0,67.1946792857143,52.8261578571429,16.2597402857143,20.2857142857143,0,,,,,720,2019-07-14,5204003,Cabeceiras,GO,2019,29
1562457600000,201928,0.0,0,0,0,0.0,0.0,0,1,520400320192819589,2023-08-20,Cabeceiras,0,0.0,8046,11.0,84.3199878571429,0,0,0,70.8505108571429,55.5645845714286,14.2077921428571,18.5714285714286,0,,,,,720,2019-07-07,5204003,Cabeceiras,GO,2019,28
1561852800000,201927,0.0,0,0,0,0.0,0.0,0,1,520400320192719589,2023-08-20,Cabeceiras,0,0.0,8046,13.4285714285714,87.0082451428571,0,0,0,78.1196452857143,62.3600285714286,16.1181817142857,20.1428571428571,0,,,,,720,2019-06-30,5204003,Cabeceiras,GO,2019,27
1561248000000,201926,0.0,0,0,0,0.0,0.0,0,1,520400320192619589,2023-08-20,Cabeceiras,0,0.0,8046,13.8571428571429,86.2513228571429,0,0,0,74.8542935714286,58.2690801428571,16.6363635714286,20.7142857142857,0,,,,,720,2019-06-23,5204003,Cabeceiras,GO,2019,26
1560643200000,201925,0.0,0,0,0,0.0,0.0,0,1,520400320192519589,2023-08-20,Cabeceiras,0,0.0,8046,13.4285714285714,87.9628457142857,0,0,0,77.3012927142857,62.9884997142857,16.1168832857143,20.0,0,,,,,720,2019-06-16,5204003,Cabeceiras,GO,2019,25
1560038400000,201924,0.0,0,0,0,0.0,0.0,0,1,520400320192419589,2023-08-20,Cabeceiras,0,0.0,8046,14.7142857142857,88.9108057142857,0,0,0,76.6860707142857,64.6974814285714,17.83171,20.8571428571429,0,,,,,720,2019-06-09,5204003,Cabeceiras,GO,2019,24
1559433600000,201923,2.0,2,2,2,0.010620547,24.85707,0,1,520400320192319589,2023-08-20,Cabeceiras,0,0.22175635,8046,15.7142857142857,89.61977,0,0,0,79.4126234285714,69.5694294285714,18.4935071428571,21.5714285714286,2,,,,,720,2019-06-02,5204003,Cabeceiras,GO,2019,23
1558828800000,201922,6.0,6,6,6,0.24304885,74.57121,0,1,520400320192219589,2023-08-20,Cabeceiras,0,0.6996107,8046,16.4285714285714,92.1806434285714,0,0,1,83.0533162857143,69.060529,18.766234,22.2857142857143,5,,,,,720,2019-05-26,5204003,Cabeceiras,GO,2019,22
1558224000000,201921,11.0,11,11,11,0.930941,136.7139,0,4,520400320192119589,2023-08-20,Cabeceiras,0,2.0967603,8046,16.0,93.8726014285714,0,0,2,84.029065,69.5596885714286,18.496104,22.2857142857143,11,,,,,720,2019-05-19,5204003,Cabeceiras,GO,2019,21
1557619200000,201920,12.0,12,12,12,0.98932433,149.14243,0,1,520400320192019589,2023-08-20,Cabeceiras,0,3.4596846,8046,17.7142857142857,93.9574691428571,0,1,2,86.6759622857143,77.0606534285714,19.4727274285714,21.7142857142857,12,,,,,720,2019-05-12,5204003,Cabeceiras,GO,2019,20
1557014400000,201919,3.0,3,3,3,0.27147052,37.285606,0,2,520400320191919589,2023-08-20,Cabeceiras,0,0.6554612,8046,18.5714285714286,94.8097285714286,1,0,0,84.4866135714286,71.0238592857143,20.9334417142857,24.0,3,,,,,720,2019-05-05,5204003,Cabeceiras,GO,2019,19
1556409600000,201918,1.0,1,1,1,0.034141693,12.428535,0,2,520400320191819589,2023-08-20,Cabeceiras,0,0.20524096,8046,19.5714285714286,94.8872657142857,1,0,0,89.233367,78.6254758571429,20.8285717142857,23.1428571428571,1,,,,,720,2019-04-28,5204003,Cabeceiras,GO,2019,18
1555804800000,201917,5.0,5,5,5,0.81498873,62.14268,0,1,520400320191719589,2023-08-20,Cabeceiras,0,1.8708005,8046,18.4285714285714,95.7106234285714,1,0,1,88.5482148571429,81.288248,20.3966031428571,22.7142857142857,5,,,,,720,2019-04-21,5204003,Cabeceiras,GO,2019,17
1555200000000,201916,9.0,9,9,9,0.994314,111.85683,0,1,520400320191619589,2023-08-20,Cabeceiras,0,5.746336,8046,19.5714285714286,96.5757571428571,1,1,1,91.0609585714286,82.6224417142857,21.0499498571429,22.8571428571429,9,,,,,720,2019-04-14,5204003,Cabeceiras,GO,2019,16
1554595200000,201915,0.0,0,0,0,0.0,0.0,0,1,520400320191519589,2023-08-20,Cabeceiras,0,0.0,8046,19.7142857142857,98.2973257142857,0,0,0,92.1561428571429,84.2214247142857,20.8005414285714,22.4285714285714,0,,,,,720,2019-04-07,5204003,Cabeceiras,GO,2019,15
1553990400000,201914,0.0,0,0,0,0.0,0.0,0,1,520400320191419589,2023-08-20,Cabeceiras,0,0.0,8046,19.2857142857143,92.368972,0,0,0,86.1333492857143,75.171833,20.9000002857143,23.1428571428571,0,,,,,720,2019-03-31,5204003,Cabeceiras,GO,2019,14
1553385600000,201913,4.0,4,4,4,0.92702156,49.71414,0,2,520400320191319589,2023-08-20,Cabeceiras,0,3.624221,8046,19.8571428571429,95.6895477142857,1,0,0,90.6411265714286,85.54249,20.6363637142857,22.0,4,,,,,720,2019-03-24,5204003,Cabeceiras,GO,2019,13
1552780800000,201912,2.0,2,2,2,0.9049797,24.85707,0,1,520400320191219589,2023-08-20,Cabeceiras,0,4.7887545,8046,19.5714285714286,96.5694357142857,1,0,0,90.6354621428571,83.27312,20.6064934285714,22.1428571428571,2,,,,,720,2019-03-17,5204003,Cabeceiras,GO,2019,12
1552176000000,201911,1.0,1,1,1,0.72114635,12.428535,0,1,520400320191119589,2023-08-20,Cabeceiras,0,2.1202788,8046,20.1428571428571,89.9537328571429,1,0,0,84.7204107142857,75.8468071428571,21.2727271428571,23.2857142857143,1,,,,,720,2019-03-10,5204003,Cabeceiras,GO,2019,11
1551571200000,201910,0.0,0,0,0,0.0,0.0,0,1,520400320191019589,2023-08-20,Cabeceiras,0,0.0,8046,18.1428571428571,97.4111857142857,0,0,0,91.5836028571428,86.1104091428572,19.6636362857143,20.7142857142857,0,,,,,720,2019-03-03,5204003,Cabeceiras,GO,2019,10
1550966400000,201909,0.0,0,0,0,0.0,0.0,0,1,520400320190919589,2023-08-20,Cabeceiras,0,0.0,8046,19.7142857142857,94.8479371428571,0,0,0,88.1935692857143,80.3762864285714,21.051948,22.4285714285714,0,,,,,720,2019-02-24,5204003,Cabeceiras,GO,2019,9
1550361600000,201908,1.0,1,1,1,0.13687697,12.428535,0,2,520400320190819589,2023-08-20,Cabeceiras,0,0.34854764,8046,19.4285714285714,93.9681185714286,1,0,0,88.9575744285714,81.75066,20.4155845714286,21.5714285714286,1,,,,,720,2019-02-17,5204003,Cabeceiras,GO,2019,8
1549756800000,201907,3.0,3,3,3,0.5239249,37.285606,0,1,520400320190719589,2023-08-20,Cabeceiras,0,1.0472122,8046,19.7142857142857,92.4445057142857,1,0,0,86.3459728571429,79.1729835714286,21.1714285714286,22.7142857142857,3,,,,,720,2019-02-10,5204003,Cabeceiras,GO,2019,7
1549152000000,201906,3.0,3,3,3,0.6232604,37.285606,0,1,520400320190619589,2023-08-20,Cabeceiras,0,1.2869381,8046,19.7142857142857,94.2076642857143,1,0,0,79.4637761428571,61.1307278571429,22.5376981428571,27.4285714285714,2,,,,,720,2019-02-03,5204003,Cabeceiras,GO,2019,6
1548547200000,201905,3.0,3,3,3,0.81436116,37.285606,0,1,520400320190519589,2023-08-20,Cabeceiras,0,2.2374396,8046,18.1428571428571,84.3868708571429,0,0,0,59.4086522857143,35.8593115714286,24.2380954285714,29.8571428571429,3,,,,,720,2019-01-27,5204003,Cabeceiras,GO,2019,5
1547942400000,201904,3.0,3,3,3,0.9304139,37.285606,0,1,520400320190419589,2023-08-20,Cabeceiras,0,4.6445785,8046,19.7142857142857,83.0639728571429,0,0,0,60.1835437142857,38.3832544285714,25.0297617142857,30.5714285714286,2,,,,,720,2019-01-20,5204003,Cabeceiras,GO,2019,4
1547337600000,201903,1.0,1,1,1,0.730556,12.428535,0,1,520400320190319589,2023-08-20,Cabeceiras,0,2.207831,8046,18.8571428571429,87.4907005714286,1,0,0,68.945513,50.693095,23.3809522857143,28.1428571428571,1,,,,,720,2019-01-13,5204003,Cabeceiras,GO,2019,3
1546732800000,201902,0.0,0,0,0,0.0,0.0,0,1,520400320190219589,2023-08-20,Cabeceiras,0,0.0,8046,18.5714285714286,91.609522,0,0,0,80.7433237142857,69.307483,20.4428571428571,22.4285714285714,0,,,,,720,2019-01-06,5204003,Cabeceiras,GO,2019,2
1546128000000,201901,1.0,1,1,1,0.9632679,12.428535,0,1,520400320190119589,2023-08-20,Cabeceiras,0,18.521618,8046,19.1428571428571,92.4099651428571,1,0,0,83.8881727142857,73.7355725714286,20.6857142857143,22.7142857142857,1,,,,,720,2018-12-30,5204003,Cabeceiras,GO,2019,1
1545523200000,201852,0.0,0,0,0,0.0,0.0,0,1,520400320185219589,2023-08-20,Cabeceiras,0,0.0,8046,19.0,94.0550488,0,0,0,84.4303552,67.689914,21.4538888,24.4,0,,,,,720,2018-12-23,5204003,Cabeceiras,GO,2018,52
1544918400000,201851,0.0,0,0,0,0.0,0.0,0,1,520400320185119589,2023-08-20,Cabeceiras,0,0.0,8046,19.2380952380952,94.3304172952381,0,0,0,,,,,0,,,,,720,2018-12-16,5204003,Cabeceiras,GO,2018,51
1544313600000,201850,0.0,0,0,0,0.0,0.0,0,1,520400320185019589,2023-08-20,Cabeceiras,0,0.0,8046,19.4761904761905,94.6057857904762,0,0,0,,,,,0,,,,,720,2018-12-09,5204003,Cabeceiras,GO,2018,50
1543708800000,201849,0.0,0,0,0,0.0,0.0,0,1,520400320184919589,2023-08-20,Cabeceiras,0,0.0,8046,19.7142857142857,94.8811542857143,0,0,0,89.3434171428571,80.9390635714286,20.6674601428571,22.5714285714286,0,,,,,720,2018-12-02,5204003,Cabeceiras,GO,2018,49
1543104000000,201848,0.0,0,0,0,0.0,0.0,0,1,520400320184819589,2023-08-20,Cabeceiras,0,0.0,8046,18.5714285714286,92.3061191428571,0,0,0,86.2330228571429,77.6836178571428,19.9178571428571,21.8571428571429,0,,,,,720,2018-11-25,5204003,Cabeceiras,GO,2018,48
1542499200000,201847,0.0,0,0,0,0.0,0.0,0,1,520400320184719589,2023-08-20,Cabeceiras,0,0.0,8046,19.0,94.88671,0,0,0,88.9910134285714,79.793325,20.3813491428571,22.4285714285714,0,,,,,720,2018-11-18,5204003,Cabeceiras,GO,2018,47
1541894400000,201846,0.0,0,0,0,0.0,0.0,0,1,520400320184619589,2023-08-20,Cabeceiras,0,0.0,8046,18.8571428571429,97.4238985714286,0,0,0,91.2821378571429,81.5304237142857,20.1821424285714,22.2857142857143,0,,,,,720,2018-11-11,5204003,Cabeceiras,GO,2018,46
1541289600000,201845,0.0,0,0,0,0.0,0.0,0,1,520400320184519589,2023-08-20,Cabeceiras,0,0.0,8046,19.1428571428571,96.5504714285714,0,0,0,90.7268385714286,82.5312428571429,19.904762,21.2857142857143,0,,,,,720,2018-11-04,5204003,Cabeceiras,GO,2018,45
1540684800000,201844,0.0,0,0,0,0.0,0.0,0,1,520400320184419589,2023-08-20,Cabeceiras,0,0.0,8046,19.7142857142857,91.5414748571429,0,0,0,84.7162965714286,73.9152668571429,21.0162337142857,23.1428571428571,0,,,,,720,2018-10-28,5204003,Cabeceiras,GO,2018,44
1540080000000,201843,0.0,0,0,0,0.0,0.0,0,1,520400320184319589,2023-08-20,Cabeceiras,0,0.0,8046,19.1428571428571,96.6209914285714,0,0,0,89.3454042857143,79.030422,20.5091991428571,22.7142857142857,0,,,,,720,2018-10-21,5204003,Cabeceiras,GO,2018,43
1539475200000,201842,0.0,0,0,0,0.0,0.0,0,1,520400320184219589,2023-08-20,Cabeceiras,0,0.0,8046,18.0,100.0,0,0,0,89.99922,80.951455,20.068182,22.0,0,,,,,720,2018-10-14,5204003,Cabeceiras,GO,2018,42
1538870400000,201841,0.0,0,0,0,0.0,0.0,0,1,520400320184119589,2023-08-20,Cabeceiras,0,0.0,8046,18.0,96.27173625,0,0,0,,,,,0,,,,,720,2018-10-07,5204003,Cabeceiras,GO,2018,41
1538265600000,201840,0.0,0,0,0,0.0,0.0,0,1,520400320184019589,2023-08-20,Cabeceiras,0,0.0,8046,18.0,92.5434725,0,0,0,81.64804125,69.39496,19.977273,22.0,0,,,,,720,2018-09-30,5204003,Cabeceiras,GO,2018,40
1537660800000,201839,1.0,1,1,1,0.9632679,12.428535,0,1,520400320183919589,2023-08-20,Cabeceiras,0,18.521618,8046,15.1428571428571,92.1393,0,0,0,75.6999955714286,51.677306,18.7716451428571,23.4285714285714,0,,,,,720,2018-09-23,5204003,Cabeceiras,GO,2018,39
1537056000000,201838,0.0,0,0,0,0.5,0.0,0,1,520400320183819589,2023-08-20,Cabeceiras,0,0.0,8046,15.8571428571429,99.1328242857143,0,0,0,90.2123874285714,73.5056512857143,18.3245671428571,21.8571428571429,0,,,,,720,2018-09-16,5204003,Cabeceiras,GO,2018,38
1536451200000,201837,0.0,0,0,0,0.0,0.0,0,1,520400320183719589,2023-08-20,Cabeceiras,0,0.0,8046,12.8571428571429,82.8850302857143,0,0,0,65.2829797142857,44.3758081428571,16.6715364285714,21.5714285714286,0,,,,,720,2018-09-09,5204003,Cabeceiras,GO,2018,37
1535846400000,201836,0.0,0,0,0,0.0,0.0,0,1,520400320183619589,2023-08-20,Cabeceiras,0,0.0,8046,13.0,85.4367364285714,0,0,0,67.8282804285714,48.7459614285714,17.1336582857143,22.0,0,,,,,720,2018-09-02,5204003,Cabeceiras,GO,2018,36
1535241600000,201835,0.0,0,0,0,0.0,0.0,0,1,520400320183519589,2023-08-20,Cabeceiras,0,0.0,8046,14.0,84.0712191428571,0,0,0,65.5264721428571,49.2310167142857,17.4128788571429,21.4285714285714,0,,,,,720,2018-08-26,5204003,Cabeceiras,GO,2018,35
1534636800000,201834,0.0,0,0,0,0.0,0.0,0,1,520400320183419589,2023-08-20,Cabeceiras,0,0.0,8046,12.8571428571429,85.2993865714286,0,0,0,70.9141297142857,55.3196785714286,16.1650432857143,19.8571428571429,0,,,,,720,2018-08-19,5204003,Cabeceiras,GO,2018,34
1534032000000,201833,0.0,0,0,0,0.0,0.0,0,1,520400320183319589,2023-08-20,Cabeceiras,0,0.0,8046,12.2857142857143,85.5404807142857,0,0,0,66.3062278571429,43.2940031428571,16.411008,22.1428571428571,0,,,,,720,2018-08-12,5204003,Cabeceiras,GO,2018,33
1533427200000,201832,0.0,0,0,0,0.0,0.0,0,1,520400320183219589,2023-08-20,Cabeceiras,0,0.0,8046,14.1428571428571,89.5315942857143,0,0,0,60.9638951428571,29.1533562857143,21.0119048571429,28.7142857142857,0,,,,,720,2018-08-05,5204003,Cabeceiras,GO,2018,32
1532822400000,201831,0.0,0,0,0,0.0,0.0,0,1,520400320183119589,2023-08-20,Cabeceiras,0,0.0,8046,11.0,87.6890871428571,0,0,0,54.618591,21.6808644285714,19.5238094285714,28.4285714285714,0,,,,,720,2018-07-29,5204003,Cabeceiras,GO,2018,31
1532217600000,201830,0.0,0,0,0,0.0,0.0,0,1,520400320183019589,2023-08-20,Cabeceiras,0,0.0,8046,9.28571428571429,88.3618034285714,0,0,0,57.3098288571429,26.7521431428571,17.0059525714286,25.1428571428571,0,,,,,720,2018-07-22,5204003,Cabeceiras,GO,2018,30
1531612800000,201829,0.0,0,0,0,0.0,0.0,0,1,520400320182919589,2023-08-20,Cabeceiras,0,0.0,8046,10.5714285714286,89.2166221428571,0,0,0,65.9835537142857,40.7287048571429,16.2938312857143,22.7142857142857,0,,,,,720,2018-07-15,5204003,Cabeceiras,GO,2018,29
1531008000000,201828,0.0,0,0,0,0.0,0.0,0,1,520400320182819589,2023-08-20,Cabeceiras,0,0.0,8046,11.1428571428571,90.231216,0,0,0,79.2669381428571,61.4436665714286,14.1899351428571,18.5714285714286,0,,,,,720,2018-07-08,5204003,Cabeceiras,GO,2018,28
1530403200000,201827,0.0,0,0,0,0.0,0.0,0,1,520400320182719589,2023-08-20,Cabeceiras,0,0.0,8046,8.71428571428571,92.5800475714286,0,0,0,78.7596252857143,61.146714,12.4994588571429,17.0,0,,,,,720,2018-07-01,5204003,Cabeceiras,GO,2018,27
1529798400000,201826,0.0,0,0,0,0.0,0.0,0,1,520400320182619589,2023-08-20,Cabeceiras,0,0.0,8046,9.57142857142857,90.122995,0,0,0,78.8331087142857,61.8806012857143,12.6138528571429,17.0,0,,,,,720,2018-06-24,5204003,Cabeceiras,GO,2018,26
1529193600000,201825,0.0,0,0,0,0.0,0.0,0,1,520400320182519589,2023-08-20,Cabeceiras,0,0.0,8046,10.8571428571429,91.0082948571429,0,0,0,78.8835492857143,59.9280891428571,13.9464284285714,18.2857142857143,0,,,,,720,2018-06-17,5204003,Cabeceiras,GO,2018,25
1528588800000,201824,0.0,0,0,0,0.0,0.0,0,1,520400320182419589,2023-08-20,Cabeceiras,0,0.0,8046,12.0,95.4712491428571,0,0,0,83.2826702857143,66.0816021428571,15.0308444285714,19.1428571428571,0,,,,,720,2018-06-10,5204003,Cabeceiras,GO,2018,24
1527984000000,201823,0.0,0,0,0,0.0,0.0,0,1,520400320182319589,2023-08-20,Cabeceiras,0,0.0,8046,12.2857142857143,92.8212042857143,0,0,0,83.6093564285714,68.7794932857143,15.2126624285714,19.1428571428571,0,,,,,720,2018-06-03,5204003,Cabeceiras,GO,2018,23
1527379200000,201822,0.0,0,0,0,0.0,0.0,0,1,520400320182219589,2023-08-20,Cabeceiras,0,0.0,8046,10.8571428571429,93.6589785714286,0,0,0,83.2202651428571,69.8190568571429,13.9925324285714,17.5714285714286,0,,,,,720,2018-05-27,5204003,Cabeceiras,GO,2018,22
1526774400000,201821,0.0,0,0,0,0.0,0.0,0,1,520400320182119589,2023-08-20,Cabeceiras,0,0.0,8046,12.8571428571429,94.6691857142857,0,0,0,84.9002027142857,69.2745392857143,15.5243505714286,19.5714285714286,0,,,,,720,2018-05-20,5204003,Cabeceiras,GO,2018,21
1526169600000,201820,0.0,0,0,0,0.0,0.0,0,1,520400320182019589,2023-08-20,Cabeceiras,0,0.0,8046,12.4285714285714,94.6910357142857,0,0,0,69.71466,36.3938718571429,19.2023811428571,26.7142857142857,0,,,,,720,2018-05-13,5204003,Cabeceiras,GO,2018,20
1525564800000,201819,0.0,0,0,0,0.0,0.0,0,1,520400320181919589,2023-08-20,Cabeceiras,0,0.0,8046,12.7142857142857,94.6480642857143,0,0,0,67.552808,37.4296558571429,19.4226188571429,26.0,0,,,,,720,2018-05-06,5204003,Cabeceiras,GO,2018,19
1524960000000,201818,0.0,0,0,0,0.0,0.0,0,1,520400320181819589,2023-08-20,Cabeceiras,0,0.0,8046,14.8571428571429,89.8055657142857,0,0,0,67.5512401428571,38.6471891428571,20.4583337142857,27.0,0,,,,,720,2018-04-29,5204003,Cabeceiras,GO,2018,18
1524355200000,201817,0.0,0,0,0,0.0,0.0,0,1,520400320181719589,2023-08-20,Cabeceiras,0,0.0,8046,15.5714285714286,93.0111654285714,0,0,0,74.7060045714286,46.9750641428571,20.3333334285714,26.4285714285714,0,,,,,720,2018-04-22,5204003,Cabeceiras,GO,2018,17
1523750400000,201816,0.0,0,0,0,0.0,0.0,0,1,520400320181619589,2023-08-20,Cabeceiras,0,0.0,8046,15.7142857142857,93.0175534285714,0,0,0,83.5250631428571,69.9775341428571,18.6961041428571,21.8571428571429,0,,,,,720,2018-04-15,5204003,Cabeceiras,GO,2018,16
1523145600000,201815,0.0,0,0,0,0.0,0.0,0,1,520400320181519589,2023-08-20,Cabeceiras,0,0.0,8046,17.1428571428571,94.757966,0,0,0,88.9460402857143,82.464787,18.3544371428571,19.8571428571429,0,,,,,720,2018-04-08,5204003,Cabeceiras,GO,2018,15
1522540800000,201814,0.0,0,0,0,0.0,0.0,0,1,520400320181419589,2023-08-20,Cabeceiras,0,0.0,8046,18.1428571428571,94.0413757142857,0,0,0,86.8595385714286,76.5665478571429,19.7884197142857,21.8571428571429,0,,,,,720,2018-04-01,5204003,Cabeceiras,GO,2018,14
1521936000000,201813,0.0,0,0,0,0.0,0.0,0,1,520400320181319589,2023-08-20,Cabeceiras,0,0.0,8046,17.5714285714286,90.8387157142857,0,0,0,80.9323821428572,71.2884814285714,19.5604977142857,22.0,0,,,,,720,2018-03-25,5204003,Cabeceiras,GO,2018,13
1521331200000,201812,0.0,0,0,0,0.0,0.0,0,1,520400320181219589,2023-08-20,Cabeceiras,0,0.0,8046,17.8571428571429,96.5247668571429,0,0,0,86.3466601428571,76.319258,20.121212,22.5714285714286,0,,,,,720,2018-03-18,5204003,Cabeceiras,GO,2018,12
1520726400000,201811,0.0,0,0,0,0.0,0.0,0,1,520400320181119589,2023-08-20,Cabeceiras,0,0.0,8046,18.8571428571429,93.2236442857143,0,0,0,85.3534727142857,70.6755931428571,20.9327201428571,24.0,0,,,,,720,2018-03-11,5204003,Cabeceiras,GO,2018,11
1520121600000,201810,0.0,0,0,0,0.0,0.0,0,1,520400320181019589,2023-08-20,Cabeceiras,0,0.0,8046,18.6666666666667,93.9670533333333,0,0,0,84.1354466666667,76.0057316666667,20.004545,21.3333333333333,0,,,,,720,2018-03-04,5204003,Cabeceiras,GO,2018,10
1519516800000,201809,0.0,0,0,0,0.0,0.0,0,1,520400320180919589,2023-08-20,Cabeceiras,0,0.0,8046,18.4285714285714,91.5219485714286,0,0,0,75.254332,53.5405731428571,21.7639282857143,26.1428571428571,0,,,,,720,2018-02-25,5204003,Cabeceiras,GO,2018,9
1518912000000,201808,0.0,0,0,0,0.0,0.0,0,1,520400320180819589,2023-08-20,Cabeceiras,0,0.0,8046,19.0,92.4215042857143,0,0,0,86.2730742857143,75.0327,20.2630951428571,22.0,0,,,,,720,2018-02-18,5204003,Cabeceiras,GO,2018,8
1518307200000,201807,0.0,0,0,0,0.0,0.0,0,1,520400320180719589,2023-08-20,Cabeceiras,0,0.0,8046,18.5714285714286,86.1030914285714,0,0,0,75.6478842857143,63.9317058571429,20.6,23.1428571428571,0,,,,,720,2018-02-11,5204003,Cabeceiras,GO,2018,7
1517702400000,201806,0.0,0,0,0,0.0,0.0,0,1,520400320180619589,2023-08-20,Cabeceiras,0,0.0,8046,18.1428571428571,97.5495188571429,0,0,0,87.7539664285714,77.7775105714286,19.4515875714286,21.4285714285714,0,,,,,720,2018-02-04,5204003,Cabeceiras,GO,2018,6
1517097600000,201805,0.0,0,0,0,0.0,0.0,0,1,520400320180519589,2023-08-20,Cabeceiras,0,0.0,8046,19.4285714285714,94.0323171428571,0,0,0,87.810627,81.0663728571429,20.5428571428571,21.7142857142857,0,,,,,720,2018-01-28,5204003,Cabeceiras,GO,2018,5
1516492800000,201804,0.0,0,0,0,0.0,0.0,0,1,520400320180419589,2023-08-20,Cabeceiras,0,0.0,8046,18.4285714285714,86.0537834285714,0,0,0,68.2273435714286,44.8479174285714,21.5359211428571,26.1428571428571,0,,,,,720,2018-01-21,5204003,Cabeceiras,GO,2018,4
1515888000000,201803,0.0,0,0,0,0.0,0.0,0,1,520400320180319589,2023-08-20,Cabeceiras,0,0.0,8046,17.2857142857143,89.0138111428571,0,0,0,74.5576338571429,60.333589,20.0857142857143,23.1428571428571,0,,,,,720,2018-01-14,5204003,Cabeceiras,GO,2018,3
1515283200000,201802,0.0,0,0,0,0.0,0.0,0,1,520400320180219589,2023-08-20,Cabeceiras,0,0.0,8046,18.0,89.8707705714286,0,0,0,82.27582,75.7994037142857,19.5714285714286,21.2857142857143,0,,,,,720,2018-01-07,5204003,Cabeceiras,GO,2018,2
1514678400000,201801,0.0,0,0,0,0.0,0.0,0,1,520400320180119589,2023-08-20,Cabeceiras,0,0.0,8046,18.8571428571429,94.8225114285714,0,0,0,89.8873771428571,83.2528934285714,19.8428571428571,20.8571428571429,0,,,,,720,2017-12-31,5204003,Cabeceiras,GO,2018,1
1514073600000,201752,0.0,0,0,0,0.0,0.0,0,1,520400320175219589,2023-08-20,Cabeceiras,0,0.0,8046,19.1428571428571,86.8635442857143,0,0,0,78.5883127142857,67.8196414285714,21.1888887142857,23.4285714285714,0,,,,,720,2017-12-24,5204003,Cabeceiras,GO,2017,52
1513468800000,201751,0.0,0,0,0,0.0,0.0,0,1,520400320175119589,2023-08-20,Cabeceiras,0,0.0,8046,17.4285714285714,91.5223002857143,0,0,0,78.1993728571429,65.7363848571429,20.5313492857143,23.4285714285714,0,,,,,720,2017-12-17,5204003,Cabeceiras,GO,2017,51
1512864000000,201750,0.0,0,0,0,0.0,0.0,0,1,520400320175019589,2023-08-20,Cabeceiras,0,0.0,8046,18.1666666666667,96.964804,0,0,0,91.1291156666667,81.1464446666667,19.0916666666667,21.0,0,,,,,720,2017-12-10,5204003,Cabeceiras,GO,2017,50
1512259200000,201749,3.0,3,3,3,0.9872154,37.285606,0,1,520400320174919589,2023-08-20,Cabeceiras,0,18.521618,8046,19.5714285714286,90.7450285714286,1,0,0,83.419618,70.7765421428571,21.2270974285714,24.0,3,,,,,720,2017-12-03,5204003,Cabeceiras,GO,2017,49
1511654400000,201748,0.0,0,0,0,0.0,0.0,0,1,520400320174819589,2023-08-20,Cabeceiras,0,0.0,8046,18.5,93.907157,0,0,0,78.747975,61.0472205,21.041666,24.5,0,,,,,720,2017-11-26,5204003,Cabeceiras,GO,2017,48
1511049600000,201747,0.0,0,0,0,0.0,0.0,0,1,520400320174719589,2023-08-20,Cabeceiras,0,0.0,8046,17.975,91.84822725,0,0,0,,,,,0,,,,,720,2017-11-19,5204003,Cabeceiras,GO,2017,47
1510444800000,201746,0.0,0,0,0,0.0,0.0,0,1,520400320174619589,2023-08-20,Cabeceiras,0,0.0,8046,17.45,89.7892975,0,0,0,,,,,0,,,,,720,2017-11-12,5204003,Cabeceiras,GO,2017,46
1509840000000,201745,0.0,0,0,0,0.0,0.0,0,1,520400320174519589,2023-08-20,Cabeceiras,0,0.0,8046,16.925,87.73036775,0,0,0,,,,,0,,,,,720,2017-11-05,5204003,Cabeceiras,GO,2017,45
1509235200000,201744,0.0,0,0,0,0.0,0.0,0,1,520400320174419589,2023-08-20,Cabeceiras,0,0.0,8046,16.4,85.671438,0,0,0,,,,,0,,,,,720,2017-10-29,5204003,Cabeceiras,GO,2017,44
1508630400000,201743,0.0,0,0,0,0.0,0.0,0,1,520400320174319589,2023-08-20,Cabeceiras,0,0.0,8046,15.875,83.61250825,0,0,0,,,,,0,,,,,720,2017-10-22,5204003,Cabeceiras,GO,2017,43
1508025600000,201742,0.0,0,0,0,0.0,0.0,0,1,520400320174219589,2023-08-20,Cabeceiras,0,0.0,8046,15.35,81.5535785,0,0,0,,,,,0,,,,,720,2017-10-15,5204003,Cabeceiras,GO,2017,42
1507420800000,201741,0.0,0,0,0,0.0,0.0,0,1,520400320174119589,2023-08-20,Cabeceiras,0,0.0,8046,14.825,79.49464875,0,0,0,,,,,0,,,,,720,2017-10-08,5204003,Cabeceiras,GO,2017,41
1506816000000,201740,0.0,0,0,0,0.0,0.0,0,1,520400320174019589,2023-08-20,Cabeceiras,0,0.0,8046,14.3,77.435719,0,0,0,,,,,0,,,,,720,2017-10-01,5204003,Cabeceiras,GO,2017,40
1506211200000,201739,0.0,0,0,0,0.0,0.0,0,1,520400320173919589,2023-08-20,Cabeceiras,0,0.0,8046,13.775,75.37678925,0,0,0,,,,,0,,,,,720,2017-09-24,5204003,Cabeceiras,GO,2017,39
1505606400000,201738,1.0,1,1,1,0.9632679,12.428535,0,1,520400320173819589,2023-08-20,Cabeceiras,0,18.521618,8046,13.25,73.3178595,0,0,0,,,,,1,,,,,720,2017-09-17,5204003,Cabeceiras,GO,2017,38
1505001600000,201737,0.0,0,0,0,0.0,0.0,0,1,520400320173719589,2023-08-20,Cabeceiras,0,0.0,8046,12.725,71.25892975,0,0,0,,,,,0,,,,,720,2017-09-10,5204003,Cabeceiras,GO,2017,37
1504396800000,201736,0.0,0,0,0,0.0,0.0,0,1,520400320173619589,2023-08-20,Cabeceiras,0,0.0,8046,12.2,69.2,0,0,0,53.9321426,38.8,15.7285714,19.6,0,,,,,720,2017-09-03,5204003,Cabeceiras,GO,2017,36
1503792000000,201735,0.0,0,0,0,0.0,0.0,0,1,520400320173519589,2023-08-20,Cabeceiras,0,0.0,8046,13.1428571428571,64.7142857142857,0,0,0,51.4603174285714,36.4285714285714,15.5178571428571,18.7142857142857,0,,,,,720,2017-08-27,5204003,Cabeceiras,GO,2017,35
1503187200000,201734,0.0,0,0,0,0.0,0.0,0,1,520400320173419589,2023-08-20,Cabeceiras,0,0.0,8046,15.2857142857143,72.4285714285714,0,0,0,63.3015871428571,52.8571428571429,17.1726191428571,19.1428571428571,0,,,,,720,2017-08-20,5204003,Cabeceiras,GO,2017,34
1502582400000,201733,0.0,0,0,0,0.0,0.0,0,1,520400320173319589,2023-08-20,Cabeceiras,0,0.0,8046,13.5714285714286,64.5714285714286,0,0,0,54.4107142857143,41.5714285714286,16.0694444285714,19.2857142857143,0,,,,,720,2017-08-13,5204003,Cabeceiras,GO,2017,33
1501977600000,201732,0.0,0,0,0,0.0,0.0,0,1,520400320173219589,2023-08-20,Cabeceiras,0,0.0,8046,14.0,72.1428571428571,0,0,0,63.6488091428571,53.0,15.6130952857143,17.7142857142857,0,,,,,720,2017-08-06,5204003,Cabeceiras,GO,2017,32
1501372800000,201731,0.0,0,0,0,0.0,0.0,0,1,520400320173119589,2023-08-20,Cabeceiras,0,0.0,8046,10.7142857142857,78.0,0,0,0,68.2678571428571,57.8571428571429,12.4821428571429,14.8571428571429,0,,,,,720,2017-07-30,5204003,Cabeceiras,GO,2017,31
1500768000000,201730,0.0,0,0,0,0.0,0.0,0,1,520400320173019589,2023-08-20,Cabeceiras,0,0.0,8046,11.0,74.1428571428571,0,0,0,64.8333337142857,53.2857142857143,12.9033447142857,15.8571428571429,0,,,,,720,2017-07-23,5204003,Cabeceiras,GO,2017,30
1500163200000,201729,0.0,0,0,0,0.0,0.0,0,1,520400320172919589,2023-08-20,Cabeceiras,0,0.0,8046,10.1428571428571,81.4285714285714,0,0,0,71.2678571428571,61.0,12.3392857142857,14.7142857142857,0,,,,,720,2017-07-16,5204003,Cabeceiras,GO,2017,29
1499558400000,201728,0.0,0,0,0,0.0,0.0,0,1,520400320172819589,2023-08-20,Cabeceiras,0,0.0,8046,12.4285714285714,80.8571428571429,0,0,0,71.7099201428571,62.0,13.7638888571429,15.1428571428571,0,,,,,720,2017-07-09,5204003,Cabeceiras,GO,2017,28
1498953600000,201727,2.0,2,2,2,0.64973277,24.85707,0,1,520400320172719589,2023-08-20,Cabeceiras,0,1.4509177,8046,11.2857142857143,77.0,0,0,0,70.051588,61.4285714285714,12.515873,14.0,2,,,,,720,2017-07-02,5204003,Cabeceiras,GO,2017,27
1498348800000,201726,1.0,1,1,1,0.30515522,12.428535,0,1,520400320172619589,2023-08-20,Cabeceiras,0,0.5839809,8046,13.2857142857143,77.5714285714286,0,0,0,66.5651928571429,55.2857142857143,15.3472221428571,16.8571428571429,1,,,,,720,2017-06-25,5204003,Cabeceiras,GO,2017,26
1497744000000,201725,2.0,2,2,2,0.3156911,24.85707,0,1,520400320172519589,2023-08-20,Cabeceiras,0,0.6712804,8046,12.7142857142857,80.8571428571429,0,0,0,73.7301592857143,65.7142857142857,14.156746,16.1428571428571,2,,,,,720,2017-06-18,5204003,Cabeceiras,GO,2017,25
1497139200000,201724,0.0,0,0,0,0.0,0.0,0,1,520400320172419589,2023-08-20,Cabeceiras,0,0.0,8046,14.2857142857143,89.8571428571429,0,0,0,80.9348071428571,69.2857142857143,16.1686507142857,18.8571428571429,0,,,,,720,2017-06-11,5204003,Cabeceiras,GO,2017,24
1496534400000,201723,4.0,4,4,4,0.27197194,49.71414,0,1,520400320172319589,2023-08-20,Cabeceiras,0,0.6878357,8046,15.1428571428571,94.0,0,0,0,88.2103171428571,81.2857142857143,16.6805557142857,18.5714285714286,3,,,,,720,2017-06-04,5204003,Cabeceiras,GO,2017,23
1495929600000,201722,3.0,3,3,3,0.19475539,37.285606,0,1,520400320172219589,2023-08-20,Cabeceiras,0,0.56139284,8046,16.8571428571429,93.1428571428571,0,0,0,86.6031742857143,79.8571428571429,18.3988094285714,20.1428571428571,3,,,,,720,2017-05-28,5204003,Cabeceiras,GO,2017,22
1495324800000,201721,10.0,10,10,10,0.90788126,124.28536,0,1,520400320172119589,2023-08-20,Cabeceiras,0,1.9824893,8046,18.0,95.0,0,0,2,91.1206342857143,85.2857142857143,19.0083334285714,20.4285714285714,9,,,,,720,2017-05-21,5204003,Cabeceiras,GO,2017,21
1494720000000,201720,2.0,2,2,2,0.18582682,24.85707,0,1,520400320172019589,2023-08-20,Cabeceiras,0,0.49788177,8046,17.0,97.4285714285714,0,0,0,89.9309864285714,79.7142857142857,18.9165981428571,20.8571428571429,2,,,,,720,2017-05-14,5204003,Cabeceiras,GO,2017,20
1494115200000,201719,7.0,7,7,7,0.93467945,86.99975,0,1,520400320171919589,2023-08-20,Cabeceiras,0,2.67779,8046,16.0,89.0,0,0,1,79.252551,69.5714285714286,17.7653061428571,20.1428571428571,7,,,,,720,2017-05-07,5204003,Cabeceiras,GO,2017,19
1493510400000,201718,5.0,5,5,5,0.8738799,62.14268,0,1,520400320171819589,2023-08-20,Cabeceiras,0,2.313008,8046,16.8571428571429,94.8571428571429,0,0,1,84.5280614285714,75.2857142857143,18.9260202857143,20.7142857142857,5,,,,,720,2017-04-30,5204003,Cabeceiras,GO,2017,18
1492905600000,201717,0.0,0,0,0,0.0,0.0,0,1,520400320171719589,2023-08-20,Cabeceiras,0,0.0,8046,19.2857142857143,96.5714285714286,0,0,0,91.2924264285714,82.4285714285714,20.4856175714286,22.4285714285714,0,,,,,720,2017-04-23,5204003,Cabeceiras,GO,2017,17
1492300800000,201716,4.0,4,4,4,0.9503847,49.71414,0,1,520400320171619589,2023-08-20,Cabeceiras,0,4.641924,8046,18.4285714285714,91.7142857142857,1,0,0,85.4999984285714,75.8571428571429,19.9875282857143,21.8571428571429,4,,,,,720,2017-04-16,5204003,Cabeceiras,GO,2017,16
1491696000000,201715,1.0,1,1,1,0.77733934,12.428535,0,1,520400320171519589,2023-08-20,Cabeceiras,0,2.7519133,8046,17.8571428571429,92.4285714285714,0,0,0,80.7494321428571,65.1428571428571,20.2063492857143,23.0,1,,,,,720,2017-04-09,5204003,Cabeceiras,GO,2017,15
1491091200000,201714,1.0,1,1,1,0.7257267,12.428535,0,1,520400320171419589,2023-08-20,Cabeceiras,0,2.162154,8046,18.0,94.0,0,0,0,87.0733742857143,78.4285714285714,19.8468507142857,21.8571428571429,1,,,,,720,2017-04-02,5204003,Cabeceiras,GO,2017,14
1490486400000,201713,0.0,0,0,0,0.0,0.0,0,1,520400320171319589,2023-08-20,Cabeceiras,0,0.0,8046,18.5714285714286,97.4285714285714,0,0,0,90.9754791428571,81.1428571428571,19.875263,21.2857142857143,0,,,,,720,2017-03-26,5204003,Cabeceiras,GO,2017,13
1489881600000,201712,0.0,0,0,0,0.0,0.0,0,1,520400320171219589,2023-08-20,Cabeceiras,0,0.0,8046,18.2857142857143,96.5714285714286,0,0,0,89.9855434285714,80.5714285714286,19.6284012857143,21.7142857142857,0,,,,,720,2017-03-19,5204003,Cabeceiras,GO,2017,12
1489276800000,201711,1.0,1,1,1,0.3597815,12.428535,0,1,520400320171119589,2023-08-20,Cabeceiras,0,0.67805475,8046,18.2857142857143,92.7142857142857,1,0,0,82.5025514285714,69.1428571428571,21.0408164285714,23.4285714285714,1,,,,,720,2017-03-12,5204003,Cabeceiras,GO,2017,11
1488672000000,201710,3.0,3,3,3,0.86735874,37.285606,0,1,520400320171019589,2023-08-20,Cabeceiras,0,2.8712072,8046,20.2857142857143,90.0,1,0,0,80.1154762857143,67.0,22.0928571428571,24.1428571428571,3,,,,,720,2017-03-05,5204003,Cabeceiras,GO,2017,10
1488067200000,201709,1.0,1,1,1,0.6177504,12.428535,0,1,520400320170919589,2023-08-20,Cabeceiras,0,1.4390478,8046,18.0,97.1428571428571,0,0,0,89.6066791428571,80.1428571428571,19.7307515714286,21.4285714285714,1,,,,,720,2017-02-26,5204003,Cabeceiras,GO,2017,9
1487462400000,201708,1.0,1,1,1,0.8145292,12.428535,0,1,520400320170819589,2023-08-20,Cabeceiras,0,3.3788157,8046,19.5714285714286,90.5714285714286,1,0,0,82.4666671428571,71.5714285714286,21.470238,23.4285714285714,1,,,,,720,2017-02-19,5204003,Cabeceiras,GO,2017,8
1486857600000,201707,1.0,1,1,1,0.9632679,12.428535,0,1,520400320170719589,2023-08-20,Cabeceiras,0,18.521618,8046,19.1428571428571,94.8571428571429,1,0,0,84.2842971428571,67.0,20.8106578571429,22.5714285714286,1,,,,,720,2017-02-12,5204003,Cabeceiras,GO,2017,7
1486252800000,201706,0.0,0,0,0,0.0,0.0,0,1,520400320170619589,2023-08-20,Cabeceiras,0,0.0,8046,19.5714285714286,95.7142857142857,0,0,0,90.7521895714286,79.7142857142857,20.9316501428571,23.1428571428571,0,,,,,720,2017-02-05,5204003,Cabeceiras,GO,2017,6
1485648000000,201705,0.0,0,0,0,0.0,0.0,0,1,520400320170519589,2023-08-20,Cabeceiras,0,0.0,8046,19.5714285714286,90.7142857142857,0,0,0,83.3244995714286,74.4285714285714,21.0728368571429,22.8571428571429,0,,,,,720,2017-01-29,5204003,Cabeceiras,GO,2017,5
1485043200000,201704,0.0,0,0,0,0.0,0.0,0,1,520400320170419589,2023-08-20,Cabeceiras,0,0.0,8046,18.7142857142857,96.0,0,0,0,85.9585037142857,73.8571428571429,20.4312927142857,23.0,0,,,,,720,2017-01-22,5204003,Cabeceiras,GO,2017,4
1484438400000,201703,0.0,0,0,0,0.0,0.0,0,1,520400320170319589,2023-08-20,Cabeceiras,0,0.0,8046,18.7142857142857,94.8571428571429,0,0,0,85.686888,66.5714285714286,20.707794,23.4285714285714,0,,,,,720,2017-01-15,5204003,Cabeceiras,GO,2017,3
1483833600000,201702,0.0,0,0,0,0.0,0.0,0,1,520400320170219589,2023-08-20,Cabeceiras,0,0.0,8046,19.8571428571429,90.7142857142857,0,0,0,83.31172,68.8571428571429,21.6940901428571,23.7142857142857,0,,,,,720,2017-01-08,5204003,Cabeceiras,GO,2017,2
1483228800000,201701,0.0,0,0,0,0.0,0.0,0,1,520400320170119589,2023-08-20,Cabeceiras,0,0.0,8046,19.7142857142857,87.4285714285714,0,0,0,72.289117,56.2857142857143,22.7341267142857,25.7142857142857,0,,,,,720,2017-01-01,5204003,Cabeceiras,GO,2017,1
1482624000000,201652,0.0,0,0,0,0.0,0.0,0,1,520400320165219589,2023-08-20,Cabeceiras,0,0.0,8046,19.0,92.2857142857143,0,0,0,77.8925728571429,62.8571428571429,21.828456,24.7142857142857,0,,,,,720,2016-12-25,5204003,Cabeceiras,GO,2016,52
1482019200000,201651,0.0,0,0,0,0.0,0.0,0,1,520400320165119589,2023-08-20,Cabeceiras,0,0.0,8046,20.1428571428571,85.2857142857143,0,0,0,74.4387757142857,61.2857142857143,22.1479591428571,24.5714285714286,0,,,,,720,2016-12-18,5204003,Cabeceiras,GO,2016,51
1481414400000,201650,0.0,0,0,0,0.0,0.0,0,1,520400320165019589,2023-08-20,Cabeceiras,0,0.0,8046,19.7142857142857,95.7142857142857,0,0,0,89.082014,79.2857142857143,20.8965221428571,22.4285714285714,0,,,,,720,2016-12-11,5204003,Cabeceiras,GO,2016,50
1480809600000,201649,0.0,0,0,0,0.0,0.0,0,1,520400320164919589,2023-08-20,Cabeceiras,0,0.0,8046,20.0,92.2857142857143,0,0,0,85.1367972857143,72.5714285714286,21.5807042857143,23.8571428571429,0,,,,,720,2016-12-04,5204003,Cabeceiras,GO,2016,49
1480204800000,201648,0.0,0,0,0,0.0,0.0,0,1,520400320164819589,2023-08-20,Cabeceiras,0,0.0,8046,18.7142857142857,95.7142857142857,0,0,0,87.5812262857143,75.5714285714286,21.4258894285714,24.5714285714286,0,,,,,720,2016-11-27,5204003,Cabeceiras,GO,2016,48
1479600000000,201647,0.0,0,0,0,0.0,0.0,0,1,520400320164719589,2023-08-20,Cabeceiras,0,0.0,8046,19.1666666666667,98.0,0,0,0,89.8182611666667,81.1666666666667,20.6537588333333,22.5,0,,,,,720,2016-11-20,5204003,Cabeceiras,GO,2016,47
1478995200000,201646,0.0,0,0,0,0.0,0.0,0,1,520400320164619589,2023-08-20,Cabeceiras,0,0.0,8046,19.0,98.2857142857143,0,0,0,88.4113421428571,76.4285714285714,20.5806982857143,22.7142857142857,0,,,,,720,2016-11-13,5204003,Cabeceiras,GO,2016,46
1478390400000,201645,0.0,0,0,0,0.0,0.0,0,1,520400320164519589,2023-08-20,Cabeceiras,0,0.0,8046,19.2857142857143,94.1428571428571,0,0,0,86.5108848571429,75.7142857142857,20.9880951428571,23.1428571428571,0,,,,,720,2016-11-06,5204003,Cabeceiras,GO,2016,45
1477785600000,201644,0.0,0,0,0,0.0,0.0,0,1,520400320164419589,2023-08-20,Cabeceiras,0,0.0,8046,19.8571428571429,93.4285714285714,0,0,0,85.7820195714286,75.5714285714286,21.1360837142857,22.4285714285714,0,,,,,720,2016-10-30,5204003,Cabeceiras,GO,2016,44
1477180800000,201643,0.0,0,0,0,0.0,0.0,0,1,520400320164319589,2023-08-20,Cabeceiras,0,0.0,8046,19.2857142857143,87.0,0,0,0,76.2435685714286,62.8571428571429,21.2112748571429,23.7142857142857,0,,,,,720,2016-10-23,5204003,Cabeceiras,GO,2016,43
1476576000000,201642,0.0,0,0,0,0.0,0.0,0,1,520400320164219589,2023-08-20,Cabeceiras,0,0.0,8046,20.2857142857143,80.4285714285714,0,0,0,71.1638888571429,58.2857142857143,21.9146827142857,24.2857142857143,0,,,,,720,2016-10-16,5204003,Cabeceiras,GO,2016,42
1475971200000,201641,0.0,0,0,0,0.0,0.0,0,1,520400320164119589,2023-08-20,Cabeceiras,0,0.0,8046,20.1428571428571,75.2857142857143,0,0,0,67.3004545714286,55.7142857142857,21.5955212857143,23.5714285714286,0,,,,,720,2016-10-09,5204003,Cabeceiras,GO,2016,41
1475366400000,201640,0.0,0,0,0,0.0,0.0,0,1,520400320164019589,2023-08-20,Cabeceiras,0,0.0,8046,18.0,90.7142857142857,0,0,0,80.3370985714286,68.4285714285714,20.0352565714286,22.2857142857143,0,,,,,720,2016-10-02,5204003,Cabeceiras,GO,2016,40
1474761600000,201639,0.0,0,0,0,0.0,0.0,0,1,520400320163919589,2023-08-20,Cabeceiras,0,0.0,8046,17.7142857142857,94.0,0,0,0,84.3971092857143,72.5714285714286,19.8089564285714,22.8571428571429,0,,,,,720,2016-09-25,5204003,Cabeceiras,GO,2016,39
1474156800000,201638,0.0,0,0,0,0.0,0.0,0,1,520400320163819589,2023-08-20,Cabeceiras,0,0.0,8046,18.2857142857143,80.1428571428571,0,0,0,68.0518615714286,53.7142857142857,20.0165567142857,22.8571428571429,0,,,,,720,2016-09-18,5204003,Cabeceiras,GO,2016,38
1473552000000,201637,0.0,0,0,0,0.0,0.0,0,1,520400320163719589,2023-08-20,Cabeceiras,0,0.0,8046,14.7142857142857,73.5714285714286,0,0,0,59.3626411428571,44.1428571428571,17.8866214285714,21.1428571428571,0,,,,,720,2016-09-11,5204003,Cabeceiras,GO,2016,37
1472947200000,201636,0.0,0,0,0,0.0,0.0,0,1,520400320163619589,2023-08-20,Cabeceiras,0,0.0,8046,14.5714285714286,73.5714285714286,0,0,0,59.6295342857143,46.8571428571429,17.3146257142857,20.4285714285714,0,,,,,720,2016-09-04,5204003,Cabeceiras,GO,2016,36
1472342400000,201635,0.0,0,0,0,0.0,0.0,0,1,520400320163519589,2023-08-20,Cabeceiras,0,0.0,8046,15.2857142857143,79.0,0,0,0,61.1159295714286,42.4285714285714,19.5615075714286,23.8571428571429,0,,,,,720,2016-08-28,5204003,Cabeceiras,GO,2016,35
1471737600000,201634,0.0,0,0,0,0.0,0.0,0,1,520400320163419589,2023-08-20,Cabeceiras,0,0.0,8046,13.4285714285714,85.0,0,0,0,70.3480991428571,54.7142857142857,17.0159275714286,21.0,0,,,,,720,2016-08-21,5204003,Cabeceiras,GO,2016,34
1471132800000,201633,0.0,0,0,0,0.0,0.0,0,1,520400320163319589,2023-08-20,Cabeceiras,0,0.0,8046,16.4285714285714,78.7142857142857,0,0,0,68.9680478571429,58.4285714285714,18.7260538571429,20.8571428571429,0,,,,,720,2016-08-14,5204003,Cabeceiras,GO,2016,33
1470528000000,201632,0.0,0,0,0,0.0,0.0,0,1,520400320163219589,2023-08-20,Cabeceiras,0,0.0,8046,13.4285714285714,74.1428571428571,0,0,0,61.0568771428571,47.4285714285714,16.3796294285714,20.1428571428571,0,,,,,720,2016-08-07,5204003,Cabeceiras,GO,2016,32
1469923200000,201631,0.0,0,0,0,0.0,0.0,0,1,520400320163119589,2023-08-20,Cabeceiras,0,0.0,8046,11.8571428571429,83.8571428571429,0,0,0,67.3651914285714,49.7142857142857,15.1477325714286,18.8571428571429,0,,,,,720,2016-07-31,5204003,Cabeceiras,GO,2016,31
1469318400000,201630,0.0,0,0,0,0.0,0.0,0,1,520400320163019589,2023-08-20,Cabeceiras,0,0.0,8046,12.4285714285714,79.1428571428571,0,0,0,65.7624717142857,53.7142857142857,15.5039682857143,18.5714285714286,0,,,,,720,2016-07-24,5204003,Cabeceiras,GO,2016,30
1468713600000,201629,0.0,0,0,0,0.0,0.0,0,1,520400320162919589,2023-08-20,Cabeceiras,0,0.0,8046,11.7142857142857,83.0,0,0,0,69.3151912857143,55.1428571428571,14.6000565714286,17.8571428571429,0,,,,,720,2016-07-17,5204003,Cabeceiras,GO,2016,29
1468108800000,201628,1.0,1,1,1,0.9603114,12.428535,0,1,520400320162819589,2023-08-20,Cabeceiras,0,17.115723,8046,10.2857142857143,89.4285714285714,0,0,0,75.4257362857143,57.1428571428571,13.4325398571429,17.4285714285714,1,,,,,720,2016-07-10,5204003,Cabeceiras,GO,2016,28
1467504000000,201627,0.0,0,0,0,0.0,0.0,0,1,520400320162719589,2023-08-20,Cabeceiras,0,0.0,8046,14.1428571428571,82.7142857142857,0,0,0,71.2820285714286,56.2857142857143,16.170068,18.8571428571429,0,,,,,720,2016-07-03,5204003,Cabeceiras,GO,2016,27
1466899200000,201626,0.0,0,0,0,0.0,0.0,0,1,520400320162619589,2023-08-20,Cabeceiras,0,0.0,8046,12.2857142857143,88.8571428571429,0,0,0,74.8065812857143,57.2857142857143,14.41523,17.0,0,,,,,720,2016-06-26,5204003,Cabeceiras,GO,2016,26
1466294400000,201625,0.0,0,0,0,0.0,0.0,0,1,520400320162519589,2023-08-20,Cabeceiras,0,0.0,8046,11.8571428571429,94.0,0,0,0,80.1425732857143,66.1428571428571,14.3024375714286,17.2857142857143,0,,,,,720,2016-06-19,5204003,Cabeceiras,GO,2016,25
1465689600000,201624,0.0,0,0,0,0.0,0.0,0,1,520400320162419589,2023-08-20,Cabeceiras,0,0.0,8046,11.5714285714286,94.8571428571429,0,0,0,84.1095234285714,70.8571428571429,14.0441041428571,16.8571428571429,0,,,,,720,2016-06-12,5204003,Cabeceiras,GO,2016,24
1465084800000,201623,1.0,1,1,1,0.25081673,12.428535,0,1,520400320162319589,2023-08-20,Cabeceiras,0,0.50117916,8046,14.7142857142857,96.7142857142857,0,0,0,85.0391148571429,71.2857142857143,17.3015871428571,20.2857142857143,1,,,,,720,2016-06-05,5204003,Cabeceiras,GO,2016,23
1464480000000,201622,0.0,0,0,0,0.0,0.0,0,1,520400320162219589,2023-08-20,Cabeceiras,0,0.0,8046,13.0,93.1428571428571,0,0,0,81.6394545714286,68.4285714285714,15.8486394285714,18.8571428571429,0,,,,,720,2016-05-29,5204003,Cabeceiras,GO,2016,22
1463875200000,201621,2.0,2,2,2,0.29641187,24.85707,0,1,520400320162119589,2023-08-20,Cabeceiras,0,0.6437652,8046,15.4285714285714,95.7142857142857,0,0,0,82.2964865714286,67.5714285714286,18.0731294285714,20.8571428571429,1,,,,,720,2016-05-22,5204003,Cabeceiras,GO,2016,21
1463270400000,201620,4.0,4,4,4,0.7159403,49.71414,0,1,520400320162019589,2023-08-20,Cabeceiras,0,1.5224501,8046,17.8571428571429,94.0,0,0,0,85.986962,74.7142857142857,19.2891154285714,21.4285714285714,4,,,,,720,2016-05-15,5204003,Cabeceiras,GO,2016,20
1462665600000,201619,3.0,3,3,3,0.73655397,37.285606,0,1,520400320161919589,2023-08-20,Cabeceiras,0,1.7156343,8046,15.5714285714286,88.1428571428571,0,0,0,75.1598618571429,59.2857142857143,18.2619048571429,21.4285714285714,3,,,,,720,2016-05-08,5204003,Cabeceiras,GO,2016,19
1462060800000,201618,3.0,3,3,3,0.87569773,37.285606,0,1,520400320161819589,2023-08-20,Cabeceiras,0,3.012446,8046,15.4285714285714,94.0,0,0,0,81.981576,68.7142857142857,17.8897392857143,20.8571428571429,3,,,,,720,2016-05-01,5204003,Cabeceiras,GO,2016,18
1461456000000,201617,2.0,2,2,2,0.7524294,24.85707,0,1,520400320161719589,2023-08-20,Cabeceiras,0,2.0181644,8046,17.0,94.0,0,0,0,85.6716438571429,68.8571428571429,18.850505,21.7142857142857,2,,,,,720,2016-04-24,5204003,Cabeceiras,GO,2016,17
1460851200000,201616,0.0,0,0,0,0.0,0.0,0,1,520400320161619589,2023-08-20,Cabeceiras,0,0.0,8046,16.5714285714286,88.0,0,0,0,67.2322385714286,43.1428571428571,20.5540441428571,24.8571428571429,0,,,,,720,2016-04-17,5204003,Cabeceiras,GO,2016,16
1460246400000,201615,1.0,1,1,1,0.6634578,12.428535,0,1,520400320161519589,2023-08-20,Cabeceiras,0,1.6894078,8046,16.2857142857143,89.0,0,0,0,58.2568032857143,24.5714285714286,22.7471658571429,28.7142857142857,1,,,,,720,2016-04-10,5204003,Cabeceiras,GO,2016,15
1459641600000,201614,2.0,2,2,2,0.921898,24.85707,0,1,520400320161419589,2023-08-20,Cabeceiras,0,5.715059,8046,17.1428571428571,91.5714285714286,0,0,0,80.3276642857143,66.1428571428571,19.5107708571429,22.5714285714286,2,,,,,720,2016-04-03,5204003,Cabeceiras,GO,2016,14
1459036800000,201613,0.0,0,0,0,0.0,0.0,0,1,520400320161319589,2023-08-20,Cabeceiras,0,0.0,8046,16.4285714285714,96.5714285714286,0,0,0,87.1434238571429,76.0,18.3407027142857,20.5714285714286,0,,,,,720,2016-03-27,5204003,Cabeceiras,GO,2016,13
1458432000000,201612,0.0,0,0,0,0.0,0.0,0,1,520400320161219589,2023-08-20,Cabeceiras,0,0.0,8046,17.4285714285714,96.5714285714286,0,0,0,89.8616778571429,80.2857142857143,18.929705,20.8571428571429,0,,,,,720,2016-03-20,5204003,Cabeceiras,GO,2016,12
1457827200000,201611,1.0,1,1,1,0.9631786,12.428535,0,1,520400320161119589,2023-08-20,Cabeceiras,0,18.475819,8046,17.2857142857143,95.8571428571429,0,0,0,87.914682,77.1428571428571,19.1309525714286,21.5714285714286,1,,,,,720,2016-03-13,5204003,Cabeceiras,GO,2016,11
1457222400000,201610,0.0,0,0,0,0.0,0.0,0,1,520400320161019589,2023-08-20,Cabeceiras,0,0.0,8046,19.7142857142857,99.1428571428571,0,0,0,90.8820865714286,80.0,20.6164965714286,22.0,0,,,,,720,2016-03-06,5204003,Cabeceiras,GO,2016,10
1456617600000,201609,0.0,0,0,0,0.0,0.0,0,1,520400320160919589,2023-08-20,Cabeceiras,0,0.0,8046,19.0,95.7142857142857,0,0,0,88.2529098571429,76.7142857142857,20.6726508571429,22.4285714285714,0,,,,,720,2016-02-28,5204003,Cabeceiras,GO,2016,9
1456012800000,201608,0.0,0,0,0,0.0,0.0,0,1,520400320160819589,2023-08-20,Cabeceiras,0,0.0,8046,17.2857142857143,96.8571428571429,0,0,0,89.1411558571429,80.2857142857143,18.72449,20.8571428571429,0,,,,,720,2016-02-21,5204003,Cabeceiras,GO,2016,8
1455408000000,201607,0.0,0,0,0,0.0,0.0,0,1,520400320160719589,2023-08-20,Cabeceiras,0,0.0,8046,17.5714285714286,94.0,0,0,0,85.2006808571429,65.7142857142857,19.4691558571429,21.5714285714286,0,,,,,720,2016-02-14,5204003,Cabeceiras,GO,2016,7
1454803200000,201606,0.0,0,0,0,0.0,0.0,0,1,520400320160619589,2023-08-20,Cabeceiras,0,0.0,8046,18.5714285714286,94.8571428571429,0,0,0,70.5996,37.1428571428571,23.3761632857143,29.1428571428571,0,,,,,720,2016-02-07,5204003,Cabeceiras,GO,2016,6
1454198400000,201605,1.0,1,1,1,0.6177504,12.428535,0,1,520400320160519589,2023-08-20,Cabeceiras,0,1.4390478,8046,16.7142857142857,96.5714285714286,0,0,0,69.3639462857143,34.7142857142857,22.9293205714286,29.0,0,,,,,720,2016-01-31,5204003,Cabeceiras,GO,2016,5
1453593600000,201604,0.0,0,0,0,0.0,0.0,0,1,520400320160419589,2023-08-20,Cabeceiras,0,0.0,8046,19.1428571428571,97.4285714285714,0,0,0,88.2325914285714,76.2857142857143,20.553884,22.4285714285714,0,,,,,720,2016-01-24,5204003,Cabeceiras,GO,2016,4
1452988800000,201603,1.0,1,1,1,0.8145292,12.428535,0,1,520400320160319589,2023-08-20,Cabeceiras,0,3.3788157,8046,19.4285714285714,96.5714285714286,1,0,0,91.8866034285714,83.8571428571429,20.3352258571429,21.7142857142857,0,,,,,720,2016-01-17,5204003,Cabeceiras,GO,2016,3
1452384000000,201602,1.0,1,1,1,0.9632679,12.428535,0,1,520400320160219589,2023-08-20,Cabeceiras,0,18.521618,8046,19.8571428571429,96.5714285714286,1,0,0,91.8952377142857,85.0,20.4555558571429,21.7142857142857,1,,,,,720,2016-01-10,5204003,Cabeceiras,GO,2016,2
1451779200000,201601,0.0,0,0,0,0.0,0.0,0,1,520400320160119589,2023-08-20,Cabeceiras,0,0.0,8046,19.8571428571429,95.7142857142857,0,0,0,92.1944434285714,87.0,20.3042657142857,21.2857142857143,0,,,,,720,2016-01-03,5204003,Cabeceiras,GO,2016,1
1451174400000,201552,0.0,0,0,0,0.0,0.0,0,1,520400320155219589,2023-08-20,Cabeceiras,0,0.0,8046,18.7142857142857,97.4285714285714,0,0,0,88.9041938571429,79.7142857142857,19.7125842857143,21.4285714285714,0,,,,,720,2015-12-27,5204003,Cabeceiras,GO,2015,52
1450569600000,201551,0.0,0,0,0,0.0,0.0,0,1,520400320155119589,2023-08-20,Cabeceiras,0,0.0,8046,18.1428571428571,93.4285714285714,0,0,0,81.7665335714286,70.7142857142857,20.3035714285714,22.7142857142857,0,,,,,720,2015-12-20,5204003,Cabeceiras,GO,2015,51
1449964800000,201550,0.0,0,0,0,0.0,0.0,0,1,520400320155019589,2023-08-20,Cabeceiras,0,0.0,8046,18.2857142857143,93.1428571428571,0,0,0,82.9737322857143,69.8571428571429,19.9398998571429,22.1428571428571,0,,,,,720,2015-12-13,5204003,Cabeceiras,GO,2015,50
1449360000000,201549,0.0,0,0,0,0.0,0.0,0,1,520400320154919589,2023-08-20,Cabeceiras,0,0.0,8046,18.4285714285714,96.5714285714286,0,0,0,81.6306114285714,56.7142857142857,21.272789,25.7142857142857,0,,,,,720,2015-12-06,5204003,Cabeceiras,GO,2015,49
1448755200000,201548,0.0,0,0,0,0.0,0.0,0,1,520400320154819589,2023-08-20,Cabeceiras,0,0.0,8046,18.7142857142857,94.8571428571429,0,0,0,70.8344028571429,37.2857142857143,23.9021398571429,30.2857142857143,0,,,,,720,2015-11-29,5204003,Cabeceiras,GO,2015,48
1448150400000,201547,0.0,0,0,0,0.0,0.0,0,1,520400320154719589,2023-08-20,Cabeceiras,0,0.0,8046,18.7142857142857,97.4285714285714,0,0,0,77.7202051428571,37.7142857142857,22.4175107142857,29.1428571428571,0,,,,,720,2015-11-22,5204003,Cabeceiras,GO,2015,47
1447545600000,201546,0.0,0,0,0,0.0,0.0,0,1,520400320154619589,2023-08-20,Cabeceiras,0,0.0,8046,19.1428571428571,94.8571428571429,0,0,0,79.5603714285714,46.0,22.4648577142857,28.4285714285714,0,,,,,720,2015-11-15,5204003,Cabeceiras,GO,2015,46
1446940800000,201545,0.0,0,0,0,0.0,0.0,0,1,520400320154519589,2023-08-20,Cabeceiras,0,0.0,8046,17.5714285714286,82.5714285714286,0,0,0,50.3418361428571,18.0,25.0438774285714,32.5714285714286,0,,,,,720,2015-11-08,5204003,Cabeceiras,GO,2015,45
1446336000000,201544,0.0,0,0,0,0.0,0.0,0,1,520400320154419589,2023-08-20,Cabeceiras,0,0.0,8046,18.0,94.25,0,0,0,64.834939875,22.375,23.845613,31.125,0,,,,,720,2015-11-01,5204003,Cabeceiras,GO,2015,44
1445731200000,201543,0.0,0,0,0,0.0,0.0,0,1,520400320154319589,2023-08-20,Cabeceiras,0,0.0,8046,18.5714285714286,94.0,0,0,0,74.2970257142857,32.4285714285714,22.5373938571429,28.0,0,,,,,720,2015-10-25,5204003,Cabeceiras,GO,2015,43
1445126400000,201542,0.0,0,0,0,0.0,0.0,0,1,520400320154219589,2023-08-20,Cabeceiras,0,0.0,8046,17.1428571428571,77.1428571428571,0,0,0,46.4860485714286,20.1428571428571,25.4464884285714,33.2857142857143,0,,,,,720,2015-10-18,5204003,Cabeceiras,GO,2015,42
1444521600000,201541,0.0,0,0,0,0.0,0.0,0,1,520400320154119589,2023-08-20,Cabeceiras,0,0.0,8046,16.1428571428571,66.7142857142857,0,0,0,35.5308012857143,9.85714285714286,25.3737717142857,33.2857142857143,0,,,,,720,2015-10-11,5204003,Cabeceiras,GO,2015,41
1443916800000,201540,0.0,0,0,0,0.0,0.0,0,1,520400320154019589,2023-08-20,Cabeceiras,0,0.0,8046,17.5714285714286,84.0,0,0,0,50.7846942857143,20.1428571428571,24.9978081428571,32.7142857142857,0,,,,,720,2015-10-04,5204003,Cabeceiras,GO,2015,40
1443312000000,201539,0.0,0,0,0,0.0,0.0,0,1,520400320153919589,2023-08-20,Cabeceiras,0,0.0,8046,16.5714285714286,88.4285714285714,0,0,0,54.077763,20.4285714285714,23.6662562857143,31.0,0,,,,,720,2015-09-27,5204003,Cabeceiras,GO,2015,39
1442707200000,201538,0.0,0,0,0,0.0,0.0,0,1,520400320153819589,2023-08-20,Cabeceiras,0,0.0,8046,14.7142857142857,73.8571428571429,0,0,0,40.6734691428571,10.1428571428571,24.3418368571429,33.1428571428571,0,,,,,720,2015-09-20,5204003,Cabeceiras,GO,2015,38
1442102400000,201537,0.0,0,0,0,0.0,0.0,0,1,520400320153719589,2023-08-20,Cabeceiras,0,0.0,8046,16.2857142857143,84.1428571428571,0,0,0,57.0918375714286,26.2857142857143,22.607143,29.4285714285714,0,,,,,720,2015-09-13,5204003,Cabeceiras,GO,2015,37
1441497600000,201536,0.0,0,0,0,0.0,0.0,0,1,520400320153619589,2023-08-20,Cabeceiras,0,0.0,8046,17.0,81.4285714285714,0,0,0,55.8860647142857,24.2857142857143,23.6015798571429,30.8571428571429,0,,,,,720,2015-09-06,5204003,Cabeceiras,GO,2015,36
1440892800000,201535,0.0,0,0,0,0.0,0.0,0,1,520400320153519589,2023-08-20,Cabeceiras,0,0.0,8046,12.7142857142857,80.5714285714286,0,0,0,43.9671204285714,13.0,22.354308,31.2857142857143,0,,,,,720,2015-08-30,5204003,Cabeceiras,GO,2015,35
1440288000000,201534,0.0,0,0,0,0.0,0.0,0,1,520400320153419589,2023-08-20,Cabeceiras,0,0.0,8046,14.0,82.5714285714286,0,0,0,47.7384612857143,15.1428571428571,22.6258045714286,30.7142857142857,0,,,,,720,2015-08-23,5204003,Cabeceiras,GO,2015,34
1439683200000,201533,0.0,0,0,0,0.0,0.0,0,1,520400320153319589,2023-08-20,Cabeceiras,0,0.0,8046,12.7142857142857,85.5714285714286,0,0,0,53.7023218571429,17.7142857142857,20.4750174285714,28.5714285714286,0,,,,,720,2015-08-16,5204003,Cabeceiras,GO,2015,33
1439078400000,201532,0.0,0,0,0,0.0,0.0,0,1,520400320153219589,2023-08-20,Cabeceiras,0,0.0,8046,11.1428571428571,83.1428571428571,0,0,0,55.3128078571429,21.5714285714286,18.1850808571429,25.8571428571429,0,,,,,720,2015-08-09,5204003,Cabeceiras,GO,2015,32
1438473600000,201531,0.0,0,0,0,0.0,0.0,0,1,520400320153119589,2023-08-20,Cabeceiras,0,0.0,8046,9.71428571428571,83.5714285714286,0,0,0,49.9438775714286,15.0,18.7755101428571,27.2857142857143,0,,,,,720,2015-08-02,5204003,Cabeceiras,GO,2015,31
1437868800000,201530,0.0,0,0,0,0.0,0.0,0,1,520400320153019589,2023-08-20,Cabeceiras,0,0.0,8046,13.4285714285714,82.7142857142857,0,0,0,50.6590141428571,19.7142857142857,20.8265307142857,27.2857142857143,0,,,,,720,2015-07-26,5204003,Cabeceiras,GO,2015,30
1437264000000,201529,0.0,0,0,0,0.0,0.0,0,1,520400320152919589,2023-08-20,Cabeceiras,0,0.0,8046,13.0,83.1428571428571,0,0,0,55.1442867142857,24.4285714285714,19.7262584285714,26.0,0,,,,,720,2015-07-19,5204003,Cabeceiras,GO,2015,29
1436659200000,201528,0.0,0,0,0,0.0,0.0,0,1,520400320152819589,2023-08-20,Cabeceiras,0,0.0,8046,13.7142857142857,87.1428571428571,0,0,0,59.0944818571429,26.5714285714286,20.080688,26.0,0,,,,,720,2015-07-12,5204003,Cabeceiras,GO,2015,28
1436054400000,201527,0.0,0,0,0,0.0,0.0,0,1,520400320152719589,2023-08-20,Cabeceiras,0,0.0,8046,14.2857142857143,89.7142857142857,0,0,0,65.7380361428571,33.5714285714286,19.7841307142857,26.0,0,,,,,720,2015-07-05,5204003,Cabeceiras,GO,2015,27
1435449600000,201526,0.0,0,0,0,0.0,0.0,0,1,520400320152619589,2023-08-20,Cabeceiras,0,0.0,8046,12.0,85.2857142857143,0,0,0,59.876417,25.2857142857143,19.1681785714286,25.7142857142857,0,,,,,720,2015-06-28,5204003,Cabeceiras,GO,2015,26
1434844800000,201525,0.0,0,0,0,0.0,0.0,0,1,520400320152519589,2023-08-20,Cabeceiras,0,0.0,8046,12.8571428571429,88.4285714285714,0,0,0,66.1838508571429,36.2857142857143,17.8029554285714,22.7142857142857,0,,,,,720,2015-06-21,5204003,Cabeceiras,GO,2015,25
1434240000000,201524,1.0,1,1,1,0.9602243,12.428535,0,1,520400320152419589,2023-08-20,Cabeceiras,0,17.077478,8046,14.0,87.1428571428571,0,0,0,61.7091842857143,30.4285714285714,20.1428572857143,26.0,1,,,,,720,2015-06-14,5204003,Cabeceiras,GO,2015,24
1433635200000,201523,0.0,0,0,0,0.0,0.0,0,1,520400320152319589,2023-08-20,Cabeceiras,0,0.0,8046,13.2857142857143,90.5714285714286,0,0,0,64.2448971428571,31.1428571428571,19.5918364285714,25.2857142857143,0,,,,,720,2015-06-07,5204003,Cabeceiras,GO,2015,23
1433030400000,201522,0.0,0,0,0,0.0,0.0,0,1,520400320152219589,2023-08-20,Cabeceiras,0,0.0,8046,14.8571428571429,90.5714285714286,0,0,0,67.945919,36.4285714285714,19.8690475714286,25.0,0,,,,,720,2015-05-31,5204003,Cabeceiras,GO,2015,22
1432425600000,201521,0.0,0,0,0,0.0,0.0,0,1,520400320152119589,2023-08-20,Cabeceiras,0,0.0,8046,14.1428571428571,91.4285714285714,0,0,0,67.2397967142857,32.8571428571429,19.9711471428571,26.0,0,,,,,720,2015-05-24,5204003,Cabeceiras,GO,2015,21
1431820800000,201520,0.0,0,0,0,0.0,0.0,0,1,520400320152019589,2023-08-20,Cabeceiras,0,0.0,8046,15.4285714285714,92.2857142857143,0,0,0,72.6418005714286,44.7142857142857,19.2973258571429,24.0,0,,,,,720,2015-05-17,5204003,Cabeceiras,GO,2015,20
1431216000000,201519,1.0,1,1,1,0.66339487,12.428535,0,1,520400320151919589,2023-08-20,Cabeceiras,0,1.6890174,8046,15.7142857142857,93.4285714285714,0,0,0,80.1965742857143,59.2857142857143,19.0622945714286,22.8571428571429,1,,,,,720,2015-05-10,5204003,Cabeceiras,GO,2015,19
1430611200000,201518,1.0,1,1,1,0.6157408,12.428535,0,1,520400320151819589,2023-08-20,Cabeceiras,0,1.429378,8046,17.7142857142857,96.5714285714286,0,0,0,80.4563685714286,57.8571428571429,20.5177691428571,24.5714285714286,1,,,,,720,2015-05-03,5204003,Cabeceiras,GO,2015,18
1430006400000,201517,0.0,0,0,0,0.0,0.0,0,1,520400320151719589,2023-08-20,Cabeceiras,0,0.0,8046,16.8571428571429,95.7142857142857,0,0,0,80.6601361428571,54.8571428571429,20.0105428571429,24.7142857142857,0,,,,,720,2015-04-26,5204003,Cabeceiras,GO,2015,17
1429401600000,201516,1.0,1,1,1,0.63712674,12.428535,0,1,520400320151619589,2023-08-20,Cabeceiras,0,1.537639,8046,18.4285714285714,95.7142857142857,1,0,0,76.4443514285714,44.0,22.134099,27.5714285714286,1,,,,,720,2015-04-19,5204003,Cabeceiras,GO,2015,16
1428796800000,201515,1.0,1,1,1,0.50312907,12.428535,0,1,520400320151519589,2023-08-20,Cabeceiras,0,1.0090822,8046,18.4285714285714,93.1428571428571,1,0,0,75.9855337142857,48.7142857142857,21.6359731428571,26.2857142857143,1,,,,,720,2015-04-12,5204003,Cabeceiras,GO,2015,15
1428192000000,201514,0.0,0,0,0,0.0,0.0,0,1,520400320151419589,2023-08-20,Cabeceiras,0,0.0,8046,18.7142857142857,94.0,0,0,0,77.1866985714286,46.1428571428571,21.7334595714286,26.0,0,,,,,720,2015-04-05,5204003,Cabeceiras,GO,2015,14
1427587200000,201513,1.0,1,1,1,0.50317574,12.428535,0,1,520400320151319589,2023-08-20,Cabeceiras,0,1.0092186,8046,18.2857142857143,96.5714285714286,1,0,0,75.3332528571429,37.0,22.202622,27.8571428571429,0,,,,,720,2015-03-29,5204003,Cabeceiras,GO,2015,13
1426982400000,201512,2.0,2,2,2,0.8598159,24.85707,0,1,520400320151219589,2023-08-20,Cabeceiras,0,3.3788157,8046,17.7142857142857,95.7142857142857,0,0,0,80.8270671428571,48.2857142857143,21.0986725714286,25.5714285714286,0,,,,,720,2015-03-22,5204003,Cabeceiras,GO,2015,12
1426377600000,201511,1.0,1,1,1,0.730556,12.428535,0,1,520400320151119589,2023-08-20,Cabeceiras,0,2.207831,8046,17.2857142857143,98.2857142857143,0,0,0,84.3561707142857,61.0,19.6327768571429,23.8571428571429,0,,,,,720,2015-03-15,5204003,Cabeceiras,GO,2015,11
1425772800000,201510,0.0,0,0,0,0.0,0.0,0,1,520400320151019589,2023-08-20,Cabeceiras,0,0.0,8046,17.8571428571429,97.4285714285714,0,0,0,81.830273,42.8571428571429,20.7808065714286,25.0,0,,,,,720,2015-03-08,5204003,Cabeceiras,GO,2015,10
1425168000000,201509,1.0,1,1,1,0.9631786,12.428535,0,1,520400320150919589,2023-08-20,Cabeceiras,0,18.47582,8046,17.7142857142857,94.8571428571429,0,0,0,77.6841821428571,53.5714285714286,21.1905647142857,26.1428571428571,1,,,,,720,2015-03-01,5204003,Cabeceiras,GO,2015,9
1424563200000,201508,0.0,0,0,0,0.0,0.0,0,1,520400320150819589,2023-08-20,Cabeceiras,0,0.0,8046,18.4285714285714,91.5714285714286,0,0,0,71.7595595714286,43.1428571428571,22.0693454285714,26.8571428571429,0,,,,,720,2015-02-22,5204003,Cabeceiras,GO,2015,8
1423958400000,201507,0.0,0,0,0,0.0,0.0,0,1,520400320150719589,2023-08-20,Cabeceiras,0,0.0,8046,18.4285714285714,90.4285714285714,0,0,0,73.3940567142857,41.8571428571429,21.562666,25.8571428571429,0,,,,,720,2015-02-15,5204003,Cabeceiras,GO,2015,7
1423353600000,201506,0.0,0,0,0,0.0,0.0,0,1,520400320150619589,2023-08-20,Cabeceiras,0,0.0,8046,18.0,90.5714285714286,0,0,0,67.802691,41.1428571428571,22.5324597142857,27.4285714285714,0,,,,,720,2015-02-08,5204003,Cabeceiras,GO,2015,6
1422748800000,201505,0.0,0,0,0,0.0,0.0,0,1,520400320150519589,2023-08-20,Cabeceiras,0,0.0,8046,18.0,88.5714285714286,0,0,0,70.6312791428571,46.4285714285714,21.8600745714286,26.0,0,,,,,720,2015-02-01,5204003,Cabeceiras,GO,2015,5
1422144000000,201504,0.0,0,0,0,0.0,0.0,0,1,520400320150419589,2023-08-20,Cabeceiras,0,0.0,8046,17.7142857142857,94.8571428571429,0,0,0,72.687755,46.0,21.8853057142857,27.1428571428571,0,,,,,720,2015-01-25,5204003,Cabeceiras,GO,2015,4
1421539200000,201503,1.0,1,1,1,0.9632679,12.428535,0,1,520400320150319589,2023-08-20,Cabeceiras,0,18.521618,8046,18.4285714285714,83.2857142857143,0,0,0,60.6201637142857,31.2857142857143,23.1567552857143,29.1428571428571,1,,,,,720,2015-01-18,5204003,Cabeceiras,GO,2015,3
1420934400000,201502,0.0,0,0,0,0.0,0.0,0,1,520400320150219589,2023-08-20,Cabeceiras,0,0.0,8046,18.5714285714286,77.1428571428571,0,0,0,50.7448981428571,21.5714285714286,24.6224488571429,30.0,0,,,,,720,2015-01-11,5204003,Cabeceiras,GO,2015,2
1420329600000,201501,0.0,0,0,0,0.0,0.0,0,1,520400320150119589,2023-08-20,Cabeceiras,0,0.0,8046,18.5714285714286,81.2857142857143,0,0,0,58.0342871428571,27.2857142857143,24.0890255714286,30.1428571428571,0,,,,,720,2015-01-04,5204003,Cabeceiras,GO,2015,1
1419724800000,201453,0.0,0,0,0,0.0,0.0,0,1,520400320145319589,2023-08-20,Cabeceiras,0,0.0,8046,19.5714285714286,79.2857142857143,0,0,0,56.4904285714286,28.0,25.3328994285714,31.2857142857143,0,,,,,720,2014-12-28,5204003,Cabeceiras,GO,2014,53
1419120000000,201452,0.0,0,0,0,0.0,0.0,0,1,520400320145219589,2023-08-20,Cabeceiras,0,0.0,8046,20.2857142857143,85.2857142857143,0,0,0,67.0388671428571,38.7142857142857,24.0076002857143,28.2857142857143,0,,,,,720,2014-12-21,5204003,Cabeceiras,GO,2014,52
1418515200000,201451,0.0,0,0,0,0.0,0.0,0,1,520400320145119589,2023-08-20,Cabeceiras,0,0.0,8046,20.2857142857143,91.5714285714286,0,0,0,76.6791265714286,48.1428571428571,23.1513462857143,27.5714285714286,0,,,,,720,2014-12-14,5204003,Cabeceiras,GO,2014,51
1417910400000,201450,0.0,0,0,0,0.0,0.0,0,1,520400320145019589,2023-08-20,Cabeceiras,0,0.0,8046,19.7142857142857,87.4285714285714,0,0,0,75.6467557142857,51.5714285714286,21.6147557142857,25.1428571428571,0,,,,,720,2014-12-07,5204003,Cabeceiras,GO,2014,50
1417305600000,201449,0.0,0,0,0,0.0,0.0,0,1,520400320144919589,2023-08-20,Cabeceiras,0,0.0,8046,19.5714285714286,87.2857142857143,0,0,0,70.9073905714286,44.1428571428571,22.5436531428571,27.0,0,,,,,720,2014-11-30,5204003,Cabeceiras,GO,2014,49
1416700800000,201448,0.0,0,0,0,0.0,0.0,0,1,520400320144819589,2023-08-20,Cabeceiras,0,0.0,8046,19.7142857142857,90.7142857142857,0,0,0,73.7014085714286,38.2857142857143,22.7467577142857,27.5714285714286,0,,,,,720,2014-11-23,5204003,Cabeceiras,GO,2014,48
1416096000000,201447,0.0,0,0,0,0.0,0.0,0,1,520400320144719589,2023-08-20,Cabeceiras,0,0.0,8046,20.0,80.1428571428571,0,0,0,62.0314897142857,35.5714285714286,23.9725545714286,29.0,0,,,,,720,2014-11-16,5204003,Cabeceiras,GO,2014,47
1415491200000,201446,0.0,0,0,0,0.0,0.0,0,1,520400320144619589,2023-08-20,Cabeceiras,0,0.0,8046,20.4285714285714,85.1428571428571,0,0,0,69.7232632857143,41.0,23.4804765714286,27.8571428571429,0,,,,,720,2014-11-09,5204003,Cabeceiras,GO,2014,46
1414886400000,201445,0.0,0,0,0,0.0,0.0,0,1,520400320144519589,2023-08-20,Cabeceiras,0,0.0,8046,20.4285714285714,81.5714285714286,0,0,0,59.1109688571429,26.5714285714286,24.9634501428571,30.8571428571429,0,,,,,720,2014-11-02,5204003,Cabeceiras,GO,2014,45
1414281600000,201444,0.0,0,0,0,0.0,0.0,0,1,520400320144419589,2023-08-20,Cabeceiras,0,0.0,8046,18.7142857142857,86.7142857142857,0,0,0,69.1197214285714,40.7142857142857,22.9397954285714,28.4285714285714,0,,,,,720,2014-10-26,5204003,Cabeceiras,GO,2014,44
1413676800000,201443,0.0,0,0,0,0.0,0.0,0,1,520400320144319589,2023-08-20,Cabeceiras,0,0.0,8046,21.0,71.1428571428571,0,0,0,51.6806957142857,24.8571428571429,25.3099822857143,30.5714285714286,0,,,,,720,2014-10-19,5204003,Cabeceiras,GO,2014,43
1413072000000,201442,0.0,0,0,0,0.0,0.0,0,1,520400320144219589,2023-08-20,Cabeceiras,0,0.0,8046,18.8571428571429,56.1428571428571,0,0,0,29.4879067142857,8.57142857142857,27.5274,34.7142857142857,0,,,,,720,2014-10-12,5204003,Cabeceiras,GO,2014,42
1412467200000,201441,0.0,0,0,0,0.0,0.0,0,1,520400320144119589,2023-08-20,Cabeceiras,0,0.0,8046,17.5714285714286,54.2857142857143,0,0,0,33.6224492857143,11.5714285714286,24.1836735714286,30.4285714285714,0,,,,,720,2014-10-05,5204003,Cabeceiras,GO,2014,41
1411862400000,201440,0.0,0,0,0,0.0,0.0,0,1,520400320144019589,2023-08-20,Cabeceiras,0,0.0,8046,20.2857142857143,68.8571428571429,0,0,0,47.508461,20.8571428571429,25.6130834285714,31.8571428571429,0,,,,,720,2014-09-28,5204003,Cabeceiras,GO,2014,40
1411257600000,201439,0.0,0,0,0,0.0,0.0,0,1,520400320143919589,2023-08-20,Cabeceiras,0,0.0,8046,21.1428571428571,69.0,0,0,0,46.7214994285714,19.7142857142857,26.0149544285714,31.7142857142857,0,,,,,720,2014-09-21,5204003,Cabeceiras,GO,2014,39
1410652800000,201438,0.0,0,0,0,0.0,0.0,0,1,520400320143819589,2023-08-20,Cabeceiras,0,0.0,8046,18.2857142857143,62.1428571428571,0,0,0,33.3552531428571,10.7142857142857,26.3418368571429,32.8571428571429,0,,,,,720,2014-09-14,5204003,Cabeceiras,GO,2014,38
1410048000000,201437,0.0,0,0,0,0.0,0.0,0,1,520400320143719589,2023-08-20,Cabeceiras,0,0.0,8046,16.2857142857143,57.0,0,0,0,35.1071425714286,12.4285714285714,23.2499997142857,29.5714285714286,0,,,,,720,2014-09-07,5204003,Cabeceiras,GO,2014,37
1409443200000,201436,0.0,0,0,0,0.0,0.0,0,1,520400320143619589,2023-08-20,Cabeceiras,0,0.0,8046,19.4285714285714,73.0,0,0,0,47.2049047142857,20.4285714285714,24.8238971428571,30.8571428571429,0,,,,,720,2014-08-31,5204003,Cabeceiras,GO,2014,36
1408838400000,201435,0.0,0,0,0,0.0,0.0,0,1,520400320143519589,2023-08-20,Cabeceiras,0,0.0,8046,16.4285714285714,60.4285714285714,0,0,0,34.8724491428571,10.1428571428571,24.3877548571429,31.5714285714286,0,,,,,720,2014-08-24,5204003,Cabeceiras,GO,2014,35
1408233600000,201434,0.0,0,0,0,0.0,0.0,0,1,520400320143419589,2023-08-20,Cabeceiras,0,0.0,8046,13.8571428571429,71.2857142857143,0,0,0,41.7519352857143,14.0,21.7931032857143,28.4285714285714,0,,,,,720,2014-08-17,5204003,Cabeceiras,GO,2014,34
1407628800000,201433,0.0,0,0,0,0.0,0.0,0,1,520400320143319589,2023-08-20,Cabeceiras,0,0.0,8046,13.8571428571429,71.0,0,0,0,40.5595781428571,14.4285714285714,21.5458335714286,28.2857142857143,0,,,,,720,2014-08-10,5204003,Cabeceiras,GO,2014,33
1407024000000,201432,0.0,0,0,0,0.0,0.0,0,1,520400320143219589,2023-08-20,Cabeceiras,0,0.0,8046,14.1428571428571,68.0,0,0,0,40.7653051428571,13.2857142857143,21.5969388571429,28.2857142857143,0,,,,,720,2014-08-03,5204003,Cabeceiras,GO,2014,32
1406419200000,201431,0.0,0,0,0,0.0,0.0,0,1,520400320143119589,2023-08-20,Cabeceiras,0,0.0,8046,14.8571428571429,80.8571428571429,0,0,0,60.4843962857143,35.7142857142857,19.6590917142857,25.1428571428571,0,,,,,720,2014-07-27,5204003,Cabeceiras,GO,2014,31
1405814400000,201430,1.0,1,1,1,0.81164926,12.428535,0,1,520400320143019589,2023-08-20,Cabeceiras,0,3.3214686,8046,15.5714285714286,77.8571428571429,0,0,0,55.2837485714286,28.8571428571429,20.8577097142857,26.4285714285714,1,,,,,720,2014-07-20,5204003,Cabeceiras,GO,2014,30
1405209600000,201429,1.0,1,1,1,0.9132298,12.428535,0,1,520400320142919589,2023-08-20,Cabeceiras,0,7.636494,8046,13.5714285714286,77.8571428571429,0,0,0,50.6938775714286,19.4285714285714,20.357143,27.0,1,,,,,720,2014-07-13,5204003,Cabeceiras,GO,2014,29
1404604800000,201428,0.0,0,0,0,0.0,0.0,0,1,520400320142819589,2023-08-20,Cabeceiras,0,0.0,8046,14.5714285714286,74.5714285714286,0,0,0,50.923469,21.8571428571429,20.8520405714286,26.1428571428571,0,,,,,720,2014-07-06,5204003,Cabeceiras,GO,2014,28
1404000000000,201427,0.0,0,0,0,0.0,0.0,0,1,520400320142719589,2023-08-20,Cabeceiras,0,0.0,8046,13.1428571428571,77.4285714285714,0,0,0,48.0728351428571,17.4285714285714,20.9090431428571,27.8571428571429,0,,,,,720,2014-06-29,5204003,Cabeceiras,GO,2014,27
1403395200000,201426,0.0,0,0,0,0.0,0.0,0,1,520400320142619589,2023-08-20,Cabeceiras,0,0.0,8046,13.2857142857143,80.8571428571429,0,0,0,54.574489,24.1428571428571,19.9792517142857,26.5714285714286,0,,,,,720,2014-06-22,5204003,Cabeceiras,GO,2014,26
1402790400000,201425,1.0,1,1,1,0.03207021,12.428535,0,1,520400320142519589,2023-08-20,Cabeceiras,0,0.20150636,8046,15.7142857142857,81.2857142857143,0,0,0,59.2356225714286,28.2857142857143,21.2226344285714,26.5714285714286,1,,,,,720,2014-06-15,5204003,Cabeceiras,GO,2014,25
1402185600000,201424,5.0,5,5,5,0.50906575,62.14268,0,1,520400320142419589,2023-08-20,Cabeceiras,0,1.0139221,8046,15.7142857142857,78.2857142857143,0,0,1,57.1260028571429,28.7142857142857,21.0147077142857,26.4285714285714,5,,,,,720,2014-06-08,5204003,Cabeceiras,GO,2014,24
1401580800000,201423,6.0,6,6,6,0.6962991,74.57121,0,1,520400320142319589,2023-08-20,Cabeceiras,0,1.3601141,8046,16.8571428571429,81.4285714285714,0,0,1,61.0873571428571,30.0,21.9909217142857,27.7142857142857,6,,,,,720,2014-06-01,5204003,Cabeceiras,GO,2014,23
1400976000000,201422,4.0,4,4,4,0.6779928,49.71414,0,1,520400320142219589,2023-08-20,Cabeceiras,0,1.3963481,8046,16.1428571428571,79.0,0,0,0,58.0800491428571,28.8571428571429,21.9535537142857,28.1428571428571,3,,,,,720,2014-05-25,5204003,Cabeceiras,GO,2014,22
1400371200000,201421,6.0,6,6,6,0.9828661,74.57121,0,1,520400320142119589,2023-08-20,Cabeceiras,0,5.715059,8046,18.0,81.2857142857143,0,1,1,57.814059,28.7142857142857,23.2891152857143,28.5714285714286,4,,,,,720,2014-05-18,5204003,Cabeceiras,GO,2014,21
1399766400000,201420,3.0,3,3,3,0.9872154,37.285606,0,1,520400320142019589,2023-08-20,Cabeceiras,0,18.521618,8046,15.7142857142857,79.2857142857143,0,0,0,56.2071052857143,28.1428571428571,21.6887757142857,27.1428571428571,2,,,,,720,2014-05-11,5204003,Cabeceiras,GO,2014,20
1399161600000,201419,0.0,0,0,0,0.0,0.0,0,1,520400320141919589,2023-08-20,Cabeceiras,0,0.0,8046,17.0,81.7142857142857,0,0,0,58.8106048571429,30.4285714285714,22.5957138571429,27.8571428571429,0,,,,,720,2014-05-04,5204003,Cabeceiras,GO,2014,19
1398556800000,201418,0.0,0,0,0,0.0,0.0,0,1,520400320141819589,2023-08-20,Cabeceiras,0,0.0,8046,14.5714285714286,80.4285714285714,0,0,0,58.2117348571429,29.1428571428571,20.994898,27.0,0,,,,,720,2014-04-27,5204003,Cabeceiras,GO,2014,18
1397952000000,201417,0.0,0,0,0,0.0,0.0,0,1,520400320141719589,2023-08-20,Cabeceiras,0,0.0,8046,19.4285714285714,83.0,0,0,0,70.4458207142857,42.1428571428571,23.1601132857143,27.8571428571429,0,,,,,720,2014-04-20,5204003,Cabeceiras,GO,2014,17
1397347200000,201416,0.0,0,0,0,0.0,0.0,0,1,520400320141619589,2023-08-20,Cabeceiras,0,0.0,8046,20.0,85.2857142857143,0,0,0,65.1334474285714,34.5714285714286,24.4886325714286,29.0,0,,,,,720,2014-04-13,5204003,Cabeceiras,GO,2014,16
1396742400000,201415,0.0,0,0,0,0.0,0.0,0,1,520400320141519589,2023-08-20,Cabeceiras,0,0.0,8046,20.5714285714286,88.2857142857143,0,0,0,70.485928,37.1428571428571,24.0806597142857,29.1428571428571,0,,,,,720,2014-04-06,5204003,Cabeceiras,GO,2014,15
1396137600000,201414,0.0,0,0,0,0.0,0.0,0,1,520400320141419589,2023-08-20,Cabeceiras,0,0.0,8046,20.1428571428571,89.2857142857143,0,0,0,74.6359222857143,46.0,23.0129837142857,28.0,0,,,,,720,2014-03-30,5204003,Cabeceiras,GO,2014,14
1395532800000,201413,0.0,0,0,0,0.0,0.0,0,1,520400320141319589,2023-08-20,Cabeceiras,0,0.0,8046,19.8571428571429,90.8571428571429,0,0,0,77.2736085714286,45.8571428571429,22.1759181428571,26.7142857142857,0,,,,,720,2014-03-23,5204003,Cabeceiras,GO,2014,13
1394928000000,201412,0.0,0,0,0,0.0,0.0,0,1,520400320141219589,2023-08-20,Cabeceiras,0,0.0,8046,19.5714285714286,85.2857142857143,0,0,0,67.9831368571429,38.7142857142857,23.3476074285714,29.2857142857143,0,,,,,720,2014-03-16,5204003,Cabeceiras,GO,2014,12
1394323200000,201411,0.0,0,0,0,0.0,0.0,0,1,520400320141119589,2023-08-20,Cabeceiras,0,0.0,8046,19.8571428571429,83.8571428571429,0,0,0,63.4616961428571,34.4285714285714,24.1478344285714,28.8571428571429,0,,,,,720,2014-03-09,5204003,Cabeceiras,GO,2014,11
1393718400000,201410,0.0,0,0,0,0.0,0.0,0,1,520400320141019589,2023-08-20,Cabeceiras,0,0.0,8046,19.8571428571429,89.7142857142857,0,0,0,74.45122,44.5714285714286,23.0490265714286,27.5714285714286,0,,,,,720,2014-03-02,5204003,Cabeceiras,GO,2014,10
1393113600000,201409,1.0,1,1,1,0.59505916,12.428535,0,1,520400320140919589,2023-08-20,Cabeceiras,0,1.3353008,8046,19.2857142857143,83.0,0,0,0,64.8678975714286,38.8571428571429,23.6188598571429,28.4285714285714,0,,,,,720,2014-02-23,5204003,Cabeceiras,GO,2014,9
1392508800000,201408,1.0,1,1,1,0.6887573,12.428535,0,1,520400320140819589,2023-08-20,Cabeceiras,0,1.8589696,8046,19.1428571428571,92.4285714285714,1,0,0,76.7170394285714,51.0,22.0341674285714,26.4285714285714,0,,,,,720,2014-02-16,5204003,Cabeceiras,GO,2014,8
1391904000000,201407,1.0,1,1,1,0.730556,12.428535,0,1,520400320140719589,2023-08-20,Cabeceiras,0,2.207831,8046,18.1428571428571,89.4285714285714,1,0,0,64.5335765714286,38.1428571428571,23.330237,28.4285714285714,0,,,,,720,2014-02-09,5204003,Cabeceiras,GO,2014,7
1391299200000,201406,0.0,0,0,0,0.0,0.0,0,1,520400320140619589,2023-08-20,Cabeceiras,0,0.0,8046,18.4285714285714,77.8571428571429,0,0,0,50.6020405714286,21.7142857142857,24.4540815714286,30.1428571428571,0,,,,,720,2014-02-02,5204003,Cabeceiras,GO,2014,6
1390694400000,201405,1.0,1,1,1,0.9632679,12.428535,0,1,520400320140519589,2023-08-20,Cabeceiras,0,18.521618,8046,18.5714285714286,79.5714285714286,0,0,0,59.0306118571429,32.8571428571429,23.2653058571429,28.5714285714286,1,,,,,720,2014-01-26,5204003,Cabeceiras,GO,2014,5
1390089600000,201404,0.0,0,0,0,0.0,0.0,0,1,520400320140419589,2023-08-20,Cabeceiras,0,0.0,8046,18.1428571428571,93.1428571428571,0,0,0,74.4857485714286,36.5714285714286,21.7493897142857,27.1428571428571,0,,,,,720,2014-01-19,5204003,Cabeceiras,GO,2014,4
1389484800000,201403,0.0,0,0,0,0.0,0.0,0,1,520400320140319589,2023-08-20,Cabeceiras,0,0.0,8046,19.0,84.8571428571429,0,0,0,61.93049,32.1428571428571,23.8968517142857,29.8571428571429,0,,,,,720,2014-01-12,5204003,Cabeceiras,GO,2014,3
1388880000000,201402,0.0,0,0,0,0.0,0.0,0,1,520400320140219589,2023-08-20,Cabeceiras,0,0.0,8046,18.2857142857143,83.8571428571429,0,0,0,55.7462791428571,25.7142857142857,24.1043958571429,29.7142857142857,0,,,,,720,2014-01-05,5204003,Cabeceiras,GO,2014,2
1388275200000,201401,0.0,0,0,0,0.0,0.0,0,1,520400320140119589,2023-08-20,Cabeceiras,0,0.0,8046,18.5714285714286,89.8571428571429,0,0,0,65.0826708571429,34.4285714285714,24.1233797142857,29.8571428571429,0,,,,,720,2013-12-29,5204003,Cabeceiras,GO,2014,1
