data_iniSE,se_codigo,casos_est,casos_est_min,casos_est_max,casos,p_rt1,p_inc100k,Localidade_id,nivel,id,versao_modelo,municipio_nome,tweet,Rt,pop,tempmin,umidmax,receptivo,transmissao,nivel_inc,umidmed,umidmin,tempmed,tempmax,casprov,casprov_est,casprov_est_min,casprov_est_max,casconf,notif_accum_year,data_ini_se,cod_ibge,municipio,uf,ano,semana
1786233600000,202632,0.0,0,0,0,0.0,0.0,0,1,521730220263220683,2026-08-18,Pirenópolis,,0.0,26598,0.0,0.0,0,0,0,0.0,0.0,0.0,0.0,0,,,,,7784,2026-08-09,5217302,Pirenopolis,GO,2026,32
1785628800000,202631,0.0,0,0,0,0.0,0.0,0,1,521730220263120683,2026-08-18,Pirenópolis,,0.0,26598,18.5396833333333,35.16595,0,0,0,32.5470333333333,29.9401,19.45265,20.45845,0,,,,,7784,2026-08-02,5217302,Pirenopolis,GO,2026,31
1785024000000,202630,2.0,2,2,2,0.29684275,7.5193624,0,1,521730220263020683,2026-08-18,Pirenópolis,,0.6443711,26598,23.9249428571429,39.0847714285714,0,0,0,39.0847714285714,39.0847714285714,23.9249428571429,23.9249428571429,2,,,,,7784,2026-07-26,5217302,Pirenopolis,GO,2026,30
1784419200000,202629,3.0,3,3,3,0.4942179,11.279043,0,1,521730220262920683,2026-08-18,Pirenópolis,,0.98905355,26598,22.1768714285714,45.1705142857143,0,0,0,45.1705142857143,45.1705142857143,22.1768714285714,22.1768714285714,3,,,,,7784,2026-07-19,5217302,Pirenopolis,GO,2026,29
1783814400000,202628,4.0,4,4,4,0.48855045,15.038725,0,1,521730220262820683,2026-08-18,Pirenópolis,,0.9810075,26598,22.4131142857143,49.8174428571429,0,0,0,49.8174428571429,49.8174428571429,22.4131142857143,22.4131142857143,4,,,,,7784,2026-07-12,5217302,Pirenopolis,GO,2026,28
1783209600000,202627,2.0,2,2,2,0.032320503,7.5193624,0,1,521730220262720683,2026-08-18,Pirenópolis,,0.27994442,26598,22.3185142857143,47.1283571428571,0,0,0,47.1283571428571,47.1283571428571,22.3185142857143,22.3185142857143,1,,,,,7784,2026-07-05,5217302,Pirenopolis,GO,2026,27
1782604800000,202626,3.0,3,3,3,0.009589342,11.279043,0,1,521730220262620683,2026-08-18,Pirenópolis,,0.2657614,26598,21.1788857142857,53.1974571428571,0,0,0,53.1974571428571,53.1974571428571,21.1788857142857,21.1788857142857,3,,,,,7784,2026-06-28,5217302,Pirenopolis,GO,2026,26
1782000000000,202625,6.0,6,6,6,0.044748697,22.558086,0,1,521730220262520683,2026-08-18,Pirenópolis,,0.45530218,26598,22.2114714285714,62.6387571428571,0,0,1,62.6387571428571,62.6387571428571,22.2114714285714,22.2114714285714,6,,,,,7784,2026-06-21,5217302,Pirenopolis,GO,2026,25
1781395200000,202624,12.0,12,12,12,0.5239833,45.116173,0,1,521730220262420683,2026-08-18,Pirenópolis,,1.024572,26598,21.9489285714286,65.8986714285714,0,0,1,65.8986714285714,65.8986714285714,21.9489285714286,21.9489285714286,12,,,,,7784,2026-06-14,5217302,Pirenopolis,GO,2026,24
1780790400000,202623,18.0,18,18,18,0.90257543,67.67426,0,1,521730220262320683,2026-08-18,Pirenópolis,,1.6162872,26598,18.6380857142857,71.5932857142857,0,0,1,65.6015428571429,58.4417857142857,20.3188285714286,22.4075285714286,18,,,,,7784,2026-06-07,5217302,Pirenopolis,GO,2026,23
1780185600000,202622,9.0,9,9,9,0.14180198,33.83713,0,1,521730220262220683,2026-08-18,Pirenópolis,,0.64142966,26598,16.8822142857143,73.7371285714286,0,0,1,55.7067714285714,36.5764142857143,21.6006428571429,26.8030142857143,9,,,,,7784,2026-05-31,5217302,Pirenopolis,GO,2026,22
1779580800000,202621,10.0,10,10,10,0.06149179,37.596813,0,1,521730220262120683,2026-08-18,Pirenópolis,,0.55624753,26598,19.0346285714286,79.5188857142857,0,0,1,60.9063714285714,40.9859571428571,23.1236571428571,27.6309857142857,9,,,,,7784,2026-05-24,5217302,Pirenopolis,GO,2026,21
1778976000000,202620,11.0,11,11,11,0.104333654,41.35649,0,1,521730220262020683,2026-08-18,Pirenópolis,,0.62523323,26598,20.0392571428571,80.6630428571429,0,0,1,62.7026142857143,41.6488571428571,23.9934142857143,28.6003428571429,10,,,,,7784,2026-05-17,5217302,Pirenopolis,GO,2026,20
1778371200000,202619,23.0,23,23,23,0.8964243,86.472664,0,4,521730220261920683,2026-08-18,Pirenópolis,,1.5027696,26598,18.0703,82.8821571428571,0,0,2,63.7614,40.5094714285714,23.1910714285714,28.5746428571429,14,,,,,7784,2026-05-10,5217302,Pirenopolis,GO,2026,19
1777766400000,202618,21.0,21,21,21,0.77246535,78.95331,0,1,521730220261820683,2026-08-18,Pirenópolis,,1.2740302,26598,22.8607,60.2710428571429,0,0,2,60.2710428571429,60.2710428571429,22.8607,22.8607,13,,,,,7784,2026-05-03,5217302,Pirenopolis,GO,2026,18
1777161600000,202617,8.0,8,8,8,0.029569592,30.07745,0,1,521730220261720683,2026-08-18,Pirenópolis,,0.4650652,26598,23.0274571428571,65.4001857142857,0,0,1,65.4001857142857,65.4001857142857,23.0274571428571,23.0274571428571,4,,,,,7784,2026-04-26,5217302,Pirenopolis,GO,2026,17
1776556800000,202616,19.0,19,19,19,0.77529734,71.433945,0,2,521730220261620683,2026-08-18,Pirenópolis,,1.2950479,26598,18.7839428571429,86.2081,1,0,1,69.0716428571429,46.9104285714286,23.3782714285714,28.1258857142857,17,,,,,7784,2026-04-19,5217302,Pirenopolis,GO,2026,16
1775952000000,202615,21.0,21,21,21,0.934166,78.95331,0,2,521730220261520683,2026-08-18,Pirenópolis,,1.6879728,26598,19.3346,88.4063571428571,1,0,2,74.7219857142857,56.5969,23.0230142857143,27.2876714285714,19,,,,,7784,2026-04-12,5217302,Pirenopolis,GO,2026,15
1775347200000,202614,13.0,13,13,13,0.53593445,48.875854,0,2,521730220261420683,2026-08-18,Pirenópolis,,1.035734,26598,19.6738142857143,92.9614142857143,1,0,1,79.4823857142857,57.3761428571429,23.3981285714286,28.1836571428571,13,,,,,7784,2026-04-05,5217302,Pirenopolis,GO,2026,14
1774742400000,202613,11.0,11,11,11,0.30166033,41.35649,0,2,521730220261320683,2026-08-18,Pirenópolis,,0.8131551,26598,18.9625,88.9884857142857,1,0,1,76.9646571428571,59.1021857142857,22.5477,27.0875428571429,10,,,,,7784,2026-03-29,5217302,Pirenopolis,GO,2026,13
1774137600000,202612,12.0,12,12,12,0.3288776,45.116173,0,2,521730220261220683,2026-08-18,Pirenópolis,,0.84319115,26598,19.1351,93.5347285714286,1,0,1,79.9306428571429,60.8462,22.6203571428571,26.8578428571429,11,,,,,7784,2026-03-22,5217302,Pirenopolis,GO,2026,12
1773532800000,202611,15.0,15,15,15,0.46247277,56.395218,0,2,521730220261120683,2026-08-18,Pirenópolis,,0.9669129,26598,19.9679285714286,96.9457714285714,1,0,1,83.3268714285714,62.4280714285714,23.0353285714286,27.2935714285714,14,,,,,7784,2026-03-15,5217302,Pirenopolis,GO,2026,11
1772928000000,202610,13.0,13,13,13,0.29318735,48.875854,0,2,521730220261020683,2026-08-18,Pirenópolis,,0.8186718,26598,19.8950714285714,95.7763285714286,1,0,1,82.7418714285714,63.3457714285714,23.2532,27.7163714285714,12,,,,,7784,2026-03-08,5217302,Pirenopolis,GO,2026,10
1772323200000,202609,15.0,15,15,15,0.64130455,56.395218,0,2,521730220260920683,2026-08-18,Pirenópolis,,1.1441576,26598,19.8829714285714,94.8569142857143,1,0,1,78.5654285714286,59.5525428571429,23.3990428571429,27.5988428571429,15,,,,,7784,2026-03-01,5217302,Pirenopolis,GO,2026,9
1771718400000,202608,20.0,20,20,20,0.96995044,75.19363,0,2,521730220260820683,2026-08-18,Pirenópolis,,2.0086424,26598,19.5177285714286,98.0228571428571,1,1,2,90.1512285714286,76.4429285714286,21.3653285714286,24.5101714285714,19,,,,,7784,2026-02-22,5217302,Pirenopolis,GO,2026,8
1771113600000,202607,13.0,13,13,13,0.8071991,48.875854,0,2,521730220260720683,2026-08-18,Pirenópolis,,1.4416466,26598,19.6264857142857,91.7007857142857,1,0,1,76.9800857142857,59.7337285714286,23.3472714285714,27.4998,12,,,,,7784,2026-02-15,5217302,Pirenopolis,GO,2026,7
1770508800000,202606,7.0,7,7,7,0.29982263,26.317768,0,2,521730220260620683,2026-08-18,Pirenópolis,,0.7738825,26598,19.1048571428571,95.4832142857143,1,0,1,80.8687714285714,61.9475571428571,22.3466571428571,26.2442428571429,7,,,,,7784,2026-02-08,5217302,Pirenopolis,GO,2026,6
1769904000000,202605,10.0,10,10,10,0.48146507,37.596813,0,2,521730220260520683,2026-08-18,Pirenópolis,,0.9799477,26598,19.7554,96.8116142857143,1,0,1,86.2715142857143,69.1430428571429,22.2582571428571,25.8241857142857,10,,,,,7784,2026-02-01,5217302,Pirenopolis,GO,2026,5
1769299200000,202604,9.0,9,9,9,0.25811026,33.83713,0,1,521730220260420683,2026-08-18,Pirenópolis,,0.756038,26598,19.5008285714286,94.1770714285714,1,0,1,79.5442428571429,57.5173142857143,23.2994714285714,28.1973857142857,9,,,,,7784,2026-01-25,5217302,Pirenopolis,GO,2026,4
1768694400000,202603,7.0,7,7,7,0.15896249,26.317768,0,1,521730220260320683,2026-08-18,Pirenópolis,,0.6285965,26598,19.3720714285714,96.2561571428571,1,0,1,87.4039714285714,76.9935,21.6321285714286,24.4299285714286,6,,,,,7784,2026-01-18,5217302,Pirenopolis,GO,2026,3
1768089600000,202602,17.0,17,17,17,0.9338442,63.91458,0,1,521730220260220683,2026-08-18,Pirenópolis,,1.8009288,26598,19.9456285714286,85.9952142857143,0,0,1,68.7525428571429,47.3607714285714,24.0786857142857,28.8633285714286,17,,,,,7784,2026-01-11,5217302,Pirenopolis,GO,2026,2
1767484800000,202601,10.0,10,10,10,0.61380607,37.596813,0,2,521730220260120683,2026-08-18,Pirenópolis,,1.1396282,26598,19.4486428571429,94.1802285714286,1,0,1,82.6830714285714,65.6541142857143,22.0576571428571,25.4340142857143,10,,,,,7784,2026-01-04,5217302,Pirenopolis,GO,2026,1
1766880000000,202553,9.0,9,9,9,0.54560304,33.83713,0,2,521730220255320683,2026-08-18,Pirenópolis,,1.0548917,26598,20.4990428571429,92.1157428571429,1,0,1,75.9242571428571,56.0664571428571,24.6103857142857,29.1773,9,,,,,7784,2025-12-28,5217302,Pirenopolis,GO,2025,53
1766275200000,202552,8.0,8,8,8,0.59817916,30.07745,0,2,521730220255220683,2026-08-18,Pirenópolis,,1.1328442,26598,19.0738428571429,93.9437571428571,1,0,1,75.2327285714286,54.0642714285714,23.6530285714286,28.6753428571429,8,,,,,7784,2025-12-21,5217302,Pirenopolis,GO,2025,52
1765670400000,202551,10.0,10,10,10,0.9007733,37.596813,0,2,521730220255120683,2026-08-18,Pirenópolis,,1.9324651,26598,20.3640428571429,96.3056714285714,1,0,1,84.3378142857143,65.1902,22.8864142857143,26.6308285714286,10,,,,,7784,2025-12-14,5217302,Pirenopolis,GO,2025,51
1765065600000,202550,8.0,8,8,8,0.8372875,30.07745,0,2,521730220255020683,2026-08-18,Pirenópolis,,1.7236823,26598,19.4079285714286,96.3868142857143,1,0,1,85.0271142857143,68.9267571428571,22.2289142857143,26.1040285714286,8,,,,,7784,2025-12-07,5217302,Pirenopolis,GO,2025,50
1764460800000,202549,3.0,3,3,3,0.25940678,11.279043,0,1,521730220254920683,2026-08-18,Pirenópolis,,0.64039,26598,20.4774142857143,92.4829428571429,1,0,0,80.3182714285714,64.5775428571429,23.2266,26.6339857142857,3,,,,,7784,2025-11-30,5217302,Pirenopolis,GO,2025,49
1763856000000,202548,5.0,5,5,5,0.64122355,18.798407,0,1,521730220254820683,2026-08-18,Pirenópolis,,1.260167,26598,19.7775285714286,93.6892142857143,1,0,0,77.1587285714286,57.8090285714286,23.5189142857143,27.8293571428571,5,,,,,7784,2025-11-23,5217302,Pirenopolis,GO,2025,48
1763251200000,202547,5.0,5,5,5,0.84755814,18.798407,0,1,521730220254720683,2026-08-18,Pirenópolis,,2.0841045,26598,20.5312571428571,77.6354,0,0,0,57.5943714285714,40.2940285714286,25.6055285714286,30.3271142857143,5,,,,,7784,2025-11-16,5217302,Pirenopolis,GO,2025,47
1762646400000,202546,5.0,5,5,5,0.9427532,18.798407,0,1,521730220254620683,2026-08-18,Pirenópolis,,3.558924,26598,20.2487,87.5178142857143,1,0,0,69.3939428571429,49.5081428571429,24.5540142857143,28.9670285714286,5,,,,,7784,2025-11-09,5217302,Pirenopolis,GO,2025,46
1762041600000,202545,2.0,2,2,2,0.5673362,7.5193624,0,1,521730220254520683,2026-08-18,Pirenópolis,,1.1705503,26598,20.9437142857143,91.1389428571429,1,0,0,72.3988285714286,52.8853285714286,24.8175571428571,29.1735571428571,2,,,,,7784,2025-11-02,5217302,Pirenopolis,GO,2025,45
1761436800000,202544,0.0,0,0,0,0.0,0.0,0,1,521730220254420683,2026-08-18,Pirenópolis,,0.0,26598,22.1174571428571,67.8991285714286,0,0,0,49.9320428571429,32.6584,26.5592714285714,31.4215,0,,,,,7784,2025-10-26,5217302,Pirenopolis,GO,2025,44
1760832000000,202543,2.0,2,2,2,0.35945597,7.5193624,0,1,521730220254320683,2026-08-18,Pirenópolis,,0.7372858,26598,19.2293142857143,72.9438285714286,0,0,0,56.6428285714286,39.8861428571429,23.4350285714286,28.1222285714286,2,,,,,7784,2025-10-19,5217302,Pirenopolis,GO,2025,43
1760227200000,202542,3.0,3,3,3,0.4002255,11.279043,0,1,521730220254220683,2026-08-18,Pirenópolis,,0.83121324,26598,20.6979714285714,83.1861428571429,0,0,0,60.8525,38.8251142857143,25.5660285714286,30.9056571428571,3,,,,,7784,2025-10-12,5217302,Pirenopolis,GO,2025,42
1759622400000,202541,1.0,1,1,1,0.102868795,3.7596812,0,1,521730220254120683,2026-08-18,Pirenópolis,,0.30477372,26598,21.7463857142857,55.4694571428571,0,0,0,34.1501,21.7061142857143,28.0023,33.4991857142857,1,,,,,7784,2025-10-05,5217302,Pirenopolis,GO,2025,41
1759017600000,202540,5.0,5,5,5,0.91320676,18.798407,0,1,521730220254020683,2026-08-18,Pirenópolis,,2.8351097,26598,20.6945428571429,39.7405714285714,0,0,0,26.6061714285714,15.2349857142857,27.1121571428571,33.6433428571429,5,,,,,7784,2025-09-28,5217302,Pirenopolis,GO,2025,40
1758412800000,202539,5.0,5,5,5,0.92234,18.798407,0,1,521730220253920683,2026-08-18,Pirenópolis,,3.011952,26598,20.6050285714286,74.6052,0,0,0,56.6470285714286,36.8025857142857,25.2407571428571,30.3977,4,,,,,7784,2025-09-21,5217302,Pirenopolis,GO,2025,39
1757808000000,202538,0.0,0,0,0,0.0,0.0,0,1,521730220253820683,2026-08-18,Pirenópolis,,0.0,26598,20.9426,62.2737142857143,0,0,0,42.9164,26.3597285714286,26.4299857142857,31.7988428571429,0,,,,,7784,2025-09-14,5217302,Pirenopolis,GO,2025,38
1757203200000,202537,0.0,0,0,0,0.0,0.0,0,1,521730220253720683,2026-08-18,Pirenópolis,,0.0,26598,21.0743,34.6275428571429,0,0,0,24.1304428571429,15.4677,27.6050857142857,33.9418714285714,0,,,,,7784,2025-09-07,5217302,Pirenopolis,GO,2025,37
1756598400000,202536,5.0,5,5,5,0.6497587,18.798407,0,1,521730220253620683,2026-08-18,Pirenópolis,,1.2798923,26598,20.0758857142857,50.1574,0,0,0,36.7218142857143,23.7448,25.0067857142857,30.2481571428571,4,,,,,7784,2025-08-31,5217302,Pirenopolis,GO,2025,36
1755993600000,202535,3.0,3,3,3,0.28269953,11.279043,0,1,521730220253520683,2026-08-18,Pirenópolis,,0.6696368,26598,20.017,45.9476428571429,0,0,0,32.8735428571429,21.3502142857143,25.4962714285714,31.2002,3,,,,,7784,2025-08-24,5217302,Pirenopolis,GO,2025,35
1755388800000,202534,4.0,4,4,4,0.33688116,15.038725,0,1,521730220253420683,2026-08-18,Pirenópolis,,0.7664084,26598,17.7185,43.0741,0,0,0,29.4064142857143,17.7029428571429,24.3364571428571,30.8647142857143,4,,,,,7784,2025-08-17,5217302,Pirenopolis,GO,2025,34
1754784000000,202533,4.0,4,4,4,0.25134236,15.038725,0,1,521730220253320683,2026-08-18,Pirenópolis,,0.663678,26598,16.1529,44.1852142857143,0,0,0,33.4790428571429,21.6997285714286,22.4392,29.4011571428571,4,,,,,7784,2025-08-10,5217302,Pirenopolis,GO,2025,33
1754179200000,202532,6.0,6,6,6,0.3344709,22.558086,0,1,521730220253220683,2026-08-18,Pirenópolis,,0.7976005,26598,17.0390142857143,56.1264285714286,0,0,1,40.2279571428571,24.6875142857143,22.5408714285714,28.4791428571429,6,,,,,7784,2025-08-03,5217302,Pirenopolis,GO,2025,32
1753574400000,202531,5.0,5,5,5,0.177331,18.798407,0,1,521730220253120676,2026-08-11,Pirenópolis,,0.60646886,26598,17.3225285714286,57.1401857142857,0,0,0,41.1148,24.6427714285714,23.0474714285714,29.2851857142857,5,,,,,7784,2025-07-27,5217302,Pirenopolis,GO,2025,31
1752969600000,202530,7.0,7,7,7,0.5379459,26.317768,0,1,521730220253020671,2026-08-06,Pirenópolis,,1.0512712,26598,16.3713,62.9378714285714,0,0,1,44.9354142857143,27.6570428571429,22.6200142857143,28.9365142857143,7,,,,,7784,2025-07-20,5217302,Pirenopolis,GO,2025,30
1752364800000,202529,12.0,12,12,12,0.9681035,45.116173,0,1,521730220252920662,2026-07-28,Pirenópolis,,2.531313,26598,15.5841142857143,60.6815428571429,0,1,1,45.1157857142857,28.5587142857143,20.7280857142857,26.2988,12,,,,,7784,2025-07-13,5217302,Pirenopolis,GO,2025,29
1751760000000,202528,5.0,5,5,5,0.6582538,18.798407,0,1,521730220252820654,2026-07-20,Pirenópolis,,1.3001579,26598,16.5355571428571,58.7456,0,0,0,45.3575,29.8592428571429,20.9647142857143,26.1635142857143,5,,,,,7784,2025-07-06,5217302,Pirenopolis,GO,2025,28
1751155200000,202527,5.0,5,5,5,0.4753852,18.798407,0,1,521730220252720647,2026-07-13,Pirenópolis,,0.96355605,26598,16.2318,65.6066,0,0,0,48.1877571428571,30.2090428571429,21.5037142857143,27.1923142857143,5,,,,,7784,2025-06-29,5217302,Pirenopolis,GO,2025,27
1750550400000,202526,3.0,3,3,3,0.050828867,11.279043,0,1,521730220252620642,2026-07-08,Pirenópolis,,0.36835337,26598,17.1359285714286,73.4673571428571,0,0,0,55.6428857142857,35.7825714285714,22.0695142857143,27.7784714285714,3,,,,,7784,2025-06-22,5217302,Pirenopolis,GO,2025,26
1749945600000,202525,2.0,2,2,2,0.0048792684,7.5193624,0,1,521730220252520636,2026-07-02,Pirenópolis,,0.19418104,26598,16.8926285714286,66.5104714285714,0,0,0,51.6643285714286,33.8705142857143,21.3139,26.2504571428571,2,,,,,7784,2025-06-15,5217302,Pirenopolis,GO,2025,25
1749340800000,202524,12.0,12,12,12,0.43819165,45.116173,0,1,521730220252420627,2026-06-23,Pirenópolis,,0.9403636,26598,17.2137571428571,74.2207428571429,0,0,1,56.1005285714286,36.4038857142857,22.0607428571429,27.2287857142857,12,,,,,7784,2025-06-08,5217302,Pirenopolis,GO,2025,24
1748736000000,202523,8.0,8,8,8,0.0517028,30.07745,0,1,521730220252320621,2026-06-17,Pirenópolis,,0.50905085,26598,18.5368714285714,75.9754857142857,0,0,1,59.5361714285714,39.1576857142857,23.0246571428571,28.0946285714286,8,,,,,7784,2025-06-01,5217302,Pirenopolis,GO,2025,23
1748131200000,202522,13.0,13,13,13,0.20130087,48.875854,0,1,521730220252220619,2026-06-15,Pirenópolis,,0.7405449,26598,17.6057428571429,75.5423428571429,0,0,1,59.0639,38.8971428571429,22.177,27.3449,13,,,,,7784,2025-05-25,5217302,Pirenopolis,GO,2025,22
1747526400000,202521,16.0,16,16,16,0.5225883,60.1549,0,1,521730220252120608,2026-06-04,Pirenópolis,,1.0200636,26598,17.1402428571429,75.1806857142857,0,0,1,58.3097428571429,38.4506,21.8727428571429,27.1846,15,,,,,7784,2025-05-18,5217302,Pirenopolis,GO,2025,21
1746921600000,202520,19.0,19,19,19,0.92204326,71.433945,0,1,521730220252020599,2026-05-26,Pirenópolis,,1.6760737,26598,18.5301571428571,77.5515714285714,0,0,1,62.0773714285714,42.6250285714286,22.5709428571429,27.2883285714286,19,,,,,7784,2025-05-11,5217302,Pirenopolis,GO,2025,20
1746316800000,202519,21.0,21,21,21,0.9784715,78.95331,0,1,521730220251920592,2026-05-19,Pirenópolis,,2.0974195,26598,18.7148714285714,77.3758,0,1,2,63.1802428571429,43.3911428571429,23.1042571428571,28.0613142857143,21,,,,,7784,2025-05-04,5217302,Pirenopolis,GO,2025,19
1745712000000,202518,5.0,5,5,5,0.03699938,18.798407,0,2,521730220251820587,2026-05-14,Pirenópolis,,0.41375485,26598,19.5987857142857,91.5482857142857,1,0,0,78.5156571428571,60.4533142857143,23.0483857142857,27.3350428571429,5,,,,,7784,2025-04-27,5217302,Pirenopolis,GO,2025,18
1745107200000,202517,11.0,11,11,11,0.20696384,41.35649,0,2,521730220251720578,2026-05-05,Pirenópolis,,0.7285584,26598,19.8489571428571,93.2822285714286,1,0,1,77.8854571428571,57.8576428571429,23.6802714285714,28.0675857142857,11,,,,,7784,2025-04-20,5217302,Pirenopolis,GO,2025,17
1744502400000,202516,9.0,9,9,9,0.08871977,33.83713,0,1,521730220251620571,2026-04-28,Pirenópolis,,0.579776,26598,19.7527714285714,96.3394714285714,1,0,1,83.6446428571429,63.7226714285714,22.9478,27.3871714285714,9,,,,,7784,2025-04-13,5217302,Pirenopolis,GO,2025,16
1743897600000,202515,19.0,19,19,19,0.69842356,71.433945,0,1,521730220251520566,2026-04-23,Pirenópolis,,1.1901414,26598,19.9052285714286,87.9083428571429,1,0,1,73.9490857142857,55.2641857142857,23.5313285714286,28.0506428571429,19,,,,,7784,2025-04-06,5217302,Pirenopolis,GO,2025,15
1743292800000,202514,17.0,17,17,17,0.25118175,63.91458,0,1,521730220251420557,2026-04-14,Pirenópolis,,0.8060477,26598,20.5896571428571,85.5027285714286,0,0,1,69.9669285714286,49.7567,24.5481857142857,28.9171285714286,17,,,,,7784,2025-03-30,5217302,Pirenopolis,GO,2025,14
1742688000000,202513,10.0,10,10,10,0.0040381667,37.596813,0,1,521730220251320552,2026-04-09,Pirenópolis,,0.3956324,26598,19.9822571428571,96.8622714285714,1,0,1,82.8222,61.4386571428571,23.253,27.8987857142857,10,,,,,7784,2025-03-23,5217302,Pirenopolis,GO,2025,13
1742083200000,202512,20.0,20,20,20,0.5098075,75.19363,0,4,521730220251220543,2026-03-31,Pirenópolis,,1.0077385,26598,20.8291571428571,89.9248857142857,1,0,2,69.7440857142857,47.4321,25.1367142857143,29.7927,20,,,,,7784,2025-03-16,5217302,Pirenopolis,GO,2025,12
1741478400000,202511,35.0,35,35,35,0.999957,131.58884,0,4,521730220251120535,2026-03-23,Pirenópolis,,3.584402,26598,21.3641,81.7622,0,1,2,63.9145571428571,41.6991857142857,25.8234142857143,30.9292428571429,34,,,,,7784,2025-03-09,5217302,Pirenopolis,GO,2025,11
1740873600000,202510,24.0,24,24,24,0.99991107,90.232346,0,1,521730220251020529,2026-03-17,Pirenópolis,,4.8097353,26598,20.5524428571429,72.7905428571429,0,1,2,59.2276,41.8425,24.5996142857143,29.1563,22,,,,,7784,2025-03-02,5217302,Pirenopolis,GO,2025,10
1740268800000,202509,2.0,2,2,2,0.10415499,7.5193624,0,1,521730220250920521,2026-03-09,Pirenópolis,,0.39302602,26598,20.1024142857143,87.1947714285714,1,0,0,71.2292571428572,52.3087428571429,24.1987857142857,28.9171285714286,2,,,,,7784,2025-02-23,5217302,Pirenopolis,GO,2025,9
1739664000000,202508,4.0,4,4,4,0.28542456,15.038725,0,1,521730220250820516,2026-03-04,Pirenópolis,,0.7037544,26598,19.3316428571429,84.8504142857143,0,0,0,63.6985142857143,40.5981857142857,24.9849285714286,30.4329714285714,4,,,,,7784,2025-02-16,5217302,Pirenopolis,GO,2025,8
1739059200000,202507,5.0,5,5,5,0.56346464,18.798407,0,2,521730220250720508,2026-02-24,Pirenópolis,,1.1041818,26598,19.6927857142857,90.0480285714286,1,0,0,73.6565142857143,53.8578,23.6541571428571,27.8757142857143,5,,,,,7784,2025-02-09,5217302,Pirenopolis,GO,2025,7
1738454400000,202506,7.0,7,7,7,0.9317692,26.317768,0,1,521730220250620503,2026-02-19,Pirenópolis,,2.6279678,26598,19.2562,91.8053142857143,1,0,1,75.2594857142857,55.5026,23.1063714285714,27.2936142857143,7,,,,,7784,2025-02-02,5217302,Pirenopolis,GO,2025,6
1737849600000,202505,6.0,6,6,6,0.9371935,22.558086,0,1,521730220250520495,2026-02-11,Pirenópolis,,2.9929454,26598,20.1228571428571,95.6800571428571,1,0,1,82.7781428571429,65.5475142857143,23.0937857142857,27.0529,6,,,,,7784,2025-01-26,5217302,Pirenopolis,GO,2025,5
1737244800000,202504,0.0,0,0,0,0.0,0.0,0,1,521730220250420491,2026-02-07,Pirenópolis,,0.0,26598,19.4730142857143,92.4201142857143,0,0,0,75.5442714285714,56.1073285714286,23.9569285714286,28.6549142857143,0,,,,,7784,2025-01-19,5217302,Pirenopolis,GO,2025,4
1736640000000,202503,3.0,3,3,3,0.9303377,11.279043,0,1,521730220250320486,2026-02-02,Pirenópolis,,4.6407323,26598,19.8454,97.9625285714286,1,0,0,90.9936142857143,79.3431428571429,21.5254857142857,23.9136142857143,3,,,,,7784,2025-01-12,5217302,Pirenopolis,GO,2025,3
1736035200000,202502,2.0,2,2,2,0.97416294,7.5193624,0,1,521730220250220459,2026-01-06,Pirenópolis,,15.9097185,26598,19.9036857142857,97.5501857142857,1,0,0,87.5406428571429,73.2355285714286,22.5021,25.7796142857143,2,,,,,7784,2025-01-05,5217302,Pirenopolis,GO,2025,2
1735430400000,202501,0.0,0,0,0,0.0,0.0,0,1,521730220250120459,2026-01-06,Pirenópolis,,0.0,26598,19.6075,95.4874428571429,0,0,0,83.7978714285714,65.7015857142857,22.6166285714286,26.4763714285714,0,,,,,7784,2024-12-29,5217302,Pirenopolis,GO,2025,1
1734825600000,202452,0.0,0,0,0,0.0,0.0,0,1,521730220245220437,2025-12-15,Pirenópolis,,0.0,26598,20.2128857142857,96.1062142857143,0,0,0,87.3428857142857,73.8701571428571,22.2206857142857,25.1288428571429,0,,,,,7784,2024-12-22,5217302,Pirenopolis,GO,2024,52
1734220800000,202451,0.0,0,0,0,0.0,0.0,0,1,521730220245120437,2025-12-15,Pirenópolis,,0.0,26598,20.4731,95.2772714285714,0,0,0,82.1368714285714,64.0381142857143,23.5268857142857,27.5227428571429,0,,,,,7784,2024-12-15,5217302,Pirenopolis,GO,2024,51
1733616000000,202450,0.0,0,0,0,0.0,0.0,0,1,521730220245020437,2025-12-15,Pirenópolis,,0.0,26598,20.5594571428571,90.8845714285714,0,0,0,76.0403285714286,56.4027428571429,24.2968142857143,28.8282857142857,0,,,,,7784,2024-12-08,5217302,Pirenopolis,GO,2024,50
1733011200000,202449,4.0,4,4,4,0.9922661,15.038725,0,1,521730220244920431,2025-12-09,Pirenópolis,,17.791412,26598,20.0269428571429,93.5865857142857,1,0,0,77.8946857142857,57.3361,23.7811285714286,27.8929428571429,3,,,,,7784,2024-12-01,5217302,Pirenopolis,GO,2024,49
1732406400000,202448,0.0,0,0,0,0.0,0.0,0,1,521730220244820425,2025-12-03,Pirenópolis,,0.0,26598,20.1733857142857,93.3107714285714,0,0,0,81.5405571428571,64.9172,23.0617142857143,26.7154571428571,0,,,,,7784,2024-11-24,5217302,Pirenopolis,GO,2024,48
1731801600000,202447,0.0,0,0,0,0.0,0.0,0,1,521730220244720418,2025-11-26,Pirenópolis,,0.0,26598,19.6673714285714,96.7674428571429,0,0,0,82.1664857142857,63.4462428571429,23.1849142857143,27.3181285714286,0,,,,,7784,2024-11-17,5217302,Pirenopolis,GO,2024,47
1731196800000,202446,0.0,0,0,0,0.0,0.0,0,1,521730220244620410,2025-11-18,Pirenópolis,,0.0,26598,19.3844571428571,97.1909714285714,0,0,0,85.9518428571429,70.8260714285714,22.1427142857143,25.5283428571429,0,,,,,7784,2024-11-10,5217302,Pirenopolis,GO,2024,46
1730592000000,202445,0.0,0,0,0,0.0,0.0,0,1,521730220244520403,2025-11-11,Pirenópolis,,0.0,26598,20.3048285714286,93.9878142857143,0,0,0,83.3203857142857,67.8245571428571,22.7798571428571,26.1769571428571,0,,,,,7784,2024-11-03,5217302,Pirenopolis,GO,2024,45
1729987200000,202444,2.0,2,2,2,0.92076945,7.5193624,0,1,521730220244420395,2025-11-03,Pirenópolis,,5.641386,26598,20.5359571428571,90.0298285714286,1,0,0,76.1655428571429,58.0559571428571,23.592,27.4313142857143,2,,,,,7784,2024-10-27,5217302,Pirenopolis,GO,2024,44
1729382400000,202443,0.0,0,0,0,0.0,0.0,0,1,521730220244320389,2025-10-28,Pirenópolis,,0.0,26598,20.8623857142857,93.9098142857143,0,0,0,78.6416857142857,57.5084857142857,23.9646857142857,28.2399857142857,0,,,,,7784,2024-10-20,5217302,Pirenopolis,GO,2024,43
1728777600000,202442,0.0,0,0,0,0.0,0.0,0,1,521730220244220381,2025-10-20,Pirenópolis,,0.0,26598,20.7028285714286,89.8141571428571,0,0,0,75.3388285714286,54.2556,24.0146571428571,28.6064142857143,0,,,,,7784,2024-10-13,5217302,Pirenopolis,GO,2024,42
1728172800000,202441,1.0,1,1,1,0.55188423,3.7596812,0,1,521730220244120375,2025-10-14,Pirenópolis,,1.1660959,26598,22.8276285714286,71.7698571428571,0,0,0,52.5462857142857,33.0711571428571,27.9586571428571,33.4026857142857,1,,,,,7784,2024-10-06,5217302,Pirenopolis,GO,2024,41
1727568000000,202440,0.0,0,0,0,0.0,0.0,0,1,521730220244020367,2025-10-06,Pirenópolis,,0.0,26598,22.7757142857143,43.3384428571429,0,0,0,28.8243857142857,17.7512428571429,29.1523428571429,34.9777571428571,0,,,,,7784,2024-09-29,5217302,Pirenopolis,GO,2024,40
1726963200000,202439,1.0,1,1,1,0.28462958,3.7596812,0,1,521730220243920363,2025-10-02,Pirenópolis,,0.5516199,26598,22.8634571428571,42.4590142857143,0,0,0,28.6321,17.8713285714286,28.9154714285714,34.6151142857143,1,,,,,7784,2024-09-22,5217302,Pirenopolis,GO,2024,39
1726358400000,202438,1.0,1,1,1,0.1616644,3.7596812,0,1,521730220243820353,2025-09-22,Pirenópolis,,0.38038346,26598,22.0016857142857,44.3713285714286,0,0,0,30.1516428571429,18.6695,27.9482714285714,33.7039714285714,1,,,,,7784,2024-09-15,5217302,Pirenopolis,GO,2024,38
1725753600000,202437,3.0,3,3,3,0.1907451,11.279043,0,1,521730220243720346,2025-09-15,Pirenópolis,,0.55653346,26598,19.6081857142857,39.4529857142857,0,0,0,27.6883428571429,16.6128428571429,26.0827428571429,32.6796428571429,2,,,,,7784,2024-09-08,5217302,Pirenopolis,GO,2024,37
1725148800000,202436,0.0,0,0,0,0.0,0.0,0,1,521730220243620339,2025-09-08,Pirenópolis,,0.0,26598,17.8056571428571,41.2980857142857,0,0,0,25.2122285714286,13.1935714285714,25.7794285714286,33.4818285714286,0,,,,,7784,2024-09-01,5217302,Pirenopolis,GO,2024,36
1724544000000,202435,5.0,5,5,5,0.12653996,18.798407,0,1,521730220243520332,2025-09-01,Pirenópolis,,0.5472315,26598,18.5332857142857,56.5069142857143,0,0,0,39.1691571428571,22.5067714285714,24.6872285714286,31.1564142857143,5,,,,,7784,2024-08-25,5217302,Pirenopolis,GO,2024,35
1723939200000,202434,11.0,11,11,11,0.7239196,41.35649,0,1,521730220243420328,2025-08-28,Pirenópolis,,1.3035152,26598,17.3977714285714,45.0147714285714,0,0,1,28.8631714285714,16.2321142857143,24.5777571428571,31.7318,11,,,,,7784,2024-08-18,5217302,Pirenopolis,GO,2024,34
1723334400000,202433,10.0,10,10,10,0.68053156,37.596813,0,1,521730220243320321,2025-08-21,Pirenópolis,,1.2415854,26598,17.2586142857143,46.7863428571429,0,0,1,34.0780142857143,20.8369857142857,23.6382571428571,30.7677,10,,,,,7784,2024-08-11,5217302,Pirenopolis,GO,2024,33
1722729600000,202432,7.0,7,7,7,0.46754718,26.317768,0,1,521730220243220312,2025-08-12,Pirenópolis,,0.95903057,26598,16.6654142857143,61.5459285714286,0,0,1,42.2616,27.2458428571429,22.4236428571429,28.2107571428571,7,,,,,7784,2024-08-04,5217302,Pirenopolis,GO,2024,32
1722124800000,202431,9.0,9,9,9,0.7407815,33.83713,0,1,521730220243120305,2025-08-05,Pirenópolis,,1.3784767,26598,17.9286714285714,57.1347714285714,0,0,1,41.9323285714286,25.5562571428571,23.2288,28.8720571428571,8,,,,,7784,2024-07-28,5217302,Pirenopolis,GO,2024,31
1721520000000,202430,8.0,8,8,8,0.4944379,30.07745,0,1,521730220243020298,2025-07-29,Pirenópolis,,0.99324274,26598,15.1332857142857,57.6036857142857,0,0,1,40.8859285714286,25.2980571428571,21.1467571428571,27.5736857142857,8,,,,,7784,2024-07-21,5217302,Pirenopolis,GO,2024,30
1720915200000,202429,5.0,5,5,5,0.052692626,18.798407,0,1,521730220242920291,2025-07-22,Pirenópolis,,0.44350275,26598,15.5007857142857,59.9290857142857,0,0,0,43.3998,26.2679428571429,21.0755,27.2394857142857,5,,,,,7784,2024-07-14,5217302,Pirenopolis,GO,2024,29
1720310400000,202428,5.0,5,5,5,0.00944539,18.798407,0,1,521730220242820283,2025-07-14,Pirenópolis,,0.3325585,26598,16.0162285714286,64.3542285714286,0,0,0,44.2064714285714,25.3746142857143,22.5601,28.9675142857143,5,,,,,7784,2024-07-07,5217302,Pirenopolis,GO,2024,28
1719705600000,202427,16.0,16,16,16,0.17057516,60.1549,0,1,521730220242720278,2025-07-09,Pirenópolis,,0.734816,26598,16.2153571428571,60.7754428571429,0,0,1,44.9756857142857,27.7484285714286,21.8075,28.0053142857143,16,,,,,7784,2024-06-30,5217302,Pirenopolis,GO,2024,27
1719100800000,202426,8.0,8,8,8,0.0001203608,30.07745,0,1,521730220242620269,2025-06-30,Pirenópolis,,0.27089182,26598,14.7869,69.4072,0,0,1,47.4856714285714,27.8425285714286,21.4452857142857,27.6454,8,,,,,7784,2024-06-23,5217302,Pirenopolis,GO,2024,26
1718496000000,202425,25.0,25,25,25,0.10288139,93.99203,0,4,521730220242520262,2025-06-23,Pirenópolis,,0.7207731,26598,16.4105285714286,66.6259428571429,0,0,2,49.7323857142857,30.5345571428571,21.4636571428571,27.0704,24,,,,,7784,2024-06-16,5217302,Pirenopolis,GO,2024,25
1717891200000,202424,27.0,27,27,27,0.161356,101.51139,0,4,521730220242420255,2025-06-16,Pirenópolis,,0.7779782,26598,17.2802714285714,69.1312285714286,0,0,2,52.0673,33.5821857142857,22.2384285714286,27.8011142857143,27,,,,,7784,2024-06-09,5217302,Pirenopolis,GO,2024,24
1717286400000,202423,43.0,43,43,43,0.79574394,161.66629,0,4,521730220242320249,2025-06-10,Pirenópolis,,1.2040999,26598,18.3071857142857,71.3496428571429,0,0,2,54.3278857142857,36.3924857142857,22.4439142857143,27.1986,41,,,,,7784,2024-06-02,5217302,Pirenopolis,GO,2024,23
1716681600000,202422,32.0,32,32,32,0.07626602,120.3098,0,4,521730220242220241,2025-06-02,Pirenópolis,,0.72056985,26598,17.2721142857143,74.2283142857143,0,0,2,54.6970857142857,33.4371428571429,22.4190285714286,28.1071714285714,28,,,,,7784,2024-05-26,5217302,Pirenopolis,GO,2024,22
1716076800000,202421,32.0,32,32,32,0.0011592692,120.3098,0,4,521730220242120236,2025-05-28,Pirenópolis,,0.5246391,26598,18.3861428571429,74.8299857142857,0,0,2,56.3247571428571,36.8306428571429,23.4038571428571,28.7904714285714,29,,,,,7784,2024-05-19,5217302,Pirenopolis,GO,2024,21
1715472000000,202420,38.0,38,38,38,8.45936e-05,142.86789,0,4,521730220242020227,2025-05-19,Pirenópolis,,0.4876115,26598,17.2514571428571,72.7705571428571,0,0,2,53.3146571428571,33.6111428571429,23.3402428571429,29.3558714285714,25,,,,,7784,2024-05-12,5217302,Pirenopolis,GO,2024,20
1714867200000,202419,61.0,61,61,61,0.0031762384,229.34055,0,4,521730220241920224,2025-05-16,Pirenópolis,,0.64318925,26598,18.0253428571429,75.3944,0,0,2,57.5140285714286,37.3134,23.2576142857143,28.9115,29,,,,,7784,2024-05-05,5217302,Pirenopolis,GO,2024,19
1714262400000,202418,86.0,86,86,86,0.008372365,323.33258,0,4,521730220241820214,2025-05-06,Pirenópolis,,0.71545583,26598,19.9671285714286,76.3156142857143,0,0,2,60.5023285714286,38.7013,24.8208285714286,29.8732285714286,45,,,,,7784,2024-04-28,5217302,Pirenopolis,GO,2024,18
1713657600000,202417,81.0,81,81,81,1.50863e-05,304.53418,0,4,521730220241720206,2025-04-28,Pirenópolis,,0.56681126,26598,19.8193142857143,81.1748142857143,0,0,2,65.9689142857143,45.2928857142857,24.0961857142857,29.0517142857143,33,,,,,7784,2024-04-21,5217302,Pirenopolis,GO,2024,17
1713052800000,202416,120.0,120,120,120,0.08068549,451.16174,0,4,521730220241620200,2025-04-22,Pirenópolis,,0.8412406,26598,20.758,84.0340142857143,0,0,2,71.1985,53.7341714285714,24.2352428571429,28.5428571428571,69,,,,,7784,2024-04-14,5217302,Pirenopolis,GO,2024,16
1712448000000,202415,160.0,160,160,160,0.9285696,601.549,0,4,521730220241520192,2025-04-14,Pirenópolis,,1.1861554,26598,20.9927285714286,94.6649857142857,1,0,2,81.8438,63.2747714285714,23.4862,26.9063714285714,131,,,,,7784,2024-04-07,5217302,Pirenopolis,GO,2024,15
1711843200000,202414,166.0,166,166,166,0.8573876,624.10706,0,4,521730220241420188,2025-04-10,Pirenópolis,,1.1283244,26598,20.6024285714286,96.9844142857143,1,0,2,85.199,67.8126142857143,23.5705857142857,27.5717857142857,166,,,,,7784,2024-03-31,5217302,Pirenopolis,GO,2024,14
1711238400000,202413,87.0,87,87,87,4.481e-07,327.09225,0,4,521730220241320178,2025-03-31,Pirenópolis,,0.53018975,26598,20.4811571428571,95.3148428571429,1,0,2,82.8883428571429,62.8731142857143,23.2415571428571,27.2285428571429,83,,,,,7784,2024-03-24,5217302,Pirenopolis,GO,2024,13
1710633600000,202412,176.0,176,176,176,0.4964768,661.70386,0,4,521730220241220171,2025-03-24,Pirenópolis,,0.99906033,26598,21.1406428571429,95.5441714285714,1,0,2,81.5155,62.4014428571429,24.6627142857143,28.9270571428571,146,,,,,7784,2024-03-17,5217302,Pirenopolis,GO,2024,12
1710028800000,202411,146.0,146,146,146,0.09145275,548.91345,0,4,521730220241120165,2025-03-18,Pirenópolis,,0.86075217,26598,21.6049428571429,92.6780857142857,1,0,2,78.7219857142857,62.2926571428571,24.9728428571429,28.8548285714286,142,,,,,7784,2024-03-10,5217302,Pirenopolis,GO,2024,11
1709424000000,202410,199.0,199,199,199,0.9970133,748.1766,0,4,521730220241020158,2025-03-11,Pirenópolis,,1.3450834,26598,20.8241571428571,94.6145428571429,1,1,2,80.4614714285714,61.3908571428571,24.1618,28.2911714285714,143,,,,,7784,2024-03-03,5217302,Pirenopolis,GO,2024,10
1708819200000,202409,181.0,181,181,181,0.9992142,680.5023,0,4,521730220240920153,2025-03-06,Pirenópolis,,1.4381952,26598,20.1316,86.3476714285714,1,1,2,68.3751,46.1624142857143,25.1332285714286,30.4691142857143,176,,,,,7784,2024-02-25,5217302,Pirenopolis,GO,2024,9
1708214400000,202408,140.0,140,140,140,0.98958915,526.35535,0,4,521730220240820145,2025-02-26,Pirenópolis,,1.3458447,26598,20.0114857142857,97.1867,1,1,2,89.6208714285714,76.0598857142857,22.1605428571429,25.3775714285714,139,,,,,7784,2024-02-18,5217302,Pirenopolis,GO,2024,8
1707609600000,202407,130.0,130,130,130,0.9998401,488.75854,0,4,521730220240720137,2025-02-18,Pirenópolis,,1.6576949,26598,20.1599714285714,90.1473857142857,1,1,2,77.4504571428571,58.7342142857143,23.7364714285714,28.1714428571429,79,,,,,7784,2024-02-11,5217302,Pirenopolis,GO,2024,7
1707004800000,202406,106.0,106,106,106,0.9999958,398.5262,0,4,521730220240620130,2025-02-11,Pirenópolis,,2.0817113,26598,20.5515714285714,94.9725714285714,1,1,2,82.2295285714286,63.6725857142857,23.3349857142857,27.3660571428571,106,,,,,7784,2024-02-04,5217302,Pirenopolis,GO,2024,6
1706400000000,202405,83.0,83,83,83,0.9999999,312.05353,0,4,521730220240520123,2025-02-04,Pirenópolis,,2.7822783,26598,19.9230142857143,95.6312142857143,1,1,2,80.5776142857143,59.9727142857143,23.2394714285714,27.6842285714286,81,,,,,7784,2024-01-28,5217302,Pirenopolis,GO,2024,5
1705795200000,202404,47.0,47,47,47,0.9997742,176.70502,0,4,521730220240420116,2025-01-28,Pirenópolis,,2.4591389,26598,20.4870714285714,96.3225428571428,1,1,2,85.3245857142857,71.9856142857143,23.1879428571429,26.3333142857143,47,,,,,7784,2024-01-21,5217302,Pirenopolis,GO,2024,4
1705190400000,202403,22.0,22,22,22,0.92453265,82.71298,0,2,521730220240320109,2025-01-21,Pirenópolis,,1.620524,26598,20.3485714285714,93.5344,1,0,2,76.05,54.9271428571429,24.6092714285714,29.1077857142857,22,,,,,7784,2024-01-14,5217302,Pirenopolis,GO,2024,3
1704585600000,202402,18.0,18,18,18,0.9736062,67.67426,0,3,521730220240220102,2025-01-14,Pirenópolis,,2.1583426,26598,20.0666,95.8448285714286,1,1,1,83.2075857142857,67.4854285714286,23.0830142857143,26.6367428571429,18,,,,,7784,2024-01-07,5217302,Pirenopolis,GO,2024,2
1703980800000,202401,15.0,15,15,15,0.9966298,56.395218,0,2,521730220240120095,2025-01-07,Pirenópolis,,3.8526056,26598,20.2683,97.7542142857143,1,1,1,88.9138857142857,74.3976571428571,22.3949857142857,25.2913857142857,15,,,,,7784,2023-12-31,5217302,Pirenopolis,GO,2024,1
1703376000000,202352,8.0,8,8,8,0.9849663,30.07745,0,1,521730220235220087,2024-12-30,Pirenópolis,,4.447195,26598,21.2373,93.4729142857143,1,1,1,75.8787714285714,53.9071142857143,25.1475857142857,29.5968285714286,8,,,,,7784,2023-12-24,5217302,Pirenopolis,GO,2023,52
1702771200000,202351,2.0,2,2,2,0.709129,7.5193624,0,1,521730220235120080,2024-12-23,Pirenópolis,,1.7357012,26598,20.4605571428571,88.2054,1,0,0,72.7951571428571,59.3004,24.0951428571429,27.5425714285714,2,,,,,7784,2023-12-17,5217302,Pirenopolis,GO,2023,51
1702166400000,202350,1.0,1,1,1,0.66333336,3.7596812,0,1,521730220235020074,2024-12-17,Pirenópolis,,1.6886357,26598,21.3076428571429,82.3915571428571,0,0,0,61.0493285714286,39.1612,26.1789,31.6194,1,,,,,7784,2023-12-10,5217302,Pirenopolis,GO,2023,50
1701561600000,202349,2.0,2,2,2,0.9196407,7.5193624,0,1,521730220234920067,2024-12-10,Pirenópolis,,5.569704,26598,20.7214857142857,85.5067857142857,0,0,0,67.7883428571429,46.2950714285714,25.2901714285714,30.4489428571429,2,,,,,7784,2023-12-03,5217302,Pirenopolis,GO,2023,49
1700956800000,202348,0.0,0,0,0,0.0,0.0,0,1,521730220234820060,2024-12-03,Pirenópolis,,0.0,26598,21.0556142857143,87.6398285714286,0,0,0,67.3026285714286,46.2055285714286,25.4455428571429,30.2764571428571,0,,,,,7784,2023-11-26,5217302,Pirenopolis,GO,2023,48
1700352000000,202347,0.0,0,0,0,0.0,0.0,0,1,521730220234720056,2024-11-29,Pirenópolis,,0.0,26598,21.3237285714286,91.0311857142857,0,0,0,71.0539857142857,49.8445857142857,25.5126142857143,30.2189,0,,,,,7784,2023-11-19,5217302,Pirenopolis,GO,2023,47
1699747200000,202346,1.0,1,1,1,0.38157982,3.7596812,0,1,521730220234620046,2024-11-19,Pirenópolis,,0.7194538,26598,22.0729571428571,72.6841285714286,0,0,0,53.1595428571429,34.1193428571429,27.5836714285714,33.6488857142857,1,,,,,7784,2023-11-12,5217302,Pirenopolis,GO,2023,46
1699142400000,202345,0.0,0,0,0,0.0,0.0,0,1,521730220234520039,2024-11-12,Pirenópolis,,0.0,26598,20.8701285714286,79.4990714285714,0,0,0,57.7296714285714,34.4322571428571,26.6267,32.802,0,,,,,7784,2023-11-05,5217302,Pirenopolis,GO,2023,45
1698537600000,202344,2.0,2,2,2,0.7367179,7.5193624,0,1,521730220234420032,2024-11-05,Pirenópolis,,1.9060535,26598,21.3853428571429,86.6672285714286,1,0,0,69.6007428571429,43.8255285714286,25.5761714285714,31.8915,2,,,,,7784,2023-10-29,5217302,Pirenopolis,GO,2023,44
1697932800000,202343,2.0,2,2,2,0.84548557,7.5193624,0,1,521730220234320026,2024-10-30,Pirenópolis,,3.0963857,26598,21.5766285714286,84.4433,0,0,0,65.357,43.6554428571429,25.8906428571429,31.2139142857143,2,,,,,7784,2023-10-22,5217302,Pirenopolis,GO,2023,43
1697328000000,202342,1.0,1,1,1,0.6177498,3.7596812,0,1,521730220234220019,2024-10-23,Pirenópolis,,1.4390447,26598,22.1785857142857,64.8878571428571,0,0,0,46.3469142857143,26.6584714285714,27.9602714285714,34.1858142857143,1,,,,,7784,2023-10-15,5217302,Pirenopolis,GO,2023,42
1696723200000,202341,0.0,0,0,0,0.0,0.0,0,1,521730220234120011,2024-10-15,Pirenópolis,,0.0,26598,21.9235,84.8048285714286,0,0,0,65.7424857142857,42.9686857142857,26.5737428571429,32.4037142857143,0,,,,,7784,2023-10-08,5217302,Pirenopolis,GO,2023,41
1696118400000,202340,1.0,1,1,1,0.8119555,3.7596812,0,1,521730220234020005,2024-10-09,Pirenópolis,,3.327484,26598,21.3525285714286,85.4952,0,0,0,67.3965428571429,43.4252857142857,25.5930714285714,31.2790142857143,1,,,,,7784,2023-10-01,5217302,Pirenopolis,GO,2023,40
1695513600000,202339,1.0,1,1,1,0.92503715,3.7596812,0,1,521730220233919998,2024-10-02,Pirenópolis,,8.895471,26598,22.8219714285714,72.2222,0,0,0,55.5161,38.1788714285714,27.4429285714286,32.6644142857143,0,,,,,7784,2023-09-24,5217302,Pirenopolis,GO,2023,39
1694908800000,202338,0.0,0,0,0,0.0,0.0,0,1,521730220233819990,2024-09-24,Pirenópolis,,0.0,26598,21.6815857142857,56.9354571428571,0,0,0,40.3718,23.3683857142857,27.8051142857143,34.2859142857143,0,,,,,7784,2023-09-17,5217302,Pirenopolis,GO,2023,38
1694304000000,202337,0.0,0,0,0,0.0,0.0,0,1,521730220233719983,2024-09-17,Pirenópolis,,0.0,26598,20.3340714285714,57.3403285714286,0,0,0,41.4081857142857,26.0380857142857,26.1931571428571,32.4065714285714,0,,,,,7784,2023-09-10,5217302,Pirenopolis,GO,2023,37
1693699200000,202336,0.0,0,0,0,0.0,0.0,0,1,521730220233619978,2024-09-12,Pirenópolis,,0.0,26598,20.2312857142857,71.0913571428571,0,0,0,51.0578285714286,30.5768857142857,25.7935857142857,32.0215,0,,,,,7784,2023-09-03,5217302,Pirenopolis,GO,2023,36
1693094400000,202335,1.0,1,1,1,0.559291,3.7596812,0,1,521730220233519969,2024-09-03,Pirenópolis,,1.1928492,26598,19.9475857142857,86.6998,1,0,0,66.7763857142857,42.3199428571429,24.6349,30.7131142857143,0,,,,,7784,2023-08-27,5217302,Pirenopolis,GO,2023,35
1692489600000,202334,1.0,1,1,1,0.4512171,3.7596812,0,1,521730220233419962,2024-08-27,Pirenópolis,,0.87099946,26598,18.6533714285714,67.7979857142857,0,0,0,49.1673428571429,29.9749,24.6607428571429,31.6311857142857,1,,,,,7784,2023-08-20,5217302,Pirenopolis,GO,2023,34
1691884800000,202333,0.0,0,0,0,0.0,0.0,0,1,521730220233319956,2024-08-21,Pirenópolis,,0.0,26598,17.8013714285714,60.3856714285714,0,0,0,43.0628285714286,27.8099142857143,23.5743714285714,29.6276857142857,0,,,,,7784,2023-08-13,5217302,Pirenopolis,GO,2023,33
1691280000000,202332,2.0,2,2,2,0.7875076,7.5193624,0,1,521730220233219949,2024-08-14,Pirenópolis,,2.3220437,26598,17.8786,55.1888428571429,0,0,0,38.2265714285714,20.3523,24.4902714285714,32.2050142857143,2,,,,,7784,2023-08-06,5217302,Pirenopolis,GO,2023,32
1690675200000,202331,1.0,1,1,1,0.5609609,3.7596812,0,1,521730220233119941,2024-08-06,Pirenópolis,,1.1990006,26598,16.3835285714286,64.1196285714286,0,0,0,43.681,24.3998285714286,23.2250285714286,30.1489857142857,1,,,,,7784,2023-07-30,5217302,Pirenopolis,GO,2023,31
1690070400000,202330,1.0,1,1,1,0.4670722,3.7596812,0,1,521730220233019934,2024-07-30,Pirenópolis,,0.9105125,26598,16.5791714285714,66.9178142857143,0,0,0,48.2385714285714,28.4695857142857,22.6417857142857,29.0685142857143,1,,,,,7784,2023-07-23,5217302,Pirenopolis,GO,2023,30
1689465600000,202329,0.0,0,0,0,0.0,0.0,0,1,521730220232919929,2024-07-25,Pirenópolis,,0.0,26598,17.2391714285714,71.7490714285714,0,0,0,52.2360428571429,31.6259857142857,22.9407285714286,29.0874285714286,0,,,,,7784,2023-07-16,5217302,Pirenopolis,GO,2023,29
1688860800000,202328,2.0,2,2,2,0.85626227,7.5193624,0,1,521730220232819919,2024-07-15,Pirenópolis,,3.3038423,26598,15.0911,75.2583428571428,0,0,0,52.3169285714286,30.3016714285714,21.9258571428571,29.3252571428571,2,,,,,7784,2023-07-09,5217302,Pirenopolis,GO,2023,28
1688256000000,202327,1.0,1,1,1,0.65084547,3.7596812,0,1,521730220232719913,2024-07-09,Pirenópolis,0,1.6139103,26598,16.0,59.1555914285714,0,0,0,56.5779254285714,54.0002597142857,16.5,17.0,1,,,,,7784,2023-07-02,5217302,Pirenopolis,GO,2023,27
1687651200000,202326,0.0,0,0,0,0.0,0.0,0,1,521730220232619905,2024-07-01,Pirenópolis,0,0.0,26598,17.8571428571429,60.281979,0,0,0,58.6708205714286,57.059661,18.2142857142857,18.5714285714286,0,,,,,7784,2023-06-25,5217302,Pirenopolis,GO,2023,26
1687046400000,202325,1.0,1,1,1,0.3245838,3.7596812,0,1,521730220232519898,2024-06-24,Pirenópolis,0,0.61601496,26598,18.1428571428571,63.0068677142857,0,0,0,62.7316802857143,62.4564924285714,18.2857142857143,18.4285714285714,1,,,,,7784,2023-06-18,5217302,Pirenopolis,GO,2023,25
1686441600000,202324,0.0,0,0,0,0.0,0.0,0,1,521730220232419884,2024-06-10,Pirenópolis,,0.0,26598,17.9118571428571,83.0891857142857,0,0,0,66.9622857142857,43.3838857142857,22.2110714285714,27.9736142857143,0,,,,,7784,2023-06-11,5217302,Pirenopolis,GO,2023,24
1685836800000,202323,3.0,3,3,3,0.57391846,11.279043,0,1,521730220232319884,2024-06-10,Pirenópolis,,1.1576222,26598,15.9771285714286,76.7091571428571,0,0,0,57.4122857142857,34.1304142857143,21.7635142857143,28.3531714285714,3,,,,,7784,2023-06-04,5217302,Pirenopolis,GO,2023,23
1685232000000,202322,1.0,1,1,1,0.089669876,3.7596812,0,1,521730220232219876,2024-06-02,Pirenópolis,0,0.28741968,26598,18.8571428571429,77.3143842857143,0,0,0,75.9602617142857,74.6061385714286,19.0714285714286,19.2857142857143,1,,,,,7784,2023-05-28,5217302,Pirenopolis,GO,2023,22
1684627200000,202321,2.0,2,2,2,0.23733523,7.5193624,0,1,521730220232119869,2024-05-26,Pirenópolis,0,0.5639192,26598,16.0,79.6302757142857,0,0,0,67.561306,53.2513472857143,18.8809522857143,22.5714285714286,2,,,,,7784,2023-05-21,5217302,Pirenopolis,GO,2023,21
1684022400000,202320,5.0,5,5,5,0.7758157,18.798407,0,1,521730220232019863,2024-05-20,Pirenópolis,0,1.6768664,26598,17.4285714285714,73.7481515714286,0,0,0,62.038663,49.8435888571429,19.8571428571429,23.0,4,,,,,7784,2023-05-14,5217302,Pirenopolis,GO,2023,20
1683417600000,202319,3.0,3,3,3,0.5895251,11.279043,0,1,521730220231919856,2024-05-13,Pirenópolis,0,1.1960137,26598,19.2857142857143,75.1052321428571,0,0,0,69.2604918571429,62.4595214285714,20.2440477142857,21.4285714285714,2,,,,,7784,2023-05-07,5217302,Pirenopolis,GO,2023,19
1682812800000,202318,4.0,4,4,4,0.56581986,15.038725,0,1,521730220231819849,2024-05-06,Pirenópolis,0,1.1208228,26598,20.0,73.3186847777778,0,0,0,71.7529533333333,70.1872207777778,20.2222222222222,20.4444444444444,4,,,,,7784,2023-04-30,5217302,Pirenopolis,GO,2023,18
1682208000000,202317,1.0,1,1,1,0.03214472,3.7596812,0,1,521730220231719841,2024-04-28,Pirenópolis,0,0.20164241,26598,17.6,98.3722268,0,0,0,79.8795535333333,55.2807512,21.3166661333333,26.6666666666667,1,,,,,7784,2023-04-23,5217302,Pirenopolis,GO,2023,17
1681603200000,202316,2.0,2,2,2,0.119864784,7.5193624,0,1,521730220231619835,2024-04-22,Pirenópolis,0,0.41381738,26598,17.7142857142857,97.3785857142857,0,0,0,84.5640731428571,61.6912341428571,21.0892857142857,26.0,2,,,,,7784,2023-04-16,5217302,Pirenopolis,GO,2023,16
1680998400000,202315,9.0,9,9,9,0.87121236,33.83713,0,1,521730220231519827,2024-04-14,Pirenópolis,0,1.8243327,26598,18.2,100.0,1,0,1,87.758516,57.8656194,21.3666664,27.3,9,,,,,7784,2023-04-09,5217302,Pirenopolis,GO,2023,15
1680393600000,202314,2.0,2,2,2,0.08489735,7.5193624,0,1,521730220231419821,2024-04-08,Pirenópolis,0,0.36652404,26598,17.5714285714286,99.1328242857143,0,0,0,84.230283,57.9400005714286,20.8214285714286,26.0,2,,,,,7784,2023-04-02,5217302,Pirenopolis,GO,2023,14
1679788800000,202313,6.0,6,6,6,0.48795354,22.558086,0,1,521730220231319814,2024-04-01,Pirenópolis,0,0.98336816,26598,19.2857142857143,81.56611,0,0,1,70.9187511428571,60.5091565714286,21.9166668571429,24.5714285714286,6,,,,,7784,2023-03-26,5217302,Pirenopolis,GO,2023,13
1679184000000,202312,5.0,5,5,5,0.35953325,18.798407,0,1,521730220231219808,2024-03-26,Pirenópolis,0,0.8122347,26598,18.0,97.4450442857143,0,0,0,85.5891867142857,65.8236255714286,20.700476,24.7142857142857,5,,,,,7784,2023-03-19,5217302,Pirenopolis,GO,2023,12
1678579200000,202311,6.0,6,6,6,0.60699934,22.558086,0,2,521730220231119800,2024-03-18,Pirenópolis,0,1.1699728,26598,19.3,98.781332,1,0,1,94.376899,92.301731,19.65,19.8,5,,,,,7784,2023-03-12,5217302,Pirenopolis,GO,2023,11
1677974400000,202310,8.0,8,8,8,0.9036352,30.07745,0,1,521730220231019794,2024-03-12,Pirenópolis,0,2.1338768,26598,20.2857142857143,91.3310142857143,1,0,1,89.5009748571429,87.6709371428571,20.5,20.7142857142857,8,,,,,7784,2023-03-05,5217302,Pirenopolis,GO,2023,10
1677369600000,202309,4.0,4,4,4,0.7568541,15.038725,0,1,521730220230919786,2024-03-04,Pirenópolis,0,1.6895256,26598,20.5714285714286,90.0451585714286,1,0,0,88.0313042857143,86.01745,20.7142857142857,20.8571428571429,4,,,,,7784,2023-02-26,5217302,Pirenopolis,GO,2023,9
1676764800000,202308,5.0,5,5,5,0.9257991,18.798407,0,1,521730220230819780,2024-02-27,Pirenópolis,0,3.087673,26598,18.0,100.0,0,0,0,89.4094942857143,66.4204107142857,20.6011905714286,25.1428571428571,5,,,,,7784,2023-02-19,5217302,Pirenopolis,GO,2023,8
1676160000000,202307,1.0,1,1,1,0.39219454,3.7596812,0,2,521730220230719773,2024-02-20,Pirenópolis,0,0.740544,26598,21.1428571428571,88.8808051428571,1,0,0,84.1399612857143,77.7804267142857,21.9345237142857,23.1428571428571,1,,,,,7784,2023-02-12,5217302,Pirenopolis,GO,2023,7
1675555200000,202306,2.0,2,2,2,0.5923925,7.5193624,0,2,521730220230619768,2024-02-15,Pirenópolis,0,1.245622,26598,20.2857142857143,91.86556,1,0,0,88.01908,84.4496152857143,20.9523808571429,21.5714285714286,2,,,,,7784,2023-02-05,5217302,Pirenopolis,GO,2023,6
1674950400000,202305,1.0,1,1,1,0.20741802,3.9897861,0,2,521730220230519759,2024-02-06,Pirenópolis,0,0.44064766,25064,19.1428571428571,94.2639322857143,1,0,0,84.7753371428571,69.0079891428571,21.440476,24.5714285714286,1,,,,,7784,2023-01-29,5217302,Pirenopolis,GO,2023,5
1674345600000,202304,1.0,1,1,1,0.11858589,3.9897861,0,1,521730220230419752,2024-01-30,Pirenópolis,0,0.32509798,25064,18.8571428571429,99.1392157142857,1,0,0,98.03951,93.6554652857143,19.2976191428571,20.1428571428571,1,,,,,7784,2023-01-22,5217302,Pirenopolis,GO,2023,4
1673740800000,202303,3.0,3,3,3,0.33175805,11.969358,0,1,521730220230319747,2024-01-25,Pirenópolis,0,0.7336982,25064,20.4285714285714,86.2391942857143,1,0,0,86.2391942857143,86.2391942857143,20.4285714285714,20.4285714285714,3,,,,,7784,2023-01-15,5217302,Pirenopolis,GO,2023,3
1673136000000,202302,2.0,2,2,2,0.13907816,7.9795723,0,1,521730220230219747,2024-01-25,Pirenópolis,0,0.43863,25064,17.8571428571429,99.1263634285714,0,0,0,89.8919634285714,70.5528698571429,20.2738097142857,24.1428571428571,2,,,,,7784,2023-01-08,5217302,Pirenopolis,GO,2023,2
1672531200000,202301,5.0,5,5,5,0.5801619,19.94893,0,1,521730220230119740,2024-01-18,Pirenópolis,0,1.1345985,25064,17.8571428571429,100.0,0,0,0,92.4179758571429,74.13403,20.1726191428571,23.8571428571429,5,,,,,7784,2023-01-01,5217302,Pirenopolis,GO,2023,1
1671926400000,202252,5.0,5,5,5,0.6530259,19.94893,0,2,521730220225219733,2024-01-11,Pirenópolis,0,1.2876096,25064,18.3333333333333,100.0,1,0,0,96.62123,84.7781383333333,19.3911613333333,22.0,4,,,,,7784,2022-12-25,5217302,Pirenopolis,GO,2022,52
1671321600000,202251,4.0,4,4,4,0.65422505,15.959145,0,2,521730220225119718,2023-12-27,Pirenópolis,0,1.327753,25064,18.5,100.0,1,0,0,95.280685,77.70364,20.200321,23.5,4,,,,,7784,2022-12-18,5217302,Pirenopolis,GO,2022,51
1670716800000,202250,5.0,5,5,5,0.8581529,19.94893,0,1,521730220225019718,2023-12-27,Pirenópolis,0,2.1685896,25064,18.1666666666667,100.0,1,0,0,91.7805766666667,74.4378356666667,20.3692633333333,24.0,5,,,,,7784,2022-12-11,5217302,Pirenopolis,GO,2022,50
1670112000000,202249,2.0,2,2,2,0.54826975,7.9795723,0,1,521730220224919708,2023-12-17,Pirenópolis,0,1.118085,25064,18.2857142857143,99.1392157142857,1,0,0,85.0671435714286,64.2153914285714,21.2175325714286,25.4285714285714,2,,,,,7784,2022-12-04,5217302,Pirenopolis,GO,2022,49
1669507200000,202248,3.0,3,3,3,0.751918,11.969358,0,1,521730220224819684,2023-11-23,Pirenópolis,0,1.7970195,25064,17.4285714285714,100.0,0,0,0,87.5998792857143,64.6387341428571,20.1154765714286,24.2857142857143,3,,,,,7784,2022-11-27,5217302,Pirenopolis,GO,2022,48
1668902400000,202247,1.0,1,1,1,0.24325377,3.9897861,0,1,521730220224719684,2023-11-23,Pirenópolis,0,0.49032444,25064,17.1428571428571,100.0,0,0,0,86.6317734285714,65.2369838571429,20.2440474285714,24.8571428571429,1,,,,,7784,2022-11-20,5217302,Pirenopolis,GO,2022,47
1668297600000,202246,2.0,2,2,2,0.35165396,7.9795723,0,1,521730220224619684,2023-11-23,Pirenópolis,0,0.72511524,25064,18.2857142857143,95.0169222857143,1,0,0,79.8852658571429,56.6513914285714,21.7460318571429,26.4285714285714,2,,,,,7784,2022-11-13,5217302,Pirenopolis,GO,2022,46
1667692800000,202245,1.0,1,1,1,0.09939515,3.9897861,0,1,521730220224519684,2023-11-23,Pirenópolis,0,0.30023894,25064,17.1428571428571,95.7583577142857,0,0,0,75.0573364285714,51.0454638571429,21.0243508571429,26.1428571428571,1,,,,,7784,2022-11-06,5217302,Pirenopolis,GO,2022,45
1667088000000,202244,4.0,4,4,4,0.59042776,15.959145,0,1,521730220224419684,2023-11-23,Pirenópolis,0,1.1722559,25064,16.2857142857143,99.1132242857143,0,0,0,84.3986988571429,59.8000485714286,19.901316,24.8571428571429,4,,,,,7784,2022-10-30,5217302,Pirenopolis,GO,2022,44
1666483200000,202243,2.0,2,2,2,0.39977252,7.9795723,0,1,521730220224319684,2023-11-23,Pirenópolis,0,0.80346763,25064,17.5714285714286,95.8250334285714,0,0,0,81.3426257142857,60.0616291428571,20.9202382857143,25.2857142857143,2,,,,,7784,2022-10-23,5217302,Pirenopolis,GO,2022,43
1665878400000,202242,6.0,6,6,6,0.907266,23.938717,0,1,521730220224219684,2023-11-23,Pirenópolis,0,2.4815843,25064,19.2857142857143,68.5980471428571,0,0,1,47.8926925714286,30.4805235714286,24.3728354285714,30.0,6,,,,,7784,2022-10-16,5217302,Pirenopolis,GO,2022,42
1665273600000,202241,1.0,1,1,1,0.08241732,3.9897861,0,1,521730220224119684,2023-11-23,Pirenópolis,0,0.27770767,25064,18.5714285714286,71.7769974285714,0,0,0,52.4328667142857,31.7584192857143,23.4583331428571,29.0,1,,,,,7784,2022-10-09,5217302,Pirenopolis,GO,2022,41
1664668800000,202240,1.0,1,1,1,0.042673938,3.9897861,0,1,521730220224019684,2023-11-23,Pirenópolis,0,0.21975602,25064,18.0,92.3836557142857,0,0,0,74.2965471428572,54.0394517142857,21.1693722857143,25.4285714285714,1,,,,,7784,2022-10-02,5217302,Pirenopolis,GO,2022,40
1664064000000,202239,5.0,5,5,5,0.51314354,19.94893,0,1,521730220223919684,2023-11-23,Pirenópolis,0,1.0202785,25064,18.0,93.2277177142857,0,0,0,72.4602034285714,46.6733407142857,22.3772894285714,27.8571428571429,5,,,,,7784,2022-09-25,5217302,Pirenopolis,GO,2022,39
1663459200000,202238,4.0,4,4,4,0.38079002,15.959145,0,1,521730220223819684,2023-11-23,Pirenópolis,0,0.82296365,25064,18.4285714285714,94.0814271428571,1,0,0,82.3736452857143,62.5808215714286,20.6099067142857,24.5714285714286,4,,,,,7784,2022-09-18,5217302,Pirenopolis,GO,2022,38
1662854400000,202237,6.0,6,6,6,0.6108586,23.938717,0,1,521730220223719684,2023-11-23,Pirenópolis,0,1.1770594,25064,17.8571428571429,63.0493694285714,0,0,1,43.8951094285714,29.1877077142857,23.424603,28.1428571428571,5,,,,,7784,2022-09-11,5217302,Pirenopolis,GO,2022,37
1662249600000,202236,4.0,4,4,4,0.38607338,15.959145,0,1,521730220223619684,2023-11-23,Pirenópolis,0,0.8300127,25064,17.2857142857143,54.4365535714286,0,0,0,35.4446488571429,19.4452568571429,23.8511902857143,30.2857142857143,4,,,,,7784,2022-09-04,5217302,Pirenopolis,GO,2022,36
1661644800000,202235,5.0,5,5,5,0.7261999,19.94893,0,1,521730220223519684,2023-11-23,Pirenópolis,0,1.4908262,25064,15.5714285714286,61.8963704285714,0,0,0,45.6390825714286,31.1906117142857,20.3191201428571,25.1428571428571,5,,,,,7784,2022-08-28,5217302,Pirenopolis,GO,2022,35
1661040000000,202234,7.0,7,7,7,0.9582844,27.928503,0,1,521730220223419684,2023-11-23,Pirenópolis,0,3.2493014,25064,14.5714285714286,66.633373,0,1,1,48.4072867142857,32.48884,19.3445665714286,24.5714285714286,7,,,,,7784,2022-08-21,5217302,Pirenopolis,GO,2022,34
1660435200000,202233,2.0,2,2,2,0.60479814,7.9795723,0,1,521730220223319684,2023-11-23,Pirenópolis,0,1.2857229,25064,15.4285714285714,69.8817931428571,0,0,0,50.1843121428571,32.6956125714286,20.549817,26.2857142857143,2,,,,,7784,2022-08-14,5217302,Pirenopolis,GO,2022,33
1659830400000,202232,2.0,2,2,2,0.54966253,7.9795723,0,1,521730220223219684,2023-11-23,Pirenópolis,0,1.1217939,25064,14.5714285714286,66.2495097142857,0,0,0,46.9966142857143,29.7938431428571,20.738095,27.8571428571429,2,,,,,7784,2022-08-07,5217302,Pirenopolis,GO,2022,32
1659225600000,202231,2.0,2,2,2,0.17518787,7.9795723,0,1,521730220223119684,2023-11-23,Pirenópolis,0,0.48442835,25064,16.0,62.1719987142857,0,0,0,47.9429218571429,31.7544127142857,20.1488094285714,24.8571428571429,2,,,,,7784,2022-07-31,5217302,Pirenopolis,GO,2022,31
1658620800000,202230,0.0,0,0,0,0.0,0.0,0,1,521730220223019684,2023-11-23,Pirenópolis,0,0.0,25064,14.5714285714286,68.6283071428571,0,0,0,50.2767515714286,30.5069291428571,19.7266808571429,26.2857142857143,0,,,,,7784,2022-07-24,5217302,Pirenopolis,GO,2022,30
1658016000000,202229,2.0,2,2,2,0.09497342,7.9795723,0,1,521730220222919684,2023-11-23,Pirenópolis,0,0.38056207,25064,14.8571428571429,70.2895862857143,0,0,0,53.2017617142857,36.0065064285714,19.1785714285714,24.7142857142857,2,,,,,7784,2022-07-17,5217302,Pirenopolis,GO,2022,29
1657411200000,202228,13.0,13,13,13,0.9780623,51.867218,0,1,521730220222819684,2023-11-23,Pirenópolis,0,2.67858,25064,14.0,74.1568294285714,0,1,1,57.6656964285714,39.1299495714286,18.1657162857143,23.5714285714286,12,,,,,7784,2022-07-10,5217302,Pirenopolis,GO,2022,28
1656806400000,202227,1.0,1,1,1,0.021619067,3.9897861,0,1,521730220222719684,2023-11-23,Pirenópolis,1,0.1807811,25064,13.7142857142857,77.6870271428571,0,0,0,56.9373482857143,36.7441878571429,18.8068182857143,24.7142857142857,1,,,,,7784,2022-07-03,5217302,Pirenopolis,GO,2022,27
1656201600000,202226,5.0,5,5,5,0.27915233,19.94893,0,1,521730220222619684,2023-11-23,Pirenópolis,0,0.71957844,25064,13.2857142857143,76.3753434285714,0,0,0,53.9045027142857,31.7550938571429,19.1502097142857,26.1428571428571,5,,,,,7784,2022-06-26,5217302,Pirenopolis,GO,2022,26
1655596800000,202225,7.0,7,7,7,0.22281314,27.928503,0,1,521730220222519684,2023-11-23,Pirenópolis,0,0.69546914,25064,15.5714285714286,75.6771517142857,0,0,1,55.6040041428571,35.5478801428571,20.25,26.0,7,,,,,7784,2022-06-19,5217302,Pirenopolis,GO,2022,25
1654992000000,202224,3.0,3,3,3,0.0012931154,11.969358,0,1,521730220222419684,2023-11-23,Pirenópolis,0,0.20223194,25064,14.8571428571429,88.1028785714286,0,0,0,65.6412571428571,43.433152,19.4226188571429,24.7142857142857,3,,,,,7784,2022-06-12,5217302,Pirenopolis,GO,2022,24
1654387200000,202223,13.0,13,13,13,0.031630795,51.867218,0,1,521730220222319684,2023-11-23,Pirenópolis,1,0.5395145,25064,14.8571428571429,88.8545628571429,0,0,1,71.088079,49.8489077142857,18.5827665714286,23.2857142857143,12,,,,,7784,2022-06-05,5217302,Pirenopolis,GO,2022,23
1653782400000,202222,10.0,10,10,10,1.04837e-05,39.89786,0,1,521730220222219684,2023-11-23,Pirenópolis,1,0.26075253,25064,14.8571428571429,74.4331647142857,0,0,1,53.886334,32.6474958571429,20.4659865714286,27.5714285714286,10,,,,,7784,2022-05-29,5217302,Pirenopolis,GO,2022,22
1653177600000,202221,22.0,22,22,22,0.0001270742,87.77529,0,4,521730220222119684,2023-11-23,Pirenópolis,0,0.41490173,25064,13.5714285714286,83.0943414285714,0,0,2,62.3615414285714,37.0561197142857,18.7268088571429,25.7142857142857,22,,,,,7784,2022-05-22,5217302,Pirenopolis,GO,2022,21
1652572800000,202220,36.0,36,36,36,0.0058550355,143.6323,0,4,521730220222019684,2023-11-23,Pirenópolis,0,0.5948375,25064,10.7142857142857,91.1728057142857,0,0,2,66.6731381428571,39.4300551428571,15.8511905714286,22.4285714285714,35,,,,,7784,2022-05-15,5217302,Pirenopolis,GO,2022,20
1651968000000,202219,59.0,59,59,59,0.55217075,235.39738,0,4,521730220221919684,2023-11-23,Pirenópolis,0,1.0245014,25064,17.4285714285714,88.4247414285714,0,0,2,70.3056571428571,47.3955627142857,21.245879,26.2857142857143,58,,,,,7784,2022-05-08,5217302,Pirenopolis,GO,2022,19
1651363200000,202218,66.0,66,66,66,0.97072214,263.3259,0,4,521730220221819684,2023-11-23,Pirenópolis,0,1.4316343,25064,17.2857142857143,89.0219721428571,0,1,2,70.785258,49.7008497142857,21.3571428571429,26.4285714285714,66,,,,,7784,2022-05-01,5217302,Pirenopolis,GO,2022,18
1650758400000,202217,63.0,63,63,63,0.9993255,251.35652,0,4,521730220221719684,2023-11-23,Pirenópolis,0,1.9592152,25064,17.7142857142857,89.1109165714286,0,1,2,66.1540115714286,41.3668888571429,22.0817102857143,27.4285714285714,63,,,,,7784,2022-04-24,5217302,Pirenopolis,GO,2022,17
1650153600000,202216,48.0,48,48,48,0.99505293,191.50974,0,4,521730220221619684,2023-11-23,Pirenópolis,2,1.8397471,25064,16.5714285714286,84.6462114285714,0,1,2,63.8119252857143,38.432626,21.7719982857143,27.8571428571429,48,,,,,7784,2022-04-17,5217302,Pirenopolis,GO,2022,16
1649548800000,202215,30.0,30,30,30,0.22385095,119.69358,0,1,521730220221519684,2023-11-23,Pirenópolis,1,0.8303133,25064,18.4285714285714,99.1132242857143,1,0,2,79.13817,52.0368501428571,22.1726191428571,27.8571428571429,30,,,,,7784,2022-04-10,5217302,Pirenopolis,GO,2022,15
1648944000000,202214,14.0,14,14,14,1.4008e-06,55.857006,0,1,521730220221419684,2023-11-23,Pirenópolis,0,0.27912575,25064,19.0,85.1908908571429,0,0,1,65.6714547142857,44.9922242857143,23.059524,28.0,14,,,,,7784,2022-04-03,5217302,Pirenopolis,GO,2022,14
1648339200000,202213,27.0,27,27,27,0.008210929,107.72423,0,4,521730220221319684,2023-11-23,Pirenópolis,0,0.5689955,25064,18.7142857142857,94.9028014285714,1,0,2,72.3662398571429,43.7384705714286,22.9611244285714,28.7142857142857,27,,,,,7784,2022-03-27,5217302,Pirenopolis,GO,2022,13
1647734400000,202212,72.0,72,72,72,0.99992913,287.2646,0,4,521730220221219684,2023-11-23,Pirenópolis,1,2.147763,25064,18.2857142857143,92.616132,1,1,2,72.4871228571429,44.6822851428571,22.6998298571429,28.4285714285714,72,,,,,7784,2022-03-20,5217302,Pirenopolis,GO,2022,12
1647129600000,202211,52.0,52,52,52,0.9997206,207.46887,0,4,521730220221119684,2023-11-23,Pirenópolis,1,2.286767,25064,19.2857142857143,99.1392157142857,1,1,2,86.797788,63.8583875714286,21.3969388571429,25.4285714285714,52,,,,,7784,2022-03-13,5217302,Pirenopolis,GO,2022,11
1646524800000,202210,27.0,27,27,27,0.87566334,107.72423,0,4,521730220221019684,2023-11-23,Pirenópolis,0,1.4029702,25064,17.8571428571429,94.82857,0,0,2,72.9401575714286,45.274505,22.5659108571429,28.2857142857143,27,,,,,7784,2022-03-06,5217302,Pirenopolis,GO,2022,10
1645920000000,202209,23.0,23,23,23,0.6213629,91.76508,0,1,521730220220919684,2023-11-23,Pirenópolis,0,1.0967865,25064,17.8571428571429,94.1173957142857,0,0,2,75.0684308571429,47.3565297142857,21.9976191428571,27.7142857142857,23,,,,,7784,2022-02-27,5217302,Pirenopolis,GO,2022,9
1645315200000,202208,11.0,11,11,11,0.05220407,43.887646,0,1,521730220220819684,2023-11-23,Pirenópolis,0,0.5547528,25064,18.0,100.0,0,0,1,83.4781012857143,54.326238,21.7397962857143,27.4285714285714,10,,,,,7784,2022-02-20,5217302,Pirenopolis,GO,2022,8
1644710400000,202207,27.0,27,27,27,0.9768084,107.72423,0,4,521730220220719684,2023-11-23,Pirenópolis,0,1.8730669,25064,18.0,100.0,0,1,2,92.0771272857143,72.3049385714286,20.4900792857143,24.1428571428571,27,,,,,7784,2022-02-13,5217302,Pirenopolis,GO,2022,7
1644105600000,202206,23.0,23,23,23,0.9819454,91.76508,0,2,521730220220619684,2023-11-23,Pirenópolis,0,2.0805,25064,18.1428571428571,100.0,1,1,2,92.343408,71.848525,20.2976194285714,24.0,22,,,,,7784,2022-02-06,5217302,Pirenopolis,GO,2022,6
1643500800000,202205,13.0,13,13,13,0.41707245,51.867218,0,2,521730220220519684,2023-11-23,Pirenópolis,0,0.9237791,25064,18.4285714285714,100.0,1,0,1,84.45121,61.1063842857143,21.7083331428571,26.1428571428571,13,,,,,7784,2022-01-30,5217302,Pirenopolis,GO,2022,5
1642896000000,202204,6.0,6,6,6,0.002675745,23.938717,0,1,521730220220419684,2023-11-23,Pirenópolis,2,0.30864996,25064,18.5714285714286,95.1401142857143,1,0,1,80.2813375714286,58.1959955714286,21.8571431428571,26.2857142857143,5,,,,,7784,2022-01-23,5217302,Pirenopolis,GO,2022,4
1642291200000,202203,12.0,12,12,12,0.13088949,47.877434,0,1,521730220220319684,2023-11-23,Pirenópolis,1,0.66503954,25064,18.8571428571429,88.390366,1,0,1,70.0391428571429,46.5568182857143,22.7657562857143,27.8571428571429,11,,,,,7784,2022-01-16,5217302,Pirenopolis,GO,2022,3
1641686400000,202202,23.0,23,23,23,0.9910641,91.76508,0,4,521730220220219684,2023-11-23,Pirenópolis,0,2.345159,25064,17.8571428571429,96.2088142857143,0,1,2,87.3855217142857,72.0729728571429,20.654762,24.0,22,,,,,7784,2022-01-09,5217302,Pirenopolis,GO,2022,2
1641081600000,202201,29.0,29,29,29,0.9999785,115.7038,0,1,521730220220119684,2023-11-23,Pirenópolis,6,4.758155,25064,18.5714285714286,100.0,1,1,2,95.1899515714286,77.6922931428571,20.4213251428571,24.0,29,,,,,7784,2022-01-02,5217302,Pirenopolis,GO,2022,1
1640476800000,202152,0.0,0,0,0,0.0,0.0,0,1,521730220215219684,2023-11-23,Pirenópolis,1,0.0,25064,17.8571428571429,100.0,0,0,0,87.54234,67.2852105714286,20.9751554285714,24.8571428571429,0,,,,,7784,2021-12-26,5217302,Pirenopolis,GO,2021,52
1639872000000,202151,4.0,4,4,4,0.107390605,15.959145,0,2,521730220215119684,2023-11-23,Pirenópolis,0,0.49235976,25064,18.8571428571429,100.0,1,0,0,89.7793251428571,68.158063,21.3664597142857,25.8571428571429,4,,,,,7784,2021-12-19,5217302,Pirenopolis,GO,2021,51
1639267200000,202150,10.0,10,10,10,0.7525619,39.89786,0,2,521730220215019684,2023-11-23,Pirenópolis,1,1.3811249,25064,19.0,100.0,1,0,1,90.3900851428571,66.0998704285714,21.36166,26.0,10,,,,,7784,2021-12-12,5217302,Pirenopolis,GO,2021,50
1638662400000,202149,9.0,9,9,9,0.7663216,35.908073,0,2,521730220214919684,2023-11-23,Pirenópolis,0,1.4405757,25064,18.5714285714286,100.0,1,0,1,84.2468791428571,55.5034468571429,22.0289854285714,27.4285714285714,9,,,,,7784,2021-12-05,5217302,Pirenopolis,GO,2021,49
1638057600000,202148,6.0,6,6,6,0.5795749,23.938717,0,2,521730220214819684,2023-11-23,Pirenópolis,1,1.12185,25064,18.7142857142857,100.0,1,0,1,87.4214114285714,63.5140025714286,21.9006211428571,26.7142857142857,6,,,,,7784,2021-11-28,5217302,Pirenopolis,GO,2021,48
1637452800000,202147,8.0,8,8,8,0.7946036,31.91829,0,2,521730220214719684,2023-11-23,Pirenópolis,0,1.5603424,25064,18.5714285714286,97.4514357142857,1,0,1,77.9050398571429,52.55804,23.0550534285714,28.1428571428571,8,,,,,7784,2021-11-21,5217302,Pirenopolis,GO,2021,47
1636848000000,202146,3.0,3,3,3,0.2039085,11.969358,0,2,521730220214619684,2023-11-23,Pirenópolis,0,0.5724826,25064,18.5714285714286,100.0,1,0,0,91.7776028571429,66.0238484285714,20.6670701428571,24.7142857142857,3,,,,,7784,2021-11-14,5217302,Pirenopolis,GO,2021,46
1636243200000,202145,7.0,7,7,7,0.64539546,27.928503,0,2,521730220214519684,2023-11-23,Pirenópolis,0,1.2249165,25064,18.4285714285714,100.0,1,0,1,91.4081785714286,66.2629178571429,20.8334271428571,25.7142857142857,4,,,,,7784,2021-11-07,5217302,Pirenopolis,GO,2021,45
1635638400000,202144,3.0,3,3,3,0.1511022,11.969358,0,2,521730220214419684,2023-11-23,Pirenópolis,0,0.5081473,25064,18.2857142857143,100.0,1,0,0,88.5543751428571,65.1522964285714,20.994918,25.7142857142857,3,,,,,7784,2021-10-31,5217302,Pirenopolis,GO,2021,44
1635033600000,202143,8.0,8,8,8,0.67922044,31.91829,0,2,521730220214319684,2023-11-23,Pirenópolis,0,1.2712097,25064,18.7142857142857,90.5145814285714,1,0,1,72.1550752857143,49.69162,23.0090345714286,28.7142857142857,0,,,,,7784,2021-10-24,5217302,Pirenopolis,GO,2021,43
1634428800000,202142,4.0,4,4,4,0.15159671,15.959145,0,1,521730220214219684,2023-11-23,Pirenópolis,0,0.5473866,25064,18.5714285714286,96.66053,1,0,0,79.1744615714286,52.8628592857143,22.4009031428571,27.4285714285714,1,,,,,7784,2021-10-17,5217302,Pirenopolis,GO,2021,42
1633824000000,202141,8.0,8,8,8,0.42612952,31.91829,0,1,521730220214119684,2023-11-23,Pirenópolis,0,0.9150089,25064,18.5714285714286,99.1328242857143,1,0,1,77.5924328571429,51.2684364285714,22.6796768571429,28.1428571428571,3,,,,,7784,2021-10-10,5217302,Pirenopolis,GO,2021,41
1633219200000,202140,4.0,4,4,4,0.09207018,15.959145,0,1,521730220214019684,2023-11-23,Pirenópolis,0,0.47182673,25064,19.4285714285714,82.4702968571429,0,0,0,59.5718394285714,34.1394867142857,24.6726191428571,31.5714285714286,1,,,,,7784,2021-10-03,5217302,Pirenopolis,GO,2021,40
1632614400000,202139,13.0,13,13,13,0.89779466,51.867218,0,1,521730220213919684,2023-11-23,Pirenópolis,0,1.7518897,25064,18.1428571428571,86.2582928571429,1,0,1,62.8704997142857,38.255276,23.029762,29.5714285714286,4,,,,,7784,2021-09-26,5217302,Pirenopolis,GO,2021,39
1632009600000,202138,7.0,7,7,7,0.6143274,27.928503,0,1,521730220213819684,2023-11-23,Pirenópolis,0,1.1692812,25064,19.1428571428571,60.4110885714286,0,0,1,39.6199042857143,23.1137945714286,26.1488097142857,32.8571428571429,3,,,,,7784,2021-09-19,5217302,Pirenopolis,GO,2021,38
1631404800000,202137,8.0,8,8,8,0.8188787,31.91829,0,1,521730220213719684,2023-11-23,Pirenópolis,0,1.6472865,25064,18.8571428571429,50.066183,0,0,1,32.256969,18.0487144285714,25.7597402857143,32.4285714285714,1,,,,,7784,2021-09-12,5217302,Pirenopolis,GO,2021,37
1630800000000,202136,7.0,7,7,7,0.73385924,27.928503,0,1,521730220213619684,2023-11-23,Pirenópolis,0,1.4215652,25064,19.4285714285714,59.2095652857143,0,0,1,37.1401778571429,20.2205655714286,25.973602,32.1428571428571,2,,,,,7784,2021-09-05,5217302,Pirenopolis,GO,2021,36
1630195200000,202135,2.0,2,2,2,0.10859455,7.9795723,0,1,521730220213519684,2023-11-23,Pirenópolis,0,0.39896187,25064,16.4285714285714,69.841463,0,0,0,47.5356134285714,28.3318171428571,22.2487531428571,28.2857142857143,1,,,,,7784,2021-08-29,5217302,Pirenopolis,GO,2021,35
1629590400000,202134,7.0,7,7,7,0.68167925,27.928503,0,1,521730220213419684,2023-11-23,Pirenópolis,0,1.2975432,25064,18.0,53.9815044285714,0,0,1,39.3554965714286,24.4643262857143,23.5761657142857,30.0,4,,,,,7784,2021-08-22,5217302,Pirenopolis,GO,2021,34
1628985600000,202133,4.0,4,4,4,0.24094501,15.959145,0,1,521730220213319684,2023-11-23,Pirenópolis,0,0.6515891,25064,15.8571428571429,57.0250405714286,0,0,0,40.3821357142857,24.2236498571429,21.8881991428571,28.1428571428571,2,,,,,7784,2021-08-15,5217302,Pirenopolis,GO,2021,33
1628380800000,202132,5.0,5,5,5,0.29640466,19.94893,0,1,521730220213219684,2023-11-23,Pirenópolis,1,0.7389667,25064,15.4285714285714,64.4222334285714,0,0,0,44.4584991428571,25.6820474285714,21.2795031428571,27.8571428571429,2,,,,,7784,2021-08-08,5217302,Pirenopolis,GO,2021,32
1627776000000,202131,7.0,7,7,7,0.44788072,27.928503,0,1,521730220213119684,2023-11-23,Pirenópolis,2,0.9352842,25064,14.4285714285714,71.8641871428571,0,0,1,53.1759097142857,33.6873931428571,19.5175042857143,25.4285714285714,3,,,,,7784,2021-08-01,5217302,Pirenopolis,GO,2021,31
1627171200000,202130,6.0,6,6,6,0.27631822,23.938717,0,1,521730220213019684,2023-11-23,Pirenópolis,0,0.7348535,25064,12.0,64.347814,0,0,1,47.0490831428571,29.6533194285714,18.3167705714286,26.0,2,,,,,7784,2021-07-25,5217302,Pirenopolis,GO,2021,30
1626566400000,202129,8.0,8,8,8,0.42329326,31.91829,0,1,521730220212919684,2023-11-23,Pirenópolis,0,0.9119229,25064,13.7142857142857,64.8022745714286,0,0,1,47.4690174285714,28.6430705714286,19.7329194285714,26.4285714285714,2,,,,,7784,2021-07-18,5217302,Pirenopolis,GO,2021,29
1625961600000,202128,8.0,8,8,8,0.36118746,31.91829,0,1,521730220212819684,2023-11-23,Pirenópolis,0,0.846746,25064,13.4285714285714,71.7224041428571,0,0,1,49.2828701428571,30.3814798571429,19.625,26.1428571428571,2,,,,,7784,2021-07-11,5217302,Pirenopolis,GO,2021,28
1625356800000,202127,9.0,9,9,9,0.36357453,35.908073,0,1,521730220212719684,2023-11-23,Pirenópolis,1,0.8565275,25064,13.5714285714286,66.7042857142857,0,0,1,48.3110745714286,28.8727437142857,18.6645962857143,25.1428571428571,5,,,,,7784,2021-07-04,5217302,Pirenopolis,GO,2021,27
1624752000000,202126,9.0,9,9,9,0.18175732,35.908073,0,1,521730220212619684,2023-11-23,Pirenópolis,0,0.6825153,25064,10.7142857142857,79.3950562857143,0,0,1,57.431358,36.748393,16.7978544285714,23.2857142857143,2,,,,,7784,2021-06-27,5217302,Pirenopolis,GO,2021,26
1624147200000,202125,11.0,11,11,11,0.12533006,43.887646,0,1,521730220212519684,2023-11-23,Pirenópolis,0,0.64860266,25064,15.4285714285714,75.9394685714286,0,0,1,55.206722,34.6668837142857,20.664596,26.5714285714286,9,,,,,7784,2021-06-20,5217302,Pirenopolis,GO,2021,25
1623542400000,202124,9.0,9,9,9,0.0615705,35.908073,0,1,521730220212419684,2023-11-23,Pirenópolis,0,0.54171246,25064,15.1428571428571,82.0269098571429,0,0,1,65.1930441428571,45.4735087142857,19.3878691428571,24.8571428571429,7,,,,,7784,2021-06-13,5217302,Pirenopolis,GO,2021,24
1622937600000,202123,22.0,22,22,22,0.9583277,87.77529,0,1,521730220212319684,2023-11-23,Pirenópolis,4,1.8198082,25064,16.0,88.3310557142857,0,1,2,68.2020574285714,46.7567031428571,20.1428568571429,25.5714285714286,18,,,,,7784,2021-06-06,5217302,Pirenopolis,GO,2021,23
1622332800000,202122,20.0,20,20,20,0.98721564,79.79572,0,1,521730220212219684,2023-11-23,Pirenópolis,2,2.3678057,25064,16.4285714285714,80.41229,0,1,1,60.4183187142857,35.7808775714286,21.1432454285714,27.4285714285714,19,,,,,7784,2021-05-30,5217302,Pirenopolis,GO,2021,22
1621728000000,202121,10.0,10,10,10,0.664129,39.89786,0,1,521730220212119684,2023-11-23,Pirenópolis,0,1.2146013,25064,16.4285714285714,94.9369537142857,0,0,1,72.066046,44.8841861428571,21.5773811428571,27.8571428571429,10,,,,,7784,2021-05-23,5217302,Pirenopolis,GO,2021,21
1621123200000,202120,7.0,7,7,7,0.21355312,27.928503,0,1,521730220212019684,2023-11-23,Pirenópolis,0,0.6859827,25064,14.5714285714286,85.108395,0,0,1,62.1241255714286,37.9491958571429,20.2023808571429,26.4285714285714,6,,,,,7784,2021-05-16,5217302,Pirenopolis,GO,2021,20
1620518400000,202119,6.0,6,6,6,0.09176883,23.938717,0,1,521730220211919684,2023-11-23,Pirenópolis,0,0.52816826,25064,14.5714285714286,87.2900428571429,0,0,1,63.2998822857143,38.2974987142857,20.0297617142857,26.0,6,,,,,7784,2021-05-09,5217302,Pirenopolis,GO,2021,19
1619913600000,202118,12.0,12,12,12,0.63436663,47.877434,0,1,521730220211819684,2023-11-23,Pirenópolis,2,1.1532737,25064,15.1428571428571,87.3697928571429,0,0,1,67.8905584285714,43.4578621428571,20.0119045714286,26.0,12,,,,,7784,2021-05-02,5217302,Pirenopolis,GO,2021,18
1619308800000,202117,12.0,12,12,12,0.85164064,47.877434,0,1,521730220211719684,2023-11-23,Pirenópolis,1,1.5976968,25064,17.5714285714286,92.4600171428571,0,0,1,74.6662042857143,53.9005391428571,21.3059002857143,26.0,12,,,,,7784,2021-04-25,5217302,Pirenopolis,GO,2021,17
1618704000000,202116,12.0,12,12,12,0.9673685,47.877434,0,1,521730220211619684,2023-11-23,Pirenópolis,1,2.5148602,25064,15.5714285714286,89.9969477142857,0,1,1,72.207623,50.1964552857143,19.6428574285714,24.5714285714286,11,,,,,7784,2021-04-18,5217302,Pirenopolis,GO,2021,16
1618099200000,202115,8.0,8,8,8,0.89561266,31.91829,0,1,521730220211519684,2023-11-23,Pirenópolis,2,2.066797,25064,17.7142857142857,83.5930722857143,0,0,1,67.3079051428572,46.9678761428571,21.6626981428571,27.0,8,,,,,7784,2021-04-11,5217302,Pirenopolis,GO,2021,15
1617494400000,202114,2.0,2,2,2,0.21741566,7.9795723,0,1,521730220211419684,2023-11-23,Pirenópolis,1,0.5381205,25064,17.7142857142857,99.1132242857143,0,0,0,84.6490364285714,59.0212375714286,20.695238,25.7142857142857,2,,,,,7784,2021-04-04,5217302,Pirenopolis,GO,2021,14
1616889600000,202113,5.0,5,5,5,0.666167,19.94893,0,1,521730220211319684,2023-11-23,Pirenópolis,0,1.3196394,25064,18.1428571428571,89.9193242857143,1,0,0,66.8674551428571,38.6015394285714,22.9767687142857,29.2857142857143,5,,,,,7784,2021-03-28,5217302,Pirenopolis,GO,2021,13
1616284800000,202112,3.0,3,3,3,0.36327386,11.969358,0,1,521730220211219684,2023-11-23,Pirenópolis,1,0.7771921,25064,17.4285714285714,87.499242,0,0,0,65.1478984285714,40.7101517142857,22.1844617142857,27.5714285714286,2,,,,,7784,2021-03-21,5217302,Pirenopolis,GO,2021,12
1615680000000,202111,4.0,4,4,4,0.566536,15.959145,0,1,521730220211119684,2023-11-23,Pirenópolis,0,1.1222647,25064,18.0,100.0,0,0,0,91.5368692857143,70.6507971428571,20.2225327142857,23.7142857142857,4,,,,,7784,2021-03-14,5217302,Pirenopolis,GO,2021,11
1615075200000,202110,4.0,4,4,4,0.70663065,15.959145,0,2,521730220211019684,2023-11-23,Pirenópolis,3,1.489331,25064,18.1428571428571,100.0,1,0,0,88.8507655714286,68.9833118571429,20.611111,24.4285714285714,4,,,,,7784,2021-03-07,5217302,Pirenopolis,GO,2021,10
1614470400000,202109,4.0,4,4,4,0.85490817,15.959145,0,2,521730220210919684,2023-11-23,Pirenópolis,0,2.3530743,25064,18.1428571428571,100.0,1,0,0,88.3924898571429,68.7929521428571,20.4684852857143,24.0,4,,,,,7784,2021-02-28,5217302,Pirenopolis,GO,2021,9
1613865600000,202108,3.0,3,3,3,0.80261457,11.969358,0,1,521730220210819684,2023-11-23,Pirenópolis,1,2.1370325,25064,18.2857142857143,100.0,1,0,0,91.5259877142857,75.0281664285714,20.5573782857143,24.0,3,,,,,7784,2021-02-21,5217302,Pirenopolis,GO,2021,8
1613260800000,202107,1.0,1,1,1,0.3097109,3.9897861,0,1,521730220210719684,2023-11-23,Pirenópolis,1,0.59136397,25064,19.2857142857143,100.0,1,0,0,91.1870857142857,68.4152498571429,21.5516491428571,25.7142857142857,1,,,,,7784,2021-02-14,5217302,Pirenopolis,GO,2021,7
1612656000000,202106,1.0,1,1,1,0.26785445,3.9897861,0,1,521730220210619684,2023-11-23,Pirenópolis,0,0.5261832,25064,17.8571428571429,99.1392157142857,0,0,0,90.030198,71.9747047142857,20.327122,24.1428571428571,1,,,,,7784,2021-02-07,5217302,Pirenopolis,GO,2021,6
1612051200000,202105,2.0,2,2,2,0.5087906,7.9795723,0,1,521730220210519684,2023-11-23,Pirenópolis,0,1.0201163,25064,18.7142857142857,98.2655791428571,1,0,0,83.715322,64.549078,21.7319265714286,26.1428571428571,2,,,,,7784,2021-01-31,5217302,Pirenopolis,GO,2021,5
1611446400000,202104,2.0,2,2,2,0.39583066,7.9795723,0,1,521730220210419684,2023-11-23,Pirenópolis,0,0.7967324,25064,19.1428571428571,85.1787962857143,0,0,0,68.5919875714286,47.2146121428571,22.710434,27.7142857142857,2,,,,,7784,2021-01-24,5217302,Pirenopolis,GO,2021,4
1610841600000,202103,2.0,2,2,2,0.28904614,7.9795723,0,2,521730220210319684,2023-11-23,Pirenópolis,0,0.63346815,25064,18.7142857142857,91.9570108571429,1,0,0,73.5769462857143,50.6180961428571,22.5838745714286,27.2857142857143,2,,,,,7784,2021-01-17,5217302,Pirenopolis,GO,2021,3
1610236800000,202102,1.0,1,1,1,0.14703402,3.9897861,0,2,521730220210219684,2023-11-23,Pirenópolis,0,0.3615619,25064,18.5714285714286,100.0,1,0,0,87.2555728571429,63.3890507142857,21.490476,25.5714285714286,1,,,,,7784,2021-01-10,5217302,Pirenopolis,GO,2021,2
1609632000000,202101,6.0,6,6,6,0.89319867,23.938717,0,2,521730220210119684,2023-11-23,Pirenópolis,1,2.3180666,25064,18.5714285714286,97.4112557142857,1,0,1,78.8080807142857,53.9255891428571,22.2190145714286,28.0,6,,,,,7784,2021-01-03,5217302,Pirenopolis,GO,2021,1
1609027200000,202053,2.0,2,2,2,0.237887,7.9795723,0,2,521730220205319589,2023-08-20,Pirenópolis,0,0.56464016,25064,18.5,96.964885,1,0,0,79.439105,52.085726,21.610119,28.0,1,,,,,7784,2020-12-27,5217302,Pirenopolis,GO,2020,53
1608422400000,202052,4.0,4,4,4,0.4882157,15.959145,0,1,521730220205219589,2023-08-20,Pirenópolis,0,0.9804599,25064,18.3333333333333,96.3644804666667,1,0,0,,,,,3,,,,,7784,2020-12-20,5217302,Pirenopolis,GO,2020,52
1607817600000,202051,2.0,2,2,2,0.25701723,7.9795723,0,1,521730220205119589,2023-08-20,Pirenópolis,0,0.58988774,25064,18.1666666666667,95.7640759333333,1,0,0,,,,,2,,,,,7784,2020-12-13,5217302,Pirenopolis,GO,2020,51
1607212800000,202050,6.0,6,6,6,0.89928776,23.938717,0,1,521730220205019589,2023-08-20,Pirenópolis,0,2.3847709,25064,18.0,95.1636714,0,0,1,,,,,6,,,,,7784,2020-12-06,5217302,Pirenopolis,GO,2020,50
1606608000000,202049,4.0,4,4,4,0.6115802,15.959145,0,1,521730220204919589,2023-08-20,Pirenópolis,0,1.2198958,25064,17.8333333333333,94.5632668666667,0,0,0,,,,,4,,,,,7784,2020-11-29,5217302,Pirenopolis,GO,2020,49
1606003200000,202048,0.0,0,0,0,0.0,0.0,0,1,521730220204819589,2023-08-20,Pirenópolis,0,0.0,25064,17.6666666666667,93.9628623333333,0,0,0,71.3829426666667,47.2069761666667,22.1795126666667,27.3333333333333,0,,,,,7784,2020-11-22,5217302,Pirenopolis,GO,2020,48
1605398400000,202047,4.0,4,4,4,0.29752213,15.959145,0,1,521730220204719589,2023-08-20,Pirenópolis,0,0.7182095,25064,17.8571428571429,100.0,0,0,0,84.3286014285714,57.4786218571429,21.6832297142857,26.8571428571429,3,,,,,7784,2020-11-15,5217302,Pirenopolis,GO,2020,47
1604793600000,202046,4.0,4,4,4,0.491552,15.959145,0,1,521730220204619589,2023-08-20,Pirenópolis,0,0.98593646,25064,18.5714285714286,98.2655791428571,1,0,0,76.6171585714286,51.4199361428571,22.4572745714286,28.1428571428571,4,,,,,7784,2020-11-08,5217302,Pirenopolis,GO,2020,46
1604188800000,202045,9.0,9,9,9,0.96379405,35.908073,0,1,521730220204519589,2023-08-20,Pirenópolis,0,2.893248,25064,17.8571428571429,95.8560565714286,0,1,1,69.2707598571428,43.7730591428571,22.5751258571429,28.1428571428571,9,,,,,7784,2020-11-01,5217302,Pirenopolis,GO,2020,45
1603584000000,202044,3.0,3,3,3,0.20594044,11.969358,0,2,521730220204419589,2023-08-20,Pirenópolis,0,0.5749453,25064,18.7142857142857,99.1517885714286,1,0,0,84.88011,61.7808934285714,21.5595705714286,26.0,3,,,,,7784,2020-10-25,5217302,Pirenopolis,GO,2020,44
1602979200000,202043,1.0,1,1,1,0.0055096787,3.9897861,0,1,521730220204319589,2023-08-20,Pirenópolis,0,0.13326553,25064,18.2857142857143,97.4571157142857,1,0,0,84.4480114285714,60.0847247142857,21.1605094285714,26.1428571428571,1,,,,,7784,2020-10-18,5217302,Pirenopolis,GO,2020,43
1602374400000,202042,3.0,3,3,3,0.1459195,11.969358,0,1,521730220204219589,2023-08-20,Pirenópolis,0,0.5017259,25064,18.7142857142857,87.9671614285714,1,0,0,68.6718948571429,40.0797061428571,23.0300957142857,29.1428571428571,3,,,,,7784,2020-10-11,5217302,Pirenopolis,GO,2020,42
1601769600000,202041,14.0,14,14,14,0.9965941,55.857006,0,1,521730220204119589,2023-08-20,Pirenópolis,0,4.1068287,25064,21.7142857142857,42.4677045714286,0,1,1,26.3246344285714,15.3047632142857,28.5499482857143,35.4285714285714,14,,,,,7784,2020-10-04,5217302,Pirenopolis,GO,2020,41
1601164800000,202040,4.0,4,4,4,0.8420056,15.959145,0,1,521730220204019589,2023-08-20,Pirenópolis,0,2.2299614,25064,20.5714285714286,39.7531938571429,0,0,0,23.3148815714286,10.3990432428571,26.7985801428571,33.5714285714286,3,,,,,7784,2020-09-27,5217302,Pirenopolis,GO,2020,40
1600560000000,202039,3.0,3,3,3,0.8935234,11.969358,0,1,521730220203919589,2023-08-20,Pirenópolis,0,3.3783064,25064,18.4285714285714,73.0207628571429,0,0,0,55.8726141428571,33.7738001428571,22.7080748571429,28.1428571428571,3,,,,,7784,2020-09-20,5217302,Pirenopolis,GO,2020,39
1599955200000,202038,2.0,2,2,2,0.8809365,7.9795723,0,1,521730220203819589,2023-08-20,Pirenópolis,0,3.9111576,25064,18.7142857142857,44.4818685714286,0,0,0,28.2322578571429,14.2669013571429,24.3165111428571,30.4285714285714,2,,,,,7784,2020-09-13,5217302,Pirenopolis,GO,2020,38
1599350400000,202037,0.0,0,0,0,0.0,0.0,0,1,521730220203719589,2023-08-20,Pirenópolis,0,0.0,25064,18.0,43.8544607142857,0,0,0,27.1492575714286,12.3804904142857,24.1801242857143,30.4285714285714,0,,,,,7784,2020-09-06,5217302,Pirenopolis,GO,2020,37
1598745600000,202036,1.0,1,1,1,0.8120292,3.9897861,0,1,521730220203619589,2023-08-20,Pirenópolis,0,3.3289332,25064,17.2857142857143,49.4844941428571,0,0,0,32.3523337142857,16.6490767142857,22.958256,29.1428571428571,1,,,,,7784,2020-08-30,5217302,Pirenopolis,GO,2020,36
1598140800000,202035,0.0,0,0,0,0.0,0.0,0,1,521730220203519589,2023-08-20,Pirenópolis,0,0.0,25064,14.2857142857143,61.9914067142857,0,0,0,40.3848294285714,15.8822085,20.9472048571429,28.5714285714286,0,,,,,7784,2020-08-23,5217302,Pirenopolis,GO,2020,35
1597536000000,202034,0.0,0,0,0,0.0,0.0,0,1,521730220203419589,2023-08-20,Pirenópolis,0,0.0,25064,16.5714285714286,63.6371262857143,0,0,0,44.0827894285714,24.9393312857143,22.5900617142857,29.2857142857143,0,,,,,7784,2020-08-16,5217302,Pirenopolis,GO,2020,34
1596931200000,202033,1.0,1,1,1,0.6693451,3.9897861,0,1,521730220203319589,2023-08-20,Pirenópolis,0,1.7265853,25064,15.5714285714286,62.082757,0,0,0,41.4656791428571,22.459672,21.4059854285714,27.8571428571429,1,,,,,7784,2020-08-09,5217302,Pirenopolis,GO,2020,33
1596326400000,202032,0.0,0,0,0,0.0,0.0,0,1,521730220203219589,2023-08-20,Pirenópolis,0,0.0,25064,12.5714285714286,70.5321272857143,0,0,0,50.045106,30.1016608571429,17.8136645714286,23.7142857142857,0,,,,,7784,2020-08-02,5217302,Pirenopolis,GO,2020,32
1595721600000,202031,1.0,1,1,1,0.24386267,3.9897861,0,1,521730220203119589,2023-08-20,Pirenópolis,0,0.49119312,25064,14.0,72.7851494285714,0,0,0,47.3402555714286,26.1102574285714,20.0479151428571,25.7142857142857,1,,,,,7784,2020-07-26,5217302,Pirenopolis,GO,2020,31
1595116800000,202030,0.0,0,0,0,0.0,0.0,0,1,521730220203019589,2023-08-20,Pirenópolis,0,0.0,25064,13.2857142857143,72.2469024285714,0,0,0,48.2171361428571,25.4707485714286,19.0897794285714,25.5714285714286,0,,,,,7784,2020-07-19,5217302,Pirenopolis,GO,2020,30
1594512000000,202029,2.0,2,2,2,0.35564992,7.9795723,0,1,521730220202919589,2023-08-20,Pirenópolis,0,0.731325,25064,15.0,61.6157967142857,0,0,0,42.5902417142857,23.9337968571429,20.3821357142857,26.4285714285714,2,,,,,7784,2020-07-12,5217302,Pirenopolis,GO,2020,29
1593907200000,202028,4.0,4,4,4,0.87561166,15.959145,0,1,521730220202819589,2023-08-20,Pirenópolis,0,2.5919967,25064,14.5714285714286,70.9059674285714,0,0,0,50.040951,27.516604,19.5015468571429,25.7142857142857,4,,,,,7784,2020-07-05,5217302,Pirenopolis,GO,2020,28
1593302400000,202027,4.0,4,4,4,0.9138306,15.959145,0,1,521730220202719589,2023-08-20,Pirenópolis,0,3.263242,25064,14.0,80.3197024285714,0,0,0,58.5633492857143,32.0293361428571,19.1367364285714,25.5714285714286,4,,,,,7784,2020-06-28,5217302,Pirenopolis,GO,2020,27
1592697600000,202026,0.0,0,0,0,0.0,0.0,0,1,521730220202619589,2023-08-20,Pirenópolis,0,0.0,25064,14.0,78.7862194285714,0,0,0,55.8680118571429,30.6827608571429,19.00647,25.2857142857143,0,,,,,7784,2020-06-21,5217302,Pirenopolis,GO,2020,26
1592092800000,202025,1.0,1,1,1,0.14057502,3.9897861,0,1,521730220202519589,2023-08-20,Pirenópolis,0,0.35328352,25064,14.7142857142857,85.7328557142857,0,0,0,63.3445497142857,37.3063458571429,19.0726754285714,25.1428571428571,1,,,,,7784,2020-06-14,5217302,Pirenopolis,GO,2020,25
1591488000000,202024,2.0,2,2,2,0.11632059,7.9795723,0,1,521730220202419589,2023-08-20,Pirenópolis,0,0.40917516,25064,16.0,78.8719264285714,0,0,0,56.9137971428571,29.1359044285714,20.4787415714286,26.5714285714286,2,,,,,7784,2020-06-07,5217302,Pirenopolis,GO,2020,24
1590883200000,202023,2.0,2,2,2,0.029296204,7.9795723,0,1,521730220202319589,2023-08-20,Pirenópolis,0,0.27351263,25064,14.4285714285714,84.6381445714286,0,0,0,62.2230967142857,36.1876111428571,19.8392857142857,26.2857142857143,2,,,,,7784,2020-05-31,5217302,Pirenopolis,GO,2020,23
1590278400000,202022,4.0,4,4,4,0.09612645,15.959145,0,1,521730220202219589,2023-08-20,Pirenópolis,0,0.4773683,25064,12.4285714285714,84.9094797142857,0,0,0,63.1566145714286,34.0257020428571,17.8333334285714,24.5714285714286,4,,,,,7784,2020-05-24,5217302,Pirenopolis,GO,2020,22
1589673600000,202021,9.0,9,9,9,0.58410203,35.908073,0,1,521730220202119589,2023-08-20,Pirenópolis,0,1.105375,25064,16.0,92.1604385714286,0,0,1,74.2984204285714,48.6315634285714,20.0119045714286,25.4285714285714,9,,,,,7784,2020-05-17,5217302,Pirenopolis,GO,2020,21
1589068800000,202020,9.0,9,9,9,0.65683645,35.908073,0,1,521730220202019589,2023-08-20,Pirenópolis,0,1.2150905,25064,15.1428571428571,91.289312,0,0,1,72.0503544285714,45.4673627142857,19.4838437142857,25.4285714285714,9,,,,,7784,2020-05-10,5217302,Pirenopolis,GO,2020,20
1588464000000,202019,8.0,8,8,8,0.6645438,31.91829,0,1,521730220201919589,2023-08-20,Pirenópolis,0,1.243452,25064,14.7142857142857,89.657868,0,0,1,68.5541598571429,42.0397892857143,19.5681814285714,25.1428571428571,8,,,,,7784,2020-05-03,5217302,Pirenopolis,GO,2020,19
1587859200000,202018,8.0,8,8,8,0.7781315,31.91829,0,1,521730220201819589,2023-08-20,Pirenópolis,0,1.5083388,25064,15.8571428571429,85.73635,0,0,1,65.1274,41.0013911428571,20.2619045714286,26.0,7,,,,,7784,2020-04-26,5217302,Pirenopolis,GO,2020,18
1587254400000,202017,6.0,6,6,6,0.7841668,23.938717,0,2,521730220201719589,2023-08-20,Pirenópolis,0,1.6338971,25064,18.1428571428571,96.54408,1,0,1,84.3179564285714,60.7516402857143,20.589286,24.8571428571429,6,,,,,7784,2020-04-19,5217302,Pirenopolis,GO,2020,17
1586649600000,202016,6.0,6,6,6,0.9377768,23.938717,0,2,521730220201619589,2023-08-20,Pirenópolis,0,3.006416,25064,18.1428571428571,94.8683714285714,1,0,1,82.0565528571429,61.2367081428571,20.654762,25.1428571428571,6,,,,,7784,2020-04-12,5217302,Pirenopolis,GO,2020,16
1586044800000,202015,4.0,4,4,4,0.9154302,15.959145,0,2,521730220201519589,2023-08-20,Pirenópolis,0,3.3019695,25064,19.0,90.1823151428571,1,0,0,73.137306,49.2335568571429,22.8392857142857,28.1428571428571,4,,,,,7784,2020-04-05,5217302,Pirenopolis,GO,2020,15
1585440000000,202014,1.0,1,1,1,0.42409506,3.9897861,0,2,521730220201419589,2023-08-20,Pirenópolis,0,0.80805445,25064,18.8571428571429,87.5805294285714,1,0,0,68.36793,43.5164705714286,23.2380954285714,28.7142857142857,1,,,,,7784,2020-03-29,5217302,Pirenopolis,GO,2020,14
1584835200000,202013,1.0,1,1,1,0.37917188,3.9897861,0,2,521730220201319589,2023-08-20,Pirenópolis,0,0.7147574,25064,18.8571428571429,93.9871528571429,1,0,0,86.6056287142857,65.6721438571429,20.9404765714286,25.1428571428571,1,,,,,7784,2020-03-22,5217302,Pirenopolis,GO,2020,13
1584230400000,202012,1.0,1,1,1,0.406015,3.9897861,0,2,521730220201219589,2023-08-20,Pirenópolis,0,0.7689971,25064,18.2857142857143,93.9944534285714,1,0,0,76.0608335714286,50.9614847142857,22.2619045714286,27.4285714285714,1,,,,,7784,2020-03-15,5217302,Pirenopolis,GO,2020,12
1583625600000,202011,2.0,2,2,2,0.64313185,7.9795723,0,2,521730220201119589,2023-08-20,Pirenópolis,0,1.4244229,25064,18.8571428571429,91.5104934285714,1,0,0,82.5928965714286,68.5168277142857,20.9015151428571,23.7142857142857,2,,,,,7784,2020-03-08,5217302,Pirenopolis,GO,2020,11
1583020800000,202010,1.0,1,1,1,0.2603808,3.9897861,0,2,521730220201019589,2023-08-20,Pirenópolis,0,0.5151174,25064,18.2857142857143,94.8415457142857,1,0,0,91.2040328571429,82.7080437142857,19.6375542857143,21.1428571428571,1,,,,,7784,2020-03-01,5217302,Pirenopolis,GO,2020,10
1582416000000,202009,1.0,1,1,1,0.1908253,3.9897861,0,2,521730220200919589,2023-08-20,Pirenópolis,0,0.41846684,25064,19.1428571428571,94.8478671428571,1,0,0,87.5847215714286,70.82668,20.8208877142857,24.4285714285714,2,,,,,7784,2020-02-23,5217302,Pirenopolis,GO,2020,9
1581811200000,202008,2.0,2,2,2,0.40330133,7.9795723,0,2,521730220200819589,2023-08-20,Pirenópolis,0,0.80954975,25064,19.4285714285714,93.97444,1,0,0,90.5808528571429,85.3153514285714,20.207792,20.7142857142857,2,,,,,7784,2020-02-16,5217302,Pirenopolis,GO,2020,8
1581206400000,202007,3.0,3,3,3,0.6111751,11.969358,0,2,521730220200719589,2023-08-20,Pirenópolis,0,1.2530073,25064,18.4285714285714,93.9489442857143,1,0,0,90.2085808571429,84.6027371428571,19.2428571428571,20.4285714285714,3,,,,,7784,2020-02-09,5217302,Pirenopolis,GO,2020,7
1580601600000,202006,2.0,2,2,2,0.49012816,7.9795723,0,2,521730220200619589,2023-08-20,Pirenópolis,0,0.978063,25064,18.5714285714286,93.15868,1,0,0,85.7143307142857,70.5512992857143,20.5809522857143,23.5714285714286,2,,,,,7784,2020-02-02,5217302,Pirenopolis,GO,2020,6
1579996800000,202005,3.0,3,3,3,0.7093764,11.969358,0,2,521730220200519589,2023-08-20,Pirenópolis,0,1.5889696,25064,19.0,93.1777842857143,1,0,0,81.9766764285714,57.4549745714286,21.850414,26.7142857142857,3,,,,,7784,2020-01-26,5217302,Pirenopolis,GO,2020,5
1579392000000,202004,2.0,2,2,2,0.4671007,7.9795723,0,2,521730220200419589,2023-08-20,Pirenópolis,0,0.9293674,25064,19.1428571428571,94.8541885714286,1,0,0,86.7118371428571,71.7065257142857,21.3154762857143,25.0,2,,,,,7784,2020-01-19,5217302,Pirenopolis,GO,2020,4
1578787200000,202003,1.0,1,1,1,0.21405134,3.9897861,0,2,521730220200319589,2023-08-20,Pirenópolis,0,0.44964612,25064,19.7142857142857,90.7440671428571,1,0,0,68.0466274285714,39.5396864285714,24.0892857142857,29.5714285714286,1,,,,,7784,2020-01-12,5217302,Pirenopolis,GO,2020,3
1578182400000,202002,3.0,3,3,3,0.6526886,11.969358,0,2,521730220200219589,2023-08-20,Pirenópolis,0,1.3769597,25064,18.8571428571429,94.0059771428571,1,0,0,83.9794092857143,65.2826551428571,21.5571431428571,25.2857142857143,2,,,,,7784,2020-01-05,5217302,Pirenopolis,GO,2020,2
1577577600000,202001,2.0,2,2,2,0.52213204,7.9795723,0,2,521730220200119589,2023-08-20,Pirenópolis,0,1.0517641,25064,19.5,89.58331,1,0,0,80.3883383333333,64.8385485,21.2652776666667,24.6666666666667,1,,,,,7784,2019-12-29,5217302,Pirenopolis,GO,2020,1
1576972800000,201952,2.0,2,2,2,0.64797336,7.9795723,0,1,521730220195219589,2023-08-20,Pirenópolis,0,1.4437718,25064,18.7142857142857,89.8703205714286,1,0,0,84.51937,76.9319505714286,19.9142857142857,21.5714285714286,2,,,,,7784,2019-12-22,5217302,Pirenopolis,GO,2019,52
1576368000000,201951,3.0,3,3,3,0.8091895,11.969358,0,1,521730220195119589,2023-08-20,Pirenópolis,0,2.191954,25064,19.0,87.6094562857143,1,0,0,79.7070005714286,69.242531,20.5285714285714,22.7142857142857,3,,,,,7784,2019-12-15,5217302,Pirenopolis,GO,2019,51
1575763200000,201950,0.0,0,0,0,0.0,0.0,0,1,521730220195019589,2023-08-20,Pirenópolis,0,0.0,25064,18.5714285714286,93.9423414285714,0,0,0,90.3324714285714,85.2232945714286,19.5285714285714,20.4285714285714,0,,,,,7784,2019-12-08,5217302,Pirenopolis,GO,2019,50
1575158400000,201949,2.0,2,2,2,0.5060029,7.9795723,0,2,521730220194919589,2023-08-20,Pirenópolis,0,1.0136757,25064,18.5714285714286,93.9616571428571,1,0,0,91.3867837142857,85.2909871428571,19.5571428571429,21.0,0,,,,,7784,2019-12-01,5217302,Pirenopolis,GO,2019,49
1574553600000,201948,1.0,1,1,1,0.22078574,3.9897861,0,1,521730220194819589,2023-08-20,Pirenópolis,0,0.45886692,25064,18.7142857142857,93.9617271428571,1,0,0,90.5196614285714,85.2536128571429,19.7,20.8571428571429,1,,,,,7784,2019-11-24,5217302,Pirenopolis,GO,2019,48
1573948800000,201947,3.0,3,3,3,0.5231078,11.969358,0,1,521730220194719589,2023-08-20,Pirenópolis,0,1.0455458,25064,18.4285714285714,93.9232397142857,1,0,0,87.0826564285714,81.5534308571429,19.3714285714286,20.4285714285714,3,,,,,7784,2019-11-17,5217302,Pirenopolis,GO,2019,47
1573344000000,201946,1.0,1,1,1,0.11830312,3.9897861,0,1,521730220194619589,2023-08-20,Pirenópolis,0,0.32473436,25064,19.2857142857143,81.184168,0,0,0,71.3183595714286,60.1151331428571,21.0142857142857,22.8571428571429,1,,,,,7784,2019-11-10,5217302,Pirenopolis,GO,2019,46
1572739200000,201945,3.0,3,3,3,0.663959,11.969358,0,1,521730220194519589,2023-08-20,Pirenópolis,0,1.4146129,25064,19.1428571428571,84.5535757142857,0,0,0,77.7030377142857,69.5984185714286,20.4857142857143,22.4285714285714,2,,,,,7784,2019-11-03,5217302,Pirenopolis,GO,2019,45
1572134400000,201944,5.0,5,5,5,0.9434991,19.94893,0,1,521730220194419589,2023-08-20,Pirenópolis,0,3.5847194,25064,19.0,78.6788481428571,0,0,0,72.1924235714286,61.6756455714286,20.2727274285714,22.2857142857143,4,,,,,7784,2019-10-27,5217302,Pirenopolis,GO,2019,44
1571529600000,201943,1.0,1,1,1,0.46850967,3.9897861,0,1,521730220194319589,2023-08-20,Pirenópolis,0,0.91420275,25064,18.7142857142857,82.3164182857143,0,0,0,74.0536002857143,61.8241507142857,20.5064937142857,23.4285714285714,1,,,,,7784,2019-10-20,5217302,Pirenopolis,GO,2019,43
1570924800000,201942,1.0,1,1,1,0.68862736,3.9897861,0,1,521730220194219589,2023-08-20,Pirenópolis,0,1.8580296,25064,20.8571428571429,51.1458764285714,0,0,0,41.7936334285714,33.46548,22.496104,25.1428571428571,1,,,,,7784,2019-10-13,5217302,Pirenopolis,GO,2019,42
1570320000000,201941,2.0,2,2,2,0.97599256,7.9795723,0,1,521730220194119589,2023-08-20,Pirenópolis,0,17.05777,25064,19.1428571428571,87.0327834285714,1,0,0,77.3743692857143,60.0548414285714,20.4155845714286,22.5714285714286,2,,,,,7784,2019-10-06,5217302,Pirenopolis,GO,2019,41
1569715200000,201940,0.0,0,0,0,0.0,0.0,0,1,521730220194019589,2023-08-20,Pirenópolis,0,0.0,25064,19.5714285714286,69.2076065714286,0,0,0,56.8447212857143,41.2081157142857,21.9870131428571,24.7142857142857,0,,,,,7784,2019-09-29,5217302,Pirenopolis,GO,2019,40
1569110400000,201939,0.0,0,0,0,0.0,0.0,0,1,521730220193919589,2023-08-20,Pirenópolis,0,0.0,25064,19.4285714285714,65.92601,0,0,0,58.502102,46.3695272857143,21.0259742857143,24.0,0,,,,,7784,2019-09-22,5217302,Pirenopolis,GO,2019,39
1568505600000,201938,0.0,0,0,0,0.0,0.0,0,1,521730220193819589,2023-08-20,Pirenópolis,0,0.0,25064,18.7142857142857,44.1124702857143,0,0,0,33.0065051428571,24.1497571428571,21.5467531428571,24.5714285714286,0,,,,,7784,2019-09-15,5217302,Pirenopolis,GO,2019,38
1567900800000,201937,0.0,0,0,0,0.0,0.0,0,1,521730220193719589,2023-08-20,Pirenópolis,0,0.0,25064,19.5714285714286,44.6837605714286,0,0,0,36.7825755714286,28.6340577142857,21.72987,24.5714285714286,0,,,,,7784,2019-09-08,5217302,Pirenopolis,GO,2019,37
1567296000000,201936,2.0,2,2,2,0.5492513,7.9795723,0,1,521730220193619589,2023-08-20,Pirenópolis,0,1.1206967,25064,19.0,45.7864558571429,0,0,0,36.8252514285714,28.8424324285714,21.1818182857143,23.7142857142857,2,,,,,7784,2019-09-01,5217302,Pirenopolis,GO,2019,36
1566691200000,201935,3.0,3,3,3,0.7607112,11.969358,0,1,521730220193519589,2023-08-20,Pirenópolis,0,1.8473984,25064,16.8571428571429,57.9187035714286,0,0,0,46.5316547142857,34.2097081428571,19.3376622857143,22.5714285714286,2,,,,,7784,2019-08-25,5217302,Pirenopolis,GO,2019,35
1566086400000,201934,1.0,1,1,1,0.26934606,3.9897861,0,1,521730220193419589,2023-08-20,Pirenópolis,0,0.5284108,25064,17.7142857142857,51.705657,0,0,0,43.238509,34.4290422857143,19.896104,22.1428571428571,1,,,,,7784,2019-08-18,5217302,Pirenopolis,GO,2019,34
1565481600000,201933,2.0,2,2,2,0.36309674,7.9795723,0,1,521730220193319589,2023-08-20,Pirenópolis,0,0.7430309,25064,16.1428571428571,57.67717,0,0,0,47.6130937142857,39.4136418571429,18.3402597142857,20.5714285714286,2,,,,,7784,2019-08-11,5217302,Pirenopolis,GO,2019,33
1564876800000,201932,1.0,1,1,1,0.10000576,3.9897861,0,1,521730220193219589,2023-08-20,Pirenópolis,0,0.30103752,25064,14.5714285714286,77.7012178571429,0,0,0,66.2027375714286,51.928654,16.5064934285714,19.5714285714286,1,,,,,7784,2019-08-04,5217302,Pirenopolis,GO,2019,32
1564272000000,201931,3.0,3,3,3,0.37522352,11.969358,0,1,521730220193119589,2023-08-20,Pirenópolis,0,0.7942722,25064,14.8571428571429,65.6433661428571,0,0,0,50.5155631428571,39.1003061428571,17.4545454285714,20.1428571428571,3,,,,,7784,2019-07-28,5217302,Pirenopolis,GO,2019,31
1563667200000,201930,4.0,4,4,4,0.29767329,15.959145,0,1,521730220193019589,2023-08-20,Pirenópolis,0,0.71839106,25064,13.1428571428571,74.625755,0,0,0,64.236727,51.6579167142857,15.5415582857143,18.2857142857143,4,,,,,7784,2019-07-21,5217302,Pirenopolis,GO,2019,30
1563062400000,201929,3.0,3,3,3,0.07161951,11.969358,0,1,521730220192919589,2023-08-20,Pirenópolis,0,0.40206766,25064,14.0,68.1013325714286,0,0,0,58.1698457142857,49.0261384285714,16.25974,19.0,3,,,,,7784,2019-07-14,5217302,Pirenopolis,GO,2019,29
1562457600000,201928,3.0,3,3,3,0.12777129,11.969358,0,1,521730220192819589,2023-08-20,Pirenópolis,0,0.47892213,25064,12.7142857142857,66.9191204285714,0,0,0,59.5499312857143,47.349726,14.2857144285714,17.0,3,,,,,7784,2019-07-07,5217302,Pirenopolis,GO,2019,28
1561852800000,201927,13.0,13,13,13,0.97898346,51.867218,0,1,521730220192719589,2023-08-20,Pirenópolis,0,2.7094617,25064,13.4285714285714,83.2674985714286,0,1,1,74.5300302857143,63.1260351428571,15.1948051428571,17.7142857142857,13,,,,,7784,2019-06-30,5217302,Pirenopolis,GO,2019,27
1561248000000,201926,5.0,5,5,5,0.24581765,19.94893,0,1,521730220192619589,2023-08-20,Pirenópolis,0,0.6825463,25064,14.4285714285714,71.5353124285714,0,0,0,62.555152,51.3075041428571,16.3766232857143,18.5714285714286,5,,,,,7784,2019-06-23,5217302,Pirenopolis,GO,2019,26
1560643200000,201925,3.0,3,3,3,0.0027103585,11.969358,0,1,521730220192519589,2023-08-20,Pirenópolis,0,0.2214804,25064,14.4285714285714,77.7964542857143,0,0,0,70.5447271428571,59.2597038571429,16.181818,18.5714285714286,3,,,,,7784,2019-06-16,5217302,Pirenopolis,GO,2019,25
1560038400000,201924,3.0,3,3,3,0.0002262429,11.969358,0,1,521730220192419589,2023-08-20,Pirenópolis,0,0.16850878,25064,15.0,82.4782471428571,0,0,0,72.3918254285714,57.5530075714286,16.871212,19.7142857142857,3,,,,,7784,2019-06-09,5217302,Pirenopolis,GO,2019,24
1559433600000,201923,16.0,16,16,16,0.34006238,63.83658,0,4,521730220192319589,2023-08-20,Pirenópolis,0,0.87015605,25064,15.2857142857143,85.7276285714286,0,0,2,76.2882534285714,66.0257694285714,17.087013,19.1428571428571,16,,,,,7784,2019-06-02,5217302,Pirenopolis,GO,2019,23
1558828800000,201922,22.0,22,22,22,0.69337785,87.77529,0,4,521730220192219589,2023-08-20,Pirenópolis,0,1.1698507,25064,17.0,82.7915857142857,0,0,2,75.9210375714286,65.4083915714286,18.2857142857143,20.4285714285714,22,,,,,7784,2019-05-26,5217302,Pirenopolis,GO,2019,22
1558224000000,201921,16.0,16,16,16,0.2926122,63.83658,0,4,521730220192119589,2023-08-20,Pirenópolis,0,0.83344734,25064,16.5714285714286,82.06183,0,0,2,74.6054587142857,65.9417352857143,18.2714285714286,20.0,16,,,,,7784,2019-05-19,5217302,Pirenopolis,GO,2019,21
1557619200000,201920,19.0,19,19,19,0.5938947,75.80594,0,4,521730220192019589,2023-08-20,Pirenópolis,0,1.0807967,25064,17.4285714285714,90.68289,0,0,2,86.2692235714286,78.0946228571429,18.3896104285714,20.1428571428571,19,,,,,7784,2019-05-12,5217302,Pirenopolis,GO,2019,20
1557014400000,201919,21.0,21,21,21,0.8606875,83.78551,0,4,521730220191919589,2023-08-20,Pirenópolis,0,1.4357197,25064,18.8571428571429,89.8572828571429,1,0,2,84.254718,77.2851771428572,19.948052,21.4285714285714,20,,,,,7784,2019-05-05,5217302,Pirenopolis,GO,2019,19
1556409600000,201918,19.0,19,19,19,0.8960298,75.80594,0,1,521730220191819589,2023-08-20,Pirenópolis,0,1.5700364,25064,18.4285714285714,91.4613542857143,1,0,2,85.9389644285714,77.0540857142857,19.7922077142857,21.1428571428571,19,,,,,7784,2019-04-28,5217302,Pirenopolis,GO,2019,18
1555804800000,201917,13.0,13,13,13,0.7578909,51.867218,0,1,521730220191719589,2023-08-20,Pirenópolis,0,1.3358341,25064,17.1428571428571,93.3373851428571,0,0,1,89.0215108571429,79.2435625714286,18.1578424285714,20.1428571428571,13,,,,,7784,2019-04-21,5217302,Pirenopolis,GO,2019,17
1555200000000,201916,13.0,13,13,13,0.83938926,51.867218,0,1,521730220191619589,2023-08-20,Pirenópolis,0,1.5282333,25064,17.2857142857143,98.2527268571429,0,0,1,95.0212637142857,88.4945077142857,18.2233765714286,19.7142857142857,13,,,,,7784,2019-04-14,5217302,Pirenopolis,GO,2019,16
1554595200000,201915,10.0,10,10,10,0.5766875,39.89786,0,1,521730220191519589,2023-08-20,Pirenópolis,0,1.0903326,25064,17.0,100.0,0,0,1,95.3046508571429,85.1754388571429,18.1461034285714,20.1428571428571,10,,,,,7784,2019-04-07,5217302,Pirenopolis,GO,2019,15
1553990400000,201914,5.0,5,5,5,0.09230905,19.94893,0,1,521730220191419589,2023-08-20,Pirenópolis,0,0.503443,25064,17.2857142857143,96.53968,0,0,0,91.5069487142857,83.9888985714286,18.3376622857143,19.7142857142857,5,,,,,7784,2019-03-31,5217302,Pirenopolis,GO,2019,14
1553385600000,201913,12.0,12,12,12,0.59042567,47.877434,0,1,521730220191319589,2023-08-20,Pirenópolis,0,1.0983707,25064,17.7142857142857,98.2591877142857,0,0,1,95.0149007142857,89.1982848571429,18.5961037142857,19.4285714285714,12,,,,,7784,2019-03-24,5217302,Pirenopolis,GO,2019,13
1552780800000,201912,8.0,8,8,8,0.15763968,31.91829,0,1,521730220191219589,2023-08-20,Pirenópolis,0,0.643743,25064,17.7142857142857,99.1392157142857,0,0,1,95.5961967142857,89.9393054285714,18.8311688571429,20.4285714285714,7,,,,,7784,2019-03-17,5217302,Pirenopolis,GO,2019,12
1552176000000,201911,12.0,12,12,12,0.27928862,47.877434,0,1,521730220191119589,2023-08-20,Pirenópolis,0,0.8005929,25064,17.1428571428571,98.2591877142857,0,0,1,94.026594,85.3539408571429,18.2194808571429,19.7142857142857,12,,,,,7784,2019-03-10,5217302,Pirenopolis,GO,2019,11
1551571200000,201910,11.0,11,11,11,0.07470845,43.887646,0,1,521730220191019589,2023-08-20,Pirenópolis,0,0.5882543,25064,16.8571428571429,98.2527268571429,0,0,1,96.2587375714286,91.6374297142857,17.6233762857143,18.7142857142857,11,,,,,7784,2019-03-03,5217302,Pirenopolis,GO,2019,10
1550966400000,201909,15.0,15,15,15,0.06552766,59.84679,0,4,521730220190919589,2023-08-20,Pirenópolis,0,0.61673373,25064,17.4285714285714,100.0,0,0,2,97.4096215714286,92.2868608571429,18.1948051428571,19.5714285714286,15,,,,,7784,2019-02-24,5217302,Pirenopolis,GO,2019,9
1550361600000,201908,18.0,18,18,18,0.027797379,71.81615,0,4,521730220190819589,2023-08-20,Pirenópolis,0,0.5763181,25064,16.5714285714286,100.0,0,0,2,98.1736022857143,94.8518277142857,17.2987011428571,18.1428571428571,18,,,,,7784,2019-02-17,5217302,Pirenopolis,GO,2019,8
1549756800000,201907,22.0,22,22,22,0.05236611,87.77529,0,4,521730220190719589,2023-08-20,Pirenópolis,0,0.6470169,25064,17.7142857142857,100.0,0,0,2,96.0542785714286,90.6528348571429,18.7,19.8571428571429,21,,,,,7784,2019-02-10,5217302,Pirenopolis,GO,2019,7
1549152000000,201906,33.0,33,33,33,0.6329111,131.66295,0,4,521730220190619589,2023-08-20,Pirenópolis,0,1.0885295,25064,17.4285714285714,97.4571157142857,0,0,2,83.6750858571429,63.250568,20.53373,25.0,31,,,,,7784,2019-02-03,5217302,Pirenopolis,GO,2019,6
1548547200000,201905,42.0,42,42,42,0.94974625,167.57101,0,4,521730220190519589,2023-08-20,Pirenópolis,0,1.4814603,25064,17.4285714285714,82.5958264285714,0,0,2,60.9431971428571,39.5179544285714,22.4928568571429,28.0,41,,,,,7784,2019-01-27,5217302,Pirenopolis,GO,2019,5
1547942400000,201904,28.0,28,28,28,0.3092753,111.71401,0,4,521730220190419589,2023-08-20,Pirenópolis,0,0.8798682,25064,18.0,88.6749248571429,0,0,2,67.6503452857143,43.7280545714286,22.4583331428571,27.7142857142857,27,,,,,7784,2019-01-20,5217302,Pirenopolis,GO,2019,4
1547337600000,201903,21.0,21,21,21,0.056160312,83.78551,0,4,521730220190319589,2023-08-20,Pirenópolis,0,0.64665717,25064,17.0,94.0079485714286,0,0,2,76.0354928571429,54.8867988571429,20.7083334285714,25.5714285714286,20,,,,,7784,2019-01-13,5217302,Pirenopolis,GO,2019,3
1546732800000,201902,36.0,36,36,36,0.8912338,143.6323,0,4,521730220190219589,2023-08-20,Pirenópolis,0,1.3663175,25064,17.0,92.4310757142857,0,0,2,86.6727171428571,79.3802071428571,17.9238094285714,19.1428571428571,35,,,,,7784,2019-01-06,5217302,Pirenopolis,GO,2019,2
1546128000000,201901,39.0,39,39,39,0.99698365,155.60165,0,4,521730220190119589,2023-08-20,Pirenópolis,0,2.1022182,25064,17.1428571428571,98.2461934285714,0,1,2,91.7590362857143,85.1113567142857,18.3857142857143,19.5714285714286,43,,,,,7784,2018-12-30,5217302,Pirenopolis,GO,2019,1
1545523200000,201852,25.0,25,25,25,0.97947747,99.74465,0,4,521730220185219589,2023-08-20,Pirenópolis,0,1.9668186,25064,16.2,98.7769088,0,1,2,91.2726128,77.0854856,18.2533332,20.6,23,,,,,7784,2018-12-23,5217302,Pirenopolis,GO,2018,52
1544918400000,201851,18.0,18,18,18,0.96626174,71.81615,0,1,521730220185119589,2023-08-20,Pirenópolis,0,2.048867,25064,16.6095238095238,99.1846058666667,0,1,2,,,,,18,,,,,7784,2018-12-16,5217302,Pirenopolis,GO,2018,51
1544313600000,201850,11.0,11,11,11,0.8836426,43.887646,0,1,521730220185019589,2023-08-20,Pirenópolis,0,1.7728698,25064,17.0190476190476,99.5923029333333,0,0,1,,,,,11,,,,,7784,2018-12-09,5217302,Pirenopolis,GO,2018,50
1543708800000,201849,10.0,10,10,10,0.9226031,39.89786,0,1,521730220184919589,2023-08-20,Pirenópolis,0,2.103555,25064,17.4285714285714,100.0,0,0,1,96.2196251428571,88.6428488571429,18.415873,19.5714285714286,10,,,,,7784,2018-12-02,5217302,Pirenopolis,GO,2018,49
1543104000000,201848,3.0,3,3,3,0.543503,11.969358,0,1,521730220184819589,2023-08-20,Pirenópolis,0,1.0883844,25064,16.4285714285714,97.4075214285714,0,0,0,91.8449942857143,81.828656,17.6384921428571,19.4285714285714,0,,,,,7784,2018-11-25,5217302,Pirenopolis,GO,2018,48
1542499200000,201847,8.0,8,8,8,0.99316996,31.91829,0,1,521730220184719589,2023-08-20,Pirenópolis,0,6.2072954,25064,17.4285714285714,98.2526542857143,0,1,1,92.252958,85.8155968571429,18.545635,20.0,7,,,,,7784,2018-11-18,5217302,Pirenopolis,GO,2018,47
1541894400000,201846,1.0,1,1,1,0.4163941,3.9897861,0,1,521730220184619589,2023-08-20,Pirenópolis,0,0.7911528,25064,16.7142857142857,100.0,0,0,0,96.3733621428571,86.7716202857143,17.9043652857143,19.7142857142857,1,,,,,7784,2018-11-11,5217302,Pirenopolis,GO,2018,46
1541289600000,201845,1.0,1,1,1,0.31771564,3.9897861,0,1,521730220184519589,2023-08-20,Pirenópolis,0,0.6045248,25064,17.1428571428571,100.0,0,0,0,96.9827507142857,91.4896411428571,17.6226191428571,18.5714285714286,1,,,,,7784,2018-11-04,5217302,Pirenopolis,GO,2018,45
1540684800000,201844,0.0,0,0,0,0.0,0.0,0,1,521730220184419589,2023-08-20,Pirenópolis,0,0.0,25064,17.2857142857143,100.0,0,0,0,93.3363078571429,81.835016,18.498918,20.7142857142857,0,,,,,7784,2018-10-28,5217302,Pirenopolis,GO,2018,44
1540080000000,201843,4.0,4,4,4,0.98035336,15.959145,0,1,521730220184319589,2023-08-20,Pirenópolis,0,8.729741,25064,17.8571428571429,94.9085514285714,0,0,0,89.4528828571429,80.1025328571429,19.4243505714286,21.5714285714286,4,,,,,7784,2018-10-21,5217302,Pirenopolis,GO,2018,43
1539475200000,201842,0.0,0,0,0,0.0,0.0,0,1,521730220184219589,2023-08-20,Pirenópolis,0,0.0,25064,18.5,91.080025,0,0,0,78.70347,60.9766275,20.803031,23.5,0,,,,,7784,2018-10-14,5217302,Pirenopolis,GO,2018,42
1538870400000,201841,0.0,0,0,0,0.0,0.0,0,1,521730220184119589,2023-08-20,Pirenópolis,0,0.0,25064,18.625,85.776715,0,0,0,,,,,0,,,,,7784,2018-10-07,5217302,Pirenopolis,GO,2018,41
1538265600000,201840,1.0,1,1,1,0.6634578,3.9897861,0,1,521730220184019589,2023-08-20,Pirenópolis,0,1.6894078,25064,18.75,80.473405,0,0,0,70.294918,59.1178925,20.686364,22.25,1,,,,,7784,2018-09-30,5217302,Pirenopolis,GO,2018,40
1537660800000,201839,0.0,0,0,0,0.0,0.0,0,1,521730220183919589,2023-08-20,Pirenópolis,0,0.0,25064,18.8571428571429,75.8726702857143,0,0,0,51.4338502857143,36.0705555714286,22.2316017142857,25.5714285714286,0,,,,,7784,2018-09-23,5217302,Pirenopolis,GO,2018,39
1537056000000,201838,0.0,0,0,0,0.0,0.0,0,1,521730220183819589,2023-08-20,Pirenópolis,0,0.0,25064,18.4285714285714,83.1191712857143,0,0,0,71.325736,55.8570612857143,20.2705622857143,22.7142857142857,0,,,,,7784,2018-09-16,5217302,Pirenopolis,GO,2018,38
1536451200000,201837,2.0,2,2,2,0.92189765,7.9795723,0,1,521730220183719589,2023-08-20,Pirenópolis,0,5.715034,25064,17.5714285714286,47.806816,0,0,0,37.8661267142857,28.0288227142857,20.6672077142857,23.8571428571429,2,,,,,7784,2018-09-09,5217302,Pirenopolis,GO,2018,37
1535846400000,201836,1.0,1,1,1,0.9631756,3.9897861,0,1,521730220183619589,2023-08-20,Pirenópolis,0,18.474298,25064,15.7142857142857,57.7905588571429,0,0,0,46.4478125714286,34.5803238571429,18.8468612857143,22.8571428571429,1,,,,,7784,2018-09-02,5217302,Pirenopolis,GO,2018,36
1535241600000,201835,0.0,0,0,0,0.0,0.0,0,1,521730220183519589,2023-08-20,Pirenópolis,0,0.0,25064,16.7142857142857,63.2670437142857,0,0,0,54.2698398571429,42.9856152857143,19.2002165714286,22.5714285714286,0,,,,,7784,2018-08-26,5217302,Pirenopolis,GO,2018,35
1534636800000,201834,0.0,0,0,0,0.0,0.0,0,1,521730220183419589,2023-08-20,Pirenópolis,0,0.0,25064,17.4285714285714,63.3941008571429,0,0,0,53.4329014285714,41.9340721428571,19.4427491428571,22.2857142857143,0,,,,,7784,2018-08-19,5217302,Pirenopolis,GO,2018,34
1534032000000,201833,0.0,0,0,0,0.0,0.0,0,1,521730220183319589,2023-08-20,Pirenópolis,0,0.0,25064,16.1666666666667,66.1152433333333,0,0,0,50.8006418333333,34.0425053333333,20.1852273333333,25.1666666666667,0,,,,,7784,2018-08-12,5217302,Pirenopolis,GO,2018,33
1533427200000,201832,0.0,0,0,0,0.0,0.0,0,1,521730220183219589,2023-08-20,Pirenópolis,0,0.0,25064,16.7142857142857,75.2525438571429,0,0,0,52.0782202857143,28.3295948571429,22.196428,28.5714285714286,0,,,,,7784,2018-08-05,5217302,Pirenopolis,GO,2018,32
1532822400000,201831,0.0,0,0,0,0.0,0.0,0,1,521730220183119589,2023-08-20,Pirenópolis,0,0.0,25064,15.8571428571429,60.0439537142857,0,0,0,39.986971,20.2585514285714,22.1190474285714,29.0,0,,,,,7784,2018-07-29,5217302,Pirenopolis,GO,2018,31
1532217600000,201830,1.0,1,1,1,0.29095185,3.9897861,0,1,521730220183019589,2023-08-20,Pirenópolis,0,0.56143576,25064,14.2857142857143,63.7351251428571,0,0,0,44.1258802857143,25.027952,19.497024,25.7142857142857,1,,,,,7784,2018-07-22,5217302,Pirenopolis,GO,2018,30
1531612800000,201829,3.0,3,3,3,0.56221914,11.969358,0,1,521730220182919589,2023-08-20,Pirenópolis,0,1.1301677,25064,15.1428571428571,66.4631174285714,0,0,0,50.9327405714286,34.2924921428571,19.2786797142857,24.4285714285714,3,,,,,7784,2018-07-15,5217302,Pirenopolis,GO,2018,29
1531008000000,201828,0.0,0,0,0,0.0,0.0,0,1,521730220182819589,2023-08-20,Pirenópolis,0,0.0,25064,14.8571428571429,74.2668051428571,0,0,0,64.3049091428571,53.3630712857143,16.6623374285714,19.2857142857143,0,,,,,7784,2018-07-08,5217302,Pirenopolis,GO,2018,28
1530403200000,201827,3.0,3,3,3,0.37219316,11.969358,0,1,521730220182719589,2023-08-20,Pirenópolis,0,0.78990746,25064,14.2857142857143,65.582944,0,0,0,56.9970101428571,47.5677937142857,16.1558444285714,18.4285714285714,2,,,,,7784,2018-07-01,5217302,Pirenopolis,GO,2018,27
1529798400000,201826,5.0,5,5,5,0.51556003,19.94893,0,1,521730220182619589,2023-08-20,Pirenópolis,0,1.0240737,25064,14.7142857142857,64.9389161428571,0,0,0,56.2800085714286,45.1714237142857,16.518182,18.8571428571429,5,,,,,7784,2018-06-24,5217302,Pirenopolis,GO,2018,26
1529193600000,201825,1.0,1,1,1,0.03455293,3.9897861,0,1,521730220182519589,2023-08-20,Pirenópolis,0,0.20597118,25064,14.8571428571429,70.7744435714286,0,0,0,62.9163114285714,51.6709977142857,16.6623377142857,19.2857142857143,1,,,,,7784,2018-06-17,5217302,Pirenopolis,GO,2018,25
1528588800000,201824,7.0,7,7,7,0.84902036,27.928503,0,1,521730220182419589,2023-08-20,Pirenópolis,0,1.856108,25064,16.8571428571429,74.229868,0,0,1,66.4717715714286,58.5468668571429,18.4415582857143,20.1428571428571,7,,,,,7784,2018-06-10,5217302,Pirenopolis,GO,2018,24
1527984000000,201823,6.0,6,6,6,0.82397914,23.938717,0,1,521730220182319589,2023-08-20,Pirenópolis,0,1.8130836,25064,15.7142857142857,81.3703457142857,0,0,1,74.2538635714286,66.897383,17.181818,18.8571428571429,6,,,,,7784,2018-06-03,5217302,Pirenopolis,GO,2018,23
1527379200000,201822,2.0,2,2,2,0.28073832,7.9795723,0,1,521730220182219589,2023-08-20,Pirenópolis,0,0.6219852,25064,14.1428571428571,80.30505,0,0,0,73.1567902857143,62.2816165714286,15.9675325714286,18.2857142857143,2,,,,,7784,2018-05-27,5217302,Pirenopolis,GO,2018,22
1526774400000,201821,4.0,4,4,4,0.6340828,15.959145,0,1,521730220182119589,2023-08-20,Pirenópolis,0,1.2746333,25064,14.4285714285714,80.4830151428571,0,0,0,68.7320228571429,54.9388541428571,16.8284635714286,19.7142857142857,4,,,,,7784,2018-05-20,5217302,Pirenopolis,GO,2018,21
1526169600000,201820,3.0,3,3,3,0.52110416,11.969358,0,1,521730220182019589,2023-08-20,Pirenópolis,0,1.0414765,25064,16.5714285714286,79.80062,0,0,0,60.9244302857143,35.5328808571429,21.1785714285714,27.2857142857143,3,,,,,7784,2018-05-13,5217302,Pirenopolis,GO,2018,20
1525564800000,201819,3.0,3,3,3,0.4861712,11.969358,0,1,521730220181919589,2023-08-20,Pirenópolis,0,0.97409856,25064,16.1428571428571,81.00688,0,0,0,60.521621,35.4021131428571,20.845238,26.5714285714286,3,,,,,7784,2018-05-06,5217302,Pirenopolis,GO,2018,19
1524960000000,201818,4.0,4,4,4,0.43241104,15.959145,0,1,521730220181819589,2023-08-20,Pirenópolis,0,0.89458233,25064,16.8571428571429,81.0189071428571,0,0,0,60.3981402857143,37.027727,21.5136054285714,27.2857142857143,4,,,,,7784,2018-04-29,5217302,Pirenopolis,GO,2018,18
1524355200000,201817,0.0,0,0,0,0.0,0.0,0,1,521730220181719589,2023-08-20,Pirenópolis,0,0.0,25064,17.0,89.1613471428571,0,0,0,71.9862088571429,48.931344,20.809524,25.4285714285714,0,,,,,7784,2018-04-22,5217302,Pirenopolis,GO,2018,17
1523750400000,201816,7.0,7,7,7,0.672197,27.928503,0,1,521730220181619589,2023-08-20,Pirenópolis,0,1.2776524,25064,16.8571428571429,95.6977711428571,0,0,1,89.2895684285714,80.4463885714286,18.1666665714286,20.0,7,,,,,7784,2018-04-15,5217302,Pirenopolis,GO,2018,16
1523145600000,201815,4.0,4,4,4,0.5778561,15.959145,0,1,521730220181519589,2023-08-20,Pirenópolis,0,1.1454824,25064,16.7142857142857,97.3528842857143,0,0,0,92.1172305714286,86.6345374285714,17.5987012857143,19.2857142857143,4,,,,,7784,2018-04-08,5217302,Pirenopolis,GO,2018,15
1522540800000,201814,9.0,9,9,9,0.99335706,35.908073,0,1,521730220181419589,2023-08-20,Pirenópolis,0,5.4061666,25064,18.1428571428571,99.1392157142857,1,1,1,94.1614928571429,88.2815348571429,18.9194802857143,19.7142857142857,9,,,,,7784,2018-04-01,5217302,Pirenopolis,GO,2018,14
1521936000000,201813,2.0,2,2,2,0.7524294,7.9795723,0,1,521730220181319589,2023-08-20,Pirenópolis,0,2.0181644,25064,17.7142857142857,92.4703842857143,0,0,0,86.2808835714286,79.9261521428571,18.8051948571429,20.1428571428571,2,,,,,7784,2018-03-25,5217302,Pirenopolis,GO,2018,13
1521331200000,201812,1.0,1,1,1,0.6158537,3.9897861,0,2,521730220181219589,2023-08-20,Pirenópolis,0,1.429919,25064,18.4285714285714,97.4111857142857,1,0,0,92.4842214285714,86.0240928571428,19.603896,21.0,1,,,,,7784,2018-03-18,5217302,Pirenopolis,GO,2018,12
1520726400000,201811,1.0,1,1,1,0.7843891,3.9897861,0,1,521730220181119589,2023-08-20,Pirenópolis,0,2.8542182,25064,19.0,97.4175771428571,1,0,0,94.1775341428571,87.6765185714286,19.8844154285714,21.0,1,,,,,7784,2018-03-11,5217302,Pirenopolis,GO,2018,11
1520121600000,201810,1.0,1,1,1,0.80683094,3.9897861,0,1,521730220181019589,2023-08-20,Pirenópolis,0,3.2293303,25064,18.8571428571429,96.5567928571429,1,0,0,90.7143197142857,81.7605332857143,19.948052,21.7142857142857,1,,,,,7784,2018-03-04,5217302,Pirenopolis,GO,2018,10
1519516800000,201809,0.0,0,0,0,0.0,0.0,0,1,521730220180919589,2023-08-20,Pirenópolis,0,0.0,25064,18.0,94.8802491428571,0,0,0,81.0433077142857,62.071694,21.2240257142857,25.5714285714286,0,,,,,7784,2018-02-25,5217302,Pirenopolis,GO,2018,9
1518912000000,201808,0.0,0,0,0,0.0,0.0,0,1,521730220180819589,2023-08-20,Pirenópolis,0,0.0,25064,18.0,98.2591877142857,0,0,0,91.6617635714286,84.5931307142857,19.2725105714286,20.8571428571429,0,,,,,7784,2018-02-18,5217302,Pirenopolis,GO,2018,8
1518307200000,201807,1.0,1,1,1,0.233429,3.9897861,0,1,521730220180719589,2023-08-20,Pirenópolis,0,0.47643,25064,18.2857142857143,87.5608842857143,1,0,0,79.5375008571429,72.4868461428571,19.9777777142857,21.7142857142857,0,,,,,7784,2018-02-11,5217302,Pirenopolis,GO,2018,7
1517702400000,201806,0.0,0,0,0,0.0,0.0,0,1,521730220180619589,2023-08-20,Pirenópolis,0,0.0,25064,17.2857142857143,99.1392157142857,0,0,0,92.7290742857143,84.75623,18.3817457142857,19.7142857142857,0,,,,,7784,2018-02-04,5217302,Pirenopolis,GO,2018,6
1517097600000,201805,3.0,3,3,3,0.5374608,11.969358,0,1,521730220180519589,2023-08-20,Pirenópolis,0,1.0754153,25064,18.2857142857143,99.1392157142857,1,0,0,95.4671648571429,91.5307728571429,19.2,20.1428571428571,3,,,,,7784,2018-01-28,5217302,Pirenopolis,GO,2018,5
1516492800000,201804,3.0,3,3,3,0.4113686,11.969358,0,1,521730220180419589,2023-08-20,Pirenópolis,0,0.8482548,25064,18.4285714285714,85.1851171428571,0,0,0,71.1005255714286,55.6096681428571,20.8838508571429,24.2857142857143,2,,,,,7784,2018-01-21,5217302,Pirenopolis,GO,2018,4
1515888000000,201803,2.0,2,2,2,0.2272334,7.9795723,0,1,521730220180319589,2023-08-20,Pirenópolis,0,0.55078304,25064,18.2857142857143,83.6454854285714,0,0,0,73.4580085714286,62.8986408571429,20.4214285714286,22.5714285714286,1,,,,,7784,2018-01-14,5217302,Pirenopolis,GO,2018,3
1515283200000,201802,3.0,3,3,3,0.7033191,11.969358,0,1,521730220180219589,2023-08-20,Pirenópolis,0,1.5632945,25064,17.2857142857143,97.4263834285714,0,0,0,88.7453974285714,80.2248658571429,18.7388887142857,20.7142857142857,3,,,,,7784,2018-01-07,5217302,Pirenopolis,GO,2018,2
1514678400000,201801,7.0,7,7,7,0.9956247,27.928503,0,1,521730220180119589,2023-08-20,Pirenópolis,0,9.444261,25064,18.0,96.5311582857143,0,1,1,91.0911051428571,81.0742742857143,19.1979641428571,20.8571428571429,1,,,,,7784,2017-12-31,5217302,Pirenopolis,GO,2018,1
1514073600000,201752,0.0,0,0,0,0.0,0.0,0,1,521730220175219589,2023-08-20,Pirenópolis,0,0.0,25064,18.8571428571429,90.6714262857143,0,0,0,84.032912,76.1198337142857,20.3761905714286,22.2857142857143,0,,,,,7784,2017-12-24,5217302,Pirenopolis,GO,2017,52
1513468800000,201751,0.0,0,0,0,0.0,0.0,0,1,521730220175119589,2023-08-20,Pirenópolis,0,0.0,25064,18.2,91.708958,0,0,0,80.4875632,66.3853758,20.2672226,23.4,0,,,,,7784,2017-12-17,5217302,Pirenopolis,GO,2017,51
1512864000000,201750,1.0,1,1,1,0.25868654,3.9897861,0,1,521730220175019589,2023-08-20,Pirenópolis,0,0.5126304,25064,17.3333333333333,97.9615146666667,0,0,0,95.5984013333333,88.625728,18.272222,19.6666666666667,1,,,,,7784,2017-12-10,5217302,Pirenopolis,GO,2017,50
1512259200000,201749,2.0,2,2,2,0.54521453,7.9795723,0,1,521730220174919589,2023-08-20,Pirenópolis,0,1.1100143,25064,18.3333333333333,95.9830066666667,1,0,0,88.1187433333333,80.5615733333333,20.3842596666667,22.3333333333333,2,,,,,7784,2017-12-03,5217302,Pirenopolis,GO,2017,49
1511654400000,201748,3.0,3,3,3,0.7347545,11.969358,0,1,521730220174819589,2023-08-20,Pirenópolis,0,1.7066052,25064,18.1230769230769,92.5073907692308,1,0,0,,,,,2,,,,,7784,2017-11-26,5217302,Pirenopolis,GO,2017,48
1511049600000,201747,0.0,0,0,0,0.0,0.0,0,1,521730220174719589,2023-08-20,Pirenópolis,0,0.0,25064,17.9128205128205,89.0317748717949,0,0,0,,,,,0,,,,,7784,2017-11-19,5217302,Pirenopolis,GO,2017,47
1510444800000,201746,4.0,4,4,4,0.99026877,15.959145,0,1,521730220174619589,2023-08-20,Pirenópolis,0,14.80987,25064,17.7025641025641,85.556158974359,0,0,0,,,,,4,,,,,7784,2017-11-12,5217302,Pirenopolis,GO,2017,46
1509840000000,201745,0.0,0,0,0,0.0,0.0,0,1,521730220174519589,2023-08-20,Pirenópolis,0,0.0,25064,17.4923076923077,82.0805430769231,0,0,0,,,,,0,,,,,7784,2017-11-05,5217302,Pirenopolis,GO,2017,45
1509235200000,201744,0.0,0,0,0,0.0,0.0,0,1,521730220174419589,2023-08-20,Pirenópolis,0,0.0,25064,17.2820512820513,78.6049271794872,0,0,0,,,,,0,,,,,7784,2017-10-29,5217302,Pirenopolis,GO,2017,44
1508630400000,201743,0.0,0,0,0,0.0,0.0,0,1,521730220174319589,2023-08-20,Pirenópolis,0,0.0,25064,17.0717948717949,75.1293112820513,0,0,0,,,,,0,,,,,7784,2017-10-22,5217302,Pirenopolis,GO,2017,43
1508025600000,201742,1.0,1,1,1,0.59317714,3.9897861,0,1,521730220174219589,2023-08-20,Pirenópolis,0,1.3272015,25064,16.8615384615385,71.6536953846154,0,0,0,,,,,1,,,,,7784,2017-10-15,5217302,Pirenopolis,GO,2017,42
1507420800000,201741,0.0,0,0,0,0.0,0.0,0,1,521730220174119589,2023-08-20,Pirenópolis,0,0.0,25064,16.6512820512821,68.1780794871795,0,0,0,,,,,0,,,,,7784,2017-10-08,5217302,Pirenopolis,GO,2017,41
1506816000000,201740,1.0,1,1,1,0.49855888,3.9897861,0,1,521730220174019589,2023-08-20,Pirenópolis,0,0.99585307,25064,16.4410256410256,64.7024635897436,0,0,0,,,,,1,,,,,7784,2017-10-01,5217302,Pirenopolis,GO,2017,40
1506211200000,201739,1.0,1,1,1,0.4668027,3.9897861,0,1,521730220173919589,2023-08-20,Pirenópolis,0,0.9098227,25064,16.2307692307692,61.2268476923077,0,0,0,,,,,0,,,,,7784,2017-09-24,5217302,Pirenopolis,GO,2017,39
1505606400000,201738,1.0,1,1,1,0.37121287,3.9897861,0,1,521730220173819589,2023-08-20,Pirenópolis,0,0.6994566,25064,16.0205128205128,57.7512317948718,0,0,0,,,,,1,,,,,7784,2017-09-17,5217302,Pirenopolis,GO,2017,38
1505001600000,201737,1.0,1,1,1,0.32967028,3.9897861,0,1,521730220173719589,2023-08-20,Pirenópolis,0,0.62464696,25064,15.8102564102564,54.2756158974359,0,0,0,,,,,1,,,,,7784,2017-09-10,5217302,Pirenopolis,GO,2017,37
1504396800000,201736,1.0,1,1,1,0.41515416,3.9897861,0,1,521730220173619589,2023-08-20,Pirenópolis,0,0.78846884,25064,15.6,50.8,0,0,0,43.424845,37.0,18.1296064,20.6,0,,,,,7784,2017-09-03,5217302,Pirenopolis,GO,2017,36
1503792000000,201735,3.0,3,3,3,0.87258554,11.969358,0,1,521730220173519589,2023-08-20,Pirenópolis,0,2.9578507,25064,18.0,38.0,0,0,0,32.2535147142857,26.2857142857143,19.3528342857143,20.7142857142857,2,,,,,7784,2017-08-27,5217302,Pirenopolis,GO,2017,35
1503187200000,201734,0.0,0,0,0,0.0,0.0,0,1,521730220173419589,2023-08-20,Pirenópolis,0,0.0,25064,17.0,60.7142857142857,0,0,0,55.6931978571429,52.5714285714286,18.1836735714286,19.2857142857143,0,,,,,7784,2017-08-20,5217302,Pirenopolis,GO,2017,34
1502582400000,201733,2.0,2,2,2,0.83920693,7.9795723,0,1,521730220173319589,2023-08-20,Pirenópolis,0,2.987585,25064,17.0,55.2857142857143,0,0,0,45.5136054285714,40.1428571428571,18.2993197142857,19.7142857142857,2,,,,,7784,2017-08-13,5217302,Pirenopolis,GO,2017,33
1501977600000,201732,0.0,0,0,0,0.0,0.0,0,1,521730220173219589,2023-08-20,Pirenópolis,0,0.0,25064,17.4285714285714,48.8571428571429,0,0,0,43.5843541428571,39.4285714285714,18.5751701428571,19.8571428571429,0,,,,,7784,2017-08-06,5217302,Pirenopolis,GO,2017,32
1501372800000,201731,1.0,1,1,1,0.35800216,3.9897861,0,1,521730220173119589,2023-08-20,Pirenópolis,0,0.67478216,25064,12.7142857142857,64.0,0,0,0,56.5102032857143,49.5714285714286,14.1938778571429,16.0,1,,,,,7784,2017-07-30,5217302,Pirenopolis,GO,2017,31
1500768000000,201730,0.0,0,0,0,0.0,0.0,0,1,521730220173019589,2023-08-20,Pirenópolis,0,0.0,25064,12.7142857142857,61.4285714285714,0,0,0,54.6870754285714,47.7142857142857,14.1938771428571,15.7142857142857,0,,,,,7784,2017-07-23,5217302,Pirenopolis,GO,2017,30
1500163200000,201729,3.0,3,3,3,0.4546639,11.969358,0,1,521730220172919589,2023-08-20,Pirenópolis,0,0.9184064,25064,13.2857142857143,65.1428571428571,0,0,0,58.1428567142857,52.5714285714286,14.734694,16.1428571428571,3,,,,,7784,2017-07-16,5217302,Pirenopolis,GO,2017,29
1499558400000,201728,0.0,0,0,0,0.0,0.0,0,1,521730220172819589,2023-08-20,Pirenópolis,0,0.0,25064,13.0,69.1428571428571,0,0,0,63.0857147142857,57.2857142857143,14.3020408571429,15.2857142857143,0,,,,,7784,2017-07-09,5217302,Pirenopolis,GO,2017,28
1498953600000,201727,4.0,4,4,4,0.105587676,15.959145,0,1,521730220172719589,2023-08-20,Pirenópolis,0,0.4899958,25064,11.4285714285714,68.4285714285714,0,0,0,63.3979605714286,59.2857142857143,12.6530612857143,13.8571428571429,4,,,,,7784,2017-07-02,5217302,Pirenopolis,GO,2017,27
1498348800000,201726,3.0,3,3,3,0.09197166,11.969358,0,1,521730220172619589,2023-08-20,Pirenópolis,0,0.43154004,25064,12.2857142857143,66.5714285714286,0,0,0,61.346939,57.5714285714286,13.6700681428571,14.5714285714286,2,,,,,7784,2017-06-25,5217302,Pirenopolis,GO,2017,26
1497744000000,201725,14.0,14,14,14,0.98629415,55.857006,0,1,521730220172519589,2023-08-20,Pirenópolis,0,2.885106,25064,12.5714285714286,65.0,0,1,1,59.7108847142857,55.7142857142857,13.8163265714286,14.8571428571429,14,,,,,7784,2017-06-18,5217302,Pirenopolis,GO,2017,25
1497139200000,201724,6.0,6,6,6,0.6044104,23.938717,0,1,521730220172419589,2023-08-20,Pirenópolis,0,1.1652647,25064,14.4285714285714,72.2857142857143,0,0,1,64.5394565714286,56.2857142857143,15.868027,17.8571428571429,6,,,,,7784,2017-06-11,5217302,Pirenopolis,GO,2017,24
1496534400000,201723,3.0,3,3,3,0.020469548,11.969358,0,1,521730220172319589,2023-08-20,Pirenópolis,0,0.303379,25064,14.8571428571429,76.5714285714286,0,0,0,71.914968,68.5714285714286,15.6802718571429,16.5714285714286,3,,,,,7784,2017-06-04,5217302,Pirenopolis,GO,2017,23
1495929600000,201722,5.0,5,5,5,0.0062109083,19.94893,0,1,521730220172219589,2023-08-20,Pirenópolis,0,0.314497,25064,15.0,79.5714285714286,0,0,0,74.7285714285714,71.2857142857143,15.9972788571429,17.0,5,,,,,7784,2017-05-28,5217302,Pirenopolis,GO,2017,22
1495324800000,201721,2.0,2,2,2,0.0002380111,7.9795723,0,1,521730220172119589,2023-08-20,Pirenópolis,0,0.13213871,25064,16.5714285714286,81.0,0,0,0,77.80102,71.1428571428571,17.3078231428571,19.0,2,,,,,7784,2017-05-21,5217302,Pirenopolis,GO,2017,21
1494720000000,201720,29.0,29,29,29,0.99820787,115.7038,0,1,521730220172019589,2023-08-20,Pirenópolis,0,2.615412,25064,14.5714285714286,88.8571428571429,0,1,2,83.4418371428571,76.7142857142857,16.1217685714286,18.0,28,,,,,7784,2017-05-14,5217302,Pirenopolis,GO,2017,20
1494115200000,201719,12.0,12,12,12,0.78060776,47.877434,0,1,521730220171919589,2023-08-20,Pirenópolis,0,1.4005361,25064,15.8333333333333,70.1666666666667,0,0,1,63.1269831666667,56.5,17.6954365,19.6666666666667,12,,,,,7784,2017-05-07,5217302,Pirenopolis,GO,2017,19
1493510400000,201718,12.0,12,12,12,0.8096653,47.877434,0,1,521730220171819589,2023-08-20,Pirenópolis,0,1.4709839,25064,15.4285714285714,77.8571428571429,0,0,1,72.6784165714286,66.1428571428571,16.8518864285714,18.5714285714286,12,,,,,7784,2017-04-30,5217302,Pirenopolis,GO,2017,18
1492905600000,201717,5.0,5,5,5,0.22112226,19.94893,0,1,521730220171719589,2023-08-20,Pirenópolis,0,0.6552625,25064,16.4285714285714,86.0,0,0,0,81.25399,74.5714285714286,17.6968461428571,19.1428571428571,5,,,,,7784,2017-04-23,5217302,Pirenopolis,GO,2017,17
1492300800000,201716,11.0,11,11,11,0.81499267,43.887646,0,1,521730220171619589,2023-08-20,Pirenópolis,0,1.513132,25064,16.5714285714286,80.2857142857143,0,0,1,75.3166668571429,70.1428571428571,17.6023811428571,18.4285714285714,11,,,,,7784,2017-04-16,5217302,Pirenopolis,GO,2017,16
1491696000000,201715,6.0,6,6,6,0.32840836,23.938717,0,1,521730220171519589,2023-08-20,Pirenópolis,0,0.790946,25064,17.4285714285714,74.4285714285714,0,0,1,66.06308,57.5714285714286,19.7124307142857,21.8571428571429,6,,,,,7784,2017-04-09,5217302,Pirenopolis,GO,2017,15
1491091200000,201714,8.0,8,8,8,0.4612324,31.91829,0,2,521730220171419589,2023-08-20,Pirenópolis,0,0.95419896,25064,18.8571428571429,88.2857142857143,1,0,1,83.0606331428571,78.1428571428571,19.6571428571429,20.7142857142857,8,,,,,7784,2017-04-02,5217302,Pirenopolis,GO,2017,14
1490486400000,201713,6.0,6,6,6,0.2990766,23.938717,0,2,521730220171319589,2023-08-20,Pirenópolis,0,0.7591597,25064,18.8571428571429,92.2857142857143,1,0,1,88.8775514285714,82.5714285714286,19.8303027142857,21.5714285714286,6,,,,,7784,2017-03-26,5217302,Pirenopolis,GO,2017,13
1489881600000,201712,10.0,10,10,10,0.8675427,39.89786,0,2,521730220171219589,2023-08-20,Pirenópolis,0,1.7465239,25064,19.0,93.1428571428571,1,0,1,88.267632,82.0,19.9493378571429,21.5714285714286,8,,,,,7784,2017-03-19,5217302,Pirenopolis,GO,2017,12
1489276800000,201711,9.0,9,9,9,0.94967085,35.908073,0,2,521730220171119589,2023-08-20,Pirenópolis,0,2.57202,25064,18.1428571428571,87.7142857142857,1,0,1,80.8809511428571,72.1428571428571,19.7176868571429,21.4285714285714,6,,,,,7784,2017-03-12,5217302,Pirenopolis,GO,2017,11
1488672000000,201710,6.0,6,6,6,0.86026186,23.938717,0,1,521730220171019589,2023-08-20,Pirenópolis,0,2.0334847,25064,20.4285714285714,87.5714285714286,1,0,1,81.3689731428571,73.1428571428571,21.5431821428571,23.1428571428571,5,,,,,7784,2017-03-05,5217302,Pirenopolis,GO,2017,10
1488067200000,201709,2.0,2,2,2,0.25476265,7.9795723,0,1,521730220170919589,2023-08-20,Pirenópolis,0,0.5868851,25064,18.4285714285714,91.4285714285714,1,0,0,87.1631162857143,81.0,19.5304642857143,21.0,1,,,,,7784,2017-02-26,5217302,Pirenopolis,GO,2017,9
1487462400000,201708,2.0,2,2,2,0.21592389,7.9795723,0,1,521730220170819589,2023-08-20,Pirenópolis,0,0.53620446,25064,19.1428571428571,83.8571428571429,0,0,0,77.7832002857143,68.8571428571429,20.3136052857143,21.8571428571429,1,,,,,7784,2017-02-19,5217302,Pirenopolis,GO,2017,8
1486857600000,201707,5.0,5,5,5,0.6525057,19.94893,0,1,521730220170719589,2023-08-20,Pirenópolis,0,1.2863744,25064,18.4285714285714,84.4285714285714,0,0,0,79.86846,72.2857142857143,20.2383422857143,21.8571428571429,5,,,,,7784,2017-02-12,5217302,Pirenopolis,GO,2017,7
1486252800000,201706,2.0,2,2,2,0.3245281,7.9795723,0,1,521730220170619589,2023-08-20,Pirenópolis,0,0.684188,25064,19.6,94.0,1,0,0,89.8380952,84.4,20.4742856,21.8,2,,,,,7784,2017-02-05,5217302,Pirenopolis,GO,2017,6
1485648000000,201705,6.0,6,6,6,0.94775814,23.938717,0,1,521730220170519589,2023-08-20,Pirenópolis,0,3.2709467,25064,20.0,79.4285714285714,0,0,1,73.4418812857143,65.7142857142857,21.3750812857143,22.8571428571429,6,,,,,7784,2017-01-29,5217302,Pirenopolis,GO,2017,5
1485043200000,201704,3.0,3,3,3,0.75382,11.969358,0,1,521730220170419589,2023-08-20,Pirenópolis,0,1.8076669,25064,18.4285714285714,92.2857142857143,1,0,0,84.2299471428571,72.2857142857143,20.2748295714286,22.5714285714286,3,,,,,7784,2017-01-22,5217302,Pirenopolis,GO,2017,4
1484438400000,201703,0.0,0,0,0,0.0,0.0,0,1,521730220170319589,2023-08-20,Pirenópolis,0,0.0,25064,18.7142857142857,93.1428571428571,0,0,0,88.2086214285714,79.2857142857143,19.7703488571429,21.8571428571429,0,,,,,7784,2017-01-15,5217302,Pirenopolis,GO,2017,3
1483833600000,201702,3.0,3,3,3,0.8371563,11.969358,0,1,521730220170219589,2023-08-20,Pirenópolis,0,2.4666054,25064,19.2857142857143,84.7142857142857,0,0,0,77.9226188571429,70.8571428571429,21.0144558571429,22.7142857142857,2,,,,,7784,2017-01-08,5217302,Pirenopolis,GO,2017,2
1483228800000,201701,1.0,1,1,1,0.3419495,3.9897861,0,1,521730220170119589,2023-08-20,Pirenópolis,0,0.6459344,25064,20.1428571428571,74.8571428571429,0,0,0,64.5171602857143,53.5714285714286,22.690167,25.2857142857143,0,,,,,7784,2017-01-01,5217302,Pirenopolis,GO,2017,1
1482624000000,201652,1.0,1,1,1,0.21064734,3.9897861,0,1,521730220165219589,2023-08-20,Pirenópolis,0,0.44501835,25064,19.2857142857143,80.1428571428571,0,0,0,71.9947582857143,61.0,21.2967805714286,24.2857142857143,1,,,,,7784,2016-12-25,5217302,Pirenopolis,GO,2016,52
1482019200000,201651,1.0,1,1,1,0.10620626,3.9897861,0,1,521730220165119589,2023-08-20,Pirenópolis,0,0.30911335,25064,18.8,80.0,0,0,0,69.6923832,57.0,21.1127822,24.4,1,,,,,7784,2016-12-18,5217302,Pirenopolis,GO,2016,51
1481414400000,201650,3.0,3,3,3,0.16704068,11.969358,0,2,521730220165019589,2023-08-20,Pirenópolis,0,0.5277193,25064,19.3333333333333,91.3333333333333,1,0,0,86.6152173333333,81.6666666666667,20.2231883333333,21.5,3,,,,,7784,2016-12-11,5217302,Pirenopolis,GO,2016,50
1480809600000,201649,2.0,2,2,2,0.012844202,7.9795723,0,2,521730220164919589,2023-08-20,Pirenópolis,0,0.22981551,25064,18.8571428571429,94.0,1,0,0,86.586963,78.0,20.1894555714286,22.5714285714286,2,,,,,7784,2016-12-04,5217302,Pirenopolis,GO,2016,49
1480204800000,201648,4.0,4,4,4,0.050798133,15.959145,0,2,521730220164819589,2023-08-20,Pirenópolis,0,0.4084308,25064,19.4285714285714,89.8571428571429,1,0,0,82.2813488571429,73.5714285714286,21.21534,23.2857142857143,4,,,,,7784,2016-11-27,5217302,Pirenopolis,GO,2016,48
1479600000000,201647,12.0,12,12,12,0.781227,47.877434,0,1,521730220164719589,2023-08-20,Pirenópolis,0,1.4019269,25064,19.5714285714286,93.1428571428571,1,0,1,87.0267157142857,79.8571428571429,20.3293135714286,21.4285714285714,9,,,,,7784,2016-11-20,5217302,Pirenopolis,GO,2016,47
1478995200000,201646,9.0,9,9,9,0.8195921,35.908073,0,1,521730220164619589,2023-08-20,Pirenópolis,0,1.600901,25064,19.0,96.0,1,0,1,89.9161626666667,80.6666666666667,19.869192,21.1666666666667,8,,,,,7784,2016-11-13,5217302,Pirenopolis,GO,2016,46
1478390400000,201645,12.0,12,12,12,0.99021524,47.877434,0,1,521730220164519589,2023-08-20,Pirenópolis,0,3.5475168,25064,18.8571428571429,85.1428571428571,0,1,1,77.8921914285714,69.7142857142857,20.3333128571429,21.8571428571429,12,,,,,7784,2016-11-06,5217302,Pirenopolis,GO,2016,45
1477785600000,201644,3.0,3,3,3,0.61550987,11.969358,0,1,521730220164419589,2023-08-20,Pirenópolis,0,1.2649924,25064,18.4285714285714,89.0,1,0,0,83.2712577142857,75.4285714285714,19.7117345714286,21.2857142857143,3,,,,,7784,2016-10-30,5217302,Pirenopolis,GO,2016,44
1477180800000,201643,4.0,4,4,4,0.77550346,15.959145,0,1,521730220164319589,2023-08-20,Pirenópolis,0,1.7803999,25064,19.8571428571429,78.5714285714286,0,0,0,67.6908171428571,60.8571428571429,21.3826532857143,23.0,4,,,,,7784,2016-10-23,5217302,Pirenopolis,GO,2016,43
1476576000000,201642,1.0,1,1,1,0.2395063,3.9897861,0,1,521730220164219589,2023-08-20,Pirenópolis,0,0.48499793,25064,20.5714285714286,73.8571428571429,0,0,0,67.0625857142857,59.7142857142857,22.2598638571429,24.5714285714286,1,,,,,7784,2016-10-16,5217302,Pirenopolis,GO,2016,42
1475971200000,201641,3.0,3,3,3,0.7942322,11.969358,0,1,521730220164119589,2023-08-20,Pirenópolis,0,2.0713017,25064,19.1428571428571,75.1428571428571,0,0,0,64.8534322857143,54.2857142857143,21.6029685714286,24.0,3,,,,,7784,2016-10-09,5217302,Pirenopolis,GO,2016,41
1475366400000,201640,2.0,2,2,2,0.8443037,7.9795723,0,1,521730220164019589,2023-08-20,Pirenópolis,0,3.075278,25064,17.0,73.0,0,0,0,54.66111,38.0,19.9722225,24.0,2,,,,,7784,2016-10-02,5217302,Pirenopolis,GO,2016,40
1474761600000,201639,2.0,2,2,2,0.9084036,7.9795723,0,1,521730220163919589,2023-08-20,Pirenópolis,0,4.9495277,25064,18.0,74.2,0,0,0,64.0952378,55.8,19.5666668,21.2,2,,,,,7784,2016-09-25,5217302,Pirenopolis,GO,2016,39
1474156800000,201638,0.0,0,0,0,0.0,0.0,0,1,521730220163819589,2023-08-20,Pirenópolis,0,0.0,25064,18.1428571428571,74.5714285714286,0,0,0,68.1200081428571,58.7142857142857,19.702751,21.4285714285714,0,,,,,7784,2016-09-18,5217302,Pirenopolis,GO,2016,38
1473552000000,201637,0.0,0,0,0,0.0,0.0,0,1,521730220163719589,2023-08-20,Pirenópolis,0,0.0,25064,19.4285714285714,50.5714285714286,0,0,0,43.6863947142857,36.7142857142857,21.7945578571429,24.0,0,,,,,7784,2016-09-11,5217302,Pirenopolis,GO,2016,37
1472947200000,201636,1.0,1,1,1,0.6634578,3.9897861,0,1,521730220163619589,2023-08-20,Pirenópolis,0,1.6894078,25064,18.0,63.0,0,0,0,51.7052663333333,45.1666666666667,20.8542571666667,22.8333333333333,1,,,,,7784,2016-09-04,5217302,Pirenopolis,GO,2016,36
1472342400000,201635,1.0,1,1,1,0.6177504,3.9897861,0,1,521730220163519589,2023-08-20,Pirenópolis,0,1.4390477,25064,18.2857142857143,70.1428571428571,0,0,0,56.690463,43.5714285714286,21.3996127142857,25.1428571428571,1,,,,,7784,2016-08-28,5217302,Pirenopolis,GO,2016,35
1471737600000,201634,0.0,0,0,0,0.0,0.0,0,1,521730220163419589,2023-08-20,Pirenópolis,0,0.0,25064,15.4285714285714,72.7142857142857,0,0,0,58.6497382857143,47.5714285714286,18.8865182857143,22.2857142857143,0,,,,,7784,2016-08-21,5217302,Pirenopolis,GO,2016,34
1471132800000,201633,1.0,1,1,1,0.81445277,3.9897861,0,1,521730220163319589,2023-08-20,Pirenópolis,0,3.3772714,25064,17.1428571428571,73.1428571428571,0,0,0,65.4467904285714,55.8571428571429,19.1291037142857,21.4285714285714,1,,,,,7784,2016-08-14,5217302,Pirenopolis,GO,2016,33
1470528000000,201632,1.0,1,1,1,0.9602233,3.9897861,0,1,521730220163219589,2023-08-20,Pirenópolis,0,17.077045,25064,17.0,53.5714285714286,0,0,0,45.664448,40.5714285714286,19.1909201428571,21.2857142857143,1,,,,,7784,2016-08-07,5217302,Pirenopolis,GO,2016,32
1469923200000,201631,0.0,0,0,0,0.0,0.0,0,1,521730220163119589,2023-08-20,Pirenópolis,0,0.0,25064,14.4285714285714,68.8571428571429,0,0,0,57.2022267142857,45.8571428571429,17.270254,20.1428571428571,0,,,,,7784,2016-07-31,5217302,Pirenopolis,GO,2016,31
1469318400000,201630,0.0,0,0,0,0.0,0.0,0,1,521730220163019589,2023-08-20,Pirenópolis,0,0.0,25064,16.2857142857143,60.0,0,0,0,54.3260671428571,49.0,17.9432591428571,19.7142857142857,0,,,,,7784,2016-07-24,5217302,Pirenopolis,GO,2016,30
1468713600000,201629,0.0,0,0,0,0.0,0.0,0,1,521730220162919589,2023-08-20,Pirenópolis,0,0.0,25064,16.0,57.4285714285714,0,0,0,48.8435362857143,40.7142857142857,18.1853741428571,20.4285714285714,0,,,,,7784,2016-07-17,5217302,Pirenopolis,GO,2016,29
1468108800000,201628,0.0,0,0,0,0.0,0.0,0,1,521730220162819589,2023-08-20,Pirenópolis,0,0.0,25064,16.1428571428571,58.8571428571429,0,0,0,50.7959181428571,41.5714285714286,18.3741495714286,21.2857142857143,0,,,,,7784,2016-07-10,5217302,Pirenopolis,GO,2016,28
1467504000000,201627,1.0,1,1,1,0.47690347,3.9897861,0,1,521730220162719589,2023-08-20,Pirenópolis,0,0.9361273,25064,15.7142857142857,71.1428571428571,0,0,0,62.3141071428571,53.8571428571429,17.7018638571429,19.7142857142857,1,,,,,7784,2016-07-03,5217302,Pirenopolis,GO,2016,27
1466899200000,201626,1.0,1,1,1,0.3561032,3.9897861,0,1,521730220162619589,2023-08-20,Pirenópolis,0,0.67130643,25064,13.5714285714286,75.5714285714286,0,0,0,68.1828251428571,59.7142857142857,15.4336732857143,17.4285714285714,1,,,,,7784,2016-06-26,5217302,Pirenopolis,GO,2016,26
1466294400000,201625,1.0,1,1,1,0.14146672,3.9897861,0,1,521730220162519589,2023-08-20,Pirenópolis,0,0.35442576,25064,16.7142857142857,63.0,0,0,0,55.2331631428571,47.1428571428571,18.4574828571429,20.4285714285714,1,,,,,7784,2016-06-19,5217302,Pirenopolis,GO,2016,25
1465689600000,201624,1.0,1,1,1,0.028819753,3.9897861,0,1,521730220162419589,2023-08-20,Pirenópolis,0,0.19543472,25064,13.7142857142857,75.2857142857143,0,0,0,64.2457848571429,50.5714285714286,16.2548064285714,20.1428571428571,1,,,,,7784,2016-06-12,5217302,Pirenopolis,GO,2016,24
1465084800000,201623,2.0,2,2,2,0.035369977,7.9795723,0,1,521730220162319589,2023-08-20,Pirenópolis,0,0.28614,25064,15.3333333333333,82.6666666666667,0,0,0,76.0744056666667,69.3333333333333,17.3025791666667,19.5,2,,,,,7784,2016-06-05,5217302,Pirenopolis,GO,2016,23
1464480000000,201622,5.0,5,5,5,0.23163117,19.94893,0,1,521730220162219589,2023-08-20,Pirenópolis,0,0.66687244,25064,15.2857142857143,79.5714285714286,0,0,0,72.957408,66.1428571428571,17.4201424285714,19.2857142857143,4,,,,,7784,2016-05-29,5217302,Pirenopolis,GO,2016,22
1463875200000,201621,9.0,9,9,9,0.5401593,35.908073,0,1,521730220162119589,2023-08-20,Pirenópolis,0,1.0480837,25064,16.8571428571429,82.1428571428571,0,0,1,74.718228,68.4285714285714,18.579762,20.1428571428571,8,,,,,7784,2016-05-22,5217302,Pirenopolis,GO,2016,21
1463270400000,201620,7.0,7,7,7,0.19511072,27.928503,0,1,521730220162019589,2023-08-20,Pirenópolis,0,0.66693264,25064,18.2857142857143,86.8571428571429,1,0,1,80.5551617142857,71.4285714285714,19.7648621428571,22.2857142857143,7,,,,,7784,2016-05-15,5217302,Pirenopolis,GO,2016,20
1462665600000,201619,6.0,6,6,6,0.13440701,23.938717,0,1,521730220161919589,2023-08-20,Pirenópolis,0,0.5810744,25064,19.0,73.2,0,0,1,66.691343,58.8,20.7147186,23.0,6,,,,,7784,2016-05-08,5217302,Pirenopolis,GO,2016,19
1462060800000,201618,14.0,14,14,14,0.8575181,55.857006,0,1,521730220161819589,2023-08-20,Pirenópolis,0,1.55766,25064,17.5,70.5,0,0,1,68.839285,66.25,17.9583335,18.5,14,,,,,7784,2016-05-01,5217302,Pirenopolis,GO,2016,18
1461456000000,201617,11.0,11,11,11,0.6691079,43.887646,0,1,521730220161719589,2023-08-20,Pirenópolis,0,1.211226,25064,16.3333333333333,89.5,0,0,1,83.0484516666667,71.8333333333333,17.764762,20.1666666666667,10,,,,,7784,2016-04-24,5217302,Pirenopolis,GO,2016,17
1460851200000,201616,7.0,7,7,7,0.18086404,27.928503,0,1,521730220161619589,2023-08-20,Pirenópolis,0,0.652017,25064,17.6666666666667,82.25,0,0,1,,,,,7,,,,,7784,2016-04-17,5217302,Pirenopolis,GO,2016,16
1460246400000,201615,9.0,9,9,9,0.1711628,35.908073,0,1,521730220161519589,2023-08-20,Pirenópolis,0,0.67189133,25064,19.0,75.0,0,0,1,58.3160286,41.4,23.3211902,28.2,8,,,,,7784,2016-04-10,5217302,Pirenopolis,GO,2016,15
1459641600000,201614,10.0,10,10,10,0.120186016,39.89786,0,1,521730220161419589,2023-08-20,Pirenópolis,0,0.63108754,25064,20.4285714285714,75.8571428571429,0,0,1,65.3315958571429,57.2857142857143,22.488184,24.7142857142857,8,,,,,7784,2016-04-03,5217302,Pirenopolis,GO,2016,14
1459036800000,201613,13.0,13,13,13,0.20334584,51.867218,0,1,521730220161319589,2023-08-20,Pirenópolis,0,0.7423449,25064,19.4285714285714,80.2857142857143,0,0,1,73.0316314285714,66.0,21.0034012857143,23.0,10,,,,,7784,2016-03-27,5217302,Pirenopolis,GO,2016,13
1458432000000,201612,18.0,18,18,18,0.34007215,71.81615,0,4,521730220161219589,2023-08-20,Pirenópolis,0,0.87674403,25064,19.1428571428571,87.1428571428571,1,0,2,79.7179962857143,70.0,20.7168828571429,22.7142857142857,14,,,,,7784,2016-03-20,5217302,Pirenopolis,GO,2016,12
1457827200000,201611,16.0,16,16,16,0.10759478,63.83658,0,4,521730220161119589,2023-08-20,Pirenópolis,0,0.6750442,25064,18.8571428571429,87.0,1,0,2,81.6549157142857,77.1428571428571,20.325974,21.5714285714286,16,,,,,7784,2016-03-13,5217302,Pirenopolis,GO,2016,11
1457222400000,201610,18.0,18,18,18,0.18395737,71.81615,0,4,521730220161019589,2023-08-20,Pirenópolis,0,0.75788444,25064,18.8571428571429,94.8571428571429,1,0,2,91.1096928571429,83.8571428571429,19.7806121428571,21.1428571428571,17,,,,,7784,2016-03-06,5217302,Pirenopolis,GO,2016,10
1456617600000,201609,30.0,30,30,30,0.85151154,119.69358,0,4,521730220160919589,2023-08-20,Pirenópolis,0,1.3324351,25064,18.8571428571429,91.5714285714286,1,0,2,84.3934734285714,74.5714285714286,20.563853,22.5714285714286,28,,,,,7784,2016-02-28,5217302,Pirenopolis,GO,2016,9
1456012800000,201608,21.0,21,21,21,0.48487613,83.78551,0,4,521730220160819589,2023-08-20,Pirenópolis,0,0.988513,25064,19.4285714285714,82.0,0,0,2,75.1972791428571,67.8571428571429,20.844558,22.7142857142857,20,,,,,7784,2016-02-21,5217302,Pirenopolis,GO,2016,8
1455408000000,201607,25.0,25,25,25,0.85160714,99.74465,0,4,521730220160719589,2023-08-20,Pirenópolis,0,1.3720207,25064,19.5714285714286,89.2857142857143,1,0,2,82.5663271428571,75.5714285714286,20.8068027142857,22.1428571428571,23,,,,,7784,2016-02-14,5217302,Pirenopolis,GO,2016,7
1454803200000,201606,18.0,18,18,18,0.8925268,71.81615,0,4,521730220160619589,2023-08-20,Pirenópolis,0,1.5788149,25064,18.5714285714286,92.4285714285714,1,0,2,77.073962,54.5714285714286,22.3442614285714,27.4285714285714,18,,,,,7784,2016-02-07,5217302,Pirenopolis,GO,2016,6
1454198400000,201605,27.0,27,27,27,0.9999129,107.72423,0,2,521730220160519589,2023-08-20,Pirenópolis,0,4.222148,25064,18.4285714285714,88.4285714285714,1,1,2,71.3273157142857,47.2857142857143,22.7147922857143,28.4285714285714,27,,,,,7784,2016-01-31,5217302,Pirenopolis,GO,2016,5
1453593600000,201604,6.0,6,6,6,0.6343708,23.938717,0,2,521730220160419589,2023-08-20,Pirenópolis,0,1.2221241,25064,19.0,94.8571428571429,1,0,1,89.8534171428571,80.1428571428571,20.0401064285714,21.7142857142857,6,,,,,7784,2016-01-24,5217302,Pirenopolis,GO,2016,4
1452988800000,201603,5.0,5,5,5,0.5330678,19.94893,0,2,521730220160319589,2023-08-20,Pirenópolis,0,1.0522331,25064,18.7142857142857,97.4285714285714,1,0,0,93.7679514285714,88.8571428571429,19.6410617142857,21.0,5,,,,,7784,2016-01-17,5217302,Pirenopolis,GO,2016,3
1452384000000,201602,5.0,5,5,5,0.35865563,19.94893,0,2,521730220160219589,2023-08-20,Pirenópolis,0,0.8111836,25064,18.7142857142857,97.4285714285714,1,0,0,94.4098637142857,91.5714285714286,19.3928568571429,20.2857142857143,5,,,,,7784,2016-01-10,5217302,Pirenopolis,GO,2016,2
1451779200000,201601,5.0,5,5,5,0.12885837,19.94893,0,1,521730220160119589,2023-08-20,Pirenópolis,0,0.5500493,25064,18.7142857142857,96.5714285714286,1,0,0,94.0156025714286,90.1428571428571,19.4301464285714,20.4285714285714,5,,,,,7784,2016-01-03,5217302,Pirenopolis,GO,2016,1
1451174400000,201552,2.0,2,2,2,0.004581958,7.9795723,0,1,521730220155219589,2023-08-20,Pirenópolis,0,0.192264,25064,18.8571428571429,90.7142857142857,1,0,0,85.5892857142857,77.7142857142857,19.9183674285714,21.4285714285714,2,,,,,7784,2015-12-27,5217302,Pirenopolis,GO,2015,52
1450569600000,201551,14.0,14,14,14,0.83906627,55.857006,0,1,521730220155119589,2023-08-20,Pirenópolis,0,1.5023639,25064,19.5714285714286,80.0,0,0,1,73.3724485714286,66.4285714285714,21.3658162857143,23.2857142857143,13,,,,,7784,2015-12-20,5217302,Pirenopolis,GO,2015,51
1449964800000,201550,8.0,8,8,8,0.6627119,31.91829,0,1,521730220155019589,2023-08-20,Pirenópolis,0,1.2400842,25064,19.5,80.1666666666667,0,0,1,73.2360238333333,64.8333333333333,20.9057971666667,22.6666666666667,7,,,,,7784,2015-12-13,5217302,Pirenopolis,GO,2015,50
1449360000000,201549,15.0,15,15,15,0.98679674,59.84679,0,2,521730220154919589,2023-08-20,Pirenópolis,0,2.7820723,25064,19.4285714285714,88.5714285714286,1,1,2,79.52908,64.5714285714286,21.4595907142857,25.2857142857143,15,,,,,7784,2015-12-06,5217302,Pirenopolis,GO,2015,49
1448755200000,201548,1.0,1,1,1,0.024329761,3.9897861,0,2,521730220154819589,2023-08-20,Pirenópolis,0,0.1865277,25064,19.4285714285714,89.1428571428571,1,0,0,72.1334371428571,47.2857142857143,23.460075,29.4285714285714,1,,,,,7784,2015-11-29,5217302,Pirenopolis,GO,2015,48
1448150400000,201547,7.0,7,7,7,0.74991775,27.928503,0,1,521730220154719589,2023-08-20,Pirenópolis,0,1.4659126,25064,18.2857142857143,93.1428571428571,1,0,1,79.2877854285714,55.5714285714286,21.9482278571429,27.7142857142857,7,,,,,7784,2015-11-22,5217302,Pirenopolis,GO,2015,47
1447545600000,201546,5.0,5,5,5,0.727989,19.94893,0,1,521730220154619589,2023-08-20,Pirenópolis,0,1.4966986,25064,18.6666666666667,93.0,1,0,0,78.4501033333333,57.3333333333333,22.2195311666667,27.3333333333333,5,,,,,7784,2015-11-15,5217302,Pirenopolis,GO,2015,46
1446940800000,201545,6.0,6,6,6,0.9083118,23.938717,0,1,521730220154519589,2023-08-20,Pirenópolis,0,2.495175,25064,20.7142857142857,68.7142857142857,0,0,1,48.279524,30.0,26.2185711428571,32.4285714285714,6,,,,,7784,2015-11-08,5217302,Pirenopolis,GO,2015,45
1446336000000,201544,3.0,3,3,3,0.5441578,11.969358,0,1,521730220154419589,2023-08-20,Pirenópolis,0,1.0898046,25064,18.875,90.25,1,0,0,70.466313,41.75,23.197388,29.75,2,,,,,7784,2015-11-01,5217302,Pirenopolis,GO,2015,44
1445731200000,201543,1.0,1,1,1,0.096610606,3.9897861,0,1,521730220154319589,2023-08-20,Pirenópolis,0,0.29658854,25064,18.2857142857143,90.7142857142857,1,0,0,73.6956857142857,48.7142857142857,22.5306422857143,28.2857142857143,1,,,,,7784,2015-10-25,5217302,Pirenopolis,GO,2015,43
1445126400000,201542,3.0,3,3,3,0.41068143,11.969358,0,1,521730220154219589,2023-08-20,Pirenópolis,0,0.8471928,25064,20.8571428571429,60.0,0,0,0,42.4344868571429,24.2857142857143,26.494102,33.4285714285714,3,,,,,7784,2015-10-18,5217302,Pirenopolis,GO,2015,42
1444521600000,201541,4.0,4,4,4,0.65698594,15.959145,0,1,521730220154119589,2023-08-20,Pirenópolis,0,1.335373,25064,21.5714285714286,50.1428571428571,0,0,0,29.6726188571429,19.2857142857143,27.359524,32.5714285714286,4,,,,,7784,2015-10-11,5217302,Pirenopolis,GO,2015,41
1443916800000,201540,3.0,3,3,3,0.7495583,11.969358,0,1,521730220154019589,2023-08-20,Pirenópolis,0,1.7839934,25064,19.5714285714286,78.1428571428571,0,0,0,53.8302685714286,30.1428571428571,25.209754,32.0,2,,,,,7784,2015-10-04,5217302,Pirenopolis,GO,2015,40
1443312000000,201539,5.0,5,5,5,0.96362287,19.94893,0,1,521730220153919589,2023-08-20,Pirenópolis,0,4.584179,25064,19.5714285714286,69.8571428571429,0,0,0,49.2880951428571,27.1428571428571,24.7723811428571,30.7142857142857,5,,,,,7784,2015-09-27,5217302,Pirenopolis,GO,2015,39
1442707200000,201538,0.0,0,0,0,0.0,0.0,0,1,521730220153819589,2023-08-20,Pirenópolis,0,0.0,25064,20.1428571428571,49.0,0,0,0,33.6547622857143,19.2857142857143,26.684524,33.4285714285714,0,,,,,7784,2015-09-20,5217302,Pirenopolis,GO,2015,38
1442102400000,201537,1.0,1,1,1,0.17283538,3.9897861,0,1,521730220153719589,2023-08-20,Pirenópolis,0,0.39486212,25064,19.1428571428571,67.2857142857143,0,0,0,47.4756497142857,29.5714285714286,24.8917751428571,31.0,1,,,,,7784,2015-09-13,5217302,Pirenopolis,GO,2015,37
1441497600000,201536,1.0,1,1,1,0.13979872,3.9897861,0,1,521730220153619589,2023-08-20,Pirenópolis,0,0.3522892,25064,18.4285714285714,74.7142857142857,0,0,0,55.3329364285714,34.8571428571429,23.7179895714286,30.0,1,,,,,7784,2015-09-06,5217302,Pirenopolis,GO,2015,36
1440892800000,201535,3.0,3,3,3,0.57818896,11.969358,0,1,521730220153519589,2023-08-20,Pirenópolis,0,1.1679196,25064,18.2857142857143,49.7142857142857,0,0,0,32.3668831428571,18.1428571428571,25.0871214285714,31.8571428571429,3,,,,,7784,2015-08-30,5217302,Pirenopolis,GO,2015,35
1440288000000,201534,4.0,4,4,4,0.73283136,15.959145,0,1,521730220153419589,2023-08-20,Pirenópolis,0,1.5868104,25064,19.1428571428571,59.5714285714286,0,0,0,40.9761908571429,24.8571428571429,24.2261905714286,30.5714285714286,3,,,,,7784,2015-08-23,5217302,Pirenopolis,GO,2015,34
1439683200000,201533,1.0,1,1,1,0.17598337,3.9897861,0,1,521730220153319589,2023-08-20,Pirenópolis,0,0.39896443,25064,16.4285714285714,61.2857142857143,0,0,0,41.9357554285714,26.0,22.7831885714286,29.0,1,,,,,7784,2015-08-16,5217302,Pirenopolis,GO,2015,33
1439078400000,201532,4.0,4,4,4,0.7079749,15.959145,0,1,521730220153219589,2023-08-20,Pirenópolis,0,1.4940176,25064,14.0,68.1428571428571,0,0,0,48.4634355714286,27.5714285714286,19.8894555714286,26.5714285714286,4,,,,,7784,2015-08-09,5217302,Pirenopolis,GO,2015,32
1438473600000,201531,1.0,1,1,1,0.15324458,3.9897861,0,1,521730220153119589,2023-08-20,Pirenópolis,0,0.36953658,25064,15.2857142857143,56.7142857142857,0,0,0,38.5687222857143,21.7142857142857,21.4989177142857,28.4285714285714,1,,,,,7784,2015-08-02,5217302,Pirenopolis,GO,2015,31
1437868800000,201530,4.0,4,4,4,0.5705133,15.959145,0,1,521730220153019589,2023-08-20,Pirenópolis,0,1.1303301,25064,16.5714285714286,62.1428571428571,0,0,0,44.2724217142857,29.5714285714286,21.9561697142857,27.2857142857143,4,,,,,7784,2015-07-26,5217302,Pirenopolis,GO,2015,30
1437264000000,201529,2.0,2,2,2,0.07934682,7.9795723,0,1,521730220152919589,2023-08-20,Pirenópolis,0,0.35859108,25064,15.1428571428571,68.8571428571429,0,0,0,52.344048,34.0,19.6761905714286,25.1428571428571,2,,,,,7784,2015-07-19,5217302,Pirenopolis,GO,2015,29
1436659200000,201528,2.0,2,2,2,0.012324756,7.9795723,0,1,521730220152819589,2023-08-20,Pirenópolis,0,0.22801284,25064,15.7142857142857,76.5714285714286,0,0,0,56.0110687142857,33.8571428571429,20.8048245714286,27.0,2,,,,,7784,2015-07-12,5217302,Pirenopolis,GO,2015,28
1436054400000,201527,7.0,7,7,7,0.07993539,27.928503,0,1,521730220152719589,2023-08-20,Pirenópolis,0,0.53348804,25064,15.4285714285714,88.2857142857143,0,0,1,69.4407662857143,46.5714285714286,19.6575471428571,25.2857142857143,7,,,,,7784,2015-07-05,5217302,Pirenopolis,GO,2015,27
1435449600000,201526,5.0,5,5,5,0.003469174,19.94893,0,1,521730220152619589,2023-08-20,Pirenópolis,0,0.29285717,25064,13.5714285714286,82.0,0,0,0,59.0109552857143,34.7142857142857,19.619358,26.1428571428571,5,,,,,7784,2015-06-28,5217302,Pirenopolis,GO,2015,26
1434844800000,201525,17.0,17,17,17,0.24883012,67.82636,0,1,521730220152519589,2023-08-20,Pirenópolis,0,0.8042293,25064,13.7142857142857,86.7142857142857,0,0,2,66.5969051428571,43.8571428571429,18.4971425714286,24.1428571428571,17,,,,,7784,2015-06-21,5217302,Pirenopolis,GO,2015,25
1434240000000,201524,14.0,14,14,14,0.051518008,55.857006,0,1,521730220152419589,2023-08-20,Pirenópolis,0,0.5867211,25064,16.1428571428571,86.7142857142857,0,0,1,66.4373897142857,39.4285714285714,20.7193022857143,27.0,14,,,,,7784,2015-06-14,5217302,Pirenopolis,GO,2015,24
1433635200000,201523,23.0,23,23,23,0.22445683,91.76508,0,4,521730220152319589,2023-08-20,Pirenópolis,0,0.81046736,25064,16.1428571428571,82.2857142857143,0,0,2,61.8495674285714,41.1428571428571,20.9523808571429,26.7142857142857,23,,,,,7784,2015-06-07,5217302,Pirenopolis,GO,2015,23
1433030400000,201522,27.0,27,27,27,0.06716972,107.72423,0,4,521730220152219589,2023-08-20,Pirenópolis,0,0.6912947,25064,16.2857142857143,88.1428571428571,0,0,2,65.7129865714286,40.4285714285714,21.0770345714286,26.8571428571429,26,,,,,7784,2015-05-31,5217302,Pirenopolis,GO,2015,22
1432425600000,201521,17.0,17,17,17,1.61767e-05,67.82636,0,4,521730220152119589,2023-08-20,Pirenópolis,0,0.3395489,25064,16.0,86.4285714285714,0,0,2,66.29174,41.5714285714286,21.1036437142857,27.5714285714286,16,,,,,7784,2015-05-24,5217302,Pirenopolis,GO,2015,21
1431820800000,201520,45.0,45,45,45,0.1270517,179.54037,0,4,521730220152019589,2023-08-20,Pirenópolis,0,0.7975059,25064,16.1428571428571,89.7142857142857,0,0,2,73.6916662857143,50.5714285714286,20.0730951428571,25.5714285714286,43,,,,,7784,2015-05-17,5217302,Pirenopolis,GO,2015,20
1431216000000,201519,49.0,49,49,49,0.3113959,195.49953,0,4,521730220151919589,2023-08-20,Pirenópolis,0,0.9079062,25064,15.7142857142857,94.8571428571429,0,0,2,81.6601242857143,62.2857142857143,19.1336851428571,23.8571428571429,49,,,,,7784,2015-05-10,5217302,Pirenopolis,GO,2015,19
1430611200000,201518,63.0,63,63,63,0.93625015,251.35652,0,4,521730220151819589,2023-08-20,Pirenópolis,0,1.337651,25064,17.7142857142857,93.1428571428571,0,0,2,80.5469051428571,59.2857142857143,20.8173808571429,25.7142857142857,62,,,,,7784,2015-05-03,5217302,Pirenopolis,GO,2015,18
1430006400000,201517,61.0,61,61,61,0.90060705,243.37695,0,4,521730220151719589,2023-08-20,Pirenópolis,0,1.2795616,25064,17.4285714285714,92.4285714285714,0,0,2,75.4612635714286,48.8571428571429,21.2343348571429,27.2857142857143,58,,,,,7784,2015-04-26,5217302,Pirenopolis,GO,2015,17
1429401600000,201516,38.0,38,38,38,0.040067405,151.61188,0,4,521730220151619589,2023-08-20,Pirenópolis,0,0.69433874,25064,18.4285714285714,94.0,1,0,2,79.0254928571429,49.8571428571429,22.0477297142857,29.0,35,,,,,7784,2015-04-19,5217302,Pirenopolis,GO,2015,16
1428796800000,201515,42.0,42,42,42,0.04246099,167.57101,0,4,521730220151519589,2023-08-20,Pirenópolis,0,0.7092342,25064,17.7142857142857,94.0,0,0,2,80.441074,55.4285714285714,21.530348,27.5714285714286,35,,,,,7784,2015-04-12,5217302,Pirenopolis,GO,2015,15
1428192000000,201514,62.0,62,62,62,0.576909,247.36674,0,4,521730220151419589,2023-08-20,Pirenópolis,0,1.0356491,25064,18.4285714285714,95.7142857142857,1,0,2,81.991878,56.8571428571429,21.5793381428571,27.4285714285714,50,,,,,7784,2015-04-05,5217302,Pirenopolis,GO,2015,14
1427587200000,201513,58.0,58,58,58,0.39786136,231.4076,0,4,521730220151319589,2023-08-20,Pirenópolis,0,0.9537612,25064,18.4285714285714,94.0,1,0,2,78.4238065714286,51.4285714285714,22.1308031428571,28.4285714285714,53,,,,,7784,2015-03-29,5217302,Pirenopolis,GO,2015,13
1426982400000,201512,65.0,65,65,65,0.4535683,259.3361,0,4,521730220151219589,2023-08-20,Pirenópolis,0,0.9799107,25064,17.4285714285714,94.0,0,0,2,82.2219771428571,55.0,21.1968991428571,27.2857142857143,60,,,,,7784,2015-03-22,5217302,Pirenopolis,GO,2015,12
1426377600000,201511,51.0,51,51,51,0.023843518,203.4791,0,4,521730220151119589,2023-08-20,Pirenópolis,0,0.6994998,25064,17.1428571428571,94.0,0,0,2,85.9780948571428,63.8571428571429,19.3880308571429,24.8571428571429,49,,,,,7784,2015-03-15,5217302,Pirenopolis,GO,2015,11
1425772800000,201510,72.0,72,72,72,0.22234344,287.2646,0,4,521730220151019589,2023-08-20,Pirenópolis,0,0.88410014,25064,18.2857142857143,92.2857142857143,1,0,2,81.2064297142857,58.1428571428571,21.1123808571429,26.7142857142857,69,,,,,7784,2015-03-08,5217302,Pirenopolis,GO,2015,10
1425168000000,201509,71.0,71,71,71,0.06795631,283.2748,0,4,521730220150919589,2023-08-20,Pirenópolis,0,0.7902867,25064,17.7142857142857,95.7142857142857,0,0,2,80.2007135714286,55.7142857142857,21.2680805714286,26.7142857142857,71,,,,,7784,2015-03-01,5217302,Pirenopolis,GO,2015,9
1424563200000,201508,76.0,76,76,76,0.049457856,303.22375,0,4,521730220150819589,2023-08-20,Pirenópolis,0,0.7781696,25064,17.8571428571429,89.4285714285714,0,0,2,71.7729597142857,45.7142857142857,21.9988774285714,27.7142857142857,71,,,,,7784,2015-02-22,5217302,Pirenopolis,GO,2015,8
1423958400000,201507,105.0,105,105,105,0.37160727,418.92755,0,4,521730220150719589,2023-08-20,Pirenópolis,0,0.95635635,25064,17.8571428571429,92.2857142857143,0,0,2,79.3831457142857,55.4285714285714,21.1600344285714,26.5714285714286,97,,,,,7784,2015-02-15,5217302,Pirenopolis,GO,2015,7
1423353600000,201506,75.0,75,75,75,0.0022490819,299.23395,0,4,521730220150619589,2023-08-20,Pirenópolis,0,0.65898985,25064,18.1428571428571,90.1428571428571,1,0,2,74.0194688571429,53.8571428571429,22.2554398571429,27.1428571428571,75,,,,,7784,2015-02-08,5217302,Pirenopolis,GO,2015,6
1422748800000,201505,131.0,131,131,131,0.9543932,522.662,0,4,521730220150519589,2023-08-20,Pirenópolis,0,1.2462169,25064,18.2857142857143,91.0,1,1,2,77.137676,55.2857142857143,21.5863877142857,26.2857142857143,118,,,,,7784,2015-02-01,5217302,Pirenopolis,GO,2015,5
1422144000000,201504,111.0,111,111,111,0.9779833,442.86627,0,4,521730220150419589,2023-08-20,Pirenópolis,0,1.3364377,25064,18.5714285714286,90.1428571428571,1,1,2,72.9731497142857,47.0,22.4855651428571,28.4285714285714,97,,,,,7784,2015-01-25,5217302,Pirenopolis,GO,2015,4
1421539200000,201503,120.0,120,120,120,0.9999998,478.77432,0,4,521730220150319589,2023-08-20,Pirenópolis,0,2.21468,25064,18.0,90.1428571428571,0,1,2,64.6188074285714,34.5714285714286,23.1177934285714,29.5714285714286,98,,,,,7784,2015-01-18,5217302,Pirenopolis,GO,2015,3
1420934400000,201502,83.0,83,83,83,0.9999996,331.15225,0,4,521730220150219589,2023-08-20,Pirenópolis,0,2.6335526,25064,19.1428571428571,77.8571428571429,0,1,2,51.8445022857143,27.2857142857143,25.2991342857143,31.5714285714286,68,,,,,7784,2015-01-11,5217302,Pirenopolis,GO,2015,2
1420329600000,201501,59.0,59,59,59,0.9999504,235.39738,0,1,521730220150119589,2023-08-20,Pirenópolis,0,2.4357824,25064,19.0,84.5714285714286,0,1,2,59.6071428571429,36.2857142857143,24.2083334285714,29.7142857142857,51,,,,,7784,2015-01-04,5217302,Pirenopolis,GO,2015,1
1419724800000,201453,9.0,9,9,9,0.0053948206,35.908073,0,1,521730220145319589,2023-08-20,Pirenópolis,0,0.3917449,25064,18.5714285714286,83.2857142857143,0,0,1,63.9749582857143,44.2857142857143,23.6512367142857,29.4285714285714,26,,,,,7784,2014-12-28,5217302,Pirenopolis,GO,2014,53
1419120000000,201452,34.0,34,34,34,0.9241708,135.65273,0,4,521730220145219589,2023-08-20,Pirenópolis,0,1.461572,25064,18.5714285714286,90.0,1,0,2,73.3740617142857,47.8571428571429,22.2274887142857,27.5714285714286,33,,,,,7784,2014-12-21,5217302,Pirenopolis,GO,2014,52
1418515200000,201451,15.0,15,15,15,0.1555107,59.84679,0,4,521730220145119589,2023-08-20,Pirenópolis,0,0.71452284,25064,17.8571428571429,95.7142857142857,0,0,2,83.7536714285714,56.4285714285714,21.1498057142857,26.1428571428571,14,,,,,7784,2014-12-14,5217302,Pirenopolis,GO,2014,51
1417910400000,201450,29.0,29,29,29,0.9770486,115.7038,0,4,521730220145019589,2023-08-20,Pirenópolis,0,1.829047,25064,17.2857142857143,94.0,0,1,2,87.1072127142857,70.7142857142857,19.2681477142857,23.2857142857143,28,,,,,7784,2014-12-07,5217302,Pirenopolis,GO,2014,50
1417305600000,201449,22.0,22,22,22,0.97854507,87.77529,0,4,521730220144919589,2023-08-20,Pirenópolis,0,2.056968,25064,18.2857142857143,94.0,1,1,2,79.2866851428571,54.8571428571429,20.7647805714286,26.1428571428571,19,,,,,7784,2014-11-30,5217302,Pirenopolis,GO,2014,49
1416700800000,201448,16.0,16,16,16,0.96148646,63.83658,0,1,521730220144819589,2023-08-20,Pirenópolis,0,2.0914347,25064,18.1428571428571,94.0,1,1,2,81.841806,56.4285714285714,21.0182051428571,26.4285714285714,13,,,,,7784,2014-11-23,5217302,Pirenopolis,GO,2014,48
1416096000000,201447,9.0,9,9,9,0.7411626,35.908073,0,1,521730220144719589,2023-08-20,Pirenópolis,0,1.3793501,25064,18.0,89.1428571428571,0,0,1,66.4228008571429,37.8571428571429,22.6367722857143,28.5714285714286,7,,,,,7784,2014-11-16,5217302,Pirenopolis,GO,2014,47
1415491200000,201446,7.0,7,7,7,0.5471487,27.928503,0,1,521730220144619589,2023-08-20,Pirenópolis,0,1.0643435,25064,18.2857142857143,93.1428571428571,1,0,1,80.1416851428571,53.4285714285714,21.3601468571429,26.8571428571429,7,,,,,7784,2014-11-09,5217302,Pirenopolis,GO,2014,46
1414886400000,201445,6.0,6,6,6,0.46847928,23.938717,0,1,521730220144519589,2023-08-20,Pirenópolis,0,0.9572889,25064,18.5714285714286,90.0,1,0,1,68.3092067142857,42.5714285714286,22.9988624285714,29.2857142857143,4,,,,,7784,2014-11-02,5217302,Pirenopolis,GO,2014,45
1414281600000,201444,6.0,6,6,6,0.6735508,23.938717,0,1,521730220144419589,2023-08-20,Pirenópolis,0,1.3056558,25064,17.7142857142857,94.0,0,0,1,76.4997828571429,48.2857142857143,21.5020435714286,27.5714285714286,5,,,,,7784,2014-10-26,5217302,Pirenopolis,GO,2014,44
1413676800000,201443,9.0,9,9,9,0.95917505,35.908073,0,1,521730220144319589,2023-08-20,Pirenópolis,0,2.771802,25064,18.4285714285714,84.5714285714286,0,1,1,62.9630522857143,41.5714285714286,23.0642005714286,29.2857142857143,4,,,,,7784,2014-10-19,5217302,Pirenopolis,GO,2014,43
1413072000000,201442,3.0,3,3,3,0.56809676,11.969358,0,1,521730220144219589,2023-08-20,Pirenópolis,0,1.1438253,25064,21.1428571428571,40.0,0,0,0,27.4767085714286,16.7142857142857,27.4992231428571,33.8571428571429,1,,,,,7784,2014-10-12,5217302,Pirenopolis,GO,2014,42
1412467200000,201441,3.0,3,3,3,0.70075,11.969358,0,1,521730220144119589,2023-08-20,Pirenópolis,0,1.5526555,25064,17.5714285714286,56.5714285714286,0,0,0,35.763568,20.1428571428571,23.7388347142857,30.4285714285714,2,,,,,7784,2014-10-05,5217302,Pirenopolis,GO,2014,41
1411862400000,201440,3.0,3,3,3,0.8579849,11.969358,0,1,521730220144019589,2023-08-20,Pirenópolis,0,2.7297966,25064,19.4285714285714,74.7142857142857,0,0,0,54.7452382857143,34.4285714285714,23.9933331428571,30.0,2,,,,,7784,2014-09-28,5217302,Pirenopolis,GO,2014,40
1411257600000,201439,2.0,2,2,2,0.8586081,7.9795723,0,1,521730220143919589,2023-08-20,Pirenópolis,0,3.3529367,25064,18.1428571428571,86.7142857142857,1,0,0,65.833852,37.8571428571429,22.5869962857143,29.5714285714286,1,,,,,7784,2014-09-21,5217302,Pirenopolis,GO,2014,39
1410652800000,201438,1.0,1,1,1,0.7014325,3.9897861,0,1,521730220143819589,2023-08-20,Pirenópolis,0,1.9545615,25064,20.0,58.2857142857143,0,0,0,38.8573817142857,22.2857142857143,25.5591991428571,32.2857142857143,0,,,,,7784,2014-09-14,5217302,Pirenopolis,GO,2014,38
1410048000000,201437,0.0,0,0,0,0.0,0.0,0,1,521730220143719589,2023-08-20,Pirenópolis,0,0.0,25064,16.7142857142857,53.0,0,0,0,36.9824014285714,21.0,22.669772,29.2857142857143,0,,,,,7784,2014-09-07,5217302,Pirenopolis,GO,2014,37
1409443200000,201436,1.0,1,1,1,0.57314825,3.9897861,0,1,521730220143619589,2023-08-20,Pirenópolis,0,1.2452993,25064,17.7142857142857,75.8571428571429,0,0,0,55.2787088571429,32.7142857142857,22.9808164285714,30.2857142857143,1,,,,,7784,2014-08-31,5217302,Pirenopolis,GO,2014,36
1408838400000,201435,0.0,0,0,0,0.0,0.0,0,1,521730220143519589,2023-08-20,Pirenópolis,0,0.0,25064,18.5714285714286,56.0,0,0,0,33.238378,19.5714285714286,24.5633582857143,30.8571428571429,0,,,,,7784,2014-08-24,5217302,Pirenopolis,GO,2014,35
1408233600000,201434,1.0,1,1,1,0.45125803,3.9897861,0,1,521730220143419589,2023-08-20,Pirenópolis,0,0.8710987,25064,16.1428571428571,59.4285714285714,0,0,0,42.0571948571429,25.7142857142857,21.7047097142857,27.4285714285714,0,,,,,7784,2014-08-17,5217302,Pirenopolis,GO,2014,34
1407628800000,201433,1.0,1,1,1,0.5804568,3.9897861,0,1,521730220143319589,2023-08-20,Pirenópolis,0,1.2743083,25064,16.1428571428571,55.1428571428571,0,0,0,39.8119651428571,24.8571428571429,21.5596274285714,28.1428571428571,1,,,,,7784,2014-08-10,5217302,Pirenopolis,GO,2014,33
1407024000000,201432,2.0,2,2,2,0.86441845,7.9795723,0,1,521730220143219589,2023-08-20,Pirenópolis,0,3.4814188,25064,15.5714285714286,57.7142857142857,0,0,0,40.5264491428571,24.5714285714286,21.0696168571429,27.2857142857143,1,,,,,7784,2014-08-03,5217302,Pirenopolis,GO,2014,32
1406419200000,201431,0.0,0,0,0,0.0,0.0,0,1,521730220143119589,2023-08-20,Pirenópolis,0,0.0,25064,14.2857142857143,82.7142857142857,0,0,0,64.8142217142857,42.0,18.0610965714286,23.4285714285714,0,,,,,7784,2014-07-27,5217302,Pirenopolis,GO,2014,31
1405814400000,201430,1.0,1,1,1,0.4096976,3.9897861,0,1,521730220143019589,2023-08-20,Pirenópolis,0,0.7767783,25064,15.2857142857143,79.4285714285714,0,0,0,61.2270402857143,41.0,19.3604512857143,24.5714285714286,1,,,,,7784,2014-07-20,5217302,Pirenopolis,GO,2014,30
1405209600000,201429,0.0,0,0,0,0.0,0.0,0,1,521730220142919589,2023-08-20,Pirenópolis,0,0.0,25064,15.0,71.4285714285714,0,0,0,51.9921891428571,31.1428571428571,20.0853097142857,26.2857142857143,0,,,,,7784,2014-07-13,5217302,Pirenopolis,GO,2014,29
1404604800000,201428,1.0,1,1,1,0.28473753,3.9897861,0,1,521730220142819589,2023-08-20,Pirenópolis,0,0.5517864,25064,15.1428571428571,68.1428571428571,0,0,0,50.9239605714286,30.1428571428571,20.0195745714286,26.0,1,,,,,7784,2014-07-06,5217302,Pirenopolis,GO,2014,28
1404000000000,201427,3.0,3,3,3,0.71532124,11.969358,0,1,521730220142719589,2023-08-20,Pirenópolis,0,1.6150118,25064,14.8571428571429,72.5714285714286,0,0,0,51.2797611428571,29.7142857142857,20.3095234285714,26.7142857142857,3,,,,,7784,2014-06-29,5217302,Pirenopolis,GO,2014,27
1403395200000,201426,2.0,2,2,2,0.3068685,7.9795723,0,1,521730220142619589,2023-08-20,Pirenópolis,0,0.6585834,25064,14.1428571428571,77.2857142857143,0,0,0,55.9047617142857,32.5714285714286,19.7023808571429,26.1428571428571,2,,,,,7784,2014-06-22,5217302,Pirenopolis,GO,2014,26
1402790400000,201425,0.0,0,0,0,0.0,0.0,0,1,521730220142519589,2023-08-20,Pirenópolis,0,0.0,25064,16.1428571428571,79.5714285714286,0,0,0,62.21532,43.0,20.1765008571429,25.0,0,,,,,7784,2014-06-15,5217302,Pirenopolis,GO,2014,25
1402185600000,201424,4.0,4,4,4,0.22260846,15.959145,0,1,521730220142419589,2023-08-20,Pirenópolis,0,0.63035303,25064,15.5714285714286,78.1428571428571,0,0,0,60.7965394285714,40.5714285714286,20.0675991428571,25.5714285714286,4,,,,,7784,2014-06-08,5217302,Pirenopolis,GO,2014,24
1401580800000,201423,4.0,4,4,4,0.09818647,15.959145,0,1,521730220142319589,2023-08-20,Pirenópolis,0,0.48015165,25064,16.4285714285714,86.8571428571429,0,0,0,65.9734548571429,41.0,20.8676425714286,27.0,3,,,,,7784,2014-06-01,5217302,Pirenopolis,GO,2014,23
1400976000000,201422,6.0,6,6,6,0.1565261,23.938717,0,1,521730220142219589,2023-08-20,Pirenópolis,0,0.60636127,25064,15.7142857142857,83.7142857142857,0,0,1,63.7463374285714,39.0,20.4908422857143,27.1428571428571,5,,,,,7784,2014-05-25,5217302,Pirenopolis,GO,2014,22
1400371200000,201421,9.0,9,9,9,0.32822534,35.908073,0,1,521730220142119589,2023-08-20,Pirenópolis,0,0.82240385,25064,17.8571428571429,84.4285714285714,0,0,1,65.3658008571429,45.0,22.0670997142857,27.7142857142857,4,,,,,7784,2014-05-18,5217302,Pirenopolis,GO,2014,21
1399766400000,201420,10.0,10,10,10,0.4297601,39.89786,0,1,521730220142019589,2023-08-20,Pirenópolis,0,0.9267145,25064,16.4285714285714,80.4285714285714,0,0,1,62.0498077142857,41.0,20.6563851428571,26.1428571428571,7,,,,,7784,2014-05-11,5217302,Pirenopolis,GO,2014,20
1399161600000,201419,11.0,11,11,11,0.72549,43.887646,0,1,521730220141919589,2023-08-20,Pirenópolis,0,1.3064392,25064,17.2857142857143,81.7142857142857,0,0,1,62.3583331428571,41.1428571428571,21.660714,27.1428571428571,9,,,,,7784,2014-05-04,5217302,Pirenopolis,GO,2014,19
1398556800000,201418,13.0,13,13,13,0.97274363,51.867218,0,1,521730220141819589,2023-08-20,Pirenópolis,0,2.5273411,25064,14.8571428571429,84.1428571428571,0,1,1,63.41149,42.0,20.0551242857143,25.7142857142857,12,,,,,7784,2014-04-27,5217302,Pirenopolis,GO,2014,18
1397952000000,201417,9.0,9,9,9,0.9587897,35.908073,0,2,521730220141719589,2023-08-20,Pirenópolis,0,2.7625175,25064,18.7142857142857,90.8571428571429,1,1,1,76.0714014285714,55.0,21.930582,27.0,4,,,,,7784,2014-04-20,5217302,Pirenopolis,GO,2014,17
1397347200000,201416,4.0,4,4,4,0.61394477,15.959145,0,1,521730220141619589,2023-08-20,Pirenópolis,0,1.2254403,25064,18.2857142857143,94.8571428571429,1,0,0,78.4179848571429,51.5714285714286,21.9269415714286,27.2857142857143,3,,,,,7784,2014-04-13,5217302,Pirenopolis,GO,2014,16
1396742400000,201415,2.0,2,2,2,0.19410552,7.9795723,0,1,521730220141519589,2023-08-20,Pirenópolis,0,0.5083727,25064,18.4285714285714,94.8571428571429,1,0,0,80.1206271428571,46.5714285714286,21.9998284285714,27.7142857142857,2,,,,,7784,2014-04-06,5217302,Pirenopolis,GO,2014,15
1396137600000,201414,3.0,3,3,3,0.20831583,11.969358,0,1,521730220141419589,2023-08-20,Pirenópolis,0,0.57782507,25064,18.0,94.8571428571429,0,0,0,82.8567588571429,60.8571428571429,21.3764567142857,26.5714285714286,2,,,,,7784,2014-03-30,5217302,Pirenopolis,GO,2014,14
1395532800000,201413,5.0,5,5,5,0.26865208,19.94893,0,1,521730220141319589,2023-08-20,Pirenópolis,0,0.707865,25064,17.8571428571429,95.7142857142857,0,0,0,83.9046878571429,54.7142857142857,20.6878527142857,26.1428571428571,4,,,,,7784,2014-03-23,5217302,Pirenopolis,GO,2014,13
1394928000000,201412,2.0,2,2,2,0.0247537,7.9795723,0,1,521730220141219589,2023-08-20,Pirenópolis,0,0.2631886,25064,18.2857142857143,91.4285714285714,1,0,0,73.8805254285714,47.1428571428571,21.9160705714286,27.5714285714286,2,,,,,7784,2014-03-16,5217302,Pirenopolis,GO,2014,12
1394323200000,201411,11.0,11,11,11,0.75662047,43.887646,0,1,521730220141119589,2023-08-20,Pirenópolis,0,1.3684816,25064,17.5714285714286,89.2857142857143,0,0,1,72.8377871428571,50.0,22.0961392857143,27.8571428571429,8,,,,,7784,2014-03-09,5217302,Pirenopolis,GO,2014,11
1393718400000,201410,6.0,6,6,6,0.16195026,23.938717,0,1,521730220141019589,2023-08-20,Pirenópolis,0,0.6124199,25064,17.4285714285714,95.7142857142857,0,0,1,84.83862,59.7142857142857,20.590128,26.2857142857143,6,,,,,7784,2014-03-02,5217302,Pirenopolis,GO,2014,10
1393113600000,201409,8.0,8,8,8,0.17255493,31.91829,0,1,521730220140919589,2023-08-20,Pirenópolis,0,0.6593636,25064,17.4285714285714,93.1428571428571,0,0,1,76.6097934285714,55.1428571428571,21.384235,26.7142857142857,6,,,,,7784,2014-02-23,5217302,Pirenopolis,GO,2014,9
1392508800000,201408,8.0,8,8,8,0.11842257,31.91829,0,1,521730220140819589,2023-08-20,Pirenópolis,0,0.600349,25064,17.5714285714286,95.7142857142857,0,0,1,86.9342288571429,65.0,19.9523808571429,24.5714285714286,7,,,,,7784,2014-02-16,5217302,Pirenopolis,GO,2014,8
1391904000000,201407,15.0,15,15,15,0.5879409,59.84679,0,1,521730220140719589,2023-08-20,Pirenópolis,0,1.0850592,25064,17.8571428571429,90.0,0,0,2,74.938976,49.7142857142857,21.3662657142857,28.0,12,,,,,7784,2014-02-09,5217302,Pirenopolis,GO,2014,7
1391299200000,201406,12.0,12,12,12,0.41543698,47.877434,0,1,521730220140619589,2023-08-20,Pirenópolis,0,0.91946065,25064,18.8571428571429,73.4285714285714,0,0,1,53.5111908571429,34.1428571428571,23.9180951428571,29.5714285714286,11,,,,,7784,2014-02-02,5217302,Pirenopolis,GO,2014,6
1390694400000,201405,15.0,15,15,15,0.70596755,59.84679,0,4,521730220140519589,2023-08-20,Pirenópolis,0,1.2275174,25064,17.5714285714286,85.2857142857143,0,0,2,65.2433342857143,40.4285714285714,22.2859525714286,28.2857142857143,14,,,,,7784,2014-01-26,5217302,Pirenopolis,GO,2014,5
1390089600000,201404,15.0,15,15,15,0.58819723,59.84679,0,1,521730220140419589,2023-08-20,Pirenópolis,0,1.0853271,25064,17.5714285714286,92.2857142857143,0,0,2,79.5471717142857,57.7142857142857,20.6635998571429,26.0,12,,,,,7784,2014-01-19,5217302,Pirenopolis,GO,2014,4
1389484800000,201403,8.0,8,8,8,0.11630524,31.91829,0,1,521730220140319589,2023-08-20,Pirenópolis,0,0.5978753,25064,18.1428571428571,88.4285714285714,1,0,1,67.6698821428571,40.7142857142857,22.7431728571429,28.8571428571429,8,,,,,7784,2014-01-12,5217302,Pirenopolis,GO,2014,3
1388880000000,201402,14.0,14,14,14,0.9224438,55.857006,0,1,521730220140219589,2023-08-20,Pirenópolis,0,1.84783,25064,18.2857142857143,85.5714285714286,0,0,1,63.0817265714286,38.4285714285714,22.7747475714286,29.2857142857143,12,,,,,7784,2014-01-05,5217302,Pirenopolis,GO,2014,2
1388275200000,201401,22.0,22,22,22,0.99999076,87.77529,0,1,521730220140119589,2023-08-20,Pirenópolis,0,8.432274,25064,18.5714285714286,88.5714285714286,1,1,2,71.3204765714286,48.5714285714286,22.8707142857143,28.4285714285714,22,,,,,7784,2013-12-29,5217302,Pirenopolis,GO,2014,1
