data_iniSE,se_codigo,casos_est,casos_est_min,casos_est_max,casos,p_rt1,p_inc100k,Localidade_id,nivel,id,versao_modelo,municipio_nome,tweet,Rt,pop,tempmin,umidmax,receptivo,transmissao,nivel_inc,umidmed,umidmin,tempmed,tempmax,casprov,casprov_est,casprov_est_min,casprov_est_max,casconf,notif_accum_year,data_ini_se,cod_ibge,municipio,uf,ano,semana
1786233600000,202632,1.0,1,1,1,5.37105e-05,0.50769925,0,1,522185820263220683,2026-08-18,Valparaíso de Goiás,,0.070499815,196967,0.0,0.0,0,0,0,0.0,0.0,0.0,0.0,1,,,,,40826,2026-08-09,5221858,Valparaiso de Goias,GO,2026,32
1785628800000,202631,12.0,12,12,12,0.3096402,6.092391,0,1,522185820263120683,2026-08-18,Valparaíso de Goiás,,0.82664376,196967,16.5416666666667,40.8187166666667,0,0,0,36.13795,32.68705,17.83535,19.08325,12,,,,,40826,2026-08-02,5221858,Valparaiso de Goias,GO,2026,31
1785024000000,202630,18.0,18,18,18,0.6379485,9.138587,0,1,522185820263020683,2026-08-18,Valparaíso de Goiás,,1.1272169,196967,22.6324285714286,41.0537,0,0,1,41.0537,41.0537,22.6324285714286,22.6324285714286,18,,,,,40826,2026-07-26,5221858,Valparaiso de Goias,GO,2026,30
1784419200000,202629,14.0,14,14,14,0.14009498,7.1077895,0,1,522185820262920683,2026-08-18,Valparaíso de Goiás,,0.6923023,196967,20.6815285714286,48.4201142857143,0,0,0,48.4201142857143,48.4201142857143,20.6815285714286,20.6815285714286,14,,,,,40826,2026-07-19,5221858,Valparaiso de Goias,GO,2026,29
1783814400000,202628,10.0,10,10,10,0.016554914,5.0769925,0,1,522185820262820683,2026-08-18,Valparaíso de Goiás,,0.4610579,196967,20.2169285714286,53.4008285714286,0,0,0,53.4008285714286,53.4008285714286,20.2169285714286,20.2169285714286,8,,,,,40826,2026-07-12,5221858,Valparaiso de Goias,GO,2026,28
1783209600000,202627,26.0,26,26,26,0.7997211,13.200181,0,1,522185820262720683,2026-08-18,Valparaíso de Goiás,,1.2784896,196967,20.7227142857143,50.8548,0,0,1,50.8548,50.8548,20.7227142857143,20.7227142857143,26,,,,,40826,2026-07-05,5221858,Valparaiso de Goias,GO,2026,27
1782604800000,202626,23.0,23,23,23,0.66528004,11.677083,0,1,522185820262620683,2026-08-18,Valparaíso de Goiás,,1.1374137,196967,18.9424857142857,60.3826142857143,0,0,1,60.3826142857143,60.3826142857143,18.9424857142857,18.9424857142857,22,,,,,40826,2026-06-28,5221858,Valparaiso de Goias,GO,2026,26
1782000000000,202625,19.0,19,19,19,0.29192898,9.646286,0,1,522185820262520683,2026-08-18,Valparaíso de Goiás,,0.84479,196967,20.5761142857143,65.8010142857143,0,0,1,65.8010142857143,65.8010142857143,20.5761142857143,20.5761142857143,15,,,,,40826,2026-06-21,5221858,Valparaiso de Goias,GO,2026,25
1781395200000,202624,18.0,18,18,18,0.044357706,9.138587,0,1,522185820262420683,2026-08-18,Valparaíso de Goiás,,0.60856056,196967,20.1471142857143,72.3110428571429,0,0,1,72.3110428571429,72.3110428571429,20.1471142857143,20.1471142857143,18,,,,,40826,2026-06-14,5221858,Valparaiso de Goias,GO,2026,24
1780790400000,202623,25.0,25,25,25,0.012730567,12.692481,0,1,522185820262320683,2026-08-18,Valparaíso de Goiás,,0.5783184,196967,17.0828142857143,79.2514571428571,0,0,1,72.9524571428571,66.9746142857143,18.6238714285714,20.2881857142857,23,,,,,40826,2026-06-07,5221858,Valparaiso de Goias,GO,2026,23
1780185600000,202622,17.0,17,17,17,6.0882e-06,8.630887,0,1,522185820262220683,2026-08-18,Valparaíso de Goiás,,0.32484427,196967,14.7550428571429,84.4384857142857,0,0,1,64.2220571428571,42.2036571428571,19.6391714285714,24.6526,14,,,,,40826,2026-05-31,5221858,Valparaiso de Goias,GO,2026,22
1779580800000,202621,51.0,51,51,51,0.5236433,25.892662,0,1,522185820262120683,2026-08-18,Valparaíso de Goiás,,1.0117983,196967,16.8768142857143,87.4880571428571,0,0,1,66.8956285714286,45.6076285714286,21.1830428571429,25.7663857142857,43,,,,,40826,2026-05-24,5221858,Valparaiso de Goias,GO,2026,21
1778976000000,202620,59.0,59,59,59,0.9467793,29.954256,0,1,522185820262020683,2026-08-18,Valparaíso de Goiás,,1.3781161,196967,18.2672428571429,87.1771428571429,0,0,1,66.1388714285714,43.1751,22.4315857142857,27.0705,51,,,,,40826,2026-05-17,5221858,Valparaiso de Goias,GO,2026,20
1778371200000,202619,55.0,55,55,55,0.97261894,27.92346,0,1,522185820261920683,2026-08-18,Valparaíso de Goiás,,1.4966888,196967,17.0659142857143,87.6441857142857,0,1,1,65.5273,41.5144,22.1422,27.3529,49,,,,,40826,2026-05-10,5221858,Valparaiso de Goias,GO,2026,19
1777766400000,202618,38.0,38,38,38,0.7058978,19.292572,0,1,522185820261820683,2026-08-18,Valparaíso de Goiás,,1.1359733,196967,21.5830285714286,62.2892571428571,0,0,1,62.2892571428571,62.2892571428571,21.5830285714286,21.5830285714286,32,,,,,40826,2026-05-03,5221858,Valparaiso de Goias,GO,2026,18
1777161600000,202617,39.0,39,39,39,0.7471762,19.800272,0,1,522185820261720683,2026-08-18,Valparaíso de Goiás,,1.1686162,196967,21.5755428571429,67.4730571428571,0,0,1,67.4730571428571,67.4730571428571,21.5755428571429,21.5755428571429,27,,,,,40826,2026-04-26,5221858,Valparaiso de Goias,GO,2026,17
1776556800000,202616,29.0,29,29,29,0.31285518,14.723278,0,1,522185820261620683,2026-08-18,Valparaíso de Goiás,,0.88393825,196967,17.4587,86.9250714285714,0,0,1,66.7670142857143,45.2622,22.1989428571429,27.1405,24,,,,,40826,2026-04-19,5221858,Valparaiso de Goias,GO,2026,16
1775952000000,202615,34.0,34,34,34,0.6837282,17.261774,0,1,522185820261520683,2026-08-18,Valparaíso de Goiás,,1.126016,196967,18.0238714285714,92.4934142857143,1,0,1,75.9751,56.1178571428571,21.6654285714286,25.8646571428571,29,,,,,40826,2026-04-12,5221858,Valparaiso de Goias,GO,2026,15
1775347200000,202614,38.0,38,38,38,0.8635544,19.292572,0,1,522185820261420683,2026-08-18,Valparaíso de Goiás,,1.3063514,196967,18.4448571428571,93.8084428571429,1,0,1,79.2202285714286,60.1221571428571,22.3249714285714,26.6703285714286,27,,,,,40826,2026-04-05,5221858,Valparaiso de Goias,GO,2026,14
1774742400000,202613,25.0,25,25,25,0.3003037,12.692481,0,1,522185820261320683,2026-08-18,Valparaíso de Goiás,,0.8677848,196967,17.8842857142857,92.2406142857143,0,0,1,76.9786571428571,57.3153857142857,21.7456,26.5571571428571,19,,,,,40826,2026-03-29,5221858,Valparaiso de Goias,GO,2026,13
1774137600000,202612,31.0,31,31,31,0.6105065,15.738677,0,2,522185820261220683,2026-08-18,Valparaíso de Goiás,,1.0747347,196967,18.2312,94.1509714285714,1,0,1,79.0665714285714,59.5411285714286,21.7926,26.0848285714286,21,,,,,40826,2026-03-22,5221858,Valparaiso de Goias,GO,2026,12
1773532800000,202611,29.0,29,29,29,0.4864617,14.723278,0,2,522185820261120683,2026-08-18,Valparaíso de Goiás,,0.99120843,196967,19.0997571428571,97.0590714285714,1,0,1,83.3105285714286,61.0138571428571,22.2625857142857,26.7047142857143,19,,,,,40826,2026-03-15,5221858,Valparaiso de Goias,GO,2026,11
1772928000000,202610,27.0,27,27,27,0.41968685,13.70788,0,2,522185820261020683,2026-08-18,Valparaíso de Goiás,,0.9474145,196967,18.7165428571429,97.1153142857143,1,0,1,83.3234714285714,61.0729142857143,22.2532428571429,27.1542714285714,22,,,,,40826,2026-03-08,5221858,Valparaiso de Goias,GO,2026,10
1772323200000,202609,32.0,32,32,32,0.75833637,16.246376,0,2,522185820260920683,2026-08-18,Valparaíso de Goiás,,1.1997321,196967,18.8715857142857,94.8970714285714,1,0,1,78.4707428571429,59.5053857142857,22.6158428571429,26.8395714285714,25,,,,,40826,2026-03-01,5221858,Valparaiso de Goias,GO,2026,9
1771718400000,202608,28.0,28,28,28,0.65753645,14.215579,0,1,522185820260820683,2026-08-18,Valparaíso de Goiás,,1.1169556,196967,19.1902857142857,95.4328714285714,1,0,1,84.8729,70.8249714285714,21.4286142857143,25.0038714285714,24,,,,,40826,2026-02-22,5221858,Valparaiso de Goias,GO,2026,8
1771113600000,202607,28.0,28,28,28,0.5969374,14.215579,0,1,522185820260720683,2026-08-18,Valparaíso de Goiás,,1.0684144,196967,18.4633,91.3257428571429,1,0,1,74.7409714285714,55.6086,22.3818857142857,26.7142142857143,23,,,,,40826,2026-02-15,5221858,Valparaiso de Goias,GO,2026,7
1770508800000,202606,23.0,23,23,23,0.13942678,11.677083,0,1,522185820260620683,2026-08-18,Valparaíso de Goiás,,0.74500525,196967,17.9133285714286,96.0905142857143,0,0,1,80.4762,61.2709571428571,21.5890142857143,25.5298571428571,17,,,,,40826,2026-02-08,5221858,Valparaiso de Goias,GO,2026,6
1769904000000,202605,24.0,24,24,24,0.05605471,12.184782,0,2,522185820260520683,2026-08-18,Valparaíso de Goiás,,0.66301847,196967,18.9418,95.8324,1,0,1,83.6347714285714,63.9483,21.8138,25.9715571428571,20,,,,,40826,2026-02-01,5221858,Valparaiso de Goias,GO,2026,5
1769299200000,202604,30.0,30,30,30,0.17716861,15.230978,0,1,522185820260420683,2026-08-18,Valparaíso de Goiás,,0.7987682,196967,18.4038285714286,94.6648285714286,1,0,1,79.4877857142857,58.1246142857143,22.1609714285714,27.1038285714286,26,,,,,40826,2026-01-25,5221858,Valparaiso de Goias,GO,2026,4
1768694400000,202603,39.0,39,39,39,0.71988016,19.800272,0,1,522185820260320683,2026-08-18,Valparaíso de Goiás,,1.1453148,196967,18.6678714285714,95.0690714285714,1,0,1,85.3967571428571,73.6945571428571,20.8545714285714,23.4907285714286,26,,,,,40826,2026-01-18,5221858,Valparaiso de Goias,GO,2026,3
1768089600000,202602,42.0,42,42,42,0.94922334,21.323368,0,1,522185820260220683,2026-08-18,Valparaíso de Goiás,,1.4794878,196967,18.0897714285714,89.7017857142857,0,0,1,69.9699142857143,49.3143714285714,22.6764428571429,27.3590714285714,36,,,,,40826,2026-01-11,5221858,Valparaiso de Goias,GO,2026,2
1767484800000,202601,33.0,33,33,33,0.91468483,16.754076,0,2,522185820260120683,2026-08-18,Valparaíso de Goiás,,1.4433004,196967,18.508,95.0112571428571,1,0,1,81.1396,61.1392,21.3038,25.0398714285714,27,,,,,40826,2026-01-04,5221858,Valparaiso de Goias,GO,2026,1
1766880000000,202553,31.0,31,31,31,0.93773484,15.738677,0,2,522185820255320683,2026-08-18,Valparaíso de Goiás,,1.5386927,196967,19.6262571428571,92.3668714285714,1,0,1,76.4832,56.9342142857143,23.6028142857143,28.3389571428571,26,,,,,40826,2025-12-28,5221858,Valparaiso de Goias,GO,2025,53
1766275200000,202552,19.0,19,19,19,0.48193246,9.646286,0,2,522185820255220683,2026-08-18,Valparaíso de Goiás,,0.98561794,196967,18.0367428571429,90.9402428571428,1,0,1,69.9937571428571,51.167,22.8899,27.6751571428571,12,,,,,40826,2025-12-21,5221858,Valparaiso de Goias,GO,2025,52
1765670400000,202551,20.0,20,20,20,0.6032326,10.153985,0,2,522185820255120683,2026-08-18,Valparaíso de Goiás,,1.0871906,196967,19.4863714285714,96.0183285714286,1,0,1,84.3702571428571,65.8938,21.9094,25.2663285714286,16,,,,,40826,2025-12-14,5221858,Valparaiso de Goias,GO,2025,51
1765065600000,202550,20.0,20,20,20,0.6908406,10.153985,0,2,522185820255020683,2026-08-18,Valparaíso de Goiás,,1.1761312,196967,18.7203,94.6948714285714,1,0,1,82.2573714285714,64.6381428571429,21.6254285714286,25.8425428571429,16,,,,,40826,2025-12-07,5221858,Valparaiso de Goias,GO,2025,50
1764460800000,202549,18.0,18,18,18,0.5939909,9.138587,0,1,522185820254920683,2026-08-18,Valparaíso de Goiás,,1.083182,196967,19.3665571428571,93.1972142857143,1,0,1,80.5000285714286,62.3056142857143,22.1237857142857,25.7024285714286,15,,,,,40826,2025-11-30,5221858,Valparaiso de Goias,GO,2025,49
1763856000000,202548,19.0,19,19,19,0.5427002,9.646286,0,1,522185820254820683,2026-08-18,Valparaíso de Goiás,,1.0353149,196967,18.5502285714286,94.9494285714286,1,0,1,76.8309142857143,54.843,22.3483428571429,26.8381428571429,18,,,,,40826,2025-11-23,5221858,Valparaiso de Goias,GO,2025,48
1763251200000,202547,11.0,11,11,11,0.0819882,5.584692,0,1,522185820254720683,2026-08-18,Valparaíso de Goiás,,0.59791636,196967,19.4983142857143,81.7516571428571,0,0,0,60.2209857142857,41.3165857142857,24.093,28.7848142857143,9,,,,,40826,2025-11-16,5221858,Valparaiso de Goias,GO,2025,47
1762646400000,202546,23.0,23,23,23,0.8340022,11.677083,0,1,522185820254620683,2026-08-18,Valparaíso de Goiás,,1.3573488,196967,19.2087428571429,84.4917428571429,0,0,1,66.9419857142857,48.1179285714286,23.3561428571429,28.1443285714286,9,,,,,40826,2025-11-09,5221858,Valparaiso de Goias,GO,2025,46
1762041600000,202545,19.0,19,19,19,0.68114734,9.646286,0,1,522185820254520683,2026-08-18,Valparaíso de Goiás,,1.1700222,196967,19.3895142857143,93.9121142857143,1,0,1,75.4901571428571,55.8227571428571,23.2833714285714,27.8294714285714,8,,,,,40826,2025-11-02,5221858,Valparaiso de Goias,GO,2025,45
1761436800000,202544,15.0,15,15,15,0.3313621,7.615489,0,1,522185820254420683,2026-08-18,Valparaíso de Goiás,,0.8595208,196967,19.8615857142857,78.2505285714286,0,0,0,54.7744142857143,36.5155142857143,24.6744285714286,29.7059285714286,2,,,,,40826,2025-10-26,5221858,Valparaiso de Goias,GO,2025,44
1760832000000,202543,18.0,18,18,18,0.35386634,9.138587,0,1,522185820254320683,2026-08-18,Valparaíso de Goiás,,0.8869577,196967,16.9205285714286,81.5019285714286,0,0,1,63.7826,45.2321142857143,20.7477428571429,25.0230142857143,6,,,,,40826,2025-10-19,5221858,Valparaiso de Goias,GO,2025,43
1760227200000,202542,12.0,12,12,12,0.064522855,6.092391,0,1,522185820254220683,2026-08-18,Valparaíso de Goiás,,0.5856894,196967,19.9314428571429,80.7506857142857,0,0,0,58.6810857142857,38.9385571428571,24.5498571428571,29.7016,10,,,,,40826,2025-10-12,5221858,Valparaiso de Goias,GO,2025,42
1759622400000,202541,26.0,26,26,26,0.83114374,13.200181,0,1,522185820254120683,2026-08-18,Valparaíso de Goiás,,1.3267707,196967,20.4045285714286,48.4487428571429,0,0,1,33.5289857142857,21.1439285714286,26.2304571428571,32.0710285714286,23,,,,,40826,2025-10-05,5221858,Valparaiso de Goias,GO,2025,41
1759017600000,202540,21.0,21,21,21,0.52841866,10.661684,0,1,522185820254020683,2026-08-18,Valparaíso de Goiás,,1.0221434,196967,17.9172857142857,47.7001857142857,0,0,1,30.8302857142857,17.1955714285714,24.5454285714286,31.1757142857143,18,,,,,40826,2025-09-28,5221858,Valparaiso de Goias,GO,2025,40
1758412800000,202539,16.0,16,16,16,0.25242937,8.123188,0,1,522185820253920683,2026-08-18,Valparaíso de Goiás,,0.8020897,196967,18.7785571428571,79.2579857142857,0,0,1,59.2749,38.8188285714286,23.5602571428571,28.6248714285714,13,,,,,40826,2025-09-21,5221858,Valparaiso de Goias,GO,2025,39
1757808000000,202538,22.0,22,22,22,0.7890692,11.169384,0,1,522185820253820683,2026-08-18,Valparaíso de Goiás,,1.2909437,196967,20.1735,59.1799428571429,0,0,1,43.1344714285714,26.9718428571429,25.1421142857143,30.6164714285714,18,,,,,40826,2025-09-14,5221858,Valparaiso de Goias,GO,2025,38
1757203200000,202537,25.0,25,25,25,0.8557015,12.692481,0,1,522185820253720683,2026-08-18,Valparaíso de Goiás,,1.3801066,196967,18.8499142857143,40.5250428571429,0,0,1,27.1828857142857,16.6495571428571,25.2986285714286,31.7874428571429,21,,,,,40826,2025-09-07,5221858,Valparaiso de Goias,GO,2025,37
1756598400000,202536,12.0,12,12,12,0.031188354,6.092391,0,1,522185820253620683,2026-08-18,Valparaíso de Goiás,,0.5271849,196967,17.6598142857143,57.2490857142857,0,0,0,41.9936285714286,27.9577142857143,22.4996285714286,27.6034285714286,11,,,,,40826,2025-08-31,5221858,Valparaiso de Goias,GO,2025,36
1755993600000,202535,14.0,14,14,14,0.040612403,7.1077895,0,1,522185820253520683,2026-08-18,Valparaíso de Goiás,,0.56793386,196967,17.9649714285714,49.3239714285714,0,0,0,36.2756571428571,23.6623857142857,23.3750285714286,28.9960142857143,12,,,,,40826,2025-08-24,5221858,Valparaiso de Goias,GO,2025,35
1755388800000,202534,28.0,28,28,28,0.68826336,14.215579,0,1,522185820253420683,2026-08-18,Valparaíso de Goiás,,1.1441035,196967,15.8723285714286,47.6975428571429,0,0,1,32.8765428571429,18.4914571428571,22.1954285714286,28.7811428571429,23,,,,,40826,2025-08-17,5221858,Valparaiso de Goias,GO,2025,34
1754784000000,202533,26.0,26,26,26,0.58329767,13.200181,0,1,522185820253320683,2026-08-18,Valparaíso de Goiás,,1.06047,196967,14.5930571428571,54.4641142857143,0,0,1,37.7517571428571,23.3030714285714,21.0112,27.8054,19,,,,,40826,2025-08-10,5221858,Valparaiso de Goias,GO,2025,33
1754179200000,202532,21.0,21,21,21,0.38180506,10.661684,0,1,522185820253220683,2026-08-18,Valparaíso de Goiás,,0.91403115,196967,15.2634857142857,61.7036428571429,0,0,1,44.1882142857143,27.9388571428571,20.8414,26.4752285714286,19,,,,,40826,2025-08-03,5221858,Valparaiso de Goias,GO,2025,32
1753574400000,202531,29.0,29,29,29,0.8462035,14.723278,0,1,522185820253120676,2026-08-11,Valparaíso de Goiás,,1.3302687,196967,15.5292142857143,61.0784571428571,0,0,1,44.3549428571429,27.1793714285714,21.1318,27.1894142857143,20,,,,,40826,2025-07-27,5221858,Valparaiso de Goias,GO,2025,31
1752969600000,202530,22.0,22,22,22,0.4792212,11.169384,0,1,522185820253020671,2026-08-06,Valparaíso de Goiás,,0.9846158,196967,15.2175142857143,64.6108857142857,0,0,1,45.0292,28.6284571428571,21.1208,27.1731142857143,17,,,,,40826,2025-07-20,5221858,Valparaiso de Goias,GO,2025,30
1752364800000,202529,19.0,19,19,19,0.26617122,9.646286,0,1,522185820252920662,2026-07-28,Valparaíso de Goiás,,0.825952,196967,13.3801714285714,67.1737428571429,0,0,1,48.8342285714286,30.5109571428571,18.7025571428571,24.3676571428571,14,,,,,40826,2025-07-13,5221858,Valparaiso de Goias,GO,2025,29
1751760000000,202528,25.0,25,25,25,0.42543736,12.692481,0,1,522185820252820654,2026-07-20,Valparaíso de Goiás,,0.9492698,196967,13.8681571428571,67.5671285714286,0,0,1,50.8555,33.7885428571429,18.6008428571429,23.8281,18,,,,,40826,2025-07-06,5221858,Valparaiso de Goias,GO,2025,28
1751155200000,202527,22.0,22,22,22,0.06958713,11.169384,0,1,522185820252720647,2026-07-13,Valparaíso de Goiás,,0.6701042,196967,14.0286142857143,71.2609285714286,0,0,1,53.0554714285714,34.2129,19.3480428571429,24.9625428571429,17,,,,,40826,2025-06-29,5221858,Valparaiso de Goias,GO,2025,27
1750550400000,202526,20.0,20,20,20,0.0068735024,10.153985,0,1,522185820252620642,2026-07-08,Valparaíso de Goiás,,0.51877177,196967,14.6569714285714,83.2992285714286,0,0,1,61.2232571428571,37.9052857142857,19.9320285714286,25.9733142857143,14,,,,,40826,2025-06-22,5221858,Valparaiso de Goias,GO,2025,26
1749945600000,202525,40.0,40,40,40,0.32603928,20.30797,0,1,522185820252520636,2026-07-02,Valparaíso de Goiás,,0.9067446,196967,14.5915857142857,72.1230285714286,0,0,1,55.9814142857143,36.5428,19.1495142857143,24.3928571428571,36,,,,,40826,2025-06-15,5221858,Valparaiso de Goias,GO,2025,25
1749340800000,202524,33.0,33,33,33,0.04116115,16.754076,0,1,522185820252420627,2026-06-23,Valparaíso de Goiás,,0.67955196,196967,15.2991428571429,80.8032,0,0,1,61.1027285714286,39.2863428571429,20.0566571428571,25.3674428571429,26,,,,,40826,2025-06-08,5221858,Valparaiso de Goias,GO,2025,24
1748736000000,202523,49.0,49,49,49,0.28900978,24.877264,0,1,522185820252320621,2026-06-17,Valparaíso de Goiás,,0.8967962,196967,16.0969428571429,84.6464571428571,0,0,1,65.3974,44.1021714285714,20.9633142857143,26.2266285714286,44,,,,,40826,2025-06-01,5221858,Valparaiso de Goias,GO,2025,23
1748131200000,202522,47.0,47,47,47,0.048098866,23.861866,0,1,522185820252220619,2026-06-15,Valparaíso de Goiás,,0.7291235,196967,15.2802571428571,82.9941571428571,0,0,1,65.0149,43.4576142857143,20.08,25.3109285714286,38,,,,,40826,2025-05-25,5221858,Valparaiso de Goias,GO,2025,22
1747526400000,202521,51.0,51,51,51,0.028405134,25.892662,0,1,522185820252120608,2026-06-04,Valparaíso de Goiás,,0.70832205,196967,14.7177857142857,81.8153714285714,0,0,1,63.9126,42.9317285714286,19.6088571428571,24.9320428571429,35,,,,,40826,2025-05-18,5221858,Valparaiso de Goias,GO,2025,21
1746921600000,202520,64.0,64,64,64,0.23468693,32.492752,0,1,522185820252020599,2026-05-26,Valparaíso de Goiás,,0.8837101,196967,16.6907142857143,83.0908142857143,0,0,1,68.0584285714286,48.7890428571429,20.3892428571429,24.5138,45,,,,,40826,2025-05-11,5221858,Valparaiso de Goias,GO,2025,20
1746316800000,202519,83.0,83,83,83,0.87843883,42.139038,0,1,522185820251920592,2026-05-19,Valparaíso de Goiás,,1.2085872,196967,16.6639142857143,82.6473571428571,0,0,1,66.6575285714286,47.3441714285714,21.1412285714286,25.9155714285714,67,,,,,40826,2025-05-04,5221858,Valparaiso de Goias,GO,2025,19
1745712000000,202518,67.0,67,67,67,0.7669545,34.01585,0,2,522185820251820587,2026-05-14,Valparaíso de Goiás,,1.1384231,196967,18.1817714285714,95.1529,1,0,1,81.8794285714286,63.6426285714286,21.5494285714286,25.5656857142857,46,,,,,40826,2025-04-27,5221858,Valparaiso de Goias,GO,2025,18
1745107200000,202517,77.0,77,77,77,0.9957426,39.092842,0,1,522185820251720578,2026-05-05,Valparaíso de Goiás,,1.6095533,196967,18.7143857142857,92.7405285714286,1,1,1,77.9736428571428,58.6694428571429,22.5223714285714,26.7512714285714,56,,,,,40826,2025-04-20,5221858,Valparaiso de Goias,GO,2025,17
1744502400000,202516,62.0,62,62,62,0.96813345,31.477354,0,1,522185820251620571,2026-04-28,Valparaíso de Goiás,,1.4378963,196967,18.6773571428571,95.6975142857143,1,1,1,83.2607,63.4363714285714,21.9513857142857,26.3209428571429,49,,,,,40826,2025-04-13,5221858,Valparaiso de Goias,GO,2025,16
1743897600000,202515,38.0,38,38,38,0.3229363,19.292572,0,1,522185820251520566,2026-04-23,Valparaíso de Goiás,,0.90282816,196967,18.6044857142857,88.3392571428571,0,0,1,73.6385571428571,54.6039285714286,22.2047142857143,26.5629285714286,29,,,,,40826,2025-04-06,5221858,Valparaiso de Goias,GO,2025,15
1743292800000,202514,46.0,46,46,46,0.49032968,23.354166,0,1,522185820251420557,2026-04-14,Valparaíso de Goiás,,0.9949869,196967,18.5731285714286,87.5668,0,0,1,67.6916857142857,46.4325142857143,23.2909142857143,28.0958714285714,39,,,,,40826,2025-03-30,5221858,Valparaiso de Goias,GO,2025,14
1742688000000,202513,41.0,41,41,41,0.022263207,20.81567,0,1,522185820251320552,2026-04-09,Valparaíso de Goiás,,0.6704148,196967,18.9162,97.4745714285714,1,0,1,81.4800285714286,60.0074571428571,22.4164857142857,26.8022714285714,25,,,,,40826,2025-03-23,5221858,Valparaiso de Goias,GO,2025,13
1742083200000,202512,38.0,38,38,38,6.23716e-05,19.292572,0,1,522185820251220543,2026-03-31,Valparaíso de Goiás,,0.48169586,196967,19.5127285714286,88.4908285714286,0,0,1,67.2900142857143,44.3336,24.1763,29.1379714285714,24,,,,,40826,2025-03-16,5221858,Valparaiso de Goias,GO,2025,12
1741478400000,202511,54.0,54,54,54,0.0021273822,27.41576,0,1,522185820251120535,2026-03-23,Valparaíso de Goiás,,0.6152308,196967,20.0805,81.2522571428571,0,0,1,59.0097714285714,38.0149714285714,24.9800571428571,30.2694857142857,27,,,,,40826,2025-03-09,5221858,Valparaiso de Goias,GO,2025,11
1740873600000,202510,97.0,97,97,97,0.71438444,49.24683,0,1,522185820251020529,2026-03-17,Valparaíso de Goiás,,1.0863491,196967,19.0887857142857,72.6705571428571,0,0,1,59.1332571428571,43.1854,23.1351,27.5508,61,,,,,40826,2025-03-02,5221858,Valparaiso de Goias,GO,2025,10
1740268800000,202509,79.0,79,79,79,0.5302175,40.108242,0,1,522185820250920521,2026-03-09,Valparaíso de Goiás,,1.0121408,196967,19.1219571428571,84.4574142857143,0,0,1,67.0433428571429,49.486,23.2843285714286,27.8766,53,,,,,40826,2025-02-23,5221858,Valparaiso de Goias,GO,2025,9
1739664000000,202508,103.0,103,103,103,0.99948746,52.293022,0,1,522185820250820516,2026-03-04,Valparaíso de Goiás,,1.6814485,196967,18.5783571428571,82.9494142857143,0,1,1,61.5037,40.0987142857143,23.8387142857143,29.0780857142857,87,,,,,40826,2025-02-16,5221858,Valparaiso de Goias,GO,2025,8
1739059200000,202507,88.0,88,88,88,0.9991707,44.677536,0,1,522185820250720508,2026-02-24,Valparaíso de Goiás,,1.7180703,196967,18.4292571428571,93.0172857142857,1,1,1,74.4085142857143,52.6358,22.4728285714286,27.06,59,,,,,40826,2025-02-09,5221858,Valparaiso de Goias,GO,2025,7
1738454400000,202506,41.0,41,41,41,0.56687754,20.81567,0,1,522185820250620503,2026-02-19,Valparaíso de Goiás,,1.0380614,196967,18.4902857142857,89.6235285714286,0,0,1,72.6295857142857,52.8954142857143,22.2901142857143,26.4459857142857,29,,,,,40826,2025-02-02,5221858,Valparaiso de Goias,GO,2025,6
1737849600000,202505,63.0,63,63,63,0.99998945,31.985054,0,2,522185820250520495,2026-02-11,Valparaíso de Goiás,,2.6044269,196967,19.2495142857143,94.9071142857143,1,1,1,81.282,65.4326142857143,22.2954428571429,25.7684571428571,52,,,,,40826,2025-01-26,5221858,Valparaiso de Goias,GO,2025,5
1737244800000,202504,43.0,43,43,43,0.99976355,21.831068,0,2,522185820250420491,2026-02-07,Valparaíso de Goiás,,2.5804653,196967,18.4688285714286,93.5969714285714,1,1,1,76.0370428571429,56.6060714285714,22.8614285714286,27.9723571428571,36,,,,,40826,2025-01-19,5221858,Valparaiso de Goias,GO,2025,4
1736640000000,202503,18.0,18,18,18,0.35728103,9.138587,0,2,522185820250320486,2026-02-02,Valparaíso de Goiás,,0.8894905,196967,19.1166714285714,96.0433142857143,1,0,1,86.9721285714286,73.0690142857143,21.2066142857143,24.1363857142857,14,,,,,40826,2025-01-12,5221858,Valparaiso de Goias,GO,2025,3
1736035200000,202502,8.0,8,8,8,0.0003267749,4.061594,0,2,522185820250220459,2026-01-06,Valparaíso de Goiás,,0.29114336,196967,19.1332,96.0079142857143,1,0,0,84.7508714285714,68.4399,22.0087285714286,25.7217714285714,8,,,,,40826,2025-01-05,5221858,Valparaiso de Goias,GO,2025,2
1735430400000,202501,21.0,21,21,21,0.032051172,10.661684,0,2,522185820250120459,2026-01-06,Valparaíso de Goiás,,0.606333,196967,18.6932,96.4454285714286,1,0,1,83.2216714285714,63.9923857142857,21.7135285714286,25.8523,20,,,,,40826,2024-12-29,5221858,Valparaiso de Goias,GO,2025,1
1734825600000,202452,29.0,29,29,29,0.066985056,14.723278,0,2,522185820245220437,2025-12-15,Valparaíso de Goiás,,0.6992569,196967,19.6187571428571,95.9449285714286,1,0,1,84.7752714285714,65.1884857142857,21.8667857142857,25.36,22,,,,,40826,2024-12-22,5221858,Valparaiso de Goias,GO,2024,52
1734220800000,202451,32.0,32,32,32,0.07760727,16.246376,0,2,522185820245120437,2025-12-15,Valparaíso de Goiás,,0.7219909,196967,19.4387571428571,96.6563571428571,1,0,1,82.4954142857143,60.0487,22.4471857142857,27.0887,30,,,,,40826,2024-12-15,5221858,Valparaiso de Goias,GO,2024,51
1733616000000,202450,45.0,45,45,45,0.5977907,22.846466,0,2,522185820245020437,2025-12-15,Valparaíso de Goiás,,1.0540565,196967,19.2000714285714,92.0507857142857,1,0,1,74.1400428571429,52.8397142857143,23.4812142857143,28.0031,44,,,,,40826,2024-12-08,5221858,Valparaiso de Goias,GO,2024,50
1733011200000,202449,49.0,49,49,49,0.821938,24.877264,0,2,522185820244920431,2025-12-09,Valparaíso de Goiás,,1.2150902,196967,18.7920714285714,92.9941571428571,1,0,1,76.5834142857143,57.6958571428571,22.7973857142857,27.0233714285714,35,,,,,40826,2024-12-01,5221858,Valparaiso de Goias,GO,2024,49
1732406400000,202448,40.0,40,40,40,0.54478025,20.30797,0,2,522185820244820425,2025-12-03,Valparaíso de Goiás,,1.0254974,196967,18.9334428571429,93.8445,1,0,1,79.6963142857143,61.6645571428571,22.1939,26.4314714285714,23,,,,,40826,2024-11-24,5221858,Valparaiso de Goias,GO,2024,48
1731801600000,202447,43.0,43,43,43,0.7212612,21.831068,0,2,522185820244720418,2025-11-26,Valparaíso de Goiás,,1.1388429,196967,18.7343571428571,96.3048428571429,1,0,1,81.5233571428571,63.3582857142857,22.2595857142857,26.2546,32,,,,,40826,2024-11-17,5221858,Valparaiso de Goias,GO,2024,47
1731196800000,202446,34.0,34,34,34,0.5575575,17.261774,0,2,522185820244620410,2025-11-18,Valparaíso de Goiás,,1.035831,196967,18.4916142857143,96.9716428571429,1,0,1,84.0592142857143,65.9526142857143,21.4914428571429,25.5437428571429,23,,,,,40826,2024-11-10,5221858,Valparaiso de Goias,GO,2024,46
1730592000000,202445,46.0,46,46,46,0.9891138,23.354166,0,2,522185820244520403,2025-11-11,Valparaíso de Goiás,,1.7245752,196967,18.9936714285714,94.4377428571429,1,1,1,83.7345571428571,66.6956857142857,21.5784571428571,25.3119,42,,,,,40826,2024-11-03,5221858,Valparaiso de Goias,GO,2024,45
1729987200000,202444,30.0,30,30,30,0.858071,15.230978,0,2,522185820244420395,2025-11-03,Valparaíso de Goiás,,1.3438534,196967,18.7055285714286,94.1914571428571,1,0,1,80.2262714285714,64.2846142857143,21.959,25.4125857142857,28,,,,,40826,2024-10-27,5221858,Valparaiso de Goias,GO,2024,44
1729382400000,202443,28.0,28,28,28,0.77707404,14.215579,0,1,522185820244320389,2025-10-28,Valparaíso de Goiás,,1.237538,196967,19.4982428571429,95.2334285714286,1,0,1,80.9052428571429,58.6181428571429,22.7130714285714,27.128,26,,,,,40826,2024-10-20,5221858,Valparaiso de Goias,GO,2024,43
1728777600000,202442,19.0,19,19,19,0.14604104,9.646286,0,1,522185820244220381,2025-10-20,Valparaíso de Goiás,,0.7311514,196967,19.2718,93.0894714285714,1,0,1,77.2552,54.8985714285714,22.7261428571429,27.3596285714286,15,,,,,40826,2024-10-13,5221858,Valparaiso de Goias,GO,2024,42
1728172800000,202441,19.0,19,19,19,0.13710284,9.646286,0,1,522185820244120375,2025-10-14,Valparaíso de Goiás,,0.7231711,196967,21.8660142857143,70.9257142857143,0,0,1,54.2106714285714,34.7129285714286,26.4780857142857,31.7632571428571,16,,,,,40826,2024-10-06,5221858,Valparaiso de Goias,GO,2024,41
1727568000000,202440,30.0,30,30,30,0.9080383,15.230978,0,1,522185820244020367,2025-10-06,Valparaíso de Goiás,,1.4528606,196967,20.4780285714286,49.701,0,0,1,31.0470571428571,18.0379142857143,27.2276714285714,33.3081428571429,21,,,,,40826,2024-09-29,5221858,Valparaiso de Goias,GO,2024,40
1726963200000,202439,29.0,29,29,29,0.99408495,14.723278,0,1,522185820243920363,2025-10-02,Valparaíso de Goiás,,2.222232,196967,20.9389428571429,44.4348571428571,0,1,1,28.8544142857143,17.0224285714286,27.3279571428571,33.4685,21,,,,,40826,2024-09-22,5221858,Valparaiso de Goias,GO,2024,39
1726358400000,202438,25.0,25,25,25,0.99470973,12.692481,0,1,522185820243820353,2025-09-22,Valparaíso de Goiás,,2.4399154,196967,19.5400428571429,49.7066,0,1,1,33.2666714285714,19.9752571428571,25.7995428571429,31.8730571428571,21,,,,,40826,2024-09-15,5221858,Valparaiso de Goias,GO,2024,38
1725753600000,202437,6.0,6,6,6,0.07455061,3.0461955,0,1,522185820243720346,2025-09-15,Valparaíso de Goiás,,0.5041548,196967,17.4774714285714,43.3068857142857,0,0,0,31.4258142857143,19.4858285714286,23.9713285714286,30.5235857142857,5,,,,,40826,2024-09-08,5221858,Valparaiso de Goias,GO,2024,37
1725148800000,202436,10.0,10,10,10,0.1870792,5.0769925,0,1,522185820243620339,2025-09-08,Valparaíso de Goiás,,0.6996268,196967,16.5803285714286,43.7555142857143,0,0,0,26.1102,13.8552714285714,24.4248285714286,31.7352,9,,,,,40826,2024-09-01,5221858,Valparaiso de Goias,GO,2024,36
1724544000000,202435,10.0,10,10,10,0.16002658,5.0769925,0,1,522185820243520332,2025-09-01,Valparaíso de Goiás,,0.67303824,196967,16.2171,62.1487428571429,0,0,0,43.0639714285714,25.2709428571429,22.5415428571429,28.9293,8,,,,,40826,2024-08-25,5221858,Valparaiso de Goias,GO,2024,35
1723939200000,202434,18.0,18,18,18,0.6109915,9.138587,0,1,522185820243420328,2025-08-28,Valparaíso de Goiás,,1.0997294,196967,15.4567142857143,50.3493428571429,0,0,1,31.4433571428571,17.5145571428571,22.8024,29.8769,14,,,,,40826,2024-08-18,5221858,Valparaiso de Goias,GO,2024,34
1723334400000,202433,14.0,14,14,14,0.17899992,7.1077895,0,1,522185820243320321,2025-08-21,Valparaíso de Goiás,,0.72840005,196967,14.6837714285714,57.3994428571429,0,0,0,38.2449857142857,21.4222857142857,21.6108857142857,28.9167,12,,,,,40826,2024-08-11,5221858,Valparaiso de Goias,GO,2024,33
1722729600000,202432,12.0,12,12,12,0.051904723,6.092391,0,1,522185820243220312,2025-08-12,Valparaíso de Goiás,,0.56630087,196967,14.7475285714286,68.1655857142857,0,0,0,46.6228285714286,29.3787142857143,20.6093714285714,26.5449142857143,6,,,,,40826,2024-08-04,5221858,Valparaiso de Goias,GO,2024,32
1722124800000,202431,26.0,26,26,26,0.5340169,13.200181,0,1,522185820243120305,2025-08-05,Valparaíso de Goiás,,1.0239066,196967,15.7951714285714,65.5397142857143,0,0,1,46.8245571428571,28.8233142857143,21.1463428571429,26.6452857142857,23,,,,,40826,2024-07-28,5221858,Valparaiso de Goias,GO,2024,31
1721520000000,202430,15.0,15,15,15,0.014444513,7.615489,0,1,522185820243020298,2025-07-29,Valparaíso de Goiás,,0.51252216,196967,12.2873714285714,68.809,0,0,0,46.9317285714286,27.8848857142857,18.9468,25.7079857142857,14,,,,,40826,2024-07-21,5221858,Valparaiso de Goias,GO,2024,30
1720915200000,202429,26.0,26,26,26,0.41304633,13.200181,0,1,522185820242920291,2025-07-22,Valparaíso de Goiás,,0.9421683,196967,12.7692571428571,70.6586857142857,0,0,1,48.7262,29.6105285714286,18.9873857142857,25.2815714285714,23,,,,,40826,2024-07-14,5221858,Valparaiso de Goias,GO,2024,29
1720310400000,202428,34.0,34,34,34,0.9384366,17.261774,0,1,522185820242820283,2025-07-14,Valparaíso de Goiás,,1.5088311,196967,14.567,68.9828428571429,0,0,1,46.0369,26.0059857142857,20.9963142857143,27.4796428571429,25,,,,,40826,2024-07-07,5221858,Valparaiso de Goias,GO,2024,28
1719705600000,202427,31.0,31,31,31,0.9052096,15.738677,0,1,522185820242720278,2025-07-09,Valparaíso de Goiás,,1.4359498,196967,14.1500285714286,68.6323857142857,0,0,1,47.819,29.6906714285714,20.0408285714286,26.0016285714286,23,,,,,40826,2024-06-30,5221858,Valparaiso de Goias,GO,2024,27
1719100800000,202426,19.0,19,19,19,0.13799448,9.646286,0,1,522185820242620269,2025-06-30,Valparaíso de Goiás,,0.7239769,196967,14.2714857142857,72.3445,0,0,1,49.0106,28.7031857142857,20.2749857142857,26.3654142857143,16,,,,,40826,2024-06-23,5221858,Valparaiso de Goias,GO,2024,26
1718496000000,202425,16.0,16,16,16,0.004315259,8.123188,0,1,522185820242520262,2025-06-23,Valparaíso de Goiás,,0.46724436,196967,13.9748857142857,75.4661571428571,0,0,1,54.9208714285714,33.5756,19.4426,25.2844142857143,12,,,,,40826,2024-06-16,5221858,Valparaiso de Goias,GO,2024,25
1717891200000,202424,30.0,30,30,30,0.020887619,15.230978,0,1,522185820242420255,2025-06-16,Valparaíso de Goiás,,0.62792164,196967,14.5732285714286,78.4048714285714,0,0,1,57.7421571428571,35.7276,20.1466571428571,26.1070714285714,22,,,,,40826,2024-06-09,5221858,Valparaiso de Goias,GO,2024,24
1717286400000,202423,27.0,27,27,27,3.35378e-05,13.70788,0,1,522185820242320249,2025-06-10,Valparaíso de Goiás,,0.41949365,196967,16.0369857142857,80.1644,0,0,1,60.8423571428571,40.0176285714286,20.3219571428571,25.1970285714286,23,,,,,40826,2024-06-02,5221858,Valparaiso de Goias,GO,2024,23
1716681600000,202422,47.0,47,47,47,0.0007979604,23.861866,0,1,522185820242220241,2025-06-02,Valparaíso de Goiás,,0.5691097,196967,15.4883571428571,81.1639428571429,0,0,1,58.0701857142857,35.2334857142857,20.7810714285714,26.3182285714286,37,,,,,40826,2024-05-26,5221858,Valparaiso de Goias,GO,2024,22
1716076800000,202421,67.0,67,67,67,0.0002544559,34.01585,0,1,522185820242120236,2025-05-28,Valparaíso de Goiás,,0.5913306,196967,16.7020285714286,79.6517285714286,0,0,1,58.6964571428571,36.9419285714286,21.7812285714286,27.2304285714286,55,,,,,40826,2024-05-19,5221858,Valparaiso de Goias,GO,2024,21
1715472000000,202420,78.0,78,78,78,6e-10,39.600544,0,1,522185820242020227,2025-05-19,Valparaíso de Goiás,,0.45114303,196967,15.778,77.6116285714286,0,0,1,55.6190285714286,33.5743,22.0115857142857,28.0547,66,,,,,40826,2024-05-12,5221858,Valparaiso de Goias,GO,2024,20
1714867200000,202419,97.0,97,97,97,0.0,49.24683,0,1,522185820241920224,2025-05-16,Valparaíso de Goiás,,0.38156888,196967,16.1127857142857,81.4777857142857,0,0,1,61.4906142857143,40.2586857142857,21.5095142857143,27.2655857142857,82,,,,,40826,2024-05-05,5221858,Valparaiso de Goias,GO,2024,19
1714262400000,202418,148.0,148,148,148,0.0,75.13949,0,4,522185820241820214,2025-05-06,Valparaíso de Goiás,,0.45430163,196967,17.5894428571429,83.2358428571429,0,0,2,60.9117285714286,39.1607285714286,23.1328142857143,28.5382285714286,118,,,,,40826,2024-04-28,5221858,Valparaiso de Goias,GO,2024,18
1713657600000,202417,273.0,273,273,273,3.0315e-06,138.6019,0,4,522185820241720206,2025-04-28,Valparaíso de Goiás,,0.7017404,196967,17.7637142857143,86.5587571428571,0,0,2,68.1925142857143,47.4226571428571,22.4045428571429,27.2873428571429,237,,,,,40826,2024-04-21,5221858,Valparaiso de Goias,GO,2024,17
1713052800000,202416,342.0,342,342,342,1.02566e-05,173.63315,0,4,522185820241620200,2025-04-22,Valparaíso de Goiás,,0.7394296,196967,19.1605714285714,87.6346571428571,0,0,2,71.9258285714286,54.9959571428571,22.8939428571429,26.9323285714286,286,,,,,40826,2024-04-14,5221858,Valparaiso de Goias,GO,2024,16
1712448000000,202415,356.0,356,356,356,0.0,180.74094,0,4,522185820241520192,2025-04-14,Valparaíso de Goiás,,0.62698877,196967,19.4220857142857,89.0705714285714,0,0,2,75.1775571428571,57.4324,22.7019714285714,26.4272142857143,306,,,,,40826,2024-04-07,5221858,Valparaiso de Goias,GO,2024,15
1711843200000,202414,500.0,500,500,500,1e-10,253.84962,0,4,522185820241420188,2025-04-10,Valparaíso de Goiás,,0.6902571,196967,19.4002714285714,98.6616428571429,1,0,2,86.0679285714286,68.1801714285714,22.3845714285714,26.4265857142857,420,,,,,40826,2024-03-31,5221858,Valparaiso de Goias,GO,2024,14
1711238400000,202413,461.0,461,461,461,0.0,234.04936,0,4,522185820241320178,2025-03-31,Valparaíso de Goiás,,0.52983725,196967,19.2918142857143,96.5086,1,0,2,83.7638428571429,62.2044571428571,22.1111428571429,26.3004714285714,380,,,,,40826,2024-03-24,5221858,Valparaiso de Goias,GO,2024,13
1710633600000,202412,795.0,795,795,795,1.01171e-05,403.6209,0,4,522185820241220171,2025-03-24,Valparaíso de Goiás,,0.81615657,196967,20.2217571428571,95.6500428571429,1,0,2,80.4606571428571,60.6840428571429,23.7477428571429,28.0376142857143,622,,,,,40826,2024-03-17,5221858,Valparaiso de Goias,GO,2024,12
1710028800000,202411,865.0,865,865,865,0.00254807,439.15985,0,4,522185820241120165,2025-03-18,Valparaíso de Goiás,,0.87780297,196967,20.2417142857143,93.8068,1,0,2,79.0675428571429,59.0173,23.7696714285714,27.9258,718,,,,,40826,2024-03-10,5221858,Valparaiso de Goias,GO,2024,11
1709424000000,202410,1005.0,1005,1005,1005,0.99761194,510.23776,0,4,522185820241020158,2025-03-11,Valparaíso de Goiás,,1.1388378,196967,19.6786285714286,94.0122,1,1,2,78.1939428571429,58.3168714285714,23.4484142857143,27.7007285714286,832,,,,,40826,2024-03-03,5221858,Valparaiso de Goias,GO,2024,10
1708819200000,202409,1125.0,1125,1125,1125,1.0,571.1617,0,4,522185820240920153,2025-03-06,Valparaíso de Goiás,,1.4803563,196967,18.9335428571429,89.3726714285714,0,1,2,68.6846571428571,46.7465571428571,24.0133142857143,29.1587714285714,913,,,,,40826,2024-02-25,5221858,Valparaiso de Goias,GO,2024,9
1708214400000,202408,838.0,838,838,838,0.99999684,425.45197,0,4,522185820240820145,2025-02-26,Valparaíso de Goiás,,1.2634331,196967,19.5156285714286,95.9314,1,1,2,86.9288,71.3823285714286,21.7289285714286,25.0945142857143,677,,,,,40826,2024-02-18,5221858,Valparaiso de Goias,GO,2024,8
1707609600000,202407,759.0,759,759,759,1.0,385.34375,0,4,522185820240720137,2025-02-18,Valparaíso de Goiás,,1.375087,196967,18.8536857142857,92.2196285714286,1,1,2,77.9894428571428,59.7308428571429,22.4277,26.6849142857143,606,,,,,40826,2024-02-11,5221858,Valparaiso de Goias,GO,2024,7
1707004800000,202406,651.0,651,651,651,1.0,330.5122,0,4,522185820240620130,2025-02-11,Valparaíso de Goiás,,1.6158918,196967,19.2443285714286,96.6136714285714,1,1,2,84.6521714285714,66.9440857142857,21.9186142857143,25.7201,508,,,,,40826,2024-02-04,5221858,Valparaiso de Goias,GO,2024,6
1706400000000,202405,640.0,640,640,640,1.0,324.92752,0,4,522185820240520123,2025-02-04,Valparaíso de Goiás,,2.1753461,196967,19.0769857142857,94.9339857142857,1,1,2,80.3746,61.1624571428571,22.3870571428571,26.3628571428571,498,,,,,40826,2024-01-28,5221858,Valparaiso de Goias,GO,2024,5
1705795200000,202404,346.0,346,346,346,0.9999871,175.66394,0,4,522185820240420116,2025-01-28,Valparaíso de Goiás,,1.417411,196967,19.7977571428571,93.9803285714286,1,1,2,81.6588857142857,65.8471428571429,22.5249142857143,25.9842428571429,281,,,,,40826,2024-01-21,5221858,Valparaiso de Goias,GO,2024,4
1705190400000,202403,244.0,244,244,244,0.9982923,123.87862,0,4,522185820240320109,2025-01-21,Valparaíso de Goiás,,1.328833,196967,19.3131,93.0427142857143,1,1,2,73.4829857142857,50.8327142857143,23.7808285714286,28.4197428571429,198,,,,,40826,2024-01-14,5221858,Valparaiso de Goias,GO,2024,3
1704585600000,202402,274.0,274,274,274,1.0,139.1096,0,4,522185820240220102,2025-01-14,Valparaíso de Goiás,,2.7384307,196967,18.9768571428571,97.1590571428571,1,1,2,84.0382142857143,66.5224285714286,22.1914285714286,26.0041571428571,242,,,,,40826,2024-01-07,5221858,Valparaiso de Goias,GO,2024,2
1703980800000,202401,222.0,222,222,222,1.0,112.709236,0,1,522185820240120095,2025-01-07,Valparaíso de Goiás,,4.669351,196967,19.6725,96.3642428571429,1,1,2,87.3863,72.6264428571429,21.7488,24.3310285714286,187,,,,,40826,2023-12-31,5221858,Valparaiso de Goias,GO,2024,1
1703376000000,202352,55.0,55,55,55,0.9917747,27.92346,0,1,522185820235220087,2024-12-30,Valparaíso de Goiás,,1.6789031,196967,20.3423,96.2104,1,1,1,79.0200857142857,54.8363142857143,23.8563714285714,28.5335,52,,,,,40826,2023-12-24,5221858,Valparaiso de Goias,GO,2023,52
1702771200000,202351,32.0,32,32,32,0.45541456,16.246376,0,1,522185820235120080,2024-12-23,Valparaíso de Goiás,,0.9727509,196967,19.7827,87.6529714285714,0,0,1,70.6354428571429,53.1847,23.4703,27.5623428571429,32,,,,,40826,2023-12-17,5221858,Valparaiso de Goias,GO,2023,51
1702166400000,202350,32.0,32,32,32,0.27719086,16.246376,0,1,522185820235020074,2024-12-17,Valparaíso de Goiás,,0.8678026,196967,20.4503857142857,79.9844142857143,0,0,1,59.1804857142857,37.6519857142857,25.1374571428571,30.3999285714286,32,,,,,40826,2023-12-10,5221858,Valparaiso de Goias,GO,2023,50
1701561600000,202349,29.0,29,29,29,0.13904402,14.723278,0,1,522185820234920067,2024-12-10,Valparaíso de Goiás,,0.7672737,196967,19.3605714285714,88.4425,0,0,1,69.5497285714286,46.1820857142857,23.9274142857143,29.1179857142857,29,,,,,40826,2023-12-03,5221858,Valparaiso de Goias,GO,2023,49
1700956800000,202348,38.0,38,38,38,0.7364696,19.292572,0,1,522185820234820060,2024-12-03,Valparaíso de Goiás,,1.1615468,196967,20.0392428571429,89.3330714285714,0,0,1,69.3327,47.3379285714286,24.2288857142857,29.0339714285714,37,,,,,40826,2023-11-26,5221858,Valparaiso de Goias,GO,2023,48
1700352000000,202347,47.0,47,47,47,0.99123895,23.861866,0,1,522185820234720056,2024-11-29,Valparaíso de Goiás,,1.7514654,196967,20.004,94.2741142857143,1,1,1,74.3369714285714,52.4554,24.1887714285714,28.8004,34,,,,,40826,2023-11-19,5221858,Valparaiso de Goias,GO,2023,47
1699747200000,202346,27.0,27,27,27,0.75150776,13.70788,0,1,522185820234620046,2024-11-19,Valparaíso de Goiás,,1.2120703,196967,20.8053142857143,75.4069857142857,0,0,1,51.2074428571429,30.2048857142857,26.8558285714286,33.4178428571429,23,,,,,40826,2023-11-12,5221858,Valparaiso de Goias,GO,2023,46
1699142400000,202345,31.0,31,31,31,0.92745733,15.738677,0,1,522185820234520039,2024-11-12,Valparaíso de Goiás,,1.5012908,196967,19.4252428571429,79.3649714285714,0,0,1,56.5367714285714,33.4341714285714,25.3409857142857,31.7447142857143,26,,,,,40826,2023-11-05,5221858,Valparaiso de Goias,GO,2023,45
1698537600000,202344,17.0,17,17,17,0.31963217,8.630887,0,1,522185820234420032,2024-11-05,Valparaíso de Goiás,,0.8581391,196967,20.1730857142857,89.5974285714286,0,0,1,71.3533285714286,47.0783428571429,24.4473714285714,30.3188714285714,12,,,,,40826,2023-10-29,5221858,Valparaiso de Goias,GO,2023,44
1697932800000,202343,22.0,22,22,22,0.71931165,11.169384,0,1,522185820234320026,2024-10-30,Valparaíso de Goiás,,1.1988301,196967,20.0828285714286,87.6509,0,0,1,68.0588857142857,43.7511428571429,24.5662571428571,30.2974,15,,,,,40826,2023-10-22,5221858,Valparaiso de Goias,GO,2023,43
1697328000000,202342,21.0,21,21,21,0.75189805,10.661684,0,1,522185820234220019,2024-10-23,Valparaíso de Goiás,,1.2453214,196967,20.0988142857143,73.1520285714286,0,0,1,52.7952714285714,33.352,25.7161714285714,31.8681285714286,10,,,,,40826,2023-10-15,5221858,Valparaiso de Goias,GO,2023,42
1696723200000,202341,17.0,17,17,17,0.51858795,8.630887,0,1,522185820234120011,2024-10-15,Valparaíso de Goiás,,1.0159793,196967,20.4220285714286,86.4075142857143,0,0,1,68.5525428571429,45.4095428571429,25.0626714285714,30.9234,9,,,,,40826,2023-10-08,5221858,Valparaiso de Goias,GO,2023,41
1696118400000,202340,19.0,19,19,19,0.5209378,9.646286,0,1,522185820234020005,2024-10-09,Valparaíso de Goiás,,1.0170631,196967,19.9368,89.5235714285714,0,0,1,71.7497285714286,47.6954571428571,24.1418,29.7565857142857,12,,,,,40826,2023-10-01,5221858,Valparaiso de Goias,GO,2023,40
1695513600000,202339,11.0,11,11,11,0.056838818,5.584692,0,1,522185820233919998,2024-10-02,Valparaíso de Goiás,,0.5622165,196967,21.0038571428571,74.4546428571429,0,0,0,55.0604714285714,35.7549,26.3703714285714,32.4519,9,,,,,40826,2023-09-24,5221858,Valparaiso de Goias,GO,2023,39
1694908800000,202338,24.0,24,24,24,0.78974134,12.184782,0,1,522185820233819990,2024-09-24,Valparaíso de Goiás,,1.2773596,196967,19.3533,63.4042142857143,0,0,1,43.2821142857143,25.3321142857143,25.8404571428571,32.6035285714286,21,,,,,40826,2023-09-17,5221858,Valparaiso de Goias,GO,2023,38
1694304000000,202337,17.0,17,17,17,0.52201027,8.630887,0,1,522185820233719983,2024-09-17,Valparaíso de Goiás,,1.0189655,196967,18.1486571428571,64.4910714285714,0,0,1,46.3792714285714,30.3751142857143,23.9391,29.9695,14,,,,,40826,2023-09-10,5221858,Valparaiso de Goias,GO,2023,37
1693699200000,202336,23.0,23,23,23,0.8126244,11.677083,0,1,522185820233619978,2024-09-12,Valparaíso de Goiás,,1.3200237,196967,18.4586285714286,74.4248857142857,0,0,1,55.2253714285714,34.1428285714286,23.7093,29.7697428571429,13,,,,,40826,2023-09-03,5221858,Valparaiso de Goias,GO,2023,36
1693094400000,202335,14.0,14,14,14,0.08405047,7.1077895,0,1,522185820233519969,2024-09-03,Valparaíso de Goiás,,0.63189673,196967,18.5069857142857,92.2330285714286,1,0,0,74.5345857142857,48.3323857142857,22.7550285714286,28.6386714285714,6,,,,,40826,2023-08-27,5221858,Valparaiso de Goias,GO,2023,35
1692489600000,202334,13.0,13,13,13,0.010721659,6.6000905,0,1,522185820233419962,2024-08-27,Valparaíso de Goiás,,0.47648162,196967,17.1731142857143,70.7372571428571,0,0,0,49.2087857142857,28.0818,23.5165142857143,30.7801857142857,8,,,,,40826,2023-08-20,5221858,Valparaiso de Goias,GO,2023,34
1691884800000,202333,25.0,25,25,25,0.22073129,12.692481,0,1,522185820233319956,2024-08-21,Valparaíso de Goiás,,0.8144272,196967,15.7719285714286,67.3012285714286,0,0,1,47.4604428571429,29.8981714285714,21.6022142857143,27.8385142857143,4,,,,,40826,2023-08-13,5221858,Valparaiso de Goias,GO,2023,33
1691280000000,202332,26.0,26,26,26,0.29904535,13.200181,0,1,522185820233219949,2024-08-14,Valparaíso de Goiás,,0.8692542,196967,15.5801142857143,60.8992857142857,0,0,1,40.3654857142857,21.4309,22.6317428571429,30.3529285714286,7,,,,,40826,2023-08-06,5221858,Valparaiso de Goias,GO,2023,32
1690675200000,202331,34.0,34,34,34,0.8398246,17.261774,0,1,522185820233119941,2024-08-06,Valparaíso de Goiás,,1.2905996,196967,14.2146142857143,72.7797857142857,0,0,1,47.5231285714286,24.9168285714286,21.1990142857143,28.6618428571429,7,,,,,40826,2023-07-30,5221858,Valparaiso de Goias,GO,2023,31
1690070400000,202330,34.0,34,34,34,0.9278349,17.261774,0,1,522185820233019934,2024-07-30,Valparaíso de Goiás,,1.4728005,196967,14.743,74.1059571428572,0,0,1,52.5598285714286,31.2861571428571,20.7172285714286,27.2626714285714,5,,,,,40826,2023-07-23,5221858,Valparaiso de Goias,GO,2023,30
1689465600000,202329,21.0,21,21,21,0.62945294,10.661684,0,1,522185820232919929,2024-07-25,Valparaíso de Goiás,,1.1091005,196967,15.9644571428571,76.5489428571429,0,0,1,55.5266,34.2618714285714,21.3607,27.2785,4,,,,,40826,2023-07-16,5221858,Valparaiso de Goias,GO,2023,29
1688860800000,202328,29.0,29,29,29,0.9773375,14.723278,0,1,522185820232819919,2024-07-15,Valparaíso de Goiás,,1.8325189,196967,14.2005285714286,78.5129857142857,0,1,1,54.5118714285714,30.2748428571429,20.6508571428571,28.2612,6,,,,,40826,2023-07-09,5221858,Valparaiso de Goias,GO,2023,28
1688256000000,202327,15.0,15,15,15,0.46029028,7.615489,0,1,522185820232719913,2024-07-09,Valparaíso de Goiás,0,0.9650328,196967,16.7142857142857,55.6458987142857,0,0,0,52.0367727142857,48.2889567142857,17.4761905714286,18.2857142857143,2,,,,,40826,2023-07-02,5221858,Valparaiso de Goias,GO,2023,27
1687651200000,202326,17.0,17,17,17,0.36480224,8.630887,0,1,522185820232619905,2024-07-01,Valparaíso de Goiás,0,0.8923473,196967,18.5714285714286,57.253633,0,0,0,54.7851431428571,52.1784072857143,19.0476191428571,19.5714285714286,8,,,,,40826,2023-06-25,5221858,Valparaiso de Goias,GO,2023,26
1687046400000,202325,11.0,11,11,11,0.010286084,5.584692,0,1,522185820232519898,2024-06-24,Valparaíso de Goiás,0,0.44997615,196967,18.0,64.0836305714286,0,0,0,60.9203788571429,57.6386442857143,18.7142857142857,19.4285714285714,7,,,,,40826,2023-06-18,5221858,Valparaiso de Goias,GO,2023,25
1686441600000,202324,20.0,20,20,20,0.09317749,10.153985,0,1,522185820232419884,2024-06-10,Valparaíso de Goiás,,0.68589854,196967,16.2125142857143,86.2905285714286,0,0,1,66.0478,42.5971,21.3011,27.0887428571429,10,,,,,40826,2023-06-11,5221858,Valparaiso de Goias,GO,2023,24
1685836800000,202323,23.0,23,23,23,0.15165795,11.677083,0,1,522185820232319884,2024-06-10,Valparaíso de Goiás,,0.7552199,196967,13.7252428571429,81.8869714285714,0,0,1,60.0955714285714,36.7551,19.9510857142857,26.6215571428571,9,,,,,40826,2023-06-04,5221858,Valparaiso de Goias,GO,2023,23
1685232000000,202322,33.0,33,33,33,0.61853945,16.754076,0,1,522185820232219876,2024-06-02,Valparaíso de Goiás,0,1.0780718,196967,20.3,67.169108,0,0,1,63.6827369,60.2327318,21.1,21.9,18,,,,,40826,2023-05-28,5221858,Valparaiso de Goias,GO,2023,22
1684627200000,202321,32.0,32,32,32,0.39474285,16.246376,0,1,522185820232119869,2024-05-26,Valparaíso de Goiás,0,0.9368317,196967,14.0,78.9360135,0,0,1,60.0060449,41.7556427,19.1958332,24.4,17,,,,,40826,2023-05-21,5221858,Valparaiso de Goias,GO,2023,21
1684022400000,202320,27.0,27,27,27,0.0638023,13.70788,0,1,522185820232019863,2024-05-20,Valparaíso de Goiás,0,0.6871868,196967,14.8333333333333,78.6741533888889,0,0,1,54.5352862222222,34.0003195555556,20.4537035555556,25.4444444444444,16,,,,,40826,2023-05-14,5221858,Valparaiso de Goias,GO,2023,20
1683417600000,202319,32.0,32,32,32,0.14197198,16.246376,0,1,522185820231919856,2024-05-13,Valparaíso de Goiás,0,0.7786509,196967,19.875,69.332691875,0,0,1,61.188341375,52.937484875,21.7083335,23.75,11,,,,,40826,2023-05-07,5221858,Valparaiso de Goias,GO,2023,19
1682812800000,202318,44.0,44,44,44,0.5596738,22.338768,0,1,522185820231819849,2024-05-06,Valparaíso de Goiás,0,1.0326346,196967,20.2,72.555739,0,0,1,68.7814148,63.9723086,20.9333336,21.8,19,,,,,40826,2023-04-30,5221858,Valparaiso de Goias,GO,2023,18
1682208000000,202317,43.0,43,43,43,0.31218582,21.831068,0,1,522185820231719841,2024-04-28,Valparaíso de Goiás,0,0.90261436,196967,17.5652173913043,88.9228126086957,0,0,1,71.9095056521739,49.9794486086957,21.5923913913043,26.3913043478261,22,,,,,40826,2023-04-23,5221858,Valparaiso de Goias,GO,2023,17
1681603200000,202316,35.0,35,35,35,0.026870616,17.769474,0,2,522185820231619835,2024-04-22,Valparaíso de Goiás,0,0.66114587,196967,18.4285714285714,91.6000642857143,1,0,1,75.3259434285714,53.8946497142857,22.0952382857143,27.0,9,,,,,40826,2023-04-16,5221858,Valparaiso de Goias,GO,2023,16
1680998400000,202315,53.0,53,53,53,0.18790998,26.90806,0,1,522185820231519827,2024-04-14,Valparaíso de Goiás,0,0.84830916,196967,19.1428571428571,94.0203,1,0,1,77.2057447142857,51.4963784285714,22.4523808571429,27.7142857142857,24,,,,,40826,2023-04-09,5221858,Valparaiso de Goias,GO,2023,15
1680393600000,202314,52.0,52,52,52,0.019432167,26.400362,0,1,522185820231419821,2024-04-08,Valparaíso de Goiás,0,0.6919479,196967,18.7142857142857,90.7521171428571,1,0,1,75.2732408571429,51.3468842857143,21.660714,26.5714285714286,28,,,,,40826,2023-04-02,5221858,Valparaiso de Goias,GO,2023,14
1679788800000,202313,50.0,50,50,50,0.0081838025,25.384962,0,1,522185820231319814,2024-04-01,Valparaíso de Goiás,0,0.6506611,196967,20.8571428571429,72.2697849047619,0,0,1,55.8554788095238,44.1183038571429,24.4166664761905,27.3809523809524,19,,,,,40826,2023-03-26,5221858,Valparaiso de Goias,GO,2023,13
1679184000000,202312,93.0,93,93,93,0.973166,47.21603,0,1,522185820231219808,2024-03-26,Valparaíso de Goiás,0,1.3560098,196967,17.5454545454545,91.3497589090909,0,1,1,71.9430174545455,48.5877656363636,21.8560603636364,27.0,27,,,,,40826,2023-03-19,5221858,Valparaiso de Goias,GO,2023,12
1678579200000,202311,79.0,79,79,79,0.94612265,40.108242,0,1,522185820231119800,2024-03-18,Valparaíso de Goiás,0,1.3141246,196967,21.3,81.283395,0,0,1,81.277472,81.271548,21.35,21.4,16,,,,,40826,2023-03-12,5221858,Valparaiso de Goias,GO,2023,11
1677974400000,202310,70.0,70,70,70,0.88602775,35.538948,0,1,522185820231019794,2024-03-12,Valparaíso de Goiás,0,1.2389953,196967,22.1428571428571,70.8364115714286,0,0,1,68.8942271428571,66.952045,22.3571428571429,22.5714285714286,29,,,,,40826,2023-03-05,5221858,Valparaiso de Goias,GO,2023,10
1677369600000,202309,54.0,54,54,54,0.36665666,27.41576,0,1,522185820230919786,2024-03-04,Valparaíso de Goiás,0,0.9377371,196967,22.0,75.1189728333333,0,0,1,72.9228621666667,70.7267544166667,22.3333333333333,22.6666666666667,27,,,,,40826,2023-02-26,5221858,Valparaiso de Goias,GO,2023,9
1676764800000,202308,60.0,60,60,60,0.6293936,30.461956,0,1,522185820230819780,2024-02-27,Valparaíso de Goiás,0,1.0629014,196967,18.9473684210526,90.1438903157895,1,0,1,73.7145455789474,51.9968642105263,22.1798247368421,27.6842105263158,32,,,,,40826,2023-02-19,5221858,Valparaiso de Goias,GO,2023,8
1676160000000,202307,46.0,46,46,46,0.7034811,23.354166,0,1,522185820230719773,2024-02-20,Valparaíso de Goiás,0,1.1208802,196967,24.5714285714286,59.7649554285714,0,0,1,58.9899425714286,58.2149302857143,24.7142857142857,24.8571428571429,24,,,,,40826,2023-02-12,5221858,Valparaiso de Goias,GO,2023,7
1675555200000,202306,82.0,82,82,82,1.0,41.63134,0,1,522185820230619768,2024-02-15,Valparaíso de Goiás,0,3.3202534,196967,23.0,71.7624368571429,0,1,1,69.3454032857143,66.0995661428571,23.4940477142857,24.2857142857143,45,,,,,40826,2023-02-05,5221858,Valparaiso de Goias,GO,2023,6
1674950400000,202305,35.0,35,35,35,0.9850793,20.332878,0,1,522185820230519759,2024-02-06,Valparaíso de Goiás,0,1.8188523,172135,21.7142857142857,73.9629072857143,0,1,1,68.9879072857143,61.1977235714286,22.970238,24.4285714285714,18,,,,,40826,2023-01-29,5221858,Valparaiso de Goias,GO,2023,5
1674345600000,202304,15.0,15,15,15,0.25112623,8.71409,0,1,522185820230419752,2024-01-30,Valparaíso de Goiás,0,0.7956961,172135,20.5714285714286,81.7212771428571,0,0,0,81.7212771428571,81.7212771428571,20.5714285714286,20.5714285714286,11,,,,,40826,2023-01-22,5221858,Valparaiso de Goias,GO,2023,4
1673740800000,202303,19.0,19,19,19,0.6895686,11.037848,0,1,522185820230319747,2024-01-25,Valparaíso de Goiás,0,1.1797042,172135,22.1428571428571,69.4868628571429,0,0,1,69.4868628571429,69.4868628571429,22.1428571428571,22.1428571428571,12,,,,,40826,2023-01-15,5221858,Valparaiso de Goias,GO,2023,3
1673136000000,202302,21.0,21,21,21,0.955025,12.199727,0,2,522185820230219747,2024-01-25,Valparaíso de Goiás,0,1.8219566,172135,19.0,90.6840257142857,1,1,1,79.6281335714286,62.9142951428571,21.1190474285714,24.2857142857143,10,,,,,40826,2023-01-08,5221858,Valparaiso de Goias,GO,2023,2
1672531200000,202301,19.0,19,19,19,0.9610247,11.037848,0,2,522185820230119740,2024-01-18,Valparaíso de Goiás,0,1.944805,172135,19.2857142857143,92.3190262857143,1,1,1,76.6823057142857,56.4081015714286,21.9821425714286,26.0,14,,,,,40826,2023-01-01,5221858,Valparaiso de Goias,GO,2023,1
1671926400000,202252,8.0,8,8,8,0.19150956,4.647515,0,2,522185820225219733,2024-01-11,Valparaíso de Goiás,0,0.67875576,172135,19.0,93.9743466666667,1,0,0,89.5614333333333,70.8377946666667,20.05303,21.6666666666667,5,,,,,40826,2022-12-25,5221858,Valparaiso de Goias,GO,2022,52
1671321600000,202251,8.0,8,8,8,0.05897157,4.647515,0,2,522185820225119718,2023-12-27,Valparaíso de Goiás,0,0.52107257,172135,18.5,93.92977,1,0,0,84.775325,63.8116875,20.677885,24.5,1,,,,,40826,2022-12-18,5221858,Valparaiso de Goias,GO,2022,51
1670716800000,202250,11.0,11,11,11,0.090043426,6.390333,0,2,522185820225019718,2023-12-27,Valparaíso de Goiás,0,0.6081262,172135,19.6666666666667,90.2900316666667,1,0,0,75.5618248333333,57.4447295,22.213889,25.6666666666667,0,,,,,40826,2022-12-11,5221858,Valparaiso de Goias,GO,2022,50
1670112000000,202249,16.0,16,16,16,0.23100968,9.29503,0,2,522185820224919708,2023-12-17,Valparaíso de Goiás,0,0.785078,172135,19.0,93.1274897142857,1,0,0,78.3807888571429,56.234546,21.8760822857143,26.1428571428571,0,,,,,40826,2022-12-04,5221858,Valparaiso de Goias,GO,2022,49
1669507200000,202248,20.0,20,20,20,0.29175797,11.618788,0,2,522185820224819684,2023-11-23,Valparaíso de Goiás,0,0.8480753,172135,18.2857142857143,93.988274,1,0,1,79.0060364285714,56.1041121428571,21.3357145714286,25.5714285714286,0,,,,,40826,2022-11-27,5221858,Valparaiso de Goias,GO,2022,48
1668902400000,202247,17.0,17,17,17,0.11045985,9.87597,0,1,522185820224719684,2023-11-23,Valparaíso de Goiás,0,0.68513787,172135,18.2857142857143,96.5898705714286,1,0,1,81.2759271428571,61.2429421428571,21.1251727142857,25.0,0,,,,,40826,2022-11-20,5221858,Valparaiso de Goias,GO,2022,47
1668297600000,202246,26.0,26,26,26,0.66168284,15.1044235,0,1,522185820224619684,2023-11-23,Valparaíso de Goiás,0,1.1253889,172135,18.5714285714286,96.5969728571429,1,0,1,81.6690514285714,57.1657104285714,21.5520188571429,26.7142857142857,0,,,,,40826,2022-11-13,5221858,Valparaiso de Goias,GO,2022,46
1667692800000,202245,28.0,28,28,28,0.8707443,16.266302,0,1,522185820224519684,2023-11-23,Valparaíso de Goiás,0,1.3835655,172135,17.5714285714286,92.4072482857143,0,0,1,77.5294514285714,56.1062768571429,21.0367965714286,25.8571428571429,0,,,,,40826,2022-11-06,5221858,Valparaiso de Goias,GO,2022,45
1667088000000,202244,21.0,21,21,21,0.7062614,12.199727,0,1,522185820224419684,2023-11-23,Valparaíso de Goiás,0,1.1887835,172135,17.8571428571429,97.4635071428571,0,0,1,79.355244,57.1676717142857,21.0447995714286,25.4285714285714,5,,,,,40826,2022-10-30,5221858,Valparaiso de Goias,GO,2022,44
1666483200000,202243,24.0,24,24,24,0.83999366,13.942545,0,1,522185820224319684,2023-11-23,Valparaíso de Goiás,0,1.3591161,172135,18.4285714285714,92.5638954285714,1,0,1,71.6844725714286,52.4301154285714,22.4214288571429,26.7142857142857,21,,,,,40826,2022-10-23,5221858,Valparaiso de Goias,GO,2022,43
1665878400000,202242,12.0,12,12,12,0.16392648,6.9712725,0,1,522185820224219684,2023-11-23,Valparaíso de Goiás,0,0.6977952,172135,19.2857142857143,66.993991,0,0,0,44.4687085714286,27.5304324285714,24.915796,30.5714285714286,9,,,,,40826,2022-10-16,5221858,Valparaiso de Goias,GO,2022,42
1665273600000,202241,20.0,20,20,20,0.86913884,11.618788,0,1,522185820224119684,2023-11-23,Valparaíso de Goiás,0,1.4710282,172135,18.7142857142857,64.3749081428571,0,0,1,46.136526,29.3426358571429,24.6547617142857,30.2857142857143,11,,,,,40826,2022-10-09,5221858,Valparaiso de Goias,GO,2022,41
1664668800000,202240,19.0,19,19,19,0.96215445,11.037848,0,1,522185820224019684,2023-11-23,Valparaíso de Goiás,0,1.9567187,172135,19.8571428571429,81.5691865714286,0,1,1,64.9166772857143,45.6374,22.9918831428571,27.0,8,,,,,40826,2022-10-02,5221858,Valparaiso de Goias,GO,2022,40
1664064000000,202239,16.0,16,16,16,0.85614604,9.29503,0,1,522185820223919684,2023-11-23,Valparaíso de Goiás,0,1.5065819,172135,18.8571428571429,86.7825357142857,0,0,0,64.6520471428571,42.8540258571429,23.5778388571429,28.0,7,,,,,40826,2022-09-25,5221858,Valparaiso de Goias,GO,2022,39
1663459200000,202238,4.0,4,4,4,0.00769529,2.3237574,0,1,522185820223819684,2023-11-23,Valparaíso de Goiás,0,0.29342127,172135,19.5714285714286,87.0378442857143,0,0,0,75.3965907142857,57.6158354285714,21.9340491428571,26.0,2,,,,,40826,2022-09-18,5221858,Valparaiso de Goias,GO,2022,38
1662854400000,202237,9.0,9,9,9,0.1831272,5.2284546,0,1,522185820223719684,2023-11-23,Valparaíso de Goiás,0,0.68387777,172135,17.5714285714286,64.9366548571429,0,0,0,43.0064551428571,26.1892998571429,23.4399585714286,29.4285714285714,9,,,,,40826,2022-09-11,5221858,Valparaiso de Goias,GO,2022,37
1662249600000,202236,18.0,18,18,18,0.9182873,10.456909,0,1,522185820223619684,2023-11-23,Valparaíso de Goiás,0,1.6843029,172135,14.4285714285714,67.5492405714286,0,0,1,41.9576865714286,21.892369,22.5362314285714,29.7142857142857,6,,,,,40826,2022-09-04,5221858,Valparaiso de Goias,GO,2022,36
1661644800000,202235,15.0,15,15,15,0.8192361,8.71409,0,1,522185820223519684,2023-11-23,Valparaíso de Goiás,0,1.4310504,172135,13.4285714285714,69.280637,0,0,0,49.9762477142857,33.2029888571429,19.3575757142857,25.0,8,,,,,40826,2022-08-28,5221858,Valparaiso de Goias,GO,2022,35
1661040000000,202234,7.0,7,7,7,0.08344447,4.0665755,0,1,522185820223419684,2023-11-23,Valparaíso de Goiás,0,0.53833866,172135,13.5714285714286,72.683668,0,0,0,50.569373,33.1938754285714,19.5404452857143,25.1428571428571,5,,,,,40826,2022-08-21,5221858,Valparaiso de Goias,GO,2022,34
1660435200000,202233,11.0,11,11,11,0.14132282,6.390333,0,1,522185820223319684,2023-11-23,Valparaíso de Goiás,0,0.66536367,172135,14.8571428571429,73.5639842857143,0,0,0,50.4622805714286,32.8632422857143,20.7673075714286,26.2857142857143,5,,,,,40826,2022-08-14,5221858,Valparaiso de Goias,GO,2022,33
1659830400000,202232,10.0,10,10,10,0.084723406,5.809394,0,1,522185820223219684,2023-11-23,Valparaíso de Goiás,0,0.58876044,172135,14.0,74.8994007142857,0,0,0,47.8615458571429,27.7368811428571,21.470238,29.1428571428571,6,,,,,40826,2022-08-07,5221858,Valparaiso de Goias,GO,2022,32
1659225600000,202231,20.0,20,20,20,0.80164087,11.618788,0,1,522185820223119684,2023-11-23,Valparaíso de Goiás,0,1.3288418,172135,13.4285714285714,76.0803137142857,0,0,1,52.1349268571429,31.9962834285714,19.8380951428571,26.1428571428571,10,,,,,40826,2022-07-31,5221858,Valparaiso de Goias,GO,2022,31
1658620800000,202230,20.0,20,20,20,0.6681789,11.618788,0,1,522185820223019684,2023-11-23,Valparaíso de Goiás,0,1.1512718,172135,12.4285714285714,78.6261435714286,0,0,1,54.0497742857143,30.9571408571429,19.095798,26.1428571428571,12,,,,,40826,2022-07-24,5221858,Valparaiso de Goias,GO,2022,30
1658016000000,202229,12.0,12,12,12,0.008892978,6.9712725,0,1,522185820222919684,2023-11-23,Valparaíso de Goiás,0,0.4557718,172135,12.5714285714286,80.6108865714286,0,0,0,58.6534278571429,39.1537008571429,18.5440477142857,24.5714285714286,6,,,,,40826,2022-07-17,5221858,Valparaiso de Goias,GO,2022,29
1657411200000,202228,11.0,11,11,11,5.5227e-05,6.390333,0,1,522185820222819684,2023-11-23,Valparaíso de Goiás,0,0.29929376,172135,11.0,86.75139,0,0,0,62.5207772857143,38.6839828571429,17.5059522857143,24.1428571428571,4,,,,,40826,2022-07-10,5221858,Valparaiso de Goias,GO,2022,28
1656806400000,202227,28.0,28,28,28,0.032339998,16.266302,0,1,522185820222719684,2023-11-23,Valparaíso de Goiás,2,0.6442137,172135,12.1428571428571,82.89579,0,0,1,61.0753394285714,39.6007082857143,18.2591992857143,24.7142857142857,20,,,,,40826,2022-07-03,5221858,Valparaiso de Goias,GO,2022,27
1656201600000,202226,37.0,37,37,37,0.17780693,21.494757,0,1,522185820222619684,2023-11-23,Valparaíso de Goiás,1,0.8161965,172135,11.0,85.1387,0,0,1,58.8449532857143,34.3125784285714,18.4954482857143,25.7142857142857,22,,,,,40826,2022-06-26,5221858,Valparaiso de Goias,GO,2022,26
1655596800000,202225,50.0,50,50,50,0.5939958,29.046968,0,1,522185820222519684,2023-11-23,Valparaíso de Goiás,2,1.0491029,172135,13.2857142857143,82.0726174285714,0,0,1,59.0751315714286,38.3953017142857,19.625,25.4285714285714,29,,,,,40826,2022-06-19,5221858,Valparaiso de Goias,GO,2022,25
1654992000000,202224,43.0,43,43,43,0.25050706,24.980392,0,1,522185820222419684,2023-11-23,Valparaíso de Goiás,0,0.869781,172135,15.0,85.588163,0,0,1,62.9264948571429,40.3096182857143,20.4821425714286,26.7142857142857,28,,,,,40826,2022-06-12,5221858,Valparaiso de Goias,GO,2022,24
1654387200000,202223,44.0,44,44,44,0.4327894,25.561333,0,1,522185820222319684,2023-11-23,Valparaíso de Goiás,5,0.9650224,172135,13.5714285714286,85.4172108571429,0,0,1,66.5823192857143,46.0246508571429,18.5127551428571,24.0,27,,,,,40826,2022-06-05,5221858,Valparaiso de Goias,GO,2022,23
1653782400000,202222,60.0,60,60,60,0.94677955,34.85636,0,1,522185820222219684,2023-11-23,Valparaíso de Goiás,6,1.3741401,172135,12.1428571428571,81.9714232857143,0,0,1,56.3103858571429,31.9399344285714,19.6437072857143,27.4285714285714,36,,,,,40826,2022-05-29,5221858,Valparaiso de Goias,GO,2022,22
1653177600000,202221,43.0,43,43,43,0.24438275,24.980392,0,1,522185820222119684,2023-11-23,Valparaíso de Goiás,2,0.8664128,172135,12.5714285714286,87.08086,0,0,1,61.4327034285714,37.2640028571429,19.1617965714286,25.7142857142857,25,,,,,40826,2022-05-22,5221858,Valparaiso de Goias,GO,2022,21
1652572800000,202220,35.0,35,35,35,0.005823876,20.332878,0,1,522185820222019684,2023-11-23,Valparaíso de Goiás,3,0.59080285,172135,11.8571428571429,84.4952805714286,0,0,1,62.9035674285714,36.2579531428571,17.3392857142857,23.8571428571429,18,,,,,40826,2022-05-15,5221858,Valparaiso de Goias,GO,2022,20
1651968000000,202219,52.0,52,52,52,0.015714118,30.208847,0,1,522185820221919684,2023-11-23,Valparaíso de Goiás,1,0.68232936,172135,16.1428571428571,89.6756457142857,0,0,1,65.2229281428571,43.6238678571429,21.5833334285714,26.7142857142857,25,,,,,40826,2022-05-08,5221858,Valparaiso de Goias,GO,2022,19
1651363200000,202218,59.0,59,59,59,4.26233e-05,34.275425,0,1,522185820221819684,2023-11-23,Valparaíso de Goiás,6,0.53891456,172135,17.1428571428571,88.1557562857143,0,0,1,67.6145771428571,49.3507055714286,22.2571428571429,27.0,24,,,,,40826,2022-05-01,5221858,Valparaiso de Goias,GO,2022,18
1650758400000,202217,62.0,62,62,62,2e-09,36.01824,0,1,522185820221719684,2023-11-23,Valparaíso de Goiás,2,0.42633295,172135,17.2857142857143,86.0567122857143,0,0,1,66.4426838571429,42.8870952857143,22.236472,27.4285714285714,31,,,,,40826,2022-04-24,5221858,Valparaiso de Goias,GO,2022,17
1650153600000,202216,101.0,101,101,101,0.000195445,58.674877,0,1,522185820221619684,2023-11-23,Valparaíso de Goiás,4,0.6404003,172135,16.1428571428571,89.7645371428571,0,0,1,64.1034552857143,40.3803115714286,22.3747414285714,28.1428571428571,46,,,,,40826,2022-04-17,5221858,Valparaiso de Goias,GO,2022,16
1649548800000,202215,170.0,170,170,170,0.9241306,98.7597,0,4,522185820221519684,2023-11-23,Valparaíso de Goiás,6,1.1754768,172135,19.4285714285714,93.2098842857143,1,0,2,74.8484662857143,50.8316565714286,23.1062924285714,28.4285714285714,90,,,,,40826,2022-04-10,5221858,Valparaiso de Goias,GO,2022,15
1648944000000,202214,170.0,170,170,170,0.99779046,98.7597,0,4,522185820221419684,2023-11-23,Valparaíso de Goiás,5,1.3983077,172135,17.2857142857143,87.3265614285714,0,1,2,63.44131,44.125536,23.2321428571429,28.4285714285714,93,,,,,40826,2022-04-03,5221858,Valparaiso de Goias,GO,2022,14
1648339200000,202213,151.0,151,151,151,0.99903685,87.72185,0,3,522185820221319684,2023-11-23,Valparaíso de Goiás,0,1.4816067,172135,18.4285714285714,84.3402228571429,0,1,2,59.8388778571429,36.4468214285714,24.3579401428571,30.0,97,,,,,40826,2022-03-27,5221858,Valparaiso de Goias,GO,2022,13
1647734400000,202212,117.0,117,117,117,0.98677564,67.96991,0,3,522185820221219684,2023-11-23,Valparaíso de Goiás,1,1.3677613,172135,18.0,90.6027648571429,0,1,1,66.8086637142857,43.0196412857143,23.4200681428571,28.8571428571429,77,,,,,40826,2022-03-20,5221858,Valparaiso de Goias,GO,2022,12
1647129600000,202211,99.0,99,99,99,0.99565613,57.512997,0,3,522185820221119684,2023-11-23,Valparaíso de Goiás,2,1.5104586,172135,19.7142857142857,96.6082785714286,1,1,1,79.7926615714286,57.9405338571429,22.5005102857143,26.7142857142857,71,,,,,40826,2022-03-13,5221858,Valparaiso de Goias,GO,2022,11
1646524800000,202210,91.0,91,91,91,0.9999654,52.865482,0,1,522185820221019684,2023-11-23,Valparaíso de Goiás,1,2.0148132,172135,18.7142857142857,88.2747214285714,0,1,1,68.221165,45.3070775714286,23.2678571428571,28.2857142857143,62,,,,,40826,2022-03-06,5221858,Valparaiso de Goias,GO,2022,10
1645920000000,202209,70.0,70,70,70,0.9997463,40.665756,0,1,522185820220919684,2023-11-23,Valparaíso de Goiás,2,2.0067277,172135,17.8571428571429,91.4735677142857,0,1,1,72.9869754285714,47.0274331428571,22.3637684285714,28.0,50,,,,,40826,2022-02-27,5221858,Valparaiso de Goias,GO,2022,9
1645315200000,202208,35.0,35,35,35,0.5410518,20.332878,0,2,522185820220819684,2023-11-23,Valparaíso de Goiás,0,1.0249511,172135,18.8571428571429,95.6832957142857,1,0,1,77.1322252857143,54.3417425714286,22.6666665714286,27.2857142857143,13,,,,,40826,2022-02-20,5221858,Valparaiso de Goias,GO,2022,8
1644710400000,202207,30.0,30,30,30,0.17428474,17.42818,0,2,522185820220719684,2023-11-23,Valparaíso de Goiás,0,0.7967236,172135,19.0,98.3242914285714,1,0,1,85.8533042857143,64.1374115714286,21.3015871428571,25.2857142857143,9,,,,,40826,2022-02-13,5221858,Valparaiso de Goias,GO,2022,7
1644105600000,202206,36.0,36,36,36,0.2541684,20.913818,0,1,522185820220619684,2023-11-23,Valparaíso de Goiás,3,0.8612411,172135,19.5714285714286,94.1018757142857,1,0,1,81.1187141428571,61.4136694285714,21.8537782857143,25.1428571428571,12,,,,,40826,2022-02-06,5221858,Valparaiso de Goias,GO,2022,6
1643500800000,202205,32.0,32,32,32,0.17216095,18.59006,0,1,522185820220519684,2023-11-23,Valparaíso de Goiás,1,0.80064803,172135,19.2857142857143,94.0717157142857,1,0,1,76.8378707142857,55.116085,22.8452382857143,27.4285714285714,17,,,,,40826,2022-01-30,5221858,Valparaiso de Goias,GO,2022,5
1642896000000,202204,50.0,50,50,50,0.9715877,29.046968,0,3,522185820220419684,2023-11-23,Valparaíso de Goiás,1,1.523558,172135,19.2857142857143,88.4009338571429,0,1,1,68.8524324285714,42.3662232857143,23.329365,27.7142857142857,31,,,,,40826,2022-01-23,5221858,Valparaiso de Goias,GO,2022,4
1642291200000,202203,43.0,43,43,43,0.9950981,24.980392,0,3,522185820220319684,2023-11-23,Valparaíso de Goiás,1,1.9175892,172135,19.0,84.439927,0,1,1,60.8991127142857,38.1223407142857,24.0661762857143,28.8571428571429,32,,,,,40826,2022-01-16,5221858,Valparaiso de Goias,GO,2022,3
1641686400000,202202,30.0,30,30,30,0.99931043,17.42818,0,1,522185820220219684,2023-11-23,Valparaíso de Goiás,1,2.9012725,172135,18.2857142857143,95.7747814285714,1,1,1,81.8159628571428,62.0994928571429,21.529762,25.4285714285714,17,,,,,40826,2022-01-09,5221858,Valparaiso de Goias,GO,2022,2
1641081600000,202201,32.0,32,32,32,0.9999922,18.59006,0,1,522185820220119684,2023-11-23,Valparaíso de Goiás,2,4.8394923,172135,19.4285714285714,97.4365414285714,1,1,1,84.7637071428571,65.0754605714286,21.9415975714286,25.7142857142857,16,,,,,40826,2022-01-02,5221858,Valparaiso de Goias,GO,2022,1
1640476800000,202152,0.0,0,0,0,0.0,0.0,0,1,522185820215219684,2023-11-23,Valparaíso de Goiás,0,0.0,172135,19.2857142857143,96.5631842857143,0,0,0,83.1031221428571,64.7107498571429,21.7639754285714,24.8571428571429,0,,,,,40826,2021-12-26,5221858,Valparaiso de Goias,GO,2021,52
1639872000000,202151,0.0,0,0,0,0.0,0.0,0,1,522185820215119684,2023-11-23,Valparaíso de Goiás,1,0.0,172135,19.2857142857143,99.1455371428571,0,0,0,83.8618135714286,60.7938734285714,22.1863351428571,26.2857142857143,0,,,,,40826,2021-12-19,5221858,Valparaiso de Goias,GO,2021,51
1639267200000,202150,17.0,17,17,17,0.61178744,9.87597,0,2,522185820215019684,2023-11-23,Valparaíso de Goiás,5,1.1035738,172135,19.5714285714286,98.2847528571429,1,0,1,83.3876711428571,61.1714955714286,22.3749294285714,26.7142857142857,17,,,,,40826,2021-12-12,5221858,Valparaiso de Goias,GO,2021,50
1638662400000,202149,13.0,13,13,13,0.3585408,7.5522118,0,2,522185820214919684,2023-11-23,Valparaíso de Goiás,4,0.87340784,172135,19.2857142857143,96.5631842857143,1,0,0,80.2377128571429,55.6742594285714,22.5274328571429,27.2857142857143,12,,,,,40826,2021-12-05,5221858,Valparaiso de Goias,GO,2021,49
1638057600000,202148,15.0,15,15,15,0.77720016,8.71409,0,2,522185820214819684,2023-11-23,Valparaíso de Goiás,0,1.3431975,172135,19.4285714285714,96.6515714285714,1,0,0,81.5217685714286,56.1278164285714,22.835686,27.1428571428571,15,,,,,40826,2021-11-28,5221858,Valparaiso de Goias,GO,2021,48
1637452800000,202147,20.0,20,20,20,0.9943965,11.618788,0,2,522185820214719684,2023-11-23,Valparaíso de Goiás,0,2.762926,172135,19.1428571428571,95.8185,1,1,1,71.9879885714286,45.4034822857143,23.8032182857143,29.1428571428571,20,,,,,40826,2021-11-21,5221858,Valparaiso de Goias,GO,2021,47
1636848000000,202146,9.0,9,9,9,0.87978834,5.2284546,0,2,522185820214619684,2023-11-23,Valparaíso de Goiás,0,1.8724151,172135,18.8571428571429,99.1392157142857,1,0,0,86.6335664285714,67.6370247142857,21.0626762857143,24.5714285714286,9,,,,,40826,2021-11-14,5221858,Valparaiso de Goias,GO,2021,46
1636243200000,202145,7.0,7,7,7,0.887808,4.0665755,0,1,522185820214519684,2023-11-23,Valparaíso de Goiás,1,2.1178482,172135,19.7142857142857,96.5695057142857,1,0,0,83.8560065714286,63.9031078571429,21.916996,25.7142857142857,7,,,,,40826,2021-11-07,5221858,Valparaiso de Goias,GO,2021,45
1635638400000,202144,4.0,4,4,4,0.7761777,2.3237574,0,1,522185820214419684,2023-11-23,Valparaíso de Goiás,0,1.7838985,172135,19.1428571428571,94.9049228571429,1,0,0,79.0485935714286,57.034604,22.2845851428571,26.5714285714286,3,,,,,40826,2021-10-31,5221858,Valparaiso de Goias,GO,2021,44
1635033600000,202143,4.0,4,4,4,0.7896226,2.3237574,0,1,522185820214319684,2023-11-23,Valparaíso de Goiás,0,1.857191,172135,19.7142857142857,87.2303314285714,0,0,0,65.7627388571429,42.7663114285714,24.1959345714286,29.7142857142857,2,,,,,40826,2021-10-24,5221858,Valparaiso de Goias,GO,2021,43
1634428800000,202142,1.0,1,1,1,0.1637809,0.58093935,0,1,522185820214219684,2023-11-23,Valparaíso de Goiás,0,0.38311815,172135,19.1428571428571,92.4420505714286,1,0,0,72.9548801428571,49.7485974285714,23.406469,28.4285714285714,0,,,,,40826,2021-10-17,5221858,Valparaiso de Goias,GO,2021,42
1633824000000,202141,2.0,2,2,2,0.30410033,1.1618787,0,1,522185820214119684,2023-11-23,Valparaíso de Goiás,0,0.654637,172135,19.5714285714286,93.2596742857143,1,0,0,73.6615957142857,49.1899128571429,23.391634,28.8571428571429,0,,,,,40826,2021-10-10,5221858,Valparaiso de Goias,GO,2021,41
1633219200000,202140,3.0,3,3,3,0.27361968,1.7428181,0,1,522185820214019684,2023-11-23,Valparaíso de Goiás,0,0.6581628,172135,20.0,76.1088971428571,0,0,0,50.1387944285714,26.7316421428571,26.4464288571429,33.0,0,,,,,40826,2021-10-03,5221858,Valparaiso de Goias,GO,2021,40
1632614400000,202139,3.0,3,3,3,0.061670814,1.7428181,0,1,522185820213919684,2023-11-23,Valparaíso de Goiás,0,0.38653097,172135,19.1428571428571,78.4010768571429,0,0,0,55.5234057142857,34.1598694285714,24.5157865714286,30.2857142857143,0,,,,,40826,2021-09-26,5221858,Valparaiso de Goias,GO,2021,39
1632009600000,202138,2.0,2,2,2,0.00426623,1.1618787,0,1,522185820213819684,2023-11-23,Valparaíso de Goiás,0,0.1901348,172135,18.1428571428571,66.7016934285714,0,0,0,42.6825678571429,24.1409134285714,25.714286,33.0,0,,,,,40826,2021-09-19,5221858,Valparaiso de Goias,GO,2021,38
1631404800000,202137,9.0,9,9,9,0.22500667,5.2284546,0,1,522185820213719684,2023-11-23,Valparaíso de Goiás,0,0.72460854,172135,16.1428571428571,59.2610882857143,0,0,0,34.514394,17.1883684285714,24.92029,32.1428571428571,3,,,,,40826,2021-09-12,5221858,Valparaiso de Goias,GO,2021,37
1630800000000,202136,12.0,12,12,12,0.3684613,6.9712725,0,1,522185820213619684,2023-11-23,Valparaíso de Goiás,0,0.8775774,172135,16.5714285714286,64.8095248571429,0,0,0,37.2584027142857,17.8000632857143,25.5155277142857,33.4285714285714,4,,,,,40826,2021-09-05,5221858,Valparaiso de Goias,GO,2021,36
1630195200000,202135,10.0,10,10,10,0.27886948,5.809394,0,1,522185820213519684,2023-11-23,Valparaíso de Goiás,0,0.7848755,172135,15.7142857142857,73.0531564285714,0,0,0,49.6873562857143,28.6732232857143,22.1380345714286,28.7142857142857,6,,,,,40826,2021-08-29,5221858,Valparaiso de Goias,GO,2021,35
1629590400000,202134,18.0,18,18,18,0.84513074,10.456909,0,1,522185820213419684,2023-11-23,Valparaíso de Goiás,1,1.4418192,172135,14.2857142857143,71.4570802857143,0,0,1,44.6969774285714,24.613081,22.5527948571429,30.0,6,,,,,40826,2021-08-22,5221858,Valparaiso de Goias,GO,2021,34
1628985600000,202133,12.0,12,12,12,0.3500923,6.9712725,0,1,522185820213319684,2023-11-23,Valparaíso de Goiás,0,0.8615457,172135,12.7142857142857,74.385162,0,0,0,46.1761064285714,26.1762268571429,20.7950314285714,27.8571428571429,5,,,,,40826,2021-08-15,5221858,Valparaiso de Goias,GO,2021,33
1628380800000,202132,8.0,8,8,8,0.06535783,4.647515,0,1,522185820213219684,2023-11-23,Valparaíso de Goiás,1,0.53100866,172135,12.1428571428571,79.8900945714286,0,0,0,50.8448611428571,27.7660268571429,20.2732914285714,27.5714285714286,2,,,,,40826,2021-08-08,5221858,Valparaiso de Goias,GO,2021,32
1627776000000,202131,20.0,20,20,20,0.6332293,11.618788,0,1,522185820213119684,2023-11-23,Valparaíso de Goiás,1,1.115633,172135,13.5714285714286,76.406646,0,0,1,55.1886467142857,36.0426724285714,19.2289665714286,24.7142857142857,11,,,,,40826,2021-08-01,5221858,Valparaiso de Goias,GO,2021,31
1627171200000,202130,9.0,9,9,9,0.021788737,5.2284546,0,1,522185820213019684,2023-11-23,Valparaíso de Goiás,0,0.46201202,172135,10.5714285714286,75.366805,0,0,0,49.8458544285714,31.1257135714286,18.7826088571429,26.7142857142857,3,,,,,40826,2021-07-25,5221858,Valparaiso de Goias,GO,2021,30
1626566400000,202129,20.0,20,20,20,0.6380269,11.618788,0,1,522185820212919684,2023-11-23,Valparaíso de Goiás,0,1.1203536,172135,12.7142857142857,74.9124467142857,0,0,1,51.354167,31.2764212857143,19.6708077142857,26.2857142857143,14,,,,,40826,2021-07-18,5221858,Valparaiso de Goias,GO,2021,29
1625961600000,202128,24.0,24,24,24,0.86651534,13.942545,0,1,522185820212819684,2023-11-23,Valparaíso de Goiás,0,1.413121,172135,10.1428571428571,84.1847835714286,0,0,1,56.1268215714286,31.4361722857143,18.5222565714286,26.1428571428571,11,,,,,40826,2021-07-11,5221858,Valparaiso de Goias,GO,2021,28
1625356800000,202127,15.0,15,15,15,0.29862204,8.71409,0,1,522185820212719684,2023-11-23,Valparaíso de Goiás,4,0.83358264,172135,9.28571428571429,84.98449,0,0,0,55.942113,29.4734464285714,17.5155282857143,25.2857142857143,6,,,,,40826,2021-07-04,5221858,Valparaiso de Goias,GO,2021,27
1624752000000,202126,16.0,16,16,16,0.25329843,9.29503,0,1,522185820212619684,2023-11-23,Valparaíso de Goiás,0,0.80277437,172135,10.8571428571429,83.5715771428571,0,0,0,59.7952774285714,37.5027352857143,17.5344437142857,24.1428571428571,9,,,,,40826,2021-06-27,5221858,Valparaiso de Goias,GO,2021,26
1624147200000,202125,19.0,19,19,19,0.26085794,11.037848,0,1,522185820212519684,2023-11-23,Valparaíso de Goiás,0,0.8220351,172135,13.0,87.7259265714286,0,0,1,60.1422724285714,32.6517378571429,19.931112,26.8571428571429,10,,,,,40826,2021-06-20,5221858,Valparaiso de Goias,GO,2021,25
1623542400000,202124,18.0,18,18,18,0.14654173,10.456909,0,1,522185820212419684,2023-11-23,Valparaíso de Goiás,2,0.72591877,172135,14.2857142857143,86.6938714285714,0,0,1,64.0337278571428,43.005393,19.9184782857143,25.2857142857143,9,,,,,40826,2021-06-13,5221858,Valparaiso de Goias,GO,2021,24
1622937600000,202123,23.0,23,23,23,0.5854963,13.361606,0,1,522185820212319684,2023-11-23,Valparaíso de Goiás,11,1.0662127,172135,15.0,88.7808271428571,0,0,1,67.8732564285714,45.2684524285714,20.0833335714286,25.8571428571429,16,,,,,40826,2021-06-06,5221858,Valparaiso de Goias,GO,2021,23
1622332800000,202122,30.0,30,30,30,0.9725339,17.42818,0,1,522185820212219684,2023-11-23,Valparaíso de Goiás,3,1.7605923,172135,14.0,87.9087857142857,0,1,1,63.6846164285714,37.631327,20.5736282857143,27.2857142857143,14,,,,,40826,2021-05-30,5221858,Valparaiso de Goias,GO,2021,22
1621728000000,202121,23.0,23,23,23,0.87483174,13.361606,0,1,522185820212119684,2023-11-23,Valparaíso de Goiás,0,1.4442447,172135,16.7142857142857,92.2280257142857,0,0,1,67.7113187142857,42.8719665714286,22.375,28.4285714285714,16,,,,,40826,2021-05-23,5221858,Valparaiso de Goias,GO,2021,21
1621123200000,202120,12.0,12,12,12,0.19104356,6.9712725,0,1,522185820212019684,2023-11-23,Valparaíso de Goiás,1,0.72308695,172135,13.0,91.2107414285714,0,0,0,62.314748,35.1850972857143,20.4761905714286,27.1428571428571,4,,,,,40826,2021-05-16,5221858,Valparaiso de Goias,GO,2021,20
1620518400000,202119,17.0,17,17,17,0.5644145,9.87597,0,1,522185820211919684,2023-11-23,Valparaíso de Goiás,0,1.0572761,172135,14.1428571428571,88.6733928571429,0,0,1,64.3450831428571,41.1646547142857,20.125,25.7142857142857,1,,,,,40826,2021-05-09,5221858,Valparaiso de Goias,GO,2021,19
1619913600000,202118,16.0,16,16,16,0.6508097,9.29503,0,1,522185820211819684,2023-11-23,Valparaíso de Goiás,3,1.1501688,172135,14.5714285714286,88.9441585714286,0,0,0,67.5060581428571,42.5059274285714,20.4880954285714,26.1428571428571,4,,,,,40826,2021-05-02,5221858,Valparaiso de Goias,GO,2021,18
1619308800000,202117,20.0,20,20,20,0.93552905,11.618788,0,1,522185820211719684,2023-11-23,Valparaíso de Goiás,2,1.7201577,172135,17.5714285714286,95.7048842857143,0,0,1,77.3551394285714,54.2797311428571,21.5520185714286,25.8571428571429,12,,,,,40826,2021-04-25,5221858,Valparaiso de Goias,GO,2021,17
1618704000000,202116,10.0,10,10,10,0.6582799,5.809394,0,1,522185820211619684,2023-11-23,Valparaíso de Goiás,0,1.2053132,172135,15.2857142857143,93.89014,0,0,0,73.4630407142857,50.37927,19.9399095714286,25.1428571428571,4,,,,,40826,2021-04-18,5221858,Valparaiso de Goias,GO,2021,16
1618099200000,202115,16.0,16,16,16,0.98921806,9.29503,0,1,522185820211519684,2023-11-23,Valparaíso de Goiás,0,2.7956474,172135,16.2857142857143,89.7070257142857,0,0,0,67.434619,43.7768872857143,21.7261905714286,27.2857142857143,8,,,,,40826,2021-04-11,5221858,Valparaiso de Goias,GO,2021,15
1617494400000,202114,6.0,6,6,6,0.5968588,3.4856362,0,1,522185820211419684,2023-11-23,Valparaíso de Goiás,1,1.1517359,172135,18.2857142857143,94.8571971428571,1,0,0,79.5558544285714,59.3112671428571,21.1607142857143,25.2857142857143,4,,,,,40826,2021-04-04,5221858,Valparaiso de Goias,GO,2021,14
1616889600000,202113,5.0,5,5,5,0.18315746,2.904697,0,1,522185820211319684,2023-11-23,Valparaíso de Goiás,0,0.6130313,172135,17.7142857142857,89.8154948571429,0,0,0,64.6507262857143,40.2301368571429,23.504348,29.4285714285714,4,,,,,40826,2021-03-28,5221858,Valparaiso de Goias,GO,2021,13
1616284800000,202112,5.0,5,5,5,0.023959925,2.904697,0,1,522185820211219684,2023-11-23,Valparaíso de Goiás,1,0.3831203,172135,16.4285714285714,88.9287742857143,0,0,0,63.8930594285714,38.4806095714286,22.3869045714286,28.1428571428571,1,,,,,40826,2021-03-21,5221858,Valparaiso de Goias,GO,2021,12
1615680000000,202111,2.0,2,2,2,0.0006550392,1.1618787,0,2,522185820211119684,2023-11-23,Valparaíso de Goiás,1,0.14778213,172135,19.2857142857143,96.54408,1,0,0,81.2212574285714,61.589928,21.7251725714286,25.2857142857143,1,,,,,40826,2021-03-14,5221858,Valparaiso de Goias,GO,2021,11
1615075200000,202110,21.0,21,21,21,0.96357006,12.199727,0,2,522185820211019684,2023-11-23,Valparaíso de Goiás,5,1.8983264,172135,19.4285714285714,94.0377471428571,1,1,1,80.3793621428571,57.9639117142857,21.9704968571429,26.4285714285714,13,,,,,40826,2021-03-07,5221858,Valparaiso de Goias,GO,2021,10
1614470400000,202109,14.0,14,14,14,0.8188518,8.133151,0,2,522185820210919684,2023-11-23,Valparaíso de Goiás,1,1.4493105,172135,18.2857142857143,93.20218,1,0,0,76.8389297142857,60.481756,21.7889851428571,25.4285714285714,6,,,,,40826,2021-02-28,5221858,Valparaiso de Goias,GO,2021,9
1613865600000,202108,9.0,9,9,9,0.48296246,5.2284546,0,2,522185820210819684,2023-11-23,Valparaíso de Goiás,1,0.980607,172135,19.0,95.7024,1,0,0,85.4754722857143,68.6904364285714,21.0818558571429,24.8571428571429,2,,,,,40826,2021-02-21,5221858,Valparaiso de Goias,GO,2021,8
1613260800000,202107,10.0,10,10,10,0.6599361,5.809394,0,2,522185820210719684,2023-11-23,Valparaíso de Goiás,0,1.2079262,172135,19.8571428571429,97.43029,1,0,0,87.0259122857143,67.941441,21.5729814285714,25.7142857142857,7,,,,,40826,2021-02-14,5221858,Valparaiso de Goias,GO,2021,7
1612656000000,202106,9.0,9,9,9,0.6244672,5.2284546,0,1,522185820210619684,2023-11-23,Valparaíso de Goiás,0,1.1635427,172135,18.8571428571429,95.7417291428571,1,0,0,84.8033824285714,67.4999421428571,21.139234,25.1428571428571,6,,,,,40826,2021-02-07,5221858,Valparaiso de Goias,GO,2021,6
1612051200000,202105,10.0,10,10,10,0.5367228,5.809394,0,1,522185820210519684,2023-11-23,Valparaíso de Goiás,1,1.0416089,172135,19.7142857142857,90.0852285714286,1,0,0,74.4659757142857,54.7082732857143,23.2533314285714,27.5714285714286,4,,,,,40826,2021-01-31,5221858,Valparaiso de Goias,GO,2021,5
1611446400000,202104,4.0,4,4,4,0.021977106,2.3237574,0,1,522185820210419684,2023-11-23,Valparaíso de Goiás,0,0.34639856,172135,18.2857142857143,84.5731074285714,0,0,0,63.7151582857143,43.7780817142857,23.1924601428571,28.1428571428571,1,,,,,40826,2021-01-24,5221858,Valparaiso de Goias,GO,2021,4
1610841600000,202103,10.0,10,10,10,0.4912847,5.809394,0,1,522185820210319684,2023-11-23,Valparaíso de Goiás,1,0.990499,172135,17.8571428571429,91.6025291428571,0,0,0,65.5975597142857,43.1606454285714,23.3387445714286,28.1428571428571,1,,,,,40826,2021-01-17,5221858,Valparaiso de Goias,GO,2021,3
1610236800000,202102,14.0,14,14,14,0.9548608,8.133151,0,1,522185820210219684,2023-11-23,Valparaíso de Goiás,0,2.1321669,172135,19.5714285714286,96.5695057142857,1,0,0,81.7848205714286,60.8395625714286,22.154729,26.5714285714286,7,,,,,40826,2021-01-10,5221858,Valparaiso de Goias,GO,2021,2
1609632000000,202101,13.0,13,13,13,0.9676591,7.5522118,0,1,522185820210119684,2023-11-23,Valparaíso de Goiás,0,2.413736,172135,19.1428571428571,91.5289014285714,1,0,0,73.1375412857143,47.3362918571429,23.405538,28.7142857142857,7,,,,,40826,2021-01-03,5221858,Valparaiso de Goias,GO,2021,1
1609027200000,202053,6.0,6,6,6,0.4841033,3.4856362,0,1,522185820205319589,2023-08-20,Valparaíso de Goiás,0,0.9781353,172135,19.0,88.269605,0,0,1,70.346973,43.828385,22.625,29.0,1,,,,,40826,2020-12-27,5221858,Valparaiso de Goias,GO,2020,53
1608422400000,202052,4.0,4,4,4,0.31788954,2.3237574,0,1,522185820205219589,2023-08-20,Valparaíso de Goiás,0,0.74290395,172135,19.08,89.18544416,0,0,0,,,,,3,,,,,40826,2020-12-20,5221858,Valparaiso de Goias,GO,2020,52
1607817600000,202051,9.0,9,9,9,0.90091854,5.2284546,0,2,522185820205119589,2023-08-20,Valparaíso de Goiás,0,2.0122588,172135,19.16,90.10128332,1,0,1,,,,,5,,,,,40826,2020-12-13,5221858,Valparaiso de Goias,GO,2020,51
1607212800000,202050,4.0,4,4,4,0.46919122,2.3237574,0,2,522185820205019589,2023-08-20,Valparaíso de Goiás,0,0.9500206,172135,19.24,91.01712248,1,0,0,,,,,2,,,,,40826,2020-12-06,5221858,Valparaiso de Goias,GO,2020,50
1606608000000,202049,5.0,5,5,5,0.4846521,2.904697,0,2,522185820204919589,2023-08-20,Valparaíso de Goiás,0,0.9770544,172135,19.32,91.93296164,1,0,0,,,,,3,,,,,40826,2020-11-29,5221858,Valparaiso de Goias,GO,2020,49
1606003200000,202048,3.0,3,3,3,0.08936666,1.7428181,0,2,522185820204819589,2023-08-20,Valparaíso de Goiás,0,0.42790276,172135,19.4,92.8488008,1,0,0,76.536782,55.6382074,22.6426876,26.8,1,,,,,40826,2020-11-22,5221858,Valparaiso de Goias,GO,2020,48
1605398400000,202047,5.0,5,5,5,0.18146577,2.904697,0,2,522185820204719589,2023-08-20,Valparaíso de Goiás,0,0.6111291,172135,19.7142857142857,94.98075,1,0,0,78.051455,56.0577165714286,23.4233951428571,28.1428571428571,2,,,,,40826,2020-11-15,5221858,Valparaiso de Goias,GO,2020,47
1604793600000,202046,6.0,6,6,6,0.42480937,3.4856362,0,2,522185820204619589,2023-08-20,Valparaíso de Goiás,0,0.9019482,172135,20.1666666666667,90.4472266666667,1,0,1,74.2262956666667,48.799564,23.8993466666667,29.1666666666667,2,,,,,40826,2020-11-08,5221858,Valparaiso de Goias,GO,2020,46
1604188800000,202045,12.0,12,12,12,0.9815504,6.9712725,0,2,522185820204519589,2023-08-20,Valparaíso de Goiás,0,2.9589326,172135,19.2857142857143,94.8811542857143,1,1,1,76.4401137142857,49.5668171428571,23.0226568571429,28.4285714285714,6,,,,,40826,2020-11-01,5221858,Valparaiso de Goias,GO,2020,45
1603584000000,202044,6.0,6,6,6,0.91462255,3.4856362,0,1,522185820204419589,2023-08-20,Valparaíso de Goiás,0,2.5822814,172135,20.5714285714286,93.2780757142857,1,0,1,78.1103414285714,56.511382,23.3482968571429,27.5714285714286,3,,,,,40826,2020-10-25,5221858,Valparaiso de Goias,GO,2020,44
1602979200000,202043,4.0,4,4,4,0.7738456,2.3237574,0,1,522185820204319589,2023-08-20,Valparaíso de Goiás,0,1.7718651,172135,19.8571428571429,94.16264,1,0,0,80.1241831428571,61.2628961428571,22.5866742857143,26.5714285714286,3,,,,,40826,2020-10-18,5221858,Valparaiso de Goias,GO,2020,43
1602374400000,202042,1.0,1,1,1,0.066139,0.58093935,0,1,522185820204219589,2023-08-20,Valparaíso de Goiás,0,0.25520915,172135,20.0,86.1631828571429,0,0,0,64.3453175714286,39.6213817142857,24.7814791428571,30.7142857142857,0,,,,,40826,2020-10-11,5221858,Valparaiso de Goias,GO,2020,42
1601769600000,202041,2.0,2,2,2,0.05546599,1.1618787,0,1,522185820204119589,2023-08-20,Valparaíso de Goiás,0,0.32208416,172135,20.1428571428571,62.5708698571429,0,0,0,36.8508507142857,17.996575,28.0147517142857,35.7142857142857,1,,,,,40826,2020-10-04,5221858,Valparaiso de Goias,GO,2020,41
1601164800000,202040,2.0,2,2,2,0.042890877,1.1618787,0,1,522185820204019589,2023-08-20,Valparaíso de Goiás,0,0.3004328,172135,17.2857142857143,65.7091887142857,0,0,0,39.3952008571429,19.7423272857143,25.8045065714286,33.7142857142857,1,,,,,40826,2020-09-27,5221858,Valparaiso de Goias,GO,2020,40
1600560000000,202039,9.0,9,9,9,0.8436654,5.2284546,0,1,522185820203919589,2023-08-20,Valparaíso de Goiás,0,1.693603,172135,18.1428571428571,85.2838851428571,0,0,1,60.7414517142857,36.3818038571429,23.8338508571429,30.0,1,,,,,40826,2020-09-20,5221858,Valparaiso de Goias,GO,2020,39
1599955200000,202038,7.0,7,7,7,0.8172854,4.0665755,0,1,522185820203819589,2023-08-20,Valparaíso de Goiás,0,1.7014663,172135,17.5714285714286,62.0121022857143,0,0,1,39.6025677142857,22.710204,24.7060042857143,31.1428571428571,4,,,,,40826,2020-09-13,5221858,Valparaiso de Goias,GO,2020,38
1599350400000,202037,6.0,6,6,6,0.6212263,3.4856362,0,1,522185820203719589,2023-08-20,Valparaíso de Goiás,0,1.1965176,172135,14.5714285714286,72.0561828571429,0,0,1,42.6524082857143,21.5614704285714,23.5127751428571,31.2857142857143,4,,,,,40826,2020-09-06,5221858,Valparaiso de Goias,GO,2020,37
1598745600000,202036,2.0,2,2,2,0.03360436,1.1618787,0,1,522185820203619589,2023-08-20,Valparaíso de Goiás,0,0.28258553,172135,14.7142857142857,71.5903858571429,0,0,0,45.7134751428571,25.652764,22.6461977142857,29.8571428571429,0,,,,,40826,2020-08-30,5221858,Valparaiso de Goias,GO,2020,36
1598140800000,202035,4.0,4,4,4,0.07293988,2.3237574,0,1,522185820203519589,2023-08-20,Valparaíso de Goiás,0,0.4443569,172135,13.4285714285714,77.2957211428571,0,0,0,51.4758597142857,26.6237167142857,21.028468,28.8571428571429,2,,,,,40826,2020-08-23,5221858,Valparaiso de Goias,GO,2020,35
1597536000000,202034,9.0,9,9,9,0.25605056,5.2284546,0,1,522185820203419589,2023-08-20,Valparaíso de Goiás,0,0.75409204,172135,16.1428571428571,81.0905214285714,0,0,1,53.2130517142857,31.3650547142857,23.8683888571429,30.7142857142857,4,,,,,40826,2020-08-16,5221858,Valparaiso de Goias,GO,2020,34
1596931200000,202033,7.0,7,7,7,0.021215474,4.0665755,0,1,522185820203319589,2023-08-20,Valparaíso de Goiás,0,0.42380086,172135,14.0,80.6486957142857,0,0,1,53.8767831428571,30.1924594285714,21.3943391428571,28.4285714285714,5,,,,,40826,2020-08-09,5221858,Valparaiso de Goias,GO,2020,33
1596326400000,202032,12.0,12,12,12,0.028658675,6.9712725,0,1,522185820203219589,2023-08-20,Valparaíso de Goiás,0,0.5213922,172135,13.2857142857143,77.6079342857143,0,0,1,57.4005497142857,37.3312118571429,18.6803834285714,24.4285714285714,7,,,,,40826,2020-08-02,5221858,Valparaiso de Goias,GO,2020,32
1595721600000,202031,15.0,15,15,15,0.009227425,8.71409,0,1,522185820203119589,2023-08-20,Valparaíso de Goiás,0,0.49017414,172135,13.5714285714286,85.3140458571429,0,0,1,57.982508,32.3109621428571,20.4030982857143,27.0,4,,,,,40826,2020-07-26,5221858,Valparaiso de Goias,GO,2020,31
1595116800000,202030,22.0,22,22,22,0.009743217,12.780666,0,1,522185820203019589,2023-08-20,Valparaíso de Goiás,0,0.5478489,172135,11.4285714285714,90.687838,0,0,1,60.0307062857143,35.8624102857143,19.3062768571429,26.1428571428571,4,,,,,40826,2020-07-19,5221858,Valparaiso de Goias,GO,2020,30
1594512000000,202029,33.0,33,33,33,0.038964204,19.171,0,1,522185820202919589,2023-08-20,Valparaíso de Goiás,0,0.6760528,172135,11.4285714285714,85.074415,0,0,1,56.5115657142857,29.6686241428571,19.3206994285714,27.1428571428571,12,,,,,40826,2020-07-12,5221858,Valparaiso de Goias,GO,2020,29
1593907200000,202028,31.0,31,31,31,0.01785564,18.00912,0,1,522185820202819589,2023-08-20,Valparaíso de Goiás,0,0.6239932,172135,12.5714285714286,88.6165742857143,0,0,1,64.1549684285714,36.1689917142857,19.1090455714286,26.1428571428571,12,,,,,40826,2020-07-05,5221858,Valparaiso de Goias,GO,2020,28
1593302400000,202027,67.0,67,67,67,0.9335166,38.92294,0,1,522185820202719589,2023-08-20,Valparaíso de Goiás,0,1.3194728,172135,12.75,87.7548365,0,0,2,65.10611175,41.28447925,19.39533525,26.25,22,,,,,40826,2020-06-28,5221858,Valparaiso de Goias,GO,2020,27
1592697600000,202026,40.0,40,40,40,0.011234553,23.237576,0,1,522185820202619589,2023-08-20,Valparaíso de Goiás,0,0.6352515,172135,12.25,92.130341,0,0,1,69.42213875,42.09459375,18.24442575,26.5,17,,,,,40826,2020-06-21,5221858,Valparaiso de Goias,GO,2020,26
1592092800000,202025,54.0,54,54,54,0.0001020219,31.370726,0,1,522185820202519589,2023-08-20,Valparaíso de Goiás,0,0.54245716,172135,16.0,86.82093,0,0,1,73.9081525,52.2088125,19.16789625,24.0,16,,,,,40826,2020-06-14,5221858,Valparaiso de Goias,GO,2020,25
1591488000000,202024,44.0,44,44,44,7.771561e-16,25.561333,0,1,522185820202419589,2023-08-20,Valparaíso de Goiás,0,0.2889564,172135,14.1666666666667,93.803185,0,0,1,69.6592866666667,40.215806,20.402778,27.3333333333333,22,,,,,40826,2020-06-07,5221858,Valparaiso de Goias,GO,2020,24
1590883200000,202023,84.0,84,84,84,1e-10,48.79891,0,4,522185820202319589,2023-08-20,Valparaíso de Goiás,0,0.44727725,172135,13.8571428571429,93.724342,0,0,2,70.5141934285714,43.6918814285714,20.6309522857143,27.5714285714286,42,,,,,40826,2020-05-31,5221858,Valparaiso de Goias,GO,2020,23
1590278400000,202022,164.0,164,164,164,0.031813323,95.274055,0,4,522185820202219589,2023-08-20,Valparaíso de Goiás,0,0.8229472,172135,13.5714285714286,92.0528768571429,0,0,2,69.9062687142857,42.2619901428571,19.6904765714286,26.2857142857143,98,,,,,40826,2020-05-24,5221858,Valparaiso de Goias,GO,2020,22
1589673600000,202021,222.0,222,222,222,0.5034527,128.96854,0,4,522185820202119589,2023-08-20,Valparaíso de Goiás,0,1.0008212,172135,16.8571428571429,94.7384354285714,0,0,2,77.6645612857143,56.1353478571429,21.2797622857143,26.1428571428571,108,,,,,40826,2020-05-17,5221858,Valparaiso de Goias,GO,2020,21
1589068800000,202020,175.0,175,175,175,2.9615e-06,101.66439,0,4,522185820202019589,2023-08-20,Valparaíso de Goiás,0,0.6479246,172135,15.5714285714286,95.54601,0,0,2,77.5833255714286,54.4287637142857,20.295238,26.0,72,,,,,40826,2020-05-10,5221858,Valparaiso de Goias,GO,2020,20
1588464000000,202019,213.0,213,213,213,1.1062e-06,123.74009,0,4,522185820201919589,2023-08-20,Valparaíso de Goiás,0,0.66147995,172135,16.1428571428571,90.4847614285714,0,0,2,71.2979182857143,47.779535,21.1130954285714,26.4285714285714,116,,,,,40826,2020-05-03,5221858,Valparaiso de Goias,GO,2020,19
1587859200000,202018,254.0,254,254,254,0.0001496368,147.55861,0,4,522185820201819589,2023-08-20,Valparaíso de Goiás,0,0.7425671,172135,15.2857142857143,93.7856005714286,0,0,2,70.0920012857143,44.7584124285714,21.1964285714286,27.0,135,,,,,40826,2020-04-26,5221858,Valparaiso de Goias,GO,2020,18
1587254400000,202017,360.0,360,360,360,0.85620266,209.13818,0,4,522185820201719589,2023-08-20,Valparaíso de Goiás,0,1.0841881,172135,19.8571428571429,94.9427114285714,1,0,2,84.919722,68.5638907142857,22.0238094285714,25.4285714285714,200,,,,,40826,2020-04-19,5221858,Valparaiso de Goias,GO,2020,17
1586649600000,202016,354.0,354,354,354,0.9226897,205.65254,0,4,522185820201619589,2023-08-20,Valparaíso de Goiás,0,1.1161678,172135,19.8571428571429,94.9302085714286,1,0,2,82.8242042857143,64.168793,22.5357142857143,26.2857142857143,184,,,,,40826,2020-04-12,5221858,Valparaiso de Goias,GO,2020,16
1586044800000,202015,341.0,341,341,341,0.8840639,198.10033,0,4,522185820201519589,2023-08-20,Valparaíso de Goiás,0,1.0981966,172135,20.7142857142857,94.9730985714286,1,0,2,78.1272734285714,52.911129,24.2083331428571,29.5714285714286,206,,,,,40826,2020-04-05,5221858,Valparaiso de Goias,GO,2020,15
1585440000000,202014,296.0,296,296,296,0.33872128,171.95805,0,4,522185820201419589,2023-08-20,Valparaíso de Goiás,0,0.966688,172135,19.5714285714286,92.4085957142857,1,0,2,69.1127041428571,44.5349284285714,24.9285714285714,30.2857142857143,149,,,,,40826,2020-03-29,5221858,Valparaiso de Goias,GO,2020,14
1584835200000,202013,333.0,333,333,333,0.8439294,193.45282,0,4,522185820201319589,2023-08-20,Valparaíso de Goiás,0,1.0831336,172135,20.1428571428571,98.2973257142857,1,0,2,87.7532198571429,69.186956,22.1428571428571,26.2857142857143,126,,,,,40826,2020-03-22,5221858,Valparaiso de Goias,GO,2020,13
1584230400000,202012,286.0,286,286,286,0.6543185,166.14867,0,4,522185820201219589,2023-08-20,Valparaíso de Goiás,0,1.0340192,172135,19.7142857142857,90.8647865714286,1,0,2,77.6681498571429,58.973507,22.5995671428571,26.5714285714286,106,,,,,40826,2020-03-15,5221858,Valparaiso de Goias,GO,2020,12
1583625600000,202011,311.0,311,311,311,0.9999998,180.67215,0,4,522185820201119589,2023-08-20,Valparaíso de Goiás,0,1.5785869,172135,20.7142857142857,93.2664471428571,1,1,2,81.3387764285714,64.1798621428571,23.1352811428571,26.7142857142857,123,,,,,40826,2020-03-08,5221858,Valparaiso de Goias,GO,2020,11
1583020800000,202010,364.0,364,364,364,1.0,211.46193,0,4,522185820201019589,2023-08-20,Valparaíso de Goiás,0,2.4818041,172135,20.2857142857143,97.4428628571429,1,1,2,86.4160564285714,73.098703,22.297078,24.8571428571429,200,,,,,40826,2020-03-01,5221858,Valparaiso de Goias,GO,2020,10
1582416000000,202009,141.0,141,141,141,0.43529567,81.91245,0,4,522185820200919589,2023-08-20,Valparaíso de Goiás,0,0.9809042,172135,20.5714285714286,94.9481585714286,1,0,2,84.7401114285714,67.8492261428571,22.8566017142857,26.7142857142857,61,,,,,40826,2020-02-23,5221858,Valparaiso de Goias,GO,2020,9
1581811200000,202008,107.0,107,107,107,0.035267998,62.160515,0,4,522185820200819589,2023-08-20,Valparaíso de Goiás,0,0.79226416,172135,21.0,93.3246265714286,1,0,2,84.3276742857143,76.6478397142857,22.4025971428571,23.7142857142857,48,,,,,40826,2020-02-16,5221858,Valparaiso de Goias,GO,2020,8
1581206400000,202007,173.0,173,173,173,0.9999651,100.50251,0,4,522185820200719589,2023-08-20,Valparaíso de Goiás,0,1.618535,172135,19.8571428571429,94.0811228571429,1,1,2,89.6373401428571,83.8569494285714,21.1142857142857,22.2857142857143,82,,,,,40826,2020-02-09,5221858,Valparaiso de Goias,GO,2020,7
1580601600000,202006,146.0,146,146,146,0.99999744,84.81715,0,4,522185820200619589,2023-08-20,Valparaíso de Goiás,0,1.8631542,172135,20.0,93.2598771428571,1,1,2,82.0111215714286,68.9063538571429,22.6011905714286,25.4285714285714,70,,,,,40826,2020-02-02,5221858,Valparaiso de Goias,GO,2020,6
1579996800000,202005,103.0,103,103,103,0.9998388,59.836758,0,4,522185820200519589,2023-08-20,Valparaíso de Goiás,0,1.781469,172135,20.5714285714286,94.0694242857143,1,1,2,76.7092428571429,52.7331998571429,24.0952377142857,29.1428571428571,42,,,,,40826,2020-01-26,5221858,Valparaiso de Goias,GO,2020,5
1579392000000,202004,74.0,74,74,74,0.998775,42.989513,0,3,522185820200419589,2023-08-20,Valparaíso de Goiás,0,1.7727275,172135,21.1428571428571,94.0437657142857,1,1,2,82.469923,64.8863707142857,23.4345237142857,27.1428571428571,31,,,,,40826,2020-01-19,5221858,Valparaiso de Goias,GO,2020,4
1578787200000,202003,56.0,56,56,56,0.99932307,32.532604,0,3,522185820200319589,2023-08-20,Valparaíso de Goiás,0,2.0572026,172135,20.8571428571429,84.6269542857143,0,1,1,61.9866042857143,40.339235,26.1309522857143,31.4285714285714,27,,,,,40826,2020-01-12,5221858,Valparaiso de Goias,GO,2020,3
1578182400000,202002,44.0,44,44,44,0.9999035,25.561333,0,3,522185820200219589,2023-08-20,Valparaíso de Goiás,0,2.763705,172135,20.2857142857143,94.93646,1,1,1,81.0192821428572,61.600405,23.5523805714286,27.5714285714286,12,,,,,40826,2020-01-05,5221858,Valparaiso de Goias,GO,2020,2
1577577600000,202001,24.0,24,24,24,0.996656,13.942545,0,1,522185820200119589,2023-08-20,Valparaíso de Goiás,0,2.6860688,172135,20.6666666666667,91.3808733333333,1,1,1,78.256815,58.8144246666667,22.9694443333333,27.0,16,,,,,40826,2019-12-29,5221858,Valparaiso de Goias,GO,2020,1
1576972800000,201952,15.0,15,15,15,0.9741603,8.71409,0,1,522185820195219589,2023-08-20,Valparaíso de Goiás,0,2.3704658,172135,20.2857142857143,88.5374357142857,0,1,1,81.7564242857143,70.7298128571429,21.8158728571429,24.0,10,,,,,40826,2019-12-22,5221858,Valparaiso de Goias,GO,2019,52
1576368000000,201951,6.0,6,6,6,0.44810238,3.4856362,0,1,522185820195119589,2023-08-20,Valparaíso de Goiás,0,0.93096733,172135,20.1428571428571,85.4108108571428,0,0,1,76.6244357142857,66.7672311428571,22.1428571428571,24.8571428571429,5,,,,,40826,2019-12-15,5221858,Valparaiso de Goias,GO,2019,51
1575763200000,201950,5.0,5,5,5,0.23044273,2.904697,0,2,522185820195019589,2023-08-20,Valparaíso de Goiás,0,0.6655598,172135,20.5714285714286,94.9120657142857,1,0,0,89.4822734285714,82.46952,21.3210315714286,22.5714285714286,0,,,,,40826,2019-12-08,5221858,Valparaiso de Goias,GO,2019,50
1575158400000,201949,7.0,7,7,7,0.39358428,4.0665755,0,2,522185820194919589,2023-08-20,Valparaíso de Goiás,0,0.8731422,172135,21.0,94.9301385714286,1,0,1,88.7458828571429,84.0757014285714,21.7571428571429,22.4285714285714,4,,,,,40826,2019-12-01,5221858,Valparaiso de Goias,GO,2019,49
1574553600000,201948,6.0,6,6,6,0.41248062,3.4856362,0,1,522185820194819589,2023-08-20,Valparaíso de Goiás,0,0.88700074,172135,20.7142857142857,93.2093914285714,1,0,1,88.4090734285714,81.9633924285714,21.7,22.8571428571429,3,,,,,40826,2019-11-24,5221858,Valparaiso de Goias,GO,2019,48
1573948800000,201947,12.0,12,12,12,0.96449864,6.9712725,0,1,522185820194719589,2023-08-20,Valparaíso de Goiás,0,2.4548378,172135,19.7142857142857,93.1467334285714,1,1,1,86.5033892857143,80.26802,20.6650792857143,21.7142857142857,7,,,,,40826,2019-11-17,5221858,Valparaiso de Goias,GO,2019,47
1573344000000,201946,4.0,4,4,4,0.69926304,2.3237574,0,1,522185820194619589,2023-08-20,Valparaíso de Goiás,0,1.4641892,172135,21.5714285714286,74.6293081428571,0,0,0,64.6643605714286,51.9924652857143,23.8428571428571,26.7142857142857,3,,,,,40826,2019-11-10,5221858,Valparaiso de Goias,GO,2019,46
1572739200000,201945,8.0,8,8,8,0.9665147,4.647515,0,1,522185820194519589,2023-08-20,Valparaíso de Goiás,0,3.2303588,172135,20.8571428571429,88.4662028571429,0,1,1,77.605495,66.3822857142857,22.6428571428571,24.4285714285714,7,,,,,40826,2019-11-03,5221858,Valparaiso de Goias,GO,2019,45
1572134400000,201944,0.0,0,0,0,0.0,0.0,0,1,522185820194419589,2023-08-20,Valparaíso de Goiás,0,0.0,172135,20.7142857142857,78.771418,0,0,0,68.55201,56.3240627142857,22.7467534285714,25.1428571428571,0,,,,,40826,2019-10-27,5221858,Valparaiso de Goias,GO,2019,44
1571529600000,201943,1.0,1,1,1,0.036971048,0.58093935,0,1,522185820194319589,2023-08-20,Valparaíso de Goiás,0,0.21019618,172135,20.4285714285714,82.4392952857143,0,0,0,73.8886335714286,62.8859527142857,22.4883117142857,24.8571428571429,1,,,,,40826,2019-10-20,5221858,Valparaiso de Goias,GO,2019,43
1570924800000,201942,6.0,6,6,6,0.5263738,3.4856362,0,1,522185820194219589,2023-08-20,Valparaíso de Goiás,0,1.0379046,172135,17.4285714285714,68.6735242857143,0,0,1,52.131513,35.6002271428571,21.5350648571429,26.4285714285714,2,,,,,40826,2019-10-13,5221858,Valparaiso de Goias,GO,2019,42
1570320000000,201941,3.0,3,3,3,0.09507279,1.7428181,0,1,522185820194119589,2023-08-20,Valparaíso de Goiás,0,0.43582767,172135,20.7142857142857,83.9983814285714,0,0,0,72.5207528571429,55.0464801428571,22.6155842857143,25.2857142857143,1,,,,,40826,2019-10-06,5221858,Valparaiso de Goias,GO,2019,41
1569715200000,201940,7.0,7,7,7,0.34087947,4.0665755,0,1,522185820194019589,2023-08-20,Valparaíso de Goiás,0,0.8164416,172135,19.4285714285714,77.5876118571429,0,0,1,63.4991004285714,48.9821551428571,22.52987,25.8571428571429,3,,,,,40826,2019-09-29,5221858,Valparaiso de Goias,GO,2019,40
1569110400000,201939,6.0,6,6,6,0.1301102,3.4856362,0,1,522185820193919589,2023-08-20,Valparaíso de Goiás,0,0.5760309,172135,19.5714285714286,73.0459488571429,0,0,1,63.9959984285714,52.4830275714286,21.7844154285714,24.8571428571429,4,,,,,40826,2019-09-22,5221858,Valparaiso de Goias,GO,2019,39
1568505600000,201938,8.0,8,8,8,0.21481775,4.647515,0,1,522185820193819589,2023-08-20,Valparaíso de Goiás,0,0.7021014,172135,17.8571428571429,57.2333657142857,0,0,1,44.6969718571429,30.6542451428571,21.2285714285714,26.1428571428571,4,,,,,40826,2019-09-15,5221858,Valparaiso de Goias,GO,2019,38
1567900800000,201937,12.0,12,12,12,0.4921685,6.9712725,0,1,522185820193719589,2023-08-20,Valparaíso de Goiás,0,0.9921695,172135,16.5714285714286,65.1175161428571,0,0,1,53.16735,36.7817517142857,20.0025974285714,25.2857142857143,6,,,,,40826,2019-09-08,5221858,Valparaiso de Goias,GO,2019,37
1567296000000,201936,11.0,11,11,11,0.3162016,6.390333,0,1,522185820193619589,2023-08-20,Valparaíso de Goiás,0,0.82603055,172135,16.7142857142857,66.1342802857143,0,0,1,51.5059137142857,34.5350757142857,20.151948,25.1428571428571,8,,,,,40826,2019-09-01,5221858,Valparaiso de Goias,GO,2019,36
1566691200000,201935,12.0,12,12,12,0.22483447,6.9712725,0,1,522185820193519589,2023-08-20,Valparaíso de Goiás,0,0.7533534,172135,16.4285714285714,70.4861752857143,0,0,1,57.7209194285714,43.5347438571429,19.3766231428571,23.1428571428571,4,,,,,40826,2019-08-25,5221858,Valparaiso de Goias,GO,2019,35
1566086400000,201934,13.0,13,13,13,0.09428849,7.5522118,0,1,522185820193419589,2023-08-20,Valparaíso de Goiás,0,0.6347719,172135,16.8571428571429,68.579201,0,0,1,54.4558552857143,38.3258545714286,19.9220777142857,24.2857142857143,11,,,,,40826,2019-08-18,5221858,Valparaiso de Goias,GO,2019,34
1565481600000,201933,14.0,14,14,14,0.021669323,8.133151,0,1,522185820193319589,2023-08-20,Valparaíso de Goiás,0,0.5255766,172135,15.1428571428571,73.8403124285714,0,0,1,59.9574537142857,45.6748382857143,18.2337664285714,22.0,11,,,,,40826,2019-08-11,5221858,Valparaiso de Goias,GO,2019,33
1564876800000,201932,21.0,21,21,21,0.045223128,12.199727,0,1,522185820193219589,2023-08-20,Valparaíso de Goiás,0,0.6301065,172135,14.7142857142857,85.57731,0,0,1,72.8886507142857,53.880869,17.3116881428571,21.1428571428571,12,,,,,40826,2019-08-04,5221858,Valparaiso de Goias,GO,2019,32
1564272000000,201931,24.0,24,24,24,0.016607147,13.942545,0,1,522185820193119589,2023-08-20,Valparaíso de Goiás,0,0.5860744,172135,13.7142857142857,79.92182,0,0,1,65.355831,47.1138647142857,17.0259741428571,21.7142857142857,17,,,,,40826,2019-07-28,5221858,Valparaiso de Goias,GO,2019,31
1563667200000,201930,38.0,38,38,38,0.04680214,22.075697,0,1,522185820193019589,2023-08-20,Valparaíso de Goiás,0,0.70416015,172135,13.4285714285714,83.0919731428571,0,0,1,73.9442892857143,60.1033567142857,16.0259738571429,19.2857142857143,24,,,,,40826,2019-07-21,5221858,Valparaiso de Goias,GO,2019,30
1563062400000,201929,33.0,33,33,33,5.98972e-05,19.171,0,1,522185820192919589,2023-08-20,Valparaíso de Goiás,0,0.46002185,172135,13.2857142857143,78.3096692857143,0,0,1,67.1946792857143,52.8261578571429,16.2597402857143,20.2857142857143,21,,,,,40826,2019-07-14,5221858,Valparaiso de Goias,GO,2019,29
1562457600000,201928,54.0,54,54,54,0.0002456282,31.370726,0,1,522185820192819589,2023-08-20,Valparaíso de Goiás,0,0.5606053,172135,11.0,84.3199878571429,0,0,1,70.8505108571429,55.5645845714286,14.2077921428571,18.5714285714286,32,,,,,40826,2019-07-07,5221858,Valparaiso de Goias,GO,2019,28
1561852800000,201927,71.0,71,71,71,1.14927e-05,41.246696,0,4,522185820192719589,2023-08-20,Valparaíso de Goiás,0,0.54395086,172135,13.4285714285714,87.0082451428571,0,0,2,78.1196452857143,62.3600285714286,16.1181817142857,20.1428571428571,45,,,,,40826,2019-06-30,5221858,Valparaiso de Goias,GO,2019,27
1561248000000,201926,85.0,85,85,85,4.2e-08,49.37985,0,4,522185820192619589,2023-08-20,Valparaíso de Goiás,0,0.501392,172135,13.8571428571429,86.2513228571429,0,0,2,74.8542935714286,58.2690801428571,16.6363635714286,20.7142857142857,47,,,,,40826,2019-06-23,5221858,Valparaiso de Goias,GO,2019,26
1560643200000,201925,134.0,134,134,134,2.03838e-05,77.84588,0,4,522185820192519589,2023-08-20,Valparaíso de Goiás,0,0.6391356,172135,13.4285714285714,87.9628457142857,0,0,2,77.3012927142857,62.9884997142857,16.1168832857143,20.0,70,,,,,40826,2019-06-16,5221858,Valparaiso de Goias,GO,2019,25
1560038400000,201924,165.0,165,165,165,3.57766e-05,95.854996,0,4,522185820192419589,2023-08-20,Valparaíso de Goiás,0,0.6732652,172135,14.7142857142857,88.9108057142857,0,0,2,76.6860707142857,64.6974814285714,17.83171,20.8571428571429,89,,,,,40826,2019-06-09,5221858,Valparaiso de Goias,GO,2019,24
1559433600000,201923,215.0,215,215,215,0.019073905,124.90197,0,4,522185820192319589,2023-08-20,Valparaíso de Goiás,0,0.8265494,172135,15.7142857142857,89.61977,0,0,2,79.4126234285714,69.5694294285714,18.4935071428571,21.5714285714286,123,,,,,40826,2019-06-02,5221858,Valparaiso de Goias,GO,2019,23
1558828800000,201922,247.0,247,247,247,0.7769711,143.49202,0,4,522185820192219589,2023-08-20,Valparaíso de Goiás,0,1.0722003,172135,16.4285714285714,92.1806434285714,0,0,2,83.0533162857143,69.060529,18.766234,22.2857142857143,143,,,,,40826,2019-05-26,5221858,Valparaiso de Goias,GO,2019,22
1558224000000,201921,292.0,292,292,292,1.0,169.6343,0,4,522185820192119589,2023-08-20,Valparaíso de Goiás,0,1.7314866,172135,16.0,93.8726014285714,0,1,2,84.029065,69.5596885714286,18.496104,22.2857142857143,151,,,,,40826,2019-05-19,5221858,Valparaiso de Goias,GO,2019,21
1557619200000,201920,265.0,265,265,265,1.0,153.94893,0,4,522185820192019589,2023-08-20,Valparaíso de Goiás,0,2.2245793,172135,17.7142857142857,93.9574691428571,0,1,2,86.6759622857143,77.0606534285714,19.4727274285714,21.7142857142857,158,,,,,40826,2019-05-12,5221858,Valparaiso de Goias,GO,2019,20
1557014400000,201919,141.0,141,141,141,0.99905413,81.91245,0,4,522185820191919589,2023-08-20,Valparaíso de Goiás,0,1.5054753,172135,18.5714285714286,94.8097285714286,1,1,2,84.4866135714286,71.0238592857143,20.9334417142857,24.0,96,,,,,40826,2019-05-05,5221858,Valparaiso de Goias,GO,2019,19
1556409600000,201918,114.0,114,114,114,0.9835464,66.22709,0,4,522185820191819589,2023-08-20,Valparaíso de Goiás,0,1.3555835,172135,19.5714285714286,94.8872657142857,1,1,2,89.233367,78.6254758571429,20.8285717142857,23.1428571428571,56,,,,,40826,2019-04-28,5221858,Valparaiso de Goias,GO,2019,18
1555804800000,201917,84.0,84,84,84,0.56057596,48.79891,0,4,522185820191719589,2023-08-20,Valparaíso de Goiás,0,1.023881,172135,18.4285714285714,95.7106234285714,1,0,2,88.5482148571429,81.288248,20.3966031428571,22.7142857142857,28,,,,,40826,2019-04-21,5221858,Valparaiso de Goias,GO,2019,17
1555200000000,201916,84.0,84,84,84,0.6226251,48.79891,0,4,522185820191619589,2023-08-20,Valparaíso de Goiás,0,1.0498716,172135,19.5714285714286,96.5757571428571,1,0,2,91.0609585714286,82.6224417142857,21.0499498571429,22.8571428571429,39,,,,,40826,2019-04-14,5221858,Valparaiso de Goias,GO,2019,16
1554595200000,201915,78.0,78,78,78,0.7147482,45.31327,0,4,522185820191519589,2023-08-20,Valparaíso de Goiás,0,1.0971464,172135,19.7142857142857,98.2973257142857,1,0,2,92.1561428571429,84.2214247142857,20.8005414285714,22.4285714285714,30,,,,,40826,2019-04-07,5221858,Valparaiso de Goias,GO,2019,15
1553990400000,201914,91.0,91,91,91,0.99493873,52.865482,0,4,522185820191419589,2023-08-20,Valparaíso de Goiás,0,1.5258008,172135,19.2857142857143,92.368972,1,1,2,86.1333492857143,75.171833,20.9000002857143,23.1428571428571,42,,,,,40826,2019-03-31,5221858,Valparaiso de Goias,GO,2019,14
1553385600000,201913,70.0,70,70,70,0.9652251,40.665756,0,3,522185820191319589,2023-08-20,Valparaíso de Goiás,0,1.3939695,172135,19.8571428571429,95.6895477142857,1,1,2,90.6411265714286,85.54249,20.6363637142857,22.0,36,,,,,40826,2019-03-24,5221858,Valparaiso de Goias,GO,2019,13
1552780800000,201912,58.0,58,58,58,0.9562408,33.694485,0,3,522185820191219589,2023-08-20,Valparaíso de Goiás,0,1.4110566,172135,19.5714285714286,96.5694357142857,1,1,1,90.6354621428571,83.27312,20.6064934285714,22.1428571428571,25,,,,,40826,2019-03-17,5221858,Valparaiso de Goias,GO,2019,12
1552176000000,201911,50.0,50,50,50,0.98143905,29.046968,0,1,522185820191119589,2023-08-20,Valparaíso de Goiás,0,1.5935001,172135,20.1428571428571,89.9537328571429,0,1,1,84.7204107142857,75.8468071428571,21.2727271428571,23.2857142857143,24,,,,,40826,2019-03-10,5221858,Valparaiso de Goias,GO,2019,11
1551571200000,201910,45.0,45,45,45,0.99223936,26.142273,0,2,522185820191019589,2023-08-20,Valparaíso de Goiás,0,1.7989329,172135,18.1428571428571,97.4111857142857,1,1,1,91.5836028571428,86.1104091428572,19.6636362857143,20.7142857142857,25,,,,,40826,2019-03-03,5221858,Valparaiso de Goias,GO,2019,10
1550966400000,201909,27.0,27,27,27,0.70728564,15.685363,0,2,522185820190919589,2023-08-20,Valparaíso de Goiás,0,1.165284,172135,19.7142857142857,94.8479371428571,1,0,1,88.1935692857143,80.3762864285714,21.051948,22.4285714285714,14,,,,,40826,2019-02-24,5221858,Valparaiso de Goias,GO,2019,9
1550361600000,201908,24.0,24,24,24,0.60807866,13.942545,0,2,522185820190819589,2023-08-20,Valparaíso de Goiás,0,1.0833529,172135,19.4285714285714,93.9681185714286,1,0,1,88.9575744285714,81.75066,20.4155845714286,21.5714285714286,13,,,,,40826,2019-02-17,5221858,Valparaiso de Goias,GO,2019,8
1549756800000,201907,20.0,20,20,20,0.6664449,11.618788,0,1,522185820190719589,2023-08-20,Valparaíso de Goiás,0,1.1494308,172135,19.7142857142857,92.4445057142857,1,0,1,86.3459728571429,79.1729835714286,21.1714285714286,22.7142857142857,9,,,,,40826,2019-02-10,5221858,Valparaiso de Goias,GO,2019,7
1549152000000,201906,29.0,29,29,29,0.9963037,16.847242,0,1,522185820190619589,2023-08-20,Valparaíso de Goiás,0,2.3709164,172135,19.7142857142857,94.2076642857143,1,1,1,79.4637761428571,61.1307278571429,22.5376981428571,27.4285714285714,8,,,,,40826,2019-02-03,5221858,Valparaiso de Goias,GO,2019,6
1548547200000,201905,16.0,16,16,16,0.8438558,9.29503,0,1,522185820190519589,2023-08-20,Valparaíso de Goiás,0,1.4731506,172135,18.1428571428571,84.3868708571429,0,0,1,59.4086522857143,35.8593115714286,24.2380954285714,29.8571428571429,5,,,,,40826,2019-01-27,5221858,Valparaiso de Goias,GO,2019,5
1547942400000,201904,10.0,10,10,10,0.3097823,5.809394,0,1,522185820190419589,2023-08-20,Valparaíso de Goiás,0,0.81310135,172135,19.7142857142857,83.0639728571429,0,0,1,60.1835437142857,38.3832544285714,25.0297617142857,30.5714285714286,4,,,,,40826,2019-01-20,5221858,Valparaiso de Goias,GO,2019,4
1547337600000,201903,8.0,8,8,8,0.14368959,4.647515,0,1,522185820190319589,2023-08-20,Valparaíso de Goiás,0,0.6287562,172135,18.8571428571429,87.4907005714286,0,0,1,68.945513,50.693095,23.3809522857143,28.1428571428571,5,,,,,40826,2019-01-13,5221858,Valparaiso de Goias,GO,2019,3
1546732800000,201902,15.0,15,15,15,0.75005645,8.71409,0,2,522185820190219589,2023-08-20,Valparaíso de Goiás,0,1.2952241,172135,18.5714285714286,91.609522,1,0,1,80.7433237142857,69.307483,20.4428571428571,22.4285714285714,0,,,,,40826,2019-01-06,5221858,Valparaiso de Goias,GO,2019,2
1546128000000,201901,13.0,13,13,13,0.75307226,7.5522118,0,2,522185820190119589,2023-08-20,Valparaíso de Goiás,0,1.3267595,172135,19.1428571428571,92.4099651428571,1,0,1,83.8881727142857,73.7355725714286,20.6857142857143,22.7142857142857,1,,,,,40826,2018-12-30,5221858,Valparaiso de Goias,GO,2019,1
1545523200000,201852,12.0,12,12,12,0.7957365,6.9712725,0,2,522185820185219589,2023-08-20,Valparaíso de Goiás,0,1.4358219,172135,19.0,94.0550488,1,0,1,84.4303552,67.689914,21.4538888,24.4,2,,,,,40826,2018-12-23,5221858,Valparaiso de Goias,GO,2018,52
1544918400000,201851,10.0,10,10,10,0.7160612,5.809394,0,2,522185820185119589,2023-08-20,Valparaíso de Goiás,0,1.3055215,172135,19.2380952380952,94.3304172952381,1,0,1,,,,,1,,,,,40826,2018-12-16,5221858,Valparaiso de Goias,GO,2018,51
1544313600000,201850,7.0,7,7,7,0.4339956,4.0665755,0,2,522185820185019589,2023-08-20,Valparaíso de Goiás,0,0.9189486,172135,19.4761904761905,94.6057857904762,1,0,1,,,,,2,,,,,40826,2018-12-09,5221858,Valparaiso de Goias,GO,2018,50
1543708800000,201849,9.0,9,9,9,0.58537877,5.2284546,0,2,522185820184919589,2023-08-20,Valparaíso de Goiás,0,1.107126,172135,19.7142857142857,94.8811542857143,1,0,1,89.3434171428571,80.9390635714286,20.6674601428571,22.5714285714286,1,,,,,40826,2018-12-02,5221858,Valparaiso de Goias,GO,2018,49
1543104000000,201848,5.0,5,5,5,0.22953777,2.904697,0,2,522185820184819589,2023-08-20,Valparaíso de Goiás,0,0.6645603,172135,18.5714285714286,92.3061191428571,1,0,0,86.2330228571429,77.6836178571428,19.9178571428571,21.8571428571429,2,,,,,40826,2018-11-25,5221858,Valparaiso de Goias,GO,2018,48
1542499200000,201847,11.0,11,11,11,0.8688324,6.390333,0,2,522185820184719589,2023-08-20,Valparaíso de Goiás,0,1.7035773,172135,19.0,94.88671,1,0,1,88.9910134285714,79.793325,20.3813491428571,22.4285714285714,0,,,,,40826,2018-11-18,5221858,Valparaiso de Goias,GO,2018,47
1541894400000,201846,7.0,7,7,7,0.6007644,4.0665755,0,2,522185820184619589,2023-08-20,Valparaíso de Goiás,0,1.1465635,172135,18.8571428571429,97.4238985714286,1,0,1,91.2821378571429,81.5304237142857,20.1821424285714,22.2857142857143,1,,,,,40826,2018-11-11,5221858,Valparaiso de Goias,GO,2018,46
1541289600000,201845,6.0,6,6,6,0.38649017,3.4856362,0,2,522185820184519589,2023-08-20,Valparaíso de Goiás,0,0.85631007,172135,19.1428571428571,96.5504714285714,1,0,1,90.7268385714286,82.5312428571429,19.904762,21.2857142857143,3,,,,,40826,2018-11-04,5221858,Valparaiso de Goias,GO,2018,45
1540684800000,201844,6.0,6,6,6,0.26425442,3.4856362,0,1,522185820184419589,2023-08-20,Valparaíso de Goiás,0,0.7220505,172135,19.7142857142857,91.5414748571429,1,0,1,84.7162965714286,73.9152668571429,21.0162337142857,23.1428571428571,0,,,,,40826,2018-10-28,5221858,Valparaiso de Goias,GO,2018,44
1540080000000,201843,5.0,5,5,5,0.1414041,2.904697,0,1,522185820184319589,2023-08-20,Valparaíso de Goiás,0,0.5650638,172135,19.1428571428571,96.6209914285714,1,0,0,89.3454042857143,79.030422,20.5091991428571,22.7142857142857,1,,,,,40826,2018-10-21,5221858,Valparaiso de Goias,GO,2018,43
1539475200000,201842,12.0,12,12,12,0.752799,6.9712725,0,1,522185820184219589,2023-08-20,Valparaíso de Goiás,0,1.3421493,172135,18.0,100.0,0,0,1,89.99922,80.951455,20.068182,22.0,3,,,,,40826,2018-10-14,5221858,Valparaiso de Goias,GO,2018,42
1538870400000,201841,5.0,5,5,5,0.2660786,2.904697,0,1,522185820184119589,2023-08-20,Valparaíso de Goiás,0,0.7050023,172135,18.0,96.27173625,0,0,0,,,,,0,,,,,40826,2018-10-07,5221858,Valparaiso de Goias,GO,2018,41
1538265600000,201840,14.0,14,14,14,0.9830667,8.133151,0,1,522185820184019589,2023-08-20,Valparaíso de Goiás,0,2.7358947,172135,18.0,92.5434725,0,1,1,81.64804125,69.39496,19.977273,22.0,2,,,,,40826,2018-09-30,5221858,Valparaiso de Goias,GO,2018,40
1537660800000,201839,5.0,5,5,5,0.6179467,2.904697,0,1,522185820183919589,2023-08-20,Valparaíso de Goiás,0,1.2093147,172135,15.1428571428571,92.1393,0,0,0,75.6999955714286,51.677306,18.7716451428571,23.4285714285714,0,,,,,40826,2018-09-23,5221858,Valparaiso de Goias,GO,2018,39
1537056000000,201838,5.0,5,5,5,0.6361778,2.904697,0,1,522185820183819589,2023-08-20,Valparaíso de Goiás,0,1.24879,172135,15.8571428571429,99.1328242857143,0,0,0,90.2123874285714,73.5056512857143,18.3245671428571,21.8571428571429,3,,,,,40826,2018-09-16,5221858,Valparaiso de Goias,GO,2018,38
1536451200000,201837,4.0,4,4,4,0.50809944,2.3237574,0,1,522185820183719589,2023-08-20,Valparaíso de Goiás,0,1.0137573,172135,12.8571428571429,82.8850302857143,0,0,0,65.2829797142857,44.3758081428571,16.6715364285714,21.5714285714286,0,,,,,40826,2018-09-09,5221858,Valparaiso de Goias,GO,2018,37
1535846400000,201836,3.0,3,3,3,0.47766888,1.7428181,0,1,522185820183619589,2023-08-20,Valparaíso de Goiás,0,0.9586345,172135,13.0,85.4367364285714,0,0,0,67.8282804285714,48.7459614285714,17.1336582857143,22.0,0,,,,,40826,2018-09-02,5221858,Valparaiso de Goias,GO,2018,36
1535241600000,201835,6.0,6,6,6,0.8749611,3.4856362,0,1,522185820183519589,2023-08-20,Valparaíso de Goiás,0,2.1472108,172135,14.0,84.0712191428571,0,0,1,65.5264721428571,49.2310167142857,17.4128788571429,21.4285714285714,0,,,,,40826,2018-08-26,5221858,Valparaiso de Goias,GO,2018,35
1534636800000,201834,2.0,2,2,2,0.28027034,1.1618787,0,1,522185820183419589,2023-08-20,Valparaíso de Goiás,0,0.6213423,172135,12.8571428571429,85.2993865714286,0,0,0,70.9141297142857,55.3196785714286,16.1650432857143,19.8571428571429,0,,,,,40826,2018-08-19,5221858,Valparaiso de Goias,GO,2018,34
1534032000000,201833,2.0,2,2,2,0.3070807,1.1618787,0,1,522185820183319589,2023-08-20,Valparaíso de Goiás,0,0.6588867,172135,12.2857142857143,85.5404807142857,0,0,0,66.3062278571429,43.2940031428571,16.411008,22.1428571428571,0,,,,,40826,2018-08-12,5221858,Valparaiso de Goias,GO,2018,33
1533427200000,201832,4.0,4,4,4,0.775459,2.3237574,0,1,522185820183219589,2023-08-20,Valparaíso de Goiás,0,1.7801698,172135,14.1428571428571,89.5315942857143,0,0,0,60.9638951428571,29.1533562857143,21.0119048571429,28.7142857142857,0,,,,,40826,2018-08-05,5221858,Valparaiso de Goias,GO,2018,32
1532822400000,201831,4.0,4,4,4,0.7801343,2.3237574,0,1,522185820183119589,2023-08-20,Valparaíso de Goiás,0,1.8047565,172135,11.0,87.6890871428571,0,0,0,54.618591,21.6808644285714,19.5238094285714,28.4285714285714,1,,,,,40826,2018-07-29,5221858,Valparaiso de Goias,GO,2018,31
1532217600000,201830,1.0,1,1,1,0.12939258,0.58093935,0,1,522185820183019589,2023-08-20,Valparaíso de Goiás,0,0.33896315,172135,9.28571428571429,88.3618034285714,0,0,0,57.3098288571429,26.7521431428571,17.0059525714286,25.1428571428571,0,,,,,40826,2018-07-22,5221858,Valparaiso de Goias,GO,2018,30
1531612800000,201829,2.0,2,2,2,0.20885009,1.1618787,0,1,522185820182919589,2023-08-20,Valparaíso de Goiás,0,0.52714443,172135,10.5714285714286,89.2166221428571,0,0,0,65.9835537142857,40.7287048571429,16.2938312857143,22.7142857142857,0,,,,,40826,2018-07-15,5221858,Valparaiso de Goias,GO,2018,29
1531008000000,201828,3.0,3,3,3,0.26177475,1.7428181,0,1,522185820182819589,2023-08-20,Valparaíso de Goiás,0,0.6433364,172135,11.1428571428571,90.231216,0,0,0,79.2669381428571,61.4436665714286,14.1899351428571,18.5714285714286,0,,,,,40826,2018-07-08,5221858,Valparaiso de Goias,GO,2018,28
1530403200000,201827,4.0,4,4,4,0.32643738,2.3237574,0,1,522185820182719589,2023-08-20,Valparaíso de Goiás,0,0.75342095,172135,8.71428571428571,92.5800475714286,0,0,0,78.7596252857143,61.146714,12.4994588571429,17.0,1,,,,,40826,2018-07-01,5221858,Valparaiso de Goias,GO,2018,27
1529798400000,201826,4.0,4,4,4,0.30764148,2.3237574,0,1,522185820182619589,2023-08-20,Valparaíso de Goiás,0,0.7304182,172135,9.57142857142857,90.122995,0,0,0,78.8331087142857,61.8806012857143,12.6138528571429,17.0,1,,,,,40826,2018-06-24,5221858,Valparaiso de Goias,GO,2018,26
1529193600000,201825,7.0,7,7,7,0.5713816,4.0665755,0,1,522185820182519589,2023-08-20,Valparaíso de Goiás,0,1.1001357,172135,10.8571428571429,91.0082948571429,0,0,1,78.8835492857143,59.9280891428571,13.9464284285714,18.2857142857143,1,,,,,40826,2018-06-17,5221858,Valparaiso de Goias,GO,2018,25
1528588800000,201824,4.0,4,4,4,0.12316742,2.3237574,0,1,522185820182419589,2023-08-20,Valparaíso de Goiás,0,0.51256794,172135,12.0,95.4712491428571,0,0,0,83.2826702857143,66.0816021428571,15.0308444285714,19.1428571428571,0,,,,,40826,2018-06-10,5221858,Valparaiso de Goias,GO,2018,24
1527984000000,201823,6.0,6,6,6,0.18069606,3.4856362,0,1,522185820182319589,2023-08-20,Valparaíso de Goiás,0,0.63303596,172135,12.2857142857143,92.8212042857143,0,0,1,83.6093564285714,68.7794932857143,15.2126624285714,19.1428571428571,1,,,,,40826,2018-06-03,5221858,Valparaiso de Goias,GO,2018,23
1527379200000,201822,9.0,9,9,9,0.30724394,5.2284546,0,1,522185820182219589,2023-08-20,Valparaíso de Goiás,0,0.8024403,172135,10.8571428571429,93.6589785714286,0,0,1,83.2202651428571,69.8190568571429,13.9925324285714,17.5714285714286,1,,,,,40826,2018-05-27,5221858,Valparaiso de Goias,GO,2018,22
1526774400000,201821,7.0,7,7,7,0.11649179,4.0665755,0,1,522185820182119589,2023-08-20,Valparaíso de Goiás,0,0.58041245,172135,12.8571428571429,94.6691857142857,0,0,1,84.9002027142857,69.2745392857143,15.5243505714286,19.5714285714286,0,,,,,40826,2018-05-20,5221858,Valparaiso de Goias,GO,2018,21
1526169600000,201820,15.0,15,15,15,0.6247271,8.71409,0,1,522185820182019589,2023-08-20,Valparaíso de Goiás,0,1.1250236,172135,12.4285714285714,94.6910357142857,0,0,1,69.71466,36.3938718571429,19.2023811428571,26.7142857142857,4,,,,,40826,2018-05-13,5221858,Valparaiso de Goias,GO,2018,20
1525564800000,201819,9.0,9,9,9,0.12087634,5.2284546,0,1,522185820181919589,2023-08-20,Valparaíso de Goiás,0,0.618441,172135,12.7142857142857,94.6480642857143,0,0,1,67.552808,37.4296558571429,19.4226188571429,26.0,3,,,,,40826,2018-05-06,5221858,Valparaiso de Goias,GO,2018,19
1524960000000,201818,15.0,15,15,15,0.49774858,8.71409,0,1,522185820181819589,2023-08-20,Valparaíso de Goiás,0,0.9979709,172135,14.8571428571429,89.8055657142857,0,0,1,67.5512401428571,38.6471891428571,20.4583337142857,27.0,2,,,,,40826,2018-04-29,5221858,Valparaiso de Goias,GO,2018,18
1524355200000,201817,14.0,14,14,14,0.40075532,8.133151,0,1,522185820181719589,2023-08-20,Valparaíso de Goiás,0,0.9125133,172135,15.5714285714286,93.0111654285714,0,0,1,74.7060045714286,46.9750641428571,20.3333334285714,26.4285714285714,3,,,,,40826,2018-04-22,5221858,Valparaiso de Goias,GO,2018,17
1523750400000,201816,17.0,17,17,17,0.5776809,9.87597,0,1,522185820181619589,2023-08-20,Valparaíso de Goiás,0,1.0698254,172135,15.7142857142857,93.0175534285714,0,0,1,83.5250631428571,69.9775341428571,18.6961041428571,21.8571428571429,2,,,,,40826,2018-04-15,5221858,Valparaiso de Goias,GO,2018,16
1523145600000,201815,12.0,12,12,12,0.3593767,6.9712725,0,1,522185820181519589,2023-08-20,Valparaíso de Goiás,0,0.8696297,172135,17.1428571428571,94.757966,0,0,1,88.9460402857143,82.464787,18.3544371428571,19.8571428571429,3,,,,,40826,2018-04-08,5221858,Valparaiso de Goias,GO,2018,15
1522540800000,201814,20.0,20,20,20,0.96592385,11.618788,0,1,522185820181419589,2023-08-20,Valparaíso de Goiás,0,1.959296,172135,18.1428571428571,94.0413757142857,1,1,1,86.8595385714286,76.5665478571429,19.7884197142857,21.8571428571429,4,,,,,40826,2018-04-01,5221858,Valparaiso de Goias,GO,2018,14
1521936000000,201813,15.0,15,15,15,0.87972313,8.71409,0,1,522185820181319589,2023-08-20,Valparaíso de Goiás,0,1.606496,172135,17.5714285714286,90.8387157142857,0,0,1,80.9323821428572,71.2884814285714,19.5604977142857,22.0,4,,,,,40826,2018-03-25,5221858,Valparaiso de Goias,GO,2018,13
1521331200000,201812,8.0,8,8,8,0.2633418,4.647515,0,1,522185820181219589,2023-08-20,Valparaíso de Goiás,0,0.7497862,172135,17.8571428571429,96.5247668571429,0,0,1,86.3466601428571,76.319258,20.121212,22.5714285714286,2,,,,,40826,2018-03-18,5221858,Valparaiso de Goias,GO,2018,12
1520726400000,201811,6.0,6,6,6,0.14482456,3.4856362,0,2,522185820181119589,2023-08-20,Valparaíso de Goiás,0,0.5931126,172135,18.8571428571429,93.2236442857143,1,0,1,85.3534727142857,70.6755931428571,20.9327201428571,24.0,3,,,,,40826,2018-03-11,5221858,Valparaiso de Goias,GO,2018,11
1520121600000,201810,15.0,15,15,15,0.89304906,8.71409,0,2,522185820181019589,2023-08-20,Valparaíso de Goiás,0,1.6585243,172135,18.6666666666667,93.9670533333333,1,0,1,84.1354466666667,76.0057316666667,20.004545,21.3333333333333,3,,,,,40826,2018-03-04,5221858,Valparaiso de Goias,GO,2018,10
1519516800000,201809,10.0,10,10,10,0.60140365,5.809394,0,1,522185820180919589,2023-08-20,Valparaíso de Goiás,0,1.1226642,172135,18.4285714285714,91.5219485714286,1,0,1,75.254332,53.5405731428571,21.7639282857143,26.1428571428571,3,,,,,40826,2018-02-25,5221858,Valparaiso de Goias,GO,2018,9
1518912000000,201808,6.0,6,6,6,0.2133416,3.4856362,0,1,522185820180819589,2023-08-20,Valparaíso de Goiás,0,0.66812164,172135,19.0,92.4215042857143,1,0,1,86.2730742857143,75.0327,20.2630951428571,22.0,1,,,,,40826,2018-02-18,5221858,Valparaiso de Goias,GO,2018,8
1518307200000,201807,13.0,13,13,13,0.6731779,7.5522118,0,1,522185820180719589,2023-08-20,Valparaíso de Goiás,0,1.1983296,172135,18.5714285714286,86.1030914285714,0,0,1,75.6478842857143,63.9317058571429,20.6,23.1428571428571,2,,,,,40826,2018-02-11,5221858,Valparaiso de Goias,GO,2018,7
1517702400000,201806,4.0,4,4,4,0.012640634,2.3237574,0,1,522185820180619589,2023-08-20,Valparaíso de Goiás,0,0.31598362,172135,18.1428571428571,97.5495188571429,1,0,0,87.7539664285714,77.7775105714286,19.4515875714286,21.4285714285714,0,,,,,40826,2018-02-04,5221858,Valparaiso de Goias,GO,2018,6
1517097600000,201805,13.0,13,13,13,0.54908115,7.5522118,0,1,522185820180519589,2023-08-20,Valparaíso de Goiás,0,1.0493426,172135,19.4285714285714,94.0323171428571,1,0,1,87.810627,81.0663728571429,20.5428571428571,21.7142857142857,2,,,,,40826,2018-01-28,5221858,Valparaiso de Goias,GO,2018,5
1516492800000,201804,13.0,13,13,13,0.69757986,7.5522118,0,1,522185820180419589,2023-08-20,Valparaíso de Goiás,0,1.2338313,172135,18.4285714285714,86.0537834285714,0,0,1,68.2273435714286,44.8479174285714,21.5359211428571,26.1428571428571,3,,,,,40826,2018-01-21,5221858,Valparaiso de Goias,GO,2018,4
1515888000000,201803,15.0,15,15,15,0.89727044,8.71409,0,1,522185820180319589,2023-08-20,Valparaíso de Goiás,0,1.6765457,172135,17.2857142857143,89.0138111428571,0,0,1,74.5576338571429,60.333589,20.0857142857143,23.1428571428571,4,,,,,40826,2018-01-14,5221858,Valparaiso de Goias,GO,2018,3
1515283200000,201802,8.0,8,8,8,0.5593448,4.647515,0,1,522185820180219589,2023-08-20,Valparaíso de Goiás,0,1.0768172,172135,18.0,89.8707705714286,0,0,1,82.27582,75.7994037142857,19.5714285714286,21.2857142857143,3,,,,,40826,2018-01-07,5221858,Valparaiso de Goias,GO,2018,2
1514678400000,201801,11.0,11,11,11,0.8269736,6.390333,0,1,522185820180119589,2023-08-20,Valparaíso de Goiás,0,1.5493238,172135,18.8571428571429,94.8225114285714,1,0,1,89.8873771428571,83.2528934285714,19.8428571428571,20.8571428571429,5,,,,,40826,2017-12-31,5221858,Valparaiso de Goias,GO,2018,1
1514073600000,201752,6.0,6,6,6,0.2563981,3.4856362,0,1,522185820175219589,2023-08-20,Valparaíso de Goiás,0,0.7137312,172135,19.1428571428571,86.8635442857143,0,0,1,78.5883127142857,67.8196414285714,21.1888887142857,23.4285714285714,1,,,,,40826,2017-12-24,5221858,Valparaiso de Goias,GO,2017,52
1513468800000,201751,6.0,6,6,6,0.2136776,3.4856362,0,1,522185820175119589,2023-08-20,Valparaíso de Goiás,0,0.66847926,172135,17.4285714285714,91.5223002857143,0,0,1,78.1993728571429,65.7363848571429,20.5313492857143,23.4285714285714,1,,,,,40826,2017-12-17,5221858,Valparaiso de Goias,GO,2017,51
1512864000000,201750,8.0,8,8,8,0.5611655,4.647515,0,2,522185820175019589,2023-08-20,Valparaíso de Goiás,0,1.0793295,172135,18.1666666666667,96.964804,1,0,1,91.1291156666667,81.1464446666667,19.0916666666667,21.0,1,,,,,40826,2017-12-10,5221858,Valparaiso de Goias,GO,2017,50
1512259200000,201749,13.0,13,13,13,0.9156994,7.5522118,0,1,522185820174919589,2023-08-20,Valparaíso de Goiás,0,1.852295,172135,19.5714285714286,90.7450285714286,1,0,1,83.419618,70.7765421428571,21.2270974285714,24.0,8,,,,,40826,2017-12-03,5221858,Valparaiso de Goias,GO,2017,49
1511654400000,201748,5.0,5,5,5,0.19119848,2.904697,0,1,522185820174819589,2023-08-20,Valparaíso de Goiás,0,0.62204164,172135,18.5,93.907157,1,0,0,78.747975,61.0472205,21.041666,24.5,1,,,,,40826,2017-11-26,5221858,Valparaiso de Goias,GO,2017,48
1511049600000,201747,5.0,5,5,5,0.24614172,2.904697,0,1,522185820174719589,2023-08-20,Valparaíso de Goiás,0,0.6829046,172135,17.975,91.84822725,0,0,0,,,,,1,,,,,40826,2017-11-19,5221858,Valparaiso de Goias,GO,2017,47
1510444800000,201746,11.0,11,11,11,0.92862564,6.390333,0,1,522185820174619589,2023-08-20,Valparaíso de Goiás,0,2.0750887,172135,17.45,89.7892975,0,0,1,,,,,4,,,,,40826,2017-11-12,5221858,Valparaiso de Goias,GO,2017,46
1509840000000,201745,8.0,8,8,8,0.8640095,4.647515,0,1,522185820174519589,2023-08-20,Valparaíso de Goiás,0,1.8568264,172135,16.925,87.73036775,0,0,1,,,,,4,,,,,40826,2017-11-05,5221858,Valparaiso de Goias,GO,2017,45
1509235200000,201744,4.0,4,4,4,0.31258827,2.3237574,0,1,522185820174419589,2023-08-20,Valparaíso de Goiás,0,0.7364291,172135,16.4,85.671438,0,0,0,,,,,1,,,,,40826,2017-10-29,5221858,Valparaiso de Goias,GO,2017,44
1508630400000,201743,4.0,4,4,4,0.09035222,2.3237574,0,1,522185820174319589,2023-08-20,Valparaíso de Goiás,0,0.46945387,172135,15.875,83.61250825,0,0,0,,,,,1,,,,,40826,2017-10-22,5221858,Valparaiso de Goias,GO,2017,43
1508025600000,201742,3.0,3,3,3,0.004821297,1.7428181,0,1,522185820174219589,2023-08-20,Valparaíso de Goiás,0,0.23949522,172135,15.35,81.5535785,0,0,0,,,,,2,,,,,40826,2017-10-15,5221858,Valparaiso de Goias,GO,2017,42
1507420800000,201741,10.0,10,10,10,0.10707641,5.809394,0,1,522185820174119589,2023-08-20,Valparaíso de Goiás,0,0.61616987,172135,14.825,79.49464875,0,0,1,,,,,3,,,,,40826,2017-10-08,5221858,Valparaiso de Goias,GO,2017,41
1506816000000,201740,10.0,10,10,10,0.13042356,5.809394,0,1,522185820174019589,2023-08-20,Valparaíso de Goiás,0,0.6422906,172135,14.3,77.435719,0,0,1,,,,,4,,,,,40826,2017-10-01,5221858,Valparaiso de Goias,GO,2017,40
1506211200000,201739,20.0,20,20,20,0.95404327,11.618788,0,1,522185820173919589,2023-08-20,Valparaíso de Goiás,0,1.844966,172135,13.775,75.37678925,0,1,1,,,,,9,,,,,40826,2017-09-24,5221858,Valparaiso de Goias,GO,2017,39
1505606400000,201738,20.0,20,20,20,0.986525,11.618788,0,1,522185820173819589,2023-08-20,Valparaíso de Goiás,0,2.3443584,172135,13.25,73.3178595,0,1,1,,,,,9,,,,,40826,2017-09-17,5221858,Valparaiso de Goias,GO,2017,38
1505001600000,201737,8.0,8,8,8,0.26539594,4.647515,0,1,522185820173719589,2023-08-20,Valparaíso de Goiás,0,0.7517941,172135,12.725,71.25892975,0,0,1,,,,,2,,,,,40826,2017-09-10,5221858,Valparaiso de Goias,GO,2017,37
1504396800000,201736,4.0,4,4,4,0.0106064975,2.3237574,0,1,522185820173619589,2023-08-20,Valparaíso de Goiás,0,0.30756575,172135,12.2,69.2,0,0,0,53.9321426,38.8,15.7285714,19.6,0,,,,,40826,2017-09-03,5221858,Valparaiso de Goias,GO,2017,36
1503792000000,201735,13.0,13,13,13,0.48028368,7.5522118,0,1,522185820173519589,2023-08-20,Valparaíso de Goiás,0,0.9811836,172135,13.1428571428571,64.7142857142857,0,0,1,51.4603174285714,36.4285714285714,15.5178571428571,18.7142857142857,4,,,,,40826,2017-08-27,5221858,Valparaiso de Goias,GO,2017,35
1503187200000,201734,13.0,13,13,13,0.60206836,7.5522118,0,1,522185820173419589,2023-08-20,Valparaíso de Goiás,0,1.1077766,172135,15.2857142857143,72.4285714285714,0,0,1,63.3015871428571,52.8571428571429,17.1726191428571,19.1428571428571,8,,,,,40826,2017-08-20,5221858,Valparaiso de Goias,GO,2017,34
1502582400000,201733,16.0,16,16,16,0.8321271,9.29503,0,1,522185820173319589,2023-08-20,Valparaíso de Goiás,0,1.4437871,172135,13.5714285714286,64.5714285714286,0,0,1,54.4107142857143,41.5714285714286,16.0694444285714,19.2857142857143,4,,,,,40826,2017-08-13,5221858,Valparaiso de Goias,GO,2017,33
1501977600000,201732,10.0,10,10,10,0.35340974,5.809394,0,1,522185820173219589,2023-08-20,Valparaíso de Goiás,0,0.8533546,172135,14.0,72.1428571428571,0,0,1,63.6488091428571,53.0,15.6130952857143,17.7142857142857,4,,,,,40826,2017-08-06,5221858,Valparaiso de Goias,GO,2017,32
1501372800000,201731,10.0,10,10,10,0.26091054,5.809394,0,1,522185820173119589,2023-08-20,Valparaíso de Goiás,0,0.76847833,172135,10.7142857142857,78.0,0,0,1,68.2678571428571,57.8571428571429,12.4821428571429,14.8571428571429,2,,,,,40826,2017-07-30,5221858,Valparaiso de Goias,GO,2017,31
1500768000000,201730,13.0,13,13,13,0.2686985,7.5522118,0,1,522185820173019589,2023-08-20,Valparaíso de Goiás,0,0.79819703,172135,11.0,74.1428571428571,0,0,1,64.8333337142857,53.2857142857143,12.9033447142857,15.8571428571429,1,,,,,40826,2017-07-23,5221858,Valparaiso de Goias,GO,2017,30
1500163200000,201729,11.0,11,11,11,0.02463138,6.390333,0,1,522185820172919589,2023-08-20,Valparaíso de Goiás,0,0.4989085,172135,10.1428571428571,81.4285714285714,0,0,1,71.2678571428571,61.0,12.3392857142857,14.7142857142857,2,,,,,40826,2017-07-16,5221858,Valparaiso de Goias,GO,2017,29
1499558400000,201728,15.0,15,15,15,0.0074713645,8.71409,0,1,522185820172819589,2023-08-20,Valparaíso de Goiás,0,0.48054364,172135,12.4285714285714,80.8571428571429,0,0,1,71.7099201428571,62.0,13.7638888571429,15.1428571428571,2,,,,,40826,2017-07-09,5221858,Valparaiso de Goias,GO,2017,28
1498953600000,201727,22.0,22,22,22,0.0020363082,12.780666,0,1,522185820172719589,2023-08-20,Valparaíso de Goiás,0,0.4873146,172135,11.2857142857143,77.0,0,0,1,70.051588,61.4285714285714,12.515873,14.0,6,,,,,40826,2017-07-02,5221858,Valparaiso de Goias,GO,2017,27
1498348800000,201726,26.0,26,26,26,4.51445e-05,15.1044235,0,1,522185820172619589,2023-08-20,Valparaíso de Goiás,0,0.41928968,172135,13.2857142857143,77.5714285714286,0,0,1,66.5651928571429,55.2857142857143,15.3472221428571,16.8571428571429,12,,,,,40826,2017-06-25,5221858,Valparaiso de Goias,GO,2017,26
1497744000000,201725,46.0,46,46,46,0.0018135888,26.723211,0,1,522185820172519589,2023-08-20,Valparaíso de Goiás,0,0.58890224,172135,12.7142857142857,80.8571428571429,0,0,1,73.7301592857143,65.7142857142857,14.156746,16.1428571428571,28,,,,,40826,2017-06-18,5221858,Valparaiso de Goias,GO,2017,25
1497139200000,201724,59.0,59,59,59,0.0047942754,34.275425,0,1,522185820172419589,2023-08-20,Valparaíso de Goiás,0,0.6522224,172135,14.2857142857143,89.8571428571429,0,0,1,80.9348071428571,69.2857142857143,16.1686507142857,18.8571428571429,27,,,,,40826,2017-06-11,5221858,Valparaiso de Goias,GO,2017,24
1496534400000,201723,86.0,86,86,86,0.14009596,49.960785,0,4,522185820172319589,2023-08-20,Valparaíso de Goiás,0,0.8538914,172135,15.1428571428571,94.0,0,0,2,88.2103171428571,81.2857142857143,16.6805557142857,18.5714285714286,45,,,,,40826,2017-06-04,5221858,Valparaiso de Goias,GO,2017,23
1495929600000,201722,86.0,86,86,86,0.085808255,49.960785,0,4,522185820172219589,2023-08-20,Valparaíso de Goiás,0,0.8203955,172135,16.8571428571429,93.1428571428571,0,0,2,86.6031742857143,79.8571428571429,18.3988094285714,20.1428571428571,53,,,,,40826,2017-05-28,5221858,Valparaiso de Goias,GO,2017,22
1495324800000,201721,106.0,106,106,106,0.6329934,61.579575,0,4,522185820172119589,2023-08-20,Valparaíso de Goiás,0,1.0482607,172135,18.0,95.0,0,0,2,91.1206342857143,85.2857142857143,19.0083334285714,20.4285714285714,65,,,,,40826,2017-05-21,5221858,Valparaiso de Goias,GO,2017,21
1494720000000,201720,112.0,112,112,112,0.85517627,65.06521,0,4,522185820172019589,2023-08-20,Valparaíso de Goiás,0,1.157758,172135,17.0,97.4285714285714,0,0,2,89.9309864285714,79.7142857142857,18.9165981428571,20.8571428571429,72,,,,,40826,2017-05-14,5221858,Valparaiso de Goias,GO,2017,20
1494115200000,201719,101.0,101,101,101,0.5991256,58.674877,0,4,522185820171919589,2023-08-20,Valparaíso de Goiás,0,1.0362136,172135,16.0,89.0,0,0,2,79.252551,69.5714285714286,17.7653061428571,20.1428571428571,53,,,,,40826,2017-05-07,5221858,Valparaiso de Goias,GO,2017,19
1493510400000,201718,92.0,92,92,92,0.22008543,53.446423,0,4,522185820171819589,2023-08-20,Valparaíso de Goiás,0,0.89540976,172135,16.8571428571429,94.8571428571429,0,0,2,84.5280614285714,75.2857142857143,18.9260202857143,20.7142857142857,53,,,,,40826,2017-04-30,5221858,Valparaiso de Goias,GO,2017,18
1492905600000,201717,98.0,98,98,98,0.27312663,56.93206,0,4,522185820171719589,2023-08-20,Valparaíso de Goiás,0,0.9192201,172135,19.2857142857143,96.5714285714286,1,0,2,91.2924264285714,82.4285714285714,20.4856175714286,22.4285714285714,43,,,,,40826,2017-04-23,5221858,Valparaiso de Goias,GO,2017,17
1492300800000,201716,98.0,98,98,98,0.42812464,56.93206,0,4,522185820171619589,2023-08-20,Valparaíso de Goiás,0,0.97466713,172135,18.4285714285714,91.7142857142857,1,0,2,85.4999984285714,75.8571428571429,19.9875282857143,21.8571428571429,39,,,,,40826,2017-04-16,5221858,Valparaiso de Goias,GO,2017,16
1491696000000,201715,120.0,120,120,120,0.97777814,69.71272,0,4,522185820171519589,2023-08-20,Valparaíso de Goiás,0,1.3199127,172135,17.8571428571429,92.4285714285714,0,1,2,80.7494321428571,65.1428571428571,20.2063492857143,23.0,36,,,,,40826,2017-04-09,5221858,Valparaiso de Goias,GO,2017,15
1491091200000,201714,103.0,103,103,103,0.93145096,59.836758,0,4,522185820171419589,2023-08-20,Valparaíso de Goiás,0,1.2439495,172135,18.0,94.0,0,0,2,87.0733742857143,78.4285714285714,19.8468507142857,21.8571428571429,39,,,,,40826,2017-04-02,5221858,Valparaiso de Goias,GO,2017,14
1490486400000,201713,81.0,81,81,81,0.7985237,47.05609,0,4,522185820171319589,2023-08-20,Valparaíso de Goiás,0,1.145199,172135,18.5714285714286,97.4285714285714,1,0,2,90.9754791428571,81.1428571428571,19.875263,21.2857142857143,30,,,,,40826,2017-03-26,5221858,Valparaiso de Goias,GO,2017,13
1489881600000,201712,97.0,97,97,97,0.9985947,56.35112,0,4,522185820171219589,2023-08-20,Valparaíso de Goiás,0,1.6204681,172135,18.2857142857143,96.5714285714286,1,1,2,89.9855434285714,80.5714285714286,19.6284012857143,21.7142857142857,29,,,,,40826,2017-03-19,5221858,Valparaiso de Goias,GO,2017,12
1489276800000,201711,64.0,64,64,64,0.754321,37.18012,0,4,522185820171119589,2023-08-20,Valparaíso de Goiás,0,1.1332376,172135,18.2857142857143,92.7142857142857,1,0,2,82.5025514285714,69.1428571428571,21.0408164285714,23.4285714285714,27,,,,,40826,2017-03-12,5221858,Valparaiso de Goias,GO,2017,11
1488672000000,201710,60.0,60,60,60,0.4764025,34.85636,0,1,522185820171019589,2023-08-20,Valparaíso de Goiás,0,0.989318,172135,20.2857142857143,90.0,0,0,2,80.1154762857143,67.0,22.0928571428571,24.1428571428571,34,,,,,40826,2017-03-05,5221858,Valparaiso de Goias,GO,2017,10
1488067200000,201709,47.0,47,47,47,0.063540086,27.304152,0,1,522185820170919589,2023-08-20,Valparaíso de Goiás,0,0.7471466,172135,18.0,97.1428571428571,0,0,1,89.6066791428571,80.1428571428571,19.7307515714286,21.4285714285714,27,,,,,40826,2017-02-26,5221858,Valparaiso de Goias,GO,2017,9
1487462400000,201708,65.0,65,65,65,0.63065106,37.76106,0,4,522185820170819589,2023-08-20,Valparaíso de Goiás,0,1.0609767,172135,19.5714285714286,90.5714285714286,1,0,2,82.4666671428571,71.5714285714286,21.470238,23.4285714285714,26,,,,,40826,2017-02-19,5221858,Valparaiso de Goias,GO,2017,8
1486857600000,201707,70.0,70,70,70,0.79432225,40.665756,0,2,522185820170719589,2023-08-20,Valparaíso de Goiás,0,1.1542746,172135,19.1428571428571,94.8571428571429,1,0,2,84.2842971428571,67.0,20.8106578571429,22.5714285714286,36,,,,,40826,2017-02-12,5221858,Valparaiso de Goias,GO,2017,7
1486252800000,201706,53.0,53,53,53,0.35845953,30.789787,0,2,522185820170619589,2023-08-20,Valparaíso de Goiás,0,0.9333574,172135,19.5714285714286,95.7142857142857,1,0,1,90.7521895714286,79.7142857142857,20.9316501428571,23.1428571428571,30,,,,,40826,2017-02-05,5221858,Valparaiso de Goias,GO,2017,6
1485648000000,201705,67.0,67,67,67,0.9633855,38.92294,0,4,522185820170519589,2023-08-20,Valparaíso de Goiás,0,1.3984149,172135,19.5714285714286,90.7142857142857,1,1,2,83.3244995714286,74.4285714285714,21.0728368571429,22.8571428571429,37,,,,,40826,2017-01-29,5221858,Valparaiso de Goias,GO,2017,5
1485043200000,201704,60.0,60,60,60,0.9708658,34.85636,0,2,522185820170419589,2023-08-20,Valparaíso de Goiás,0,1.4600283,172135,18.7142857142857,96.0,1,1,2,85.9585037142857,73.8571428571429,20.4312927142857,23.0,37,,,,,40826,2017-01-22,5221858,Valparaiso de Goias,GO,2017,4
1484438400000,201703,49.0,49,49,49,0.7777586,28.46603,0,1,522185820170319589,2023-08-20,Valparaíso de Goiás,0,1.1735684,172135,18.7142857142857,94.8571428571429,1,0,1,85.686888,66.5714285714286,20.707794,23.4285714285714,33,,,,,40826,2017-01-15,5221858,Valparaiso de Goias,GO,2017,3
1483833600000,201702,32.0,32,32,32,0.25899363,18.59006,0,1,522185820170219589,2023-08-20,Valparaíso de Goiás,0,0.85679847,172135,19.8571428571429,90.7142857142857,1,0,1,83.31172,68.8571428571429,21.6940901428571,23.7142857142857,19,,,,,40826,2017-01-08,5221858,Valparaiso de Goias,GO,2017,2
1483228800000,201701,41.0,41,41,41,0.9960597,23.818514,0,1,522185820170119589,2023-08-20,Valparaíso de Goiás,0,1.9994181,172135,19.7142857142857,87.4285714285714,0,1,1,72.289117,56.2857142857143,22.7341267142857,25.7142857142857,21,,,,,40826,2017-01-01,5221858,Valparaiso de Goias,GO,2017,1
1482624000000,201652,61.0,61,61,61,1.0,35.4373,0,1,522185820165219589,2023-08-20,Valparaíso de Goiás,0,7.308868,172135,19.0,92.2857142857143,1,1,2,77.8925728571429,62.8571428571429,21.828456,24.7142857142857,14,,,,,40826,2016-12-25,5221858,Valparaiso de Goias,GO,2016,52
1482019200000,201651,4.0,4,4,4,0.3674537,2.3237574,0,1,522185820165119589,2023-08-20,Valparaíso de Goiás,0,0.80541927,172135,20.1428571428571,85.2857142857143,0,0,0,74.4387757142857,61.2857142857143,22.1479591428571,24.5714285714286,1,,,,,40826,2016-12-18,5221858,Valparaiso de Goias,GO,2016,51
1481414400000,201650,7.0,7,7,7,0.8417288,4.0665755,0,2,522185820165019589,2023-08-20,Valparaíso de Goiás,0,1.8169712,172135,19.7142857142857,95.7142857142857,1,0,1,89.082014,79.2857142857143,20.8965221428571,22.4285714285714,4,,,,,40826,2016-12-11,5221858,Valparaiso de Goias,GO,2016,50
1480809600000,201649,4.0,4,4,4,0.77825516,2.3237574,0,1,522185820164919589,2023-08-20,Valparaíso de Goiás,0,1.7947797,172135,20.0,92.2857142857143,1,0,0,85.1367972857143,72.5714285714286,21.5807042857143,23.8571428571429,2,,,,,40826,2016-12-04,5221858,Valparaiso de Goias,GO,2016,49
1480204800000,201648,6.0,6,6,6,0.9574385,3.4856362,0,1,522185820164819589,2023-08-20,Valparaíso de Goiás,0,3.6131198,172135,18.7142857142857,95.7142857142857,1,1,1,87.5812262857143,75.5714285714286,21.4258894285714,24.5714285714286,4,,,,,40826,2016-11-27,5221858,Valparaiso de Goias,GO,2016,48
1479600000000,201647,0.0,0,0,0,0.0,0.0,0,1,522185820164719589,2023-08-20,Valparaíso de Goiás,0,0.0,172135,19.1666666666667,98.0,0,0,0,89.8182611666667,81.1666666666667,20.6537588333333,22.5,0,,,,,40826,2016-11-20,5221858,Valparaiso de Goias,GO,2016,47
1478995200000,201646,2.0,2,2,2,0.19711803,1.1618787,0,2,522185820164619589,2023-08-20,Valparaíso de Goiás,0,0.5121977,172135,19.0,98.2857142857143,1,0,0,88.4113421428571,76.4285714285714,20.5806982857143,22.7142857142857,2,,,,,40826,2016-11-13,5221858,Valparaiso de Goias,GO,2016,46
1478390400000,201645,1.0,1,1,1,0.056300636,0.58093935,0,1,522185820164519589,2023-08-20,Valparaíso de Goiás,0,0.24092293,172135,19.2857142857143,94.1428571428571,1,0,0,86.5108848571429,75.7142857142857,20.9880951428571,23.1428571428571,0,,,,,40826,2016-11-06,5221858,Valparaiso de Goias,GO,2016,45
1477785600000,201644,5.0,5,5,5,0.8188744,2.904697,0,1,522185820164419589,2023-08-20,Valparaíso de Goiás,0,1.8932623,172135,19.8571428571429,93.4285714285714,1,0,0,85.7820195714286,75.5714285714286,21.1360837142857,22.4285714285714,2,,,,,40826,2016-10-30,5221858,Valparaiso de Goias,GO,2016,44
1477180800000,201643,6.0,6,6,6,0.9675174,3.4856362,0,1,522185820164319589,2023-08-20,Valparaíso de Goiás,0,4.1263466,172135,19.2857142857143,87.0,0,1,1,76.2435685714286,62.8571428571429,21.2112748571429,23.7142857142857,1,,,,,40826,2016-10-23,5221858,Valparaiso de Goias,GO,2016,43
1476576000000,201642,2.0,2,2,2,0.5837688,1.1618787,0,1,522185820164219589,2023-08-20,Valparaíso de Goiás,0,1.2189342,172135,20.2857142857143,80.4285714285714,0,0,0,71.1638888571429,58.2857142857143,21.9146827142857,24.2857142857143,1,,,,,40826,2016-10-16,5221858,Valparaiso de Goias,GO,2016,42
1475971200000,201641,0.0,0,0,0,0.0,0.0,0,1,522185820164119589,2023-08-20,Valparaíso de Goiás,0,0.0,172135,20.1428571428571,75.2857142857143,0,0,0,67.3004545714286,55.7142857142857,21.5955212857143,23.5714285714286,0,,,,,40826,2016-10-09,5221858,Valparaiso de Goias,GO,2016,41
1475366400000,201640,2.0,2,2,2,0.6502247,1.1618787,0,1,522185820164019589,2023-08-20,Valparaíso de Goiás,0,1.4529266,172135,18.0,90.7142857142857,0,0,0,80.3370985714286,68.4285714285714,20.0352565714286,22.2857142857143,0,,,,,40826,2016-10-02,5221858,Valparaiso de Goias,GO,2016,40
1474761600000,201639,3.0,3,3,3,0.8282694,1.7428181,0,1,522185820163919589,2023-08-20,Valparaíso de Goiás,0,2.3711298,172135,17.7142857142857,94.0,0,0,0,84.3971092857143,72.5714285714286,19.8089564285714,22.8571428571429,1,,,,,40826,2016-09-25,5221858,Valparaiso de Goias,GO,2016,39
1474156800000,201638,0.0,0,0,0,0.0,0.0,0,1,522185820163819589,2023-08-20,Valparaíso de Goiás,0,0.0,172135,18.2857142857143,80.1428571428571,0,0,0,68.0518615714286,53.7142857142857,20.0165567142857,22.8571428571429,0,,,,,40826,2016-09-18,5221858,Valparaiso de Goias,GO,2016,38
1473552000000,201637,2.0,2,2,2,0.63039315,1.1618787,0,1,522185820163719589,2023-08-20,Valparaíso de Goiás,0,1.3756064,172135,14.7142857142857,73.5714285714286,0,0,0,59.3626411428571,44.1428571428571,17.8866214285714,21.1428571428571,0,,,,,40826,2016-09-11,5221858,Valparaiso de Goias,GO,2016,37
1472947200000,201636,1.0,1,1,1,0.22716926,0.58093935,0,1,522185820163619589,2023-08-20,Valparaíso de Goiás,0,0.46769175,172135,14.5714285714286,73.5714285714286,0,0,0,59.6295342857143,46.8571428571429,17.3146257142857,20.4285714285714,1,,,,,40826,2016-09-04,5221858,Valparaiso de Goias,GO,2016,36
1472342400000,201635,1.0,1,1,1,0.15869024,0.58093935,0,1,522185820163519589,2023-08-20,Valparaíso de Goiás,0,0.37654647,172135,15.2857142857143,79.0,0,0,0,61.1159295714286,42.4285714285714,19.5615075714286,23.8571428571429,0,,,,,40826,2016-08-28,5221858,Valparaiso de Goias,GO,2016,35
1471737600000,201634,2.0,2,2,2,0.33892035,1.1618787,0,1,522185820163419589,2023-08-20,Valparaíso de Goiás,0,0.70564556,172135,13.4285714285714,85.0,0,0,0,70.3480991428571,54.7142857142857,17.0159275714286,21.0,0,,,,,40826,2016-08-21,5221858,Valparaiso de Goias,GO,2016,34
1471132800000,201633,4.0,4,4,4,0.57950467,2.3237574,0,1,522185820163319589,2023-08-20,Valparaíso de Goiás,0,1.1489325,172135,16.4285714285714,78.7142857142857,0,0,0,68.9680478571429,58.4285714285714,18.7260538571429,20.8571428571429,1,,,,,40826,2016-08-14,5221858,Valparaiso de Goias,GO,2016,33
1470528000000,201632,1.0,1,1,1,0.031494066,0.58093935,0,1,522185820163219589,2023-08-20,Valparaíso de Goiás,0,0.20044996,172135,13.4285714285714,74.1428571428571,0,0,0,61.0568771428571,47.4285714285714,16.3796294285714,20.1428571428571,0,,,,,40826,2016-08-07,5221858,Valparaiso de Goias,GO,2016,32
1469923200000,201631,5.0,5,5,5,0.18459983,2.904697,0,1,522185820163119589,2023-08-20,Valparaíso de Goiás,0,0.61465126,172135,11.8571428571429,83.8571428571429,0,0,0,67.3651914285714,49.7142857142857,15.1477325714286,18.8571428571429,4,,,,,40826,2016-07-31,5221858,Valparaiso de Goias,GO,2016,31
1469318400000,201630,2.0,2,2,2,0.0027529218,1.1618787,0,1,522185820163019589,2023-08-20,Valparaíso de Goiás,0,0.17808439,172135,12.4285714285714,79.1428571428571,0,0,0,65.7624717142857,53.7142857142857,15.5039682857143,18.5714285714286,1,,,,,40826,2016-07-24,5221858,Valparaiso de Goias,GO,2016,30
1468713600000,201629,9.0,9,9,9,0.12438936,5.2284546,0,1,522185820162919589,2023-08-20,Valparaíso de Goiás,0,0.6223955,172135,11.7142857142857,83.0,0,0,1,69.3151912857143,55.1428571428571,14.6000565714286,17.8571428571429,8,,,,,40826,2016-07-17,5221858,Valparaiso de Goias,GO,2016,29
1468108800000,201628,13.0,13,13,13,0.13187069,7.5522118,0,1,522185820162819589,2023-08-20,Valparaíso de Goiás,0,0.675557,172135,10.2857142857143,89.4285714285714,0,0,1,75.4257362857143,57.1428571428571,13.4325398571429,17.4285714285714,10,,,,,40826,2016-07-10,5221858,Valparaiso de Goias,GO,2016,28
1467504000000,201627,10.0,10,10,10,0.004626563,5.809394,0,1,522185820162719589,2023-08-20,Valparaíso de Goiás,0,0.400912,172135,14.1428571428571,82.7142857142857,0,0,1,71.2820285714286,56.2857142857143,16.170068,18.8571428571429,6,,,,,40826,2016-07-03,5221858,Valparaiso de Goias,GO,2016,27
1466899200000,201626,23.0,23,23,23,0.050355107,13.361606,0,1,522185820162619589,2023-08-20,Valparaíso de Goiás,0,0.64960593,172135,12.2857142857143,88.8571428571429,0,0,1,74.8065812857143,57.2857142857143,14.41523,17.0,15,,,,,40826,2016-06-26,5221858,Valparaiso de Goias,GO,2016,26
1466294400000,201625,21.0,21,21,21,0.0001607882,12.199727,0,1,522185820162519589,2023-08-20,Valparaíso de Goiás,0,0.41303724,172135,11.8571428571429,94.0,0,0,1,80.1425732857143,66.1428571428571,14.3024375714286,17.2857142857143,13,,,,,40826,2016-06-19,5221858,Valparaiso de Goias,GO,2016,25
1465689600000,201624,30.0,30,30,30,0.0004242633,17.42818,0,1,522185820162419589,2023-08-20,Valparaíso de Goiás,0,0.48838595,172135,11.5714285714286,94.8571428571429,0,0,1,84.1095234285714,70.8571428571429,14.0441041428571,16.8571428571429,11,,,,,40826,2016-06-12,5221858,Valparaiso de Goias,GO,2016,24
1465084800000,201623,53.0,53,53,53,0.14002112,30.789787,0,1,522185820162319589,2023-08-20,Valparaíso de Goiás,0,0.81959045,172135,14.7142857142857,96.7142857142857,0,0,1,85.0391148571429,71.2857142857143,17.3015871428571,20.2857142857143,31,,,,,40826,2016-06-05,5221858,Valparaiso de Goias,GO,2016,23
1464480000000,201622,75.0,75,75,75,0.6231852,43.570454,0,1,522185820162219589,2023-08-20,Valparaíso de Goiás,0,1.0531361,172135,13.0,93.1428571428571,0,0,2,81.6394545714286,68.4285714285714,15.8486394285714,18.8571428571429,52,,,,,40826,2016-05-29,5221858,Valparaiso de Goias,GO,2016,22
1463875200000,201621,52.0,52,52,52,0.00154237,30.208847,0,1,522185820162119589,2023-08-20,Valparaíso de Goiás,0,0.6008778,172135,15.4285714285714,95.7142857142857,0,0,1,82.2964865714286,67.5714285714286,18.0731294285714,20.8571428571429,35,,,,,40826,2016-05-22,5221858,Valparaiso de Goias,GO,2016,21
1463270400000,201620,77.0,77,77,77,0.0040489836,44.73233,0,4,522185820162019589,2023-08-20,Valparaíso de Goiás,0,0.6793762,172135,17.8571428571429,94.0,0,0,2,85.986962,74.7142857142857,19.2891154285714,21.4285714285714,41,,,,,40826,2016-05-15,5221858,Valparaiso de Goias,GO,2016,20
1462665600000,201619,69.0,69,69,69,1.11e-07,40.084816,0,4,522185820161919589,2023-08-20,Valparaíso de Goiás,0,0.48062304,172135,15.5714285714286,88.1428571428571,0,0,2,75.1598618571429,59.2857142857143,18.2619048571429,21.4285714285714,50,,,,,40826,2016-05-08,5221858,Valparaiso de Goias,GO,2016,19
1462060800000,201618,121.0,121,121,121,0.002134247,70.29366,0,4,522185820161819589,2023-08-20,Valparaíso de Goiás,0,0.7137691,172135,15.4285714285714,94.0,0,0,2,81.981576,68.7142857142857,17.8897392857143,20.8571428571429,55,,,,,40826,2016-05-01,5221858,Valparaiso de Goias,GO,2016,18
1461456000000,201617,138.0,138,138,138,0.0041425982,80.16963,0,4,522185820161719589,2023-08-20,Valparaíso de Goiás,0,0.74462634,172135,17.0,94.0,0,0,2,85.6716438571429,68.8571428571429,18.850505,21.7142857142857,59,,,,,40826,2016-04-24,5221858,Valparaiso de Goias,GO,2016,17
1460851200000,201616,185.0,185,185,185,0.32294428,107.473785,0,4,522185820161619589,2023-08-20,Valparaíso de Goiás,0,0.95393217,172135,16.5714285714286,88.0,0,0,2,67.2322385714286,43.1428571428571,20.5540441428571,24.8571428571429,82,,,,,40826,2016-04-17,5221858,Valparaiso de Goias,GO,2016,16
1460246400000,201615,182.0,182,182,182,0.39572316,105.730965,0,4,522185820161519589,2023-08-20,Valparaíso de Goiás,0,0.97287554,172135,16.2857142857143,89.0,0,0,2,58.2568032857143,24.5714285714286,22.7471658571429,28.7142857142857,105,,,,,40826,2016-04-10,5221858,Valparaiso de Goias,GO,2016,15
1459641600000,201614,200.0,200,200,200,0.9868011,116.187874,0,4,522185820161419589,2023-08-20,Valparaíso de Goiás,0,1.2651646,172135,17.1428571428571,91.5714285714286,0,1,2,80.3276642857143,66.1428571428571,19.5107708571429,22.5714285714286,116,,,,,40826,2016-04-03,5221858,Valparaiso de Goias,GO,2016,14
1459036800000,201613,211.0,211,211,211,0.9999919,122.57821,0,4,522185820161319589,2023-08-20,Valparaíso de Goiás,0,1.6028565,172135,16.4285714285714,96.5714285714286,0,1,2,87.1434238571429,76.0,18.3407027142857,20.5714285714286,111,,,,,40826,2016-03-27,5221858,Valparaiso de Goias,GO,2016,13
1458432000000,201612,159.0,159,159,159,0.93232524,92.36936,0,4,522185820161219589,2023-08-20,Valparaíso de Goiás,0,1.1909028,172135,17.4285714285714,96.5714285714286,0,0,2,89.8616778571429,80.2857142857143,18.929705,20.8571428571429,86,,,,,40826,2016-03-20,5221858,Valparaiso de Goias,GO,2016,12
1457827200000,201611,104.0,104,104,104,0.0008859743,60.417694,0,4,522185820161119589,2023-08-20,Valparaíso de Goiás,0,0.6754676,172135,17.2857142857143,95.8571428571429,0,0,2,87.914682,77.1428571428571,19.1309525714286,21.5714285714286,59,,,,,40826,2016-03-13,5221858,Valparaiso de Goias,GO,2016,11
1457222400000,201610,128.0,128,128,128,0.007558777,74.36024,0,4,522185820161019589,2023-08-20,Valparaíso de Goiás,0,0.7538362,172135,19.7142857142857,99.1428571428571,1,0,2,90.8820865714286,80.0,20.6164965714286,22.0,67,,,,,40826,2016-03-06,5221858,Valparaiso de Goias,GO,2016,10
1456617600000,201609,157.0,157,157,157,0.30477357,91.20748,0,4,522185820160919589,2023-08-20,Valparaíso de Goiás,0,0.9448229,172135,19.0,95.7142857142857,1,0,2,88.2529098571429,76.7142857142857,20.6726508571429,22.4285714285714,92,,,,,40826,2016-02-28,5221858,Valparaiso de Goias,GO,2016,9
1456012800000,201608,183.0,183,183,183,0.93948525,106.311905,0,4,522185820160819589,2023-08-20,Valparaíso de Goiás,0,1.1839645,172135,17.2857142857143,96.8571428571429,0,0,2,89.1411558571429,80.2857142857143,18.72449,20.8571428571429,125,,,,,40826,2016-02-21,5221858,Valparaiso de Goias,GO,2016,8
1455408000000,201607,183.0,183,183,183,0.92132556,106.311905,0,4,522185820160719589,2023-08-20,Valparaíso de Goiás,0,1.165812,172135,17.5714285714286,94.0,0,0,2,85.2006808571429,65.7142857142857,19.4691558571429,21.5714285714286,135,,,,,40826,2016-02-14,5221858,Valparaiso de Goias,GO,2016,7
1454803200000,201606,127.0,127,127,127,0.007166885,73.779305,0,4,522185820160619589,2023-08-20,Valparaíso de Goiás,0,0.7514801,172135,18.5714285714286,94.8571428571429,1,0,2,70.5996,37.1428571428571,23.3761632857143,29.1428571428571,82,,,,,40826,2016-02-07,5221858,Valparaiso de Goias,GO,2016,6
1454198400000,201605,165.0,165,165,165,0.037695978,95.854996,0,4,522185820160519589,2023-08-20,Valparaíso de Goiás,0,0.829758,172135,16.7142857142857,96.5714285714286,0,0,2,69.3639462857143,34.7142857142857,22.9293205714286,29.0,105,,,,,40826,2016-01-31,5221858,Valparaiso de Goias,GO,2016,5
1453593600000,201604,168.0,168,168,168,0.0001567184,97.59782,0,4,522185820160419589,2023-08-20,Valparaíso de Goiás,0,0.6983143,172135,19.1428571428571,97.4285714285714,1,0,2,88.2325914285714,76.2857142857143,20.553884,22.4285714285714,111,,,,,40826,2016-01-24,5221858,Valparaiso de Goias,GO,2016,4
1452988800000,201603,159.0,159,159,159,0.000414344,92.36936,0,4,522185820160319589,2023-08-20,Valparaíso de Goiás,0,0.7091518,172135,19.4285714285714,96.5714285714286,1,0,2,91.8866034285714,83.8571428571429,20.3352258571429,21.7142857142857,104,,,,,40826,2016-01-17,5221858,Valparaiso de Goias,GO,2016,3
1452384000000,201602,284.0,284,284,284,1.0,164.98679,0,4,522185820160219589,2023-08-20,Valparaíso de Goiás,0,1.9836326,172135,19.8571428571429,96.5714285714286,1,1,2,91.8952377142857,85.0,20.4555558571429,21.7142857142857,191,,,,,40826,2016-01-10,5221858,Valparaiso de Goias,GO,2016,2
1451779200000,201601,311.0,311,311,311,1.0,180.67215,0,4,522185820160119589,2023-08-20,Valparaíso de Goiás,0,3.578795,172135,19.8571428571429,95.7142857142857,1,1,2,92.1944434285714,87.0,20.3042657142857,21.2857142857143,205,,,,,40826,2016-01-03,5221858,Valparaiso de Goias,GO,2016,1
1451174400000,201552,77.0,77,77,77,0.69654465,44.73233,0,4,522185820155219589,2023-08-20,Valparaíso de Goiás,0,1.0881158,172135,18.7142857142857,97.4285714285714,1,0,2,88.9041938571429,79.7142857142857,19.7125842857143,21.4285714285714,60,,,,,40826,2015-12-27,5221858,Valparaiso de Goias,GO,2015,52
1450569600000,201551,71.0,71,71,71,0.821913,41.246696,0,4,522185820155119589,2023-08-20,Valparaíso de Goiás,0,1.1743271,172135,18.1428571428571,93.4285714285714,1,0,2,81.7665335714286,70.7142857142857,20.3035714285714,22.7142857142857,33,,,,,40826,2015-12-20,5221858,Valparaiso de Goias,GO,2015,51
1449964800000,201550,82.0,82,82,82,0.9992332,47.637028,0,3,522185820155019589,2023-08-20,Valparaíso de Goiás,0,1.7654821,172135,18.2857142857143,93.1428571428571,1,1,2,82.9737322857143,69.8571428571429,19.9398998571429,22.1428571428571,37,,,,,40826,2015-12-13,5221858,Valparaiso de Goias,GO,2015,50
1449360000000,201549,57.0,57,57,57,0.99517447,33.113544,0,2,522185820154919589,2023-08-20,Valparaíso de Goiás,0,1.7404658,172135,18.4285714285714,96.5714285714286,1,1,1,81.6306114285714,56.7142857142857,21.272789,25.7142857142857,25,,,,,40826,2015-12-06,5221858,Valparaiso de Goias,GO,2015,49
1448755200000,201548,52.0,52,52,52,0.99934375,30.208847,0,2,522185820154819589,2023-08-20,Valparaíso de Goiás,0,2.131831,172135,18.7142857142857,94.8571428571429,1,1,1,70.8344028571429,37.2857142857143,23.9021398571429,30.2857142857143,22,,,,,40826,2015-11-29,5221858,Valparaiso de Goias,GO,2015,48
1448150400000,201547,25.0,25,25,25,0.74574643,14.523484,0,1,522185820154719589,2023-08-20,Valparaíso de Goiás,0,1.2147373,172135,18.7142857142857,97.4285714285714,1,0,1,77.7202051428571,37.7142857142857,22.4175107142857,29.1428571428571,13,,,,,40826,2015-11-22,5221858,Valparaiso de Goias,GO,2015,47
1447545600000,201546,25.0,25,25,25,0.8334995,14.523484,0,1,522185820154619589,2023-08-20,Valparaíso de Goiás,0,1.3387078,172135,19.1428571428571,94.8571428571429,1,0,1,79.5603714285714,46.0,22.4648577142857,28.4285714285714,13,,,,,40826,2015-11-15,5221858,Valparaiso de Goias,GO,2015,46
1446940800000,201545,18.0,18,18,18,0.618973,10.456909,0,1,522185820154519589,2023-08-20,Valparaíso de Goiás,0,1.1076998,172135,17.5714285714286,82.5714285714286,0,0,1,50.3418361428571,18.0,25.0438774285714,32.5714285714286,7,,,,,40826,2015-11-08,5221858,Valparaiso de Goias,GO,2015,45
1446336000000,201544,21.0,21,21,21,0.8752357,12.199727,0,1,522185820154419589,2023-08-20,Valparaíso de Goiás,0,1.472197,172135,18.0,94.25,0,0,1,64.834939875,22.375,23.845613,31.125,12,,,,,40826,2015-11-01,5221858,Valparaiso de Goias,GO,2015,44
1445731200000,201543,16.0,16,16,16,0.68940526,9.29503,0,1,522185820154319589,2023-08-20,Valparaíso de Goiás,0,1.197423,172135,18.5714285714286,94.0,1,0,1,74.2970257142857,32.4285714285714,22.5373938571429,28.0,7,,,,,40826,2015-10-25,5221858,Valparaiso de Goias,GO,2015,43
1445126400000,201542,12.0,12,12,12,0.4370316,6.9712725,0,1,522185820154219589,2023-08-20,Valparaíso de Goiás,0,0.93928623,172135,17.1428571428571,77.1428571428571,0,0,1,46.4860485714286,20.1428571428571,25.4464884285714,33.2857142857143,2,,,,,40826,2015-10-18,5221858,Valparaiso de Goias,GO,2015,42
1444521600000,201541,16.0,16,16,16,0.6554839,9.29503,0,1,522185820154119589,2023-08-20,Valparaíso de Goiás,0,1.1556311,172135,16.1428571428571,66.7142857142857,0,0,1,35.5308012857143,9.85714285714286,25.3737717142857,33.2857142857143,5,,,,,40826,2015-10-11,5221858,Valparaiso de Goias,GO,2015,41
1443916800000,201540,10.0,10,10,10,0.17769262,5.809394,0,1,522185820154019589,2023-08-20,Valparaíso de Goiás,0,0.690527,172135,17.5714285714286,84.0,0,0,1,50.7846942857143,20.1428571428571,24.9978081428571,32.7142857142857,3,,,,,40826,2015-10-04,5221858,Valparaiso de Goias,GO,2015,40
1443312000000,201539,13.0,13,13,13,0.54979867,7.5522118,0,1,522185820153919589,2023-08-20,Valparaíso de Goiás,0,1.0500945,172135,16.5714285714286,88.4285714285714,0,0,1,54.077763,20.4285714285714,23.6662562857143,31.0,7,,,,,40826,2015-09-27,5221858,Valparaiso de Goias,GO,2015,39
1442707200000,201538,20.0,20,20,20,0.95734316,11.618788,0,1,522185820153819589,2023-08-20,Valparaíso de Goiás,0,1.8730679,172135,14.7142857142857,73.8571428571429,0,1,1,40.6734691428571,10.1428571428571,24.3418368571429,33.1428571428571,9,,,,,40826,2015-09-20,5221858,Valparaiso de Goias,GO,2015,38
1442102400000,201537,9.0,9,9,9,0.36737722,5.2284546,0,1,522185820153719589,2023-08-20,Valparaíso de Goiás,0,0.8602466,172135,16.2857142857143,84.1428571428571,0,0,1,57.0918375714286,26.2857142857143,22.607143,29.4285714285714,5,,,,,40826,2015-09-13,5221858,Valparaiso de Goias,GO,2015,37
1441497600000,201536,11.0,11,11,11,0.46421093,6.390333,0,1,522185820153619589,2023-08-20,Valparaíso de Goiás,0,0.9634381,172135,17.0,81.4285714285714,0,0,1,55.8860647142857,24.2857142857143,23.6015798571429,30.8571428571429,5,,,,,40826,2015-09-06,5221858,Valparaiso de Goias,GO,2015,36
1440892800000,201535,10.0,10,10,10,0.31001246,5.809394,0,1,522185820153519589,2023-08-20,Valparaíso de Goiás,0,0.81331205,172135,12.7142857142857,80.5714285714286,0,0,1,43.9671204285714,13.0,22.354308,31.2857142857143,4,,,,,40826,2015-08-30,5221858,Valparaiso de Goias,GO,2015,35
1440288000000,201534,10.0,10,10,10,0.2941157,5.809394,0,1,522185820153419589,2023-08-20,Valparaíso de Goiás,0,0.79878473,172135,14.0,82.5714285714286,0,0,1,47.7384612857143,15.1428571428571,22.6258045714286,30.7142857142857,6,,,,,40826,2015-08-23,5221858,Valparaiso de Goias,GO,2015,34
1439683200000,201533,16.0,16,16,16,0.50472987,9.29503,0,1,522185820153319589,2023-08-20,Valparaíso de Goiás,0,1.0041503,172135,12.7142857142857,85.5714285714286,0,0,1,53.7023218571429,17.7142857142857,20.4750174285714,28.5714285714286,4,,,,,40826,2015-08-16,5221858,Valparaiso de Goias,GO,2015,33
1439078400000,201532,9.0,9,9,9,0.009061412,5.2284546,0,1,522185820153219589,2023-08-20,Valparaíso de Goiás,0,0.414508,172135,11.1428571428571,83.1428571428571,0,0,1,55.3128078571429,21.5714285714286,18.1850808571429,25.8571428571429,5,,,,,40826,2015-08-09,5221858,Valparaiso de Goias,GO,2015,32
1438473600000,201531,12.0,12,12,12,0.011197035,6.9712725,0,1,522185820153119589,2023-08-20,Valparaíso de Goiás,0,0.4669215,172135,9.71428571428571,83.5714285714286,0,0,1,49.9438775714286,15.0,18.7755101428571,27.2857142857143,6,,,,,40826,2015-08-02,5221858,Valparaiso de Goias,GO,2015,31
1437868800000,201530,28.0,28,28,28,0.415455,16.266302,0,1,522185820153019589,2023-08-20,Valparaíso de Goiás,0,0.94566065,172135,13.4285714285714,82.7142857142857,0,0,1,50.6590141428571,19.7142857142857,20.8265307142857,27.2857142857143,13,,,,,40826,2015-07-26,5221858,Valparaiso de Goias,GO,2015,30
1437264000000,201529,22.0,22,22,22,0.046387672,12.780666,0,1,522185820152919589,2023-08-20,Valparaíso de Goiás,0,0.6379209,172135,13.0,83.1428571428571,0,0,1,55.1442867142857,24.4285714285714,19.7262584285714,26.0,8,,,,,40826,2015-07-19,5221858,Valparaiso de Goias,GO,2015,29
1436659200000,201528,31.0,31,31,31,0.06736778,18.00912,0,1,522185820152819589,2023-08-20,Valparaíso de Goiás,0,0.7072111,172135,13.7142857142857,87.1428571428571,0,0,1,59.0944818571429,26.5714285714286,20.080688,26.0,16,,,,,40826,2015-07-12,5221858,Valparaiso de Goias,GO,2015,28
1436054400000,201527,34.0,34,34,34,0.002869406,19.75194,0,1,522185820152719589,2023-08-20,Valparaíso de Goiás,0,0.5614275,172135,14.2857142857143,89.7142857142857,0,0,1,65.7380361428571,33.5714285714286,19.7841307142857,26.0,20,,,,,40826,2015-07-05,5221858,Valparaiso de Goias,GO,2015,27
1435449600000,201526,35.0,35,35,35,7.3634e-06,20.332878,0,1,522185820152619589,2023-08-20,Valparaíso de Goiás,0,0.4330857,172135,12.0,85.2857142857143,0,0,1,59.876417,25.2857142857143,19.1681785714286,25.7142857142857,20,,,,,40826,2015-06-28,5221858,Valparaiso de Goias,GO,2015,26
1434844800000,201525,63.0,63,63,63,0.000473018,36.599182,0,4,522185820152519589,2023-08-20,Valparaíso de Goiás,0,0.5966687,172135,12.8571428571429,88.4285714285714,0,0,2,66.1838508571429,36.2857142857143,17.8029554285714,22.7142857142857,33,,,,,40826,2015-06-21,5221858,Valparaiso de Goias,GO,2015,25
1434240000000,201524,79.0,79,79,79,1.82198e-05,45.89421,0,4,522185820152419589,2023-08-20,Valparaíso de Goiás,0,0.5662344,172135,14.0,87.1428571428571,0,0,2,61.7091842857143,30.4285714285714,20.1428572857143,26.0,55,,,,,40826,2015-06-14,5221858,Valparaiso de Goias,GO,2015,24
1433635200000,201523,100.0,100,100,100,4.634e-06,58.093937,0,4,522185820152319589,2023-08-20,Valparaíso de Goiás,0,0.5791999,172135,13.2857142857143,90.5714285714286,0,0,2,64.2448971428571,31.1428571428571,19.5918364285714,25.2857142857143,74,,,,,40826,2015-06-07,5221858,Valparaiso de Goias,GO,2015,23
1433030400000,201522,131.0,131,131,131,0.0008625322,76.10306,0,4,522185820152219589,2023-08-20,Valparaíso de Goiás,0,0.7019038,172135,14.8571428571429,90.5714285714286,0,0,2,67.945919,36.4285714285714,19.8690475714286,25.0,91,,,,,40826,2015-05-31,5221858,Valparaiso de Goias,GO,2015,22
1432425600000,201521,196.0,196,196,196,0.4211006,113.86412,0,4,522185820152119589,2023-08-20,Valparaíso de Goiás,0,0.98020977,172135,14.1428571428571,91.4285714285714,0,0,2,67.2397967142857,32.8571428571429,19.9711471428571,26.0,93,,,,,40826,2015-05-24,5221858,Valparaiso de Goias,GO,2015,21
1431820800000,201520,197.0,197,197,197,0.06884696,114.44506,0,4,522185820152019589,2023-08-20,Valparaíso de Goiás,0,0.8657718,172135,15.4285714285714,92.2857142857143,0,0,2,72.6418005714286,44.7142857142857,19.2973258571429,24.0,110,,,,,40826,2015-05-17,5221858,Valparaiso de Goias,GO,2015,20
1431216000000,201519,157.0,157,157,157,6.38802e-05,91.20748,0,4,522185820151919589,2023-08-20,Valparaíso de Goiás,0,0.67596817,172135,15.7142857142857,93.4285714285714,0,0,2,80.1965742857143,59.2857142857143,19.0622945714286,22.8571428571429,93,,,,,40826,2015-05-10,5221858,Valparaiso de Goias,GO,2015,19
1430611200000,201518,267.0,267,267,267,0.996444,155.11081,0,4,522185820151819589,2023-08-20,Valparaíso de Goiás,0,1.2809561,172135,17.7142857142857,96.5714285714286,0,1,2,80.4563685714286,57.8571428571429,20.5177691428571,24.5714285714286,136,,,,,40826,2015-05-03,5221858,Valparaiso de Goias,GO,2015,18
1430006400000,201517,251.0,251,251,251,0.9995175,145.81578,0,4,522185820151719589,2023-08-20,Valparaíso de Goiás,0,1.3754056,172135,16.8571428571429,95.7142857142857,0,1,2,80.6601361428571,54.8571428571429,20.0105428571429,24.7142857142857,134,,,,,40826,2015-04-26,5221858,Valparaiso de Goias,GO,2015,17
1429401600000,201516,201.0,201,201,201,0.9887726,116.768814,0,4,522185820151619589,2023-08-20,Valparaíso de Goiás,0,1.2732624,172135,18.4285714285714,95.7142857142857,1,1,2,76.4443514285714,44.0,22.134099,27.5714285714286,105,,,,,40826,2015-04-19,5221858,Valparaiso de Goias,GO,2015,16
1428796800000,201515,178.0,178,178,178,0.9981669,103.40721,0,4,522185820151519589,2023-08-20,Valparaíso de Goiás,0,1.397069,172135,18.4285714285714,93.1428571428571,1,1,2,75.9855337142857,48.7142857142857,21.6359731428571,26.2857142857143,98,,,,,40826,2015-04-12,5221858,Valparaiso de Goias,GO,2015,15
1428192000000,201514,176.0,176,176,176,0.99998903,102.24533,0,4,522185820151419589,2023-08-20,Valparaíso de Goiás,0,1.6712953,172135,18.7142857142857,94.0,1,1,2,77.1866985714286,46.1428571428571,21.7334595714286,26.0,96,,,,,40826,2015-04-05,5221858,Valparaiso de Goias,GO,2015,14
1427587200000,201513,116.0,116,116,116,0.8374743,67.38897,0,4,522185820151319589,2023-08-20,Valparaíso de Goiás,0,1.1426463,172135,18.2857142857143,96.5714285714286,1,0,2,75.3332528571429,37.0,22.202622,27.8571428571429,53,,,,,40826,2015-03-29,5221858,Valparaiso de Goias,GO,2015,13
1426982400000,201512,97.0,97,97,97,0.24592958,56.35112,0,4,522185820151219589,2023-08-20,Valparaíso de Goiás,0,0.90832144,172135,17.7142857142857,95.7142857142857,0,0,2,80.8270671428571,48.2857142857143,21.0986725714286,25.5714285714286,36,,,,,40826,2015-03-22,5221858,Valparaiso de Goias,GO,2015,12
1426377600000,201511,91.0,91,91,91,0.18638499,52.865482,0,4,522185820151119589,2023-08-20,Valparaíso de Goiás,0,0.8801103,172135,17.2857142857143,98.2857142857143,0,0,2,84.3561707142857,61.0,19.6327768571429,23.8571428571429,46,,,,,40826,2015-03-15,5221858,Valparaiso de Goias,GO,2015,11
1425772800000,201510,121.0,121,121,121,0.98672456,70.29366,0,4,522185820151019589,2023-08-20,Valparaíso de Goiás,0,1.3597758,172135,17.8571428571429,97.4285714285714,0,1,2,81.830273,42.8571428571429,20.7808065714286,25.0,82,,,,,40826,2015-03-08,5221858,Valparaiso de Goias,GO,2015,10
1425168000000,201509,107.0,107,107,107,0.9966128,62.160515,0,4,522185820150919589,2023-08-20,Valparaíso de Goiás,0,1.5054296,172135,17.7142857142857,94.8571428571429,0,1,2,77.6841821428571,53.5714285714286,21.1905647142857,26.1428571428571,75,,,,,40826,2015-03-01,5221858,Valparaiso de Goias,GO,2015,9
1424563200000,201508,94.0,94,94,94,0.9986924,54.608303,0,4,522185820150819589,2023-08-20,Valparaíso de Goiás,0,1.6412971,172135,18.4285714285714,91.5714285714286,1,1,2,71.7595595714286,43.1428571428571,22.0693454285714,26.8571428571429,81,,,,,40826,2015-02-22,5221858,Valparaiso de Goias,GO,2015,8
1423958400000,201507,65.0,65,65,65,0.94239914,37.76106,0,1,522185820150719589,2023-08-20,Valparaíso de Goiás,0,1.3451018,172135,18.4285714285714,90.4285714285714,1,0,2,73.3940567142857,41.8571428571429,21.562666,25.8571428571429,48,,,,,40826,2015-02-15,5221858,Valparaiso de Goias,GO,2015,7
1423353600000,201506,58.0,58,58,58,0.94814026,33.694485,0,1,522185820150619589,2023-08-20,Valparaíso de Goiás,0,1.386043,172135,18.0,90.5714285714286,0,0,1,67.802691,41.1428571428571,22.5324597142857,27.4285714285714,48,,,,,40826,2015-02-08,5221858,Valparaiso de Goias,GO,2015,6
1422748800000,201505,44.0,44,44,44,0.87132484,25.561333,0,1,522185820150519589,2023-08-20,Valparaíso de Goiás,0,1.2918447,172135,18.0,88.5714285714286,0,0,1,70.6312791428571,46.4285714285714,21.8600745714286,26.0,34,,,,,40826,2015-02-01,5221858,Valparaiso de Goias,GO,2015,5
1422144000000,201504,47.0,47,47,47,0.99565494,27.304152,0,3,522185820150419589,2023-08-20,Valparaíso de Goiás,0,1.8771417,172135,17.7142857142857,94.8571428571429,0,1,1,72.687755,46.0,21.8853057142857,27.1428571428571,33,,,,,40826,2015-01-25,5221858,Valparaiso de Goias,GO,2015,4
1421539200000,201503,32.0,32,32,32,0.9933376,18.59006,0,1,522185820150319589,2023-08-20,Valparaíso de Goiás,0,2.089569,172135,18.4285714285714,83.2857142857143,0,1,1,60.6201637142857,31.2857142857143,23.1567552857143,29.1428571428571,24,,,,,40826,2015-01-18,5221858,Valparaiso de Goias,GO,2015,3
1420934400000,201502,28.0,28,28,28,0.99944925,16.266302,0,1,522185820150219589,2023-08-20,Valparaíso de Goiás,0,3.1455638,172135,18.5714285714286,77.1428571428571,0,1,1,50.7448981428571,21.5714285714286,24.6224488571429,30.0,22,,,,,40826,2015-01-11,5221858,Valparaiso de Goias,GO,2015,2
1420329600000,201501,14.0,14,14,14,0.85293096,8.133151,0,1,522185820150119589,2023-08-20,Valparaíso de Goiás,0,1.5431981,172135,18.5714285714286,81.2857142857143,0,0,1,58.0342871428571,27.2857142857143,24.0890255714286,30.1428571428571,10,,,,,40826,2015-01-04,5221858,Valparaiso de Goias,GO,2015,1
1419724800000,201453,3.0,3,3,3,0.0062369234,1.7428181,0,1,522185820145319589,2023-08-20,Valparaíso de Goiás,0,0.24863595,172135,19.5714285714286,79.2857142857143,0,0,0,56.4904285714286,28.0,25.3328994285714,31.2857142857143,1,,,,,40826,2014-12-28,5221858,Valparaiso de Goias,GO,2014,53
1419120000000,201452,8.0,8,8,8,0.1208104,4.647515,0,1,522185820145219589,2023-08-20,Valparaíso de Goiás,0,0.6031191,172135,20.2857142857143,85.2857142857143,0,0,1,67.0388671428571,38.7142857142857,24.0076002857143,28.2857142857143,6,,,,,40826,2014-12-21,5221858,Valparaiso de Goias,GO,2014,52
1418515200000,201451,15.0,15,15,15,0.70847017,8.71409,0,1,522185820145119589,2023-08-20,Valparaíso de Goiás,0,1.2310835,172135,20.2857142857143,91.5714285714286,1,0,1,76.6791265714286,48.1428571428571,23.1513462857143,27.5714285714286,12,,,,,40826,2014-12-14,5221858,Valparaiso de Goias,GO,2014,51
1417910400000,201450,13.0,13,13,13,0.6927241,7.5522118,0,1,522185820145019589,2023-08-20,Valparaíso de Goiás,0,1.2265455,172135,19.7142857142857,87.4285714285714,0,0,1,75.6467557142857,51.5714285714286,21.6147557142857,25.1428571428571,7,,,,,40826,2014-12-07,5221858,Valparaiso de Goias,GO,2014,50
1417305600000,201449,15.0,15,15,15,0.82012594,8.71409,0,1,522185820144919589,2023-08-20,Valparaíso de Goiás,0,1.4331378,172135,19.5714285714286,87.2857142857143,0,0,1,70.9073905714286,44.1428571428571,22.5436531428571,27.0,6,,,,,40826,2014-11-30,5221858,Valparaiso de Goias,GO,2014,49
1416700800000,201448,6.0,6,6,6,0.13770825,3.4856362,0,1,522185820144819589,2023-08-20,Valparaíso de Goiás,0,0.58491695,172135,19.7142857142857,90.7142857142857,1,0,1,73.7014085714286,38.2857142857143,22.7467577142857,27.5714285714286,4,,,,,40826,2014-11-23,5221858,Valparaiso de Goias,GO,2014,48
1416096000000,201447,14.0,14,14,14,0.81756026,8.133151,0,1,522185820144719589,2023-08-20,Valparaíso de Goiás,0,1.4461439,172135,20.0,80.1428571428571,0,0,1,62.0314897142857,35.5714285714286,23.9725545714286,29.0,8,,,,,40826,2014-11-16,5221858,Valparaiso de Goias,GO,2014,47
1415491200000,201446,8.0,8,8,8,0.48579463,4.647515,0,1,522185820144619589,2023-08-20,Valparaíso de Goiás,0,0.98287195,172135,20.4285714285714,85.1428571428571,0,0,1,69.7232632857143,41.0,23.4804765714286,27.8571428571429,1,,,,,40826,2014-11-09,5221858,Valparaiso de Goias,GO,2014,46
1414886400000,201445,12.0,12,12,12,0.85261464,6.9712725,0,1,522185820144519589,2023-08-20,Valparaíso de Goiás,0,1.6011102,172135,20.4285714285714,81.5714285714286,0,0,1,59.1109688571429,26.5714285714286,24.9634501428571,30.8571428571429,2,,,,,40826,2014-11-02,5221858,Valparaiso de Goias,GO,2014,45
1414281600000,201444,8.0,8,8,8,0.38100514,4.647515,0,1,522185820144419589,2023-08-20,Valparaíso de Goiás,0,0.8670998,172135,18.7142857142857,86.7142857142857,0,0,1,69.1197214285714,40.7142857142857,22.9397954285714,28.4285714285714,3,,,,,40826,2014-10-26,5221858,Valparaiso de Goias,GO,2014,44
1413676800000,201443,4.0,4,4,4,0.02369438,2.3237574,0,1,522185820144319589,2023-08-20,Valparaíso de Goiás,0,0.351072,172135,21.0,71.1428571428571,0,0,0,51.6806957142857,24.8571428571429,25.3099822857143,30.5714285714286,2,,,,,40826,2014-10-19,5221858,Valparaiso de Goias,GO,2014,43
1413072000000,201442,11.0,11,11,11,0.28243092,6.390333,0,1,522185820144219589,2023-08-20,Valparaíso de Goiás,0,0.7961558,172135,18.8571428571429,56.1428571428571,0,0,1,29.4879067142857,8.57142857142857,27.5274,34.7142857142857,4,,,,,40826,2014-10-12,5221858,Valparaiso de Goias,GO,2014,42
1412467200000,201441,11.0,11,11,11,0.10226074,6.390333,0,1,522185820144119589,2023-08-20,Valparaíso de Goiás,0,0.62282103,172135,17.5714285714286,54.2857142857143,0,0,1,33.6224492857143,11.5714285714286,24.1836735714286,30.4285714285714,3,,,,,40826,2014-10-05,5221858,Valparaiso de Goias,GO,2014,41
1411862400000,201440,13.0,13,13,13,0.08019676,7.5522118,0,1,522185820144019589,2023-08-20,Valparaíso de Goiás,0,0.61754847,172135,20.2857142857143,68.8571428571429,0,0,1,47.508461,20.8571428571429,25.6130834285714,31.8571428571429,4,,,,,40826,2014-09-28,5221858,Valparaiso de Goias,GO,2014,40
1411257600000,201439,16.0,16,16,16,0.24235974,9.29503,0,1,522185820143919589,2023-08-20,Valparaíso de Goiás,0,0.7941271,172135,21.1428571428571,69.0,0,0,1,46.7214994285714,19.7142857142857,26.0149544285714,31.7142857142857,5,,,,,40826,2014-09-21,5221858,Valparaiso de Goias,GO,2014,39
1410652800000,201438,26.0,26,26,26,0.8882161,15.1044235,0,1,522185820143819589,2023-08-20,Valparaíso de Goiás,0,1.4425377,172135,18.2857142857143,62.1428571428571,0,0,1,33.3552531428571,10.7142857142857,26.3418368571429,32.8571428571429,10,,,,,40826,2014-09-14,5221858,Valparaiso de Goias,GO,2014,38
1410048000000,201437,22.0,22,22,22,0.50773615,12.780666,0,1,522185820143719589,2023-08-20,Valparaíso de Goiás,0,1.005817,172135,16.2857142857143,57.0,0,0,1,35.1071425714286,12.4285714285714,23.2499997142857,29.5714285714286,12,,,,,40826,2014-09-07,5221858,Valparaiso de Goias,GO,2014,37
1409443200000,201436,13.0,13,13,13,0.0015604884,7.5522118,0,1,522185820143619589,2023-08-20,Valparaíso de Goiás,0,0.40121242,172135,19.4285714285714,73.0,0,0,1,47.2049047142857,20.4285714285714,24.8238971428571,30.8571428571429,2,,,,,40826,2014-08-31,5221858,Valparaiso de Goias,GO,2014,36
1408838400000,201435,17.0,17,17,17,0.0002101232,9.87597,0,1,522185820143519589,2023-08-20,Valparaíso de Goiás,0,0.38779524,172135,16.4285714285714,60.4285714285714,0,0,1,34.8724491428571,10.1428571428571,24.3877548571429,31.5714285714286,5,,,,,40826,2014-08-24,5221858,Valparaiso de Goias,GO,2014,35
1408233600000,201434,33.0,33,33,33,0.0115715265,19.171,0,1,522185820143419589,2023-08-20,Valparaíso de Goiás,0,0.6114249,172135,13.8571428571429,71.2857142857143,0,0,1,41.7519352857143,14.0,21.7931032857143,28.4285714285714,10,,,,,40826,2014-08-17,5221858,Valparaiso de Goias,GO,2014,34
1407628800000,201433,47.0,47,47,47,0.035747595,27.304152,0,1,522185820143319589,2023-08-20,Valparaíso de Goiás,0,0.7116255,172135,13.8571428571429,71.0,0,0,1,40.5595781428571,14.4285714285714,21.5458335714286,28.2857142857143,19,,,,,40826,2014-08-10,5221858,Valparaiso de Goias,GO,2014,33
1407024000000,201432,51.0,51,51,51,0.008382974,29.627909,0,1,522185820143219589,2023-08-20,Valparaíso de Goiás,0,0.65406555,172135,14.1428571428571,68.0,0,0,1,40.7653051428571,13.2857142857143,21.5969388571429,28.2857142857143,36,,,,,40826,2014-08-03,5221858,Valparaiso de Goias,GO,2014,32
1406419200000,201431,64.0,64,64,64,0.054285377,37.18012,0,4,522185820143119589,2023-08-20,Valparaíso de Goiás,0,0.7674034,172135,14.8571428571429,80.8571428571429,0,0,2,60.4843962857143,35.7142857142857,19.6590917142857,25.1428571428571,34,,,,,40826,2014-07-27,5221858,Valparaiso de Goias,GO,2014,31
1405814400000,201430,85.0,85,85,85,0.55127907,49.37985,0,4,522185820143019589,2023-08-20,Valparaíso de Goiás,0,1.0200181,172135,15.5714285714286,77.8571428571429,0,0,2,55.2837485714286,28.8571428571429,20.8577097142857,26.4285714285714,40,,,,,40826,2014-07-20,5221858,Valparaiso de Goias,GO,2014,30
1405209600000,201429,87.0,87,87,87,0.68628865,50.541725,0,4,522185820142919589,2023-08-20,Valparaíso de Goiás,0,1.0776604,172135,13.5714285714286,77.8571428571429,0,0,2,50.6938775714286,19.4285714285714,20.357143,27.0,60,,,,,40826,2014-07-13,5221858,Valparaiso de Goias,GO,2014,29
1404604800000,201428,81.0,81,81,81,0.60904026,47.05609,0,4,522185820142819589,2023-08-20,Valparaíso de Goiás,0,1.0448381,172135,14.5714285714286,74.5714285714286,0,0,2,50.923469,21.8571428571429,20.8520405714286,26.1428571428571,43,,,,,40826,2014-07-06,5221858,Valparaiso de Goias,GO,2014,28
1404000000000,201427,88.0,88,88,88,0.6902953,51.122665,0,4,522185820142719589,2023-08-20,Valparaíso de Goiás,0,1.0791025,172135,13.1428571428571,77.4285714285714,0,0,2,48.0728351428571,17.4285714285714,20.9090431428571,27.8571428571429,45,,,,,40826,2014-06-29,5221858,Valparaiso de Goias,GO,2014,27
1403395200000,201426,69.0,69,69,69,0.021964675,40.084816,0,4,522185820142619589,2023-08-20,Valparaíso de Goiás,0,0.7289612,172135,13.2857142857143,80.8571428571429,0,0,2,54.574489,24.1428571428571,19.9792517142857,26.5714285714286,43,,,,,40826,2014-06-22,5221858,Valparaiso de Goias,GO,2014,26
1402790400000,201425,78.0,78,78,78,0.009805931,45.31327,0,4,522185820142519589,2023-08-20,Valparaíso de Goiás,0,0.7101544,172135,15.7142857142857,81.2857142857143,0,0,2,59.2356225714286,28.2857142857143,21.2226344285714,26.5714285714286,45,,,,,40826,2014-06-15,5221858,Valparaiso de Goias,GO,2014,25
1402185600000,201424,91.0,91,91,91,0.021174299,52.865482,0,4,522185820142419589,2023-08-20,Valparaíso de Goiás,0,0.7557452,172135,15.7142857142857,78.2857142857143,0,0,2,57.1260028571429,28.7142857142857,21.0147077142857,26.4285714285714,57,,,,,40826,2014-06-08,5221858,Valparaiso de Goias,GO,2014,24
1401580800000,201423,119.0,119,119,119,0.20998405,69.13178,0,4,522185820142319589,2023-08-20,Valparaíso de Goiás,0,0.9032494,172135,16.8571428571429,81.4285714285714,0,0,2,61.0873571428571,30.0,21.9909217142857,27.7142857142857,69,,,,,40826,2014-06-01,5221858,Valparaiso de Goias,GO,2014,23
1400976000000,201422,118.0,118,118,118,0.025106026,68.55085,0,4,522185820142219589,2023-08-20,Valparaíso de Goiás,0,0.7868443,172135,16.1428571428571,79.0,0,0,2,58.0800491428571,28.8571428571429,21.9535537142857,28.1428571428571,60,,,,,40826,2014-05-25,5221858,Valparaiso de Goias,GO,2014,22
1400371200000,201421,128.0,128,128,128,0.0052328585,74.36024,0,4,522185820142119589,2023-08-20,Valparaíso de Goiás,0,0.7432586,172135,18.0,81.2857142857143,0,0,2,57.814059,28.7142857142857,23.2891152857143,28.5714285714286,59,,,,,40826,2014-05-18,5221858,Valparaiso de Goias,GO,2014,21
1399766400000,201420,145.0,145,145,145,0.003093775,84.23621,0,4,522185820142019589,2023-08-20,Valparaíso de Goiás,0,0.7422522,172135,15.7142857142857,79.2857142857143,0,0,2,56.2071052857143,28.1428571428571,21.6887757142857,27.1428571428571,90,,,,,40826,2014-05-11,5221858,Valparaiso de Goias,GO,2014,20
1399161600000,201419,181.0,181,181,181,0.016855625,105.150024,0,4,522185820141919589,2023-08-20,Valparaíso de Goiás,0,0.8093668,172135,17.0,81.7142857142857,0,0,2,58.8106048571429,30.4285714285714,22.5957138571429,27.8571428571429,83,,,,,40826,2014-05-04,5221858,Valparaiso de Goias,GO,2014,19
1398556800000,201418,184.0,184,184,184,0.0009153738,106.892845,0,4,522185820141819589,2023-08-20,Valparaíso de Goiás,0,0.74003553,172135,14.5714285714286,80.4285714285714,0,0,2,58.2117348571429,29.1428571428571,20.994898,27.0,101,,,,,40826,2014-04-27,5221858,Valparaiso de Goias,GO,2014,18
1397952000000,201417,228.0,228,228,228,0.13035232,132.45418,0,4,522185820141719589,2023-08-20,Valparaíso de Goiás,0,0.9025023,172135,19.4285714285714,83.0,0,0,2,70.4458207142857,42.1428571428571,23.1601132857143,27.8571428571429,98,,,,,40826,2014-04-20,5221858,Valparaiso de Goias,GO,2014,17
1397347200000,201416,257.0,257,257,257,0.8645078,149.30142,0,4,522185820141619589,2023-08-20,Valparaíso de Goiás,0,1.1045837,172135,20.0,85.2857142857143,0,0,2,65.1334474285714,34.5714285714286,24.4886325714286,29.0,101,,,,,40826,2014-04-13,5221858,Valparaiso de Goias,GO,2014,16
1396742400000,201415,281.0,281,281,281,0.99879307,163.24397,0,4,522185820141519589,2023-08-20,Valparaíso de Goiás,0,1.3150337,172135,20.5714285714286,88.2857142857143,0,1,2,70.485928,37.1428571428571,24.0806597142857,29.1428571428571,113,,,,,40826,2014-04-06,5221858,Valparaiso de Goias,GO,2014,15
1396137600000,201414,224.0,224,224,224,0.8850494,130.13042,0,4,522185820141419589,2023-08-20,Valparaíso de Goiás,0,1.1237715,172135,20.1428571428571,89.2857142857143,0,0,2,74.6359222857143,46.0,23.0129837142857,28.0,56,,,,,40826,2014-03-30,5221858,Valparaiso de Goias,GO,2014,14
1395532800000,201413,200.0,200,200,200,0.8824704,116.187874,0,4,522185820141319589,2023-08-20,Valparaíso de Goiás,0,1.130086,172135,19.8571428571429,90.8571428571429,1,0,2,77.2736085714286,45.8571428571429,22.1759181428571,26.7142857142857,81,,,,,40826,2014-03-23,5221858,Valparaiso de Goias,GO,2014,13
1394928000000,201412,228.0,228,228,228,0.9997122,132.45418,0,4,522185820141219589,2023-08-20,Valparaíso de Goiás,0,1.421496,172135,19.5714285714286,85.2857142857143,0,1,2,67.9831368571429,38.7142857142857,23.3476074285714,29.2857142857143,108,,,,,40826,2014-03-16,5221858,Valparaiso de Goias,GO,2014,12
1394323200000,201411,160.0,160,160,160,0.6996522,92.9503,0,4,522185820141119589,2023-08-20,Valparaíso de Goiás,0,1.0611068,172135,19.8571428571429,83.8571428571429,0,0,2,63.4616961428571,34.4285714285714,24.1478344285714,28.8571428571429,64,,,,,40826,2014-03-09,5221858,Valparaiso de Goias,GO,2014,11
1393718400000,201410,156.0,156,156,156,0.7576171,90.62654,0,4,522185820141019589,2023-08-20,Valparaíso de Goiás,0,1.0839432,172135,19.8571428571429,89.7142857142857,0,0,2,74.45122,44.5714285714286,23.0490265714286,27.5714285714286,58,,,,,40826,2014-03-02,5221858,Valparaiso de Goias,GO,2014,10
1393113600000,201409,164.0,164,164,164,0.7411182,95.274055,0,4,522185820140919589,2023-08-20,Valparaíso de Goiás,0,1.0753433,172135,19.2857142857143,83.0,0,0,2,64.8678975714286,38.8571428571429,23.6188598571429,28.4285714285714,66,,,,,40826,2014-02-23,5221858,Valparaiso de Goias,GO,2014,9
1392508800000,201408,126.0,126,126,126,0.017221438,73.198364,0,4,522185820140819589,2023-08-20,Valparaíso de Goiás,0,0.7788463,172135,19.1428571428571,92.4285714285714,1,0,2,76.7170394285714,51.0,22.0341674285714,26.4285714285714,49,,,,,40826,2014-02-16,5221858,Valparaiso de Goias,GO,2014,8
1391904000000,201407,140.0,140,140,140,0.35467404,81.33151,0,4,522185820140719589,2023-08-20,Valparaíso de Goiás,0,0.9569554,172135,18.1428571428571,89.4285714285714,0,0,2,64.5335765714286,38.1428571428571,23.330237,28.4285714285714,50,,,,,40826,2014-02-09,5221858,Valparaiso de Goias,GO,2014,7
1391299200000,201406,205.0,205,205,205,0.99999845,119.092575,0,4,522185820140619589,2023-08-20,Valparaíso de Goiás,0,1.6904671,172135,18.4285714285714,77.8571428571429,0,1,2,50.6020405714286,21.7142857142857,24.4540815714286,30.1428571428571,82,,,,,40826,2014-02-02,5221858,Valparaiso de Goias,GO,2014,6
1390694400000,201405,132.0,132,132,132,0.9865841,76.684,0,4,522185820140519589,2023-08-20,Valparaíso de Goiás,0,1.3400027,172135,18.5714285714286,79.5714285714286,0,1,2,59.0306118571429,32.8571428571429,23.2653058571429,28.5714285714286,71,,,,,40826,2014-01-26,5221858,Valparaiso de Goias,GO,2014,5
1390089600000,201404,129.0,129,129,129,0.99981844,74.94118,0,4,522185820140419589,2023-08-20,Valparaíso de Goiás,0,1.6525356,172135,18.1428571428571,93.1428571428571,1,1,2,74.4857485714286,36.5714285714286,21.7493897142857,27.1428571428571,63,,,,,40826,2014-01-19,5221858,Valparaiso de Goias,GO,2014,4
1389484800000,201403,90.0,90,90,90,0.9959937,52.284546,0,4,522185820140319589,2023-08-20,Valparaíso de Goiás,0,1.5526333,172135,19.0,84.8571428571429,0,1,2,61.93049,32.1428571428571,23.8968517142857,29.8571428571429,44,,,,,40826,2014-01-12,5221858,Valparaiso de Goias,GO,2014,3
1388880000000,201402,89.0,89,89,89,0.9998537,51.703606,0,1,522185820140219589,2023-08-20,Valparaíso de Goiás,0,1.8853898,172135,18.2857142857143,83.8571428571429,0,1,2,55.7462791428571,25.7142857142857,24.1043958571429,29.7142857142857,46,,,,,40826,2014-01-05,5221858,Valparaiso de Goias,GO,2014,2
1388275200000,201401,47.0,47,47,47,0.5592335,27.304152,0,1,522185820140119589,2023-08-20,Valparaíso de Goiás,0,1.0313209,172135,18.5714285714286,89.8571428571429,0,0,1,65.0826708571429,34.4285714285714,24.1233797142857,29.8571428571429,31,,,,,40826,2013-12-29,5221858,Valparaiso de Goias,GO,2014,1
