data_iniSE,se_codigo,casos_est,casos_est_min,casos_est_max,casos,p_rt1,p_inc100k,Localidade_id,nivel,id,versao_modelo,municipio_nome,tweet,Rt,pop,tempmin,umidmax,receptivo,transmissao,nivel_inc,umidmed,umidmin,tempmed,tempmax,casprov,casprov_est,casprov_est_min,casprov_est_max,casconf,notif_accum_year,data_ini_se,cod_ibge,municipio,uf,ano,semana
1786233600000,202632,184.0,113,400.0,92,0.14326815,6.294108,0,1,530010820263220683,2026-08-18,Brasília,,0.8975958,2923369,0.0,0.0,0,0,0,0.0,0.0,0.0,0.0,76,,,,,702649,2026-08-09,5300108,Brasilia,DF,2026,32
1785628800000,202631,225.0,212,256.0,206,0.69820344,7.6965995,0,1,530010820263120683,2026-08-18,Brasília,,1.0507637,2923369,16.75655,40.3993333333333,0,0,0,36.7929166666667,33.7447333333333,17.8072333333333,18.9021333333333,150,,,,,702649,2026-08-02,5300108,Brasilia,DF,2026,31
1785024000000,202630,188.0,180,201.0,177,0.010777377,6.4309363,0,1,530010820263020683,2026-08-18,Brasília,,0.799389,2923369,22.5764428571429,41.2775428571429,0,0,0,41.2775428571429,41.2775428571429,22.5764428571429,22.5764428571429,105,,,,,702649,2026-07-26,5300108,Brasilia,DF,2026,30
1784419200000,202629,216.0,211,226.0,209,0.013379682,7.3887353,0,1,530010820262920683,2026-08-18,Brasília,,0.81673205,2923369,20.5697857142857,47.9072285714286,0,0,0,47.9072285714286,47.9072285714286,20.5697857142857,20.5697857142857,88,,,,,702649,2026-07-19,5300108,Brasilia,DF,2026,29
1783814400000,202628,224.0,219,231.0,218,0.0008883134,7.662392,0,1,530010820262820683,2026-08-18,Brasília,,0.75924295,2923369,20.3547142857143,53.2787428571429,0,0,0,53.2787428571429,53.2787428571429,20.3547142857143,20.3547142857143,95,,,,,702649,2026-07-12,5300108,Brasilia,DF,2026,28
1783209600000,202627,274.0,270,282.0,270,0.013711072,9.372747,0,1,530010820262720683,2026-08-18,Brasília,,0.83526343,2923369,20.6639142857143,51.9505285714286,0,0,0,51.9505285714286,51.9505285714286,20.6639142857143,20.6639142857143,110,,,,,702649,2026-07-05,5300108,Brasilia,DF,2026,27
1782604800000,202626,289.0,286,295.0,286,0.008898768,9.885855,0,1,530010820262620683,2026-08-18,Brasília,,0.8286408,2923369,18.8838714285714,60.5936857142857,0,0,0,60.5936857142857,60.5936857142857,18.8838714285714,18.8838714285714,86,,,,,702649,2026-06-28,5300108,Brasilia,DF,2026,26
1782000000000,202625,326.0,324,330.0,324,0.2404554,11.151517,0,1,530010820262520683,2026-08-18,Brasília,,0.94702744,2923369,20.7842428571429,63.6551,0,0,0,63.6551,63.6551,20.7842428571429,20.7842428571429,91,,,,,702649,2026-06-21,5300108,Brasilia,DF,2026,25
1781395200000,202624,388.0,387,392.0,387,0.9541404,13.272358,0,1,530010820262420683,2026-08-18,Brasília,,1.132971,2923369,20.2987571428571,72.7765857142857,0,1,1,72.7765857142857,72.7765857142857,20.2987571428571,20.2987571428571,122,,,,,702649,2026-06-14,5300108,Brasilia,DF,2026,24
1780790400000,202623,331.0,331,334.0,331,0.10914536,11.322553,0,1,530010820262320683,2026-08-18,Brasília,,0.9108021,2923369,17.5288285714286,77.5644,0,0,0,71.6308428571429,66.1599,18.9588285714286,20.5312,122,,,,,702649,2026-06-07,5300108,Brasilia,DF,2026,23
1780185600000,202622,329.0,329,329.0,329,0.0069936025,11.254139,0,1,530010820262220683,2026-08-18,Brasília,,0.83281654,2923369,15.5034285714286,81.6309285714286,0,0,0,62.7693,41.3883857142857,19.9347714285714,24.6927142857143,104,,,,,702649,2026-05-31,5300108,Brasilia,DF,2026,22
1779580800000,202621,356.0,356,356.0,356,0.016680019,12.177731,0,1,530010820262120683,2026-08-18,Brasília,,0.8577897,2923369,17.2512142857143,85.4741428571429,0,0,0,66.4965285714286,46.0138857142857,21.2217571428571,25.5671571428571,119,,,,,702649,2026-05-24,5300108,Brasilia,DF,2026,21
1778976000000,202620,409.0,409,409.0,409,0.39905038,13.990707,0,1,530010820262020683,2026-08-18,Brasília,,0.9823578,2923369,18.1722,85.6796857142857,0,0,1,64.0478428571429,42.0939857142857,22.4911142857143,27.0704,132,,,,,702649,2026-05-17,5300108,Brasilia,DF,2026,20
1778371200000,202619,426.0,426,426.0,426,0.72104025,14.572228,0,1,530010820261920683,2026-08-18,Brasília,,1.0413691,2923369,17.6701571428571,85.2201857142857,0,0,1,63.8675285714286,40.1107714285714,22.4173857142857,27.5054,120,,,,,702649,2026-05-10,5300108,Brasilia,DF,2026,19
1777766400000,202618,427.0,427,427.0,427,0.66877997,14.606435,0,1,530010820261820683,2026-08-18,Brasília,,1.0305445,2923369,21.3461,64.6686,0,0,1,64.6686,64.6686,21.3461,21.3461,148,,,,,702649,2026-05-03,5300108,Brasilia,DF,2026,18
1777161600000,202617,403.0,403,403.0,403,0.18061917,13.785464,0,1,530010820261720683,2026-08-18,Brasília,,0.938683,2923369,21.5058571428571,69.5123,0,0,1,69.5123,69.5123,21.5058571428571,21.5058571428571,157,,,,,702649,2026-04-26,5300108,Brasilia,DF,2026,17
1776556800000,202616,393.0,393,393.0,393,0.14954387,13.443394,0,1,530010820261620683,2026-08-18,Brasília,,0.92987514,2923369,17.9098857142857,84.1736285714286,0,0,1,66.3531142857143,45.3595571428571,22.2808285714286,27.0191428571429,162,,,,,702649,2026-04-19,5300108,Brasilia,DF,2026,16
1775952000000,202615,461.0,461,461.0,461,0.98438823,15.769477,0,2,530010820261520683,2026-08-18,Brasília,,1.1585107,2923369,18.1907571428571,90.6527285714286,1,1,1,76.2713428571429,57.5802714285714,21.6576857142857,25.5527428571429,174,,,,,702649,2026-04-12,5300108,Brasilia,DF,2026,15
1775347200000,202614,439.0,439,439.0,439,0.98146194,15.01692,0,2,530010820261420683,2026-08-18,Brasília,,1.1570551,2923369,18.5141142857143,93.1115142857143,1,1,1,78.9915571428571,60.3169571428571,22.2680857142857,26.5276285714286,166,,,,,702649,2026-04-05,5300108,Brasilia,DF,2026,14
1774742400000,202613,381.0,381,381.0,381,0.6184638,13.032908,0,2,530010820261320683,2026-08-18,Brasília,,1.0221914,2923369,17.8981571428571,91.9661714285714,1,0,1,76.9703714285714,57.8993142857143,21.6776571428571,26.3406142857143,130,,,,,702649,2026-03-29,5300108,Brasilia,DF,2026,13
1774137600000,202612,387.0,387,387.0,387,0.54521096,13.238151,0,2,530010820261220683,2026-08-18,Brasília,,1.0082102,2923369,18.2335428571429,95.0457142857143,1,0,1,80.1374285714286,62.8803857142857,21.6229285714286,25.6422428571429,146,,,,,702649,2026-03-22,5300108,Brasilia,DF,2026,12
1773532800000,202611,361.0,361,361.0,361,0.13538775,12.348766,0,2,530010820261120683,2026-08-18,Brasília,,0.92284214,2923369,18.9641,96.9973428571429,1,0,0,82.6296571428571,60.5773428571429,22.2452714285714,26.6054,189,,,,,702649,2026-03-15,5300108,Brasilia,DF,2026,11
1772928000000,202610,365.0,365,365.0,365,0.40765184,12.485595,0,2,530010820261020683,2026-08-18,Brasília,,0.9829401,2923369,18.8420857142857,96.8761428571429,1,0,0,82.5444142857143,62.1543,22.3449285714286,26.8503857142857,167,,,,,702649,2026-03-08,5300108,Brasilia,DF,2026,10
1772323200000,202609,457.0,457,457.0,457,0.99981713,15.632648,0,2,530010820260920683,2026-08-18,Brasília,,1.2851562,2923369,18.8590142857143,95.6115285714286,1,1,1,79.4475,60.3038142857143,22.4146428571429,26.6576857142857,223,,,,,702649,2026-03-01,5300108,Brasilia,DF,2026,9
1771718400000,202608,328.0,328,328.0,328,0.24020311,11.219932,0,2,530010820260820683,2026-08-18,Brasília,,0.9471242,2923369,19.0052,95.9175714285714,1,0,0,86.5934428571429,72.3973714285714,21.0640428571429,24.5296571428571,126,,,,,702649,2026-02-22,5300108,Brasilia,DF,2026,8
1771113600000,202607,373.0,373,373.0,373,0.96161896,12.759252,0,2,530010820260720683,2026-08-18,Brasília,,1.1433078,2923369,18.8912142857143,89.7889857142857,1,1,1,74.3873714285714,56.9740428571429,22.5151,26.6196714285714,140,,,,,702649,2026-02-15,5300108,Brasilia,DF,2026,7
1770508800000,202606,339.0,339,339.0,339,0.9762727,11.59621,0,2,530010820260620683,2026-08-18,Brasília,,1.1715107,2923369,18.0440857142857,95.5104857142857,1,0,0,80.5550571428572,61.8745,21.6539428571429,25.7268571428571,116,,,,,702649,2026-02-08,5300108,Brasilia,DF,2026,6
1769904000000,202605,361.0,361,361.0,361,0.99988896,12.348766,0,2,530010820260520683,2026-08-18,Brasília,,1.3441095,2923369,19.0353857142857,95.9482142857143,1,0,0,84.2646714285714,65.9584428571429,21.8494857142857,25.6237714285714,129,,,,,702649,2026-02-01,5300108,Brasilia,DF,2026,5
1769299200000,202604,271.0,271,271.0,271,0.32082778,9.270126,0,2,530010820260420683,2026-08-18,Brasília,,0.9612154,2923369,18.5233857142857,94.4757285714286,1,0,0,79.1079428571429,57.9487857142857,22.305,27.2129428571429,105,,,,,702649,2026-01-25,5300108,Brasilia,DF,2026,4
1768694400000,202603,245.0,245,245.0,245,0.0071275495,8.380741,0,2,530010820260320683,2026-08-18,Brasília,,0.81062806,2923369,18.6895285714286,95.2238,1,0,0,86.4792285714286,74.6948714285714,20.8654714285714,23.3861428571429,88,,,,,702649,2026-01-18,5300108,Brasilia,DF,2026,3
1768089600000,202602,274.0,274,274.0,274,0.16613492,9.372747,0,2,530010820260220683,2026-08-18,Brasília,,0.92209005,2923369,18.3624285714286,88.322,1,0,0,69.1713714285714,49.0434714285714,22.9209714285714,27.5068285714286,107,,,,,702649,2026-01-11,5300108,Brasilia,DF,2026,2
1767484800000,202601,335.0,335,335.0,335,0.97839296,11.459381,0,2,530010820260120683,2026-08-18,Brasília,,1.1765366,2923369,18.5175285714286,95.0713571428571,1,0,0,81.4357285714286,62.0752,21.3464714285714,24.8989142857143,116,,,,,702649,2026-01-04,5300108,Brasilia,DF,2026,1
1766880000000,202553,305.0,305,305.0,305,0.6324615,10.433168,0,2,530010820255320683,2026-08-18,Brasília,,1.0279552,2923369,19.7712,91.8467714285714,1,0,0,75.3416428571429,55.9550428571429,23.9162,28.5334,112,,,,,702649,2025-12-28,5300108,Brasilia,DF,2025,53
1766275200000,202552,258.0,258,258.0,258,0.0034556964,8.825434,0,2,530010820255220683,2026-08-18,Brasília,,0.7987831,2923369,18.4614571428571,89.3073857142857,1,0,0,69.3393714285714,50.4087285714286,23.1671,27.9089142857143,128,,,,,702649,2025-12-21,5300108,Brasilia,DF,2025,52
1765670400000,202551,290.0,290,290.0,290,0.056816515,9.920061,0,2,530010820255120683,2026-08-18,Brasília,,0.8805695,2923369,19.5468285714286,96.1316714285714,1,0,0,83.0461428571429,64.4161142857143,22.0513,25.3624714285714,140,,,,,702649,2025-12-14,5300108,Brasilia,DF,2025,51
1765065600000,202550,335.0,335,335.0,335,0.7947864,11.459381,0,2,530010820255020683,2026-08-18,Brasília,,1.0667274,2923369,18.786,95.3298714285714,1,0,0,82.3398142857143,65.2640857142857,21.7042857142857,25.6474142857143,159,,,,,702649,2025-12-07,5300108,Brasilia,DF,2025,50
1764460800000,202549,366.0,366,366.0,366,0.97692806,12.519802,0,1,530010820254920683,2026-08-18,Brasília,,1.1653973,2923369,19.4008,94.1600142857143,1,0,0,81.9842571428571,64.3840285714286,22.0923857142857,25.4679571428571,149,,,,,702649,2025-11-30,5300108,Brasilia,DF,2025,49
1763856000000,202548,283.0,283,283.0,283,0.0434494,9.680612,0,1,530010820254820683,2026-08-18,Brasília,,0.8703039,2923369,18.6947,95.4113285714286,1,0,0,78.9761142857143,57.5128285714286,22.2819,26.5785,112,,,,,702649,2025-11-23,5300108,Brasilia,DF,2025,48
1763251200000,202547,306.0,306,306.0,306,0.21942054,10.467375,0,1,530010820254720683,2026-08-18,Brasília,,0.9402688,2923369,19.7562714285714,80.4750571428571,0,0,0,60.8881,42.0815285714286,24.2802285714286,28.8372,143,,,,,702649,2025-11-16,5300108,Brasilia,DF,2025,47
1762646400000,202546,352.0,352,352.0,352,0.82261723,12.040902,0,1,530010820254620683,2026-08-18,Brasília,,1.0735366,2923369,19.4776428571429,84.0040571428571,0,0,0,67.9613428571429,48.4441,23.3566857142857,28.0500714285714,151,,,,,702649,2025-11-09,5300108,Brasilia,DF,2025,46
1762041600000,202545,317.0,317,317.0,317,0.1807829,10.843654,0,1,530010820254520683,2026-08-18,Brasília,,0.93132395,2923369,19.6023857142857,93.1396428571429,1,0,0,75.9093285714286,55.3075428571429,23.3754428571429,27.9411428571429,149,,,,,702649,2025-11-02,5300108,Brasilia,DF,2025,45
1761436800000,202544,317.0,317,317.0,317,0.08173467,10.843654,0,1,530010820254420683,2026-08-18,Brasília,,0.89791596,2923369,20.1681714285714,74.0943285714286,0,0,0,54.3112714285714,35.6905,24.8515857142857,29.8930571428571,166,,,,,702649,2025-10-26,5300108,Brasilia,DF,2025,44
1760832000000,202543,351.0,351,351.0,351,0.16914025,12.006695,0,1,530010820254320683,2026-08-18,Brasília,,0.9314895,2923369,16.7630285714286,83.7,0,0,0,65.9676857142857,46.9061714285714,20.6544142857143,25.0093428571429,156,,,,,702649,2025-10-19,5300108,Brasilia,DF,2025,43
1760227200000,202542,356.0,356,356.0,356,0.031976715,12.177731,0,1,530010820254220683,2026-08-18,Brasília,,0.87441814,2923369,20.2143714285714,78.5429142857143,0,0,0,57.7520428571429,38.6555571428571,24.7703285714286,29.7167,156,,,,,702649,2025-10-12,5300108,Brasilia,DF,2025,42
1759622400000,202541,338.0,338,338.0,338,0.0053368965,11.562002,0,1,530010820254120683,2026-08-18,Brasília,,0.8291867,2923369,20.4174142857143,48.9243285714286,0,0,0,34.1476142857143,21.7758428571429,26.2606,32.0098142857143,137,,,,,702649,2025-10-05,5300108,Brasilia,DF,2025,41
1759017600000,202540,470.0,470,470.0,470,0.99218476,16.077341,0,1,530010820254020683,2026-08-18,Brasília,,1.1784806,2923369,18.0615571428571,47.3669,0,1,1,31.9643714285714,18.0046285714286,24.517,31.0881285714286,177,,,,,702649,2025-09-28,5300108,Brasilia,DF,2025,40
1758412800000,202539,396.0,396,396.0,396,0.41555324,13.546015,0,1,530010820253920683,2026-08-18,Brasília,,0.98502094,2923369,19.2108142857143,76.6982142857143,0,0,1,57.8607,38.4090285714286,23.8004,28.7897285714286,131,,,,,702649,2025-09-21,5300108,Brasilia,DF,2025,39
1757808000000,202538,388.0,388,388.0,388,0.39021993,13.272358,0,1,530010820253820683,2026-08-18,Brasília,,0.98029387,2923369,20.8107857142857,55.9675142857143,0,0,1,41.2035428571429,26.2182142857143,25.4858714285714,30.6488428571429,153,,,,,702649,2025-09-14,5300108,Brasilia,DF,2025,38
1757203200000,202537,404.0,404,404.0,404,0.92003405,13.819672,0,1,530010820253720683,2026-08-18,Brasília,,1.1066741,2923369,19.2459428571429,39.9687714285714,0,0,1,27.5233571428571,17.0446285714286,25.5307142857143,31.9205714285714,161,,,,,702649,2025-09-07,5300108,Brasilia,DF,2025,37
1756598400000,202536,435.0,435,435.0,435,0.99977946,14.880092,0,1,530010820253620683,2026-08-18,Brasília,,1.288856,2923369,17.9133714285714,57.2710142857143,0,1,1,41.9663571428571,27.6715428571429,22.7065857142857,27.7986,179,,,,,702649,2025-08-31,5300108,Brasilia,DF,2025,36
1755993600000,202535,349.0,349,349.0,349,0.92725414,11.938281,0,1,530010820253520683,2026-08-18,Brasília,,1.119954,2923369,17.9482428571429,50.3724428571429,0,0,0,36.5398571428571,23.554,23.5184428571429,29.2779571428571,173,,,,,702649,2025-08-24,5300108,Brasilia,DF,2025,35
1755388800000,202534,324.0,324,324.0,324,0.9804321,11.083103,0,1,530010820253420683,2026-08-18,Brasília,,1.1840473,2923369,15.7243285714286,48.8020714285714,0,0,0,33.4520714285714,18.9785,22.2084142857143,28.7789,154,,,,,702649,2025-08-17,5300108,Brasilia,DF,2025,34
1754784000000,202533,357.0,357,357.0,357,0.9999878,12.211938,0,1,530010820253320683,2026-08-18,Brasília,,1.410576,2923369,15.3575285714286,51.8691,0,0,0,37.1794142857143,22.7757571428571,21.6123714285714,28.1972142857143,173,,,,,702649,2025-08-10,5300108,Brasilia,DF,2025,33
1754179200000,202532,237.0,237,237.0,237,0.2005765,8.107084,0,1,530010820253220683,2026-08-18,Brasília,,0.92717165,2923369,15.7970285714286,59.8563714285714,0,0,0,43.1738428571429,27.1705714285714,21.3163285714286,26.8146,120,,,,,702649,2025-08-03,5300108,Brasilia,DF,2025,32
1753574400000,202531,249.0,249,249.0,249,0.15533933,8.51757,0,1,530010820253120676,2026-08-11,Brasília,,0.9150349,2923369,15.8116428571429,61.0311,0,0,0,44.0176285714286,26.8527142857143,21.5146142857143,27.5126714285714,112,,,,,702649,2025-07-27,5300108,Brasilia,DF,2025,31
1752969600000,202530,255.0,255,255.0,255,0.03399082,8.722813,0,1,530010820253020671,2026-08-06,Brasília,,0.85610604,2923369,15.4642428571429,63.7508,0,0,0,44.9195571428571,28.2891,21.2623714285714,27.3100857142857,119,,,,,702649,2025-07-20,5300108,Brasilia,DF,2025,30
1752364800000,202529,260.0,260,260.0,260,0.01411192,8.893848,0,1,530010820252920662,2026-07-28,Brasília,,0.83221054,2923369,13.5208571428571,67.3907428571429,0,0,0,48.7768857142857,29.7828142857143,18.9076,24.6834285714286,117,,,,,702649,2025-07-13,5300108,Brasilia,DF,2025,29
1751760000000,202528,303.0,303,303.0,303,0.39219373,10.364754,0,1,530010820252820654,2026-07-20,Brasília,,0.9781507,2923369,14.3130857142857,66.7816714285714,0,0,0,50.4813428571429,33.2340857142857,18.8928,24.1113142857143,122,,,,,702649,2025-07-06,5300108,Brasilia,DF,2025,28
1751155200000,202527,345.0,345,345.0,345,0.81336474,11.801453,0,1,530010820252720647,2026-07-13,Brasília,,1.0713573,2923369,14.7487285714286,67.8744428571429,0,0,0,52.0119571428571,33.7319428571429,19.7088428571429,25.1986857142857,166,,,,,702649,2025-06-29,5300108,Brasilia,DF,2025,27
1750550400000,202526,285.0,285,285.0,285,0.000753085,9.749026,0,1,530010820252620642,2026-07-08,Brasília,,0.77911025,2923369,15.6944857142857,78.5482428571429,0,0,0,59.0222714285714,37.3708714285714,20.5201857142857,26.2060714285714,160,,,,,702649,2025-06-22,5300108,Brasilia,DF,2025,26
1749945600000,202525,313.0,313,313.0,313,3.36382e-05,10.706825,0,1,530010820252520636,2026-07-02,Brasília,,0.7439904,2923369,14.6394142857143,72.2130285714286,0,0,0,56.4086142857143,36.3034142857143,19.2889,24.5249857142857,117,,,,,702649,2025-06-15,5300108,Brasilia,DF,2025,25
1749340800000,202524,340.0,340,340.0,340,9.9667e-06,11.630417,0,1,530010820252420627,2026-06-23,Brasília,,0.73850846,2923369,16.1376714285714,77.5567857142857,0,0,0,59.5544428571429,39.2220428571429,20.5335,25.4929428571429,170,,,,,702649,2025-06-08,5300108,Brasilia,DF,2025,24
1748736000000,202523,469.0,469,469.0,469,0.13464606,16.043135,0,1,530010820252320621,2026-06-17,Brasília,,0.93160874,2923369,16.8976714285714,81.7692714285714,0,0,1,64.3362714285714,43.3497142857143,21.3355,26.4360714285714,197,,,,,702649,2025-06-01,5300108,Brasilia,DF,2025,23
1748131200000,202522,429.0,429,429.0,429,3.7448e-06,14.6748495,0,1,530010820252220619,2026-06-15,Brasília,,0.75223434,2923369,15.6967571428571,82.0335142857143,0,0,1,63.9391285714286,42.1637571428571,20.5339714285714,25.6269857142857,230,,,,,702649,2025-05-25,5300108,Brasilia,DF,2025,22
1747526400000,202521,524.0,524,524.0,524,0.0001772368,17.924524,0,1,530010820252120608,2026-06-04,Brasília,,0.8111174,2923369,15.2581142857143,80.0678714285714,0,0,1,63.4565428571429,42.2972285714286,19.9503857142857,25.2063,255,,,,,702649,2025-05-18,5300108,Brasilia,DF,2025,21
1746921600000,202520,504.0,504,504.0,504,1.9479e-06,17.240383,0,1,530010820252020599,2026-05-26,Brasília,,0.7621271,2923369,16.9802714285714,82.7165428571429,0,0,1,68.0236857142857,49.1307285714286,20.6012285714286,24.6038285714286,267,,,,,702649,2025-05-11,5300108,Brasilia,DF,2025,20
1746316800000,202519,746.0,746,746.0,746,0.9996517,25.518503,0,3,530010820251920592,2026-05-19,Brasília,,1.201742,2923369,17.0575,81.8459285714286,0,1,1,66.5847571428571,47.0819571428571,21.3952428571429,26.1316,382,,,,,702649,2025-05-04,5300108,Brasilia,DF,2025,19
1745712000000,202518,663.0,663,663.0,663,0.994551,22.679314,0,2,530010820251820587,2026-05-14,Brasília,,1.1559743,2923369,18.4677142857143,94.7004428571429,1,1,1,81.4347428571429,63.3753,21.7698285714286,25.7045857142857,318,,,,,702649,2025-04-27,5300108,Brasilia,DF,2025,18
1745107200000,202517,655.0,655,655.0,655,0.9919972,22.405657,0,2,530010820251720578,2026-05-05,Brasília,,1.1476543,2923369,19.0309,92.1048428571429,1,1,1,76.7857714285714,57.3451,22.8152428571429,27.0292285714286,313,,,,,702649,2025-04-20,5300108,Brasilia,DF,2025,17
1744502400000,202516,519.0,519,519.0,519,0.00879406,17.753489,0,1,530010820251620571,2026-04-28,Brasília,,0.8674633,2923369,18.8958285714286,95.3467285714286,1,0,1,83.4770428571429,64.9190714285714,22.1179857142857,26.2671857142857,253,,,,,702649,2025-04-13,5300108,Brasilia,DF,2025,16
1743897600000,202515,562.0,562,562.0,562,0.01248779,19.224396,0,1,530010820251520566,2026-04-23,Brasília,,0.87859577,2923369,18.7841142857143,88.7314714285714,1,0,1,73.3795428571429,53.3078285714286,22.4337714285714,26.8320285714286,254,,,,,702649,2025-04-06,5300108,Brasilia,DF,2025,15
1743292800000,202514,620.0,620,620.0,620,0.008565024,21.208406,0,1,530010820251420557,2026-04-14,Brasília,,0.8772237,2923369,19.4293142857143,84.4613714285714,0,0,1,66.7145,46.3585571428571,23.6625285714286,28.2677142857143,278,,,,,702649,2025-03-30,5300108,Brasilia,DF,2025,14
1742688000000,202513,598.0,598,598.0,598,1.06751e-05,20.45585,0,1,530010820251320552,2026-04-09,Brasília,,0.7930382,2923369,19.2221,97.1044857142857,1,0,1,82.1430142857143,61.2619714285714,22.5168,26.7914714285714,329,,,,,702649,2025-03-23,5300108,Brasilia,DF,2025,13
1742083200000,202512,712.0,712,712.0,712,0.20040348,24.355461,0,1,530010820251220543,2026-03-31,Brasília,,0.9569258,2923369,19.8549285714286,84.3922285714286,0,0,1,64.7248142857143,42.4562,24.5198285714286,29.4812,354,,,,,702649,2025-03-16,5300108,Brasilia,DF,2025,12
1741478400000,202511,836.0,836,836.0,836,0.98780006,28.597143,0,1,530010820251120535,2026-03-23,Brasília,,1.1198778,2923369,20.5080285714286,79.3017428571429,0,1,1,58.8209428571429,37.4231714285714,25.2754,30.4953,384,,,,,702649,2025-03-09,5300108,Brasilia,DF,2025,11
1740873600000,202510,725.0,725,725.0,725,0.030533992,24.800154,0,1,530010820251020529,2026-03-17,Brasília,,0.90845007,2923369,19.3494142857143,72.2894285714286,0,0,1,59.5017857142857,43.2648857142857,23.3014571428571,27.6824428571429,311,,,,,702649,2025-03-02,5300108,Brasilia,DF,2025,10
1740268800000,202509,679.0,679,679.0,679,6.514e-06,23.226627,0,1,530010820250920522,2026-03-10,Brasília,,0.7995718,2923369,19.4055714285714,83.5183714285714,0,0,1,66.9434428571429,48.9807571428571,23.4753857142857,28.0126285714286,365,,,,,702649,2025-02-23,5300108,Brasilia,DF,2025,9
1739664000000,202508,852.0,852,852.0,852,0.35186607,29.144457,0,1,530010820250820516,2026-03-04,Brasília,,0.98183084,2923369,18.9842285714286,81.2066857142857,0,0,1,61.3427571428571,39.9258857142857,24.0290714285714,29.1724142857143,440,,,,,702649,2025-02-16,5300108,Brasilia,DF,2025,8
1739059200000,202507,825.0,825,825.0,825,0.3983904,28.220865,0,1,530010820250720508,2026-02-24,Brasília,,0.98744345,2923369,18.5551142857143,91.3855142857143,1,0,1,73.3891285714286,52.6695571428571,22.6535142857143,27.0917,394,,,,,702649,2025-02-09,5300108,Brasilia,DF,2025,7
1738454400000,202506,947.0,947,947.0,947,0.9999402,32.39413,0,3,530010820250620503,2026-02-19,Brasília,,1.2033671,2923369,18.8246142857143,87.9592285714286,0,1,1,72.5271142857143,53.7188714285714,22.3634428571429,26.3764142857143,463,,,,,702649,2025-02-02,5300108,Brasilia,DF,2025,6
1737849600000,202505,815.0,815,815.0,815,0.95615,27.878794,0,3,530010820250520495,2026-02-11,Brasília,,1.0902618,2923369,19.4749714285714,95.0127,1,1,1,81.5451,65.6735571428571,22.4374142857143,25.8185285714286,375,,,,,702649,2025-01-26,5300108,Brasilia,DF,2025,5
1737244800000,202504,803.0,803,803.0,803,0.9904536,27.468307,0,3,530010820250420491,2026-02-07,Brasília,,1.1280731,2923369,18.5898,93.4145285714286,1,1,1,75.6201285714286,55.4716,23.0456857142857,28.1685,371,,,,,702649,2025-01-19,5300108,Brasilia,DF,2025,4
1736640000000,202503,721.0,721,721.0,721,0.98730165,24.663324,0,3,530010820250320486,2026-02-02,Brasília,,1.1289836,2923369,18.9841285714286,96.9961142857143,1,1,1,88.7042142857143,75.1405285714286,21.0257428571429,23.8594,340,,,,,702649,2025-01-12,5300108,Brasilia,DF,2025,3
1736035200000,202502,751.0,751,751.0,751,0.99999994,25.689539,0,2,530010820250220460,2026-01-07,Brasília,,1.337403,2923369,19.1725714285714,96.9573428571429,1,1,1,85.5153571428571,69.6295714285714,21.9477142857143,25.8069142857143,395,,,,,702649,2025-01-05,5300108,Brasilia,DF,2025,2
1735430400000,202501,683.0,683,683.0,683,0.9991537,23.363455,0,2,530010820250120460,2026-01-07,Brasília,,1.194273,2923369,19.0906,95.9540428571429,1,1,1,82.2406857142857,63.2577428571429,22.0143857142857,25.8693571428571,348,,,,,702649,2024-12-29,5300108,Brasilia,DF,2025,1
1734825600000,202452,457.0,457,457.0,457,1.85e-08,15.632648,0,2,530010820245220437,2025-12-15,Brasília,,0.7155,2923369,19.6095,97.1434714285714,1,0,1,85.5948857142857,66.9157571428571,21.8239285714286,25.0965571428571,288,,,,,702649,2024-12-22,5300108,Brasilia,DF,2024,52
1734220800000,202451,555.0,555,555.0,555,0.0002577165,18.984945,0,2,530010820245120437,2025-12-15,Brasília,,0.82011545,2923369,19.6753,96.6818285714286,1,0,1,81.9829142857143,59.7599142857143,22.6349714285714,27.199,335,,,,,702649,2024-12-15,5300108,Brasilia,DF,2024,51
1733616000000,202450,662.0,662,662.0,662,0.31560013,22.645105,0,2,530010820245020437,2025-12-15,Brasília,,0.9741355,2923369,19.6345857142857,90.5262,1,0,1,71.4193428571429,49.7177428571429,23.9027714285714,28.3690142857143,360,,,,,702649,2024-12-08,5300108,Brasilia,DF,2024,50
1733011200000,202449,742.0,742,742.0,742,0.935238,25.381674,0,2,530010820244920431,2025-12-09,Brasília,,1.0835881,2923369,19.1844285714286,91.7854714285714,1,0,1,76.3203571428571,57.4569571428571,22.9661428571429,27.1493571428571,422,,,,,702649,2024-12-01,5300108,Brasilia,DF,2024,49
1732406400000,202448,604.0,604,604.0,604,0.049351018,20.661093,0,2,530010820244820425,2025-12-03,Brasília,,0.9113712,2923369,19.1185285714286,93.9241571428571,1,0,1,80.0631571428571,61.8903714285714,22.2715285714286,26.4145571428571,377,,,,,702649,2024-11-24,5300108,Brasilia,DF,2024,48
1731801600000,202447,769.0,769,769.0,769,0.99999136,26.305265,0,3,530010820244720418,2025-11-26,Brasília,,1.2613757,2923369,18.7945142857143,96.3176571428571,1,1,1,81.1718857142857,63.7350714285714,22.3033714285714,26.2425428571429,469,,,,,702649,2024-11-17,5300108,Brasilia,DF,2024,47
1731196800000,202446,634.0,634,634.0,634,0.99955714,21.687307,0,3,530010820244620410,2025-11-18,Brasília,,1.2165636,2923369,18.6256857142857,96.703,1,1,1,84.4701857142857,67.8833142857143,21.4708,25.0796285714286,323,,,,,702649,2024-11-10,5300108,Brasilia,DF,2024,46
1730592000000,202445,667.0,667,667.0,667,1.0,22.816141,0,3,530010820244520403,2025-11-11,Brasília,,1.5596771,2923369,19.041,94.8913571428571,1,1,1,83.4829,65.9833285714286,21.6592,25.4941285714286,325,,,,,702649,2024-11-03,5300108,Brasilia,DF,2024,45
1729987200000,202444,516.0,516,516.0,516,0.99999994,17.650867,0,2,530010820244420395,2025-11-03,Brasília,,1.4269509,2923369,18.8422142857143,93.7521428571429,1,1,1,79.8654142857143,64.2223714285714,22.0840714285714,25.5712857142857,261,,,,,702649,2024-10-27,5300108,Brasilia,DF,2024,44
1729382400000,202443,411.0,411,411.0,411,0.99922836,14.059121,0,1,530010820244320389,2025-10-28,Brasília,,1.2637206,2923369,19.7547285714286,93.7119714285714,1,1,1,78.8821571428571,58.7130857142857,22.9986571428571,27.1885,203,,,,,702649,2024-10-20,5300108,Brasilia,DF,2024,43
1728777600000,202442,347.0,347,347.0,347,0.9407601,11.869866,0,1,530010820244220381,2025-10-20,Brasília,,1.1298897,2923369,19.6851,91.9728,1,0,1,77.0724142857143,55.8337,22.8356571428571,27.2532714285714,158,,,,,702649,2024-10-13,5300108,Brasilia,DF,2024,42
1728172800000,202441,324.0,324,324.0,324,0.8065275,11.083103,0,1,530010820244120375,2025-10-14,Brasília,,1.0715572,2923369,22.0235571428571,70.8463428571429,0,0,1,53.4701142857143,35.4846571428571,26.6405714285714,31.7326714285714,179,,,,,702649,2024-10-06,5300108,Brasilia,DF,2024,41
1727568000000,202440,298.0,298,298.0,298,0.42213875,10.193718,0,1,530010820244020368,2025-10-07,Brasília,,0.98411125,2923369,20.6808285714286,48.7738285714286,0,0,1,30.6651714285714,18.0957714285714,27.3216,33.4183428571429,187,,,,,702649,2024-09-29,5300108,Brasilia,DF,2024,40
1726963200000,202439,302.0,302,302.0,302,0.5231899,10.330546,0,1,530010820243920363,2025-10-02,Brasília,,1.0047467,2923369,20.6584142857143,45.0961,0,0,1,29.1696857142857,16.7742,27.2590142857143,33.6074428571429,199,,,,,702649,2024-09-22,5300108,Brasilia,DF,2024,39
1726358400000,202438,308.0,308,308.0,308,0.6546644,10.5357895,0,1,530010820243820353,2025-09-22,Brasília,,1.0328325,2923369,19.6136857142857,49.4744142857143,0,0,1,33.2877571428571,20.0465428571429,25.8385142857143,31.9235857142857,181,,,,,702649,2024-09-15,5300108,Brasilia,DF,2024,38
1725753600000,202437,304.0,304,304.0,304,0.43096262,10.398961,0,1,530010820243720347,2025-09-16,Brasília,,0.9860501,2923369,17.4519571428571,43.4961142857143,0,0,1,32.0015,20.1088428571429,23.9103285714286,30.3833571428571,193,,,,,702649,2024-09-08,5300108,Brasilia,DF,2024,37
1725148800000,202436,294.0,294,294.0,294,0.054323018,10.05689,0,1,530010820243620339,2025-09-08,Brasília,,0.8797948,2923369,17.7228857142857,40.1280571428571,0,0,1,26.1744285714286,14.1768285714286,24.6672714285714,31.6741857142857,184,,,,,702649,2024-09-01,5300108,Brasilia,DF,2024,36
1724544000000,202435,292.0,292,292.0,292,0.007917577,9.988476,0,1,530010820243520332,2025-09-01,Brasília,,0.8267306,2923369,16.6269428571429,61.4717142857143,0,0,1,42.6537428571429,25.1559285714286,22.8053571428571,29.0379714285714,196,,,,,702649,2024-08-25,5300108,Brasilia,DF,2024,35
1723939200000,202434,340.0,340,340.0,340,0.42493147,11.630417,0,1,530010820243420328,2025-08-28,Brasília,,0.985647,2923369,15.8256857142857,48.8172714285714,0,0,1,31.7903714285714,17.9028142857143,22.9027714285714,29.8241857142857,227,,,,,702649,2024-08-18,5300108,Brasilia,DF,2024,34
1723334400000,202433,377.0,377,377.0,377,0.9776189,12.89608,0,1,530010820243320321,2025-08-21,Brasília,,1.1638501,2923369,15.4908857142857,56.6001,0,1,1,38.3598285714286,21.7462285714286,22.1076857142857,29.1259857142857,259,,,,,702649,2024-08-11,5300108,Brasilia,DF,2024,33
1722729600000,202432,359.0,359,359.0,359,0.9277636,12.280352,0,1,530010820243220312,2025-08-12,Brasília,,1.1184531,2923369,15.6936142857143,63.7294,0,0,1,45.6172571428571,29.1526428571429,21.0099857142857,26.8393714285714,232,,,,,702649,2024-08-04,5300108,Brasilia,DF,2024,32
1722124800000,202431,305.0,305,305.0,305,0.044365373,10.433168,0,1,530010820243120305,2025-08-05,Brasília,,0.8752603,2923369,15.9515571428571,66.5346857142857,0,0,1,47.4732857142857,29.1758142857143,21.2564714285714,26.6909571428571,247,,,,,702649,2024-07-28,5300108,Brasilia,DF,2024,31
1721520000000,202430,312.0,312,312.0,312,0.0005993842,10.672618,0,1,530010820243020298,2025-07-29,Brasília,,0.7835983,2923369,13.0953,65.7113,0,0,1,46.6519142857143,28.4806571428571,19.2667428571429,25.7361428571429,218,,,,,702649,2024-07-21,5300108,Brasilia,DF,2024,30
1720915200000,202429,327.0,327,327.0,327,2.8846e-06,11.185724,0,1,530010820242920291,2025-07-22,Brasília,,0.7213349,2923369,13.3298714285714,68.8326571428571,0,0,1,48.2817714285714,29.3918857142857,19.2568571428571,25.4175,205,,,,,702649,2024-07-14,5300108,Brasilia,DF,2024,29
1720310400000,202428,409.0,409,409.0,409,1.489e-07,13.990707,0,1,530010820242820283,2025-07-14,Brasília,,0.7190219,2923369,15.2886142857143,65.8820571428571,0,0,1,45.3511285714286,26.2315142857143,21.3259,27.5156428571429,290,,,,,702649,2024-07-07,5300108,Brasilia,DF,2024,28
1719705600000,202427,465.0,465,465.0,465,0.0,15.906305,0,1,530010820242720278,2025-07-09,Brasília,,0.55722064,2923369,14.8669571428571,65.9831857142857,0,0,1,47.8145714285714,29.6953285714286,20.2704714285714,26.1680428571429,344,,,,,702649,2024-06-30,5300108,Brasilia,DF,2024,27
1719100800000,202426,423.0,423,423.0,423,0.0,14.469606,0,1,530010820242620269,2025-06-30,Brasília,,0.33827007,2923369,15.3036714285714,69.0186142857143,0,0,1,48.8884,28.8304285714286,20.6306428571429,26.5235714285714,299,,,,,702649,2024-06-23,5300108,Brasilia,DF,2024,26
1718496000000,202425,805.0,805,805.0,805,0.0,27.536722,0,1,530010820242520262,2025-06-23,Brasília,,0.44075954,2923369,14.351,73.3111285714286,0,0,1,54.9992142857143,34.6443571428571,19.6371857142857,25.2230142857143,586,,,,,702649,2024-06-16,5300108,Brasilia,DF,2024,25
1717891200000,202424,1161.0,1161,1161.0,1161,0.0,39.71445,0,1,530010820242420255,2025-06-16,Brasília,,0.45473674,2923369,15.1545857142857,76.6941428571429,0,0,1,58.0647142857143,36.2113142857143,20.3967285714286,26.1459714285714,886,,,,,702649,2024-06-09,5300108,Brasilia,DF,2024,24
1717286400000,202423,1730.0,1730,1730.0,1730,0.0,59.1783,0,4,530010820242320249,2025-06-10,Brasília,,0.52738035,2923369,16.3689142857143,80.4537,0,0,2,61.5483857142857,41.0984,20.4999,25.3003,1356,,,,,702649,2024-06-02,5300108,Brasilia,DF,2024,23
1716681600000,202422,2501.0,2501,2501.0,2501,0.0,85.55198,0,4,530010820242220241,2025-06-02,Brasília,,0.647208,2923369,15.7582428571429,78.7445428571429,0,0,2,56.9949142857143,34.5585,21.0278285714286,26.5693,2019,,,,,702649,2024-05-26,5300108,Brasilia,DF,2024,22
1716076800000,202421,3503.0,3503,3503.0,3503,0.0,119.8275,0,4,530010820242120236,2025-05-28,Brasília,,0.78957164,2923369,17.2295714285714,78.4366,0,0,2,58.7893857142857,37.2123,22.043,27.3358857142857,2828,,,,,702649,2024-05-19,5300108,Brasilia,DF,2024,21
1715472000000,202420,3822.0,3822,3822.0,3822,0.0,130.73956,0,4,530010820242020227,2025-05-19,Brasília,,0.72658896,2923369,16.7929571428571,76.0441714285714,0,0,2,55.8065285714286,34.4328285714286,22.5165857142857,28.2445,3192,,,,,702649,2024-05-12,5300108,Brasilia,DF,2024,20
1714867200000,202419,4384.0,4384,4384.0,4384,0.0,149.96396,0,4,530010820241920224,2025-05-16,Brasília,,0.66209656,2923369,16.8666285714286,78.9833142857143,0,0,2,60.9340857142857,39.7944428571429,21.8216857142857,27.4399142857143,3696,,,,,702649,2024-05-05,5300108,Brasilia,DF,2024,19
1714262400000,202418,4951.0,4951,4951.0,4951,0.0,169.35939,0,4,530010820241820214,2025-05-06,Brasília,,0.58381027,2923369,17.8793,82.1622285714286,0,0,2,61.5202571428571,39.1411,23.2156,28.6351714285714,4417,,,,,702649,2024-04-28,5300108,Brasilia,DF,2024,18
1713657600000,202417,6230.0,6230,6230.0,6230,0.0,213.11029,0,4,530010820241720206,2025-04-28,Brasília,,0.6054916,2923369,18.2187857142857,84.9569571428571,0,0,2,68.3651714285714,48.6726714285714,22.5420285714286,27.2316714285714,5581,,,,,702649,2024-04-21,5300108,Brasilia,DF,2024,17
1713052800000,202416,8542.0,8542,8542.0,8542,0.0,292.1971,0,4,530010820241620201,2025-04-23,Brasília,,0.7314016,2923369,19.4023285714286,86.6807857142857,0,0,2,71.9516714285714,55.4689571428571,22.9952714285714,26.8962285714286,7332,,,,,702649,2024-04-14,5300108,Brasilia,DF,2024,16
1712448000000,202415,10739.0,10739,,10739,0.0,367.35013,0,4,530010820241520192,2025-04-14,Brasília,,0.79627275,2923369,19.4862428571429,90.0682,1,0,2,76.2233857142857,57.2214571428571,22.7452,26.5650571428571,9539,,,,,702649,2024-04-07,5300108,Brasilia,DF,2024,15
1711843200000,202414,11954.0,11954,,11954,0.0,408.91177,0,4,530010820241420188,2025-04-10,Brasília,,0.7292985,2923369,19.6815,98.1078571428571,1,0,2,86.0912,69.0845,22.5227142857143,26.4106571428571,10614,,,,,702649,2024-03-31,5300108,Brasilia,DF,2024,14
1711238400000,202413,11654.0,11654,,11654,0.0,398.64963,0,4,530010820241320178,2025-03-31,Brasília,,0.6049308,2923369,19.4519714285714,95.9558285714286,1,0,2,82.0978,60.6407142857143,22.4535857142857,26.6828428571429,10347,,,,,702649,2024-03-24,5300108,Brasilia,DF,2024,13
1710633600000,202412,17439.0,17439,,17439,0.0,596.5378,0,4,530010820241220171,2025-03-24,Brasília,,0.80160946,2923369,20.4030428571429,95.5469428571429,1,0,2,79.9017,60.3887,23.9585285714286,28.0455857142857,15588,,,,,702649,2024-03-17,5300108,Brasilia,DF,2024,12
1710028800000,202411,19376.0,19376,,19376,0.0,662.79694,0,4,530010820241120165,2025-03-18,Brasília,,0.81395805,2923369,20.5242857142857,92.9955714285714,1,0,2,77.6525571428571,58.9384142857143,24.1342571428571,28.1799285714286,17170,,,,,702649,2024-03-10,5300108,Brasilia,DF,2024,11
1709424000000,202410,21609.0,21609,,21609,0.0,739.1814,0,4,530010820241020157,2025-03-10,Brasília,,0.8764791,2923369,19.8196,93.8722285714286,1,0,2,79.4438,59.4867428571429,23.3449857142857,27.5457,19205,,,,,702649,2024-03-03,5300108,Brasilia,DF,2024,10
1708819200000,202409,24823.0,24823,,24823,0.94773364,849.12305,0,4,530010820240920153,2025-03-06,Brasília,,1.0147313,2923369,19.3833857142857,87.1045857142857,0,0,2,68.5183428571429,46.7477857142857,24.1701428571429,29.2475714285714,21990,,,,,702649,2024-02-25,5300108,Brasilia,DF,2024,9
1708214400000,202408,25714.0,25714,,25714,1.0,879.60156,0,4,530010820240820145,2025-02-26,Brasília,,1.0583078,2923369,19.4538428571429,97.0400714285714,1,1,2,88.3955714285714,74.4316571428571,21.5562142857143,24.6631428571429,23166,,,,,702649,2024-02-18,5300108,Brasilia,DF,2024,8
1707609600000,202407,23969.0,23969,,23969,0.9729049,819.91016,0,4,530010820240720137,2025-02-18,Brasília,,1.0178217,2923369,19.1978857142857,89.9587571428571,1,1,2,77.5302142857143,60.4101142857143,22.6382428571429,26.8051428571429,21486,,,,,702649,2024-02-11,5300108,Brasilia,DF,2024,7
1707004800000,202406,24198.0,24198,,24198,1.0,827.7436,0,4,530010820240620130,2025-02-11,Brasília,,1.1812755,2923369,19.3211428571429,96.6608571428571,1,1,2,85.1913142857143,67.0563714285714,21.9603428571429,25.8102142857143,21745,,,,,702649,2024-02-04,5300108,Brasilia,DF,2024,6
1706400000000,202405,25623.0,25623,,25623,1.0,876.4887,0,4,530010820240520122,2025-02-03,Brasília,,1.6443095,2923369,19.1535142857143,95.4250571428571,1,1,2,82.4189142857143,64.5053285714286,22.2444571428571,26.1647142857143,22583,,,,,702649,2024-01-28,5300108,Brasilia,DF,2024,5
1705795200000,202404,21998.0,21998,,21998,1.0,752.488,0,4,530010820240420116,2025-01-28,Brasília,,1.9625989,2923369,19.9428571428571,94.6610857142857,1,1,2,83.6999285714286,68.0376857142857,22.5587142857143,25.9222428571429,19232,,,,,702649,2024-01-21,5300108,Brasilia,DF,2024,4
1705190400000,202403,15007.0,15007,,15007,1.0,513.34607,0,4,530010820240320108,2025-01-20,Brasília,,1.8690592,2923369,19.6937428571429,91.0984,1,1,2,72.3731714285714,49.7091857142857,24.0098857142857,28.6773428571429,13135,,,,,702649,2024-01-14,5300108,Brasilia,DF,2024,3
1704585600000,202402,9782.0,9782,9782.0,9782,1.0,334.61392,0,4,530010820240220102,2025-01-14,Brasília,,1.8696891,2923369,19.2617428571429,96.8541,1,1,2,83.7961428571429,66.2968714285714,22.3296857142857,25.9902571428571,8713,,,,,702649,2024-01-07,5300108,Brasilia,DF,2024,2
1703980800000,202401,9340.0,9340,9340.0,9340,1.0,319.4944,0,4,530010820240120095,2025-01-07,Brasília,,2.7556958,2923369,19.5911,96.8563142857143,1,1,2,89.4806714285714,76.4628142857143,21.5246714285714,23.8457714285714,8565,,,,,702649,2023-12-31,5300108,Brasilia,DF,2024,1
1703376000000,202352,3937.0,3937,3937.0,3937,1.0,134.67339,0,4,530010820235220087,2024-12-30,Brasília,,1.5712615,2923369,20.5493571428571,94.8793571428571,1,1,2,77.4403571428571,52.7554571428571,24.1578142857143,28.8674142857143,3680,,,,,702649,2023-12-24,5300108,Brasilia,DF,2023,52
1702771200000,202351,2988.0,2988,2988.0,2988,1.0,102.21084,0,4,530010820235120080,2024-12-23,Brasília,,1.5483863,2923369,19.9984,87.2241857142857,0,1,2,71.4165714285714,53.2940714285714,23.5341,27.6089285714286,2833,,,,,702649,2023-12-17,5300108,Brasilia,DF,2023,51
1702166400000,202350,2627.0,2627,2627.0,2627,1.0,89.862076,0,4,530010820235020073,2024-12-16,Brasília,,1.7981734,2923369,20.5542571428571,78.9627857142857,0,1,2,58.9966142857143,38.2817,25.2606857142857,30.4129428571429,2468,,,,,702649,2023-12-10,5300108,Brasilia,DF,2023,50
1701561600000,202349,1823.0,1823,1823.0,1823,1.0,62.35956,0,4,530010820234920066,2024-12-09,Brasília,,1.6611966,2923369,19.7759142857143,86.0695428571428,0,1,2,67.9925857142857,45.0997285714286,24.2570857142857,29.4431571428571,1671,,,,,702649,2023-12-03,5300108,Brasilia,DF,2023,49
1700956800000,202348,1413.0,1413,1413.0,1413,1.0,48.334644,0,3,530010820234820059,2024-12-02,Brasília,,1.749686,2923369,20.2907571428571,88.8524285714286,1,1,2,68.5315285714286,47.4845857142857,24.4583285714286,29.0672428571429,1255,,,,,702649,2023-11-26,5300108,Brasilia,DF,2023,48
1700352000000,202347,1134.0,1134,1134.0,1134,1.0,38.79086,0,3,530010820234720055,2024-11-28,Brasília,,1.8244478,2923369,20.4102714285714,92.7902142857143,1,1,1,74.1455285714286,52.5482,24.3068142857143,28.8876857142857,944,,,,,702649,2023-11-19,5300108,Brasilia,DF,2023,47
1699747200000,202346,695.0,695,695.0,695,0.9999999,23.773941,0,1,530010820234620046,2024-11-19,Brasília,,1.3522272,2923369,20.7189,75.0308571428571,0,1,1,52.5197285714286,30.8981857142857,26.4171285714286,32.8407,590,,,,,702649,2023-11-12,5300108,Brasilia,DF,2023,46
1699142400000,202345,626.0,626,626.0,626,0.9999988,21.41365,0,1,530010820234520038,2024-11-11,Brasília,,1.3317946,2923369,19.4295,78.9625857142857,0,1,1,58.1221428571429,35.2622285714286,24.9718,31.1135571428571,503,,,,,702649,2023-11-05,5300108,Brasilia,DF,2023,45
1698537600000,202344,486.0,486,486.0,486,0.7354746,16.624655,0,1,530010820234420032,2024-11-05,Brasília,,1.0416182,2923369,20.0598285714286,88.3466142857143,1,0,1,71.4226571428571,46.5703571428571,24.1432428571429,30.1935,365,,,,,702649,2023-10-29,5300108,Brasilia,DF,2023,44
1697932800000,202343,415.0,415,415.0,415,0.038256556,14.19595,0,1,530010820234320026,2024-10-30,Brasília,,0.887546,2923369,19.9083142857143,87.4988,0,0,1,69.1638571428571,45.4360714285714,24.1523571428571,29.6279,281,,,,,702649,2023-10-22,5300108,Brasilia,DF,2023,43
1697328000000,202342,534.0,534,534.0,534,0.8990389,18.266596,0,1,530010820234220018,2024-10-22,Brasília,,1.0828904,2923369,20.0793714285714,71.4859142857143,0,0,1,51.5535714285714,31.6507571428571,25.6340428571429,31.7655,355,,,,,702649,2023-10-15,5300108,Brasilia,DF,2023,42
1696723200000,202341,398.0,398,398.0,398,8.9746e-06,13.614429,0,1,530010820234120011,2024-10-15,Brasília,,0.75342023,2923369,20.4056142857143,84.7822571428571,0,0,1,67.3706285714286,44.3130857142857,24.8936571428571,30.5907857142857,252,,,,,702649,2023-10-08,5300108,Brasilia,DF,2023,41
1696118400000,202340,522.0,522,522.0,522,0.09328877,17.85611,0,1,530010820234020004,2024-10-08,Brasília,,0.9230221,2923369,19.9263714285714,88.2413714285714,1,0,1,70.6063285714286,47.5071,24.0071428571429,29.2767857142857,359,,,,,702649,2023-10-01,5300108,Brasilia,DF,2023,40
1695513600000,202339,525.0,525,525.0,525,0.024770584,17.958733,0,1,530010820233919997,2024-10-01,Brasília,,0.8890007,2923369,21.2975,72.0486571428571,0,0,1,54.0786857142857,35.4654142857143,26.2397285714286,32.0692142857143,371,,,,,702649,2023-09-24,5300108,Brasilia,DF,2023,39
1694908800000,202338,551.0,551,551.0,551,0.22616239,18.848116,0,1,530010820233819989,2024-09-23,Brasília,,0.95622855,2923369,19.6248428571429,61.3337571428571,0,0,1,42.1223142857143,24.3798142857143,25.8499857142857,32.4282714285714,395,,,,,702649,2023-09-17,5300108,Brasilia,DF,2023,38
1694304000000,202337,650.0,650,650.0,650,0.99886066,22.234621,0,1,530010820233719983,2024-09-17,Brasília,,1.1934443,2923369,18.4179571428571,62.3736857142857,0,1,1,44.8549,28.3875714285714,24.0610428571429,30.1139285714286,444,,,,,702649,2023-09-10,5300108,Brasilia,DF,2023,37
1693699200000,202336,569.0,569,569.0,569,0.90874106,19.463844,0,1,530010820233619978,2024-09-12,Brasília,,1.0839481,2923369,18.4727571428571,73.1115714285714,0,0,1,54.2246,33.0028142857143,23.6178857142857,29.5942142857143,437,,,,,702649,2023-09-03,5300108,Brasilia,DF,2023,36
1693094400000,202335,548.0,548,548.0,548,0.7999511,18.745495,0,1,530010820233519969,2024-09-03,Brasília,,1.0528196,2923369,18.4636428571429,91.3761142857143,1,0,1,74.5832714285714,49.8937571428571,22.5248,27.9633142857143,399,,,,,702649,2023-08-27,5300108,Brasilia,DF,2023,35
1692489600000,202334,502.0,502,502.0,502,0.2771593,17.171968,0,1,530010820233419962,2024-08-27,Brasília,,0.9637106,2923369,17.5038714285714,69.1836857142857,0,0,1,48.8183428571429,28.1661285714286,23.4683714285714,30.3472428571429,365,,,,,702649,2023-08-20,5300108,Brasilia,DF,2023,34
1691884800000,202333,547.0,547,547.0,547,0.7411886,18.711288,0,1,530010820233319955,2024-08-20,Brasília,,1.0402864,2923369,15.9277428571429,65.3137,0,0,1,46.8448142857143,29.5068142857143,21.5248,27.5326285714286,396,,,,,702649,2023-08-13,5300108,Brasilia,DF,2023,33
1691280000000,202332,489.0,489,489.0,489,0.08419537,16.727276,0,1,530010820233219948,2024-08-13,Brasília,,0.917433,2923369,16.1061,58.0735714285714,0,0,1,38.7595857142857,20.4851714285714,22.7737,30.1123571428571,382,,,,,702649,2023-08-06,5300108,Brasilia,DF,2023,32
1690675200000,202331,568.0,568,568.0,568,0.45837355,19.429638,0,1,530010820233119940,2024-08-05,Brasília,,0.9938281,2923369,14.3972,71.4594857142857,0,0,1,46.1240857142857,24.2995571428571,21.2965571428571,28.4358142857143,445,,,,,702649,2023-07-30,5300108,Brasilia,DF,2023,31
1690070400000,202330,488.0,488,488.0,488,2.77143e-05,16.69307,0,1,530010820233019933,2024-07-29,Brasília,,0.7844309,2923369,14.8564142857143,72.4463285714286,0,0,1,51.1926428571429,30.3036142857143,20.7054142857143,27.0827285714286,361,,,,,702649,2023-07-23,5300108,Brasilia,DF,2023,30
1689465600000,202329,560.0,560,560.0,560,0.0070904633,19.155981,0,1,530010820232919928,2024-07-24,Brasília,,0.86811364,2923369,16.0398714285714,74.4640428571429,0,0,1,54.5847,33.6314714285714,21.2161857142857,26.9909857142857,406,,,,,702649,2023-07-16,5300108,Brasilia,DF,2023,29
1688860800000,202328,667.0,667,667.0,667,0.4060477,22.816141,0,1,530010820232819919,2024-07-15,Brasília,,0.9871125,2923369,14.6385857142857,75.1798428571429,0,0,1,53.1245857142857,29.3215142857143,20.869,28.1019428571429,500,,,,,702649,2023-07-09,5300108,Brasilia,DF,2023,28
1688256000000,202327,651.0,651,651.0,651,0.0018098791,22.268827,0,1,530010820232719912,2024-07-08,Brasília,0,0.85633934,2923369,16.7142857142857,55.6458987142857,0,0,1,52.0367727142857,48.2889567142857,17.4761905714286,18.2857142857143,466,,,,,702649,2023-07-02,5300108,Brasilia,DF,2023,27
1687651200000,202326,614.0,614,614.0,614,3e-10,21.003164,0,1,530010820232619904,2024-06-30,Brasília,0,0.72175324,2923369,18.5714285714286,57.253633,0,0,1,54.7851431428571,52.1784072857143,19.0476191428571,19.5714285714286,438,,,,,702649,2023-06-25,5300108,Brasilia,DF,2023,26
1687046400000,202325,759.0,759,759.0,759,0.0002380363,25.963196,0,1,530010820232519897,2024-06-23,Brasília,0,0.84217465,2923369,18.0,64.0836305714286,0,0,1,60.9203788571429,57.6386442857143,18.7142857142857,19.4285714285714,589,,,,,702649,2023-06-18,5300108,Brasilia,DF,2023,25
1686441600000,202324,918.0,918,918.0,918,0.23847514,31.402126,0,1,530010820232419884,2024-06-10,Brasília,,0.9676186,2923369,16.3668,85.0702285714286,0,0,1,65.1084142857143,42.0856428571429,21.2721571428571,26.7865285714286,706,,,,,702649,2023-06-11,5300108,Brasilia,DF,2023,24
1685836800000,202323,874.0,874,874.0,874,8.22349e-05,29.897013,0,1,530010820232319884,2024-06-10,Brasília,,0.8414708,2923369,13.9496857142857,81.1122857142857,0,0,1,59.8242428571429,36.2950428571429,19.9718714285714,26.4076571428571,655,,,,,702649,2023-06-04,5300108,Brasilia,DF,2023,23
1685232000000,202322,959.0,959,959.0,959,2.7042e-06,32.804615,0,1,530010820232219876,2024-06-02,Brasília,0,0.8206529,2923369,20.3,67.169108,0,0,1,63.6827369,60.2327318,21.1,21.9,745,,,,,702649,2023-05-28,5300108,Brasilia,DF,2023,22
1684627200000,202321,957.0,957,957.0,957,0.0,32.736202,0,1,530010820232119869,2024-05-26,Brasília,0,0.7516599,2923369,14.0,78.9360135,0,0,1,60.0060449,41.7556427,19.1958332,24.4,730,,,,,702649,2023-05-21,5300108,Brasilia,DF,2023,21
1684022400000,202320,1256.0,1256,1256.0,1256,0.06871417,42.964127,0,4,530010820232019862,2024-05-19,Brasília,0,0.9432662,2923369,14.8333333333333,78.6741533888889,0,0,2,54.5352862222222,34.0003195555556,20.4537035555556,25.4444444444444,958,,,,,702649,2023-05-14,5300108,Brasilia,DF,2023,20
1683417600000,202319,1245.0,1245,1245.0,1245,0.015467914,42.58785,0,4,530010820231919856,2024-05-13,Brasília,0,0.9188209,2923369,19.875,69.332691875,0,0,2,61.188341375,52.937484875,21.7083335,23.75,935,,,,,702649,2023-05-07,5300108,Brasilia,DF,2023,19
1682812800000,202318,1427.0,1427,1427.0,1427,0.66371286,48.813545,0,4,530010820231819848,2024-05-05,Brasília,0,1.016009,2923369,20.2,72.555739,0,0,2,68.7814148,63.9723086,20.9333336,21.8,1092,,,,,702649,2023-04-30,5300108,Brasilia,DF,2023,18
1682208000000,202317,1281.0,1281,1281.0,1281,0.0013936759,43.819305,0,4,530010820231719841,2024-04-28,Brasília,0,0.89154965,2923369,17.5652173913043,88.9228126086957,1,0,2,71.9095056521739,49.9794486086957,21.5923913913043,26.3913043478261,1032,,,,,702649,2023-04-23,5300108,Brasilia,DF,2023,17
1681603200000,202316,1410.0,1410,1410.0,1410,0.37996966,48.23202,0,4,530010820231619834,2024-04-21,Brasília,0,0.98859215,2923369,18.4285714285714,91.6000642857143,1,0,2,75.3259434285714,53.8946497142857,22.0952382857143,27.0,1097,,,,,702649,2023-04-16,5300108,Brasilia,DF,2023,16
1680998400000,202315,1562.0,1562,1562.0,1562,0.9823348,53.431503,0,4,530010820231519827,2024-04-14,Brasília,0,1.0797776,2923369,19.1428571428571,94.0203,1,1,2,77.2057447142857,51.4963784285714,22.4523808571429,27.7142857142857,1207,,,,,702649,2023-04-09,5300108,Brasilia,DF,2023,15
1680393600000,202314,1303.0,1303,1303.0,1303,0.0053955386,44.57186,0,4,530010820231419821,2024-04-08,Brasília,0,0.9071376,2923369,18.7142857142857,90.7521171428571,1,0,2,75.2732408571429,51.3468842857143,21.660714,26.5714285714286,921,,,,,702649,2023-04-02,5300108,Brasilia,DF,2023,14
1679788800000,202313,1506.0,1506,1506.0,1506,0.9964911,51.515903,0,4,530010820231319814,2024-04-01,Brasília,0,1.1059874,2923369,20.8571428571429,72.2697849047619,0,1,2,55.8554788095238,44.1183038571429,24.4166664761905,27.3809523809524,1086,,,,,702649,2023-03-26,5300108,Brasilia,DF,2023,13
1679184000000,202312,1529.0,1529,1529.0,1529,0.9999966,52.30267,0,4,530010820231219808,2024-03-26,Brasília,0,1.1850029,2923369,17.5454545454545,91.3497589090909,1,1,2,71.9430174545455,48.5877656363636,21.8560603636364,27.0,1095,,,,,702649,2023-03-19,5300108,Brasilia,DF,2023,12
1678579200000,202311,1298.0,1298,1298.0,1298,0.8896093,44.400826,0,4,530010820231119800,2024-03-18,Brasília,0,1.0498465,2923369,21.3,81.283395,0,0,2,81.277472,81.271548,21.35,21.4,934,,,,,702649,2023-03-12,5300108,Brasilia,DF,2023,11
1677974400000,202310,1330.0,1330,1330.0,1330,0.99152845,45.495453,0,4,530010820231019794,2024-03-12,Brasília,0,1.0994452,2923369,22.1428571428571,70.8364115714286,0,1,2,68.8942271428571,66.952045,22.3571428571429,22.5714285714286,976,,,,,702649,2023-03-05,5300108,Brasilia,DF,2023,10
1677369600000,202309,1208.0,1208,1208.0,1208,0.36448613,41.322186,0,4,530010820230919786,2024-03-04,Brasília,0,0.98605144,2923369,22.0,75.1189728333333,0,0,2,72.9228621666667,70.7267544166667,22.3333333333333,22.6666666666667,875,,,,,702649,2023-02-26,5300108,Brasilia,DF,2023,9
1676764800000,202308,1211.0,1211,1211.0,1211,0.20242175,41.42481,0,4,530010820230819780,2024-02-27,Brasília,0,0.9669932,2923369,18.9473684210526,90.1438903157895,1,0,2,73.7145455789474,51.9968642105263,22.1798247368421,27.6842105263158,883,,,,,702649,2023-02-19,5300108,Brasilia,DF,2023,8
1676160000000,202307,1174.0,1174,1174.0,1174,0.23976377,40.159145,0,4,530010820230719773,2024-02-20,Brasília,0,0.9714476,2923369,24.5714285714286,59.7649554285714,0,0,2,58.9899425714286,58.2149302857143,24.7142857142857,24.8571428571429,790,,,,,702649,2023-02-12,5300108,Brasilia,DF,2023,7
1675555200000,202306,1345.0,1345,1345.0,1345,0.9999912,46.00856,0,4,530010820230619768,2024-02-15,Brasília,0,1.1886246,2923369,23.0,71.7624368571429,0,1,2,69.3454032857143,66.0995661428571,23.4940477142857,24.2857142857143,940,,,,,702649,2023-02-05,5300108,Brasilia,DF,2023,6
1674950400000,202305,1260.0,1260,1260.0,1260,0.9997907,41.24185,0,1,530010820230519759,2024-02-06,Brasília,0,1.1569107,3055149,21.7142857142857,73.9629072857143,0,1,2,68.9879072857143,61.1977235714286,22.970238,24.4285714285714,891,,,,,702649,2023-01-29,5300108,Brasilia,DF,2023,5
1674345600000,202304,1021.0,1021,1021.0,1021,0.3815501,33.41899,0,1,530010820230419752,2024-01-30,Brasília,0,0.9867947,3055149,20.5714285714286,81.7212771428571,0,0,1,81.7212771428571,81.7212771428571,20.5714285714286,20.5714285714286,718,,,,,702649,2023-01-22,5300108,Brasilia,DF,2023,4
1673740800000,202303,1183.0,1183,1183.0,1183,0.9999991,38.721516,0,3,530010820230319747,2024-01-25,Brasília,0,1.229674,3055149,22.1428571428571,69.4868628571429,0,1,1,69.4868628571429,69.4868628571429,22.1428571428571,22.1428571428571,794,,,,,702649,2023-01-15,5300108,Brasilia,DF,2023,3
1673136000000,202302,1001.0,1001,1001.0,1001,0.986996,32.76436,0,2,530010820230219747,2024-01-25,Brasília,0,1.1074423,3055149,19.0,90.6840257142857,1,1,1,79.6281335714286,62.9142951428571,21.1190474285714,24.2857142857143,699,,,,,702649,2023-01-08,5300108,Brasilia,DF,2023,2
1672531200000,202301,1013.0,1013,1013.0,1013,0.9817548,33.15714,0,2,530010820230119740,2024-01-18,Brasília,0,1.0998188,3055149,19.2857142857143,92.3190262857143,1,1,1,76.6823057142857,56.4081015714286,21.9821425714286,26.0,692,,,,,702649,2023-01-01,5300108,Brasilia,DF,2023,1
1671926400000,202252,802.0,802,802.0,802,5.90731e-05,26.250765,0,2,530010820225219734,2024-01-12,Brasília,0,0.832278,3055149,19.0,93.9743466666667,1,0,1,89.5614333333333,70.8377946666667,20.05303,21.6666666666667,456,,,,,702649,2022-12-25,5300108,Brasilia,DF,2022,52
1671321600000,202251,889.0,889,889.0,889,0.035091054,29.098417,0,2,530010820225119718,2023-12-27,Brasília,0,0.9193578,3055149,18.5,93.92977,1,0,1,84.775325,63.8116875,20.677885,24.5,439,,,,,702649,2022-12-18,5300108,Brasilia,DF,2022,51
1670716800000,202250,1003.0,1003,1003.0,1003,0.99693376,32.829823,0,3,530010820225019718,2023-12-27,Brasília,0,1.1345972,3055149,19.6666666666667,90.2900316666667,1,1,1,75.5618248333333,57.4447295,22.213889,25.6666666666667,548,,,,,702649,2022-12-11,5300108,Brasilia,DF,2022,50
1670112000000,202249,1050.0,1050,1050.0,1050,1.0,34.36821,0,3,530010820224919708,2023-12-17,Brasília,0,1.360499,3055149,19.0,93.1274897142857,1,1,1,78.3807888571429,56.234546,21.8760822857143,26.1428571428571,532,,,,,702649,2022-12-04,5300108,Brasilia,DF,2022,49
1669507200000,202248,889.0,889,889.0,889,0.99999994,29.098417,0,3,530010820224819684,2023-11-23,Brasília,0,1.3160375,3055149,18.2857142857143,93.988274,1,1,1,79.0060364285714,56.1041121428571,21.3357145714286,25.5714285714286,436,,,,,702649,2022-11-27,5300108,Brasilia,DF,2022,48
1668902400000,202247,775.0,775,775.0,775,0.99999976,25.367012,0,2,530010820224719684,2023-11-23,Brasília,0,1.3138343,3055149,18.2857142857143,96.5898705714286,1,1,1,81.2759271428571,61.2429421428571,21.1251727142857,25.0,401,,,,,702649,2022-11-20,5300108,Brasilia,DF,2022,47
1668297600000,202246,688.0,688,688.0,688,0.99986094,22.51936,0,2,530010820224619684,2023-11-23,Brasília,0,1.2290988,3055149,18.5714285714286,96.5969728571429,1,1,1,81.6690514285714,57.1657104285714,21.5520188571429,26.7142857142857,356,,,,,702649,2022-11-13,5300108,Brasilia,DF,2022,46
1667692800000,202245,559.0,559,559.0,559,0.13482298,18.29698,0,2,530010820224519684,2023-11-23,Brasília,0,0.9371222,3055149,17.5714285714286,92.4072482857143,1,0,1,77.5294514285714,56.1062768571429,21.0367965714286,25.8571428571429,319,,,,,702649,2022-11-06,5300108,Brasilia,DF,2022,45
1667088000000,202244,510.0,510,510.0,510,4.60172e-05,16.69313,0,1,530010820224419684,2023-11-23,Brasília,0,0.79368675,3055149,17.8571428571429,97.4635071428571,1,0,1,79.355244,57.1676717142857,21.0447995714286,25.4285714285714,236,,,,,702649,2022-10-30,5300108,Brasilia,DF,2022,44
1666483200000,202243,592.0,592,592.0,592,0.053286765,19.377123,0,1,530010820224319684,2023-11-23,Brasília,0,0.91242987,3055149,18.4285714285714,92.5638954285714,1,0,1,71.6844725714286,52.4301154285714,22.4214288571429,26.7142857142857,365,,,,,702649,2022-10-23,5300108,Brasilia,DF,2022,43
1665878400000,202242,698.0,698,698.0,698,0.92282176,22.846676,0,1,530010820224219684,2023-11-23,Brasília,0,1.0808127,3055149,19.2857142857143,66.993991,0,0,1,44.4687085714286,27.5304324285714,24.915796,30.5714285714286,469,,,,,702649,2022-10-16,5300108,Brasilia,DF,2022,42
1665273600000,202241,649.0,649,649.0,649,0.44613692,21.242826,0,1,530010820224119684,2023-11-23,Brasília,0,0.9925266,3055149,18.7142857142857,64.3749081428571,0,0,1,46.136526,29.3426358571429,24.6547617142857,30.2857142857143,435,,,,,702649,2022-10-09,5300108,Brasilia,DF,2022,41
1664668800000,202240,613.0,613,613.0,613,0.13293806,20.064487,0,1,530010820224019684,2023-11-23,Brasília,0,0.93937063,3055149,19.8571428571429,81.5691865714286,0,0,1,64.9166772857143,45.6374,22.9918831428571,27.0,426,,,,,702649,2022-10-02,5300108,Brasilia,DF,2022,40
1664064000000,202239,701.0,701,701.0,701,0.92467123,22.944872,0,1,530010820223919684,2023-11-23,Brasília,0,1.0814039,3055149,18.8571428571429,86.7825357142857,0,0,1,64.6520471428571,42.8540258571429,23.5778388571429,28.0,485,,,,,702649,2022-09-25,5300108,Brasilia,DF,2022,39
1663459200000,202238,627.0,627,627.0,627,0.3998018,20.52273,0,1,530010820223819684,2023-11-23,Brasília,0,0.98581976,3055149,19.5714285714286,87.0378442857143,0,0,1,75.3965907142857,57.6158354285714,21.9340491428571,26.0,416,,,,,702649,2022-09-18,5300108,Brasilia,DF,2022,38
1662854400000,202237,671.0,671,671.0,671,0.9430766,21.962923,0,1,530010820223719684,2023-11-23,Brasília,0,1.092227,3055149,17.5714285714286,64.9366548571429,0,0,1,43.0064551428571,26.1892998571429,23.4399585714286,29.4285714285714,415,,,,,702649,2022-09-11,5300108,Brasilia,DF,2022,37
1662249600000,202236,639.0,639,639.0,639,0.8888952,20.91551,0,1,530010820223619684,2023-11-23,Brasília,6,1.0719334,3055149,14.4285714285714,67.5492405714286,0,0,1,41.9576865714286,21.892369,22.5362314285714,29.7142857142857,426,,,,,702649,2022-09-04,5300108,Brasilia,DF,2022,36
1661644800000,202235,625.0,625,625.0,625,0.8703628,20.457268,0,1,530010820223519684,2023-11-23,Brasília,0,1.0669839,3055149,13.4285714285714,69.280637,0,0,1,49.9762477142857,33.2029888571429,19.3575757142857,25.0,384,,,,,702649,2022-08-28,5300108,Brasilia,DF,2022,35
1661040000000,202234,571.0,571,571.0,571,0.5823963,18.68976,0,1,530010820223419684,2023-11-23,Brasília,18,1.0124217,3055149,13.5714285714286,72.683668,0,0,1,50.569373,33.1938754285714,19.5404452857143,25.1428571428571,338,,,,,702649,2022-08-21,5300108,Brasilia,DF,2022,34
1660435200000,202233,619.0,619,619.0,619,0.9794183,20.260878,0,1,530010820223319684,2023-11-23,Brasília,18,1.1269816,3055149,14.8571428571429,73.5639842857143,0,1,1,50.4622805714286,32.8632422857143,20.7673075714286,26.2857142857143,331,,,,,702649,2022-08-14,5300108,Brasilia,DF,2022,33
1659830400000,202232,564.0,564,564.0,564,0.4716681,18.460638,0,1,530010820223219684,2023-11-23,Brasília,19,0.9957824,3055149,14.0,74.8994007142857,0,0,1,47.8615458571429,27.7368811428571,21.470238,29.1428571428571,355,,,,,702649,2022-08-07,5300108,Brasilia,DF,2022,32
1659225600000,202231,515.0,515,515.0,515,0.0014835538,16.856789,0,1,530010820223119684,2023-11-23,Brasília,25,0.8377207,3055149,13.4285714285714,76.0803137142857,0,0,1,52.1349268571429,31.9962834285714,19.8380951428571,26.1428571428571,340,,,,,702649,2022-07-31,5300108,Brasilia,DF,2022,31
1658620800000,202230,576.0,576,576.0,576,7.44094e-05,18.853418,0,1,530010820223019684,2023-11-23,Brasília,27,0.80904144,3055149,12.4285714285714,78.6261435714286,0,0,1,54.0497742857143,30.9571408571429,19.095798,26.1428571428571,379,,,,,702649,2022-07-24,5300108,Brasilia,DF,2022,30
1658016000000,202229,581.0,581,581.0,581,4.440892e-16,19.017076,0,1,530010820222919684,2023-11-23,Brasília,33,0.6540625,3055149,12.5714285714286,80.6108865714286,0,0,1,58.6534278571429,39.1537008571429,18.5440477142857,24.5714285714286,358,,,,,702649,2022-07-17,5300108,Brasilia,DF,2022,29
1657411200000,202228,689.0,689,689.0,689,0.0,22.552092,0,1,530010820222819684,2023-11-23,Brasília,52,0.60229325,3055149,11.0,86.75139,0,0,1,62.5207772857143,38.6839828571429,17.5059522857143,24.1428571428571,436,,,,,702649,2022-07-10,5300108,Brasilia,DF,2022,28
1656806400000,202227,810.0,810,810.0,810,0.0,26.512619,0,1,530010820222719684,2023-11-23,Brasília,38,0.5754955,3055149,12.1428571428571,82.89579,0,0,1,61.0753394285714,39.6007082857143,18.2591992857143,24.7142857142857,504,,,,,702649,2022-07-03,5300108,Brasilia,DF,2022,27
1656201600000,202226,1162.0,1162,1162.0,1162,0.0,38.034153,0,1,530010820222619684,2023-11-23,Brasília,38,0.69970787,3055149,11.0,85.1387,0,0,1,58.8449532857143,34.3125784285714,18.4954482857143,25.7142857142857,739,,,,,702649,2022-06-26,5300108,Brasilia,DF,2022,26
1655596800000,202225,1455.0,1455,1455.0,1455,0.0,47.62452,0,4,530010820222519684,2023-11-23,Brasília,45,0.74263,3055149,13.2857142857143,82.0726174285714,0,0,2,59.0751315714286,38.3953017142857,19.625,25.4285714285714,1004,,,,,702649,2022-06-19,5300108,Brasilia,DF,2022,25
1654992000000,202224,1596.0,1596,1596.0,1596,0.0,52.239677,0,4,530010820222419684,2023-11-23,Brasília,60,0.6913076,3055149,15.0,85.588163,0,0,2,62.9264948571429,40.3096182857143,20.4821425714286,26.7142857142857,1171,,,,,702649,2022-06-12,5300108,Brasilia,DF,2022,24
1654387200000,202223,1950.0,1950,1950.0,1950,0.0,63.826675,0,4,530010820222319684,2023-11-23,Brasília,80,0.71201026,3055149,13.5714285714286,85.4172108571429,0,0,2,66.5823192857143,46.0246508571429,18.5127551428571,24.0,1516,,,,,702649,2022-06-05,5300108,Brasilia,DF,2022,23
1653782400000,202222,2325.0,2325,2325.0,2325,0.0,76.101036,0,4,530010820222219684,2023-11-23,Brasília,19,0.7239274,3055149,12.1428571428571,81.9714232857143,0,0,2,56.3103858571429,31.9399344285714,19.6437072857143,27.4285714285714,1821,,,,,702649,2022-05-29,5300108,Brasilia,DF,2022,22
1653177600000,202221,2557.0,2557,2557.0,2557,0.0,83.69477,0,4,530010820222119684,2023-11-23,Brasília,103,0.7140136,3055149,12.5714285714286,87.08086,0,0,2,61.4327034285714,37.2640028571429,19.1617965714286,25.7142857142857,2253,,,,,702649,2022-05-22,5300108,Brasilia,DF,2022,21
1652572800000,202220,3489.0,3489,3489.0,3489,1.08e-08,114.20065,0,4,530010820222019684,2023-11-23,Brasília,113,0.8783014,3055149,11.8571428571429,84.4952805714286,0,0,2,62.9035674285714,36.2579531428571,17.3392857142857,23.8571428571429,3201,,,,,702649,2022-05-15,5300108,Brasilia,DF,2022,20
1651968000000,202219,3497.0,3497,3497.0,3497,0.0,114.4625,0,4,530010820221919684,2023-11-23,Brasília,95,0.792298,3055149,16.1428571428571,89.6756457142857,0,0,2,65.2229281428571,43.6238678571429,21.5833334285714,26.7142857142857,3160,,,,,702649,2022-05-08,5300108,Brasilia,DF,2022,19
1651363200000,202218,3859.0,3859,3859.0,3859,3.330669e-16,126.31135,0,4,530010820221819684,2023-11-23,Brasília,84,0.8385974,3055149,17.1428571428571,88.1557562857143,1,0,2,67.6145771428571,49.3507055714286,22.2571428571429,27.0,3412,,,,,702649,2022-05-01,5300108,Brasilia,DF,2022,18
1650758400000,202217,4578.0,4578,4578.0,4578,0.91294247,149.8454,0,4,530010820221719684,2023-11-23,Brasília,101,1.0290229,3055149,17.2857142857143,86.0567122857143,0,0,2,66.4426838571429,42.8870952857143,22.236472,27.4285714285714,4257,,,,,702649,2022-04-24,5300108,Brasilia,DF,2022,17
1650153600000,202216,5023.0,5023,5023.0,5023,1.0,164.41096,0,4,530010820221619684,2023-11-23,Brasília,76,1.1803542,3055149,16.1428571428571,89.7645371428571,0,1,2,64.1034552857143,40.3803115714286,22.3747414285714,28.1428571428571,4718,,,,,702649,2022-04-17,5300108,Brasilia,DF,2022,16
1649548800000,202215,4254.0,4254,4254.0,4254,0.9931875,139.24034,0,4,530010820221519684,2023-11-23,Brasília,69,1.0557157,3055149,19.4285714285714,93.2098842857143,1,1,2,74.8484662857143,50.8316565714286,23.1062924285714,28.4285714285714,3952,,,,,702649,2022-04-10,5300108,Brasilia,DF,2022,15
1648944000000,202214,4321.0,4321,4321.0,4321,1.0,141.43336,0,4,530010820221419684,2023-11-23,Brasília,44,1.189469,3055149,17.2857142857143,87.3265614285714,0,1,2,63.44131,44.125536,23.2321428571429,28.4285714285714,3911,,,,,702649,2022-04-03,5300108,Brasilia,DF,2022,14
1648339200000,202213,4199.0,4199,4199.0,4199,1.0,137.44011,0,4,530010820221319684,2023-11-23,Brasília,83,1.3393672,3055149,18.4285714285714,84.3402228571429,0,1,2,59.8388778571429,36.4468214285714,24.3579401428571,30.0,3916,,,,,702649,2022-03-27,5300108,Brasilia,DF,2022,13
1647734400000,202212,3726.0,3726,3726.0,3726,1.0,121.958046,0,4,530010820221219684,2023-11-23,Brasília,79,1.3910584,3055149,18.0,90.6027648571429,1,1,2,66.8086637142857,43.0196412857143,23.4200681428571,28.8571428571429,3461,,,,,702649,2022-03-20,5300108,Brasilia,DF,2022,12
1647129600000,202211,3060.0,3060,3060.0,3060,1.0,100.15878,0,4,530010820221119684,2023-11-23,Brasília,53,1.343896,3055149,19.7142857142857,96.6082785714286,1,1,2,79.7926615714286,57.9405338571429,22.5005102857143,26.7142857142857,2908,,,,,702649,2022-03-13,5300108,Brasilia,DF,2022,11
1646524800000,202210,2708.0,2708,2708.0,2708,1.0,88.637245,0,4,530010820221019684,2023-11-23,Brasília,58,1.3819804,3055149,18.7142857142857,88.2747214285714,1,1,2,68.221165,45.3070775714286,23.2678571428571,28.2857142857143,2586,,,,,702649,2022-03-06,5300108,Brasilia,DF,2022,10
1645920000000,202209,2264.0,2264,2264.0,2264,1.0,74.10441,0,4,530010820220919684,2023-11-23,Brasília,54,1.2704633,3055149,17.8571428571429,91.4735677142857,1,1,2,72.9869754285714,47.0274331428571,22.3637684285714,28.0,2125,,,,,702649,2022-02-27,5300108,Brasilia,DF,2022,9
1645315200000,202208,1869.0,1869,1869.0,1869,0.99929464,61.17541,0,4,530010820220819684,2023-11-23,Brasília,56,1.1132209,3055149,18.8571428571429,95.6832957142857,1,1,2,77.1322252857143,54.3417425714286,22.6666665714286,27.2857142857143,1743,,,,,702649,2022-02-20,5300108,Brasilia,DF,2022,8
1644710400000,202207,1721.0,1721,1721.0,1721,0.9994592,56.33113,0,4,530010820220719684,2023-11-23,Brasília,38,1.1214738,3055149,19.0,98.3242914285714,1,1,2,85.8533042857143,64.1374115714286,21.3015871428571,25.2857142857143,1590,,,,,702649,2022-02-13,5300108,Brasilia,DF,2022,7
1644105600000,202206,1787.0,1787,1787.0,1787,1.0,58.49142,0,4,530010820220619684,2023-11-23,Brasília,38,1.3199914,3055149,19.5714285714286,94.1018757142857,1,1,2,81.1187141428571,61.4136694285714,21.8537782857143,25.1428571428571,1635,,,,,702649,2022-02-06,5300108,Brasilia,DF,2022,6
1643500800000,202205,1524.0,1524,1524.0,1524,1.0,49.883,0,4,530010820220519684,2023-11-23,Brasília,44,1.298957,3055149,19.2857142857143,94.0717157142857,1,1,2,76.8378707142857,55.116085,22.8452382857143,27.4285714285714,1391,,,,,702649,2022-01-30,5300108,Brasilia,DF,2022,5
1642896000000,202204,1383.0,1383,1383.0,1383,1.0,45.26784,0,3,530010820220419684,2023-11-23,Brasília,47,1.3712634,3055149,19.2857142857143,88.4009338571429,1,1,2,68.8524324285714,42.3662232857143,23.329365,27.7142857142857,1224,,,,,702649,2022-01-23,5300108,Brasilia,DF,2022,4
1642291200000,202203,1149.0,1149,1149.0,1149,1.0,37.60864,0,3,530010820220319684,2023-11-23,Brasília,59,1.4439749,3055149,19.0,84.439927,0,1,1,60.8991127142857,38.1223407142857,24.0661762857143,28.8571428571429,954,,,,,702649,2022-01-16,5300108,Brasilia,DF,2022,3
1641686400000,202202,1008.0,1008,1008.0,1008,1.0,32.99348,0,2,530010820220219684,2023-11-23,Brasília,52,1.7556746,3055149,18.2857142857143,95.7747814285714,1,1,1,81.8159628571428,62.0994928571429,21.529762,25.4285714285714,808,,,,,702649,2022-01-09,5300108,Brasilia,DF,2022,2
1641081600000,202201,977.0,977,977.0,977,1.0,31.9788,0,2,530010820220119684,2023-11-23,Brasília,40,1.8927472,3055149,19.4285714285714,97.4365414285714,1,1,1,84.7637071428571,65.0754605714286,21.9415975714286,25.7142857142857,768,,,,,702649,2022-01-02,5300108,Brasilia,DF,2022,1
1640476800000,202152,271.0,271,271.0,271,0.0,8.870271,0,2,530010820215219684,2023-11-23,Brasília,38,0.52441174,3055149,19.2857142857143,96.5631842857143,1,0,1,83.1031221428571,64.7107498571429,21.7639754285714,24.8571428571429,232,,,,,702649,2021-12-26,5300108,Brasilia,DF,2021,52
1639872000000,202151,591.0,591,591.0,591,0.99994886,19.344393,0,3,530010820215119684,2023-11-23,Brasília,21,1.2710923,3055149,19.2857142857143,99.1455371428571,1,1,1,83.8618135714286,60.7938734285714,22.1863351428571,26.2857142857143,500,,,,,702649,2021-12-19,5300108,Brasilia,DF,2021,51
1639267200000,202150,556.0,556,556.0,556,1.0,18.198786,0,3,530010820215019684,2023-11-23,Brasília,24,1.4526972,3055149,19.5714285714286,98.2847528571429,1,1,1,83.3876711428571,61.1714955714286,22.3749294285714,26.7142857142857,483,,,,,702649,2021-12-12,5300108,Brasilia,DF,2021,50
1638662400000,202149,479.0,479,479.0,479,1.0,15.67845,0,3,530010820214919684,2023-11-23,Brasília,35,1.5311356,3055149,19.2857142857143,96.5631842857143,1,1,1,80.2377128571429,55.6742594285714,22.5274328571429,27.2857142857143,412,,,,,702649,2021-12-05,5300108,Brasilia,DF,2021,49
1638057600000,202148,371.0,371,371.0,371,0.9999951,12.143434,0,3,530010820214819684,2023-11-23,Brasília,25,1.4255135,3055149,19.4285714285714,96.6515714285714,1,1,1,81.5217685714286,56.1278164285714,22.835686,27.1428571428571,316,,,,,702649,2021-11-28,5300108,Brasilia,DF,2021,48
1637452800000,202147,305.0,305,305.0,305,0.9999783,9.983147,0,3,530010820214719684,2023-11-23,Brasília,35,1.4364145,3055149,19.1428571428571,95.8185,1,1,1,71.9879885714286,45.4034822857143,23.8032182857143,29.1428571428571,262,,,,,702649,2021-11-21,5300108,Brasilia,DF,2021,47
1636848000000,202146,259.0,259,259.0,259,0.9999951,8.477491,0,2,530010820214619684,2023-11-23,Brasília,18,1.5409596,3055149,18.8571428571429,99.1392157142857,1,1,1,86.6335664285714,67.6370247142857,21.0626762857143,24.5714285714286,216,,,,,702649,2021-11-14,5300108,Brasilia,DF,2021,46
1636243200000,202145,226.0,226,226.0,226,0.99999076,7.397348,0,1,530010820214519684,2023-11-23,Brasília,14,1.5688305,3055149,19.7142857142857,96.5695057142857,1,1,1,83.8560065714286,63.9031078571429,21.916996,25.7142857142857,174,,,,,702649,2021-11-07,5300108,Brasilia,DF,2021,45
1635638400000,202144,144.0,144,144.0,144,0.6632543,4.7133546,0,1,530010820214419684,2023-11-23,Brasília,37,1.0514925,3055149,19.1428571428571,94.9049228571429,1,0,0,79.0485935714286,57.034604,22.2845851428571,26.5714285714286,128,,,,,702649,2021-10-31,5300108,Brasilia,DF,2021,44
1635033600000,202143,140.0,140,140.0,140,0.48348147,4.582428,0,1,530010820214319684,2023-11-23,Brasília,21,0.9950752,3055149,19.7142857142857,87.2303314285714,0,0,0,65.7627388571429,42.7663114285714,24.1959345714286,29.7142857142857,128,,,,,702649,2021-10-24,5300108,Brasilia,DF,2021,43
1634428800000,202142,139.0,139,139.0,139,0.13562611,4.5496964,0,1,530010820214219684,2023-11-23,Brasília,21,0.88016593,3055149,19.1428571428571,92.4420505714286,1,0,0,72.9548801428571,49.7485974285714,23.406469,28.4285714285714,120,,,,,702649,2021-10-17,5300108,Brasilia,DF,2021,42
1633824000000,202141,126.0,126,126.0,126,0.0017624283,4.124185,0,1,530010820214119684,2023-11-23,Brasília,19,0.71362144,3055149,19.5714285714286,93.2596742857143,1,0,0,73.6615957142857,49.1899128571429,23.391634,28.8571428571429,95,,,,,702649,2021-10-10,5300108,Brasilia,DF,2021,41
1633219200000,202140,157.0,157,157.0,157,0.0715555,5.1388655,0,1,530010820214019684,2023-11-23,Brasília,27,0.8532953,3055149,20.0,76.1088971428571,0,0,0,50.1387944285714,26.7316421428571,26.4464288571429,33.0,126,,,,,702649,2021-10-03,5300108,Brasilia,DF,2021,40
1632614400000,202139,193.0,193,193.0,193,0.6752461,6.317204,0,1,530010820213919684,2023-11-23,Brasília,11,1.0478637,3055149,19.1428571428571,78.4010768571429,0,0,0,55.5234057142857,34.1598694285714,24.5157865714286,30.2857142857143,143,,,,,702649,2021-09-26,5300108,Brasilia,DF,2021,39
1632009600000,202138,180.0,180,180.0,180,0.48885968,5.891693,0,1,530010820213819684,2023-11-23,Brasília,17,0.99706596,3055149,18.1428571428571,66.7016934285714,0,0,0,42.6825678571429,24.1409134285714,25.714286,33.0,120,,,,,702649,2021-09-19,5300108,Brasilia,DF,2021,38
1631404800000,202137,193.0,193,193.0,193,0.8541599,6.317204,0,1,530010820213719684,2023-11-23,Brasília,19,1.1165152,3055149,16.1428571428571,59.2610882857143,0,0,0,34.514394,17.1883684285714,24.92029,32.1428571428571,134,,,,,702649,2021-09-12,5300108,Brasilia,DF,2021,37
1630800000000,202136,175.0,175,175.0,175,0.7114414,5.728035,0,1,530010820213619684,2023-11-23,Brasília,11,1.0623075,3055149,16.5714285714286,64.8095248571429,0,0,0,37.2584027142857,17.8000632857143,25.5155277142857,33.4285714285714,117,,,,,702649,2021-09-05,5300108,Brasilia,DF,2021,36
1630195200000,202135,189.0,189,189.0,189,0.71787924,6.186278,0,1,530010820213519684,2023-11-23,Brasília,19,1.0619847,3055149,15.7142857142857,73.0531564285714,0,0,0,49.6873562857143,28.6732232857143,22.1380345714286,28.7142857142857,114,,,,,702649,2021-08-29,5300108,Brasilia,DF,2021,35
1629590400000,202134,145.0,145,145.0,145,0.0001427062,4.746086,0,1,530010820213419684,2023-11-23,Brasília,24,0.6794903,3055149,14.2857142857143,71.4570802857143,0,0,0,44.6969774285714,24.613081,22.5527948571429,30.0,90,,,,,702649,2021-08-22,5300108,Brasilia,DF,2021,34
1628985600000,202133,159.0,159,159.0,159,1.07436e-05,5.204329,0,1,530010820213319684,2023-11-23,Brasília,25,0.6519789,3055149,12.7142857142857,74.385162,0,0,0,46.1761064285714,26.1762268571429,20.7950314285714,27.8571428571429,110,,,,,702649,2021-08-15,5300108,Brasilia,DF,2021,33
1628380800000,202132,223.0,223,223.0,223,0.044750165,7.299153,0,1,530010820213219684,2023-11-23,Brasília,26,0.85677546,3055149,12.1428571428571,79.8900945714286,0,0,1,50.8448611428571,27.7660268571429,20.2732914285714,27.5714285714286,131,,,,,702649,2021-08-08,5300108,Brasilia,DF,2021,32
1627776000000,202131,262.0,262,262.0,262,0.23797317,8.575686,0,1,530010820213119684,2023-11-23,Brasília,25,0.9405536,3055149,13.5714285714286,76.406646,0,0,1,55.1886467142857,36.0426724285714,19.2289665714286,24.7142857142857,148,,,,,702649,2021-08-01,5300108,Brasilia,DF,2021,31
1627171200000,202130,249.0,249,249.0,249,0.003325352,8.150175,0,1,530010820213019684,2023-11-23,Brasília,32,0.7949404,3055149,10.5714285714286,75.366805,0,0,1,49.8458544285714,31.1257135714286,18.7826088571429,26.7142857142857,157,,,,,702649,2021-07-25,5300108,Brasilia,DF,2021,30
1626566400000,202129,282.0,282,282.0,282,6.69347e-05,9.230319,0,1,530010820212919684,2023-11-23,Brasília,36,0.7420558,3055149,12.7142857142857,74.9124467142857,0,0,1,51.354167,31.2764212857143,19.6708077142857,26.2857142857143,177,,,,,702649,2021-07-18,5300108,Brasilia,DF,2021,29
1625961600000,202128,289.0,289,289.0,289,0.0,9.45944,0,1,530010820212819684,2023-11-23,Brasília,22,0.614265,3055149,10.1428571428571,84.1847835714286,0,0,1,56.1268215714286,31.4361722857143,18.5222565714286,26.1428571428571,211,,,,,702649,2021-07-11,5300108,Brasilia,DF,2021,28
1625356800000,202127,361.0,361,361.0,361,0.0,11.816117,0,1,530010820212719684,2023-11-23,Brasília,17,0.63483447,3055149,9.28571428571429,84.98449,0,0,1,55.942113,29.4734464285714,17.5155282857143,25.2857142857143,239,,,,,702649,2021-07-04,5300108,Brasilia,DF,2021,27
1624752000000,202126,489.0,489,489.0,489,1.13e-08,16.005766,0,1,530010820212619684,2023-11-23,Brasília,25,0.7195301,3055149,10.8571428571429,83.5715771428571,0,0,1,59.7952774285714,37.5027352857143,17.5344437142857,24.1428571428571,353,,,,,702649,2021-06-27,5300108,Brasilia,DF,2021,26
1624147200000,202125,544.0,544,544.0,544,0.0,17.806005,0,1,530010820212519684,2023-11-23,Brasília,20,0.6886288,3055149,13.0,87.7259265714286,0,0,1,60.1422724285714,32.6517378571429,19.931112,26.8571428571429,405,,,,,702649,2021-06-20,5300108,Brasilia,DF,2021,25
1623542400000,202124,688.0,688,688.0,688,1.7166e-06,22.51936,0,1,530010820212419684,2023-11-23,Brasília,34,0.7898329,3055149,14.2857142857143,86.6938714285714,0,0,1,64.0337278571428,43.005393,19.9184782857143,25.2857142857143,517,,,,,702649,2021-06-13,5300108,Brasilia,DF,2021,24
1622937600000,202123,799.0,799,799.0,799,0.0022901173,26.15257,0,1,530010820212319684,2023-11-23,Brasília,32,0.87193865,3055149,15.0,88.7808271428571,0,0,1,67.8732564285714,45.2684524285714,20.0833335714286,25.8571428571429,629,,,,,702649,2021-06-06,5300108,Brasilia,DF,2021,23
1622332800000,202122,920.0,920,920.0,920,0.22009875,30.113098,0,1,530010820212219684,2023-11-23,Brasília,47,0.96496755,3055149,14.0,87.9087857142857,0,0,1,63.6846164285714,37.631327,20.5736282857143,27.2857142857143,748,,,,,702649,2021-05-30,5300108,Brasilia,DF,2021,22
1621728000000,202121,895.0,895,895.0,895,0.033135775,29.294807,0,1,530010820212119684,2023-11-23,Brasília,51,0.9185353,3055149,16.7142857142857,92.2280257142857,0,0,1,67.7113187142857,42.8719665714286,22.375,28.4285714285714,716,,,,,702649,2021-05-23,5300108,Brasilia,DF,2021,21
1621123200000,202120,971.0,971,971.0,971,0.589077,31.78241,0,1,530010820212019684,2023-11-23,Brasília,32,1.0102959,3055149,13.0,91.2107414285714,0,0,1,62.314748,35.1850972857143,20.4761905714286,27.1428571428571,782,,,,,702649,2021-05-16,5300108,Brasilia,DF,2021,20
1620518400000,202119,1002.0,1002,1002.0,1002,0.9418689,32.797092,0,1,530010820211919684,2023-11-23,Brasília,25,1.0740329,3055149,14.1428571428571,88.6733928571429,0,0,1,64.3450831428571,41.1646547142857,20.125,25.7142857142857,826,,,,,702649,2021-05-09,5300108,Brasilia,DF,2021,19
1619913600000,202118,986.0,986,986.0,986,0.97115827,32.273384,0,1,530010820211819684,2023-11-23,Brasília,40,1.091283,3055149,14.5714285714286,88.9441585714286,0,1,1,67.5060581428571,42.5059274285714,20.4880954285714,26.1428571428571,774,,,,,702649,2021-05-02,5300108,Brasilia,DF,2021,18
1619308800000,202117,896.0,896,896.0,896,0.8892192,29.32754,0,1,530010820211719684,2023-11-23,Brasília,21,1.0603409,3055149,17.5714285714286,95.7048842857143,1,0,1,77.3551394285714,54.2797311428571,21.5520185714286,25.8571428571429,730,,,,,702649,2021-04-25,5300108,Brasilia,DF,2021,17
1618704000000,202116,968.0,968,968.0,968,0.9999995,31.684216,0,3,530010820211619684,2023-11-23,Brasília,20,1.2658271,3055149,15.2857142857143,93.89014,0,1,1,73.4630407142857,50.37927,19.9399095714286,25.1428571428571,770,,,,,702649,2021-04-18,5300108,Brasilia,DF,2021,16
1618099200000,202115,833.0,833,833.0,833,0.9999728,27.265446,0,3,530010820211519684,2023-11-23,Brasília,70,1.2315607,3055149,16.2857142857143,89.7070257142857,0,1,1,67.434619,43.7768872857143,21.7261905714286,27.2857142857143,693,,,,,702649,2021-04-11,5300108,Brasilia,DF,2021,15
1617494400000,202114,791.0,791,791.0,791,0.9999993,25.890718,0,1,530010820211419684,2023-11-23,Brasília,72,1.2944177,3055149,18.2857142857143,94.8571971428571,1,1,1,79.5558544285714,59.3112671428571,21.1607142857143,25.2857142857143,614,,,,,702649,2021-04-04,5300108,Brasilia,DF,2021,14
1616889600000,202113,668.0,668,668.0,668,0.9824907,21.864727,0,1,530010820211319684,2023-11-23,Brasília,28,1.1261337,3055149,17.7142857142857,89.8154948571429,1,1,1,64.6507262857143,40.2301368571429,23.504348,29.4285714285714,486,,,,,702649,2021-03-28,5300108,Brasilia,DF,2021,13
1616284800000,202112,574.0,574,574.0,574,0.11190639,18.787954,0,1,530010820211219684,2023-11-23,Brasília,22,0.9319042,3055149,16.4285714285714,88.9287742857143,0,0,1,63.8930594285714,38.4806095714286,22.3869045714286,28.1428571428571,420,,,,,702649,2021-03-21,5300108,Brasilia,DF,2021,12
1615680000000,202111,592.0,592,592.0,592,0.10129008,19.377123,0,2,530010820211119684,2023-11-23,Brasília,26,0.9298754,3055149,19.2857142857143,96.54408,1,0,1,81.2212574285714,61.589928,21.7251725714286,25.2857142857143,395,,,,,702649,2021-03-14,5300108,Brasilia,DF,2021,11
1615075200000,202110,577.0,577,577.0,577,0.15071532,18.886148,0,2,530010820211019684,2023-11-23,Brasília,104,0.94184583,3055149,19.4285714285714,94.0377471428571,1,0,1,80.3793621428571,57.9639117142857,21.9704968571429,26.4285714285714,394,,,,,702649,2021-03-07,5300108,Brasilia,DF,2021,10
1614470400000,202109,739.0,739,739.0,739,0.9999986,24.188673,0,2,530010820210919684,2023-11-23,Brasília,57,1.2971663,3055149,18.2857142857143,93.20218,1,1,1,76.8389297142857,60.481756,21.7889851428571,25.4285714285714,444,,,,,702649,2021-02-28,5300108,Brasilia,DF,2021,9
1613865600000,202108,552.0,552,552.0,552,0.92756957,18.067858,0,2,530010820210819684,2023-11-23,Brasília,99,1.0938591,3055149,19.0,95.7024,1,0,1,85.4754722857143,68.6904364285714,21.0818558571429,24.8571428571429,344,,,,,702649,2021-02-21,5300108,Brasilia,DF,2021,8
1613260800000,202107,639.0,639,639.0,639,1.0,20.91551,0,2,530010820210719684,2023-11-23,Brasília,34,1.4427075,3055149,19.8571428571429,97.43029,1,1,1,87.0259122857143,67.941441,21.5729814285714,25.7142857142857,393,,,,,702649,2021-02-14,5300108,Brasilia,DF,2021,7
1612656000000,202106,478.0,478,478.0,478,0.98917776,15.645718,0,1,530010820210619684,2023-11-23,Brasília,29,1.1668665,3055149,18.8571428571429,95.7417291428571,1,1,1,84.8033824285714,67.4999421428571,21.139234,25.1428571428571,282,,,,,702649,2021-02-07,5300108,Brasilia,DF,2021,6
1612051200000,202105,443.0,443,443.0,443,0.8893202,14.500112,0,1,530010820210519684,2023-11-23,Brasília,54,1.0874871,3055149,19.7142857142857,90.0852285714286,1,0,1,74.4659757142857,54.7082732857143,23.2533314285714,27.5714285714286,281,,,,,702649,2021-01-31,5300108,Brasilia,DF,2021,5
1611446400000,202104,378.0,378,378.0,378,0.19170658,12.372556,0,1,530010820210419684,2023-11-23,Brasília,27,0.93951935,3055149,18.2857142857143,84.5731074285714,0,0,1,63.7151582857143,43.7780817142857,23.1924601428571,28.1428571428571,226,,,,,702649,2021-01-24,5300108,Brasilia,DF,2021,4
1610841600000,202103,420.0,420,420.0,420,0.9970814,13.747284,0,3,530010820210319684,2023-11-23,Brasília,36,1.2212493,3055149,17.8571428571429,91.6025291428571,1,1,1,65.5975597142857,43.1606454285714,23.3387445714286,28.1428571428571,214,,,,,702649,2021-01-17,5300108,Brasilia,DF,2021,3
1610236800000,202102,411.0,411,411.0,411,1.0,13.452699,0,2,530010820210219684,2023-11-23,Brasília,39,1.5480114,3055149,19.5714285714286,96.5695057142857,1,1,1,81.7848205714286,60.8395625714286,22.154729,26.5714285714286,222,,,,,702649,2021-01-10,5300108,Brasilia,DF,2021,2
1609632000000,202101,454.0,454,454.0,454,1.0,14.860159,0,2,530010820210119684,2023-11-23,Brasília,35,1.5547162,3055149,19.1428571428571,91.5289014285714,1,1,1,73.1375412857143,47.3362918571429,23.405538,28.7142857142857,246,,,,,702649,2021-01-03,5300108,Brasilia,DF,2021,1
1609027200000,202053,300.0,300,300.0,300,3.6894e-06,9.819489,0,2,530010820205319589,2023-08-20,Brasília,5,0.71442205,3055149,19.0,88.269605,1,0,1,70.346973,43.828385,22.625,29.0,50,,,,,702649,2020-12-27,5300108,Brasilia,DF,2020,53
1608422400000,202052,407.0,407,407.0,407,0.25548014,13.321773,0,2,530010820205219589,2023-08-20,Brasília,0,0.9554858,3055149,19.08,89.18544416,1,0,1,,,,,152,,,,,702649,2020-12-20,5300108,Brasilia,DF,2020,52
1607817600000,202051,447.0,447,447.0,447,0.945634,14.631038,0,4,530010820205119589,2023-08-20,Brasília,0,1.1165342,3055149,19.16,90.10128332,1,0,2,,,,,177,,,,,702649,2020-12-13,5300108,Brasilia,DF,2020,51
1607212800000,202050,415.0,415,415.0,415,0.9960927,13.583626,0,4,530010820205019589,2023-08-20,Brasília,0,1.213749,3055149,19.24,91.01712248,1,1,2,,,,,227,,,,,702649,2020-12-06,5300108,Brasilia,DF,2020,50
1606608000000,202049,465.0,465,465.0,465,1.0,15.220207,0,2,530010820204919589,2023-08-20,Brasília,0,1.5453888,3055149,19.32,91.93296164,1,1,2,,,,,259,,,,,702649,2020-11-29,5300108,Brasilia,DF,2020,49
1606003200000,202048,305.0,305,305.0,305,0.70165366,9.983147,0,2,530010820204819589,2023-08-20,Brasília,0,1.0442369,3055149,19.4,92.8488008,1,0,1,76.536782,55.6382074,22.6426876,26.8,166,,,,,702649,2020-11-22,5300108,Brasilia,DF,2020,48
1605398400000,202047,280.0,280,280.0,280,0.5403276,9.164856,0,2,530010820204719589,2023-08-20,Brasília,0,1.0086068,3055149,19.7142857142857,94.98075,1,0,1,78.051455,56.0577165714286,23.4233951428571,28.1428571428571,140,,,,,702649,2020-11-15,5300108,Brasilia,DF,2020,47
1604793600000,202046,299.0,299,299.0,299,0.9886238,9.7867565,0,2,530010820204619589,2023-08-20,Brasília,0,1.2158592,3055149,20.1666666666667,90.4472266666667,1,1,1,74.2262956666667,48.799564,23.8993466666667,29.1666666666667,133,,,,,702649,2020-11-08,5300108,Brasilia,DF,2020,46
1604188800000,202045,314.0,314,314.0,314,0.9994588,10.277731,0,2,530010820204519589,2023-08-20,Brasília,0,1.3224595,3055149,19.2857142857143,94.8811542857143,1,1,1,76.4401137142857,49.5668171428571,23.0226568571429,28.4285714285714,165,,,,,702649,2020-11-01,5300108,Brasilia,DF,2020,45
1603584000000,202044,215.0,215,215.0,215,0.020923156,7.0373,0,1,530010820204419589,2023-08-20,Brasília,0,0.82932705,3055149,20.5714285714286,93.2780757142857,1,0,1,78.1103414285714,56.511382,23.3482968571429,27.5714285714286,125,,,,,702649,2020-10-25,5300108,Brasilia,DF,2020,44
1602979200000,202043,215.0,215,215.0,215,0.0011372959,7.0373,0,1,530010820204319589,2023-08-20,Brasília,0,0.75988835,3055149,19.8571428571429,94.16264,1,0,1,80.1241831428571,61.2628961428571,22.5866742857143,26.5714285714286,115,,,,,702649,2020-10-18,5300108,Brasilia,DF,2020,43
1602374400000,202042,272.0,272,272.0,272,0.12450377,8.903003,0,1,530010820204219589,2023-08-20,Brasília,0,0.908079,3055149,20.0,86.1631828571429,0,0,1,64.3453175714286,39.6213817142857,24.7814791428571,30.7142857142857,155,,,,,702649,2020-10-11,5300108,Brasilia,DF,2020,42
1601769600000,202041,287.0,287,287.0,287,0.094661266,9.393977,0,1,530010820204119589,2023-08-20,Brasília,0,0.89886975,3055149,20.1428571428571,62.5708698571429,0,0,1,36.8508507142857,17.996575,28.0147517142857,35.7142857142857,140,,,,,702649,2020-10-04,5300108,Brasilia,DF,2020,41
1601164800000,202040,301.0,301,301.0,301,0.05340349,9.85222,0,1,530010820204019589,2023-08-20,Brasília,0,0.88050526,3055149,17.2857142857143,65.7091887142857,0,0,1,39.3952008571429,19.7423272857143,25.8045065714286,33.7142857142857,165,,,,,702649,2020-09-27,5300108,Brasilia,DF,2020,40
1600560000000,202039,306.0,306,306.0,306,0.04807467,10.015878,0,1,530010820203919589,2023-08-20,Brasília,0,0.8779873,3055149,18.1428571428571,85.2838851428571,0,0,1,60.7414517142857,36.3818038571429,23.8338508571429,30.0,136,,,,,702649,2020-09-20,5300108,Brasilia,DF,2020,39
1599955200000,202038,364.0,364,364.0,364,0.8588062,11.914312,0,1,530010820203819589,2023-08-20,Brasília,0,1.0846628,3055149,17.5714285714286,62.0121022857143,0,0,1,39.6025677142857,22.710204,24.7060042857143,31.1428571428571,160,,,,,702649,2020-09-13,5300108,Brasilia,DF,2020,38
1599350400000,202037,356.0,356,356.0,356,0.9203217,11.652459,0,1,530010820203719589,2023-08-20,Brasília,0,1.1143876,3055149,14.5714285714286,72.0561828571429,0,0,1,42.6524082857143,21.5614704285714,23.5127751428571,31.2857142857143,195,,,,,702649,2020-09-06,5300108,Brasilia,DF,2020,37
1598745600000,202036,349.0,349,349.0,349,0.8772911,11.423338,0,1,530010820203619589,2023-08-20,Brasília,0,1.0940349,3055149,14.7142857142857,71.5903858571429,0,0,1,45.7134751428571,25.652764,22.6461977142857,29.8571428571429,196,,,,,702649,2020-08-30,5300108,Brasilia,DF,2020,36
1598140800000,202035,296.0,296,296.0,296,0.13056867,9.688561,0,1,530010820203519589,2023-08-20,Brasília,0,0.9137057,3055149,13.4285714285714,77.2957211428571,0,0,1,51.4758597142857,26.6237167142857,21.028468,28.8571428571429,173,,,,,702649,2020-08-23,5300108,Brasilia,DF,2020,35
1597536000000,202034,322.0,322,322.0,322,0.20349406,10.539584,0,1,530010820203419589,2023-08-20,Brasília,0,0.937753,3055149,16.1428571428571,81.0905214285714,0,0,1,53.2130517142857,31.3650547142857,23.8683888571429,30.7142857142857,191,,,,,702649,2020-08-16,5300108,Brasilia,DF,2020,34
1596931200000,202033,342.0,342,342.0,342,0.007469186,11.194217,0,1,530010820203319589,2023-08-20,Brasília,0,0.8370044,3055149,14.0,80.6486957142857,0,0,1,53.8767831428571,30.1924594285714,21.3943391428571,28.4285714285714,211,,,,,702649,2020-08-09,5300108,Brasilia,DF,2020,33
1596326400000,202032,286.0,286,286.0,286,0.0,9.361245,0,1,530010820203219589,2023-08-20,Brasília,0,0.5755541,3055149,13.2857142857143,77.6079342857143,0,0,1,57.4005497142857,37.3312118571429,18.6803834285714,24.4285714285714,197,,,,,702649,2020-08-02,5300108,Brasilia,DF,2020,32
1595721600000,202031,409.0,409,409.0,409,3.66e-08,13.387236,0,1,530010820203119589,2023-08-20,Brasília,0,0.70809877,3055149,13.5714285714286,85.3140458571429,0,0,1,57.982508,32.3109621428571,20.4030982857143,27.0,249,,,,,702649,2020-07-26,5300108,Brasilia,DF,2020,31
1595116800000,202030,509.0,509,509.0,509,3.1546e-06,16.660398,0,4,530010820203019589,2023-08-20,Brasília,0,0.76733226,3055149,11.4285714285714,90.687838,0,0,2,60.0307062857143,35.8624102857143,19.3062768571429,26.1428571428571,331,,,,,702649,2020-07-19,5300108,Brasilia,DF,2020,30
1594512000000,202029,588.0,588,588.0,588,9.726e-07,19.246197,0,4,530010820202919589,2023-08-20,Brasília,0,0.7710483,3055149,11.4285714285714,85.074415,0,0,2,56.5115657142857,29.6686241428571,19.3206994285714,27.1428571428571,474,,,,,702649,2020-07-12,5300108,Brasilia,DF,2020,29
1593907200000,202028,619.0,619,619.0,619,0.0,20.260878,0,4,530010820202819589,2023-08-20,Brasília,0,0.712699,3055149,12.5714285714286,88.6165742857143,0,0,2,64.1549684285714,36.1689917142857,19.1090455714286,26.1428571428571,497,,,,,702649,2020-07-05,5300108,Brasilia,DF,2020,28
1593302400000,202027,820.0,820,820.0,820,8.3e-09,26.839935,0,4,530010820202719589,2023-08-20,Brasília,0,0.7702112,3055149,12.75,87.7548365,0,0,2,65.10611175,41.28447925,19.39533525,26.25,592,,,,,702649,2020-06-28,5300108,Brasilia,DF,2020,27
1592697600000,202026,812.0,812,812.0,812,0.0,26.578081,0,4,530010820202619589,2023-08-20,Brasília,0,0.58353245,3055149,12.25,92.130341,0,0,2,69.42213875,42.09459375,18.24442575,26.5,615,,,,,702649,2020-06-21,5300108,Brasilia,DF,2020,26
1592092800000,202025,944.0,944,944.0,944,0.0,30.898657,0,4,530010820202519589,2023-08-20,Brasília,0,0.53772324,3055149,16.0,86.82093,0,0,2,73.9081525,52.2088125,19.16789625,24.0,813,,,,,702649,2020-06-14,5300108,Brasilia,DF,2020,25
1591488000000,202024,1410.0,1410,1410.0,1410,0.0,46.151596,0,4,530010820202419589,2023-08-20,Brasília,0,0.6733436,3055149,14.1666666666667,93.803185,0,0,2,69.6592866666667,40.215806,20.402778,27.3333333333333,1013,,,,,702649,2020-06-07,5300108,Brasilia,DF,2020,24
1590883200000,202023,1787.0,1787,1787.0,1787,0.0,58.49142,0,4,530010820202319589,2023-08-20,Brasília,0,0.73320067,3055149,13.8571428571429,93.724342,0,0,2,70.5141934285714,43.6918814285714,20.6309522857143,27.5714285714286,1265,,,,,702649,2020-05-31,5300108,Brasilia,DF,2020,23
1590278400000,202022,2099.0,2099,2099.0,2099,0.0,68.70369,0,4,530010820202219589,2023-08-20,Brasília,0,0.742414,3055149,13.5714285714286,92.0528768571429,0,0,2,69.9062687142857,42.2619901428571,19.6904765714286,26.2857142857143,1646,,,,,702649,2020-05-24,5300108,Brasilia,DF,2020,22
1589673600000,202021,2402.0,2402,2402.0,2402,0.0,78.62137,0,4,530010820202119589,2023-08-20,Brasília,0,0.7447881,3055149,16.8571428571429,94.7384354285714,0,0,2,77.6645612857143,56.1353478571429,21.2797622857143,26.1428571428571,1917,,,,,702649,2020-05-17,5300108,Brasilia,DF,2020,21
1589068800000,202020,2813.0,2813,2813.0,2813,0.0,92.074066,0,4,530010820202019589,2023-08-20,Brasília,0,0.8069948,3055149,15.5714285714286,95.54601,0,0,2,77.5833255714286,54.4287637142857,20.295238,26.0,2232,,,,,702649,2020-05-10,5300108,Brasilia,DF,2020,20
1588464000000,202019,3277.0,3277,3277.0,3277,0.0003754954,107.26154,0,4,530010820201919589,2023-08-20,Brasília,0,0.92166376,3055149,16.1428571428571,90.4847614285714,0,0,2,71.2979182857143,47.779535,21.1130954285714,26.4285714285714,2721,,,,,702649,2020-05-03,5300108,Brasilia,DF,2020,19
1587859200000,202018,3737.0,3737,3737.0,3737,0.99115425,122.31809,0,4,530010820201819589,2023-08-20,Brasília,0,1.0572169,3055149,15.2857142857143,93.7856005714286,0,1,2,70.0920012857143,44.7584124285714,21.1964285714286,27.0,3156,,,,,702649,2020-04-26,5300108,Brasilia,DF,2020,18
1587254400000,202017,3452.0,3452,3452.0,3452,0.96857274,112.98958,0,4,530010820201719589,2023-08-20,Brasília,0,1.0463238,3055149,19.8571428571429,94.9427114285714,1,1,2,84.919722,68.5638907142857,22.0238094285714,25.4285714285714,2895,,,,,702649,2020-04-19,5300108,Brasilia,DF,2020,17
1586649600000,202016,3674.0,3674,3674.0,3674,1.0,120.256004,0,4,530010820201619589,2023-08-20,Brasília,0,1.29002,3055149,19.8571428571429,94.9302085714286,1,1,2,82.8242042857143,64.168793,22.5357142857143,26.2857142857143,3180,,,,,702649,2020-04-12,5300108,Brasilia,DF,2020,16
1586044800000,202015,3635.0,3635,3635.0,3635,1.0,118.97947,0,4,530010820201519589,2023-08-20,Brasília,0,1.4062576,3055149,20.7142857142857,94.9730985714286,1,1,2,78.1272734285714,52.911129,24.2083331428571,29.5714285714286,3178,,,,,702649,2020-04-05,5300108,Brasilia,DF,2020,15
1585440000000,202014,2624.0,2624,2624.0,2624,0.1446394,85.887794,0,4,530010820201419589,2023-08-20,Brasília,0,0.9713754,3055149,19.5714285714286,92.4085957142857,1,0,2,69.1127041428571,44.5349284285714,24.9285714285714,30.2857142857143,2311,,,,,702649,2020-03-29,5300108,Brasilia,DF,2020,14
1584835200000,202013,2347.0,2347,2347.0,2347,4.440892e-16,76.82113,0,4,530010820201319589,2023-08-20,Brasília,0,0.8005026,3055149,20.1428571428571,98.2973257142857,1,0,2,87.7532198571429,69.186956,22.1428571428571,26.2857142857143,2088,,,,,702649,2020-03-22,5300108,Brasilia,DF,2020,13
1584230400000,202012,2608.0,2608,2608.0,2608,3.6424e-05,85.36408,0,4,530010820201219589,2023-08-20,Brasília,0,0.8985761,3055149,19.7142857142857,90.8647865714286,1,0,2,77.6681498571429,58.973507,22.5995671428571,26.5714285714286,2133,,,,,702649,2020-03-15,5300108,Brasilia,DF,2020,12
1583625600000,202011,3189.0,3189,3189.0,3189,1.0,104.381165,0,4,530010820201119589,2023-08-20,Brasília,0,1.2434037,3055149,20.7142857142857,93.2664471428571,1,1,2,81.3387764285714,64.1798621428571,23.1352811428571,26.7142857142857,2508,,,,,702649,2020-03-08,5300108,Brasilia,DF,2020,11
1583020800000,202010,3110.0,3110,3110.0,3110,1.0,101.795364,0,4,530010820201019589,2023-08-20,Brasília,0,1.4956863,3055149,20.2857142857143,97.4428628571429,1,1,2,86.4160564285714,73.098703,22.297078,24.8571428571429,2372,,,,,702649,2020-03-01,5300108,Brasilia,DF,2020,10
1582416000000,202009,2585.0,2585,2585.0,2585,1.0,84.61126,0,4,530010820200919589,2023-08-20,Brasília,0,1.628105,3055149,20.5714285714286,94.9481585714286,1,1,2,84.7401114285714,67.8492261428571,22.8566017142857,26.7142857142857,1999,,,,,702649,2020-02-23,5300108,Brasilia,DF,2020,9
1581811200000,202008,2169.0,2169,2169.0,2169,1.0,70.9949,0,4,530010820200819589,2023-08-20,Brasília,0,1.7749369,3055149,21.0,93.3246265714286,1,1,2,84.3276742857143,76.6478397142857,22.4025971428571,23.7142857142857,1711,,,,,702649,2020-02-16,5300108,Brasilia,DF,2020,8
1581206400000,202007,1454.0,1454,1454.0,1454,1.0,47.591785,0,4,530010820200719589,2023-08-20,Brasília,0,1.4524764,3055149,19.8571428571429,94.0811228571429,1,1,2,89.6373401428571,83.8569494285714,21.1142857142857,22.2857142857143,1246,,,,,702649,2020-02-09,5300108,Brasilia,DF,2020,7
1580601600000,202006,1196.0,1196,1196.0,1196,1.0,39.147026,0,4,530010820200619589,2023-08-20,Brasília,0,1.3868768,3055149,20.0,93.2598771428571,1,1,2,82.0111215714286,68.9063538571429,22.6011905714286,25.4285714285714,1083,,,,,702649,2020-02-02,5300108,Brasilia,DF,2020,6
1579996800000,202005,920.0,920,920.0,920,1.0,30.113098,0,4,530010820200519589,2023-08-20,Brasília,0,1.3186349,3055149,20.5714285714286,94.0694242857143,1,1,2,76.7092428571429,52.7331998571429,24.0952377142857,29.1428571428571,743,,,,,702649,2020-01-26,5300108,Brasilia,DF,2020,5
1579392000000,202004,926.0,926,926.0,926,1.0,30.309488,0,4,530010820200419589,2023-08-20,Brasília,0,1.9116977,3055149,21.1428571428571,94.0437657142857,1,1,2,82.469923,64.8863707142857,23.4345237142857,27.1428571428571,790,,,,,702649,2020-01-19,5300108,Brasilia,DF,2020,4
1578787200000,202003,739.0,739,739.0,739,1.0,24.188673,0,4,530010820200319589,2023-08-20,Brasília,0,2.5046148,3055149,20.8571428571429,84.6269542857143,0,1,2,61.9866042857143,40.339235,26.1309522857143,31.4285714285714,629,,,,,702649,2020-01-12,5300108,Brasilia,DF,2020,3
1578182400000,202002,480.0,480,480.0,480,1.0,15.711182,0,2,530010820200219589,2023-08-20,Brasília,0,2.359812,3055149,20.2857142857143,94.93646,1,1,2,81.0192821428572,61.600405,23.5523805714286,27.5714285714286,410,,,,,702649,2020-01-05,5300108,Brasilia,DF,2020,2
1577577600000,202001,228.0,228,228.0,228,0.9501226,7.462811,0,1,530010820200119589,2023-08-20,Brasília,0,1.1738764,3055149,20.6666666666667,91.3808733333333,1,1,1,78.256815,58.8144246666667,22.9694443333333,27.0,256,,,,,702649,2019-12-29,5300108,Brasilia,DF,2020,1
1576972800000,201952,147.0,147,147.0,147,0.0021608241,4.811549,0,1,530010820195219589,2023-08-20,Brasília,0,0.73504025,3055149,20.2857142857143,88.5374357142857,1,0,1,81.7564242857143,70.7298128571429,21.8158728571429,24.0,124,,,,,702649,2019-12-22,5300108,Brasilia,DF,2019,52
1576368000000,201951,214.0,214,214.0,214,0.864307,7.0045686,0,1,530010820195119589,2023-08-20,Brasília,0,1.115339,3055149,20.1428571428571,85.4108108571428,0,0,1,76.6244357142857,66.7672311428571,22.1428571428571,24.8571428571429,170,,,,,702649,2019-12-15,5300108,Brasilia,DF,2019,51
1575763200000,201950,203.0,203,203.0,203,0.90205973,6.6445203,0,2,530010820195019589,2023-08-20,Brasília,0,1.1417462,3055149,20.5714285714286,94.9120657142857,1,0,1,89.4822734285714,82.46952,21.3210315714286,22.5714285714286,161,,,,,702649,2019-12-08,5300108,Brasilia,DF,2019,50
1575158400000,201949,206.0,206,206.0,206,0.9483814,6.7427154,0,2,530010820194919589,2023-08-20,Brasília,0,1.1820086,3055149,21.0,94.9301385714286,1,0,1,88.7458828571429,84.0757014285714,21.7571428571429,22.4285714285714,149,,,,,702649,2019-12-01,5300108,Brasilia,DF,2019,49
1574553600000,201948,160.0,160,160.0,160,0.19793294,5.2370605,0,1,530010820194819589,2023-08-20,Brasília,0,0.91152537,3055149,20.7142857142857,93.2093914285714,1,0,1,88.4090734285714,81.9633924285714,21.7,22.8571428571429,118,,,,,702649,2019-11-24,5300108,Brasilia,DF,2019,48
1573948800000,201947,175.0,175,175.0,175,0.42067802,5.728035,0,1,530010820194719589,2023-08-20,Brasília,0,0.978965,3055149,19.7142857142857,93.1467334285714,1,0,1,86.5033892857143,80.26802,20.6650792857143,21.7142857142857,128,,,,,702649,2019-11-17,5300108,Brasilia,DF,2019,47
1573344000000,201946,187.0,187,187.0,187,0.47504932,6.1208143,0,1,530010820194619589,2023-08-20,Brasília,0,0.9935662,3055149,21.5714285714286,74.6293081428571,0,0,1,64.6643605714286,51.9924652857143,23.8428571428571,26.7142857142857,140,,,,,702649,2019-11-10,5300108,Brasilia,DF,2019,46
1572739200000,201945,156.0,156,156.0,156,0.028422523,5.106134,0,1,530010820194519589,2023-08-20,Brasília,0,0.81494015,3055149,20.8571428571429,88.4662028571429,1,0,1,77.605495,66.3822857142857,22.6428571428571,24.4285714285714,103,,,,,702649,2019-11-03,5300108,Brasilia,DF,2019,45
1572134400000,201944,210.0,210,210.0,210,0.830849,6.873642,0,1,530010820194419589,2023-08-20,Brasília,0,1.1003252,3055149,20.7142857142857,78.771418,0,0,1,68.55201,56.3240627142857,22.7467534285714,25.1428571428571,152,,,,,702649,2019-10-27,5300108,Brasilia,DF,2019,44
1571529600000,201943,188.0,188,188.0,188,0.42791158,6.153546,0,1,530010820194319589,2023-08-20,Brasília,0,0.9815398,3055149,20.4285714285714,82.4392952857143,0,0,1,73.8886335714286,62.8859527142857,22.4883117142857,24.8571428571429,117,,,,,702649,2019-10-20,5300108,Brasilia,DF,2019,43
1570924800000,201942,189.0,189,189.0,189,0.47622335,6.186278,0,1,530010820194219589,2023-08-20,Brasília,0,0.99390024,3055149,17.4285714285714,68.6735242857143,0,0,1,52.131513,35.6002271428571,21.5350648571429,26.4285714285714,115,,,,,702649,2019-10-13,5300108,Brasilia,DF,2019,42
1570320000000,201941,196.0,196,196.0,196,0.7779024,6.415399,0,1,530010820194119589,2023-08-20,Brasília,0,1.0819219,3055149,20.7142857142857,83.9983814285714,0,0,1,72.5207528571429,55.0464801428571,22.6155842857143,25.2857142857143,135,,,,,702649,2019-10-06,5300108,Brasilia,DF,2019,41
1569715200000,201940,191.0,191,191.0,191,0.925606,6.251741,0,1,530010820194019589,2023-08-20,Brasília,0,1.1657192,3055149,19.4285714285714,77.5876118571429,0,0,1,63.4991004285714,48.9821551428571,22.52987,25.8571428571429,131,,,,,702649,2019-09-29,5300108,Brasilia,DF,2019,40
1569110400000,201939,195.0,195,195.0,195,0.9943197,6.3826675,0,1,530010820193919589,2023-08-20,Brasília,0,1.3155055,3055149,19.5714285714286,73.0459488571429,0,1,1,63.9959984285714,52.4830275714286,21.7844154285714,24.8571428571429,134,,,,,702649,2019-09-22,5300108,Brasilia,DF,2019,39
1568505600000,201938,157.0,157,157.0,157,0.87522763,5.1388655,0,1,530010820193819589,2023-08-20,Brasília,0,1.1436268,3055149,17.8571428571429,57.2333657142857,0,0,1,44.6969718571429,30.6542451428571,21.2285714285714,26.1428571428571,108,,,,,702649,2019-09-15,5300108,Brasilia,DF,2019,38
1567900800000,201937,147.0,147,147.0,147,0.76035213,4.811549,0,1,530010820193719589,2023-08-20,Brasília,0,1.0877885,3055149,16.5714285714286,65.1175161428571,0,0,1,53.16735,36.7817517142857,20.0025974285714,25.2857142857143,106,,,,,702649,2019-09-08,5300108,Brasilia,DF,2019,37
1567296000000,201936,141.0,141,141.0,141,0.3015739,4.6151595,0,1,530010820193619589,2023-08-20,Brasília,0,0.9409231,3055149,16.7142857142857,66.1342802857143,0,0,1,51.5059137142857,34.5350757142857,20.151948,25.1428571428571,99,,,,,702649,2019-09-01,5300108,Brasilia,DF,2019,36
1566691200000,201935,116.0,116,116.0,116,0.00038987,3.7968688,0,1,530010820193519589,2023-08-20,Brasília,0,0.6711721,3055149,16.4285714285714,70.4861752857143,0,0,1,57.7209194285714,43.5347438571429,19.3766231428571,23.1428571428571,74,,,,,702649,2019-08-25,5300108,Brasilia,DF,2019,35
1566086400000,201934,150.0,150,150.0,150,0.0039686025,4.9097443,0,1,530010820193419589,2023-08-20,Brasília,0,0.75193214,3055149,16.8571428571429,68.579201,0,0,1,54.4558552857143,38.3258545714286,19.9220777142857,24.2857142857143,92,,,,,702649,2019-08-18,5300108,Brasilia,DF,2019,34
1565481600000,201933,179.0,179,179.0,179,0.004205199,5.8589616,0,1,530010820193319589,2023-08-20,Brasília,0,0.77051145,3055149,15.1428571428571,73.8403124285714,0,0,1,59.9574537142857,45.6748382857143,18.2337664285714,22.0,122,,,,,702649,2019-08-11,5300108,Brasilia,DF,2019,33
1564876800000,201932,183.0,183,183.0,183,1.44463e-05,5.9898877,0,1,530010820193219589,2023-08-20,Brasília,0,0.6732427,3055149,14.7142857142857,85.57731,0,0,1,72.8886507142857,53.880869,17.3116881428571,21.1428571428571,129,,,,,702649,2019-08-04,5300108,Brasilia,DF,2019,32
1564272000000,201931,249.0,249,249.0,249,3.29525e-05,8.150175,0,1,530010820193119589,2023-08-20,Brasília,0,0.71952814,3055149,13.7142857142857,79.92182,0,0,1,65.355831,47.1138647142857,17.0259741428571,21.7142857142857,170,,,,,702649,2019-07-28,5300108,Brasilia,DF,2019,31
1563667200000,201930,247.0,247,247.0,247,0.0,8.084712,0,1,530010820193019589,2023-08-20,Brasília,0,0.48592016,3055149,13.4285714285714,83.0919731428571,0,0,1,73.9442892857143,60.1033567142857,16.0259738571429,19.2857142857143,192,,,,,702649,2019-07-21,5300108,Brasilia,DF,2019,30
1563062400000,201929,322.0,322,322.0,322,0.0,10.539584,0,1,530010820192919589,2023-08-20,Brasília,0,0.40572295,3055149,13.2857142857143,78.3096692857143,0,0,1,67.1946792857143,52.8261578571429,16.2597402857143,20.2857142857143,247,,,,,702649,2019-07-14,5300108,Brasilia,DF,2019,29
1562457600000,201928,400.0,400,400.0,400,0.0,13.092651,0,1,530010820192819589,2023-08-20,Brasília,0,0.33484054,3055149,11.0,84.3199878571429,0,0,1,70.8505108571429,55.5645845714286,14.2077921428571,18.5714285714286,329,,,,,702649,2019-07-07,5300108,Brasilia,DF,2019,28
1561852800000,201927,787.0,787,787.0,787,0.0,25.75979,0,4,530010820192719589,2023-08-20,Brasília,0,0.44443673,3055149,13.4285714285714,87.0082451428571,0,0,2,78.1196452857143,62.3600285714286,16.1181817142857,20.1428571428571,651,,,,,702649,2019-06-30,5300108,Brasilia,DF,2019,27
1561248000000,201926,1104.0,1104,1104.0,1104,0.0,36.135715,0,4,530010820192619589,2023-08-20,Brasília,0,0.43966717,3055149,13.8571428571429,86.2513228571429,0,0,2,74.8542935714286,58.2690801428571,16.6363635714286,20.7142857142857,910,,,,,702649,2019-06-23,5300108,Brasilia,DF,2019,26
1560643200000,201925,1602.0,1602,1602.0,1602,0.0,52.43607,0,4,530010820192519589,2023-08-20,Brasília,0,0.5029713,3055149,13.4285714285714,87.9628457142857,0,0,2,77.3012927142857,62.9884997142857,16.1168832857143,20.0,1346,,,,,702649,2019-06-16,5300108,Brasilia,DF,2019,25
1560038400000,201924,2577.0,2577,2577.0,2577,0.0,84.3494,0,4,530010820192419589,2023-08-20,Brasília,0,0.7358517,3055149,14.7142857142857,88.9108057142857,0,0,2,76.6860707142857,64.6974814285714,17.83171,20.8571428571429,2288,,,,,702649,2019-06-09,5300108,Brasilia,DF,2019,24
1559433600000,201923,3349.0,3349,3349.0,3349,0.5238071,109.618225,0,4,530010820192319589,2023-08-20,Brasília,0,1.0014607,3055149,15.7142857142857,89.61977,0,0,2,79.4126234285714,69.5694294285714,18.4935071428571,21.5714285714286,2943,,,,,702649,2019-06-02,5300108,Brasilia,DF,2019,23
1558828800000,201922,3883.0,3883,3883.0,3883,1.0,127.09691,0,4,530010820192219589,2023-08-20,Brasília,0,1.3326241,3055149,16.4285714285714,92.1806434285714,0,1,2,83.0533162857143,69.060529,18.766234,22.2857142857143,3427,,,,,702649,2019-05-26,5300108,Brasilia,DF,2019,22
1558224000000,201921,3445.0,3445,3445.0,3445,1.0,112.76046,0,4,530010820192119589,2023-08-20,Brasília,0,1.3752632,3055149,16.0,93.8726014285714,0,1,2,84.029065,69.5596885714286,18.496104,22.2857142857143,3079,,,,,702649,2019-05-19,5300108,Brasilia,DF,2019,21
1557619200000,201920,2951.0,2951,2951.0,2951,1.0,96.591034,0,4,530010820192019589,2023-08-20,Brasília,0,1.2976091,3055149,17.7142857142857,93.9574691428571,1,1,2,86.6759622857143,77.0606534285714,19.4727274285714,21.7142857142857,2630,,,,,702649,2019-05-12,5300108,Brasilia,DF,2019,20
1557014400000,201919,2313.0,2313,2313.0,2313,0.99963355,75.70825,0,4,530010820191919589,2023-08-20,Brasília,0,1.1072198,3055149,18.5714285714286,94.8097285714286,1,1,2,84.4866135714286,71.0238592857143,20.9334417142857,24.0,1982,,,,,702649,2019-05-05,5300108,Brasilia,DF,2019,19
1556409600000,201918,2286.0,2286,2286.0,2286,1.0,74.8245,0,4,530010820191819589,2023-08-20,Brasília,0,1.2162462,3055149,19.5714285714286,94.8872657142857,1,1,2,89.233367,78.6254758571429,20.8285717142857,23.1428571428571,1964,,,,,702649,2019-04-28,5300108,Brasilia,DF,2019,18
1555804800000,201917,2246.0,2246,2246.0,2246,1.0,73.515236,0,4,530010820191719589,2023-08-20,Brasília,0,1.2663115,3055149,18.4285714285714,95.7106234285714,1,1,2,88.5482148571429,81.288248,20.3966031428571,22.7142857142857,1932,,,,,702649,2019-04-21,5300108,Brasilia,DF,2019,17
1555200000000,201916,1696.0,1696,1696.0,1696,0.23544814,55.51284,0,4,530010820191619589,2023-08-20,Brasília,0,0.9756951,3055149,19.5714285714286,96.5757571428571,1,0,2,91.0609585714286,82.6224417142857,21.0499498571429,22.8571428571429,1398,,,,,702649,2019-04-14,5300108,Brasilia,DF,2019,16
1554595200000,201915,1787.0,1787,1787.0,1787,0.9778014,58.49142,0,4,530010820191519589,2023-08-20,Brasília,0,1.0707997,3055149,19.7142857142857,98.2973257142857,1,1,2,92.1561428571429,84.2214247142857,20.8005414285714,22.4285714285714,1493,,,,,702649,2019-04-07,5300108,Brasilia,DF,2019,15
1553990400000,201914,1776.0,1776,1776.0,1776,0.9999995,58.13137,0,4,530010820191419589,2023-08-20,Brasília,0,1.187532,3055149,19.2857142857143,92.368972,1,1,2,86.1333492857143,75.171833,20.9000002857143,23.1428571428571,1521,,,,,702649,2019-03-31,5300108,Brasilia,DF,2019,14
1553385600000,201913,1703.0,1703,1703.0,1703,1.0,55.741962,0,4,530010820191319589,2023-08-20,Brasília,0,1.3978378,3055149,19.8571428571429,95.6895477142857,1,1,2,90.6411265714286,85.54249,20.6363637142857,22.0,1456,,,,,702649,2019-03-24,5300108,Brasilia,DF,2019,13
1552780800000,201912,1637.0,1637,1637.0,1637,1.0,53.581676,0,4,530010820191219589,2023-08-20,Brasília,0,1.6801367,3055149,19.5714285714286,96.5694357142857,1,1,2,90.6354621428571,83.27312,20.6064934285714,22.1428571428571,1410,,,,,702649,2019-03-17,5300108,Brasilia,DF,2019,12
1552176000000,201911,1168.0,1168,1168.0,1168,1.0,38.23054,0,4,530010820191119589,2023-08-20,Brasília,0,1.3953925,3055149,20.1428571428571,89.9537328571429,1,1,2,84.7204107142857,75.8468071428571,21.2727271428571,23.2857142857143,999,,,,,702649,2019-03-10,5300108,Brasilia,DF,2019,11
1551571200000,201910,890.0,890,890.0,890,0.99991095,29.13115,0,4,530010820191019589,2023-08-20,Brasília,0,1.2045383,3055149,18.1428571428571,97.4111857142857,1,1,2,91.5836028571428,86.1104091428572,19.6636362857143,20.7142857142857,770,,,,,702649,2019-03-03,5300108,Brasilia,DF,2019,10
1550966400000,201909,841.0,841,841.0,841,0.99999994,27.5273,0,4,530010820190919589,2023-08-20,Brasília,0,1.3227646,3055149,19.7142857142857,94.8479371428571,1,1,2,88.1935692857143,80.3762864285714,21.051948,22.4285714285714,739,,,,,702649,2019-02-24,5300108,Brasilia,DF,2019,9
1550361600000,201908,779.0,779,779.0,779,1.0,25.497938,0,4,530010820190819589,2023-08-20,Brasília,0,1.4315407,3055149,19.4285714285714,93.9681185714286,1,1,2,88.9575744285714,81.75066,20.4155845714286,21.5714285714286,708,,,,,702649,2019-02-17,5300108,Brasilia,DF,2019,8
1549756800000,201907,593.0,593,593.0,593,0.9999993,19.409855,0,4,530010820190719589,2023-08-20,Brasília,0,1.3515283,3055149,19.7142857142857,92.4445057142857,1,1,2,86.3459728571429,79.1729835714286,21.1714285714286,22.7142857142857,531,,,,,702649,2019-02-10,5300108,Brasilia,DF,2019,7
1549152000000,201906,573.0,573,573.0,573,1.0,18.755222,0,4,530010820190619589,2023-08-20,Brasília,0,1.806664,3055149,19.7142857142857,94.2076642857143,1,1,2,79.4637761428571,61.1307278571429,22.5376981428571,27.4285714285714,502,,,,,702649,2019-02-03,5300108,Brasilia,DF,2019,6
1548547200000,201905,470.0,470,470.0,470,1.0,15.383865,0,1,530010820190519589,2023-08-20,Brasília,0,2.057507,3055149,18.1428571428571,84.3868708571429,0,1,2,59.4086522857143,35.8593115714286,24.2380954285714,29.8571428571429,410,,,,,702649,2019-01-27,5300108,Brasilia,DF,2019,5
1547942400000,201904,285.0,285,285.0,285,0.99998224,9.328514,0,1,530010820190419589,2023-08-20,Brasília,0,1.4631579,3055149,19.7142857142857,83.0639728571429,0,1,1,60.1835437142857,38.3832544285714,25.0297617142857,30.5714285714286,250,,,,,702649,2019-01-20,5300108,Brasilia,DF,2019,4
1547337600000,201903,201.0,201,201.0,201,0.81523377,6.579057,0,1,530010820190319589,2023-08-20,Brasília,0,1.095798,3055149,18.8571428571429,87.4907005714286,0,0,1,68.945513,50.693095,23.3809522857143,28.1428571428571,166,,,,,702649,2019-01-13,5300108,Brasilia,DF,2019,3
1546732800000,201902,169.0,169,169.0,169,0.70946884,5.5316453,0,2,530010820190219589,2023-08-20,Brasília,0,1.0627658,3055149,18.5714285714286,91.609522,1,0,1,80.7433237142857,69.307483,20.4428571428571,22.4285714285714,134,,,,,702649,2019-01-06,5300108,Brasilia,DF,2019,2
1546128000000,201901,230.0,230,230.0,230,0.99999946,7.5282745,0,2,530010820190119589,2023-08-20,Brasília,0,1.6774058,3055149,19.1428571428571,92.4099651428571,1,1,1,83.8881727142857,73.7355725714286,20.6857142857143,22.7142857142857,151,,,,,702649,2018-12-30,5300108,Brasilia,DF,2019,1
1545523200000,201852,130.0,130,130.0,130,0.71019083,4.2551117,0,2,530010820185219589,2023-08-20,Brasília,0,1.0722954,3055149,19.0,94.0550488,1,0,1,84.4303552,67.689914,21.4538888,24.4,107,,,,,702649,2018-12-23,5300108,Brasilia,DF,2018,52
1544918400000,201851,147.0,147,147.0,147,0.9913282,4.811549,0,2,530010820185119589,2023-08-20,Brasília,0,1.3478993,3055149,19.2380952380952,94.3304172952381,1,1,1,,,,,117,,,,,702649,2018-12-16,5300108,Brasilia,DF,2018,51
1544313600000,201850,117.0,117,117.0,117,0.8829649,3.8296006,0,2,530010820185019589,2023-08-20,Brasília,0,1.175487,3055149,19.4761904761905,94.6057857904762,1,0,1,,,,,90,,,,,702649,2018-12-09,5300108,Brasilia,DF,2018,50
1543708800000,201849,108.0,108,108.0,108,0.92800486,3.5350158,0,2,530010820184919589,2023-08-20,Brasília,0,1.2325054,3055149,19.7142857142857,94.8811542857143,1,0,1,89.3434171428571,80.9390635714286,20.6674601428571,22.5714285714286,73,,,,,702649,2018-12-02,5300108,Brasilia,DF,2018,49
1543104000000,201848,100.0,100,100.0,100,0.9822717,3.2731628,0,2,530010820184819589,2023-08-20,Brasília,0,1.3792388,3055149,18.5714285714286,92.3061191428571,1,1,1,86.2330228571429,77.6836178571428,19.9178571428571,21.8571428571429,74,,,,,702649,2018-11-25,5300108,Brasilia,DF,2018,48
1542499200000,201847,97.0,97,97.0,97,0.9937536,3.174968,0,2,530010820184719589,2023-08-20,Brasília,0,1.4841739,3055149,19.0,94.88671,1,1,1,88.9910134285714,79.793325,20.3813491428571,22.4285714285714,67,,,,,702649,2018-11-18,5300108,Brasilia,DF,2018,47
1541894400000,201846,64.0,64,64.0,64,0.40100068,2.094824,0,2,530010820184619589,2023-08-20,Brasília,0,0.9572345,3055149,18.8571428571429,97.4238985714286,1,0,0,91.2821378571429,81.5304237142857,20.1821424285714,22.2857142857143,41,,,,,702649,2018-11-11,5300108,Brasilia,DF,2018,46
1541289600000,201845,57.0,57,57.0,57,0.20053078,1.8657027,0,2,530010820184519589,2023-08-20,Brasília,0,0.8598846,3055149,19.1428571428571,96.5504714285714,1,0,0,90.7268385714286,82.5312428571429,19.904762,21.2857142857143,39,,,,,702649,2018-11-04,5300108,Brasilia,DF,2018,45
1540684800000,201844,74.0,74,74.0,74,0.8267973,2.4221404,0,2,530010820184419589,2023-08-20,Brasília,0,1.1742717,3055149,19.7142857142857,91.5414748571429,1,0,0,84.7162965714286,73.9152668571429,21.0162337142857,23.1428571428571,50,,,,,702649,2018-10-28,5300108,Brasilia,DF,2018,44
1540080000000,201843,69.0,69,69.0,69,0.80895984,2.2584822,0,2,530010820184319589,2023-08-20,Brasília,0,1.1666715,3055149,19.1428571428571,96.6209914285714,1,0,0,89.3454042857143,79.030422,20.5091991428571,22.7142857142857,36,,,,,702649,2018-10-21,5300108,Brasilia,DF,2018,43
1539475200000,201842,57.0,57,57.0,57,0.67143923,1.8657027,0,2,530010820184219589,2023-08-20,Brasília,0,1.0882841,3055149,18.0,100.0,1,0,0,89.99922,80.951455,20.068182,22.0,29,,,,,702649,2018-10-14,5300108,Brasilia,DF,2018,42
1538870400000,201841,70.0,70,70.0,70,0.979025,2.291214,0,1,530010820184119589,2023-08-20,Brasília,0,1.4570014,3055149,18.0,96.27173625,1,0,0,,,,,31,,,,,702649,2018-10-07,5300108,Brasilia,DF,2018,41
1538265600000,201840,45.0,45,45.0,45,0.42320856,1.4729233,0,1,530010820184019589,2023-08-20,Brasília,0,0.96055704,3055149,18.0,92.5434725,1,0,0,81.64804125,69.39496,19.977273,22.0,29,,,,,702649,2018-09-30,5300108,Brasilia,DF,2018,40
1537660800000,201839,48.0,48,48.0,48,0.5454657,1.5711181,0,1,530010820183919589,2023-08-20,Brasília,0,1.023622,3055149,15.1428571428571,92.1393,0,0,0,75.6999955714286,51.677306,18.7716451428571,23.4285714285714,27,,,,,702649,2018-09-23,5300108,Brasilia,DF,2018,39
1537056000000,201838,48.0,48,48.0,48,0.5455948,1.5711181,0,1,530010820183819589,2023-08-20,Brasília,0,1.0236906,3055149,15.8571428571429,99.1328242857143,0,0,0,90.2123874285714,73.5056512857143,18.3245671428571,21.8571428571429,25,,,,,702649,2018-09-16,5300108,Brasilia,DF,2018,38
1536451200000,201837,44.0,44,44.0,44,0.4866205,1.4401916,0,1,530010820183719589,2023-08-20,Brasília,0,0.99292,3055149,12.8571428571429,82.8850302857143,0,0,0,65.2829797142857,44.3758081428571,16.6715364285714,21.5714285714286,20,,,,,702649,2018-09-09,5300108,Brasilia,DF,2018,37
1535846400000,201836,52.0,52,52.0,52,0.86639357,1.7020446,0,1,530010820183619589,2023-08-20,Brasília,0,1.2578484,3055149,13.0,85.4367364285714,0,0,0,67.8282804285714,48.7459614285714,17.1336582857143,22.0,21,,,,,702649,2018-09-02,5300108,Brasilia,DF,2018,36
1535241600000,201835,44.0,44,44.0,44,0.7382847,1.4401916,0,1,530010820183519589,2023-08-20,Brasília,0,1.1504736,3055149,14.0,84.0712191428571,0,0,0,65.5264721428571,49.2310167142857,17.4128788571429,21.4285714285714,18,,,,,702649,2018-08-26,5300108,Brasilia,DF,2018,35
1534636800000,201834,38.0,38,38.0,38,0.7069831,1.2438018,0,1,530010820183419589,2023-08-20,Brasília,0,1.1368445,3055149,12.8571428571429,85.2993865714286,0,0,0,70.9141297142857,55.3196785714286,16.1650432857143,19.8571428571429,20,,,,,702649,2018-08-19,5300108,Brasilia,DF,2018,34
1534032000000,201833,46.0,46,46.0,46,0.934409,1.5056549,0,1,530010820183319589,2023-08-20,Brasília,0,1.4062287,3055149,12.2857142857143,85.5404807142857,0,0,0,66.3062278571429,43.2940031428571,16.411008,22.1428571428571,17,,,,,702649,2018-08-12,5300108,Brasilia,DF,2018,33
1533427200000,201832,27.0,27,27.0,27,0.08703222,0.88375396,0,1,530010820183219589,2023-08-20,Brasília,0,0.7133519,3055149,14.1428571428571,89.5315942857143,0,0,0,60.9638951428571,29.1533562857143,21.0119048571429,28.7142857142857,14,,,,,702649,2018-08-05,5300108,Brasilia,DF,2018,32
1532822400000,201831,30.0,30,30.0,30,0.045527324,0.98194885,0,1,530010820183119589,2023-08-20,Brasília,0,0.6748786,3055149,11.0,87.6890871428571,0,0,0,54.618591,21.6808644285714,19.5238094285714,28.4285714285714,25,,,,,702649,2018-07-29,5300108,Brasilia,DF,2018,31
1532217600000,201830,37.0,37,37.0,37,0.10889811,1.2110702,0,1,530010820183019589,2023-08-20,Brasília,0,0.7658804,3055149,9.28571428571429,88.3618034285714,0,0,0,57.3098288571429,26.7521431428571,17.0059525714286,25.1428571428571,24,,,,,702649,2018-07-22,5300108,Brasilia,DF,2018,30
1531612800000,201829,47.0,47,47.0,47,0.26054832,1.5383865,0,1,530010820182919589,2023-08-20,Brasília,0,0.8801411,3055149,10.5714285714286,89.2166221428571,0,0,0,65.9835537142857,40.7287048571429,16.2938312857143,22.7142857142857,25,,,,,702649,2018-07-15,5300108,Brasilia,DF,2018,29
1531008000000,201828,52.0,52,52.0,52,0.13965091,1.7020446,0,1,530010820182819589,2023-08-20,Brasília,0,0.81787515,3055149,11.1428571428571,90.231216,0,0,0,79.2669381428571,61.4436665714286,14.1899351428571,18.5714285714286,33,,,,,702649,2018-07-08,5300108,Brasilia,DF,2018,28
1530403200000,201827,41.0,41,41.0,41,0.0029957257,1.3419968,0,1,530010820182719589,2023-08-20,Brasília,0,0.58881754,3055149,8.71428571428571,92.5800475714286,0,0,0,78.7596252857143,61.146714,12.4994588571429,17.0,26,,,,,702649,2018-07-01,5300108,Brasilia,DF,2018,27
1529798400000,201826,73.0,73,73.0,73,0.63407755,2.3894088,0,1,530010820182619589,2023-08-20,Brasília,0,1.0590477,3055149,9.57142857142857,90.122995,0,0,0,78.8331087142857,61.8806012857143,12.6138528571429,17.0,41,,,,,702649,2018-06-24,5300108,Brasilia,DF,2018,26
1529193600000,201825,73.0,73,73.0,73,0.6673929,2.3894088,0,1,530010820182519589,2023-08-20,Brasília,0,1.0754334,3055149,10.8571428571429,91.0082948571429,0,0,0,78.8835492857143,59.9280891428571,13.9464284285714,18.2857142857143,46,,,,,702649,2018-06-17,5300108,Brasilia,DF,2018,25
1528588800000,201824,70.0,70,70.0,70,0.48251608,2.291214,0,1,530010820182419589,2023-08-20,Brasília,0,0.9926524,3055149,12.0,95.4712491428571,0,0,0,83.2826702857143,66.0816021428571,15.0308444285714,19.1428571428571,48,,,,,702649,2018-06-10,5300108,Brasilia,DF,2018,24
1527984000000,201823,62.0,62,62.0,62,0.06936847,2.029361,0,1,530010820182319589,2023-08-20,Brasília,0,0.77949196,3055149,12.2857142857143,92.8212042857143,0,0,0,83.6093564285714,68.7794932857143,15.2126624285714,19.1428571428571,38,,,,,702649,2018-06-03,5300108,Brasilia,DF,2018,23
1527379200000,201822,76.0,76,76.0,76,0.040126268,2.4876037,0,1,530010820182219589,2023-08-20,Brasília,0,0.76725274,3055149,10.8571428571429,93.6589785714286,0,0,0,83.2202651428571,69.8190568571429,13.9925324285714,17.5714285714286,52,,,,,702649,2018-05-27,5300108,Brasilia,DF,2018,22
1526774400000,201821,63.0,63,63.0,63,5.5274e-05,2.0620925,0,1,530010820182119589,2023-08-20,Brasília,0,0.5529232,3055149,12.8571428571429,94.6691857142857,0,0,0,84.9002027142857,69.2745392857143,15.5243505714286,19.5714285714286,41,,,,,702649,2018-05-20,5300108,Brasilia,DF,2018,21
1526169600000,201820,103.0,103,103.0,103,0.15065664,3.3713577,0,1,530010820182019589,2023-08-20,Brasília,0,0.870354,3055149,12.4285714285714,94.6910357142857,0,0,1,69.71466,36.3938718571429,19.2023811428571,26.7142857142857,78,,,,,702649,2018-05-13,5300108,Brasilia,DF,2018,20
1525564800000,201819,135.0,135,135.0,135,0.65470725,4.41877,0,1,530010820181919589,2023-08-20,Brasília,0,1.0501885,3055149,12.7142857142857,94.6480642857143,0,0,1,67.552808,37.4296558571429,19.4226188571429,26.0,99,,,,,702649,2018-05-06,5300108,Brasilia,DF,2018,19
1524960000000,201818,99.0,99,99.0,99,0.002972347,3.240431,0,1,530010820181819589,2023-08-20,Brasília,0,0.69979084,3055149,14.8571428571429,89.8055657142857,0,0,1,67.5512401428571,38.6471891428571,20.4583337142857,27.0,58,,,,,702649,2018-04-29,5300108,Brasilia,DF,2018,18
1524355200000,201817,132.0,132,132.0,132,0.20110151,4.3205748,0,1,530010820181719589,2023-08-20,Brasília,0,0.90447015,3055149,15.5714285714286,93.0111654285714,0,0,1,74.7060045714286,46.9750641428571,20.3333334285714,26.4285714285714,56,,,,,702649,2018-04-22,5300108,Brasilia,DF,2018,17
1523750400000,201816,148.0,148,148.0,148,0.7352799,4.8442807,0,1,530010820181619589,2023-08-20,Brasília,0,1.0772017,3055149,15.7142857142857,93.0175534285714,0,0,1,83.5250631428571,69.9775341428571,18.6961041428571,21.8571428571429,67,,,,,702649,2018-04-15,5300108,Brasilia,DF,2018,16
1523145600000,201815,151.0,151,151.0,151,0.964356,4.942476,0,2,530010820181519589,2023-08-20,Brasília,0,1.244726,3055149,17.1428571428571,94.757966,1,1,1,88.9460402857143,82.464787,18.3544371428571,19.8571428571429,78,,,,,702649,2018-04-08,5300108,Brasilia,DF,2018,15
1522540800000,201814,150.0,150,150.0,150,0.98619896,4.9097443,0,2,530010820181419589,2023-08-20,Brasília,0,1.3123541,3055149,18.1428571428571,94.0413757142857,1,1,1,86.8595385714286,76.5665478571429,19.7884197142857,21.8571428571429,69,,,,,702649,2018-04-01,5300108,Brasilia,DF,2018,14
1521936000000,201813,111.0,111,111.0,111,0.40943295,3.6332107,0,2,530010820181319589,2023-08-20,Brasília,0,0.9700089,3055149,17.5714285714286,90.8387157142857,1,0,1,80.9323821428572,71.2884814285714,19.5604977142857,22.0,57,,,,,702649,2018-03-25,5300108,Brasilia,DF,2018,13
1521331200000,201812,103.0,103,103.0,103,0.45055914,3.3713577,0,2,530010820181219589,2023-08-20,Brasília,0,0.98294234,3055149,17.8571428571429,96.5247668571429,1,0,1,86.3466601428571,76.319258,20.121212,22.5714285714286,50,,,,,702649,2018-03-18,5300108,Brasilia,DF,2018,12
1520726400000,201811,133.0,133,133.0,133,0.99884284,4.3533063,0,2,530010820181119589,2023-08-20,Brasília,0,1.5120827,3055149,18.8571428571429,93.2236442857143,1,1,1,85.3534727142857,70.6755931428571,20.9327201428571,24.0,58,,,,,702649,2018-03-11,5300108,Brasilia,DF,2018,11
1520121600000,201810,105.0,105,105.0,105,0.98369175,3.436821,0,2,530010820181019589,2023-08-20,Brasília,0,1.3752173,3055149,18.6666666666667,93.9670533333333,1,1,1,84.1354466666667,76.0057316666667,20.004545,21.3333333333333,52,,,,,702649,2018-03-04,5300108,Brasilia,DF,2018,10
1519516800000,201809,88.0,88,88.0,88,0.83339554,2.8803833,0,1,530010820180919589,2023-08-20,Brasília,0,1.163127,3055149,18.4285714285714,91.5219485714286,1,0,0,75.254332,53.5405731428571,21.7639282857143,26.1428571428571,52,,,,,702649,2018-02-25,5300108,Brasilia,DF,2018,9
1518912000000,201808,65.0,65,65.0,65,0.15171118,2.1275558,0,1,530010820180819589,2023-08-20,Brasília,0,0.8416447,3055149,19.0,92.4215042857143,1,0,0,86.2730742857143,75.0327,20.2630951428571,22.0,42,,,,,702649,2018-02-18,5300108,Brasilia,DF,2018,8
1518307200000,201807,77.0,77,77.0,77,0.5978196,2.5203354,0,1,530010820180719589,2023-08-20,Brasília,0,1.0410334,3055149,18.5714285714286,86.1030914285714,0,0,0,75.6478842857143,63.9317058571429,20.6,23.1428571428571,56,,,,,702649,2018-02-11,5300108,Brasilia,DF,2018,7
1517702400000,201806,83.0,83,83.0,83,0.7988814,2.716725,0,1,530010820180619589,2023-08-20,Brasília,0,1.1435052,3055149,18.1428571428571,97.5495188571429,1,0,0,87.7539664285714,77.7775105714286,19.4515875714286,21.4285714285714,60,,,,,702649,2018-02-04,5300108,Brasilia,DF,2018,6
1517097600000,201805,76.0,76,76.0,76,0.4040374,2.4876037,0,1,530010820180519589,2023-08-20,Brasília,0,0.9618287,3055149,19.4285714285714,94.0323171428571,1,0,0,87.810627,81.0663728571429,20.5428571428571,21.7142857142857,48,,,,,702649,2018-01-28,5300108,Brasilia,DF,2018,5
1516492800000,201804,59.0,59,59.0,59,0.0155835925,1.931166,0,1,530010820180419589,2023-08-20,Brasília,0,0.6966912,3055149,18.4285714285714,86.0537834285714,0,0,0,68.2273435714286,44.8479174285714,21.5359211428571,26.1428571428571,43,,,,,702649,2018-01-21,5300108,Brasilia,DF,2018,4
1515888000000,201803,88.0,88,88.0,88,0.70305616,2.8803833,0,2,530010820180319589,2023-08-20,Brasília,0,1.0852865,3055149,17.2857142857143,89.0138111428571,1,0,0,74.5576338571429,60.333589,20.0857142857143,23.1428571428571,62,,,,,702649,2018-01-14,5300108,Brasilia,DF,2018,3
1515283200000,201802,82.0,82,82.0,82,0.85741895,2.6839936,0,1,530010820180219589,2023-08-20,Brasília,0,1.189877,3055149,18.0,89.8707705714286,1,0,0,82.27582,75.7994037142857,19.5714285714286,21.2857142857143,50,,,,,702649,2018-01-07,5300108,Brasilia,DF,2018,2
1514678400000,201801,101.0,101,101.0,101,0.99872,3.3058944,0,1,530010820180119589,2023-08-20,Brasília,0,1.6111138,3055149,18.8571428571429,94.8225114285714,1,1,1,89.8873771428571,83.2528934285714,19.8428571428571,20.8571428571429,45,,,,,702649,2017-12-31,5300108,Brasilia,DF,2018,1
1514073600000,201752,51.0,51,51.0,51,0.22233273,1.6693131,0,1,530010820175219589,2023-08-20,Brasília,0,0.8646723,3055149,19.1428571428571,86.8635442857143,0,0,0,78.5883127142857,67.8196414285714,21.1888887142857,23.4285714285714,32,,,,,702649,2017-12-24,5300108,Brasilia,DF,2017,52
1513468800000,201751,66.0,66,66.0,66,0.9082647,2.1602874,0,2,530010820175119589,2023-08-20,Brasília,0,1.2780267,3055149,17.4285714285714,91.5223002857143,1,0,0,78.1993728571429,65.7363848571429,20.5313492857143,23.4285714285714,43,,,,,702649,2017-12-17,5300108,Brasilia,DF,2017,51
1512864000000,201750,65.0,65,65.0,65,0.96411556,2.1275558,0,2,530010820175019589,2023-08-20,Brasília,0,1.408886,3055149,18.1666666666667,96.964804,1,0,0,91.1291156666667,81.1464446666667,19.0916666666667,21.0,43,,,,,702649,2017-12-10,5300108,Brasilia,DF,2017,50
1512259200000,201749,49.0,49,49.0,49,0.565386,1.6038498,0,2,530010820174919589,2023-08-20,Brasília,0,1.0339601,3055149,19.5714285714286,90.7450285714286,1,0,0,83.419618,70.7765421428571,21.2270974285714,24.0,32,,,,,702649,2017-12-03,5300108,Brasilia,DF,2017,49
1511654400000,201748,42.0,42,42.0,42,0.17335995,1.3747283,0,2,530010820174819589,2023-08-20,Brasília,0,0.82307917,3055149,18.5,93.907157,1,0,0,78.747975,61.0472205,21.041666,24.5,22,,,,,702649,2017-11-26,5300108,Brasilia,DF,2017,48
1511049600000,201747,44.0,44,44.0,44,0.28783834,1.4401916,0,1,530010820174719589,2023-08-20,Brasília,0,0.89099246,3055149,17.975,91.84822725,1,0,0,,,,,28,,,,,702649,2017-11-19,5300108,Brasilia,DF,2017,47
1510444800000,201746,58.0,58,58.0,58,0.9165258,1.8984344,0,1,530010820174619589,2023-08-20,Brasília,0,1.3148091,3055149,17.45,89.7892975,1,0,0,,,,,35,,,,,702649,2017-11-12,5300108,Brasilia,DF,2017,46
1509840000000,201745,52.0,52,52.0,52,0.8524321,1.7020446,0,1,530010820174519589,2023-08-20,Brasília,0,1.2407684,3055149,16.925,87.73036775,0,0,0,,,,,36,,,,,702649,2017-11-05,5300108,Brasilia,DF,2017,45
1509235200000,201744,41.0,41,41.0,41,0.34030634,1.3419968,0,1,530010820174419589,2023-08-20,Brasília,0,0.9153101,3055149,16.4,85.671438,0,0,0,,,,,25,,,,,702649,2017-10-29,5300108,Brasilia,DF,2017,44
1508630400000,201743,39.0,39,39.0,39,0.1199764,1.2765335,0,1,530010820174319589,2023-08-20,Brasília,0,0.7796736,3055149,15.875,83.61250825,0,0,0,,,,,23,,,,,702649,2017-10-22,5300108,Brasilia,DF,2017,43
1508025600000,201742,44.0,44,44.0,44,0.19683352,1.4401916,0,1,530010820174219589,2023-08-20,Brasília,0,0.84081125,3055149,15.35,81.5535785,0,0,0,,,,,20,,,,,702649,2017-10-15,5300108,Brasilia,DF,2017,42
1507420800000,201741,50.0,50,50.0,50,0.45590907,1.6365814,0,1,530010820174119589,2023-08-20,Brasília,0,0.9783016,3055149,14.825,79.49464875,0,0,0,,,,,33,,,,,702649,2017-10-08,5300108,Brasilia,DF,2017,41
1506816000000,201740,61.0,61,61.0,61,0.7451321,1.9966292,0,1,530010820174019589,2023-08-20,Brasília,0,1.1304791,3055149,14.3,77.435719,0,0,0,,,,,27,,,,,702649,2017-10-01,5300108,Brasilia,DF,2017,40
1506211200000,201739,43.0,43,43.0,43,0.07380034,1.40746,0,1,530010820173919589,2023-08-20,Brasília,0,0.74879265,3055149,13.775,75.37678925,0,0,0,,,,,24,,,,,702649,2017-09-24,5300108,Brasilia,DF,2017,39
1505606400000,201738,52.0,52,52.0,52,0.43906143,1.7020446,0,1,530010820173819589,2023-08-20,Brasília,0,0.9707039,3055149,13.25,73.3178595,0,0,0,,,,,24,,,,,702649,2017-09-17,5300108,Brasilia,DF,2017,38
1505001600000,201737,68.0,68,68.0,68,0.9733308,2.2257507,0,1,530010820173719589,2023-08-20,Brasília,0,1.4352908,3055149,12.725,71.25892975,0,0,0,,,,,38,,,,,702649,2017-09-10,5300108,Brasilia,DF,2017,37
1504396800000,201736,53.0,53,53.0,53,0.75807196,1.7347763,0,1,530010820173619589,2023-08-20,Brasília,0,1.1505762,3055149,12.2,69.2,0,0,0,53.9321426,38.8,15.7285714,19.6,27,,,,,702649,2017-09-03,5300108,Brasilia,DF,2017,36
1503792000000,201735,44.0,44,44.0,44,0.37256348,1.4401916,0,1,530010820173519589,2023-08-20,Brasília,0,0.9344205,3055149,13.1428571428571,64.7142857142857,0,0,0,51.4603174285714,36.4285714285714,15.5178571428571,18.7142857142857,21,,,,,702649,2017-08-27,5300108,Brasilia,DF,2017,35
1503187200000,201734,42.0,42,42.0,42,0.40112817,1.3747283,0,1,530010820173419589,2023-08-20,Brasília,0,0.9477546,3055149,15.2857142857143,72.4285714285714,0,0,0,63.3015871428571,52.8571428571429,17.1726191428571,19.1428571428571,25,,,,,702649,2017-08-20,5300108,Brasilia,DF,2017,34
1502582400000,201733,55.0,55,55.0,55,0.9140957,1.8002396,0,1,530010820173319589,2023-08-20,Brasília,0,1.3206372,3055149,13.5714285714286,64.5714285714286,0,0,0,54.4107142857143,41.5714285714286,16.0694444285714,19.2857142857143,41,,,,,702649,2017-08-13,5300108,Brasilia,DF,2017,33
1501977600000,201732,43.0,43,43.0,43,0.49328685,1.40746,0,1,530010820173219589,2023-08-20,Brasília,0,0.99639803,3055149,14.0,72.1428571428571,0,0,0,63.6488091428571,53.0,15.6130952857143,17.7142857142857,26,,,,,702649,2017-08-06,5300108,Brasilia,DF,2017,32
1501372800000,201731,37.0,37,37.0,37,0.09903437,1.2110702,0,1,530010820173119589,2023-08-20,Brasília,0,0.75744975,3055149,10.7142857142857,78.0,0,0,0,68.2678571428571,57.8571428571429,12.4821428571429,14.8571428571429,18,,,,,702649,2017-07-30,5300108,Brasilia,DF,2017,31
1500768000000,201730,45.0,45,45.0,45,0.025530592,1.4729233,0,1,530010820173019589,2023-08-20,Brasília,0,0.68851084,3055149,11.0,74.1428571428571,0,0,0,64.8333337142857,53.2857142857143,12.9033447142857,15.8571428571429,24,,,,,702649,2017-07-23,5300108,Brasilia,DF,2017,30
1500163200000,201729,44.0,44,44.0,44,9.954e-07,1.4401916,0,1,530010820172919589,2023-08-20,Brasília,0,0.43931556,3055149,10.1428571428571,81.4285714285714,0,0,0,71.2678571428571,61.0,12.3392857142857,14.7142857142857,31,,,,,702649,2017-07-16,5300108,Brasilia,DF,2017,29
1499558400000,201728,53.0,53,53.0,53,0.0,1.7347763,0,1,530010820172819589,2023-08-20,Brasília,0,0.36437282,3055149,12.4285714285714,80.8571428571429,0,0,0,71.7099201428571,62.0,13.7638888571429,15.1428571428571,34,,,,,702649,2017-07-09,5300108,Brasilia,DF,2017,28
1498953600000,201727,90.0,90,90.0,90,9e-10,2.9458466,0,1,530010820172719589,2023-08-20,Brasília,0,0.4751932,3055149,11.2857142857143,77.0,0,0,0,70.051588,61.4285714285714,12.515873,14.0,56,,,,,702649,2017-07-02,5300108,Brasilia,DF,2017,27
1498348800000,201726,158.0,158,158.0,158,6.10696e-05,5.171597,0,1,530010820172619589,2023-08-20,Brasília,0,0.6760371,3055149,13.2857142857143,77.5714285714286,0,0,1,66.5651928571429,55.2857142857143,15.3472221428571,16.8571428571429,115,,,,,702649,2017-06-25,5300108,Brasilia,DF,2017,26
1497744000000,201725,180.0,180,180.0,180,3.559e-06,5.891693,0,1,530010820172519589,2023-08-20,Brasília,0,0.65365726,3055149,12.7142857142857,80.8571428571429,0,0,1,73.7301592857143,65.7142857142857,14.156746,16.1428571428571,123,,,,,702649,2017-06-18,5300108,Brasilia,DF,2017,25
1497139200000,201724,240.0,240,240.0,240,0.002491702,7.855591,0,1,530010820172419589,2023-08-20,Brasília,0,0.7857161,3055149,14.2857142857143,89.8571428571429,0,0,1,80.9348071428571,69.2857142857143,16.1686507142857,18.8571428571429,173,,,,,702649,2017-06-11,5300108,Brasilia,DF,2017,24
1496534400000,201723,277.0,277,277.0,277,0.09635048,9.066661,0,1,530010820172319589,2023-08-20,Brasília,0,0.8979234,3055149,15.1428571428571,94.0,0,0,1,88.2103171428571,81.2857142857143,16.6805557142857,18.5714285714286,191,,,,,702649,2017-06-04,5300108,Brasilia,DF,2017,23
1495929600000,201722,321.0,321,321.0,321,0.92686176,10.506852,0,1,530010820172219589,2023-08-20,Brasília,0,1.1252763,3055149,16.8571428571429,93.1428571428571,0,0,1,86.6031742857143,79.8571428571429,18.3988094285714,20.1428571428571,236,,,,,702649,2017-05-28,5300108,Brasilia,DF,2017,22
1495324800000,201721,336.0,336,336.0,336,0.9986549,10.997827,0,1,530010820172119589,2023-08-20,Brasília,0,1.2789706,3055149,18.0,95.0,1,1,1,91.1206342857143,85.2857142857143,19.0083334285714,20.4285714285714,244,,,,,702649,2017-05-21,5300108,Brasilia,DF,2017,21
1494720000000,201720,277.0,277,277.0,277,0.8749899,9.066661,0,1,530010820172019589,2023-08-20,Brasília,0,1.1053277,3055149,17.0,97.4285714285714,0,0,1,89.9309864285714,79.7142857142857,18.9165981428571,20.8571428571429,207,,,,,702649,2017-05-14,5300108,Brasilia,DF,2017,20
1494115200000,201719,252.0,252,252.0,252,0.7705395,8.24837,0,1,530010820171919589,2023-08-20,Brasília,0,1.0693359,3055149,16.0,89.0,0,0,1,79.252551,69.5714285714286,17.7653061428571,20.1428571428571,191,,,,,702649,2017-05-07,5300108,Brasilia,DF,2017,19
1493510400000,201718,260.0,260,260.0,260,0.96170145,8.510223,0,1,530010820171819589,2023-08-20,Brasília,0,1.1753536,3055149,16.8571428571429,94.8571428571429,0,1,1,84.5280614285714,75.2857142857143,18.9260202857143,20.7142857142857,195,,,,,702649,2017-04-30,5300108,Brasilia,DF,2017,18
1492905600000,201717,244.0,244,244.0,244,0.8074509,7.986517,0,2,530010820171719589,2023-08-20,Brasília,0,1.0834543,3055149,19.2857142857143,96.5714285714286,1,0,1,91.2924264285714,82.4285714285714,20.4856175714286,22.4285714285714,160,,,,,702649,2017-04-23,5300108,Brasilia,DF,2017,17
1492300800000,201716,202.0,202,202.0,202,0.029868199,6.6117887,0,2,530010820171619589,2023-08-20,Brasília,0,0.8361286,3055149,18.4285714285714,91.7142857142857,1,0,1,85.4999984285714,75.8571428571429,19.9875282857143,21.8571428571429,147,,,,,702649,2017-04-16,5300108,Brasilia,DF,2017,16
1491696000000,201715,218.0,218,218.0,218,0.07479484,7.1354947,0,2,530010820171519589,2023-08-20,Brasília,0,0.8751364,3055149,17.8571428571429,92.4285714285714,1,0,1,80.7494321428571,65.1428571428571,20.2063492857143,23.0,157,,,,,702649,2017-04-09,5300108,Brasilia,DF,2017,15
1491091200000,201714,252.0,252,252.0,252,0.71303976,8.24837,0,2,530010820171419589,2023-08-20,Brasília,0,1.0519949,3055149,18.0,94.0,1,0,1,87.0733742857143,78.4285714285714,19.8468507142857,21.8571428571429,155,,,,,702649,2017-04-02,5300108,Brasilia,DF,2017,14
1490486400000,201713,261.0,261,261.0,261,0.9792274,8.542954,0,3,530010820171319589,2023-08-20,Brasília,0,1.2053499,3055149,18.5714285714286,97.4285714285714,1,1,1,90.9754791428571,81.1428571428571,19.875263,21.2857142857143,155,,,,,702649,2017-03-26,5300108,Brasilia,DF,2017,13
1489881600000,201712,245.0,245,245.0,245,0.99871075,8.019249,0,3,530010820171219589,2023-08-20,Brasília,0,1.3400413,3055149,18.2857142857143,96.5714285714286,1,1,1,89.9855434285714,80.5714285714286,19.6284012857143,21.7142857142857,171,,,,,702649,2017-03-19,5300108,Brasilia,DF,2017,12
1489276800000,201711,224.0,224,224.0,224,0.9999805,7.331885,0,2,530010820171119589,2023-08-20,Brasília,0,1.5411885,3055149,18.2857142857143,92.7142857142857,1,1,1,82.5025514285714,69.1428571428571,21.0408164285714,23.4285714285714,130,,,,,702649,2017-03-12,5300108,Brasilia,DF,2017,11
1488672000000,201710,189.0,189,189.0,189,0.9999369,6.186278,0,2,530010820171019589,2023-08-20,Brasília,0,1.5520186,3055149,20.2857142857143,90.0,1,1,1,80.1154762857143,67.0,22.0928571428571,24.1428571428571,113,,,,,702649,2017-03-05,5300108,Brasilia,DF,2017,10
1488067200000,201709,141.0,141,141.0,141,0.91060436,4.6151595,0,2,530010820170919589,2023-08-20,Brasília,0,1.1813657,3055149,18.0,97.1428571428571,1,0,1,89.6066791428571,80.1428571428571,19.7307515714286,21.4285714285714,76,,,,,702649,2017-02-26,5300108,Brasilia,DF,2017,9
1487462400000,201708,98.0,98,98.0,98,0.0438199,3.2076995,0,2,530010820170819589,2023-08-20,Brasília,0,0.79458815,3055149,19.5714285714286,90.5714285714286,1,0,1,82.4666671428571,71.5714285714286,21.470238,23.4285714285714,48,,,,,702649,2017-02-19,5300108,Brasilia,DF,2017,8
1486857600000,201707,130.0,130,130.0,130,0.6711544,4.2551117,0,2,530010820170719589,2023-08-20,Brasília,0,1.0572151,3055149,19.1428571428571,94.8571428571429,1,0,1,84.2842971428571,67.0,20.8106578571429,22.5714285714286,64,,,,,702649,2017-02-12,5300108,Brasilia,DF,2017,7
1486252800000,201706,116.0,116,116.0,116,0.5799437,3.7968688,0,2,530010820170619589,2023-08-20,Brasília,0,1.0269768,3055149,19.5714285714286,95.7142857142857,1,0,1,90.7521895714286,79.7142857142857,20.9316501428571,23.1428571428571,67,,,,,702649,2017-02-05,5300108,Brasilia,DF,2017,6
1485648000000,201705,141.0,141,141.0,141,0.9934977,4.6151595,0,2,530010820170519589,2023-08-20,Brasília,0,1.3769466,3055149,19.5714285714286,90.7142857142857,1,1,1,83.3244995714286,74.4285714285714,21.0728368571429,22.8571428571429,98,,,,,702649,2017-01-29,5300108,Brasilia,DF,2017,5
1485043200000,201704,106.0,106,106.0,106,0.63411874,3.4695525,0,2,530010820170419589,2023-08-20,Brasília,0,1.0487007,3055149,18.7142857142857,96.0,1,0,1,85.9585037142857,73.8571428571429,20.4312927142857,23.0,61,,,,,702649,2017-01-22,5300108,Brasilia,DF,2017,4
1484438400000,201703,103.0,103,103.0,103,0.15869412,3.3713577,0,1,530010820170319589,2023-08-20,Brasília,0,0.8741843,3055149,18.7142857142857,94.8571428571429,1,0,1,85.686888,66.5714285714286,20.707794,23.4285714285714,51,,,,,702649,2017-01-15,5300108,Brasilia,DF,2017,3
1483833600000,201702,91.0,91,91.0,91,0.0068349517,2.978578,0,1,530010820170219589,2023-08-20,Brasília,0,0.7149822,3055149,19.8571428571429,90.7142857142857,1,0,1,83.31172,68.8571428571429,21.6940901428571,23.7142857142857,43,,,,,702649,2017-01-08,5300108,Brasilia,DF,2017,2
1483228800000,201701,95.0,95,95.0,95,0.37993544,3.1095047,0,1,530010820170119589,2023-08-20,Brasília,0,0.95717245,3055149,19.7142857142857,87.4285714285714,0,0,1,72.289117,56.2857142857143,22.7341267142857,25.7142857142857,50,,,,,702649,2017-01-01,5300108,Brasilia,DF,2017,1
1482624000000,201652,201.0,201,201.0,201,1.0,6.579057,0,1,530010820165219589,2023-08-20,Brasília,0,2.7341144,3055149,19.0,92.2857142857143,1,1,1,77.8925728571429,62.8571428571429,21.828456,24.7142857142857,38,,,,,702649,2016-12-25,5300108,Brasilia,DF,2016,52
1482019200000,201651,63.0,63,63.0,63,0.41525713,2.0620925,0,1,530010820165119589,2023-08-20,Brasília,0,0.9630433,3055149,20.1428571428571,85.2857142857143,0,0,0,74.4387757142857,61.2857142857143,22.1479591428571,24.5714285714286,33,,,,,702649,2016-12-18,5300108,Brasilia,DF,2016,51
1481414400000,201650,67.0,67,67.0,67,0.6837864,2.1930192,0,2,530010820165019589,2023-08-20,Brasília,0,1.0877626,3055149,19.7142857142857,95.7142857142857,1,0,0,89.082014,79.2857142857143,20.8965221428571,22.4285714285714,33,,,,,702649,2016-12-11,5300108,Brasilia,DF,2016,50
1480809600000,201649,72.0,72,72.0,72,0.9109018,2.3566773,0,2,530010820164919589,2023-08-20,Brasília,0,1.2678602,3055149,20.0,92.2857142857143,1,0,0,85.1367972857143,72.5714285714286,21.5807042857143,23.8571428571429,39,,,,,702649,2016-12-04,5300108,Brasilia,DF,2016,49
1480204800000,201648,55.0,55,55.0,55,0.71545875,1.8002396,0,2,530010820164819589,2023-08-20,Brasília,0,1.1176131,3055149,18.7142857142857,95.7142857142857,1,0,0,87.5812262857143,75.5714285714286,21.4258894285714,24.5714285714286,25,,,,,702649,2016-11-27,5300108,Brasilia,DF,2016,48
1479600000000,201647,66.0,66,66.0,66,0.9716803,2.1602874,0,2,530010820164719589,2023-08-20,Brasília,0,1.4359875,3055149,19.1666666666667,98.0,1,0,0,89.8182611666667,81.1666666666667,20.6537588333333,22.5,28,,,,,702649,2016-11-20,5300108,Brasilia,DF,2016,47
1478995200000,201646,46.0,46,46.0,46,0.4747055,1.5056549,0,2,530010820164619589,2023-08-20,Brasília,0,0.98695886,3055149,19.0,98.2857142857143,1,0,0,88.4113421428571,76.4285714285714,20.5806982857143,22.7142857142857,23,,,,,702649,2016-11-13,5300108,Brasilia,DF,2016,46
1478390400000,201645,34.0,34,34.0,34,0.15834515,1.1128753,0,1,530010820164519589,2023-08-20,Brasília,0,0.79601806,3055149,19.2857142857143,94.1428571428571,1,0,0,86.5108848571429,75.7142857142857,20.9880951428571,23.1428571428571,17,,,,,702649,2016-11-06,5300108,Brasilia,DF,2016,45
1477785600000,201644,66.0,66,66.0,66,0.99523026,2.1602874,0,1,530010820164419589,2023-08-20,Brasília,0,1.6662481,3055149,19.8571428571429,93.4285714285714,1,0,0,85.7820195714286,75.5714285714286,21.1360837142857,22.4285714285714,31,,,,,702649,2016-10-30,5300108,Brasilia,DF,2016,44
1477180800000,201643,28.0,28,28.0,28,0.14004727,0.9164856,0,1,530010820164319589,2023-08-20,Brasília,0,0.76475495,3055149,19.2857142857143,87.0,0,0,0,76.2435685714286,62.8571428571429,21.2112748571429,23.7142857142857,17,,,,,702649,2016-10-23,5300108,Brasilia,DF,2016,43
1476576000000,201642,49.0,49,49.0,49,0.9257404,1.6038498,0,1,530010820164219589,2023-08-20,Brasília,0,1.3691298,3055149,20.2857142857143,80.4285714285714,0,0,0,71.1638888571429,58.2857142857143,21.9146827142857,24.2857142857143,25,,,,,702649,2016-10-16,5300108,Brasilia,DF,2016,42
1475971200000,201641,32.0,32,32.0,32,0.29965577,1.047412,0,1,530010820164119589,2023-08-20,Brasília,0,0.8811889,3055149,20.1428571428571,75.2857142857143,0,0,0,67.3004545714286,55.7142857142857,21.5955212857143,23.5714285714286,9,,,,,702649,2016-10-09,5300108,Brasilia,DF,2016,41
1475366400000,201640,33.0,33,33.0,33,0.3150847,1.0801437,0,1,530010820164019589,2023-08-20,Brasília,0,0.89180857,3055149,18.0,90.7142857142857,1,0,0,80.3370985714286,68.4285714285714,20.0352565714286,22.2857142857143,14,,,,,702649,2016-10-02,5300108,Brasilia,DF,2016,40
1474761600000,201639,44.0,44,44.0,44,0.7138352,1.4401916,0,1,530010820163919589,2023-08-20,Brasília,0,1.1314834,3055149,17.7142857142857,94.0,1,0,0,84.3971092857143,72.5714285714286,19.8089564285714,22.8571428571429,28,,,,,702649,2016-09-25,5300108,Brasilia,DF,2016,39
1474156800000,201638,25.0,25,25.0,25,0.058748763,0.8182907,0,1,530010820163819589,2023-08-20,Brasília,0,0.67160356,3055149,18.2857142857143,80.1428571428571,0,0,0,68.0518615714286,53.7142857142857,20.0165567142857,22.8571428571429,16,,,,,702649,2016-09-18,5300108,Brasilia,DF,2016,38
1473552000000,201637,53.0,53,53.0,53,0.94054997,1.7347763,0,1,530010820163719589,2023-08-20,Brasília,0,1.3871248,3055149,14.7142857142857,73.5714285714286,0,0,0,59.3626411428571,44.1428571428571,17.8866214285714,21.1428571428571,20,,,,,702649,2016-09-11,5300108,Brasilia,DF,2016,37
1472947200000,201636,30.0,30,30.0,30,0.06371857,0.98194885,0,1,530010820163619589,2023-08-20,Brasília,0,0.6992051,3055149,14.5714285714286,73.5714285714286,0,0,0,59.6295342857143,46.8571428571429,17.3146257142857,20.4285714285714,17,,,,,702649,2016-09-04,5300108,Brasilia,DF,2016,36
1472342400000,201635,34.0,34,34.0,34,0.11267168,1.1128753,0,1,530010820163519589,2023-08-20,Brasília,0,0.7609525,3055149,15.2857142857143,79.0,0,0,0,61.1159295714286,42.4285714285714,19.5615075714286,23.8571428571429,20,,,,,702649,2016-08-28,5300108,Brasilia,DF,2016,35
1471737600000,201634,49.0,49,49.0,49,0.59702015,1.6038498,0,1,530010820163419589,2023-08-20,Brasília,0,1.0513057,3055149,13.4285714285714,85.0,0,0,0,70.3480991428571,54.7142857142857,17.0159275714286,21.0,16,,,,,702649,2016-08-21,5300108,Brasilia,DF,2016,34
1471132800000,201633,46.0,46,46.0,46,0.080402605,1.5056549,0,1,530010820163319589,2023-08-20,Brasília,0,0.76177293,3055149,16.4285714285714,78.7142857142857,0,0,0,68.9680478571429,58.4285714285714,18.7260538571429,20.8571428571429,25,,,,,702649,2016-08-14,5300108,Brasilia,DF,2016,33
1470528000000,201632,40.0,40,40.0,40,1.18722e-05,1.3092651,0,1,530010820163219589,2023-08-20,Brasília,0,0.46040228,3055149,13.4285714285714,74.1428571428571,0,0,0,61.0568771428571,47.4285714285714,16.3796294285714,20.1428571428571,16,,,,,702649,2016-08-07,5300108,Brasilia,DF,2016,32
1469923200000,201631,47.0,47,47.0,47,7.844e-07,1.5383865,0,1,530010820163119589,2023-08-20,Brasília,0,0.4461377,3055149,11.8571428571429,83.8571428571429,0,0,0,67.3651914285714,49.7142857142857,15.1477325714286,18.8571428571429,25,,,,,702649,2016-07-31,5300108,Brasilia,DF,2016,31
1469318400000,201630,91.0,91,91.0,91,0.14962396,2.978578,0,1,530010820163019589,2023-08-20,Brasília,0,0.8624431,3055149,12.4285714285714,79.1428571428571,0,0,1,65.7624717142857,53.7142857142857,15.5039682857143,18.5714285714286,22,,,,,702649,2016-07-24,5300108,Brasilia,DF,2016,30
1468713600000,201629,130.0,130,130.0,130,0.9304989,4.2551117,0,1,530010820162919589,2023-08-20,Brasília,0,1.2119195,3055149,11.7142857142857,83.0,0,0,1,69.3151912857143,55.1428571428571,14.6000565714286,17.8571428571429,49,,,,,702649,2016-07-17,5300108,Brasilia,DF,2016,29
1468108800000,201628,95.0,95,95.0,95,0.026693702,3.1095047,0,1,530010820162819589,2023-08-20,Brasília,0,0.76949924,3055149,10.2857142857143,89.4285714285714,0,0,1,75.4257362857143,57.1428571428571,13.4325398571429,17.4285714285714,49,,,,,702649,2016-07-10,5300108,Brasilia,DF,2016,28
1467504000000,201627,100.0,100,100.0,100,0.0003032599,3.2731628,0,1,530010820162719589,2023-08-20,Brasília,0,0.64773655,3055149,14.1428571428571,82.7142857142857,0,0,1,71.2820285714286,56.2857142857143,16.170068,18.8571428571429,64,,,,,702649,2016-07-03,5300108,Brasilia,DF,2016,27
1466899200000,201626,118.0,118,118.0,118,1.8931e-06,3.862332,0,1,530010820162619589,2023-08-20,Brasília,0,0.59046835,3055149,12.2857142857143,88.8571428571429,0,0,1,74.8065812857143,57.2857142857143,14.41523,17.0,73,,,,,702649,2016-06-26,5300108,Brasilia,DF,2016,26
1466294400000,201625,147.0,147,147.0,147,9.75e-08,4.811549,0,1,530010820162519589,2023-08-20,Brasília,0,0.58803654,3055149,11.8571428571429,94.0,0,0,1,80.1425732857143,66.1428571428571,14.3024375714286,17.2857142857143,90,,,,,702649,2016-06-19,5300108,Brasilia,DF,2016,25
1465689600000,201624,190.0,190,190.0,190,2.6095e-06,6.2190094,0,1,530010820162419589,2023-08-20,Brasília,0,0.65678114,3055149,11.5714285714286,94.8571428571429,0,0,1,84.1095234285714,70.8571428571429,14.0441041428571,16.8571428571429,146,,,,,702649,2016-06-12,5300108,Brasilia,DF,2016,24
1465084800000,201623,268.0,268,268.0,268,0.0023646802,8.772077,0,1,530010820162319589,2023-08-20,Brasília,0,0.7943538,3055149,14.7142857142857,96.7142857142857,0,0,1,85.0391148571429,71.2857142857143,17.3015871428571,20.2857142857143,214,,,,,702649,2016-06-05,5300108,Brasilia,DF,2016,23
1464480000000,201622,294.0,294,294.0,294,2.465e-07,9.623098,0,1,530010820162219589,2023-08-20,Brasília,0,0.6857552,3055149,13.0,93.1428571428571,0,0,1,81.6394545714286,68.4285714285714,15.8486394285714,18.8571428571429,267,,,,,702649,2016-05-29,5300108,Brasilia,DF,2016,22
1463875200000,201621,299.0,299,299.0,299,0.0,9.7867565,0,1,530010820162119589,2023-08-20,Brasília,0,0.55251664,3055149,15.4285714285714,95.7142857142857,0,0,1,82.2964865714286,67.5714285714286,18.0731294285714,20.8571428571429,262,,,,,702649,2016-05-22,5300108,Brasilia,DF,2016,21
1463270400000,201620,405.0,405,405.0,405,0.0,13.2563095,0,1,530010820162019589,2023-08-20,Brasília,0,0.6463822,3055149,17.8571428571429,94.0,1,0,1,85.986962,74.7142857142857,19.2891154285714,21.4285714285714,350,,,,,702649,2016-05-15,5300108,Brasilia,DF,2016,20
1462665600000,201619,585.0,585,585.0,585,0.0005552418,19.148003,0,4,530010820161919589,2023-08-20,Brasília,0,0.8334994,3055149,15.5714285714286,88.1428571428571,0,0,2,75.1598618571429,59.2857142857143,18.2619048571429,21.4285714285714,487,,,,,702649,2016-05-08,5300108,Brasilia,DF,2016,19
1462060800000,201618,635.0,635,635.0,635,1.2208e-06,20.784584,0,4,530010820161819589,2023-08-20,Brasília,0,0.77997524,3055149,15.4285714285714,94.0,0,0,2,81.981576,68.7142857142857,17.8897392857143,20.8571428571429,573,,,,,702649,2016-05-01,5300108,Brasilia,DF,2016,18
1461456000000,201617,674.0,674,674.0,674,0.0,22.061117,0,4,530010820161719589,2023-08-20,Brasília,0,0.70512944,3055149,17.0,94.0,0,0,2,85.6716438571429,68.8571428571429,18.850505,21.7142857142857,630,,,,,702649,2016-04-24,5300108,Brasilia,DF,2016,17
1460851200000,201616,781.0,781,781.0,781,0.0,25.563402,0,4,530010820161619589,2023-08-20,Brasília,0,0.7240909,3055149,16.5714285714286,88.0,0,0,2,67.2322385714286,43.1428571428571,20.5540441428571,24.8571428571429,722,,,,,702649,2016-04-17,5300108,Brasilia,DF,2016,16
1460246400000,201615,996.0,996,996.0,996,3.90857e-05,32.6007,0,4,530010820161519589,2023-08-20,Brasília,0,0.84398586,3055149,16.2857142857143,89.0,0,0,2,58.2568032857143,24.5714285714286,22.7471658571429,28.7142857142857,919,,,,,702649,2016-04-10,5300108,Brasilia,DF,2016,15
1459641600000,201614,1088.0,1088,1088.0,1088,8.1573e-06,35.61201,0,4,530010820161419589,2023-08-20,Brasília,0,0.8379675,3055149,17.1428571428571,91.5714285714286,1,0,2,80.3276642857143,66.1428571428571,19.5107708571429,22.5714285714286,949,,,,,702649,2016-04-03,5300108,Brasilia,DF,2016,14
1459036800000,201613,1189.0,1189,1189.0,1189,5.0291e-06,38.917904,0,4,530010820161319589,2023-08-20,Brasília,0,0.84080136,3055149,16.4285714285714,96.5714285714286,0,0,2,87.1434238571429,76.0,18.3407027142857,20.5714285714286,969,,,,,702649,2016-03-27,5300108,Brasilia,DF,2016,13
1458432000000,201612,1234.0,1234,1234.0,1234,7.73088e-05,40.390827,0,4,530010820161219589,2023-08-20,Brasília,0,0.8634604,3055149,17.4285714285714,96.5714285714286,1,0,2,89.8616778571429,80.2857142857143,18.929705,20.8571428571429,1037,,,,,702649,2016-03-20,5300108,Brasilia,DF,2016,12
1457827200000,201611,1545.0,1545,1545.0,1545,0.9978979,50.570366,0,4,530010820161119589,2023-08-20,Brasília,0,1.1115229,3055149,17.2857142857143,95.8571428571429,1,1,2,87.914682,77.1428571428571,19.1309525714286,21.5714285714286,1180,,,,,702649,2016-03-13,5300108,Brasilia,DF,2016,11
1457222400000,201610,1477.0,1477,1477.0,1477,0.6755622,48.344616,0,4,530010820161019589,2023-08-20,Brasília,0,1.0169656,3055149,19.7142857142857,99.1428571428571,1,0,2,90.8820865714286,80.0,20.6164965714286,22.0,1200,,,,,702649,2016-03-06,5300108,Brasilia,DF,2016,10
1456617600000,201609,1325.0,1325,1325.0,1325,3.276e-07,43.369408,0,4,530010820160919589,2023-08-20,Brasília,0,0.831507,3055149,19.0,95.7142857142857,1,0,2,88.2529098571429,76.7142857142857,20.6726508571429,22.4285714285714,1106,,,,,702649,2016-02-28,5300108,Brasilia,DF,2016,9
1456012800000,201608,1310.0,1310,1310.0,1310,2.2327e-06,42.878433,0,4,530010820160819589,2023-08-20,Brasília,0,0.84220934,3055149,17.2857142857143,96.8571428571429,1,0,2,89.1411558571429,80.2857142857143,18.72449,20.8571428571429,1097,,,,,702649,2016-02-21,5300108,Brasilia,DF,2016,8
1455408000000,201607,1771.0,1771,1771.0,1771,1.0,57.967712,0,4,530010820160719589,2023-08-20,Brasília,0,1.401299,3055149,17.5714285714286,94.0,1,1,2,85.2006808571429,65.7142857142857,19.4691558571429,21.5714285714286,1379,,,,,702649,2016-02-14,5300108,Brasilia,DF,2016,7
1454803200000,201606,1762.0,1762,1762.0,1762,1.0,57.67313,0,4,530010820160619589,2023-08-20,Brasília,0,1.8793459,3055149,18.5714285714286,94.8571428571429,1,1,2,70.5996,37.1428571428571,23.3761632857143,29.1428571428571,1405,,,,,702649,2016-02-07,5300108,Brasilia,DF,2016,6
1454198400000,201605,1268.0,1268,1268.0,1268,1.0,41.503704,0,4,530010820160519589,2023-08-20,Brasília,0,1.6952804,3055149,16.7142857142857,96.5714285714286,0,1,2,69.3639462857143,34.7142857142857,22.9293205714286,29.0,1044,,,,,702649,2016-01-31,5300108,Brasilia,DF,2016,5
1453593600000,201604,797.0,797,797.0,797,0.9999838,26.087107,0,4,530010820160419589,2023-08-20,Brasília,0,1.2459122,3055149,19.1428571428571,97.4285714285714,1,1,2,88.2325914285714,76.2857142857143,20.553884,22.4285714285714,629,,,,,702649,2016-01-24,5300108,Brasilia,DF,2016,4
1452988800000,201603,745.0,745,745.0,745,1.0,24.385063,0,4,530010820160319589,2023-08-20,Brasília,0,1.496902,3055149,19.4285714285714,96.5714285714286,1,1,2,91.8866034285714,83.8571428571429,20.3352258571429,21.7142857142857,646,,,,,702649,2016-01-17,5300108,Brasilia,DF,2016,3
1452384000000,201602,641.0,641,641.0,641,1.0,20.980974,0,4,530010820160219589,2023-08-20,Brasília,0,2.019496,3055149,19.8571428571429,96.5714285714286,1,1,2,91.8952377142857,85.0,20.4555558571429,21.7142857142857,529,,,,,702649,2016-01-10,5300108,Brasilia,DF,2016,2
1451779200000,201601,621.0,621,621.0,621,1.0,20.326342,0,2,530010820160119589,2023-08-20,Brasília,0,2.841853,3055149,19.8571428571429,95.7142857142857,1,1,2,92.1944434285714,87.0,20.3042657142857,21.2857142857143,536,,,,,702649,2016-01-03,5300108,Brasilia,DF,2016,1
1451174400000,201552,175.0,175,175.0,175,0.28913715,5.728035,0,2,530010820155219589,2023-08-20,Brasília,0,0.94317967,3055149,18.7142857142857,97.4285714285714,1,0,1,88.9041938571429,79.7142857142857,19.7125842857143,21.4285714285714,228,,,,,702649,2015-12-27,5300108,Brasilia,DF,2015,52
1450569600000,201551,210.0,210,210.0,210,0.9988365,6.873642,0,3,530010820155119589,2023-08-20,Brasília,0,1.3794261,3055149,18.1428571428571,93.4285714285714,1,1,1,81.7665335714286,70.7142857142857,20.3035714285714,22.7142857142857,160,,,,,702649,2015-12-20,5300108,Brasilia,DF,2015,51
1449964800000,201550,208.0,208,208.0,208,0.9999998,6.8081784,0,2,530010820155019589,2023-08-20,Brasília,0,1.783798,3055149,18.2857142857143,93.1428571428571,1,1,1,82.9737322857143,69.8571428571429,19.9398998571429,22.1428571428571,166,,,,,702649,2015-12-13,5300108,Brasilia,DF,2015,50
1449360000000,201549,149.0,149,149.0,149,0.9987309,4.8770127,0,2,530010820154919589,2023-08-20,Brasília,0,1.4686804,3055149,18.4285714285714,96.5714285714286,1,1,1,81.6306114285714,56.7142857142857,21.272789,25.7142857142857,104,,,,,702649,2015-12-06,5300108,Brasilia,DF,2015,49
1448755200000,201548,109.0,109,109.0,109,0.5611599,3.5677474,0,2,530010820154819589,2023-08-20,Brasília,0,1.0211375,3055149,18.7142857142857,94.8571428571429,1,0,1,70.8344028571429,37.2857142857143,23.9021398571429,30.2857142857143,78,,,,,702649,2015-11-29,5300108,Brasilia,DF,2015,48
1448150400000,201547,78.0,78,78.0,78,0.0486936,2.553067,0,1,530010820154719589,2023-08-20,Brasília,0,0.7797045,3055149,18.7142857142857,97.4285714285714,1,0,0,77.7202051428571,37.7142857142857,22.4175107142857,29.1428571428571,51,,,,,702649,2015-11-22,5300108,Brasilia,DF,2015,47
1447545600000,201546,118.0,118,118.0,118,0.99985284,3.862332,0,1,530010820154619589,2023-08-20,Brasília,0,1.7124022,3055149,19.1428571428571,94.8571428571429,1,1,1,79.5603714285714,46.0,22.4648577142857,28.4285714285714,40,,,,,702649,2015-11-15,5300108,Brasilia,DF,2015,46
1446940800000,201545,132.0,132,132.0,132,1.0,4.3205748,0,1,530010820154519589,2023-08-20,Brasília,0,3.275921,3055149,17.5714285714286,82.5714285714286,0,1,1,50.3418361428571,18.0,25.0438774285714,32.5714285714286,50,,,,,702649,2015-11-08,5300108,Brasilia,DF,2015,45
1446336000000,201544,52.0,52,52.0,52,0.9950678,1.7020446,0,1,530010820154419589,2023-08-20,Brasília,0,1.7900763,3055149,18.0,94.25,1,0,0,64.834939875,22.375,23.845613,31.125,20,,,,,702649,2015-11-01,5300108,Brasilia,DF,2015,44
1445731200000,201543,36.0,36,36.0,36,0.4859538,1.1783386,0,1,530010820154319589,2023-08-20,Brasília,0,0.9917981,3055149,18.5714285714286,94.0,1,0,0,74.2970257142857,32.4285714285714,22.5373938571429,28.0,20,,,,,702649,2015-10-25,5300108,Brasilia,DF,2015,43
1445126400000,201542,19.0,19,19.0,19,0.0001427122,0.6219009,0,1,530010820154219589,2023-08-20,Brasília,0,0.3957076,3055149,17.1428571428571,77.1428571428571,0,0,0,46.4860485714286,20.1428571428571,25.4464884285714,33.2857142857143,13,,,,,702649,2015-10-18,5300108,Brasilia,DF,2015,42
1444521600000,201541,24.0,24,24.0,24,0.0084522925,0.78555906,0,1,530010820154119589,2023-08-20,Brasília,0,0.55375415,3055149,16.1428571428571,66.7142857142857,0,0,0,35.5308012857143,9.85714285714286,25.3737717142857,33.2857142857143,15,,,,,702649,2015-10-11,5300108,Brasilia,DF,2015,41
1443916800000,201540,73.0,73,73.0,73,0.9999818,2.3894088,0,1,530010820154019589,2023-08-20,Brasília,0,2.314654,3055149,17.5714285714286,84.0,0,0,0,50.7846942857143,20.1428571428571,24.9978081428571,32.7142857142857,34,,,,,702649,2015-10-04,5300108,Brasilia,DF,2015,40
1443312000000,201539,45.0,45,45.0,45,0.9800363,1.4729233,0,1,530010820153919589,2023-08-20,Brasília,0,1.6261865,3055149,16.5714285714286,88.4285714285714,0,0,0,54.077763,20.4285714285714,23.6662562857143,31.0,35,,,,,702649,2015-09-27,5300108,Brasilia,DF,2015,39
1442707200000,201538,19.0,19,19.0,19,0.04192734,0.6219009,0,1,530010820153819589,2023-08-20,Brasília,0,0.61154306,3055149,14.7142857142857,73.8571428571429,0,0,0,40.6734691428571,10.1428571428571,24.3418368571429,33.1428571428571,10,,,,,702649,2015-09-20,5300108,Brasilia,DF,2015,38
1442102400000,201537,32.0,32,32.0,32,0.12656988,1.047412,0,1,530010820153719589,2023-08-20,Brasília,0,0.76659006,3055149,16.2857142857143,84.1428571428571,0,0,0,57.0918375714286,26.2857142857143,22.607143,29.4285714285714,23,,,,,702649,2015-09-13,5300108,Brasilia,DF,2015,37
1441497600000,201536,22.0,22,22.0,22,8.0344e-06,0.7200958,0,1,530010820153619589,2023-08-20,Brasília,0,0.36587197,3055149,17.0,81.4285714285714,0,0,0,55.8860647142857,24.2857142857143,23.6015798571429,30.8571428571429,18,,,,,702649,2015-09-06,5300108,Brasilia,DF,2015,36
1440892800000,201535,43.0,43,43.0,43,0.0001866902,1.40746,0,1,530010820153519589,2023-08-20,Brasília,0,0.52205056,3055149,12.7142857142857,80.5714285714286,0,0,0,43.9671204285714,13.0,22.354308,31.2857142857143,20,,,,,702649,2015-08-30,5300108,Brasilia,DF,2015,35
1440288000000,201534,50.0,50,50.0,50,0.0003638274,1.6365814,0,1,530010820153419589,2023-08-20,Brasília,0,0.5585589,3055149,14.0,82.5714285714286,0,0,0,47.7384612857143,15.1428571428571,22.6258045714286,30.7142857142857,23,,,,,702649,2015-08-23,5300108,Brasilia,DF,2015,34
1439683200000,201533,91.0,91,91.0,91,0.76063234,2.978578,0,1,530010820153319589,2023-08-20,Brasília,0,1.113618,3055149,12.7142857142857,85.5714285714286,0,0,1,53.7023218571429,17.7142857142857,20.4750174285714,28.5714285714286,35,,,,,702649,2015-08-16,5300108,Brasilia,DF,2015,33
1439078400000,201532,117.0,117,117.0,117,0.9713199,3.8296006,0,1,530010820153219589,2023-08-20,Brasília,0,1.3033856,3055149,11.1428571428571,83.1428571428571,0,1,1,55.3128078571429,21.5714285714286,18.1850808571429,25.8571428571429,32,,,,,702649,2015-08-09,5300108,Brasilia,DF,2015,32
1438473600000,201531,55.0,55,55.0,55,4.6028e-06,1.8002396,0,1,530010820153119589,2023-08-20,Brasília,0,0.4932125,3055149,9.71428571428571,83.5714285714286,0,0,0,49.9438775714286,15.0,18.7755101428571,27.2857142857143,37,,,,,702649,2015-08-02,5300108,Brasilia,DF,2015,31
1437868800000,201530,78.0,78,78.0,78,0.0002341466,2.553067,0,1,530010820153019589,2023-08-20,Brasília,0,0.6101513,3055149,13.4285714285714,82.7142857142857,0,0,0,50.6590141428571,19.7142857142857,20.8265307142857,27.2857142857143,42,,,,,702649,2015-07-26,5300108,Brasilia,DF,2015,30
1437264000000,201529,132.0,132,132.0,132,0.104763895,4.3205748,0,1,530010820152919589,2023-08-20,Brasília,0,0.8619036,3055149,13.0,83.1428571428571,0,0,1,55.1442867142857,24.4285714285714,19.7262584285714,26.0,82,,,,,702649,2015-07-19,5300108,Brasilia,DF,2015,29
1436659200000,201528,120.0,120,120.0,120,2.4122e-06,3.9277954,0,1,530010820152819589,2023-08-20,Brasília,0,0.59577644,3055149,13.7142857142857,87.1428571428571,0,0,1,59.0944818571429,26.5714285714286,20.080688,26.0,79,,,,,702649,2015-07-12,5300108,Brasilia,DF,2015,28
1436054400000,201527,130.0,130,130.0,130,0.0,4.2551117,0,1,530010820152719589,2023-08-20,Brasília,0,0.48367432,3055149,14.2857142857143,89.7142857142857,0,0,1,65.7380361428571,33.5714285714286,19.7841307142857,26.0,70,,,,,702649,2015-07-05,5300108,Brasilia,DF,2015,27
1435449600000,201526,208.0,208,208.0,208,4e-10,6.8081784,0,1,530010820152619589,2023-08-20,Brasília,0,0.59059674,3055149,12.0,85.2857142857143,0,0,1,59.876417,25.2857142857143,19.1681785714286,25.7142857142857,103,,,,,702649,2015-06-28,5300108,Brasilia,DF,2015,26
1434844800000,201525,243.0,243,243.0,243,0.0,7.9537854,0,1,530010820152519589,2023-08-20,Brasília,0,0.56804264,3055149,12.8571428571429,88.4285714285714,0,0,1,66.1838508571429,36.2857142857143,17.8029554285714,22.7142857142857,206,,,,,702649,2015-06-21,5300108,Brasilia,DF,2015,25
1434240000000,201524,364.0,364,364.0,364,2.26298e-05,11.914312,0,1,530010820152419589,2023-08-20,Brasília,0,0.7545397,3055149,14.0,87.1428571428571,0,0,1,61.7091842857143,30.4285714285714,20.1428572857143,26.0,319,,,,,702649,2015-06-14,5300108,Brasilia,DF,2015,24
1433635200000,201523,448.0,448,448.0,448,0.0017411477,14.66377,0,4,530010820152319589,2023-08-20,Brasília,0,0.8300675,3055149,13.2857142857143,90.5714285714286,0,0,2,64.2448971428571,31.1428571428571,19.5918364285714,25.2857142857143,376,,,,,702649,2015-06-07,5300108,Brasilia,DF,2015,23
1433030400000,201522,485.0,485,485.0,485,8.7133e-06,15.87484,0,4,530010820152219589,2023-08-20,Brasília,0,0.77222157,3055149,14.8571428571429,90.5714285714286,0,0,2,67.945919,36.4285714285714,19.8690475714286,25.0,427,,,,,702649,2015-05-31,5300108,Brasilia,DF,2015,22
1432425600000,201521,512.0,512,512.0,512,0.0,16.758593,0,4,530010820152119589,2023-08-20,Brasília,0,0.6828391,3055149,14.1428571428571,91.4285714285714,0,0,2,67.2397967142857,32.8571428571429,19.9711471428571,26.0,444,,,,,702649,2015-05-24,5300108,Brasilia,DF,2015,21
1431820800000,201520,624.0,624,624.0,624,8e-10,20.424536,0,4,530010820152019589,2023-08-20,Brasília,0,0.7295756,3055149,15.4285714285714,92.2857142857143,0,0,2,72.6418005714286,44.7142857142857,19.2973258571429,24.0,562,,,,,702649,2015-05-17,5300108,Brasilia,DF,2015,20
1431216000000,201519,713.0,713,713.0,713,5.86136e-05,23.33765,0,4,530010820151919589,2023-08-20,Brasília,0,0.8234263,3055149,15.7142857142857,93.4285714285714,0,0,2,80.1965742857143,59.2857142857143,19.0622945714286,22.8571428571429,607,,,,,702649,2015-05-10,5300108,Brasilia,DF,2015,19
1430611200000,201518,972.0,972,972.0,972,0.9999262,31.815142,0,4,530010820151819589,2023-08-20,Brasília,0,1.1972578,3055149,17.7142857142857,96.5714285714286,1,1,2,80.4563685714286,57.8571428571429,20.5177691428571,24.5714285714286,840,,,,,702649,2015-05-03,5300108,Brasilia,DF,2015,18
1430006400000,201517,887.0,887,887.0,887,0.9999127,29.032953,0,4,530010820151719589,2023-08-20,Brasília,0,1.2052401,3055149,16.8571428571429,95.7142857142857,0,1,2,80.6601361428571,54.8571428571429,20.0105428571429,24.7142857142857,759,,,,,702649,2015-04-26,5300108,Brasilia,DF,2015,17
1429401600000,201516,799.0,799,799.0,799,0.99999946,26.15257,0,4,530010820151619589,2023-08-20,Brasília,0,1.2976922,3055149,18.4285714285714,95.7142857142857,1,1,2,76.4443514285714,44.0,22.134099,27.5714285714286,718,,,,,702649,2015-04-19,5300108,Brasilia,DF,2015,16
1428796800000,201515,778.0,778,778.0,778,1.0,25.465206,0,4,530010820151519589,2023-08-20,Brasília,0,1.6443369,3055149,18.4285714285714,93.1428571428571,1,1,2,75.9855337142857,48.7142857142857,21.6359731428571,26.2857142857143,644,,,,,702649,2015-04-12,5300108,Brasilia,DF,2015,15
1428192000000,201514,665.0,665,665.0,665,1.0,21.766533,0,3,530010820151419589,2023-08-20,Brasília,0,1.7384776,3055149,18.7142857142857,94.0,1,1,2,77.1866985714286,46.1428571428571,21.7334595714286,26.0,532,,,,,702649,2015-04-05,5300108,Brasilia,DF,2015,14
1427587200000,201513,403.0,403,403.0,403,0.9880795,13.190846,0,3,530010820151319589,2023-08-20,Brasília,0,1.1803759,3055149,18.2857142857143,96.5714285714286,1,1,1,75.3332528571429,37.0,22.202622,27.8571428571429,341,,,,,702649,2015-03-29,5300108,Brasilia,DF,2015,13
1426982400000,201512,369.0,369,369.0,369,0.97073036,12.0779705,0,2,530010820151219589,2023-08-20,Brasília,0,1.1552216,3055149,17.7142857142857,95.7142857142857,1,1,1,80.8270671428571,48.2857142857143,21.0986725714286,25.5714285714286,315,,,,,702649,2015-03-22,5300108,Brasilia,DF,2015,12
1426377600000,201511,348.0,348,348.0,348,0.95356137,11.390607,0,2,530010820151119589,2023-08-20,Brasília,0,1.1406147,3055149,17.2857142857143,98.2857142857143,1,1,1,84.3561707142857,61.0,19.6327768571429,23.8571428571429,283,,,,,702649,2015-03-15,5300108,Brasilia,DF,2015,11
1425772800000,201510,300.0,300,300.0,300,0.7870637,9.819489,0,2,530010820151019589,2023-08-20,Brasília,0,1.0682808,3055149,17.8571428571429,97.4285714285714,1,0,1,81.830273,42.8571428571429,20.7808065714286,25.0,255,,,,,702649,2015-03-08,5300108,Brasilia,DF,2015,10
1425168000000,201509,327.0,327,327.0,327,0.99975926,10.703242,0,3,530010820150919589,2023-08-20,Brasília,0,1.341222,3055149,17.7142857142857,94.8571428571429,1,1,1,77.6841821428571,53.5714285714286,21.1905647142857,26.1428571428571,242,,,,,702649,2015-03-01,5300108,Brasilia,DF,2015,9
1424563200000,201508,284.0,284,284.0,284,0.99956,9.295782,0,2,530010820150819589,2023-08-20,Brasília,0,1.3507694,3055149,18.4285714285714,91.5714285714286,1,1,1,71.7595595714286,43.1428571428571,22.0693454285714,26.8571428571429,177,,,,,702649,2015-02-22,5300108,Brasilia,DF,2015,8
1423958400000,201507,254.0,254,254.0,254,0.9989436,8.313833,0,2,530010820150719589,2023-08-20,Brasília,0,1.340757,3055149,18.4285714285714,90.4285714285714,1,1,1,73.3940567142857,41.8571428571429,21.562666,25.8571428571429,179,,,,,702649,2015-02-15,5300108,Brasilia,DF,2015,7
1423353600000,201506,181.0,181,181.0,181,0.8743872,5.9244246,0,2,530010820150619589,2023-08-20,Brasília,0,1.1323136,3055149,18.0,90.5714285714286,1,0,1,67.802691,41.1428571428571,22.5324597142857,27.4285714285714,141,,,,,702649,2015-02-08,5300108,Brasilia,DF,2015,6
1422748800000,201505,214.0,214,214.0,214,0.99999964,7.0045686,0,3,530010820150519589,2023-08-20,Brasília,0,1.7334651,3055149,18.0,88.5714285714286,1,1,1,70.6312791428571,46.4285714285714,21.8600745714286,26.0,157,,,,,702649,2015-02-01,5300108,Brasilia,DF,2015,5
1422144000000,201504,166.0,166,166.0,166,0.99997085,5.43345,0,1,530010820150419589,2023-08-20,Brasília,0,1.647146,3055149,17.7142857142857,94.8571428571429,1,1,1,72.687755,46.0,21.8853057142857,27.1428571428571,122,,,,,702649,2015-01-25,5300108,Brasilia,DF,2015,4
1421539200000,201503,111.0,111,111.0,111,0.9656743,3.6332107,0,1,530010820150319589,2023-08-20,Brasília,0,1.2972803,3055149,18.4285714285714,83.2857142857143,0,1,1,60.6201637142857,31.2857142857143,23.1567552857143,29.1428571428571,74,,,,,702649,2015-01-18,5300108,Brasilia,DF,2015,3
1420934400000,201502,87.0,87,87.0,87,0.9754372,2.8476517,0,1,530010820150219589,2023-08-20,Brasília,0,1.3805021,3055149,18.5714285714286,77.1428571428571,0,0,0,50.7448981428571,21.5714285714286,24.6224488571429,30.0,59,,,,,702649,2015-01-11,5300108,Brasilia,DF,2015,2
1420329600000,201501,115.0,115,115.0,115,0.9999999,3.7641373,0,1,530010820150119589,2023-08-20,Brasília,0,2.3152666,3055149,18.5714285714286,81.2857142857143,0,1,1,58.0342871428571,27.2857142857143,24.0890255714286,30.1428571428571,62,,,,,702649,2015-01-04,5300108,Brasilia,DF,2015,1
1419724800000,201453,41.0,41,41.0,41,0.2383439,1.3419968,0,1,530010820145319589,2023-08-20,Brasília,0,0.86014587,3055149,19.5714285714286,79.2857142857143,0,0,0,56.4904285714286,28.0,25.3328994285714,31.2857142857143,70,,,,,702649,2014-12-28,5300108,Brasilia,DF,2014,53
1419120000000,201452,46.0,46,46.0,46,0.44261277,1.5056549,0,1,530010820145219589,2023-08-20,Brasília,0,0.97069544,3055149,20.2857142857143,85.2857142857143,0,0,0,67.0388671428571,38.7142857142857,24.0076002857143,28.2857142857143,27,,,,,702649,2014-12-21,5300108,Brasilia,DF,2014,52
1418515200000,201451,52.0,52,52.0,52,0.6478179,1.7020446,0,1,530010820145119589,2023-08-20,Brasília,0,1.0784411,3055149,20.2857142857143,91.5714285714286,1,0,0,76.6791265714286,48.1428571428571,23.1513462857143,27.5714285714286,18,,,,,702649,2014-12-14,5300108,Brasilia,DF,2014,51
1417910400000,201450,44.0,44,44.0,44,0.1014248,1.4401916,0,1,530010820145019589,2023-08-20,Brasília,0,0.7758805,3055149,19.7142857142857,87.4285714285714,0,0,0,75.6467557142857,51.5714285714286,21.6147557142857,25.1428571428571,18,,,,,702649,2014-12-07,5300108,Brasilia,DF,2014,50
1417305600000,201449,51.0,51,51.0,51,0.036258627,1.6693131,0,1,530010820144919589,2023-08-20,Brasília,0,0.72136205,3055149,19.5714285714286,87.2857142857143,0,0,0,70.9073905714286,44.1428571428571,22.5436531428571,27.0,26,,,,,702649,2014-11-30,5300108,Brasilia,DF,2014,49
1416700800000,201448,37.0,37,37.0,37,0.0005206394,1.2110702,0,1,530010820144819589,2023-08-20,Brasília,0,0.52412415,3055149,19.7142857142857,90.7142857142857,1,0,0,73.7014085714286,38.2857142857143,22.7467577142857,27.5714285714286,11,,,,,702649,2014-11-23,5300108,Brasilia,DF,2014,48
1416096000000,201447,95.0,95,95.0,95,0.9982655,3.1095047,0,1,530010820144719589,2023-08-20,Brasília,0,1.6102551,3055149,20.0,80.1428571428571,0,1,1,62.0314897142857,35.5714285714286,23.9725545714286,29.0,16,,,,,702649,2014-11-16,5300108,Brasilia,DF,2014,47
1415491200000,201446,74.0,74,74.0,74,0.98888874,2.4221404,0,1,530010820144619589,2023-08-20,Brasília,0,1.5153162,3055149,20.4285714285714,85.1428571428571,0,0,0,69.7232632857143,41.0,23.4804765714286,27.8571428571429,24,,,,,702649,2014-11-09,5300108,Brasilia,DF,2014,46
1414886400000,201445,55.0,55,55.0,55,0.8754898,1.8002396,0,1,530010820144519589,2023-08-20,Brasília,0,1.26106,3055149,20.4285714285714,81.5714285714286,0,0,0,59.1109688571429,26.5714285714286,24.9634501428571,30.8571428571429,11,,,,,702649,2014-11-02,5300108,Brasilia,DF,2014,45
1414281600000,201444,48.0,48,48.0,48,0.717028,1.5711181,0,1,530010820144419589,2023-08-20,Brasília,0,1.1277146,3055149,18.7142857142857,86.7142857142857,0,0,0,69.1197214285714,40.7142857142857,22.9397954285714,28.4285714285714,13,,,,,702649,2014-10-26,5300108,Brasilia,DF,2014,44
1413676800000,201443,41.0,41,41.0,41,0.3174218,1.3419968,0,1,530010820144319589,2023-08-20,Brasília,0,0.9032423,3055149,21.0,71.1428571428571,0,0,0,51.6806957142857,24.8571428571429,25.3099822857143,30.5714285714286,8,,,,,702649,2014-10-19,5300108,Brasilia,DF,2014,43
1413072000000,201442,42.0,42,42.0,42,0.18438087,1.3747283,0,1,530010820144219589,2023-08-20,Brasília,0,0.8299741,3055149,18.8571428571429,56.1428571428571,0,0,0,29.4879067142857,8.57142857142857,27.5274,34.7142857142857,15,,,,,702649,2014-10-12,5300108,Brasilia,DF,2014,42
1412467200000,201441,42.0,42,42.0,42,0.15173599,1.3747283,0,1,530010820144119589,2023-08-20,Brasília,0,0.8089565,3055149,17.5714285714286,54.2857142857143,0,0,0,33.6224492857143,11.5714285714286,24.1836735714286,30.4285714285714,16,,,,,702649,2014-10-05,5300108,Brasilia,DF,2014,41
1411862400000,201440,53.0,53,53.0,53,0.6951739,1.7347763,0,1,530010820144019589,2023-08-20,Brasília,0,1.106615,3055149,20.2857142857143,68.8571428571429,0,0,0,47.508461,20.8571428571429,25.6130834285714,31.8571428571429,11,,,,,702649,2014-09-28,5300108,Brasilia,DF,2014,40
1411257600000,201439,60.0,60,60.0,60,0.8942066,1.9638977,0,1,530010820143919589,2023-08-20,Brasília,0,1.2729158,3055149,21.1428571428571,69.0,0,0,0,46.7214994285714,19.7142857142857,26.0149544285714,31.7142857142857,16,,,,,702649,2014-09-21,5300108,Brasilia,DF,2014,39
1410652800000,201438,43.0,43,43.0,43,0.21985048,1.40746,0,1,530010820143819589,2023-08-20,Brasília,0,0.85263956,3055149,18.2857142857143,62.1428571428571,0,0,0,33.3552531428571,10.7142857142857,26.3418368571429,32.8571428571429,10,,,,,702649,2014-09-14,5300108,Brasilia,DF,2014,38
1410048000000,201437,41.0,41,41.0,41,0.082260184,1.3419968,0,1,530010820143719589,2023-08-20,Brasília,0,0.7522694,3055149,16.2857142857143,57.0,0,0,0,35.1071425714286,12.4285714285714,23.2499997142857,29.5714285714286,20,,,,,702649,2014-09-07,5300108,Brasilia,DF,2014,37
1409443200000,201436,60.0,60,60.0,60,0.26981604,1.9638977,0,1,530010820143619589,2023-08-20,Brasília,0,0.8970648,3055149,19.4285714285714,73.0,0,0,0,47.2049047142857,20.4285714285714,24.8238971428571,30.8571428571429,21,,,,,702649,2014-08-31,5300108,Brasilia,DF,2014,36
1408838400000,201435,43.0,43,43.0,43,1.22863e-05,1.40746,0,1,530010820143519589,2023-08-20,Brasília,0,0.4716878,3055149,16.4285714285714,60.4285714285714,0,0,0,34.8724491428571,10.1428571428571,24.3877548571429,31.5714285714286,20,,,,,702649,2014-08-24,5300108,Brasilia,DF,2014,35
1408233600000,201434,64.0,64,64.0,64,7.276e-07,2.094824,0,1,530010820143419589,2023-08-20,Brasília,0,0.49105707,3055149,13.8571428571429,71.2857142857143,0,0,0,41.7519352857143,14.0,21.7931032857143,28.4285714285714,24,,,,,702649,2014-08-17,5300108,Brasilia,DF,2014,34
1407628800000,201433,85.0,85,85.0,85,8e-10,2.7821884,0,1,530010820143319589,2023-08-20,Brasília,0,0.46641028,3055149,13.8571428571429,71.0,0,0,0,40.5595781428571,14.4285714285714,21.5458335714286,28.2857142857143,56,,,,,702649,2014-08-10,5300108,Brasilia,DF,2014,33
1407024000000,201432,116.0,116,116.0,116,0.0,3.7968688,0,1,530010820143219589,2023-08-20,Brasília,0,0.48786002,3055149,14.1428571428571,68.0,0,0,1,40.7653051428571,13.2857142857143,21.5969388571429,28.2857142857143,57,,,,,702649,2014-08-03,5300108,Brasilia,DF,2014,32
1406419200000,201431,191.0,191,191.0,191,6.099e-07,6.251741,0,1,530010820143119589,2023-08-20,Brasília,0,0.6414776,3055149,14.8571428571429,80.8571428571429,0,0,1,60.4843962857143,35.7142857142857,19.6590917142857,25.1428571428571,104,,,,,702649,2014-07-27,5300108,Brasilia,DF,2014,31
1405814400000,201430,231.0,231,231.0,231,5.383e-07,7.561006,0,1,530010820143019589,2023-08-20,Brasília,0,0.664077,3055149,15.5714285714286,77.8571428571429,0,0,1,55.2837485714286,28.8571428571429,20.8577097142857,26.4285714285714,113,,,,,702649,2014-07-20,5300108,Brasilia,DF,2014,30
1405209600000,201429,291.0,291,291.0,291,0.000440651,9.524903,0,1,530010820142919589,2023-08-20,Brasília,0,0.7723477,3055149,13.5714285714286,77.8571428571429,0,0,1,50.6938775714286,19.4285714285714,20.357143,27.0,142,,,,,702649,2014-07-13,5300108,Brasilia,DF,2014,29
1404604800000,201428,391.0,391,391.0,391,0.13026462,12.798066,0,1,530010820142819589,2023-08-20,Brasília,0,0.92417055,3055149,14.5714285714286,74.5714285714286,0,0,1,50.923469,21.8571428571429,20.8520405714286,26.1428571428571,232,,,,,702649,2014-07-06,5300108,Brasilia,DF,2014,28
1404000000000,201427,352.0,352,352.0,352,5.2e-09,11.521533,0,1,530010820142719589,2023-08-20,Brasília,0,0.676346,3055149,13.1428571428571,77.4285714285714,0,0,1,48.0728351428571,17.4285714285714,20.9090431428571,27.8571428571429,250,,,,,702649,2014-06-29,5300108,Brasilia,DF,2014,27
1403395200000,201426,399.0,399,399.0,399,0.0,13.059919,0,1,530010820142619589,2023-08-20,Brasília,0,0.5886807,3055149,13.2857142857143,80.8571428571429,0,0,1,54.574489,24.1428571428571,19.9792517142857,26.5714285714286,274,,,,,702649,2014-06-22,5300108,Brasilia,DF,2014,26
1402790400000,201425,491.0,491,491.0,491,0.0,16.07123,0,4,530010820142519589,2023-08-20,Brasília,0,0.56620854,3055149,15.7142857142857,81.2857142857143,0,0,2,59.2356225714286,28.2857142857143,21.2226344285714,26.5714285714286,374,,,,,702649,2014-06-15,5300108,Brasilia,DF,2014,25
1402185600000,201424,642.0,642,642.0,642,0.0,21.013704,0,4,530010820142419589,2023-08-20,Brasília,0,0.62524706,3055149,15.7142857142857,78.2857142857143,0,0,2,57.1260028571429,28.7142857142857,21.0147077142857,26.4285714285714,464,,,,,702649,2014-06-08,5300108,Brasilia,DF,2014,24
1401580800000,201423,904.0,904,904.0,904,3.866e-07,29.589392,0,4,530010820142319589,2023-08-20,Brasília,0,0.80254287,3055149,16.8571428571429,81.4285714285714,0,0,2,61.0873571428571,30.0,21.9909217142857,27.7142857142857,659,,,,,702649,2014-06-01,5300108,Brasilia,DF,2014,23
1400976000000,201422,1061.0,1061,1061.0,1061,0.012281036,34.728256,0,4,530010820142219589,2023-08-20,Brasília,0,0.909105,3055149,16.1428571428571,79.0,0,0,2,58.0800491428571,28.8571428571429,21.9535537142857,28.1428571428571,794,,,,,702649,2014-05-25,5300108,Brasilia,DF,2014,22
1400371200000,201421,1157.0,1157,1157.0,1157,0.5394791,37.870495,0,4,530010820142119589,2023-08-20,Brasília,0,1.0041331,3055149,18.0,81.2857142857143,0,0,2,57.814059,28.7142857142857,23.2891152857143,28.5714285714286,825,,,,,702649,2014-05-18,5300108,Brasilia,DF,2014,21
1399766400000,201420,1199.0,1199,1199.0,1199,0.9863106,39.24522,0,4,530010820142019589,2023-08-20,Brasília,0,1.0965666,3055149,15.7142857142857,79.2857142857143,0,1,2,56.2071052857143,28.1428571428571,21.6887757142857,27.1428571428571,938,,,,,702649,2014-05-11,5300108,Brasilia,DF,2014,20
1399161600000,201419,1189.0,1189,1189.0,1189,0.99996024,38.917904,0,4,530010820141919589,2023-08-20,Brasília,0,1.1838561,3055149,17.0,81.7142857142857,0,1,2,58.8106048571429,30.4285714285714,22.5957138571429,27.8571428571429,939,,,,,702649,2014-05-04,5300108,Brasilia,DF,2014,19
1398556800000,201418,1093.0,1093,1093.0,1093,0.9999903,35.77567,0,4,530010820141819589,2023-08-20,Brasília,0,1.2112229,3055149,14.5714285714286,80.4285714285714,0,1,2,58.2117348571429,29.1428571428571,20.994898,27.0,815,,,,,702649,2014-04-27,5300108,Brasilia,DF,2014,18
1397952000000,201417,1055.0,1055,1055.0,1055,1.0,34.531868,0,4,530010820141719589,2023-08-20,Brasília,0,1.2943836,3055149,19.4285714285714,83.0,0,1,2,70.4458207142857,42.1428571428571,23.1601132857143,27.8571428571429,657,,,,,702649,2014-04-20,5300108,Brasilia,DF,2014,17
1397347200000,201416,847.0,847,847.0,847,0.99915653,27.723688,0,4,530010820141619589,2023-08-20,Brasília,0,1.1720325,3055149,20.0,85.2857142857143,0,1,2,65.1334474285714,34.5714285714286,24.4886325714286,29.0,520,,,,,702649,2014-04-13,5300108,Brasilia,DF,2014,16
1396742400000,201415,863.0,863,863.0,863,1.0,28.247395,0,4,530010820141519589,2023-08-20,Brasília,0,1.3538163,3055149,20.5714285714286,88.2857142857143,1,1,2,70.485928,37.1428571428571,24.0806597142857,29.1428571428571,450,,,,,702649,2014-04-06,5300108,Brasilia,DF,2014,15
1396137600000,201414,714.0,714,714.0,714,0.99981874,23.370382,0,4,530010820141419589,2023-08-20,Brasília,0,1.2192763,3055149,20.1428571428571,89.2857142857143,1,1,2,74.6359222857143,46.0,23.0129837142857,28.0,387,,,,,702649,2014-03-30,5300108,Brasilia,DF,2014,14
1395532800000,201413,621.0,621,621.0,621,0.98257256,20.326342,0,4,530010820141319589,2023-08-20,Brasília,0,1.1313992,3055149,19.8571428571429,90.8571428571429,1,1,2,77.2736085714286,45.8571428571429,22.1759181428571,26.7142857142857,411,,,,,702649,2014-03-23,5300108,Brasilia,DF,2014,13
1394928000000,201412,561.0,561,561.0,561,0.9796718,18.362444,0,4,530010820141219589,2023-08-20,Brasília,0,1.1343818,3055149,19.5714285714286,85.2857142857143,0,1,2,67.9831368571429,38.7142857142857,23.3476074285714,29.2857142857143,367,,,,,702649,2014-03-16,5300108,Brasilia,DF,2014,12
1394323200000,201411,601.0,601,601.0,601,0.9999972,19.67171,0,4,530010820141119589,2023-08-20,Brasília,0,1.324481,3055149,19.8571428571429,83.8571428571429,0,1,2,63.4616961428571,34.4285714285714,24.1478344285714,28.8571428571429,397,,,,,702649,2014-03-09,5300108,Brasilia,DF,2014,11
1393718400000,201410,474.0,474,474.0,474,0.62778753,15.5147915,0,4,530010820141019589,2023-08-20,Brasília,0,1.0215074,3055149,19.8571428571429,89.7142857142857,1,0,2,74.45122,44.5714285714286,23.0490265714286,27.5714285714286,337,,,,,702649,2014-03-02,5300108,Brasilia,DF,2014,10
1393113600000,201409,428.0,428,428.0,428,0.0001105648,14.009137,0,4,530010820140919589,2023-08-20,Brasília,0,0.78835195,3055149,19.2857142857143,83.0,0,0,2,64.8678975714286,38.8571428571429,23.6188598571429,28.4285714285714,313,,,,,702649,2014-02-23,5300108,Brasilia,DF,2014,9
1392508800000,201408,446.0,446,446.0,446,5.9313e-06,14.598306,0,4,530010820140819589,2023-08-20,Brasília,0,0.7604874,3055149,19.1428571428571,92.4285714285714,1,0,2,76.7170394285714,51.0,22.0341674285714,26.4285714285714,306,,,,,702649,2014-02-16,5300108,Brasilia,DF,2014,8
1391904000000,201407,444.0,444,444.0,444,0.24205622,14.532843,0,4,530010820140719589,2023-08-20,Brasília,0,0.9546618,3055149,18.1428571428571,89.4285714285714,1,0,2,64.5335765714286,38.1428571428571,23.330237,28.4285714285714,316,,,,,702649,2014-02-09,5300108,Brasilia,DF,2014,7
1391299200000,201406,888.0,888,888.0,888,1.0,29.065685,0,3,530010820140619589,2023-08-20,Brasília,0,2.7102597,3055149,18.4285714285714,77.8571428571429,0,1,2,50.6020405714286,21.7142857142857,24.4540815714286,30.1428571428571,362,,,,,702649,2014-02-02,5300108,Brasilia,DF,2014,6
1390694400000,201405,342.0,342,342.0,342,0.9998892,11.194217,0,3,530010820140519589,2023-08-20,Brasília,0,1.3559927,3055149,18.5714285714286,79.5714285714286,0,1,1,59.0306118571429,32.8571428571429,23.2653058571429,28.5714285714286,235,,,,,702649,2014-01-26,5300108,Brasilia,DF,2014,5
1390089600000,201404,311.0,311,311.0,311,0.99999976,10.179536,0,3,530010820140419589,2023-08-20,Brasília,0,1.5719627,3055149,18.1428571428571,93.1428571428571,1,1,1,74.4857485714286,36.5714285714286,21.7493897142857,27.1428571428571,225,,,,,702649,2014-01-19,5300108,Brasilia,DF,2014,4
1389484800000,201403,252.0,252,252.0,252,0.99999994,8.24837,0,1,530010820140319589,2023-08-20,Brasília,0,1.7084359,3055149,19.0,84.8571428571429,0,1,1,61.93049,32.1428571428571,23.8968517142857,29.8571428571429,214,,,,,702649,2014-01-12,5300108,Brasilia,DF,2014,3
1388880000000,201402,210.0,210,210.0,210,0.9999987,6.873642,0,1,530010820140219589,2023-08-20,Brasília,0,1.6848685,3055149,18.2857142857143,83.8571428571429,0,1,1,55.7462791428571,25.7142857142857,24.1043958571429,29.7142857142857,162,,,,,702649,2014-01-05,5300108,Brasilia,DF,2014,2
1388275200000,201401,123.0,123,123.0,123,0.24335179,4.02599,0,2,530010820140119589,2023-08-20,Brasília,0,0.916995,3055149,18.5714285714286,89.8571428571429,1,0,1,65.0826708571429,34.4285714285714,24.1233797142857,29.8571428571429,126,,,,,702649,2013-12-29,5300108,Brasilia,DF,2014,1
