data_iniSE,se_codigo,casos_est,casos_est_min,casos_est_max,casos,p_rt1,p_inc100k,Localidade_id,nivel,id,versao_modelo,municipio_nome,tweet,Rt,pop,tempmin,umidmax,receptivo,transmissao,nivel_inc,umidmed,umidmin,tempmed,tempmax,casprov,casprov_est,casprov_est_min,casprov_est_max,casconf,notif_accum_year,data_ini_se,cod_ibge,municipio,uf,ano,semana
1786233600000,202632,0.0,0,0,0,0.0,0.0,0,1,520549720263220683,2026-08-18,Cidade Ocidental,,0.0,84581,0.0,0.0,0,0,0,0.0,0.0,0.0,0.0,0,,,,,11050,2026-08-09,5205497,Cidade Ocidental,GO,2026,32
1785628800000,202631,0.0,0,0,0,0.0,0.0,0,1,520549720263120683,2026-08-18,Cidade Ocidental,,0.0,84581,16.5397666666667,42.791,0,0,0,37.4649333333333,33.6504166666667,17.9056833333333,19.21145,0,,,,,11050,2026-08-02,5205497,Cidade Ocidental,GO,2026,31
1785024000000,202630,1.0,1,1,1,0.8119555,1.1822987,0,1,520549720263020683,2026-08-18,Cidade Ocidental,,3.327484,84581,22.6824571428571,42.8268,0,0,0,42.8268,42.8268,22.6824571428571,22.6824571428571,1,,,,,11050,2026-07-26,5205497,Cidade Ocidental,GO,2026,30
1784419200000,202629,1.0,1,1,1,0.92503715,1.1822987,0,1,520549720262920683,2026-08-18,Cidade Ocidental,,8.895471,84581,20.7801428571429,48.6814428571429,0,0,0,48.6814428571429,48.6814428571429,20.7801428571429,20.7801428571429,0,,,,,11050,2026-07-19,5205497,Cidade Ocidental,GO,2026,29
1783814400000,202628,0.0,0,0,0,0.0,0.0,0,1,520549720262820683,2026-08-18,Cidade Ocidental,,0.0,84581,20.3649857142857,53.9610857142857,0,0,0,53.9610857142857,53.9610857142857,20.3649857142857,20.3649857142857,0,,,,,11050,2026-07-12,5205497,Cidade Ocidental,GO,2026,28
1783209600000,202627,0.0,0,0,0,0.0,0.0,0,1,520549720262720683,2026-08-18,Cidade Ocidental,,0.0,84581,20.7439,52.3641857142857,0,0,0,52.3641857142857,52.3641857142857,20.7439,20.7439,0,,,,,11050,2026-07-05,5205497,Cidade Ocidental,GO,2026,27
1782604800000,202626,0.0,0,0,0,0.0,0.0,0,1,520549720262620683,2026-08-18,Cidade Ocidental,,0.0,84581,19.0081857142857,61.9104571428571,0,0,0,61.9104571428571,61.9104571428571,19.0081857142857,19.0081857142857,0,,,,,11050,2026-06-28,5205497,Cidade Ocidental,GO,2026,26
1782000000000,202625,1.0,1,1,1,0.5557628,1.1822987,0,1,520549720262520683,2026-08-18,Cidade Ocidental,,1.1799984,84581,20.6833428571429,64.7481,0,0,0,64.7481,64.7481,20.6833428571429,20.6833428571429,1,,,,,11050,2026-06-21,5205497,Cidade Ocidental,GO,2026,25
1781395200000,202624,1.0,1,1,1,0.41615137,1.1822987,0,1,520549720262420683,2026-08-18,Cidade Ocidental,,0.7906265,84581,20.3839,72.4285,0,0,0,72.4285,72.4285,20.3839,20.3839,0,,,,,11050,2026-06-14,5205497,Cidade Ocidental,GO,2026,24
1780790400000,202623,0.0,0,0,0,0.0,0.0,0,1,520549720262320683,2026-08-18,Cidade Ocidental,,0.0,84581,17.2944142857143,78.8754142857143,0,0,0,72.8123142857143,66.9378428571429,18.8140571428571,20.4934571428571,0,,,,,11050,2026-06-07,5205497,Cidade Ocidental,GO,2026,23
1780185600000,202622,2.0,2,2,2,0.47953176,2.3645973,0,1,520549720262220683,2026-08-18,Cidade Ocidental,,0.9552417,84581,14.9752714285714,84.6689142857143,0,0,0,64.5241285714286,42.4803571428571,19.9619571428571,24.9590857142857,0,,,,,11050,2026-05-31,5205497,Cidade Ocidental,GO,2026,22
1779580800000,202621,1.0,1,1,1,0.26201004,1.1822987,0,1,520549720262120683,2026-08-18,Cidade Ocidental,,0.5175164,84581,16.9861714285714,87.9089857142857,0,0,0,67.6621571428571,46.4120714285714,21.3831142857143,26.0204285714286,0,,,,,11050,2026-05-24,5205497,Cidade Ocidental,GO,2026,21
1778976000000,202620,3.0,3,3,3,0.7677708,3.546896,0,1,520549720262020683,2026-08-18,Cidade Ocidental,,1.8900943,84581,18.5507714285714,85.9672714285714,0,0,0,65.7379285714286,43.7176571428571,22.7706285714286,27.3777714285714,2,,,,,11050,2026-05-17,5205497,Cidade Ocidental,GO,2026,20
1778371200000,202619,2.0,2,2,2,0.6329324,2.3645973,0,1,520549720261920683,2026-08-18,Cidade Ocidental,,1.3851047,84581,17.4428571428571,86.8142285714286,0,0,0,65.1908142857143,41.3717571428571,22.5130857142857,27.7930285714286,0,,,,,11050,2026-05-10,5205497,Cidade Ocidental,GO,2026,19
1777766400000,202618,1.0,1,1,1,0.44030693,1.1822987,0,1,520549720261820683,2026-08-18,Cidade Ocidental,,0.84500957,84581,21.7250857142857,63.7257142857143,0,0,0,63.7257142857143,63.7257142857143,21.7250857142857,21.7250857142857,0,,,,,11050,2026-05-03,5205497,Cidade Ocidental,GO,2026,18
1777161600000,202617,2.0,2,2,2,0.8019278,2.3645973,0,1,520549720261720683,2026-08-18,Cidade Ocidental,,2.4752557,84581,21.7917571428571,68.1573714285714,0,0,0,68.1573714285714,68.1573714285714,21.7917571428571,21.7917571428571,0,,,,,11050,2026-04-26,5205497,Cidade Ocidental,GO,2026,17
1776556800000,202616,1.0,1,1,1,0.65291905,1.1822987,0,1,520549720261620683,2026-08-18,Cidade Ocidental,,1.625953,84581,17.8731142857143,84.6336571428571,0,0,0,66.4221428571429,45.1142857142857,22.5662142857143,27.5665714285714,0,,,,,11050,2026-04-19,5205497,Cidade Ocidental,GO,2026,16
1775952000000,202615,1.0,1,1,1,0.5012872,1.1822987,0,1,520549720261520683,2026-08-18,Cidade Ocidental,,1.0037231,84581,18.3536714285714,91.3786714285714,1,0,0,75.4452714285714,56.1835428571429,21.9970428571429,26.0849285714286,1,,,,,11050,2026-04-12,5205497,Cidade Ocidental,GO,2026,15
1775347200000,202614,0.0,0,0,0,0.0,0.0,0,1,520549720261420683,2026-08-18,Cidade Ocidental,,0.0,84581,18.6312571428571,94.1157142857143,0,0,0,79.0936285714286,59.6429714285714,22.6561428571429,27.0421571428571,0,,,,,11050,2026-04-05,5205497,Cidade Ocidental,GO,2026,14
1774742400000,202613,1.0,1,1,1,0.05557479,1.1822987,0,2,520549720261320683,2026-08-18,Cidade Ocidental,,0.2398412,84581,18.1469714285714,92.6335142857143,1,0,0,77.2473,57.0362857142857,22.0275142857143,26.9302714285714,0,,,,,11050,2026-03-29,5205497,Cidade Ocidental,GO,2026,13
1774137600000,202612,1.0,1,1,1,0.029545678,1.1822987,0,2,520549720261220683,2026-08-18,Cidade Ocidental,,0.19681518,84581,18.4024,94.6479428571429,1,0,0,78.9195857142857,59.7487714285714,22.1627,26.5041,0,,,,,11050,2026-03-22,5205497,Cidade Ocidental,GO,2026,12
1773532800000,202611,5.0,5,5,5,0.53181154,5.9114933,0,2,520549720261120683,2026-08-18,Cidade Ocidental,,1.0501724,84581,19.4917428571429,96.8794857142857,1,0,0,83.2735714285714,61.1540857142857,22.7083,27.1618428571429,1,,,,,11050,2026-03-15,5205497,Cidade Ocidental,GO,2026,11
1772928000000,202610,7.0,7,7,7,0.6845571,8.276091,0,2,520549720261020683,2026-08-18,Cidade Ocidental,,1.3037204,84581,18.9811571428571,97.3198142857143,1,0,1,83.1736428571429,61.0379285714286,22.6204571428571,27.5557428571429,0,,,,,11050,2026-03-08,5205497,Cidade Ocidental,GO,2026,10
1772323200000,202609,3.0,3,3,3,0.06999276,3.546896,0,2,520549720260920683,2026-08-18,Cidade Ocidental,,0.3995884,84581,19.1829142857143,94.9564428571429,1,0,0,78.2013,58.6617571428571,22.9887714285714,27.3412,0,,,,,11050,2026-03-01,5205497,Cidade Ocidental,GO,2026,9
1771718400000,202608,5.0,5,5,5,0.17677565,5.9114933,0,2,520549720260820683,2026-08-18,Cidade Ocidental,,0.60584164,84581,19.5322285714286,94.7387428571429,1,0,0,84.0307285714286,69.9062285714286,21.8518,25.3574714285714,1,,,,,11050,2026-02-22,5205497,Cidade Ocidental,GO,2026,8
1771113600000,202607,6.0,6,6,6,0.6092129,7.093792,0,2,520549720260720683,2026-08-18,Cidade Ocidental,,1.1740273,84581,18.8855285714286,91.2326428571429,1,0,1,74.3862857142857,55.3026571428571,22.9023142857143,27.2996428571429,0,,,,,11050,2026-02-15,5205497,Cidade Ocidental,GO,2026,7
1770508800000,202606,15.0,15,15,15,0.99957323,17.73448,0,2,520549720260620683,2026-08-18,Cidade Ocidental,,6.526364,84581,18.4728714285714,95.8255285714286,1,1,1,80.2624142857143,61.2447714285714,22.1148285714286,26.1619857142857,0,,,,,11050,2026-02-08,5205497,Cidade Ocidental,GO,2026,6
1769904000000,202605,2.0,2,2,2,0.5439486,2.3645973,0,2,520549720260520683,2026-08-18,Cidade Ocidental,,1.106696,84581,19.4278,95.5448714285714,1,0,0,83.4170142857143,62.8518,22.3568571428571,26.6725285714286,0,,,,,11050,2026-02-01,5205497,Cidade Ocidental,GO,2026,5
1769299200000,202604,1.0,1,1,1,0.2134344,1.1822987,0,2,520549720260420683,2026-08-18,Cidade Ocidental,,0.44880575,84581,18.7344,95.0504285714286,1,0,0,79.6577428571428,57.8451,22.5896571428571,27.6726714285714,0,,,,,11050,2026-01-25,5205497,Cidade Ocidental,GO,2026,4
1768694400000,202603,2.0,2,2,2,0.38502446,2.3645973,0,2,520549720260320683,2026-08-18,Cidade Ocidental,,0.7785766,84581,19.0845142857143,94.7387857142857,1,0,0,85.2508142857143,73.4264857142857,21.3304428571429,23.8179,0,,,,,11050,2026-01-18,5205497,Cidade Ocidental,GO,2026,3
1768089600000,202602,2.0,2,2,2,0.44114903,2.3645973,0,2,520549720260220683,2026-08-18,Cidade Ocidental,,0.87819666,84581,18.3131714285714,90.4624714285714,1,0,0,70.283,49.9296142857143,23.1712857142857,27.8728142857143,1,,,,,11050,2026-01-11,5205497,Cidade Ocidental,GO,2026,2
1767484800000,202601,3.0,3,3,3,0.81266683,3.546896,0,1,520549720260120683,2026-08-18,Cidade Ocidental,,2.222305,84581,18.8661571428571,95.2164857142857,1,0,0,81.1169714285714,60.5476571428571,21.7561,25.6195857142857,0,,,,,11050,2026-01-04,5205497,Cidade Ocidental,GO,2026,1
1766880000000,202553,3.0,3,3,3,0.91319513,3.546896,0,1,520549720255320683,2026-08-18,Cidade Ocidental,,3.9330544,84581,19.9702142857143,93.1353857142857,1,0,0,76.0384714285714,55.9348571428571,24.224,28.9904142857143,0,,,,,11050,2025-12-28,5205497,Cidade Ocidental,GO,2025,53
1766275200000,202552,1.0,1,1,1,0.48451325,1.1822987,0,1,520549720255220683,2026-08-18,Cidade Ocidental,,0.95657897,84581,18.6338142857143,89.5869285714286,0,0,0,68.8650857142857,50.1998285714286,23.5155428571429,28.3745714285714,0,,,,,11050,2025-12-21,5205497,Cidade Ocidental,GO,2025,52
1765670400000,202551,0.0,0,0,0,0.0,0.0,0,1,520549720255120683,2026-08-18,Cidade Ocidental,,0.0,84581,19.8933714285714,96.0635,0,0,0,84.6000285714286,65.7629714285714,22.3407285714286,25.7984142857143,0,,,,,11050,2025-12-14,5205497,Cidade Ocidental,GO,2025,51
1765065600000,202550,1.0,1,1,1,0.34096187,1.1822987,0,2,520549720255020683,2026-08-18,Cidade Ocidental,,0.64419806,84581,19.1698142857143,94.3358428571429,1,0,0,82.4782285714286,64.0488857142857,22.0697714285714,26.4260857142857,0,,,,,11050,2025-12-07,5205497,Cidade Ocidental,GO,2025,50
1764460800000,202549,2.0,2,2,2,0.5992984,2.3645973,0,1,520549720254920683,2026-08-18,Cidade Ocidental,,1.2676871,84581,19.7943571428571,93.3865571428571,1,0,0,80.4460714285714,61.0949714285714,22.6250714285714,26.3722571428571,0,,,,,11050,2025-11-30,5205497,Cidade Ocidental,GO,2025,49
1763856000000,202548,2.0,2,2,2,0.51681495,2.3645973,0,1,520549720254820683,2026-08-18,Cidade Ocidental,,1.0389842,84581,18.9817714285714,95.0242714285714,1,0,0,76.4748428571429,53.1191428571429,22.8552,27.4525285714286,0,,,,,11050,2025-11-23,5205497,Cidade Ocidental,GO,2025,48
1763251200000,202547,0.0,0,0,0,0.0,0.0,0,1,520549720254720683,2026-08-18,Cidade Ocidental,,0.0,84581,20.0352142857143,81.6781285714286,0,0,0,59.3284428571429,39.2696857142857,24.6610714285714,29.4617428571429,0,,,,,11050,2025-11-16,5205497,Cidade Ocidental,GO,2025,47
1762646400000,202546,4.0,4,4,4,0.7516988,4.7291946,0,1,520549720254620683,2026-08-18,Cidade Ocidental,,1.6662368,84581,19.7007142857143,83.5260571428571,0,0,0,65.5197142857143,47.0994,23.9531714285714,28.7561571428571,0,,,,,11050,2025-11-09,5205497,Cidade Ocidental,GO,2025,46
1762041600000,202545,0.0,0,0,0,0.0,0.0,0,1,520549720254520683,2026-08-18,Cidade Ocidental,,0.0,84581,19.8186428571429,94.0788,0,0,0,74.9144571428571,54.2942,23.8246428571429,28.5351857142857,0,,,,,11050,2025-11-02,5205497,Cidade Ocidental,GO,2025,45
1761436800000,202544,4.0,4,4,4,0.4410635,4.7291946,0,1,520549720254420683,2026-08-18,Cidade Ocidental,,0.9072548,84581,20.3354142857143,77.7943714285714,0,0,0,53.7326571428571,35.8579428571429,25.2666428571429,30.3238285714286,0,,,,,11050,2025-10-26,5205497,Cidade Ocidental,GO,2025,44
1760832000000,202543,1.0,1,1,1,0.025945371,1.1822987,0,1,520549720254320683,2026-08-18,Cidade Ocidental,,0.1898117,84581,17.3936428571429,81.6979714285714,0,0,0,63.1356142857143,44.9603142857143,21.1867428571429,25.4041,0,,,,,11050,2025-10-19,5205497,Cidade Ocidental,GO,2025,43
1760227200000,202542,6.0,6,6,6,0.5318094,7.093792,0,1,520549720254220683,2026-08-18,Cidade Ocidental,,1.0459938,84581,20.4637428571429,80.1079428571429,0,0,1,57.1504142857143,37.4858571428571,25.2374428571429,30.5964285714286,0,,,,,11050,2025-10-12,5205497,Cidade Ocidental,GO,2025,42
1759622400000,202541,5.0,5,5,5,0.28529757,5.9114933,0,1,520549720254120683,2026-08-18,Cidade Ocidental,,0.7264621,84581,20.5249285714286,50.0248714285714,0,0,0,34.3839571428571,21.7239428571429,26.5661428571429,32.5407428571429,1,,,,,11050,2025-10-05,5205497,Cidade Ocidental,GO,2025,41
1759017600000,202540,6.0,6,6,6,0.19722594,7.093792,0,1,520549720254020683,2026-08-18,Cidade Ocidental,,0.6508985,84581,18.0158,48.8479714285714,0,0,1,31.3756571428571,17.6745285714286,24.8834,31.6370714285714,0,,,,,11050,2025-09-28,5205497,Cidade Ocidental,GO,2025,40
1758412800000,202539,5.0,5,5,5,0.07563168,5.9114933,0,1,520549720253920683,2026-08-18,Cidade Ocidental,,0.47994584,84581,19.3571142857143,78.4956285714286,0,0,0,57.3832285714286,36.9345,24.2829285714286,29.5629,0,,,,,11050,2025-09-21,5205497,Cidade Ocidental,GO,2025,39
1757808000000,202538,10.0,10,10,10,0.65309507,11.822987,0,1,520549720253820683,2026-08-18,Cidade Ocidental,,1.1972177,84581,20.3032571428571,60.4972571428571,0,0,1,43.0270857142857,26.1443714285714,25.5966571428571,31.3378285714286,1,,,,,11050,2025-09-14,5205497,Cidade Ocidental,GO,2025,38
1757203200000,202537,13.0,13,13,13,0.97453994,15.369883,0,1,520549720253720683,2026-08-18,Cidade Ocidental,,2.573959,84581,18.6772571428571,42.0028,0,1,1,28.3910857142857,17.0209,25.4854285714286,32.2624428571429,1,,,,,11050,2025-09-07,5205497,Cidade Ocidental,GO,2025,37
1756598400000,202536,10.0,10,10,10,0.9441766,11.822987,0,1,520549720253620683,2026-08-18,Cidade Ocidental,,2.3470206,84581,17.9471285714286,58.1944857142857,0,0,1,42.4753714285714,28.7357428571429,22.8594142857143,27.9486142857143,3,,,,,11050,2025-08-31,5205497,Cidade Ocidental,GO,2025,36
1755993600000,202535,2.0,2,2,2,0.08992863,2.3645973,0,1,520549720253520683,2026-08-18,Cidade Ocidental,,0.37358677,84581,17.7097428571429,52.0709142857143,0,0,0,37.3824571428571,24.2612285714286,23.5954,29.4471857142857,1,,,,,11050,2025-08-24,5205497,Cidade Ocidental,GO,2025,35
1755388800000,202534,3.0,3,3,3,0.17834671,3.546896,0,1,520549720253420683,2026-08-18,Cidade Ocidental,,0.5414904,84581,15.6003,50.7074285714286,0,0,0,34.4368857142857,19.3845428571429,22.3430285714286,29.1591285714286,0,,,,,11050,2025-08-17,5205497,Cidade Ocidental,GO,2025,34
1754784000000,202533,7.0,7,7,7,0.7886036,8.276091,0,1,520549720253320683,2026-08-18,Cidade Ocidental,,1.5893837,84581,14.8930285714286,55.5893285714286,0,0,1,38.4651142857143,23.8380142857143,21.4212857142857,28.1797571428571,1,,,,,11050,2025-08-10,5205497,Cidade Ocidental,GO,2025,33
1754179200000,202532,6.0,6,6,6,0.79626304,7.093792,0,1,520549720253220683,2026-08-18,Cidade Ocidental,,1.6832466,84581,15.2979,63.1829142857143,0,0,1,45.1643,28.6579142857143,21.1673285714286,26.9693428571429,2,,,,,11050,2025-08-03,5205497,Cidade Ocidental,GO,2025,32
1753574400000,202531,5.0,5,5,5,0.6566959,5.9114933,0,1,520549720253120676,2026-08-11,Cidade Ocidental,,1.2963923,84581,15.4153428571429,62.8376714285714,0,0,0,45.3454285714286,27.7053857142857,21.4077571428571,27.6162714285714,0,,,,,11050,2025-07-27,5205497,Cidade Ocidental,GO,2025,31
1752969600000,202530,1.0,1,1,1,0.071967706,1.1822987,0,1,520549720253020671,2026-08-06,Cidade Ocidental,,0.26340005,84581,15.0148714285714,68.0172285714286,0,0,0,46.5228428571429,29.2357142857143,21.2997285714286,27.5775714285714,0,,,,,11050,2025-07-20,5205497,Cidade Ocidental,GO,2025,30
1752364800000,202529,6.0,6,6,6,0.8191427,7.093792,0,1,520549720252920662,2026-07-28,Cidade Ocidental,,1.7884803,84581,13.2546428571429,70.3306428571428,0,0,1,50.0980571428571,30.8032,18.9924571428571,24.8875285714286,1,,,,,11050,2025-07-13,5205497,Cidade Ocidental,GO,2025,29
1751760000000,202528,3.0,3,3,3,0.4969577,3.546896,0,1,520549720252820654,2026-07-20,Cidade Ocidental,,0.99421906,84581,13.8920857142857,68.9928285714286,0,0,0,51.9224857142857,34.2274857142857,18.8979428571429,24.2784142857143,0,,,,,11050,2025-07-06,5205497,Cidade Ocidental,GO,2025,28
1751155200000,202527,4.0,4,4,4,0.6626746,4.7291946,0,1,520549720252720647,2026-07-13,Cidade Ocidental,,1.3513505,84581,14.0226857142857,73.3179142857143,0,0,0,54.3947571428571,34.8896428571429,19.6090714285714,25.4198714285714,1,,,,,11050,2025-06-29,5205497,Cidade Ocidental,GO,2025,27
1750550400000,202526,2.0,2,2,2,0.33809766,2.3645973,0,1,520549720252620642,2026-07-08,Cidade Ocidental,,0.70440376,84581,14.8272142857143,84.9962571428571,0,0,0,61.8039571428571,38.2338714285714,20.3382142857143,26.4342857142857,1,,,,,11050,2025-06-22,5205497,Cidade Ocidental,GO,2025,26
1749945600000,202525,4.0,4,4,4,0.62650836,4.7291946,0,1,520549720252520636,2026-07-02,Cidade Ocidental,,1.2557015,84581,14.5010285714286,74.8153,0,0,0,57.1464,36.9266142857143,19.4039142857143,24.8537571428571,1,,,,,11050,2025-06-15,5205497,Cidade Ocidental,GO,2025,25
1749340800000,202524,2.0,2,2,2,0.15947369,2.3645973,0,1,520549720252420627,2026-06-23,Cidade Ocidental,,0.46456122,84581,15.6200285714286,81.7628857142857,0,0,0,61.1286857142857,39.6084428571429,20.5333714285714,25.8359285714286,1,,,,,11050,2025-06-08,5205497,Cidade Ocidental,GO,2025,24
1748736000000,202523,3.0,3,3,3,0.10500026,3.546896,0,1,520549720252320621,2026-06-17,Cidade Ocidental,,0.4492791,84581,16.4182714285714,84.8611857142857,0,0,0,65.7853571428571,44.1226714285714,21.3539714285714,26.7578,1,,,,,11050,2025-06-01,5205497,Cidade Ocidental,GO,2025,23
1748131200000,202522,4.0,4,4,4,0.045455083,4.7291946,0,1,520549720252220619,2026-06-15,Cidade Ocidental,,0.39872015,84581,15.5111285714286,83.6761285714286,0,0,0,65.2615142857143,43.6212,20.5182142857143,25.8440714285714,0,,,,,11050,2025-05-25,5205497,Cidade Ocidental,GO,2025,22
1747526400000,202521,5.0,5,5,5,0.058075428,5.9114933,0,1,520549720252120608,2026-06-04,Cidade Ocidental,,0.4526335,84581,14.8006428571429,82.8326857142857,0,0,0,64.2308714285714,42.7664857142857,19.9655714285714,25.4749142857143,4,,,,,11050,2025-05-18,5205497,Cidade Ocidental,GO,2025,21
1746921600000,202520,11.0,11,11,11,0.742253,13.005285,0,1,520549720252020599,2026-05-26,Cidade Ocidental,,1.3388294,84581,17.2302714285714,82.6465142857143,0,0,1,67.7291571428571,49.1829,20.8726714285714,24.8901142857143,4,,,,,11050,2025-05-11,5205497,Cidade Ocidental,GO,2025,20
1746316800000,202519,16.0,16,16,16,0.9920071,18.916779,0,1,520549720251920592,2026-05-19,Cidade Ocidental,,2.9900002,84581,16.8401285714286,83.7123857142857,0,1,1,66.4433285714286,46.9160285714286,21.5909285714286,26.5105857142857,2,,,,,11050,2025-05-04,5205497,Cidade Ocidental,GO,2025,19
1745712000000,202518,6.0,6,6,6,0.52318656,7.093792,0,2,520549720251820587,2026-05-14,Cidade Ocidental,,1.0332074,84581,18.6092571428571,95.1151,1,0,1,81.3842285714286,63.1610571428571,22.0567714285714,26.1230428571429,1,,,,,11050,2025-04-27,5205497,Cidade Ocidental,GO,2025,18
1745107200000,202517,5.0,5,5,5,0.056963332,5.9114933,0,1,520549720251720578,2026-05-05,Cidade Ocidental,,0.45078197,84581,19.2865714285714,92.9902428571429,1,0,0,77.1448285714286,57.4077428571429,23.1616142857143,27.4539285714286,2,,,,,11050,2025-04-20,5205497,Cidade Ocidental,GO,2025,17
1744502400000,202516,2.0,2,2,2,0.0002137914,2.3645973,0,1,520549720251620571,2026-04-28,Cidade Ocidental,,0.13067974,84581,19.2260428571429,95.7183428571429,1,0,0,82.6043571428571,62.6419714285714,22.5580571428571,26.9517571428571,0,,,,,11050,2025-04-13,5205497,Cidade Ocidental,GO,2025,16
1743897600000,202515,8.0,8,8,8,0.12137461,9.458389,0,1,520549720251520566,2026-04-23,Cidade Ocidental,,0.6037706,84581,19.1295857142857,88.1667,0,0,1,72.7425142857143,54.1526142857143,22.7771,27.097,2,,,,,11050,2025-04-06,5205497,Cidade Ocidental,GO,2025,15
1743292800000,202514,28.0,28,28,28,0.9924397,33.104362,0,1,520549720251420557,2026-04-14,Cidade Ocidental,,2.1828246,84581,19.2038142857143,86.1111142857143,0,1,1,66.6188,45.6633857142857,23.9392571428571,28.8359,14,,,,,11050,2025-03-30,5205497,Cidade Ocidental,GO,2025,14
1742688000000,202513,6.0,6,6,6,0.025057226,7.093792,0,1,520549720251320552,2026-04-09,Cidade Ocidental,,0.41214207,84581,19.5782,96.9933857142857,1,0,1,80.1540142857143,58.5773571428571,23.0995714285714,27.4438,4,,,,,11050,2025-03-23,5205497,Cidade Ocidental,GO,2025,13
1742083200000,202512,10.0,10,10,10,0.19416778,11.822987,0,1,520549720251220543,2026-03-31,Cidade Ocidental,,0.70642525,84581,19.9435428571429,87.7551571428571,0,0,1,65.7756285714286,43.2114142857143,24.8243857142857,29.9101428571429,7,,,,,11050,2025-03-16,5205497,Cidade Ocidental,GO,2025,12
1741478400000,202511,22.0,22,22,22,0.8615926,26.01057,0,1,520549720251120535,2026-03-23,Cidade Ocidental,,1.425086,84581,20.2963857142857,82.7277428571429,0,0,1,58.7278571428571,37.3897,25.5252857142857,31.0087714285714,14,,,,,11050,2025-03-09,5205497,Cidade Ocidental,GO,2025,11
1740873600000,202510,9.0,9,9,9,0.043174304,10.640688,0,1,520549720251020529,2026-03-17,Cidade Ocidental,,0.5105678,84581,19.5173285714286,72.5666,0,0,1,59.4631285714286,43.6673714285714,23.5585142857143,28.0153714285714,5,,,,,11050,2025-03-02,5205497,Cidade Ocidental,GO,2025,10
1740268800000,202509,14.0,14,14,14,0.36104375,16.552181,0,1,520549720250920521,2026-03-09,Cidade Ocidental,,0.8795229,84581,19.6374571428571,83.1915571428571,0,0,1,66.3553857142857,48.9842,23.8334714285714,28.5195142857143,7,,,,,11050,2025-02-23,5205497,Cidade Ocidental,GO,2025,9
1739664000000,202508,23.0,23,23,23,0.9848867,27.19287,0,3,520549720250820516,2026-03-04,Cidade Ocidental,,2.1452196,84581,19.1323571428571,82.7700571428571,0,1,1,61.0905285714286,39.9213857142857,24.4422142857143,29.6825571428571,17,,,,,11050,2025-02-16,5205497,Cidade Ocidental,GO,2025,8
1739059200000,202507,16.0,16,16,16,0.99195296,18.916779,0,1,520549720250720508,2026-02-24,Cidade Ocidental,,2.9854696,84581,18.8172285714286,93.0167,1,1,1,73.9252285714286,53.0847428571429,23.0513428571429,27.5104857142857,10,,,,,11050,2025-02-09,5205497,Cidade Ocidental,GO,2025,7
1738454400000,202506,13.0,13,13,13,0.9952231,15.369883,0,1,520549720250620503,2026-02-19,Cidade Ocidental,,4.036039,84581,19.1121,88.5504,0,1,1,72.5711142857143,52.9727857142857,22.8039714285714,27.0603857142857,10,,,,,11050,2025-02-02,5205497,Cidade Ocidental,GO,2025,6
1737849600000,202505,1.0,1,1,1,0.13268964,1.1822987,0,2,520549720250520495,2026-02-11,Cidade Ocidental,,0.34318593,84581,19.7407571428571,95.1581857142857,1,0,0,80.5715142857143,62.9391142857143,22.9077428571429,26.6792571428571,1,,,,,11050,2025-01-26,5205497,Cidade Ocidental,GO,2025,5
1737244800000,202504,3.0,3,3,3,0.65271544,3.546896,0,2,520549720250420491,2026-02-07,Cidade Ocidental,,1.3770471,84581,18.8076571428571,94.3988714285714,1,0,0,76.0745714285714,55.5275285714286,23.3905285714286,28.7074428571429,3,,,,,11050,2025-01-19,5205497,Cidade Ocidental,GO,2025,4
1736640000000,202503,4.0,4,4,4,0.91593593,4.7291946,0,2,520549720250320486,2026-02-02,Cidade Ocidental,,3.3144696,84581,19.5462142857143,95.4642428571429,1,0,0,86.6887571428571,73.1098142857143,21.6908428571429,24.5526571428571,3,,,,,11050,2025-01-12,5205497,Cidade Ocidental,GO,2025,3
1736035200000,202502,2.0,2,2,2,0.7949236,2.3645973,0,1,520549720250220459,2026-01-06,Cidade Ocidental,,2.3983648,84581,19.5691142857143,95.9704857142857,1,0,0,84.5914,67.1470142857143,22.4499,26.2924714285714,1,,,,,11050,2025-01-05,5205497,Cidade Ocidental,GO,2025,2
1735430400000,202501,1.0,1,1,1,0.553807,1.1822987,0,1,520549720250120459,2026-01-06,Cidade Ocidental,,1.1729591,84581,19.1631142857143,96.6796571428571,1,0,0,83.6251285714286,64.7387428571429,22.1432142857143,26.2930285714286,0,,,,,11050,2024-12-29,5205497,Cidade Ocidental,GO,2025,1
1734825600000,202452,0.0,0,0,0,0.0,0.0,0,1,520549720245220437,2025-12-15,Cidade Ocidental,,0.0,84581,20.0672142857143,96.5860571428571,0,0,0,85.3555857142857,63.4722142857143,22.3121142857143,26.2352285714286,0,,,,,11050,2024-12-22,5205497,Cidade Ocidental,GO,2024,52
1734220800000,202451,2.0,2,2,2,0.91492146,2.3645973,0,1,520549720245120437,2025-12-15,Cidade Ocidental,,5.2899756,84581,19.8470857142857,97.4067142857143,1,0,0,82.4170285714286,59.2944,22.9511285714286,27.7613285714286,0,,,,,11050,2024-12-15,5205497,Cidade Ocidental,GO,2024,51
1733616000000,202450,0.0,0,0,0,0.0,0.0,0,1,520549720245020437,2025-12-15,Cidade Ocidental,,0.0,84581,19.5499285714286,92.4945571428571,0,0,0,73.5520285714286,52.4397428571429,24.0587142857143,28.6786,0,,,,,11050,2024-12-08,5205497,Cidade Ocidental,GO,2024,50
1733011200000,202449,0.0,0,0,0,0.0,0.0,0,1,520549720244920431,2025-12-09,Cidade Ocidental,,0.0,84581,19.1319428571429,93.5371571428571,0,0,0,77.1209285714286,56.9838428571429,23.2149,27.6353571428571,0,,,,,11050,2024-12-01,5205497,Cidade Ocidental,GO,2024,49
1732406400000,202448,0.0,0,0,0,0.0,0.0,0,1,520549720244820425,2025-12-03,Cidade Ocidental,,0.0,84581,19.3699285714286,93.4126571428571,0,0,0,78.9256142857143,61.1721571428571,22.7131571428571,26.9743714285714,0,,,,,11050,2024-11-24,5205497,Cidade Ocidental,GO,2024,48
1731801600000,202447,5.0,5,5,5,0.95645297,5.9114933,0,1,520549720244720418,2025-11-26,Cidade Ocidental,,4.1421685,84581,19.1869,96.5891,1,0,0,81.0987142857143,61.1612142857143,22.8000142857143,27.1168571428571,3,,,,,11050,2024-11-17,5205497,Cidade Ocidental,GO,2024,47
1731196800000,202446,0.0,0,0,0,0.0,0.0,0,1,520549720244620410,2025-11-18,Cidade Ocidental,,0.0,84581,18.9460428571429,96.6224285714286,0,0,0,83.2817285714286,63.7529,22.0194142857143,26.1790857142857,0,,,,,11050,2024-11-10,5205497,Cidade Ocidental,GO,2024,46
1730592000000,202445,1.0,1,1,1,0.4845582,1.1822987,0,2,520549720244520403,2025-11-11,Cidade Ocidental,,0.95670146,84581,19.2837714285714,94.7214857142857,1,0,0,83.2541142857143,66.3522857142857,21.9822571428571,25.7478714285714,1,,,,,11050,2024-11-03,5205497,Cidade Ocidental,GO,2024,45
1729987200000,202444,2.0,2,2,2,0.79132825,2.3645973,0,1,520549720244420395,2025-11-03,Cidade Ocidental,,2.3607423,84581,19.1994428571429,94.1513285714286,1,0,0,79.2622571428571,63.2405142857143,22.5069142857143,25.8117571428571,1,,,,,11050,2024-10-27,5205497,Cidade Ocidental,GO,2024,44
1729382400000,202443,1.0,1,1,1,0.49517754,1.1822987,0,1,520549720244320389,2025-10-28,Cidade Ocidental,,0.9862105,84581,19.9581142857143,95.0730428571429,1,0,0,80.0315285714286,57.2789428571429,23.2487428571429,27.8847,1,,,,,11050,2024-10-20,5205497,Cidade Ocidental,GO,2024,43
1728777600000,202442,0.0,0,0,0,0.0,0.0,0,1,520549720244220381,2025-10-20,Cidade Ocidental,,0.0,84581,19.8834571428571,93.0878857142857,0,0,0,76.2415857142857,53.7998,23.3440428571429,28.0413428571429,0,,,,,11050,2024-10-13,5205497,Cidade Ocidental,GO,2024,42
1728172800000,202441,2.0,2,2,2,0.6548086,2.3645973,0,1,520549720244120375,2025-10-14,Cidade Ocidental,,1.4718856,84581,22.2290428571429,71.1430571428571,0,0,0,53.6269142857143,33.4262285714286,27.0071571428571,32.5765857142857,0,,,,,11050,2024-10-06,5205497,Cidade Ocidental,GO,2024,41
1727568000000,202440,0.0,0,0,0,0.0,0.0,0,1,520549720244020367,2025-10-06,Cidade Ocidental,,0.0,84581,20.4331285714286,52.7887714285714,0,0,0,32.1780142857143,18.5821428571429,27.4746285714286,33.7620428571429,0,,,,,11050,2024-09-29,5205497,Cidade Ocidental,GO,2024,40
1726963200000,202439,3.0,3,3,3,0.9415421,3.546896,0,1,520549720243920363,2025-10-02,Cidade Ocidental,,5.303964,84581,20.6347285714286,47.1953285714286,0,0,0,29.7450428571429,17.1787142857143,27.5405428571429,33.9853571428571,1,,,,,11050,2024-09-22,5205497,Cidade Ocidental,GO,2024,39
1726358400000,202438,0.0,0,0,0,0.0,0.0,0,1,520549720243820353,2025-09-22,Cidade Ocidental,,0.0,84581,19.4413714285714,52.2411857142857,0,0,0,34.336,20.6008571428571,26.0256857142857,32.3301,0,,,,,11050,2024-09-15,5205497,Cidade Ocidental,GO,2024,38
1725753600000,202437,1.0,1,1,1,0.7557895,1.1822987,0,1,520549720243720346,2025-09-15,Cidade Ocidental,,2.475593,84581,17.0861571428571,46.5466571428571,0,0,0,32.9652,20.3095714285714,24.0908714285714,30.8724142857143,0,,,,,11050,2024-09-08,5205497,Cidade Ocidental,GO,2024,37
1725148800000,202436,0.0,0,0,0,0.0,0.0,0,1,520549720243620339,2025-09-08,Cidade Ocidental,,0.0,84581,16.5255857142857,46.2382,0,0,0,27.3291142857143,14.4463571428571,24.7063285714286,32.1727142857143,0,,,,,11050,2024-09-01,5205497,Cidade Ocidental,GO,2024,36
1724544000000,202435,0.0,0,0,0,0.0,0.0,0,1,520549720243520332,2025-09-01,Cidade Ocidental,,0.0,84581,16.3748142857143,62.8290571428571,0,0,0,43.4333285714286,25.7186428571429,22.8656,29.3518285714286,0,,,,,11050,2024-08-25,5205497,Cidade Ocidental,GO,2024,35
1723939200000,202434,1.0,1,1,1,0.6886927,1.1822987,0,1,520549720243420328,2025-08-28,Cidade Ocidental,,1.858502,84581,15.2053142857143,53.5722714285714,0,0,0,33.0524285714286,18.3089285714286,22.9454,30.2413428571429,1,,,,,11050,2024-08-18,5205497,Cidade Ocidental,GO,2024,34
1723334400000,202433,2.0,2,2,2,0.977003,2.3645973,0,1,520549720243320321,2025-08-21,Cidade Ocidental,,17.76955,84581,14.6389142857143,60.3255857142857,0,0,0,39.4386571428571,21.6798571428571,21.8166285714286,29.2335571428571,0,,,,,11050,2024-08-11,5205497,Cidade Ocidental,GO,2024,33
1722729600000,202432,0.0,0,0,0,0.0,0.0,0,1,520549720243220312,2025-08-12,Cidade Ocidental,,0.0,84581,15.1649714285714,69.3543142857143,0,0,0,47.936,30.1378142857143,20.9517571428571,27.0293571428571,0,,,,,11050,2024-08-04,5205497,Cidade Ocidental,GO,2024,32
1722124800000,202431,0.0,0,0,0,0.0,0.0,0,1,520549720243120305,2025-08-05,Cidade Ocidental,,0.0,84581,15.7514142857143,68.3827571428571,0,0,0,48.3518428571429,29.6256,21.3656,27.0106285714286,0,,,,,11050,2024-07-28,5205497,Cidade Ocidental,GO,2024,31
1721520000000,202430,0.0,0,0,0,0.0,0.0,0,1,520549720243020298,2025-07-29,Cidade Ocidental,,0.0,84581,12.1567857142857,71.7401142857143,0,0,0,48.9484,29.2495142857143,19.0790142857143,25.9850571428571,0,,,,,11050,2024-07-21,5205497,Cidade Ocidental,GO,2024,30
1720915200000,202429,0.0,0,0,0,0.0,0.0,0,1,520549720242920291,2025-07-22,Cidade Ocidental,,0.0,84581,12.4598571428571,74.5121285714286,0,0,0,50.7930714285714,30.9407285714286,19.1052,25.6043857142857,0,,,,,11050,2024-07-14,5205497,Cidade Ocidental,GO,2024,29
1720310400000,202428,1.0,1,1,1,0.25316784,1.1822987,0,1,520549720242820283,2025-07-14,Cidade Ocidental,,0.5045831,84581,14.4093142857143,72.5687857142857,0,0,0,48.1418857142857,26.8371571428571,21.1587,27.8518,1,,,,,11050,2024-07-07,5205497,Cidade Ocidental,GO,2024,28
1719705600000,202427,1.0,1,1,1,0.31771132,1.1822987,0,1,520549720242720278,2025-07-09,Cidade Ocidental,,0.6045176,84581,14.4033714285714,69.8907571428571,0,0,0,49.5672,30.7066714285714,20.2409142857143,26.3470285714286,1,,,,,11050,2024-06-30,5205497,Cidade Ocidental,GO,2024,27
1719100800000,202426,3.0,3,3,3,0.8459398,3.546896,0,1,520549720242620269,2025-06-30,Cidade Ocidental,,2.5701349,84581,14.5529857142857,74.5685285714286,0,0,0,51.1207285714286,29.7191571428571,20.5549571428571,26.8601714285714,3,,,,,11050,2024-06-23,5205497,Cidade Ocidental,GO,2024,26
1718496000000,202425,2.0,2,2,2,0.5354022,2.3645973,0,1,520549720242520262,2025-06-23,Cidade Ocidental,,1.0846802,84581,13.8269571428571,77.7319714285714,0,0,0,56.7958142857143,35.2449285714286,19.5877571428571,25.5195285714286,2,,,,,11050,2024-06-16,5205497,Cidade Ocidental,GO,2024,25
1717891200000,202424,0.0,0,0,0,0.0,0.0,0,1,520549720242420255,2025-06-16,Cidade Ocidental,,0.0,84581,14.3485142857143,80.9839,0,0,0,59.7696142857143,37.0867857142857,20.2556142857143,26.3744285714286,0,,,,,11050,2024-06-09,5205497,Cidade Ocidental,GO,2024,24
1717286400000,202423,1.0,1,1,1,0.077924244,1.1822987,0,1,520549720242320249,2025-06-10,Cidade Ocidental,,0.27160746,84581,16.0873142857143,82.1472571428571,0,0,0,62.3834,42.0458857142857,20.5958285714286,25.4321428571429,1,,,,,11050,2024-06-02,5205497,Cidade Ocidental,GO,2024,23
1716681600000,202422,5.0,5,5,5,0.34724626,5.9114933,0,1,520549720242220241,2025-06-02,Cidade Ocidental,,0.79761446,84581,15.5870571428571,82.5689857142857,0,0,0,59.6773142857143,36.3213857142857,21.0084,26.6794857142857,4,,,,,11050,2024-05-26,5205497,Cidade Ocidental,GO,2024,22
1716076800000,202421,2.0,2,2,2,0.0006162373,2.3645973,0,1,520549720242120236,2025-05-28,Cidade Ocidental,,0.14672954,84581,16.9112857142857,80.5423857142857,0,0,0,60.2452428571429,38.3042142857143,22.0177285714286,27.5548,2,,,,,11050,2024-05-19,5205497,Cidade Ocidental,GO,2024,21
1715472000000,202420,4.0,4,4,4,2.1038e-06,4.7291946,0,1,520549720242020227,2025-05-19,Cidade Ocidental,,0.14200912,84581,16.2221714285714,79.2023428571429,0,0,0,57.5821428571429,35.0318,22.3745857142857,28.4466571428571,4,,,,,11050,2024-05-12,5205497,Cidade Ocidental,GO,2024,20
1714867200000,202419,10.0,10,10,10,1.15e-08,11.822987,0,1,520549720241920224,2025-05-16,Cidade Ocidental,,0.19402228,84581,16.3653428571429,82.0257714285714,0,0,1,62.9549857142857,41.8772571428571,21.7302714285714,27.4861857142857,8,,,,,11050,2024-05-05,5205497,Cidade Ocidental,GO,2024,19
1714262400000,202418,24.0,24,24,24,4.9e-08,28.375168,0,1,520549720241820214,2025-05-06,Cidade Ocidental,,0.31711662,84581,17.5580285714286,84.9921857142857,0,0,1,62.4760142857143,40.3782142857143,23.3391142857143,28.9153142857143,24,,,,,11050,2024-04-28,5205497,Cidade Ocidental,GO,2024,18
1713657600000,202417,43.0,43,43,43,1.47831e-05,50.83884,0,4,520549720241720206,2025-04-28,Cidade Ocidental,,0.47466767,84581,17.9616142857143,87.0763571428571,0,0,2,68.6915714285714,48.6063571428571,22.7494428571429,27.6103571428571,40,,,,,11050,2024-04-21,5205497,Cidade Ocidental,GO,2024,17
1713052800000,202416,96.0,96,96,96,0.2177661,113.50067,0,4,520549720241620200,2025-04-22,Cidade Ocidental,,0.8964701,84581,19.7004142857143,86.8213428571429,0,0,2,71.6981571428571,55.1187285714286,23.3737714285714,27.3915428571429,92,,,,,11050,2024-04-14,5205497,Cidade Ocidental,GO,2024,16
1712448000000,202415,80.0,80,80,80,3.23827e-05,94.58389,0,4,520549720241520192,2025-04-14,Cidade Ocidental,,0.57726324,84581,19.6721285714286,89.1331142857143,0,0,2,74.5534571428571,55.5476,23.1663428571429,27.2183142857143,73,,,,,11050,2024-04-07,5205497,Cidade Ocidental,GO,2024,15
1711843200000,202414,107.0,107,107,107,2.464e-07,126.50595,0,4,520549720241420188,2025-04-10,Cidade Ocidental,,0.55317456,84581,19.8995,98.6371571428571,1,0,2,85.6494857142857,66.9889857142857,22.9160285714286,27.0602,99,,,,,11050,2024-03-31,5205497,Cidade Ocidental,GO,2024,14
1711238400000,202413,118.0,118,118,118,0.0,139.51123,0,4,520549720241320178,2025-03-31,Cidade Ocidental,,0.4570652,84581,19.6841142857143,96.4310571428571,1,0,2,83.5018,61.5909428571429,22.5879,26.9072285714286,115,,,,,11050,2024-03-24,5205497,Cidade Ocidental,GO,2024,13
1710633600000,202412,186.0,186,186,186,4e-10,219.90755,0,4,520549720241220171,2025-03-24,Cidade Ocidental,,0.57439584,84581,20.8991428571429,94.9639571428571,1,0,2,79.4165142857143,59.6057428571429,24.4232,28.6786285714286,173,,,,,11050,2024-03-17,5205497,Cidade Ocidental,GO,2024,12
1710028800000,202411,276.0,276,276,276,3.078e-07,326.31442,0,4,520549720241120165,2025-03-18,Cidade Ocidental,,0.68028605,84581,20.6995142857143,93.5759428571429,1,0,2,78.1826571428571,57.8611714285714,24.3707,28.6128714285714,258,,,,,11050,2024-03-10,5205497,Cidade Ocidental,GO,2024,11
1709424000000,202410,302.0,302,302,302,4e-10,357.0542,0,4,520549720241020158,2025-03-11,Cidade Ocidental,,0.6394204,84581,20.1823857142857,94.2983571428571,1,0,2,78.6630142857143,59.2436428571429,23.8927857142857,28.0832714285714,291,,,,,11050,2024-03-03,5205497,Cidade Ocidental,GO,2024,10
1708819200000,202409,391.0,391,391,391,0.021520253,462.27875,0,4,520549720240920153,2025-03-06,Cidade Ocidental,,0.8696433,84581,19.6423,88.6373428571429,0,0,2,68.8817,46.6780285714286,24.5117714285714,29.7408857142857,361,,,,,11050,2024-02-25,5205497,Cidade Ocidental,GO,2024,9
1708214400000,202408,548.0,548,548,548,1.0,647.89966,0,4,520549720240820145,2025-02-26,Cidade Ocidental,,1.6012144,84581,19.9918285714286,95.9563,1,1,2,86.3719714285714,70.6700571428571,22.2565,25.7749571428571,536,,,,,11050,2024-02-18,5205497,Cidade Ocidental,GO,2024,8
1707609600000,202407,512.0,512,512,512,1.0,605.3369,0,4,520549720240720137,2025-02-18,Cidade Ocidental,,2.1515236,84581,19.1889285714286,92.3190714285714,1,1,2,77.7657857142857,59.0562857142857,22.8850428571429,27.2285428571429,485,,,,,11050,2024-02-11,5205497,Cidade Ocidental,GO,2024,7
1707004800000,202406,334.0,334,334,334,1.0,394.88773,0,4,520549720240620130,2025-02-11,Cidade Ocidental,,1.7360864,84581,19.7257142857143,96.0781428571429,1,1,2,84.7245571428571,67.8352,22.3697142857143,26.0492428571429,315,,,,,11050,2024-02-04,5205497,Cidade Ocidental,GO,2024,6
1706400000000,202405,185.0,185,185,185,0.7873652,218.72525,0,4,520549720240520123,2025-02-04,Cidade Ocidental,,1.0882518,84581,19.4983428571429,94.3757857142857,1,0,2,80.0674714285714,61.9220571428571,22.8753285714286,26.7812571428571,170,,,,,11050,2024-01-28,5205497,Cidade Ocidental,GO,2024,5
1705795200000,202404,182.0,182,182,182,0.99978197,215.17834,0,4,520549720240420116,2025-01-28,Cidade Ocidental,,1.5033419,84581,20.2734,93.7932,1,1,2,81.5440714285714,65.3146714285714,23.0515,26.6017428571429,132,,,,,11050,2024-01-21,5205497,Cidade Ocidental,GO,2024,4
1705190400000,202403,205.0,205,205,205,1.0,242.37122,0,4,520549720240320109,2025-01-21,Cidade Ocidental,,3.5226831,84581,19.8406714285714,92.3357857142857,1,1,2,73.0074857142857,50.3033571428571,24.4284428571429,29.1098142857143,120,,,,,11050,2024-01-14,5205497,Cidade Ocidental,GO,2024,3
1704585600000,202402,134.0,134,134,134,1.0,158.42801,0,4,520549720240220102,2025-01-14,Cidade Ocidental,,7.373186,84581,19.5203571428571,97.0922857142857,1,1,2,83.6395285714286,66.5022285714286,22.7797571428571,26.6010857142857,69,,,,,11050,2024-01-07,5205497,Cidade Ocidental,GO,2024,2
1703980800000,202401,32.0,32,32,32,0.9999999,37.833557,0,1,520549720240120095,2025-01-07,Cidade Ocidental,,8.596829,84581,20.0417714285714,96.1260571428571,1,1,2,87.0291142857143,71.5187428571429,22.2446,25.0723428571429,17,,,,,11050,2023-12-31,5205497,Cidade Ocidental,GO,2024,1
1703376000000,202352,8.0,8,8,8,0.9978761,9.458389,0,1,520549720235220087,2024-12-30,Cidade Ocidental,,10.791556,84581,20.9277714285714,95.8479285714286,1,1,1,78.4573285714286,54.5486142857143,24.4652857142857,29.2412571428571,3,,,,,11050,2023-12-24,5205497,Cidade Ocidental,GO,2023,52
1702771200000,202351,0.0,0,0,0,0.0,0.0,0,1,520549720235120080,2024-12-23,Cidade Ocidental,,0.0,84581,20.3324142857143,87.4049285714286,0,0,0,69.3561428571429,51.0814714285714,24.1852285714286,28.4985285714286,0,,,,,11050,2023-12-17,5205497,Cidade Ocidental,GO,2023,51
1702166400000,202350,0.0,0,0,0,0.0,0.0,0,1,520549720235020074,2024-12-17,Cidade Ocidental,,0.0,84581,21.0106571428571,79.3009714285714,0,0,0,57.5162714285714,35.7670428571429,25.8469,31.2983428571429,0,,,,,11050,2023-12-10,5205497,Cidade Ocidental,GO,2023,50
1701561600000,202349,1.0,1,1,1,0.2866589,1.1822987,0,1,520549720234920067,2024-12-10,Cidade Ocidental,,0.5547564,84581,20.0362,87.2225142857143,0,0,0,67.9577285714286,44.5250714285714,24.6611,29.9322,1,,,,,11050,2023-12-03,5205497,Cidade Ocidental,GO,2023,49
1700956800000,202348,1.0,1,1,1,0.3295119,1.1822987,0,1,520549720234820060,2024-12-03,Cidade Ocidental,,0.6243766,84581,20.5479285714286,89.9134571428571,0,0,0,68.1316428571429,45.2663428571429,24.9126857142857,29.8017714285714,1,,,,,11050,2023-11-26,5205497,Cidade Ocidental,GO,2023,48
1700352000000,202347,3.0,3,3,3,0.7302226,3.546896,0,1,520549720234720056,2024-11-29,Cidade Ocidental,,1.6842974,84581,20.6333428571429,93.9791,1,0,0,73.8766714285714,51.2977285714286,24.7925285714286,29.5998142857143,1,,,,,11050,2023-11-19,5205497,Cidade Ocidental,GO,2023,47
1699747200000,202346,1.0,1,1,1,0.13175873,1.1822987,0,1,520549720234620046,2024-11-19,Cidade Ocidental,,0.3419938,84581,20.8053142857143,75.4069857142857,0,0,0,51.2074428571429,30.2048857142857,26.8558285714286,33.4178428571429,0,,,,,11050,2023-11-12,5205497,Cidade Ocidental,GO,2023,46
1699142400000,202345,1.0,1,1,1,0.03838767,1.1822987,0,1,520549720234520039,2024-11-12,Cidade Ocidental,,0.2126206,84581,19.4252428571429,79.3649714285714,0,0,0,56.5367714285714,33.4341714285714,25.3409857142857,31.7447142857143,0,,,,,11050,2023-11-05,5205497,Cidade Ocidental,GO,2023,45
1698537600000,202344,3.0,3,3,3,0.1319447,3.546896,0,1,520549720234420032,2024-11-05,Cidade Ocidental,,0.4842175,84581,20.1730857142857,89.5974285714286,0,0,0,71.3533285714286,47.0783428571429,24.4473714285714,30.3188714285714,1,,,,,11050,2023-10-29,5205497,Cidade Ocidental,GO,2023,44
1697932800000,202343,4.0,4,4,4,0.2627126,4.7291946,0,1,520549720234320026,2024-10-30,Cidade Ocidental,,0.6769597,84581,20.0828285714286,87.6509,0,0,0,68.0588857142857,43.7511428571429,24.5662571428571,30.2974,0,,,,,11050,2023-10-22,5205497,Cidade Ocidental,GO,2023,43
1697328000000,202342,8.0,8,8,8,0.8428209,9.458389,0,1,520549720234220019,2024-10-23,Cidade Ocidental,,1.7488286,84581,20.0988142857143,73.1520285714286,0,0,1,52.7952714285714,33.352,25.7161714285714,31.8681285714286,1,,,,,11050,2023-10-15,5205497,Cidade Ocidental,GO,2023,42
1696723200000,202341,7.0,7,7,7,0.8187875,8.276091,0,1,520549720234120011,2024-10-15,Cidade Ocidental,,1.7079625,84581,20.4220285714286,86.4075142857143,0,0,1,68.5525428571429,45.4095428571429,25.0626714285714,30.9234,0,,,,,11050,2023-10-08,5205497,Cidade Ocidental,GO,2023,41
1696118400000,202340,3.0,3,3,3,0.31863424,3.546896,0,1,520549720234020005,2024-10-09,Cidade Ocidental,,0.7161732,84581,19.9368,89.5235714285714,0,0,0,71.7497285714286,47.6954571428571,24.1418,29.7565857142857,0,,,,,11050,2023-10-01,5205497,Cidade Ocidental,GO,2023,40
1695513600000,202339,4.0,4,4,4,0.45967177,4.7291946,0,1,520549720233919998,2024-10-02,Cidade Ocidental,,0.93526417,84581,21.0038571428571,74.4546428571429,0,0,0,55.0604714285714,35.7549,26.3703714285714,32.4519,0,,,,,11050,2023-09-24,5205497,Cidade Ocidental,GO,2023,39
1694908800000,202338,5.0,5,5,5,0.55101585,5.9114933,0,1,520549720233819990,2024-09-24,Cidade Ocidental,,1.0824034,84581,19.3533,63.4042142857143,0,0,0,43.2821142857143,25.3321142857143,25.8404571428571,32.6035285714286,1,,,,,11050,2023-09-17,5205497,Cidade Ocidental,GO,2023,38
1694304000000,202337,3.0,3,3,3,0.20634337,3.546896,0,1,520549720233719983,2024-09-17,Cidade Ocidental,,0.57543373,84581,18.1486571428571,64.4910714285714,0,0,0,46.3792714285714,30.3751142857143,23.9391,29.9695,0,,,,,11050,2023-09-10,5205497,Cidade Ocidental,GO,2023,37
1693699200000,202336,6.0,6,6,6,0.5331296,7.093792,0,1,520549720233619978,2024-09-12,Cidade Ocidental,,1.0479736,84581,18.4586285714286,74.4248857142857,0,0,1,55.2253714285714,34.1428285714286,23.7093,29.7697428571429,1,,,,,11050,2023-09-03,5205497,Cidade Ocidental,GO,2023,36
1693094400000,202335,3.0,3,3,3,0.27613926,3.546896,0,1,520549720233519969,2024-09-03,Cidade Ocidental,,0.6613367,84581,18.5069857142857,92.2330285714286,1,0,0,74.5345857142857,48.3323857142857,22.7550285714286,28.6386714285714,1,,,,,11050,2023-08-27,5205497,Cidade Ocidental,GO,2023,35
1692489600000,202334,9.0,9,9,9,0.97182673,10.640688,0,1,520549720233419962,2024-08-27,Cidade Ocidental,,3.1648426,84581,17.1731142857143,70.7372571428571,0,1,1,49.2087857142857,28.0818,23.5165142857143,30.7801857142857,0,,,,,11050,2023-08-20,5205497,Cidade Ocidental,GO,2023,34
1691884800000,202333,4.0,4,4,4,0.8145239,4.7291946,0,1,520549720233319956,2024-08-21,Cidade Ocidental,,2.01393,84581,15.7719285714286,67.3012285714286,0,0,0,47.4604428571429,29.8981714285714,21.6022142857143,27.8385142857143,0,,,,,11050,2023-08-13,5205497,Cidade Ocidental,GO,2023,33
1691280000000,202332,2.0,2,2,2,0.63289756,2.3645973,0,1,520549720233219949,2024-08-14,Cidade Ocidental,,1.3849734,84581,15.5801142857143,60.8992857142857,0,0,0,40.3654857142857,21.4309,22.6317428571429,30.3529285714286,0,,,,,11050,2023-08-06,5205497,Cidade Ocidental,GO,2023,32
1690675200000,202331,2.0,2,2,2,0.79241836,2.3645973,0,1,520549720233119941,2024-08-06,Cidade Ocidental,,2.3720226,84581,14.2146142857143,72.7797857142857,0,0,0,47.5231285714286,24.9168285714286,21.1990142857143,28.6618428571429,0,,,,,11050,2023-07-30,5205497,Cidade Ocidental,GO,2023,31
1690070400000,202330,2.0,2,2,2,0.85012734,2.3645973,0,1,520549720233019934,2024-07-30,Cidade Ocidental,,3.1823049,84581,14.743,74.1059571428572,0,0,0,52.5598285714286,31.2861571428571,20.7172285714286,27.2626714285714,0,,,,,11050,2023-07-23,5205497,Cidade Ocidental,GO,2023,30
1689465600000,202329,0.0,0,0,0,0.0,0.0,0,1,520549720232919929,2024-07-25,Cidade Ocidental,,0.0,84581,15.9644571428571,76.5489428571429,0,0,0,55.5266,34.2618714285714,21.3607,27.2785,0,,,,,11050,2023-07-16,5205497,Cidade Ocidental,GO,2023,29
1688860800000,202328,1.0,1,1,1,0.30695456,1.1822987,0,1,520549720232819919,2024-07-15,Cidade Ocidental,,0.58688784,84581,14.2005285714286,78.5129857142857,0,0,0,54.5118714285714,30.2748428571429,20.6508571428571,28.2612,0,,,,,11050,2023-07-09,5205497,Cidade Ocidental,GO,2023,28
1688256000000,202327,0.0,0,0,0,0.0,0.0,0,1,520549720232719913,2024-07-09,Cidade Ocidental,0,0.0,84581,16.7142857142857,55.6458987142857,0,0,0,52.0367727142857,48.2889567142857,17.4761905714286,18.2857142857143,0,,,,,11050,2023-07-02,5205497,Cidade Ocidental,GO,2023,27
1687651200000,202326,2.0,2,2,2,0.3486808,2.3645973,0,1,520549720232619905,2024-07-01,Cidade Ocidental,0,0.7205265,84581,18.5714285714286,57.253633,0,0,0,54.7851431428571,52.1784072857143,19.0476191428571,19.5714285714286,0,,,,,11050,2023-06-25,5205497,Cidade Ocidental,GO,2023,26
1687046400000,202325,3.0,3,3,3,0.47290415,3.546896,0,1,520549720232519898,2024-06-24,Cidade Ocidental,0,0.950114,84581,18.0,64.0836305714286,0,0,0,60.9203788571429,57.6386442857143,18.7142857142857,19.4285714285714,0,,,,,11050,2023-06-18,5205497,Cidade Ocidental,GO,2023,25
1686441600000,202324,2.0,2,2,2,0.25989953,2.3645973,0,1,520549720232419884,2024-06-10,Cidade Ocidental,,0.5937378,84581,16.2125142857143,86.2905285714286,0,0,0,66.0478,42.5971,21.3011,27.0887428571429,0,,,,,11050,2023-06-11,5205497,Cidade Ocidental,GO,2023,24
1685836800000,202323,4.0,4,4,4,0.47284678,4.7291946,0,1,520549720232319884,2024-06-10,Cidade Ocidental,,0.9557689,84581,13.7252428571429,81.8869714285714,0,0,0,60.0955714285714,36.7551,19.9510857142857,26.6215571428571,1,,,,,11050,2023-06-04,5205497,Cidade Ocidental,GO,2023,23
1685232000000,202322,3.0,3,3,3,0.119849354,3.546896,0,1,520549720232219876,2024-06-02,Cidade Ocidental,0,0.4687668,84581,20.3,67.169108,0,0,0,63.6827369,60.2327318,21.1,21.9,0,,,,,11050,2023-05-28,5205497,Cidade Ocidental,GO,2023,22
1684627200000,202321,3.0,3,3,3,0.030033112,3.546896,0,1,520549720232119869,2024-05-26,Cidade Ocidental,0,0.32738107,84581,14.0,78.9360135,0,0,0,60.0060449,41.7556427,19.1958332,24.4,0,,,,,11050,2023-05-21,5205497,Cidade Ocidental,GO,2023,21
1684022400000,202320,6.0,6,6,6,0.10598093,7.093792,0,1,520549720232019863,2024-05-20,Cidade Ocidental,0,0.5466248,84581,14.8333333333333,78.6741533888889,0,0,1,54.5352862222222,34.0003195555556,20.4537035555556,25.4444444444444,0,,,,,11050,2023-05-14,5205497,Cidade Ocidental,GO,2023,20
1683417600000,202319,10.0,10,10,10,0.3636322,11.822987,0,1,520549720231919856,2024-05-13,Cidade Ocidental,0,0.86291677,84581,19.875,69.332691875,0,0,1,61.188341375,52.937484875,21.7083335,23.75,2,,,,,11050,2023-05-07,5205497,Cidade Ocidental,GO,2023,19
1682812800000,202318,12.0,12,12,12,0.5912868,14.187584,0,1,520549720231819849,2024-05-06,Cidade Ocidental,0,1.0993934,84581,20.2,72.555739,0,0,1,68.7814148,63.9723086,20.9333336,21.8,1,,,,,11050,2023-04-30,5205497,Cidade Ocidental,GO,2023,18
1682208000000,202317,11.0,11,11,11,0.65995115,13.005285,0,1,520549720231719841,2024-04-28,Cidade Ocidental,0,1.1973739,84581,17.5652173913043,88.9228126086957,0,0,1,71.9095056521739,49.9794486086957,21.5923913913043,26.3913043478261,0,,,,,11050,2023-04-23,5205497,Cidade Ocidental,GO,2023,17
1681603200000,202316,14.0,14,14,14,0.88207084,16.552181,0,2,520549720231619835,2024-04-22,Cidade Ocidental,0,1.6451786,84581,18.4285714285714,91.6000642857143,1,0,1,75.3259434285714,53.8946497142857,22.0952382857143,27.0,3,,,,,11050,2023-04-16,5205497,Cidade Ocidental,GO,2023,16
1680998400000,202315,6.0,6,6,6,0.18348856,7.093792,0,1,520549720231519827,2024-04-14,Cidade Ocidental,0,0.6360713,84581,19.1428571428571,94.0203,1,0,1,77.2057447142857,51.4963784285714,22.4523808571429,27.7142857142857,0,,,,,11050,2023-04-09,5205497,Cidade Ocidental,GO,2023,15
1680393600000,202314,10.0,10,10,10,0.36723593,11.822987,0,1,520549720231419821,2024-04-08,Cidade Ocidental,0,0.866303,84581,18.7142857142857,90.7521171428571,1,0,1,75.2732408571429,51.3468842857143,21.660714,26.5714285714286,2,,,,,11050,2023-04-02,5205497,Cidade Ocidental,GO,2023,14
1679788800000,202313,6.0,6,6,6,0.05290222,7.093792,0,1,520549720231319814,2024-04-01,Cidade Ocidental,0,0.46997604,84581,20.8571428571429,72.2697849047619,0,0,1,55.8554788095238,44.1183038571429,24.4166664761905,27.3809523809524,0,,,,,11050,2023-03-26,5205497,Cidade Ocidental,GO,2023,13
1679184000000,202312,15.0,15,15,15,0.6590644,17.73448,0,1,520549720231219808,2024-03-26,Cidade Ocidental,0,1.1655596,84581,17.5454545454545,91.3497589090909,0,0,1,71.9430174545455,48.5877656363636,21.8560603636364,27.0,2,,,,,11050,2023-03-19,5205497,Cidade Ocidental,GO,2023,12
1678579200000,202311,11.0,11,11,11,0.4136553,13.005285,0,1,520549720231119800,2024-03-18,Cidade Ocidental,0,0.91454643,84581,21.3,81.283395,0,0,1,81.277472,81.271548,21.35,21.4,0,,,,,11050,2023-03-12,5205497,Cidade Ocidental,GO,2023,11
1677974400000,202310,16.0,16,16,16,0.851314,18.916779,0,1,520549720231019794,2024-03-12,Cidade Ocidental,0,1.4930828,84581,22.1428571428571,70.8364115714286,0,0,1,68.8942271428571,66.952045,22.3571428571429,22.5714285714286,1,,,,,11050,2023-03-05,5205497,Cidade Ocidental,GO,2023,10
1677369600000,202309,9.0,9,9,9,0.6218842,10.640688,0,1,520549720230919786,2024-03-04,Cidade Ocidental,0,1.1596329,84581,22.0,75.1189728333333,0,0,1,72.9228621666667,70.7267544166667,22.3333333333333,22.6666666666667,2,,,,,11050,2023-02-26,5205497,Cidade Ocidental,GO,2023,9
1676764800000,202308,15.0,15,15,15,0.98813695,17.73448,0,1,520549720230819780,2024-02-27,Cidade Ocidental,0,2.853583,84581,18.9473684210526,90.1438903157895,1,1,1,73.7145455789474,51.9968642105263,22.1798247368421,27.6842105263158,2,,,,,11050,2023-02-19,5205497,Cidade Ocidental,GO,2023,8
1676160000000,202307,6.0,6,6,6,0.7027378,7.093792,0,1,520549720230719773,2024-02-20,Cidade Ocidental,0,1.3764737,84581,24.5714285714286,59.7649554285714,0,0,1,58.9899425714286,58.2149302857143,24.7142857142857,24.8571428571429,0,,,,,11050,2023-02-12,5205497,Cidade Ocidental,GO,2023,7
1675555200000,202306,4.0,4,4,4,0.44815013,4.7291946,0,1,520549720230619768,2024-02-15,Cidade Ocidental,0,0.91779643,84581,23.0,71.7624368571429,0,0,0,69.3454032857143,66.0995661428571,23.4940477142857,24.2857142857143,0,,,,,11050,2023-02-05,5205497,Cidade Ocidental,GO,2023,6
1674950400000,202305,5.0,5,5,5,0.5292689,6.8596516,0,1,520549720230519759,2024-02-06,Cidade Ocidental,0,1.046021,72890,21.7142857142857,73.9629072857143,0,0,1,68.9879072857143,61.1977235714286,22.970238,24.4285714285714,0,,,,,11050,2023-01-29,5205497,Cidade Ocidental,GO,2023,5
1674345600000,202304,3.0,3,3,3,0.2708827,4.115791,0,1,520549720230419752,2024-01-30,Cidade Ocidental,0,0.6547232,72890,20.5714285714286,81.7212771428571,0,0,0,81.7212771428571,81.7212771428571,20.5714285714286,20.5714285714286,1,,,,,11050,2023-01-22,5205497,Cidade Ocidental,GO,2023,4
1673740800000,202303,6.0,6,6,6,0.73420066,8.231582,0,1,520549720230319747,2024-01-25,Cidade Ocidental,0,1.4635266,72890,22.1428571428571,69.4868628571429,0,0,1,69.4868628571429,69.4868628571429,22.1428571428571,22.1428571428571,0,,,,,11050,2023-01-15,5205497,Cidade Ocidental,GO,2023,3
1673136000000,202302,5.0,5,5,5,0.5547745,6.8596516,0,2,520549720230219747,2024-01-25,Cidade Ocidental,0,1.0889022,72890,19.0,90.6840257142857,1,0,1,79.6281335714286,62.9142951428571,21.1190474285714,24.2857142857143,1,,,,,11050,2023-01-08,5205497,Cidade Ocidental,GO,2023,2
1672531200000,202301,3.0,3,3,3,0.17394957,4.115791,0,2,520549720230119740,2024-01-18,Cidade Ocidental,0,0.5361425,72890,19.2857142857143,92.3190262857143,1,0,0,76.6823057142857,56.4081015714286,21.9821425714286,26.0,1,,,,,11050,2023-01-01,5205497,Cidade Ocidental,GO,2023,1
1671926400000,202252,4.0,4,4,4,0.23296006,5.4877214,0,2,520549720225219733,2024-01-11,Cidade Ocidental,0,0.6423319,72890,19.0,93.9743466666667,1,0,0,89.5614333333333,70.8377946666667,20.05303,21.6666666666667,0,,,,,11050,2022-12-25,5205497,Cidade Ocidental,GO,2022,52
1671321600000,202251,7.0,7,7,7,0.54560584,9.603512,0,2,520549720225119718,2023-12-27,Cidade Ocidental,0,1.062133,72890,18.5,93.92977,1,0,1,84.775325,63.8116875,20.677885,24.5,0,,,,,11050,2022-12-18,5205497,Cidade Ocidental,GO,2022,51
1670716800000,202250,5.0,5,5,5,0.42290297,6.8596516,0,2,520549720225019718,2023-12-27,Cidade Ocidental,0,0.8914816,72890,19.6666666666667,90.2900316666667,1,0,1,75.5618248333333,57.4447295,22.213889,25.6666666666667,0,,,,,11050,2022-12-11,5205497,Cidade Ocidental,GO,2022,50
1670112000000,202249,8.0,8,8,8,0.91015565,10.975443,0,2,520549720224919708,2023-12-17,Cidade Ocidental,0,2.1941395,72890,19.0,93.1274897142857,1,0,1,78.3807888571429,56.234546,21.8760822857143,26.1428571428571,0,,,,,11050,2022-12-04,5205497,Cidade Ocidental,GO,2022,49
1669507200000,202248,7.0,7,7,7,0.9161768,9.603512,0,2,520549720224819684,2023-11-23,Cidade Ocidental,0,2.4045305,72890,18.2857142857143,93.988274,1,0,1,79.0060364285714,56.1041121428571,21.3357145714286,25.5714285714286,0,,,,,11050,2022-11-27,5205497,Cidade Ocidental,GO,2022,48
1668902400000,202247,2.0,2,2,2,0.2346167,2.7438607,0,1,520549720224719684,2023-11-23,Cidade Ocidental,0,0.5603725,72890,18.2857142857143,96.5898705714286,1,0,0,81.2759271428571,61.2429421428571,21.1251727142857,25.0,0,,,,,11050,2022-11-20,5205497,Cidade Ocidental,GO,2022,47
1668297600000,202246,2.0,2,2,2,0.19484182,2.7438607,0,1,520549720224619684,2023-11-23,Cidade Ocidental,0,0.5093072,72890,18.5714285714286,96.5969728571429,1,0,0,81.6690514285714,57.1657104285714,21.5520188571429,26.7142857142857,0,,,,,11050,2022-11-13,5205497,Cidade Ocidental,GO,2022,46
1667692800000,202245,4.0,4,4,4,0.5945858,5.4877214,0,1,520549720224519684,2023-11-23,Cidade Ocidental,0,1.1813544,72890,17.5714285714286,92.4072482857143,0,0,0,77.5294514285714,56.1062768571429,21.0367965714286,25.8571428571429,0,,,,,11050,2022-11-06,5205497,Cidade Ocidental,GO,2022,45
1667088000000,202244,5.0,5,5,5,0.7563523,6.8596516,0,1,520549720224419684,2023-11-23,Cidade Ocidental,0,1.5975868,72890,17.8571428571429,97.4635071428571,0,0,1,79.355244,57.1676717142857,21.0447995714286,25.4285714285714,0,,,,,11050,2022-10-30,5205497,Cidade Ocidental,GO,2022,44
1666483200000,202243,3.0,3,3,3,0.44030556,4.115791,0,1,520549720224319684,2023-11-23,Cidade Ocidental,0,0.89439315,72890,18.4285714285714,92.5638954285714,1,0,0,71.6844725714286,52.4301154285714,22.4214288571429,26.7142857142857,1,,,,,11050,2022-10-23,5205497,Cidade Ocidental,GO,2022,43
1665878400000,202242,2.0,2,2,2,0.27467194,2.7438607,0,1,520549720224219684,2023-11-23,Cidade Ocidental,0,0.61368334,72890,19.2857142857143,66.993991,0,0,0,44.4687085714286,27.5304324285714,24.915796,30.5714285714286,0,,,,,11050,2022-10-16,5205497,Cidade Ocidental,GO,2022,42
1665273600000,202241,5.0,5,5,5,0.74128443,6.8596516,0,1,520549720224119684,2023-11-23,Cidade Ocidental,0,1.5420746,72890,18.7142857142857,64.3749081428571,0,0,1,46.136526,29.3426358571429,24.6547617142857,30.2857142857143,0,,,,,11050,2022-10-09,5205497,Cidade Ocidental,GO,2022,41
1664668800000,202240,2.0,2,2,2,0.30246216,2.7438607,0,1,520549720224019684,2023-11-23,Cidade Ocidental,0,0.6523096,72890,19.8571428571429,81.5691865714286,0,0,0,64.9166772857143,45.6374,22.9918831428571,27.0,0,,,,,11050,2022-10-02,5205497,Cidade Ocidental,GO,2022,40
1664064000000,202239,4.0,4,4,4,0.7286109,5.4877214,0,1,520549720223919684,2023-11-23,Cidade Ocidental,0,1.5701765,72890,18.8571428571429,86.7825357142857,0,0,0,64.6520471428571,42.8540258571429,23.5778388571429,28.0,0,,,,,11050,2022-09-25,5205497,Cidade Ocidental,GO,2022,39
1663459200000,202238,3.0,3,3,3,0.6718051,4.115791,0,1,520549720223819684,2023-11-23,Cidade Ocidental,0,1.442005,72890,19.5714285714286,87.0378442857143,0,0,0,75.3965907142857,57.6158354285714,21.9340491428571,26.0,0,,,,,11050,2022-09-18,5205497,Cidade Ocidental,GO,2022,38
1662854400000,202237,3.0,3,3,3,0.6838249,4.115791,0,1,520549720223719684,2023-11-23,Cidade Ocidental,0,1.4860154,72890,17.5714285714286,64.9366548571429,0,0,0,43.0064551428571,26.1892998571429,23.4399585714286,29.4285714285714,0,,,,,11050,2022-09-11,5205497,Cidade Ocidental,GO,2022,37
1662249600000,202236,1.0,1,1,1,0.23420845,1.3719304,0,1,520549720223619684,2023-11-23,Cidade Ocidental,0,0.47752413,72890,14.4285714285714,67.5492405714286,0,0,0,41.9576865714286,21.892369,22.5362314285714,29.7142857142857,0,,,,,11050,2022-09-04,5205497,Cidade Ocidental,GO,2022,36
1661644800000,202235,3.0,3,3,3,0.55784434,4.115791,0,1,520549720223519684,2023-11-23,Cidade Ocidental,0,1.1201736,72890,13.4285714285714,69.280637,0,0,0,49.9762477142857,33.2029888571429,19.3575757142857,25.0,0,,,,,11050,2022-08-28,5205497,Cidade Ocidental,GO,2022,35
1661040000000,202234,1.0,1,1,1,0.07261732,1.3719304,0,1,520549720223419684,2023-11-23,Cidade Ocidental,1,0.26430258,72890,13.5714285714286,72.683668,0,0,0,50.569373,33.1938754285714,19.5404452857143,25.1428571428571,0,,,,,11050,2022-08-21,5205497,Cidade Ocidental,GO,2022,34
1660435200000,202233,3.0,3,3,3,0.21565726,4.115791,0,1,520549720223319684,2023-11-23,Cidade Ocidental,0,0.5867334,72890,14.8571428571429,73.5639842857143,0,0,0,50.4622805714286,32.8632422857143,20.7673075714286,26.2857142857143,0,,,,,11050,2022-08-14,5205497,Cidade Ocidental,GO,2022,33
1659830400000,202232,3.0,3,3,3,0.16139622,4.115791,0,1,520549720223219684,2023-11-23,Cidade Ocidental,0,0.52081376,72890,14.0,74.8994007142857,0,0,0,47.8615458571429,27.7368811428571,21.470238,29.1428571428571,0,,,,,11050,2022-08-07,5205497,Cidade Ocidental,GO,2022,32
1659225600000,202231,6.0,6,6,6,0.5835678,8.231582,0,1,520549720223119684,2023-11-23,Cidade Ocidental,0,1.1286267,72890,13.4285714285714,76.0803137142857,0,0,1,52.1349268571429,31.9962834285714,19.8380951428571,26.1428571428571,0,,,,,11050,2022-07-31,5205497,Cidade Ocidental,GO,2022,31
1658620800000,202230,6.0,6,6,6,0.529094,8.231582,0,1,520549720223019684,2023-11-23,Cidade Ocidental,0,1.0419402,72890,12.4285714285714,78.6261435714286,0,0,1,54.0497742857143,30.9571408571429,19.095798,26.1428571428571,3,,,,,11050,2022-07-24,5205497,Cidade Ocidental,GO,2022,30
1658016000000,202229,7.0,7,7,7,0.32948518,9.603512,0,1,520549720222919684,2023-11-23,Cidade Ocidental,0,0.80452085,72890,12.5714285714286,80.6108865714286,0,0,1,58.6534278571429,39.1537008571429,18.5440477142857,24.5714285714286,1,,,,,11050,2022-07-17,5205497,Cidade Ocidental,GO,2022,29
1657411200000,202228,0.0,0,0,0,0.0,0.0,0,1,520549720222819684,2023-11-23,Cidade Ocidental,0,0.0,72890,11.0,86.75139,0,0,0,62.5207772857143,38.6839828571429,17.5059522857143,24.1428571428571,0,,,,,11050,2022-07-10,5205497,Cidade Ocidental,GO,2022,28
1656806400000,202227,13.0,13,13,13,0.52864933,17.835094,0,1,520549720222719684,2023-11-23,Cidade Ocidental,1,1.0283237,72890,12.1428571428571,82.89579,0,0,1,61.0753394285714,39.6007082857143,18.2591992857143,24.7142857142857,0,,,,,11050,2022-07-03,5205497,Cidade Ocidental,GO,2022,27
1656201600000,202226,10.0,10,10,10,0.15280743,13.719303,0,1,520549720222619684,2023-11-23,Cidade Ocidental,0,0.66572845,72890,11.0,85.1387,0,0,1,58.8449532857143,34.3125784285714,18.4954482857143,25.7142857142857,1,,,,,11050,2022-06-26,5205497,Cidade Ocidental,GO,2022,26
1655596800000,202225,12.0,12,12,12,0.17325054,16.463163,0,1,520549720222519684,2023-11-23,Cidade Ocidental,1,0.70662093,72890,13.2857142857143,82.0726174285714,0,0,1,59.0751315714286,38.3953017142857,19.625,25.4285714285714,2,,,,,11050,2022-06-19,5205497,Cidade Ocidental,GO,2022,25
1654992000000,202224,15.0,15,15,15,0.33114538,20.578955,0,1,520549720222419684,2023-11-23,Cidade Ocidental,2,0.8593489,72890,15.0,85.588163,0,0,1,62.9264948571429,40.3096182857143,20.4821425714286,26.7142857142857,3,,,,,11050,2022-06-12,5205497,Cidade Ocidental,GO,2022,24
1654387200000,202223,19.0,19,19,19,0.60985285,26.066675,0,1,520549720222319684,2023-11-23,Cidade Ocidental,0,1.0958542,72890,13.5714285714286,85.4172108571429,0,0,1,66.5823192857143,46.0246508571429,18.5127551428571,24.0,5,,,,,11050,2022-06-05,5205497,Cidade Ocidental,GO,2022,23
1653782400000,202222,17.0,17,17,17,0.5452937,23.322815,0,1,520549720222219684,2023-11-23,Cidade Ocidental,3,1.0396839,72890,12.1428571428571,81.9714232857143,0,0,1,56.3103858571429,31.9399344285714,19.6437072857143,27.4285714285714,3,,,,,11050,2022-05-29,5205497,Cidade Ocidental,GO,2022,22
1653177600000,202221,17.0,17,17,17,0.4055495,23.322815,0,1,520549720222119684,2023-11-23,Cidade Ocidental,0,0.9236481,72890,12.5714285714286,87.08086,0,0,1,61.4327034285714,37.2640028571429,19.1617965714286,25.7142857142857,10,,,,,11050,2022-05-22,5205497,Cidade Ocidental,GO,2022,21
1652572800000,202220,21.0,21,21,21,0.22034982,28.810537,0,1,520549720222019684,2023-11-23,Cidade Ocidental,0,0.80007845,72890,11.8571428571429,84.4952805714286,0,0,1,62.9035674285714,36.2579531428571,17.3392857142857,23.8571428571429,10,,,,,11050,2022-05-15,5205497,Cidade Ocidental,GO,2022,20
1651968000000,202219,3.0,3,3,3,1.2808e-06,4.115791,0,1,520549720221919684,2023-11-23,Cidade Ocidental,0,0.11419621,72890,16.1428571428571,89.6756457142857,0,0,0,65.2229281428571,43.6238678571429,21.5833334285714,26.7142857142857,3,,,,,11050,2022-05-08,5205497,Cidade Ocidental,GO,2022,19
1651363200000,202218,38.0,38,38,38,0.9939267,52.13335,0,1,520549720221819684,2023-11-23,Cidade Ocidental,3,1.9661442,72890,17.1428571428571,88.1557562857143,0,1,1,67.6145771428571,49.3507055714286,22.2571428571429,27.0,14,,,,,11050,2022-05-01,5205497,Cidade Ocidental,GO,2022,18
1650758400000,202217,37.0,37,37,37,0.9915732,50.76142,0,1,520549720221719684,2023-11-23,Cidade Ocidental,1,1.9123825,72890,17.2857142857143,86.0567122857143,0,1,1,66.4426838571429,42.8870952857143,22.236472,27.4285714285714,23,,,,,11050,2022-04-24,5205497,Cidade Ocidental,GO,2022,17
1650153600000,202216,3.0,3,3,3,6.021e-07,4.115791,0,1,520549720221619684,2023-11-23,Cidade Ocidental,0,0.10917867,72890,16.1428571428571,89.7645371428571,0,0,0,64.1034552857143,40.3803115714286,22.3747414285714,28.1428571428571,3,,,,,11050,2022-04-17,5205497,Cidade Ocidental,GO,2022,16
1649548800000,202215,25.0,25,25,25,0.016158648,34.298256,0,1,520549720221519684,2023-11-23,Cidade Ocidental,2,0.5902155,72890,19.4285714285714,93.2098842857143,1,0,1,74.8484662857143,50.8316565714286,23.1062924285714,28.4285714285714,13,,,,,11050,2022-04-10,5205497,Cidade Ocidental,GO,2022,15
1648944000000,202214,16.0,16,16,16,2.2617e-06,21.950886,0,1,520549720221419684,2023-11-23,Cidade Ocidental,1,0.30308062,72890,17.2857142857143,87.3265614285714,0,0,1,63.44131,44.125536,23.2321428571429,28.4285714285714,6,,,,,11050,2022-04-03,5205497,Cidade Ocidental,GO,2022,14
1648339200000,202213,46.0,46,46,46,0.38590103,63.108795,0,4,520549720221319684,2023-11-23,Cidade Ocidental,1,0.94240403,72890,18.4285714285714,84.3402228571429,0,0,2,59.8388778571429,36.4468214285714,24.3579401428571,30.0,12,,,,,11050,2022-03-27,5205497,Cidade Ocidental,GO,2022,13
1647734400000,202212,65.0,65,65,65,0.9980037,89.17547,0,4,520549720221219684,2023-11-23,Cidade Ocidental,0,1.788672,72890,18.0,90.6027648571429,0,1,2,66.8086637142857,43.0196412857143,23.4200681428571,28.8571428571429,23,,,,,11050,2022-03-20,5205497,Cidade Ocidental,GO,2022,12
1647129600000,202211,54.0,54,54,54,0.99943,74.084236,0,1,520549720221119684,2023-11-23,Cidade Ocidental,0,2.1196132,72890,19.7142857142857,96.6082785714286,1,1,2,79.7926615714286,57.9405338571429,22.5005102857143,26.7142857142857,13,,,,,11050,2022-03-13,5205497,Cidade Ocidental,GO,2022,11
1646524800000,202210,31.0,31,31,31,0.93085873,42.52984,0,1,520549720221019684,2023-11-23,Cidade Ocidental,0,1.5130372,72890,18.7142857142857,88.2747214285714,0,0,1,68.221165,45.3070775714286,23.2678571428571,28.2857142857143,3,,,,,11050,2022-03-06,5205497,Cidade Ocidental,GO,2022,10
1645920000000,202209,28.0,28,28,28,0.80739087,38.414047,0,1,520549720220919684,2023-11-23,Cidade Ocidental,0,1.2771597,72890,17.8571428571429,91.4735677142857,0,0,1,72.9869754285714,47.0274331428571,22.3637684285714,28.0,6,,,,,11050,2022-02-27,5205497,Cidade Ocidental,GO,2022,9
1645315200000,202208,9.0,9,9,9,0.0049688183,12.347373,0,2,520549720220819684,2023-11-23,Cidade Ocidental,0,0.3884176,72890,18.8571428571429,95.6832957142857,1,0,1,77.1322252857143,54.3417425714286,22.6666665714286,27.2857142857143,6,,,,,11050,2022-02-20,5205497,Cidade Ocidental,GO,2022,8
1644710400000,202207,30.0,30,30,30,0.79415315,41.15791,0,2,520549720220719684,2023-11-23,Cidade Ocidental,0,1.2489988,72890,19.0,98.3242914285714,1,0,1,85.8533042857143,64.1374115714286,21.3015871428571,25.2857142857143,9,,,,,11050,2022-02-13,5205497,Cidade Ocidental,GO,2022,7
1644105600000,202206,20.0,20,20,20,0.2881857,27.438606,0,1,520549720220619684,2023-11-23,Cidade Ocidental,0,0.84552395,72890,19.5714285714286,94.1018757142857,1,0,1,81.1187141428571,61.4136694285714,21.8537782857143,25.1428571428571,5,,,,,11050,2022-02-06,5205497,Cidade Ocidental,GO,2022,6
1643500800000,202205,24.0,24,24,24,0.65798956,32.926327,0,1,520549720220519684,2023-11-23,Cidade Ocidental,0,1.1274399,72890,19.2857142857143,94.0717157142857,1,0,1,76.8378707142857,55.116085,22.8452382857143,27.4285714285714,4,,,,,11050,2022-01-30,5205497,Cidade Ocidental,GO,2022,5
1642896000000,202204,29.0,29,29,29,0.9232593,39.78598,0,1,520549720220419684,2023-11-23,Cidade Ocidental,0,1.5095996,72890,19.2857142857143,88.4009338571429,0,0,1,68.8524324285714,42.3662232857143,23.329365,27.7142857142857,3,,,,,11050,2022-01-23,5205497,Cidade Ocidental,GO,2022,4
1642291200000,202203,16.0,16,16,16,0.6437769,21.950886,0,1,520549720220319684,2023-11-23,Cidade Ocidental,0,1.1420718,72890,19.0,84.439927,0,0,1,60.8991127142857,38.1223407142857,24.0661762857143,28.8571428571429,1,,,,,11050,2022-01-16,5205497,Cidade Ocidental,GO,2022,3
1641686400000,202202,23.0,23,23,23,0.999605,31.554398,0,1,520549720220219684,2023-11-23,Cidade Ocidental,0,3.9265847,72890,18.2857142857143,95.7747814285714,1,1,1,81.8159628571428,62.0994928571429,21.529762,25.4285714285714,2,,,,,11050,2022-01-09,5205497,Cidade Ocidental,GO,2022,2
1641081600000,202201,19.0,19,19,19,0.9999961,26.066675,0,1,520549720220119684,2023-11-23,Cidade Ocidental,1,15.075344,72890,19.4285714285714,97.4365414285714,1,1,1,84.7637071428571,65.0754605714286,21.9415975714286,25.7142857142857,2,,,,,11050,2022-01-02,5205497,Cidade Ocidental,GO,2022,1
1640476800000,202152,0.0,0,0,0,0.0,0.0,0,1,520549720215219684,2023-11-23,Cidade Ocidental,0,0.0,72890,19.2857142857143,96.5631842857143,0,0,0,83.1031221428571,64.7107498571429,21.7639754285714,24.8571428571429,0,,,,,11050,2021-12-26,5205497,Cidade Ocidental,GO,2021,52
1639872000000,202151,0.0,0,0,0,0.0,0.0,0,1,520549720215119684,2023-11-23,Cidade Ocidental,0,0.0,72890,19.2857142857143,99.1455371428571,0,0,0,83.8618135714286,60.7938734285714,22.1863351428571,26.2857142857143,0,,,,,11050,2021-12-19,5205497,Cidade Ocidental,GO,2021,51
1639267200000,202150,0.0,0,0,0,0.0,0.0,0,1,520549720215019684,2023-11-23,Cidade Ocidental,2,0.0,72890,19.5714285714286,98.2847528571429,0,0,0,83.3876711428571,61.1714955714286,22.3749294285714,26.7142857142857,0,,,,,11050,2021-12-12,5205497,Cidade Ocidental,GO,2021,50
1638662400000,202149,4.0,4,4,4,0.20445319,5.4877214,0,2,520549720214919684,2023-11-23,Cidade Ocidental,0,0.6093565,72890,19.2857142857143,96.5631842857143,1,0,0,80.2377128571429,55.6742594285714,22.5274328571429,27.2857142857143,2,,,,,11050,2021-12-05,5205497,Cidade Ocidental,GO,2021,49
1638057600000,202148,4.0,4,4,4,0.06389185,5.4877214,0,2,520549720214819684,2023-11-23,Cidade Ocidental,0,0.43035942,72890,19.4285714285714,96.6515714285714,1,0,0,81.5217685714286,56.1278164285714,22.835686,27.1428571428571,0,,,,,11050,2021-11-28,5205497,Cidade Ocidental,GO,2021,48
1637452800000,202147,6.0,6,6,6,0.10437892,8.231582,0,2,520549720214719684,2023-11-23,Cidade Ocidental,0,0.54459375,72890,19.1428571428571,95.8185,1,0,1,71.9879885714286,45.4034822857143,23.8032182857143,29.1428571428571,0,,,,,11050,2021-11-21,5205497,Cidade Ocidental,GO,2021,47
1636848000000,202146,9.0,9,9,9,0.5005732,12.347373,0,2,520549720214619684,2023-11-23,Cidade Ocidental,0,1.0006621,72890,18.8571428571429,99.1392157142857,1,0,1,86.6335664285714,67.6370247142857,21.0626762857143,24.5714285714286,0,,,,,11050,2021-11-14,5205497,Cidade Ocidental,GO,2021,46
1636243200000,202145,14.0,14,14,14,0.9814725,19.207024,0,1,520549720214519684,2023-11-23,Cidade Ocidental,0,2.674701,72890,19.7142857142857,96.5695057142857,1,1,1,83.8560065714286,63.9031078571429,21.916996,25.7142857142857,1,,,,,11050,2021-11-07,5205497,Cidade Ocidental,GO,2021,45
1635638400000,202144,12.0,12,12,12,0.98610336,16.463163,0,1,520549720214419684,2023-11-23,Cidade Ocidental,0,3.2079966,72890,19.1428571428571,94.9049228571429,1,1,1,79.0485935714286,57.034604,22.2845851428571,26.5714285714286,0,,,,,11050,2021-10-31,5205497,Cidade Ocidental,GO,2021,44
1635033600000,202143,0.0,0,0,0,0.0,0.0,0,1,520549720214319684,2023-11-23,Cidade Ocidental,0,0.0,72890,19.7142857142857,87.2303314285714,0,0,0,65.7627388571429,42.7663114285714,24.1959345714286,29.7142857142857,0,,,,,11050,2021-10-24,5205497,Cidade Ocidental,GO,2021,43
1634428800000,202142,6.0,6,6,6,0.630496,8.231582,0,1,520549720214219684,2023-11-23,Cidade Ocidental,0,1.2144619,72890,19.1428571428571,92.4420505714286,1,0,1,72.9548801428571,49.7485974285714,23.406469,28.4285714285714,2,,,,,11050,2021-10-17,5205497,Cidade Ocidental,GO,2021,42
1633824000000,202141,2.0,2,2,2,0.061273515,2.7438607,0,1,520549720214119684,2023-11-23,Cidade Ocidental,0,0.3314075,72890,19.5714285714286,93.2596742857143,1,0,0,73.6615957142857,49.1899128571429,23.391634,28.8571428571429,0,,,,,11050,2021-10-10,5205497,Cidade Ocidental,GO,2021,41
1633219200000,202140,3.0,3,3,3,0.2075036,4.115791,0,1,520549720214019684,2023-11-23,Cidade Ocidental,0,0.5768403,72890,20.0,76.1088971428571,0,0,0,50.1387944285714,26.7316421428571,26.4464288571429,33.0,0,,,,,11050,2021-10-03,5205497,Cidade Ocidental,GO,2021,40
1632614400000,202139,12.0,12,12,12,0.94654506,16.463163,0,1,520549720213919684,2023-11-23,Cidade Ocidental,1,2.1809313,72890,19.1428571428571,78.4010768571429,0,0,1,55.5234057142857,34.1598694285714,24.5157865714286,30.2857142857143,0,,,,,11050,2021-09-26,5205497,Cidade Ocidental,GO,2021,39
1632009600000,202138,0.0,0,0,0,0.0,0.0,0,1,520549720213819684,2023-11-23,Cidade Ocidental,0,0.0,72890,18.1428571428571,66.7016934285714,0,0,0,42.6825678571429,24.1409134285714,25.714286,33.0,0,,,,,11050,2021-09-19,5205497,Cidade Ocidental,GO,2021,38
1631404800000,202137,7.0,7,7,7,0.8084213,9.603512,0,1,520549720213719684,2023-11-23,Cidade Ocidental,0,1.6645062,72890,16.1428571428571,59.2610882857143,0,0,1,34.514394,17.1883684285714,24.92029,32.1428571428571,0,,,,,11050,2021-09-12,5205497,Cidade Ocidental,GO,2021,37
1630800000000,202136,8.0,8,8,8,0.93442255,10.975443,0,1,520549720213619684,2023-11-23,Cidade Ocidental,0,2.483846,72890,16.5714285714286,64.8095248571429,0,0,1,37.2584027142857,17.8000632857143,25.5155277142857,33.4285714285714,1,,,,,11050,2021-09-05,5205497,Cidade Ocidental,GO,2021,36
1630195200000,202135,2.0,2,2,2,0.31821713,2.7438607,0,1,520549720213519684,2023-11-23,Cidade Ocidental,0,0.6749501,72890,15.7142857142857,73.0531564285714,0,0,0,49.6873562857143,28.6732232857143,22.1380345714286,28.7142857142857,0,,,,,11050,2021-08-29,5205497,Cidade Ocidental,GO,2021,35
1629590400000,202134,4.0,4,4,4,0.6641435,5.4877214,0,1,520549720213419684,2023-11-23,Cidade Ocidental,0,1.3555384,72890,14.2857142857143,71.4570802857143,0,0,0,44.6969774285714,24.613081,22.5527948571429,30.0,0,,,,,11050,2021-08-22,5205497,Cidade Ocidental,GO,2021,34
1628985600000,202133,2.0,2,2,2,0.3579785,2.7438607,0,1,520549720213319684,2023-11-23,Cidade Ocidental,0,0.73496646,72890,12.7142857142857,74.385162,0,0,0,46.1761064285714,26.1762268571429,20.7950314285714,27.8571428571429,0,,,,,11050,2021-08-15,5205497,Cidade Ocidental,GO,2021,33
1628380800000,202132,4.0,4,4,4,0.72788745,5.4877214,0,1,520549720213219684,2023-11-23,Cidade Ocidental,0,1.5673637,72890,12.1428571428571,79.8900945714286,0,0,0,50.8448611428571,27.7660268571429,20.2732914285714,27.5714285714286,1,,,,,11050,2021-08-08,5205497,Cidade Ocidental,GO,2021,32
1627776000000,202131,2.0,2,2,2,0.40068644,2.7438607,0,1,520549720213119684,2023-11-23,Cidade Ocidental,0,0.805038,72890,13.5714285714286,76.406646,0,0,0,55.1886467142857,36.0426724285714,19.2289665714286,24.7142857142857,0,,,,,11050,2021-08-01,5205497,Cidade Ocidental,GO,2021,31
1627171200000,202130,3.0,3,3,3,0.57695174,4.115791,0,1,520549720213019684,2023-11-23,Cidade Ocidental,0,1.1649206,72890,10.5714285714286,75.366805,0,0,0,49.8458544285714,31.1257135714286,18.7826088571429,26.7142857142857,0,,,,,11050,2021-07-25,5205497,Cidade Ocidental,GO,2021,30
1626566400000,202129,2.0,2,2,2,0.30768332,2.7438607,0,1,520549720212919684,2023-11-23,Cidade Ocidental,0,0.65974844,72890,12.7142857142857,74.9124467142857,0,0,0,51.354167,31.2764212857143,19.6708077142857,26.2857142857143,1,,,,,11050,2021-07-18,5205497,Cidade Ocidental,GO,2021,29
1625961600000,202128,3.0,3,3,3,0.2681334,4.115791,0,1,520549720212819684,2023-11-23,Cidade Ocidental,0,0.6512767,72890,10.1428571428571,84.1847835714286,0,0,0,56.1268215714286,31.4361722857143,18.5222565714286,26.1428571428571,0,,,,,11050,2021-07-11,5205497,Cidade Ocidental,GO,2021,28
1625356800000,202127,2.0,2,2,2,0.033770137,2.7438607,0,1,520549720212719684,2023-11-23,Cidade Ocidental,0,0.28292298,72890,9.28571428571429,84.98449,0,0,0,55.942113,29.4734464285714,17.5155282857143,25.2857142857143,2,,,,,11050,2021-07-04,5205497,Cidade Ocidental,GO,2021,27
1624752000000,202126,4.0,4,4,4,0.10193584,5.4877214,0,1,520549720212619684,2023-11-23,Cidade Ocidental,0,0.4851678,72890,10.8571428571429,83.5715771428571,0,0,0,59.7952774285714,37.5027352857143,17.5344437142857,24.1428571428571,1,,,,,11050,2021-06-27,5205497,Cidade Ocidental,GO,2021,26
1624147200000,202125,7.0,7,7,7,0.51057637,9.603512,0,1,520549720212519684,2023-11-23,Cidade Ocidental,0,1.0138946,72890,13.0,87.7259265714286,0,0,1,60.1422724285714,32.6517378571429,19.931112,26.8571428571429,4,,,,,11050,2021-06-20,5205497,Cidade Ocidental,GO,2021,25
1623542400000,202124,12.0,12,12,12,0.95708483,16.463163,0,1,520549720212419684,2023-11-23,Cidade Ocidental,0,2.324447,72890,14.2857142857143,86.6938714285714,0,1,1,64.0337278571428,43.005393,19.9184782857143,25.2857142857143,3,,,,,11050,2021-06-13,5205497,Cidade Ocidental,GO,2021,24
1622937600000,202123,5.0,5,5,5,0.64364994,6.8596516,0,1,520549720212319684,2023-11-23,Cidade Ocidental,2,1.265712,72890,15.0,88.7808271428571,0,0,1,67.8732564285714,45.2684524285714,20.0833335714286,25.8571428571429,1,,,,,11050,2021-06-06,5205497,Cidade Ocidental,GO,2021,23
1622332800000,202122,6.0,6,6,6,0.75750685,8.231582,0,1,520549720212219684,2023-11-23,Cidade Ocidental,0,1.5371798,72890,14.0,87.9087857142857,0,0,1,63.6846164285714,37.631327,20.5736282857143,27.2857142857143,1,,,,,11050,2021-05-30,5205497,Cidade Ocidental,GO,2021,22
1621728000000,202121,3.0,3,3,3,0.2235562,4.115791,0,1,520549720212119684,2023-11-23,Cidade Ocidental,0,0.59633774,72890,16.7142857142857,92.2280257142857,0,0,0,67.7113187142857,42.8719665714286,22.375,28.4285714285714,3,,,,,11050,2021-05-23,5205497,Cidade Ocidental,GO,2021,21
1621123200000,202120,3.0,3,3,3,0.14875667,4.115791,0,1,520549720212019684,2023-11-23,Cidade Ocidental,0,0.50524527,72890,13.0,91.2107414285714,0,0,0,62.314748,35.1850972857143,20.4761905714286,27.1428571428571,2,,,,,11050,2021-05-16,5205497,Cidade Ocidental,GO,2021,20
1620518400000,202119,5.0,5,5,5,0.29724416,6.8596516,0,1,520549720211919684,2023-11-23,Cidade Ocidental,0,0.7399155,72890,14.1428571428571,88.6733928571429,0,0,1,64.3450831428571,41.1646547142857,20.125,25.7142857142857,0,,,,,11050,2021-05-09,5205497,Cidade Ocidental,GO,2021,19
1619913600000,202118,8.0,8,8,8,0.39927194,10.975443,0,1,520549720211819684,2023-11-23,Cidade Ocidental,0,0.88620543,72890,14.5714285714286,88.9441585714286,0,0,1,67.5060581428571,42.5059274285714,20.4880954285714,26.1428571428571,2,,,,,11050,2021-05-02,5205497,Cidade Ocidental,GO,2021,18
1619308800000,202117,3.0,3,3,3,0.014489512,4.115791,0,1,520549720211719684,2023-11-23,Cidade Ocidental,0,0.2848597,72890,17.5714285714286,95.7048842857143,0,0,0,77.3551394285714,54.2797311428571,21.5520185714286,25.8571428571429,0,,,,,11050,2021-04-25,5205497,Cidade Ocidental,GO,2021,17
1618704000000,202116,11.0,11,11,11,0.5602055,15.091233,0,1,520549720211619684,2023-11-23,Cidade Ocidental,0,1.0664835,72890,15.2857142857143,93.89014,0,0,1,73.4630407142857,50.37927,19.9399095714286,25.1428571428571,3,,,,,11050,2021-04-18,5205497,Cidade Ocidental,GO,2021,16
1618099200000,202115,12.0,12,12,12,0.59048325,16.463163,0,1,520549720211519684,2023-11-23,Cidade Ocidental,0,1.098439,72890,16.2857142857143,89.7070257142857,0,0,1,67.434619,43.7768872857143,21.7261905714286,27.2857142857143,1,,,,,11050,2021-04-11,5205497,Cidade Ocidental,GO,2021,15
1617494400000,202114,10.0,10,10,10,0.22264148,13.719303,0,1,520549720211419684,2023-11-23,Cidade Ocidental,0,0.7332356,72890,18.2857142857143,94.8571971428571,1,0,1,79.5558544285714,59.3112671428571,21.1607142857143,25.2857142857143,2,,,,,11050,2021-04-04,5205497,Cidade Ocidental,GO,2021,14
1616889600000,202113,8.0,8,8,8,0.056763213,10.975443,0,1,520549720211319684,2023-11-23,Cidade Ocidental,0,0.5175078,72890,17.7142857142857,89.8154948571429,0,0,1,64.6507262857143,40.2301368571429,23.504348,29.4285714285714,1,,,,,11050,2021-03-28,5205497,Cidade Ocidental,GO,2021,13
1616284800000,202112,15.0,15,15,15,0.5273482,20.578955,0,1,520549720211219684,2023-11-23,Cidade Ocidental,3,1.0251657,72890,16.4285714285714,88.9287742857143,0,0,1,63.8930594285714,38.4806095714286,22.3869045714286,28.1428571428571,4,,,,,11050,2021-03-21,5205497,Cidade Ocidental,GO,2021,12
1615680000000,202111,18.0,18,18,18,0.87822515,24.694746,0,2,520549720211119684,2023-11-23,Cidade Ocidental,0,1.5315709,72890,19.2857142857143,96.54408,1,0,1,81.2212574285714,61.589928,21.7251725714286,25.2857142857143,4,,,,,11050,2021-03-14,5205497,Cidade Ocidental,GO,2021,11
1615075200000,202110,14.0,14,14,14,0.9037263,19.207024,0,2,520549720211019684,2023-11-23,Cidade Ocidental,3,1.7416433,72890,19.4285714285714,94.0377471428571,1,0,1,80.3793621428571,57.9639117142857,21.9704968571429,26.4285714285714,3,,,,,11050,2021-03-07,5205497,Cidade Ocidental,GO,2021,10
1614470400000,202109,15.0,15,15,15,0.98427534,20.578955,0,2,520549720210919684,2023-11-23,Cidade Ocidental,0,2.6690164,72890,18.2857142857143,93.20218,1,1,1,76.8389297142857,60.481756,21.7889851428571,25.4285714285714,2,,,,,11050,2021-02-28,5205497,Cidade Ocidental,GO,2021,9
1613865600000,202108,4.0,4,4,4,0.53866774,5.4877214,0,2,520549720210819684,2023-11-23,Cidade Ocidental,0,1.0683326,72890,19.0,95.7024,1,0,0,85.4754722857143,68.6904364285714,21.0818558571429,24.8571428571429,2,,,,,11050,2021-02-21,5205497,Cidade Ocidental,GO,2021,8
1613260800000,202107,8.0,8,8,8,0.9635192,10.975443,0,2,520549720210719684,2023-11-23,Cidade Ocidental,0,3.1236677,72890,19.8571428571429,97.43029,1,1,1,87.0259122857143,67.941441,21.5729814285714,25.7142857142857,1,,,,,11050,2021-02-14,5205497,Cidade Ocidental,GO,2021,7
1612656000000,202106,2.0,2,2,2,0.39716882,2.7438607,0,1,520549720210619684,2023-11-23,Cidade Ocidental,0,0.79901195,72890,18.8571428571429,95.7417291428571,1,0,0,84.8033824285714,67.4999421428571,21.139234,25.1428571428571,2,,,,,11050,2021-02-07,5205497,Cidade Ocidental,GO,2021,6
1612051200000,202105,3.0,3,3,3,0.33366254,4.115791,0,1,520549720210519684,2023-11-23,Cidade Ocidental,1,0.7362681,72890,19.7142857142857,90.0852285714286,1,0,0,74.4659757142857,54.7082732857143,23.2533314285714,27.5714285714286,0,,,,,11050,2021-01-31,5205497,Cidade Ocidental,GO,2021,5
1611446400000,202104,1.0,1,1,1,0.030910967,1.3719304,0,1,520549720210419684,2023-11-23,Cidade Ocidental,0,0.19937247,72890,18.2857142857143,84.5731074285714,0,0,0,63.7151582857143,43.7780817142857,23.1924601428571,28.1428571428571,0,,,,,11050,2021-01-24,5205497,Cidade Ocidental,GO,2021,4
1610841600000,202103,3.0,3,3,3,0.49383324,4.115791,0,1,520549720210319684,2023-11-23,Cidade Ocidental,0,0.9883313,72890,17.8571428571429,91.6025291428571,0,0,0,65.5975597142857,43.1606454285714,23.3387445714286,28.1428571428571,0,,,,,11050,2021-01-17,5205497,Cidade Ocidental,GO,2021,3
1610236800000,202102,10.0,10,10,10,0.99890363,13.719303,0,1,520549720210219684,2023-11-23,Cidade Ocidental,0,9.517294,72890,19.5714285714286,96.5695057142857,1,1,1,81.7848205714286,60.8395625714286,22.154729,26.5714285714286,1,,,,,11050,2021-01-10,5205497,Cidade Ocidental,GO,2021,2
1609632000000,202101,1.0,1,1,1,0.5797281,1.3719304,0,1,520549720210119684,2023-11-23,Cidade Ocidental,0,1.2713723,72890,19.1428571428571,91.5289014285714,1,0,0,73.1375412857143,47.3362918571429,23.405538,28.7142857142857,0,,,,,11050,2021-01-03,5205497,Cidade Ocidental,GO,2021,1
1609027200000,202053,3.0,3,3,3,0.59585696,4.115791,0,1,520549720205319589,2023-08-20,Cidade Ocidental,0,1.2122104,72890,19.0,88.269605,0,0,0,70.346973,43.828385,22.625,29.0,0,,,,,11050,2020-12-27,5205497,Cidade Ocidental,GO,2020,53
1608422400000,202052,3.0,3,3,3,0.43594074,4.115791,0,1,520549720205219589,2023-08-20,Cidade Ocidental,0,0.8872474,72890,19.08,89.18544416,0,0,0,,,,,0,,,,,11050,2020-12-20,5205497,Cidade Ocidental,GO,2020,52
1607817600000,202051,0.0,0,0,0,0.0,0.0,0,1,520549720205119589,2023-08-20,Cidade Ocidental,0,0.0,72890,19.16,90.10128332,0,0,0,,,,,0,,,,,11050,2020-12-13,5205497,Cidade Ocidental,GO,2020,51
1607212800000,202050,6.0,6,6,6,0.72473717,8.231582,0,2,520549720205019589,2023-08-20,Cidade Ocidental,0,1.435995,72890,19.24,91.01712248,1,0,1,,,,,1,,,,,11050,2020-12-06,5205497,Cidade Ocidental,GO,2020,50
1606608000000,202049,2.0,2,2,2,0.27404365,2.7438607,0,2,520549720204919589,2023-08-20,Cidade Ocidental,0,0.61282736,72890,19.32,91.93296164,1,0,0,,,,,1,,,,,11050,2020-11-29,5205497,Cidade Ocidental,GO,2020,49
1606003200000,202048,6.0,6,6,6,0.95112187,8.231582,0,1,520549720204819589,2023-08-20,Cidade Ocidental,0,3.3780491,72890,19.4,92.8488008,1,1,1,76.536782,55.6382074,22.6426876,26.8,0,,,,,11050,2020-11-22,5205497,Cidade Ocidental,GO,2020,48
1605398400000,202047,4.0,4,4,4,0.93480945,5.4877214,0,1,520549720204719589,2023-08-20,Cidade Ocidental,0,3.8937747,72890,19.7142857142857,94.98075,1,0,0,78.051455,56.0577165714286,23.4233951428571,28.1428571428571,2,,,,,11050,2020-11-15,5205497,Cidade Ocidental,GO,2020,47
1604793600000,202046,0.0,0,0,0,0.0,0.0,0,1,520549720204619589,2023-08-20,Cidade Ocidental,0,0.0,72890,20.1666666666667,90.4472266666667,0,0,0,74.2262956666667,48.799564,23.8993466666667,29.1666666666667,0,,,,,11050,2020-11-08,5205497,Cidade Ocidental,GO,2020,46
1604188800000,202045,2.0,2,2,2,0.77787954,2.7438607,0,1,520549720204519589,2023-08-20,Cidade Ocidental,0,2.2299461,72890,19.2857142857143,94.8811542857143,1,0,0,76.4401137142857,49.5668171428571,23.0226568571429,28.4285714285714,0,,,,,11050,2020-11-01,5205497,Cidade Ocidental,GO,2020,45
1603584000000,202044,0.0,0,0,0,0.0,0.0,0,1,520549720204419589,2023-08-20,Cidade Ocidental,0,0.0,72890,20.5714285714286,93.2780757142857,0,0,0,78.1103414285714,56.511382,23.3482968571429,27.5714285714286,0,,,,,11050,2020-10-25,5205497,Cidade Ocidental,GO,2020,44
1602979200000,202043,0.0,0,0,0,0.0,0.0,0,1,520549720204319589,2023-08-20,Cidade Ocidental,0,0.0,72890,19.8571428571429,94.16264,0,0,0,80.1241831428571,61.2628961428571,22.5866742857143,26.5714285714286,0,,,,,11050,2020-10-18,5205497,Cidade Ocidental,GO,2020,43
1602374400000,202042,3.0,3,3,3,0.7915922,4.115791,0,1,520549720204219589,2023-08-20,Cidade Ocidental,0,2.0515172,72890,20.0,86.1631828571429,0,0,0,64.3453175714286,39.6213817142857,24.7814791428571,30.7142857142857,0,,,,,11050,2020-10-11,5205497,Cidade Ocidental,GO,2020,42
1601769600000,202041,1.0,1,1,1,0.44144228,1.3719304,0,1,520549720204119589,2023-08-20,Cidade Ocidental,0,0.8476708,72890,20.1428571428571,62.5708698571429,0,0,0,36.8508507142857,17.996575,28.0147517142857,35.7142857142857,0,,,,,11050,2020-10-04,5205497,Cidade Ocidental,GO,2020,41
1601164800000,202040,2.0,2,2,2,0.58122915,2.7438607,0,1,520549720204019589,2023-08-20,Cidade Ocidental,0,1.2112503,72890,17.2857142857143,65.7091887142857,0,0,0,39.3952008571429,19.7423272857143,25.8045065714286,33.7142857142857,1,,,,,11050,2020-09-27,5205497,Cidade Ocidental,GO,2020,40
1600560000000,202039,1.0,1,1,1,0.10673986,1.3719304,0,1,520549720203919589,2023-08-20,Cidade Ocidental,0,0.30980575,72890,18.1428571428571,85.2838851428571,0,0,0,60.7414517142857,36.3818038571429,23.8338508571429,30.0,0,,,,,11050,2020-09-20,5205497,Cidade Ocidental,GO,2020,39
1599955200000,202038,0.0,0,0,0,0.0,0.0,0,1,520549720203819589,2023-08-20,Cidade Ocidental,0,0.0,72890,17.5714285714286,62.0121022857143,0,0,0,39.6025677142857,22.710204,24.7060042857143,31.1428571428571,0,,,,,11050,2020-09-13,5205497,Cidade Ocidental,GO,2020,38
1599350400000,202037,4.0,4,4,4,0.55315745,5.4877214,0,1,520549720203719589,2023-08-20,Cidade Ocidental,0,1.0958302,72890,14.5714285714286,72.0561828571429,0,0,0,42.6524082857143,21.5614704285714,23.5127751428571,31.2857142857143,2,,,,,11050,2020-09-06,5205497,Cidade Ocidental,GO,2020,37
1598745600000,202036,6.0,6,6,6,0.8148547,8.231582,0,1,520549720203619589,2023-08-20,Cidade Ocidental,0,1.7674125,72890,14.7142857142857,71.5903858571429,0,0,1,45.7134751428571,25.652764,22.6461977142857,29.8571428571429,1,,,,,11050,2020-08-30,5205497,Cidade Ocidental,GO,2020,36
1598140800000,202035,2.0,2,2,2,0.31571576,2.7438607,0,1,520549720203519589,2023-08-20,Cidade Ocidental,0,0.67131615,72890,13.4285714285714,77.2957211428571,0,0,0,51.4758597142857,26.6237167142857,21.028468,28.8571428571429,0,,,,,11050,2020-08-23,5205497,Cidade Ocidental,GO,2020,35
1597536000000,202034,4.0,4,4,4,0.6723235,5.4877214,0,1,520549720203419589,2023-08-20,Cidade Ocidental,0,1.3793452,72890,16.1428571428571,81.0905214285714,0,0,0,53.2130517142857,31.3650547142857,23.8683888571429,30.7142857142857,0,,,,,11050,2020-08-16,5205497,Cidade Ocidental,GO,2020,34
1596931200000,202033,4.0,4,4,4,0.34805593,5.4877214,0,1,520549720203319589,2023-08-20,Cidade Ocidental,0,0.78048676,72890,14.0,80.6486957142857,0,0,0,53.8767831428571,30.1924594285714,21.3943391428571,28.4285714285714,0,,,,,11050,2020-08-09,5205497,Cidade Ocidental,GO,2020,33
1596326400000,202032,0.0,0,0,0,0.0,0.0,0,1,520549720203219589,2023-08-20,Cidade Ocidental,0,0.0,72890,13.2857142857143,77.6079342857143,0,0,0,57.4005497142857,37.3312118571429,18.6803834285714,24.4285714285714,0,,,,,11050,2020-08-02,5205497,Cidade Ocidental,GO,2020,32
1595721600000,202031,5.0,5,5,5,0.0050814496,6.8596516,0,1,520549720203119589,2023-08-20,Cidade Ocidental,0,0.30662987,72890,13.5714285714286,85.3140458571429,0,0,1,57.982508,32.3109621428571,20.4030982857143,27.0,0,,,,,11050,2020-07-26,5205497,Cidade Ocidental,GO,2020,31
1595116800000,202030,8.0,8,8,8,0.0030514186,10.975443,0,1,520549720203019589,2023-08-20,Cidade Ocidental,0,0.35319483,72890,11.4285714285714,90.687838,0,0,1,60.0307062857143,35.8624102857143,19.3062768571429,26.1428571428571,1,,,,,11050,2020-07-19,5205497,Cidade Ocidental,GO,2020,30
1594512000000,202029,16.0,16,16,16,0.0594228,21.950886,0,1,520549720202919589,2023-08-20,Cidade Ocidental,0,0.6165244,72890,11.4285714285714,85.074415,0,0,1,56.5115657142857,29.6686241428571,19.3206994285714,27.1428571428571,6,,,,,11050,2020-07-12,5205497,Cidade Ocidental,GO,2020,29
1593907200000,202028,25.0,25,25,25,0.34109786,34.298256,0,4,520549720202819589,2023-08-20,Cidade Ocidental,0,0.89427733,72890,12.5714285714286,88.6165742857143,0,0,2,64.1549684285714,36.1689917142857,19.1090455714286,26.1428571428571,7,,,,,11050,2020-07-05,5205497,Cidade Ocidental,GO,2020,28
1593302400000,202027,29.0,29,29,29,0.4116922,39.78598,0,4,520549720202719589,2023-08-20,Cidade Ocidental,0,0.94423866,72890,12.75,87.7548365,0,0,2,65.10611175,41.28447925,19.39533525,26.25,10,,,,,11050,2020-06-28,5205497,Cidade Ocidental,GO,2020,27
1592697600000,202026,22.0,22,22,22,0.13402642,30.182467,0,4,520549720202619589,2023-08-20,Cidade Ocidental,0,0.73580813,72890,12.25,92.130341,0,0,2,69.42213875,42.09459375,18.24442575,26.5,2,,,,,11050,2020-06-21,5205497,Cidade Ocidental,GO,2020,26
1592092800000,202025,37.0,37,37,37,0.80075216,50.76142,0,4,520549720202519589,2023-08-20,Cidade Ocidental,0,1.227959,72890,16.0,86.82093,0,0,2,73.9081525,52.2088125,19.16789625,24.0,10,,,,,11050,2020-06-14,5205497,Cidade Ocidental,GO,2020,25
1591488000000,202024,33.0,33,33,33,0.3117578,45.2737,0,1,520549720202419589,2023-08-20,Cidade Ocidental,0,0.8898759,72890,14.1666666666667,93.803185,0,0,2,69.6592866666667,40.215806,20.402778,27.3333333333333,16,,,,,11050,2020-06-07,5205497,Cidade Ocidental,GO,2020,24
1590883200000,202023,16.0,16,16,16,0.0001088233,21.950886,0,1,520549720202319589,2023-08-20,Cidade Ocidental,0,0.3649671,72890,13.8571428571429,93.724342,0,0,1,70.5141934285714,43.6918814285714,20.6309522857143,27.5714285714286,7,,,,,11050,2020-05-31,5205497,Cidade Ocidental,GO,2020,23
1590278400000,202022,47.0,47,47,47,0.33597827,64.48073,0,4,520549720202219589,2023-08-20,Cidade Ocidental,0,0.91837335,72890,13.5714285714286,92.0528768571429,0,0,2,69.9062687142857,42.2619901428571,19.6904765714286,26.2857142857143,20,,,,,11050,2020-05-24,5205497,Cidade Ocidental,GO,2020,22
1589673600000,202021,40.0,40,40,40,0.004471768,54.877213,0,4,520549720202119589,2023-08-20,Cidade Ocidental,0,0.59916157,72890,16.8571428571429,94.7384354285714,0,0,2,77.6645612857143,56.1353478571429,21.2797622857143,26.1428571428571,19,,,,,11050,2020-05-17,5205497,Cidade Ocidental,GO,2020,21
1589068800000,202020,51.0,51,51,51,9.58974e-05,69.968445,0,4,520549720202019589,2023-08-20,Cidade Ocidental,0,0.5330324,72890,15.5714285714286,95.54601,0,0,2,77.5833255714286,54.4287637142857,20.295238,26.0,28,,,,,11050,2020-05-10,5205497,Cidade Ocidental,GO,2020,20
1588464000000,202019,53.0,53,53,53,2.8e-09,72.7123,0,4,520549720201919589,2023-08-20,Cidade Ocidental,0,0.40609187,72890,16.1428571428571,90.4847614285714,0,0,2,71.2979182857143,47.779535,21.1130954285714,26.4285714285714,32,,,,,11050,2020-05-03,5205497,Cidade Ocidental,GO,2020,19
1587859200000,202018,96.0,96,96,96,3.68249e-05,131.7053,0,4,520549720201819589,2023-08-20,Cidade Ocidental,0,0.60433245,72890,15.2857142857143,93.7856005714286,0,0,2,70.0920012857143,44.7584124285714,21.1964285714286,27.0,52,,,,,11050,2020-04-26,5205497,Cidade Ocidental,GO,2020,18
1587254400000,202017,132.0,132,132,132,0.08530214,181.0948,0,4,520549720201719589,2023-08-20,Cidade Ocidental,0,0.85065556,72890,19.8571428571429,94.9427114285714,1,0,2,84.919722,68.5638907142857,22.0238094285714,25.4285714285714,77,,,,,11050,2020-04-19,5205497,Cidade Ocidental,GO,2020,17
1586649600000,202016,165.0,165,165,165,0.9972834,226.3685,0,4,520549720201619589,2023-08-20,Cidade Ocidental,0,1.3938729,72890,19.8571428571429,94.9302085714286,1,1,2,82.8242042857143,64.168793,22.5357142857143,26.2857142857143,100,,,,,11050,2020-04-12,5205497,Cidade Ocidental,GO,2020,16
1586044800000,202015,213.0,213,213,213,1.0,292.22116,0,4,520549720201519589,2023-08-20,Cidade Ocidental,0,2.1641653,72890,20.7142857142857,94.9730985714286,1,1,2,78.1272734285714,52.911129,24.2083331428571,29.5714285714286,116,,,,,11050,2020-04-05,5205497,Cidade Ocidental,GO,2020,15
1585440000000,202014,73.0,73,73,73,0.030953087,100.15091,0,4,520549720201419589,2023-08-20,Cidade Ocidental,0,0.75056964,72890,19.5714285714286,92.4085957142857,1,0,2,69.1127041428571,44.5349284285714,24.9285714285714,30.2857142857143,35,,,,,11050,2020-03-29,5205497,Cidade Ocidental,GO,2020,14
1584835200000,202013,92.0,92,92,92,0.45215562,126.21759,0,4,520549720201319589,2023-08-20,Cidade Ocidental,0,0.9825465,72890,20.1428571428571,98.2973257142857,1,0,2,87.7532198571429,69.186956,22.1428571428571,26.2857142857143,47,,,,,11050,2020-03-22,5205497,Cidade Ocidental,GO,2020,13
1584230400000,202012,114.0,114,114,114,0.9030608,156.40005,0,4,520549720201219589,2023-08-20,Cidade Ocidental,0,1.1967702,72890,19.7142857142857,90.8647865714286,1,0,2,77.6681498571429,58.973507,22.5995671428571,26.5714285714286,55,,,,,11050,2020-03-15,5205497,Cidade Ocidental,GO,2020,12
1583625600000,202011,85.0,85,85,85,0.1590894,116.614075,0,4,520549720201119589,2023-08-20,Cidade Ocidental,0,0.86307967,72890,20.7142857142857,93.2664471428571,1,0,2,81.3387764285714,64.1798621428571,23.1352811428571,26.7142857142857,24,,,,,11050,2020-03-08,5205497,Cidade Ocidental,GO,2020,11
1583020800000,202010,82.0,82,82,82,0.46172693,112.49828,0,4,520549720201019589,2023-08-20,Cidade Ocidental,0,0.9851984,72890,20.2857142857143,97.4428628571429,1,0,2,86.4160564285714,73.098703,22.297078,24.8571428571429,46,,,,,11050,2020-03-01,5205497,Cidade Ocidental,GO,2020,10
1582416000000,202009,129.0,129,129,129,0.99999976,176.979,0,4,520549720200919589,2023-08-20,Cidade Ocidental,0,2.1217098,72890,20.5714285714286,94.9481585714286,1,1,2,84.7401114285714,67.8492261428571,22.8566017142857,26.7142857142857,74,,,,,11050,2020-02-23,5205497,Cidade Ocidental,GO,2020,9
1581811200000,202008,81.0,81,81,81,0.9994757,111.12636,0,4,520549720200819589,2023-08-20,Cidade Ocidental,0,1.8140371,72890,21.0,93.3246265714286,1,1,2,84.3276742857143,76.6478397142857,22.4025971428571,23.7142857142857,58,,,,,11050,2020-02-16,5205497,Cidade Ocidental,GO,2020,8
1581206400000,202007,51.0,51,51,51,0.94111663,69.968445,0,4,520549720200719589,2023-08-20,Cidade Ocidental,0,1.3982453,72890,19.8571428571429,94.0811228571429,1,0,2,89.6373401428571,83.8569494285714,21.1142857142857,22.2857142857143,33,,,,,11050,2020-02-09,5205497,Cidade Ocidental,GO,2020,7
1580601600000,202006,53.0,53,53,53,0.97354925,72.7123,0,2,520549720200619589,2023-08-20,Cidade Ocidental,0,1.5145855,72890,20.0,93.2598771428571,1,1,2,82.0111215714286,68.9063538571429,22.6011905714286,25.4285714285714,30,,,,,11050,2020-02-02,5205497,Cidade Ocidental,GO,2020,6
1579996800000,202005,15.0,15,15,15,0.02439291,20.578955,0,1,520549720200519589,2023-08-20,Cidade Ocidental,0,0.54265594,72890,20.5714285714286,94.0694242857143,1,0,1,76.7092428571429,52.7331998571429,24.0952377142857,29.1428571428571,11,,,,,11050,2020-01-26,5205497,Cidade Ocidental,GO,2020,5
1579392000000,202004,57.0,57,57,57,0.99999857,78.20003,0,3,520549720200419589,2023-08-20,Cidade Ocidental,0,3.20947,72890,21.1428571428571,94.0437657142857,1,1,2,82.469923,64.8863707142857,23.4345237142857,27.1428571428571,20,,,,,11050,2020-01-19,5205497,Cidade Ocidental,GO,2020,4
1578787200000,202003,19.0,19,19,19,0.97291845,26.066675,0,3,520549720200319589,2023-08-20,Cidade Ocidental,0,2.0956914,72890,20.8571428571429,84.6269542857143,0,1,1,61.9866042857143,40.339235,26.1309522857143,31.4285714285714,8,,,,,11050,2020-01-12,5205497,Cidade Ocidental,GO,2020,3
1578182400000,202002,21.0,21,21,21,0.9999183,28.810537,0,1,520549720200219589,2023-08-20,Cidade Ocidental,0,5.820328,72890,20.2857142857143,94.93646,1,1,1,81.0192821428572,61.600405,23.5523805714286,27.5714285714286,8,,,,,11050,2020-01-05,5205497,Cidade Ocidental,GO,2020,2
1577577600000,202001,7.0,7,7,7,0.97113866,9.603512,0,1,520549720200119589,2023-08-20,Cidade Ocidental,0,3.8158333,72890,20.6666666666667,91.3808733333333,1,1,1,78.256815,58.8144246666667,22.9694443333333,27.0,7,,,,,11050,2019-12-29,5205497,Cidade Ocidental,GO,2020,1
1576972800000,201952,0.0,0,0,0,0.0,0.0,0,1,520549720195219589,2023-08-20,Cidade Ocidental,0,0.0,72890,20.2857142857143,88.5374357142857,0,0,0,81.7564242857143,70.7298128571429,21.8158728571429,24.0,0,,,,,11050,2019-12-22,5205497,Cidade Ocidental,GO,2019,52
1576368000000,201951,3.0,3,3,3,0.8085959,4.115791,0,1,520549720195119589,2023-08-20,Cidade Ocidental,0,2.1868653,72890,20.1428571428571,85.4108108571428,0,0,0,76.6244357142857,66.7672311428571,22.1428571428571,24.8571428571429,1,,,,,11050,2019-12-15,5205497,Cidade Ocidental,GO,2019,51
1575763200000,201950,1.0,1,1,1,0.31869316,1.3719304,0,1,520549720195019589,2023-08-20,Cidade Ocidental,0,0.6061487,72890,20.5714285714286,94.9120657142857,1,0,0,89.4822734285714,82.46952,21.3210315714286,22.5714285714286,1,,,,,11050,2019-12-08,5205497,Cidade Ocidental,GO,2019,50
1575158400000,201949,0.0,0,0,0,0.0,0.0,0,1,520549720194919589,2023-08-20,Cidade Ocidental,0,0.0,72890,21.0,94.9301385714286,0,0,0,88.7458828571429,84.0757014285714,21.7571428571429,22.4285714285714,0,,,,,11050,2019-12-01,5205497,Cidade Ocidental,GO,2019,49
1574553600000,201948,4.0,4,4,4,0.9926397,5.4877214,0,1,520549720194819589,2023-08-20,Cidade Ocidental,0,18.521618,72890,20.7142857142857,93.2093914285714,1,0,0,88.4090734285714,81.9633924285714,21.7,22.8571428571429,4,,,,,11050,2019-11-24,5205497,Cidade Ocidental,GO,2019,48
1573948800000,201947,0.0,0,0,0,0.0,0.0,0,1,520549720194719589,2023-08-20,Cidade Ocidental,0,0.0,72890,19.7142857142857,93.1467334285714,0,0,0,86.5033892857143,80.26802,20.6650792857143,21.7142857142857,0,,,,,11050,2019-11-17,5205497,Cidade Ocidental,GO,2019,47
1573344000000,201946,0.0,0,0,0,0.0,0.0,0,1,520549720194619589,2023-08-20,Cidade Ocidental,0,0.0,72890,21.5714285714286,74.6293081428571,0,0,0,64.6643605714286,51.9924652857143,23.8428571428571,26.7142857142857,0,,,,,11050,2019-11-10,5205497,Cidade Ocidental,GO,2019,46
1572739200000,201945,0.0,0,0,0,0.0,0.0,0,1,520549720194519589,2023-08-20,Cidade Ocidental,0,0.0,72890,20.8571428571429,88.4662028571429,0,0,0,77.605495,66.3822857142857,22.6428571428571,24.4285714285714,0,,,,,11050,2019-11-03,5205497,Cidade Ocidental,GO,2019,45
1572134400000,201944,0.0,0,0,0,0.0,0.0,0,1,520549720194419589,2023-08-20,Cidade Ocidental,0,0.0,72890,20.7142857142857,78.771418,0,0,0,68.55201,56.3240627142857,22.7467534285714,25.1428571428571,0,,,,,11050,2019-10-27,5205497,Cidade Ocidental,GO,2019,44
1571529600000,201943,0.0,0,0,0,0.0,0.0,0,1,520549720194319589,2023-08-20,Cidade Ocidental,0,0.0,72890,20.4285714285714,82.4392952857143,0,0,0,73.8886335714286,62.8859527142857,22.4883117142857,24.8571428571429,0,,,,,11050,2019-10-20,5205497,Cidade Ocidental,GO,2019,43
1570924800000,201942,0.0,0,0,0,0.0,0.0,0,1,520549720194219589,2023-08-20,Cidade Ocidental,0,0.0,72890,17.4285714285714,68.6735242857143,0,0,0,52.131513,35.6002271428571,21.5350648571429,26.4285714285714,1,,,,,11050,2019-10-13,5205497,Cidade Ocidental,GO,2019,42
1570320000000,201941,0.0,0,0,0,0.0,0.0,0,1,520549720194119589,2023-08-20,Cidade Ocidental,0,0.0,72890,20.7142857142857,83.9983814285714,0,0,0,72.5207528571429,55.0464801428571,22.6155842857143,25.2857142857143,0,,,,,11050,2019-10-06,5205497,Cidade Ocidental,GO,2019,41
1569715200000,201940,0.0,0,0,0,0.0,0.0,0,1,520549720194019589,2023-08-20,Cidade Ocidental,0,0.0,72890,19.4285714285714,77.5876118571429,0,0,0,63.4991004285714,48.9821551428571,22.52987,25.8571428571429,0,,,,,11050,2019-09-29,5205497,Cidade Ocidental,GO,2019,40
1569110400000,201939,0.0,0,0,0,0.0,0.0,0,1,520549720193919589,2023-08-20,Cidade Ocidental,0,0.0,72890,19.5714285714286,73.0459488571429,0,0,0,63.9959984285714,52.4830275714286,21.7844154285714,24.8571428571429,0,,,,,11050,2019-09-22,5205497,Cidade Ocidental,GO,2019,39
1568505600000,201938,0.0,0,0,0,0.0,0.0,0,1,520549720193819589,2023-08-20,Cidade Ocidental,0,0.0,72890,17.8571428571429,57.2333657142857,0,0,0,44.6969718571429,30.6542451428571,21.2285714285714,26.1428571428571,0,,,,,11050,2019-09-15,5205497,Cidade Ocidental,GO,2019,38
1567900800000,201937,0.0,0,0,0,0.0,0.0,0,1,520549720193719589,2023-08-20,Cidade Ocidental,0,0.0,72890,16.5714285714286,65.1175161428571,0,0,0,53.16735,36.7817517142857,20.0025974285714,25.2857142857143,0,,,,,11050,2019-09-08,5205497,Cidade Ocidental,GO,2019,37
1567296000000,201936,0.0,0,0,0,0.0,0.0,0,1,520549720193619589,2023-08-20,Cidade Ocidental,0,0.0,72890,16.7142857142857,66.1342802857143,0,0,0,51.5059137142857,34.5350757142857,20.151948,25.1428571428571,0,,,,,11050,2019-09-01,5205497,Cidade Ocidental,GO,2019,36
1566691200000,201935,0.0,0,0,0,0.0,0.0,0,1,520549720193519589,2023-08-20,Cidade Ocidental,0,0.0,72890,16.4285714285714,70.4861752857143,0,0,0,57.7209194285714,43.5347438571429,19.3766231428571,23.1428571428571,0,,,,,11050,2019-08-25,5205497,Cidade Ocidental,GO,2019,35
1566086400000,201934,0.0,0,0,0,0.0,0.0,0,1,520549720193419589,2023-08-20,Cidade Ocidental,0,0.0,72890,16.8571428571429,68.579201,0,0,0,54.4558552857143,38.3258545714286,19.9220777142857,24.2857142857143,0,,,,,11050,2019-08-18,5205497,Cidade Ocidental,GO,2019,34
1565481600000,201933,0.0,0,0,0,0.0,0.0,0,1,520549720193319589,2023-08-20,Cidade Ocidental,0,0.0,72890,15.1428571428571,73.8403124285714,0,0,0,59.9574537142857,45.6748382857143,18.2337664285714,22.0,0,,,,,11050,2019-08-11,5205497,Cidade Ocidental,GO,2019,33
1564876800000,201932,0.0,0,0,0,0.0,0.0,0,1,520549720193219589,2023-08-20,Cidade Ocidental,0,0.0,72890,14.7142857142857,85.57731,0,0,0,72.8886507142857,53.880869,17.3116881428571,21.1428571428571,0,,,,,11050,2019-08-04,5205497,Cidade Ocidental,GO,2019,32
1564272000000,201931,1.0,1,1,1,0.09070333,1.3719304,0,1,520549720193119589,2023-08-20,Cidade Ocidental,0,0.28879192,72890,13.7142857142857,79.92182,0,0,0,65.355831,47.1138647142857,17.0259741428571,21.7142857142857,0,,,,,11050,2019-07-28,5205497,Cidade Ocidental,GO,2019,31
1563667200000,201930,0.0,0,0,0,0.0,0.0,0,1,520549720193019589,2023-08-20,Cidade Ocidental,0,0.0,72890,13.4285714285714,83.0919731428571,0,0,0,73.9442892857143,60.1033567142857,16.0259738571429,19.2857142857143,0,,,,,11050,2019-07-21,5205497,Cidade Ocidental,GO,2019,30
1563062400000,201929,0.0,0,0,0,0.0,0.0,0,1,520549720192919589,2023-08-20,Cidade Ocidental,0,0.0,72890,13.2857142857143,78.3096692857143,0,0,0,67.1946792857143,52.8261578571429,16.2597402857143,20.2857142857143,0,,,,,11050,2019-07-14,5205497,Cidade Ocidental,GO,2019,29
1562457600000,201928,9.0,9,9,9,0.000193314,12.347373,0,1,520549720192819589,2023-08-20,Cidade Ocidental,0,0.2958269,72890,11.0,84.3199878571429,0,0,1,70.8505108571429,55.5645845714286,14.2077921428571,18.5714285714286,9,,,,,11050,2019-07-07,5205497,Cidade Ocidental,GO,2019,28
1561852800000,201927,20.0,20,20,20,0.0057216766,27.438606,0,1,520549720192719589,2023-08-20,Cidade Ocidental,0,0.51111734,72890,13.4285714285714,87.0082451428571,0,0,1,78.1196452857143,62.3600285714286,16.1181817142857,20.1428571428571,20,,,,,11050,2019-06-30,5205497,Cidade Ocidental,GO,2019,27
1561248000000,201926,33.0,33,33,33,0.10604021,45.2737,0,4,520549720192619589,2023-08-20,Cidade Ocidental,0,0.75235456,72890,13.8571428571429,86.2513228571429,0,0,2,74.8542935714286,58.2690801428571,16.6363635714286,20.7142857142857,32,,,,,11050,2019-06-23,5205497,Cidade Ocidental,GO,2019,26
1560643200000,201925,36.0,36,36,36,0.15035103,49.389492,0,4,520549720192519589,2023-08-20,Cidade Ocidental,0,0.79519576,72890,13.4285714285714,87.9628457142857,0,0,2,77.3012927142857,62.9884997142857,16.1168832857143,20.0,35,,,,,11050,2019-06-16,5205497,Cidade Ocidental,GO,2019,25
1560038400000,201924,57.0,57,57,57,0.54210776,78.20003,0,4,520549720192419589,2023-08-20,Cidade Ocidental,0,1.020031,72890,14.7142857142857,88.9108057142857,0,0,2,76.6860707142857,64.6974814285714,17.83171,20.8571428571429,54,,,,,11050,2019-06-09,5205497,Cidade Ocidental,GO,2019,24
1559433600000,201923,31.0,31,31,31,1.60238e-05,42.52984,0,4,520549720192319589,2023-08-20,Cidade Ocidental,0,0.42735088,72890,15.7142857142857,89.61977,0,0,2,79.4126234285714,69.5694294285714,18.4935071428571,21.5714285714286,29,,,,,11050,2019-06-02,5205497,Cidade Ocidental,GO,2019,23
1558828800000,201922,51.0,51,51,51,0.006321082,69.968445,0,4,520549720192219589,2023-08-20,Cidade Ocidental,0,0.64349216,72890,16.4285714285714,92.1806434285714,0,0,2,83.0533162857143,69.060529,18.766234,22.2857142857143,48,,,,,11050,2019-05-26,5205497,Cidade Ocidental,GO,2019,22
1558224000000,201921,82.0,82,82,82,0.8548597,112.49828,0,4,520549720192119589,2023-08-20,Cidade Ocidental,0,1.1875968,72890,16.0,93.8726014285714,0,0,2,84.029065,69.5596885714286,18.496104,22.2857142857143,75,,,,,11050,2019-05-19,5205497,Cidade Ocidental,GO,2019,21
1557619200000,201920,88.0,88,88,88,0.9981062,120.729866,0,4,520549720192019589,2023-08-20,Cidade Ocidental,0,1.6358114,72890,17.7142857142857,93.9574691428571,0,1,2,86.6759622857143,77.0606534285714,19.4727274285714,21.7142857142857,83,,,,,11050,2019-05-12,5205497,Cidade Ocidental,GO,2019,20
1557014400000,201919,81.0,81,81,81,0.99879,111.12636,0,4,520549720191919589,2023-08-20,Cidade Ocidental,0,1.723298,72890,18.5714285714286,94.8097285714286,1,1,2,84.4866135714286,71.0238592857143,20.9334417142857,24.0,75,,,,,11050,2019-05-05,5205497,Cidade Ocidental,GO,2019,19
1556409600000,201918,31.0,31,31,31,0.15301138,42.52984,0,4,520549720191819589,2023-08-20,Cidade Ocidental,0,0.78410923,72890,19.5714285714286,94.8872657142857,1,0,2,89.233367,78.6254758571429,20.8285717142857,23.1428571428571,31,,,,,11050,2019-04-28,5205497,Cidade Ocidental,GO,2019,18
1555804800000,201917,62.0,62,62,62,0.9994514,85.05968,0,4,520549720191719589,2023-08-20,Cidade Ocidental,0,2.0018122,72890,18.4285714285714,95.7106234285714,1,1,2,88.5482148571429,81.288248,20.3966031428571,22.7142857142857,61,,,,,11050,2019-04-21,5205497,Cidade Ocidental,GO,2019,17
1555200000000,201916,36.0,36,36,36,0.9100395,49.389492,0,4,520549720191619589,2023-08-20,Cidade Ocidental,0,1.407663,72890,19.5714285714286,96.5757571428571,1,0,2,91.0609585714286,82.6224417142857,21.0499498571429,22.8571428571429,33,,,,,11050,2019-04-14,5205497,Cidade Ocidental,GO,2019,16
1554595200000,201915,29.0,29,29,29,0.6717166,39.78598,0,4,520549720191519589,2023-08-20,Cidade Ocidental,0,1.1268158,72890,19.7142857142857,98.2973257142857,1,0,2,92.1561428571429,84.2214247142857,20.8005414285714,22.4285714285714,25,,,,,11050,2019-04-07,5205497,Cidade Ocidental,GO,2019,15
1553990400000,201914,26.0,26,26,26,0.33161217,35.67019,0,2,520549720191419589,2023-08-20,Cidade Ocidental,0,0.89009506,72890,19.2857142857143,92.368972,1,0,2,86.1333492857143,75.171833,20.9000002857143,23.1428571428571,18,,,,,11050,2019-03-31,5205497,Cidade Ocidental,GO,2019,14
1553385600000,201913,16.0,16,16,16,0.022894064,21.950886,0,1,520549720191319589,2023-08-20,Cidade Ocidental,0,0.5478618,72890,19.8571428571429,95.6895477142857,1,0,1,90.6411265714286,85.54249,20.6363637142857,22.0,15,,,,,11050,2019-03-24,5205497,Cidade Ocidental,GO,2019,13
1552780800000,201912,42.0,42,42,42,0.94003576,57.621075,0,4,520549720191219589,2023-08-20,Cidade Ocidental,0,1.447767,72890,19.5714285714286,96.5694357142857,1,0,2,90.6354621428571,83.27312,20.6064934285714,22.1428571428571,39,,,,,11050,2019-03-17,5205497,Cidade Ocidental,GO,2019,12
1552176000000,201911,22.0,22,22,22,0.13802834,30.182467,0,4,520549720191119589,2023-08-20,Cidade Ocidental,0,0.7392956,72890,20.1428571428571,89.9537328571429,0,0,2,84.7204107142857,75.8468071428571,21.2727271428571,23.2857142857143,18,,,,,11050,2019-03-10,5205497,Cidade Ocidental,GO,2019,11
1551571200000,201910,32.0,32,32,32,0.553565,43.90177,0,4,520549720191019589,2023-08-20,Cidade Ocidental,0,1.0343044,72890,18.1428571428571,97.4111857142857,1,0,2,91.5836028571428,86.1104091428572,19.6636362857143,20.7142857142857,26,,,,,11050,2019-03-03,5205497,Cidade Ocidental,GO,2019,10
1550966400000,201909,28.0,28,28,28,0.3488181,38.414047,0,4,520549720190919589,2023-08-20,Cidade Ocidental,0,0.90434694,72890,19.7142857142857,94.8479371428571,1,0,2,88.1935692857143,80.3762864285714,21.051948,22.4285714285714,24,,,,,11050,2019-02-24,5205497,Cidade Ocidental,GO,2019,9
1550361600000,201908,32.0,32,32,32,0.6472262,43.90177,0,4,520549720190819589,2023-08-20,Cidade Ocidental,0,1.1008668,72890,19.4285714285714,93.9681185714286,1,0,2,88.9575744285714,81.75066,20.4155845714286,21.5714285714286,23,,,,,11050,2019-02-17,5205497,Cidade Ocidental,GO,2019,8
1549756800000,201907,33.0,33,33,33,0.81406516,45.2737,0,4,520549720190719589,2023-08-20,Cidade Ocidental,0,1.2602067,72890,19.7142857142857,92.4445057142857,1,0,2,86.3459728571429,79.1729835714286,21.1714285714286,22.7142857142857,26,,,,,11050,2019-02-10,5205497,Cidade Ocidental,GO,2019,7
1549152000000,201906,29.0,29,29,29,0.8673691,39.78598,0,4,520549720190619589,2023-08-20,Cidade Ocidental,0,1.3686018,72890,19.7142857142857,94.2076642857143,1,0,2,79.4637761428571,61.1307278571429,22.5376981428571,27.4285714285714,20,,,,,11050,2019-02-03,5205497,Cidade Ocidental,GO,2019,6
1548547200000,201905,26.0,26,26,26,0.9711941,35.67019,0,4,520549720190519589,2023-08-20,Cidade Ocidental,0,1.8333838,72890,18.1428571428571,84.3868708571429,0,1,2,59.4086522857143,35.8593115714286,24.2380954285714,29.8571428571429,17,,,,,11050,2019-01-27,5205497,Cidade Ocidental,GO,2019,5
1547942400000,201904,27.0,27,27,27,0.99848086,37.042118,0,1,520549720190419589,2023-08-20,Cidade Ocidental,0,2.8013937,72890,19.7142857142857,83.0639728571429,0,1,2,60.1835437142857,38.3832544285714,25.0297617142857,30.5714285714286,23,,,,,11050,2019-01-20,5205497,Cidade Ocidental,GO,2019,4
1547337600000,201903,8.0,8,8,8,0.6443524,10.975443,0,1,520549720190319589,2023-08-20,Cidade Ocidental,0,1.2074234,72890,18.8571428571429,87.4907005714286,0,0,1,68.945513,50.693095,23.3809522857143,28.1428571428571,7,,,,,11050,2019-01-13,5205497,Cidade Ocidental,GO,2019,3
1546732800000,201902,11.0,11,11,11,0.97864014,15.091233,0,2,520549720190219589,2023-08-20,Cidade Ocidental,0,3.00917,72890,18.5714285714286,91.609522,1,1,1,80.7433237142857,69.307483,20.4428571428571,22.4285714285714,10,,,,,11050,2019-01-06,5205497,Cidade Ocidental,GO,2019,2
1546128000000,201901,7.0,7,7,7,0.967129,9.603512,0,1,520549720190119589,2023-08-20,Cidade Ocidental,0,3.6042068,72890,19.1428571428571,92.4099651428571,1,1,1,83.8881727142857,73.7355725714286,20.6857142857143,22.7142857142857,5,,,,,11050,2018-12-30,5205497,Cidade Ocidental,GO,2019,1
1545523200000,201852,3.0,3,3,3,0.7076736,4.115791,0,1,520549720185219589,2023-08-20,Cidade Ocidental,0,1.5816665,72890,19.0,94.0550488,1,0,0,84.4303552,67.689914,21.4538888,24.4,2,,,,,11050,2018-12-23,5205497,Cidade Ocidental,GO,2018,52
1544918400000,201851,0.0,0,0,0,0.0,0.0,0,1,520549720185119589,2023-08-20,Cidade Ocidental,0,0.0,72890,19.2380952380952,94.3304172952381,0,0,0,,,,,0,,,,,11050,2018-12-16,5205497,Cidade Ocidental,GO,2018,51
1544313600000,201850,3.0,3,3,3,0.86657417,4.115791,0,2,520549720185019589,2023-08-20,Cidade Ocidental,0,2.8587117,72890,19.4761904761905,94.6057857904762,1,0,0,,,,,2,,,,,11050,2018-12-09,5205497,Cidade Ocidental,GO,2018,50
1543708800000,201849,2.0,2,2,2,0.9072872,2.7438607,0,1,520549720184919589,2023-08-20,Cidade Ocidental,0,4.895849,72890,19.7142857142857,94.8811542857143,1,0,0,89.3434171428571,80.9390635714286,20.6674601428571,22.5714285714286,2,,,,,11050,2018-12-02,5205497,Cidade Ocidental,GO,2018,49
1543104000000,201848,1.0,1,1,1,0.78220326,1.3719304,0,1,520549720184819589,2023-08-20,Cidade Ocidental,0,2.8217938,72890,18.5714285714286,92.3061191428571,1,0,0,86.2330228571429,77.6836178571428,19.9178571428571,21.8571428571429,1,,,,,11050,2018-11-25,5205497,Cidade Ocidental,GO,2018,48
1542499200000,201847,0.0,0,0,0,0.0,0.0,0,1,520549720184719589,2023-08-20,Cidade Ocidental,0,0.0,72890,19.0,94.88671,0,0,0,88.9910134285714,79.793325,20.3813491428571,22.4285714285714,0,,,,,11050,2018-11-18,5205497,Cidade Ocidental,GO,2018,47
1541894400000,201846,0.0,0,0,0,0.0,0.0,0,1,520549720184619589,2023-08-20,Cidade Ocidental,0,0.0,72890,18.8571428571429,97.4238985714286,0,0,0,91.2821378571429,81.5304237142857,20.1821424285714,22.2857142857143,0,,,,,11050,2018-11-11,5205497,Cidade Ocidental,GO,2018,46
1541289600000,201845,1.0,1,1,1,0.6177504,1.3719304,0,2,520549720184519589,2023-08-20,Cidade Ocidental,0,1.4390478,72890,19.1428571428571,96.5504714285714,1,0,0,90.7268385714286,82.5312428571429,19.904762,21.2857142857143,1,,,,,11050,2018-11-04,5205497,Cidade Ocidental,GO,2018,45
1540684800000,201844,1.0,1,1,1,0.8145292,1.3719304,0,1,520549720184419589,2023-08-20,Cidade Ocidental,0,3.3788157,72890,19.7142857142857,91.5414748571429,1,0,0,84.7162965714286,73.9152668571429,21.0162337142857,23.1428571428571,1,,,,,11050,2018-10-28,5205497,Cidade Ocidental,GO,2018,44
1540080000000,201843,1.0,1,1,1,0.9632679,1.3719304,0,1,520549720184319589,2023-08-20,Cidade Ocidental,0,18.521618,72890,19.1428571428571,96.6209914285714,1,0,0,89.3454042857143,79.030422,20.5091991428571,22.7142857142857,1,,,,,11050,2018-10-21,5205497,Cidade Ocidental,GO,2018,43
1539475200000,201842,0.0,0,0,0,0.0,0.0,0,1,520549720184219589,2023-08-20,Cidade Ocidental,0,0.0,72890,18.0,100.0,0,0,0,89.99922,80.951455,20.068182,22.0,0,,,,,11050,2018-10-14,5205497,Cidade Ocidental,GO,2018,42
1538870400000,201841,0.0,0,0,0,0.0,0.0,0,1,520549720184119589,2023-08-20,Cidade Ocidental,0,0.0,72890,18.0,96.27173625,0,0,0,,,,,0,,,,,11050,2018-10-07,5205497,Cidade Ocidental,GO,2018,41
1538265600000,201840,0.0,0,0,0,0.0,0.0,0,1,520549720184019589,2023-08-20,Cidade Ocidental,0,0.0,72890,18.0,92.5434725,0,0,0,81.64804125,69.39496,19.977273,22.0,0,,,,,11050,2018-09-30,5205497,Cidade Ocidental,GO,2018,40
1537660800000,201839,0.0,0,0,0,0.0,0.0,0,1,520549720183919589,2023-08-20,Cidade Ocidental,0,0.0,72890,15.1428571428571,92.1393,0,0,0,75.6999955714286,51.677306,18.7716451428571,23.4285714285714,0,,,,,11050,2018-09-23,5205497,Cidade Ocidental,GO,2018,39
1537056000000,201838,0.0,0,0,0,0.0,0.0,0,1,520549720183819589,2023-08-20,Cidade Ocidental,0,0.0,72890,15.8571428571429,99.1328242857143,0,0,0,90.2123874285714,73.5056512857143,18.3245671428571,21.8571428571429,0,,,,,11050,2018-09-16,5205497,Cidade Ocidental,GO,2018,38
1536451200000,201837,0.0,0,0,0,0.0,0.0,0,1,520549720183719589,2023-08-20,Cidade Ocidental,0,0.0,72890,12.8571428571429,82.8850302857143,0,0,0,65.2829797142857,44.3758081428571,16.6715364285714,21.5714285714286,0,,,,,11050,2018-09-09,5205497,Cidade Ocidental,GO,2018,37
1535846400000,201836,0.0,0,0,0,0.0,0.0,0,1,520549720183619589,2023-08-20,Cidade Ocidental,0,0.0,72890,13.0,85.4367364285714,0,0,0,67.8282804285714,48.7459614285714,17.1336582857143,22.0,0,,,,,11050,2018-09-02,5205497,Cidade Ocidental,GO,2018,36
1535241600000,201835,0.0,0,0,0,0.0,0.0,0,1,520549720183519589,2023-08-20,Cidade Ocidental,0,0.0,72890,14.0,84.0712191428571,0,0,0,65.5264721428571,49.2310167142857,17.4128788571429,21.4285714285714,0,,,,,11050,2018-08-26,5205497,Cidade Ocidental,GO,2018,35
1534636800000,201834,0.0,0,0,0,0.0,0.0,0,1,520549720183419589,2023-08-20,Cidade Ocidental,0,0.0,72890,12.8571428571429,85.2993865714286,0,0,0,70.9141297142857,55.3196785714286,16.1650432857143,19.8571428571429,0,,,,,11050,2018-08-19,5205497,Cidade Ocidental,GO,2018,34
1534032000000,201833,0.0,0,0,0,0.0,0.0,0,1,520549720183319589,2023-08-20,Cidade Ocidental,0,0.0,72890,12.2857142857143,85.5404807142857,0,0,0,66.3062278571429,43.2940031428571,16.411008,22.1428571428571,0,,,,,11050,2018-08-12,5205497,Cidade Ocidental,GO,2018,33
1533427200000,201832,0.0,0,0,0,0.0,0.0,0,1,520549720183219589,2023-08-20,Cidade Ocidental,0,0.0,72890,14.1428571428571,89.5315942857143,0,0,0,60.9638951428571,29.1533562857143,21.0119048571429,28.7142857142857,0,,,,,11050,2018-08-05,5205497,Cidade Ocidental,GO,2018,32
1532822400000,201831,0.0,0,0,0,0.0,0.0,0,1,520549720183119589,2023-08-20,Cidade Ocidental,0,0.0,72890,11.0,87.6890871428571,0,0,0,54.618591,21.6808644285714,19.5238094285714,28.4285714285714,0,,,,,11050,2018-07-29,5205497,Cidade Ocidental,GO,2018,31
1532217600000,201830,0.0,0,0,0,0.0,0.0,0,1,520549720183019589,2023-08-20,Cidade Ocidental,0,0.0,72890,9.28571428571429,88.3618034285714,0,0,0,57.3098288571429,26.7521431428571,17.0059525714286,25.1428571428571,0,,,,,11050,2018-07-22,5205497,Cidade Ocidental,GO,2018,30
1531612800000,201829,0.0,0,0,0,0.0,0.0,0,1,520549720182919589,2023-08-20,Cidade Ocidental,0,0.0,72890,10.5714285714286,89.2166221428571,0,0,0,65.9835537142857,40.7287048571429,16.2938312857143,22.7142857142857,0,,,,,11050,2018-07-15,5205497,Cidade Ocidental,GO,2018,29
1531008000000,201828,0.0,0,0,0,0.0,0.0,0,1,520549720182819589,2023-08-20,Cidade Ocidental,0,0.0,72890,11.1428571428571,90.231216,0,0,0,79.2669381428571,61.4436665714286,14.1899351428571,18.5714285714286,0,,,,,11050,2018-07-08,5205497,Cidade Ocidental,GO,2018,28
1530403200000,201827,0.0,0,0,0,0.0,0.0,0,1,520549720182719589,2023-08-20,Cidade Ocidental,0,0.0,72890,8.71428571428571,92.5800475714286,0,0,0,78.7596252857143,61.146714,12.4994588571429,17.0,0,,,,,11050,2018-07-01,5205497,Cidade Ocidental,GO,2018,27
1529798400000,201826,3.0,3,3,3,0.84211195,4.115791,0,1,520549720182619589,2023-08-20,Cidade Ocidental,0,2.5238044,72890,9.57142857142857,90.122995,0,0,0,78.8331087142857,61.8806012857143,12.6138528571429,17.0,0,,,,,11050,2018-06-24,5205497,Cidade Ocidental,GO,2018,26
1529193600000,201825,1.0,1,1,1,0.33909953,1.3719304,0,1,520549720182519589,2023-08-20,Cidade Ocidental,0,0.64093554,72890,10.8571428571429,91.0082948571429,0,0,0,78.8835492857143,59.9280891428571,13.9464284285714,18.2857142857143,0,,,,,11050,2018-06-17,5205497,Cidade Ocidental,GO,2018,25
1528588800000,201824,0.0,0,0,0,0.0,0.0,0,1,520549720182419589,2023-08-20,Cidade Ocidental,0,0.0,72890,12.0,95.4712491428571,0,0,0,83.2826702857143,66.0816021428571,15.0308444285714,19.1428571428571,0,,,,,11050,2018-06-10,5205497,Cidade Ocidental,GO,2018,24
1527984000000,201823,3.0,3,3,3,0.76247394,4.115791,0,1,520549720182319589,2023-08-20,Cidade Ocidental,0,1.8578638,72890,12.2857142857143,92.8212042857143,0,0,0,83.6093564285714,68.7794932857143,15.2126624285714,19.1428571428571,1,,,,,11050,2018-06-03,5205497,Cidade Ocidental,GO,2018,23
1527379200000,201822,1.0,1,1,1,0.2261686,1.3719304,0,1,520549720182219589,2023-08-20,Cidade Ocidental,0,0.46630278,72890,10.8571428571429,93.6589785714286,0,0,0,83.2202651428571,69.8190568571429,13.9925324285714,17.5714285714286,0,,,,,11050,2018-05-27,5205497,Cidade Ocidental,GO,2018,22
1526774400000,201821,1.0,1,1,1,0.10310299,1.3719304,0,1,520549720182119589,2023-08-20,Cidade Ocidental,0,0.30507877,72890,12.8571428571429,94.6691857142857,0,0,0,84.9002027142857,69.2745392857143,15.5243505714286,19.5714285714286,1,,,,,11050,2018-05-20,5205497,Cidade Ocidental,GO,2018,21
1526169600000,201820,3.0,3,3,3,0.20422344,4.115791,0,1,520549720182019589,2023-08-20,Cidade Ocidental,0,0.57286423,72890,12.4285714285714,94.6910357142857,0,0,0,69.71466,36.3938718571429,19.2023811428571,26.7142857142857,3,,,,,11050,2018-05-13,5205497,Cidade Ocidental,GO,2018,20
1525564800000,201819,1.0,1,1,1,0.012907988,1.3719304,0,1,520549720181919589,2023-08-20,Cidade Ocidental,0,0.15934752,72890,12.7142857142857,94.6480642857143,0,0,0,67.552808,37.4296558571429,19.4226188571429,26.0,1,,,,,11050,2018-05-06,5205497,Cidade Ocidental,GO,2018,19
1524960000000,201818,7.0,7,7,7,0.6308843,9.603512,0,1,520549720181819589,2023-08-20,Cidade Ocidental,0,1.1982647,72890,14.8571428571429,89.8055657142857,0,0,1,67.5512401428571,38.6471891428571,20.4583337142857,27.0,4,,,,,11050,2018-04-29,5205497,Cidade Ocidental,GO,2018,18
1524355200000,201817,7.0,7,7,7,0.7674893,9.603512,0,1,520549720181719589,2023-08-20,Cidade Ocidental,0,1.5187414,72890,15.5714285714286,93.0111654285714,0,0,1,74.7060045714286,46.9750641428571,20.3333334285714,26.4285714285714,3,,,,,11050,2018-04-22,5205497,Cidade Ocidental,GO,2018,17
1523750400000,201816,6.0,6,6,6,0.8519471,8.231582,0,1,520549720181619589,2023-08-20,Cidade Ocidental,0,1.9763782,72890,15.7142857142857,93.0175534285714,0,0,1,83.5250631428571,69.9775341428571,18.6961041428571,21.8571428571429,3,,,,,11050,2018-04-15,5205497,Cidade Ocidental,GO,2018,16
1523145600000,201815,5.0,5,5,5,0.91368324,6.8596516,0,1,520549720181519589,2023-08-20,Cidade Ocidental,0,2.8436103,72890,17.1428571428571,94.757966,0,0,1,88.9460402857143,82.464787,18.3544371428571,19.8571428571429,1,,,,,11050,2018-04-08,5205497,Cidade Ocidental,GO,2018,15
1522540800000,201814,3.0,3,3,3,0.7924242,4.115791,0,1,520549720181419589,2023-08-20,Cidade Ocidental,0,2.0577075,72890,18.1428571428571,94.0413757142857,1,0,0,86.8595385714286,76.5665478571429,19.7884197142857,21.8571428571429,2,,,,,11050,2018-04-01,5205497,Cidade Ocidental,GO,2018,14
1521936000000,201813,1.0,1,1,1,0.26120558,1.3719304,0,1,520549720181319589,2023-08-20,Cidade Ocidental,0,0.51633096,72890,17.5714285714286,90.8387157142857,0,0,0,80.9323821428572,71.2884814285714,19.5604977142857,22.0,0,,,,,11050,2018-03-25,5205497,Cidade Ocidental,GO,2018,13
1521331200000,201812,1.0,1,1,1,0.19867483,1.3719304,0,1,520549720181219589,2023-08-20,Cidade Ocidental,0,0.42890495,72890,17.8571428571429,96.5247668571429,0,0,0,86.3466601428571,76.319258,20.121212,22.5714285714286,1,,,,,11050,2018-03-18,5205497,Cidade Ocidental,GO,2018,12
1520726400000,201811,2.0,2,2,2,0.46052596,2.7438607,0,2,520549720181119589,2023-08-20,Cidade Ocidental,0,0.9160528,72890,18.8571428571429,93.2236442857143,1,0,0,85.3534727142857,70.6755931428571,20.9327201428571,24.0,1,,,,,11050,2018-03-11,5205497,Cidade Ocidental,GO,2018,11
1520121600000,201810,3.0,3,3,3,0.71540314,4.115791,0,2,520549720181019589,2023-08-20,Cidade Ocidental,0,1.6153767,72890,18.6666666666667,93.9670533333333,1,0,0,84.1354466666667,76.0057316666667,20.004545,21.3333333333333,1,,,,,11050,2018-03-04,5205497,Cidade Ocidental,GO,2018,10
1519516800000,201809,2.0,2,2,2,0.53550255,2.7438607,0,1,520549720180919589,2023-08-20,Cidade Ocidental,0,1.084935,72890,18.4285714285714,91.5219485714286,1,0,0,75.254332,53.5405731428571,21.7639282857143,26.1428571428571,2,,,,,11050,2018-02-25,5205497,Cidade Ocidental,GO,2018,9
1518912000000,201808,2.0,2,2,2,0.44100413,2.7438607,0,1,520549720180819589,2023-08-20,Cidade Ocidental,0,0.87792104,72890,19.0,92.4215042857143,1,0,0,86.2730742857143,75.0327,20.2630951428571,22.0,0,,,,,11050,2018-02-18,5205497,Cidade Ocidental,GO,2018,8
1518307200000,201807,1.0,1,1,1,0.13058826,1.3719304,0,1,520549720180719589,2023-08-20,Cidade Ocidental,0,0.34049475,72890,18.5714285714286,86.1030914285714,0,0,0,75.6478842857143,63.9317058571429,20.6,23.1428571428571,1,,,,,11050,2018-02-11,5205497,Cidade Ocidental,GO,2018,7
1517702400000,201806,3.0,3,3,3,0.33061746,4.115791,0,1,520549720180619589,2023-08-20,Cidade Ocidental,0,0.7321624,72890,18.1428571428571,97.5495188571429,1,0,0,87.7539664285714,77.7775105714286,19.4515875714286,21.4285714285714,0,,,,,11050,2018-02-04,5205497,Cidade Ocidental,GO,2018,6
1517097600000,201805,2.0,2,2,2,0.13648956,2.7438607,0,1,520549720180519589,2023-08-20,Cidade Ocidental,0,0.4353151,72890,19.4285714285714,94.0323171428571,1,0,0,87.810627,81.0663728571429,20.5428571428571,21.7142857142857,2,,,,,11050,2018-01-28,5205497,Cidade Ocidental,GO,2018,5
1516492800000,201804,4.0,4,4,4,0.63914305,5.4877214,0,1,520549720180419589,2023-08-20,Cidade Ocidental,0,1.2875872,72890,18.4285714285714,86.0537834285714,0,0,0,68.2273435714286,44.8479174285714,21.5359211428571,26.1428571428571,0,,,,,11050,2018-01-21,5205497,Cidade Ocidental,GO,2018,4
1515888000000,201803,7.0,7,7,7,0.9904447,9.603512,0,1,520549720180319589,2023-08-20,Cidade Ocidental,0,6.3414216,72890,17.2857142857143,89.0138111428571,0,1,1,74.5576338571429,60.333589,20.0857142857143,23.1428571428571,3,,,,,11050,2018-01-14,5205497,Cidade Ocidental,GO,2018,3
1515283200000,201802,3.0,3,3,3,0.9871792,4.115791,0,1,520549720180219589,2023-08-20,Cidade Ocidental,0,18.47548,72890,18.0,89.8707705714286,0,0,0,82.27582,75.7994037142857,19.5714285714286,21.2857142857143,2,,,,,11050,2018-01-07,5205497,Cidade Ocidental,GO,2018,2
1514678400000,201801,0.0,0,0,0,0.0,0.0,0,1,520549720180119589,2023-08-20,Cidade Ocidental,0,0.0,72890,18.8571428571429,94.8225114285714,0,0,0,89.8873771428571,83.2528934285714,19.8428571428571,20.8571428571429,0,,,,,11050,2017-12-31,5205497,Cidade Ocidental,GO,2018,1
1514073600000,201752,0.0,0,0,0,0.0,0.0,0,1,520549720175219589,2023-08-20,Cidade Ocidental,0,0.0,72890,19.1428571428571,86.8635442857143,0,0,0,78.5883127142857,67.8196414285714,21.1888887142857,23.4285714285714,0,,,,,11050,2017-12-24,5205497,Cidade Ocidental,GO,2017,52
1513468800000,201751,0.0,0,0,0,0.0,0.0,0,1,520549720175119589,2023-08-20,Cidade Ocidental,0,0.0,72890,17.4285714285714,91.5223002857143,0,0,0,78.1993728571429,65.7363848571429,20.5313492857143,23.4285714285714,0,,,,,11050,2017-12-17,5205497,Cidade Ocidental,GO,2017,51
1512864000000,201750,0.0,0,0,0,0.0,0.0,0,1,520549720175019589,2023-08-20,Cidade Ocidental,0,0.0,72890,18.1666666666667,96.964804,0,0,0,91.1291156666667,81.1464446666667,19.0916666666667,21.0,0,,,,,11050,2017-12-10,5205497,Cidade Ocidental,GO,2017,50
1512259200000,201749,0.0,0,0,0,0.0,0.0,0,1,520549720174919589,2023-08-20,Cidade Ocidental,0,0.0,72890,19.5714285714286,90.7450285714286,0,0,0,83.419618,70.7765421428571,21.2270974285714,24.0,0,,,,,11050,2017-12-03,5205497,Cidade Ocidental,GO,2017,49
1511654400000,201748,3.0,3,3,3,0.6709718,4.115791,0,1,520549720174819589,2023-08-20,Cidade Ocidental,0,1.4390478,72890,18.5,93.907157,1,0,0,78.747975,61.0472205,21.041666,24.5,0,,,,,11050,2017-11-26,5205497,Cidade Ocidental,GO,2017,48
1511049600000,201747,2.0,2,2,2,0.6877538,2.7438607,0,1,520549720174719589,2023-08-20,Cidade Ocidental,0,1.6222752,72890,17.975,91.84822725,0,0,0,,,,,0,,,,,11050,2017-11-19,5205497,Cidade Ocidental,GO,2017,47
1510444800000,201746,3.0,3,3,3,0.96201503,4.115791,0,1,520549720174619589,2023-08-20,Cidade Ocidental,0,7.426779,72890,17.45,89.7892975,0,0,0,,,,,1,,,,,11050,2017-11-12,5205497,Cidade Ocidental,GO,2017,46
1509840000000,201745,1.0,1,1,1,0.96326596,1.3719304,0,1,520549720174519589,2023-08-20,Cidade Ocidental,0,18.520596,72890,16.925,87.73036775,0,0,0,,,,,0,,,,,11050,2017-11-05,5205497,Cidade Ocidental,GO,2017,45
1509235200000,201744,0.0,0,0,0,0.0,0.0,0,1,520549720174419589,2023-08-20,Cidade Ocidental,0,0.0,72890,16.4,85.671438,0,0,0,,,,,0,,,,,11050,2017-10-29,5205497,Cidade Ocidental,GO,2017,44
1508630400000,201743,0.0,0,0,0,0.0,0.0,0,1,520549720174319589,2023-08-20,Cidade Ocidental,0,0.0,72890,15.875,83.61250825,0,0,0,,,,,0,,,,,11050,2017-10-22,5205497,Cidade Ocidental,GO,2017,43
1508025600000,201742,0.0,0,0,0,0.0,0.0,0,1,520549720174219589,2023-08-20,Cidade Ocidental,0,0.0,72890,15.35,81.5535785,0,0,0,,,,,0,,,,,11050,2017-10-15,5205497,Cidade Ocidental,GO,2017,42
1507420800000,201741,0.0,0,0,0,0.0,0.0,0,1,520549720174119589,2023-08-20,Cidade Ocidental,0,0.0,72890,14.825,79.49464875,0,0,0,,,,,0,,,,,11050,2017-10-08,5205497,Cidade Ocidental,GO,2017,41
1506816000000,201740,0.0,0,0,0,0.0,0.0,0,1,520549720174019589,2023-08-20,Cidade Ocidental,0,0.0,72890,14.3,77.435719,0,0,0,,,,,0,,,,,11050,2017-10-01,5205497,Cidade Ocidental,GO,2017,40
1506211200000,201739,0.0,0,0,0,0.0,0.0,0,1,520549720173919589,2023-08-20,Cidade Ocidental,0,0.0,72890,13.775,75.37678925,0,0,0,,,,,0,,,,,11050,2017-09-24,5205497,Cidade Ocidental,GO,2017,39
1505606400000,201738,2.0,2,2,2,0.6877538,2.7438607,0,1,520549720173819589,2023-08-20,Cidade Ocidental,0,1.6222752,72890,13.25,73.3178595,0,0,0,,,,,2,,,,,11050,2017-09-17,5205497,Cidade Ocidental,GO,2017,38
1505001600000,201737,1.0,1,1,1,0.46851066,1.3719304,0,1,520549720173719589,2023-08-20,Cidade Ocidental,0,0.91420525,72890,12.725,71.25892975,0,0,0,,,,,0,,,,,11050,2017-09-10,5205497,Cidade Ocidental,GO,2017,37
1504396800000,201736,1.0,1,1,1,0.6887566,1.3719304,0,1,520549720173619589,2023-08-20,Cidade Ocidental,0,1.8589644,72890,12.2,69.2,0,0,0,53.9321426,38.8,15.7285714,19.6,0,,,,,11050,2017-09-03,5205497,Cidade Ocidental,GO,2017,36
1503792000000,201735,2.0,2,2,2,0.97795385,2.7438607,0,1,520549720173519589,2023-08-20,Cidade Ocidental,0,18.498686,72890,13.1428571428571,64.7142857142857,0,0,0,51.4603174285714,36.4285714285714,15.5178571428571,18.7142857142857,0,,,,,11050,2017-08-27,5205497,Cidade Ocidental,GO,2017,35
1503187200000,201734,0.0,0,0,0,0.0,0.0,0,1,520549720173419589,2023-08-20,Cidade Ocidental,0,0.0,72890,15.2857142857143,72.4285714285714,0,0,0,63.3015871428571,52.8571428571429,17.1726191428571,19.1428571428571,0,,,,,11050,2017-08-20,5205497,Cidade Ocidental,GO,2017,34
1502582400000,201733,0.0,0,0,0,0.0,0.0,0,1,520549720173319589,2023-08-20,Cidade Ocidental,0,0.0,72890,13.5714285714286,64.5714285714286,0,0,0,54.4107142857143,41.5714285714286,16.0694444285714,19.2857142857143,0,,,,,11050,2017-08-13,5205497,Cidade Ocidental,GO,2017,33
1501977600000,201732,0.0,0,0,0,0.0,0.0,0,1,520549720173219589,2023-08-20,Cidade Ocidental,0,0.0,72890,14.0,72.1428571428571,0,0,0,63.6488091428571,53.0,15.6130952857143,17.7142857142857,0,,,,,11050,2017-08-06,5205497,Cidade Ocidental,GO,2017,32
1501372800000,201731,0.0,0,0,0,0.0,0.0,0,1,520549720173119589,2023-08-20,Cidade Ocidental,0,0.0,72890,10.7142857142857,78.0,0,0,0,68.2678571428571,57.8571428571429,12.4821428571429,14.8571428571429,0,,,,,11050,2017-07-30,5205497,Cidade Ocidental,GO,2017,31
1500768000000,201730,0.0,0,0,0,0.0,0.0,0,1,520549720173019589,2023-08-20,Cidade Ocidental,0,0.0,72890,11.0,74.1428571428571,0,0,0,64.8333337142857,53.2857142857143,12.9033447142857,15.8571428571429,0,,,,,11050,2017-07-23,5205497,Cidade Ocidental,GO,2017,30
1500163200000,201729,1.0,1,1,1,0.1999151,1.3719304,0,1,520549720172919589,2023-08-20,Cidade Ocidental,0,0.43056297,72890,10.1428571428571,81.4285714285714,0,0,0,71.2678571428571,61.0,12.3392857142857,14.7142857142857,1,,,,,11050,2017-07-16,5205497,Cidade Ocidental,GO,2017,29
1499558400000,201728,0.0,0,0,0,0.0,0.0,0,1,520549720172819589,2023-08-20,Cidade Ocidental,0,0.0,72890,12.4285714285714,80.8571428571429,0,0,0,71.7099201428571,62.0,13.7638888571429,15.1428571428571,0,,,,,11050,2017-07-09,5205497,Cidade Ocidental,GO,2017,28
1498953600000,201727,4.0,4,4,4,0.5798164,5.4877214,0,1,520549720172719589,2023-08-20,Cidade Ocidental,0,1.1495868,72890,11.2857142857143,77.0,0,0,0,70.051588,61.4285714285714,12.515873,14.0,4,,,,,11050,2017-07-02,5205497,Cidade Ocidental,GO,2017,27
1498348800000,201726,2.0,2,2,2,0.18661489,2.7438607,0,1,520549720172619589,2023-08-20,Cidade Ocidental,0,0.49887934,72890,13.2857142857143,77.5714285714286,0,0,0,66.5651928571429,55.2857142857143,15.3472221428571,16.8571428571429,2,,,,,11050,2017-06-25,5205497,Cidade Ocidental,GO,2017,26
1497744000000,201725,3.0,3,3,3,0.34680444,4.115791,0,1,520549720172519589,2023-08-20,Cidade Ocidental,0,0.7541991,72890,12.7142857142857,80.8571428571429,0,0,0,73.7301592857143,65.7142857142857,14.156746,16.1428571428571,2,,,,,11050,2017-06-18,5205497,Cidade Ocidental,GO,2017,25
1497139200000,201724,6.0,6,6,6,0.6637545,8.231582,0,1,520549720172419589,2023-08-20,Cidade Ocidental,0,1.2836514,72890,14.2857142857143,89.8571428571429,0,0,1,80.9348071428571,69.2857142857143,16.1686507142857,18.8571428571429,2,,,,,11050,2017-06-11,5205497,Cidade Ocidental,GO,2017,24
1496534400000,201723,2.0,2,2,2,0.0640294,2.7438607,0,1,520549720172319589,2023-08-20,Cidade Ocidental,0,0.33571562,72890,15.1428571428571,94.0,0,0,0,88.2103171428571,81.2857142857143,16.6805557142857,18.5714285714286,1,,,,,11050,2017-06-04,5205497,Cidade Ocidental,GO,2017,23
1495929600000,201722,5.0,5,5,5,0.22447181,6.8596516,0,1,520549720172219589,2023-08-20,Cidade Ocidental,0,0.6589641,72890,16.8571428571429,93.1428571428571,0,0,1,86.6031742857143,79.8571428571429,18.3988094285714,20.1428571428571,5,,,,,11050,2017-05-28,5205497,Cidade Ocidental,GO,2017,22
1495324800000,201721,6.0,6,6,6,0.115371816,8.231582,0,1,520549720172119589,2023-08-20,Cidade Ocidental,0,0.5583151,72890,18.0,95.0,0,0,1,91.1206342857143,85.2857142857143,19.0083334285714,20.4285714285714,4,,,,,11050,2017-05-21,5205497,Cidade Ocidental,GO,2017,21
1494720000000,201720,7.0,7,7,7,0.020345721,9.603512,0,1,520549720172019589,2023-08-20,Cidade Ocidental,0,0.42122763,72890,17.0,97.4285714285714,0,0,1,89.9309864285714,79.7142857142857,18.9165981428571,20.8571428571429,5,,,,,11050,2017-05-14,5205497,Cidade Ocidental,GO,2017,20
1494115200000,201719,9.0,9,9,9,0.01168751,12.347373,0,1,520549720171919589,2023-08-20,Cidade Ocidental,0,0.4269693,72890,16.0,89.0,0,0,1,79.252551,69.5714285714286,17.7653061428571,20.1428571428571,6,,,,,11050,2017-05-07,5205497,Cidade Ocidental,GO,2017,19
1493510400000,201718,14.0,14,14,14,0.21291973,19.207024,0,1,520549720171819589,2023-08-20,Cidade Ocidental,0,0.75789195,72890,16.8571428571429,94.8571428571429,0,0,1,84.5280614285714,75.2857142857143,18.9260202857143,20.7142857142857,8,,,,,11050,2017-04-30,5205497,Cidade Ocidental,GO,2017,18
1492905600000,201717,31.0,31,31,31,0.9981327,42.52984,0,3,520549720171719589,2023-08-20,Cidade Ocidental,0,2.5000865,72890,19.2857142857143,96.5714285714286,1,1,2,91.2924264285714,82.4285714285714,20.4856175714286,22.4285714285714,22,,,,,11050,2017-04-23,5205497,Cidade Ocidental,GO,2017,17
1492300800000,201716,17.0,17,17,17,0.9822369,23.322815,0,1,520549720171619589,2023-08-20,Cidade Ocidental,0,2.4161,72890,18.4285714285714,91.7142857142857,1,1,1,85.4999984285714,75.8571428571429,19.9875282857143,21.8571428571429,14,,,,,11050,2017-04-16,5205497,Cidade Ocidental,GO,2017,16
1491696000000,201715,13.0,13,13,13,0.9923908,17.835094,0,1,520549720171519589,2023-08-20,Cidade Ocidental,0,3.5560143,72890,17.8571428571429,92.4285714285714,0,1,1,80.7494321428571,65.1428571428571,20.2063492857143,23.0,11,,,,,11050,2017-04-09,5205497,Cidade Ocidental,GO,2017,15
1491091200000,201714,5.0,5,5,5,0.86746144,6.8596516,0,1,520549720171419589,2023-08-20,Cidade Ocidental,0,2.250972,72890,18.0,94.0,0,0,1,87.0733742857143,78.4285714285714,19.8468507142857,21.8571428571429,4,,,,,11050,2017-04-02,5205497,Cidade Ocidental,GO,2017,14
1490486400000,201713,4.0,4,4,4,0.5982918,5.4877214,0,1,520549720171319589,2023-08-20,Cidade Ocidental,0,1.1895704,72890,18.5714285714286,97.4285714285714,1,0,0,90.9754791428571,81.1428571428571,19.875263,21.2857142857143,4,,,,,11050,2017-03-26,5205497,Cidade Ocidental,GO,2017,13
1489881600000,201712,0.0,0,0,0,0.0,0.0,0,1,520549720171219589,2023-08-20,Cidade Ocidental,0,0.0,72890,18.2857142857143,96.5714285714286,0,0,0,89.9855434285714,80.5714285714286,19.6284012857143,21.7142857142857,0,,,,,11050,2017-03-19,5205497,Cidade Ocidental,GO,2017,12
1489276800000,201711,2.0,2,2,2,0.18458351,2.7438607,0,1,520549720171119589,2023-08-20,Cidade Ocidental,0,0.4963083,72890,18.2857142857143,92.7142857142857,1,0,0,82.5025514285714,69.1428571428571,21.0408164285714,23.4285714285714,2,,,,,11050,2017-03-12,5205497,Cidade Ocidental,GO,2017,11
1488672000000,201710,9.0,9,9,9,0.9829139,12.347373,0,1,520549720171019589,2023-08-20,Cidade Ocidental,0,3.7912028,72890,20.2857142857143,90.0,0,1,1,80.1154762857143,67.0,22.0928571428571,24.1428571428571,6,,,,,11050,2017-03-05,5205497,Cidade Ocidental,GO,2017,10
1488067200000,201709,3.0,3,3,3,0.7414797,4.115791,0,1,520549720170919589,2023-08-20,Cidade Ocidental,0,1.7408699,72890,18.0,97.1428571428571,0,0,0,89.6066791428571,80.1428571428571,19.7307515714286,21.4285714285714,3,,,,,11050,2017-02-26,5205497,Cidade Ocidental,GO,2017,9
1487462400000,201708,2.0,2,2,2,0.43630958,2.7438607,0,2,520549720170819589,2023-08-20,Cidade Ocidental,0,0.86904633,72890,19.5714285714286,90.5714285714286,1,0,0,82.4666671428571,71.5714285714286,21.470238,23.4285714285714,2,,,,,11050,2017-02-19,5205497,Cidade Ocidental,GO,2017,8
1486857600000,201707,1.0,1,1,1,0.060225412,1.3719304,0,2,520549720170719589,2023-08-20,Cidade Ocidental,0,0.24670136,72890,19.1428571428571,94.8571428571429,1,0,0,84.2842971428571,67.0,20.8106578571429,22.5714285714286,1,,,,,11050,2017-02-12,5205497,Cidade Ocidental,GO,2017,7
1486252800000,201706,2.0,2,2,2,0.04265423,2.7438607,0,2,520549720170619589,2023-08-20,Cidade Ocidental,0,0.3000012,72890,19.5714285714286,95.7142857142857,1,0,0,90.7521895714286,79.7142857142857,20.9316501428571,23.1428571428571,2,,,,,11050,2017-02-05,5205497,Cidade Ocidental,GO,2017,6
1485648000000,201705,3.0,3,3,3,0.055926636,4.115791,0,2,520549720170519589,2023-08-20,Cidade Ocidental,0,0.37709025,72890,19.5714285714286,90.7142857142857,1,0,0,83.3244995714286,74.4285714285714,21.0728368571429,22.8571428571429,3,,,,,11050,2017-01-29,5205497,Cidade Ocidental,GO,2017,5
1485043200000,201704,7.0,7,7,7,0.6072838,9.603512,0,2,520549720170419589,2023-08-20,Cidade Ocidental,0,1.157374,72890,18.7142857142857,96.0,1,0,1,85.9585037142857,73.8571428571429,20.4312927142857,23.0,7,,,,,11050,2017-01-22,5205497,Cidade Ocidental,GO,2017,4
1484438400000,201703,11.0,11,11,11,0.98536545,15.091233,0,1,520549720170319589,2023-08-20,Cidade Ocidental,0,3.3788157,72890,18.7142857142857,94.8571428571429,1,1,1,85.686888,66.5714285714286,20.707794,23.4285714285714,8,,,,,11050,2017-01-15,5205497,Cidade Ocidental,GO,2017,3
1483833600000,201702,7.0,7,7,7,0.96589446,9.603512,0,1,520549720170219589,2023-08-20,Cidade Ocidental,0,3.5466278,72890,19.8571428571429,90.7142857142857,1,1,1,83.31172,68.8571428571429,21.6940901428571,23.7142857142857,5,,,,,11050,2017-01-08,5205497,Cidade Ocidental,GO,2017,2
1483228800000,201701,0.0,0,0,0,0.0,0.0,0,1,520549720170119589,2023-08-20,Cidade Ocidental,0,0.0,72890,19.7142857142857,87.4285714285714,0,0,0,72.289117,56.2857142857143,22.7341267142857,25.7142857142857,0,,,,,11050,2017-01-01,5205497,Cidade Ocidental,GO,2017,1
1482624000000,201652,4.0,4,4,4,0.9926397,5.4877214,0,1,520549720165219589,2023-08-20,Cidade Ocidental,0,18.521618,72890,19.0,92.2857142857143,1,0,0,77.8925728571429,62.8571428571429,21.828456,24.7142857142857,0,,,,,11050,2016-12-25,5205497,Cidade Ocidental,GO,2016,52
1482019200000,201651,0.0,0,0,0,0.0,0.0,0,1,520549720165119589,2023-08-20,Cidade Ocidental,0,0.0,72890,20.1428571428571,85.2857142857143,0,0,0,74.4387757142857,61.2857142857143,22.1479591428571,24.5714285714286,0,,,,,11050,2016-12-18,5205497,Cidade Ocidental,GO,2016,51
1481414400000,201650,0.0,0,0,0,0.0,0.0,0,1,520549720165019589,2023-08-20,Cidade Ocidental,0,0.0,72890,19.7142857142857,95.7142857142857,0,0,0,89.082014,79.2857142857143,20.8965221428571,22.4285714285714,0,,,,,11050,2016-12-11,5205497,Cidade Ocidental,GO,2016,50
1480809600000,201649,0.0,0,0,0,0.0,0.0,0,1,520549720164919589,2023-08-20,Cidade Ocidental,0,0.0,72890,20.0,92.2857142857143,0,0,0,85.1367972857143,72.5714285714286,21.5807042857143,23.8571428571429,0,,,,,11050,2016-12-04,5205497,Cidade Ocidental,GO,2016,49
1480204800000,201648,0.0,0,0,0,0.0,0.0,0,1,520549720164819589,2023-08-20,Cidade Ocidental,0,0.0,72890,18.7142857142857,95.7142857142857,0,0,0,87.5812262857143,75.5714285714286,21.4258894285714,24.5714285714286,0,,,,,11050,2016-11-27,5205497,Cidade Ocidental,GO,2016,48
1479600000000,201647,0.0,0,0,0,0.0,0.0,0,1,520549720164719589,2023-08-20,Cidade Ocidental,0,0.0,72890,19.1666666666667,98.0,0,0,0,89.8182611666667,81.1666666666667,20.6537588333333,22.5,0,,,,,11050,2016-11-20,5205497,Cidade Ocidental,GO,2016,47
1478995200000,201646,0.0,0,0,0,0.0,0.0,0,1,520549720164619589,2023-08-20,Cidade Ocidental,0,0.0,72890,19.0,98.2857142857143,0,0,0,88.4113421428571,76.4285714285714,20.5806982857143,22.7142857142857,0,,,,,11050,2016-11-13,5205497,Cidade Ocidental,GO,2016,46
1478390400000,201645,0.0,0,0,0,0.0,0.0,0,1,520549720164519589,2023-08-20,Cidade Ocidental,0,0.0,72890,19.2857142857143,94.1428571428571,0,0,0,86.5108848571429,75.7142857142857,20.9880951428571,23.1428571428571,0,,,,,11050,2016-11-06,5205497,Cidade Ocidental,GO,2016,45
1477785600000,201644,0.0,0,0,0,0.0,0.0,0,1,520549720164419589,2023-08-20,Cidade Ocidental,0,0.0,72890,19.8571428571429,93.4285714285714,0,0,0,85.7820195714286,75.5714285714286,21.1360837142857,22.4285714285714,0,,,,,11050,2016-10-30,5205497,Cidade Ocidental,GO,2016,44
1477180800000,201643,0.0,0,0,0,0.0,0.0,0,1,520549720164319589,2023-08-20,Cidade Ocidental,0,0.0,72890,19.2857142857143,87.0,0,0,0,76.2435685714286,62.8571428571429,21.2112748571429,23.7142857142857,0,,,,,11050,2016-10-23,5205497,Cidade Ocidental,GO,2016,43
1476576000000,201642,0.0,0,0,0,0.0,0.0,0,1,520549720164219589,2023-08-20,Cidade Ocidental,0,0.0,72890,20.2857142857143,80.4285714285714,0,0,0,71.1638888571429,58.2857142857143,21.9146827142857,24.2857142857143,0,,,,,11050,2016-10-16,5205497,Cidade Ocidental,GO,2016,42
1475971200000,201641,0.0,0,0,0,0.0,0.0,0,1,520549720164119589,2023-08-20,Cidade Ocidental,0,0.0,72890,20.1428571428571,75.2857142857143,0,0,0,67.3004545714286,55.7142857142857,21.5955212857143,23.5714285714286,0,,,,,11050,2016-10-09,5205497,Cidade Ocidental,GO,2016,41
1475366400000,201640,0.0,0,0,0,0.0,0.0,0,1,520549720164019589,2023-08-20,Cidade Ocidental,0,0.0,72890,18.0,90.7142857142857,0,0,0,80.3370985714286,68.4285714285714,20.0352565714286,22.2857142857143,0,,,,,11050,2016-10-02,5205497,Cidade Ocidental,GO,2016,40
1474761600000,201639,1.0,1,1,1,0.9632679,1.3719304,0,1,520549720163919589,2023-08-20,Cidade Ocidental,0,18.521618,72890,17.7142857142857,94.0,0,0,0,84.3971092857143,72.5714285714286,19.8089564285714,22.8571428571429,1,,,,,11050,2016-09-25,5205497,Cidade Ocidental,GO,2016,39
1474156800000,201638,0.0,0,0,0,0.0,0.0,0,1,520549720163819589,2023-08-20,Cidade Ocidental,0,0.0,72890,18.2857142857143,80.1428571428571,0,0,0,68.0518615714286,53.7142857142857,20.0165567142857,22.8571428571429,0,,,,,11050,2016-09-18,5205497,Cidade Ocidental,GO,2016,38
1473552000000,201637,0.0,0,0,0,0.0,0.0,0,1,520549720163719589,2023-08-20,Cidade Ocidental,0,0.0,72890,14.7142857142857,73.5714285714286,0,0,0,59.3626411428571,44.1428571428571,17.8866214285714,21.1428571428571,0,,,,,11050,2016-09-11,5205497,Cidade Ocidental,GO,2016,37
1472947200000,201636,0.0,0,0,0,0.0,0.0,0,1,520549720163619589,2023-08-20,Cidade Ocidental,0,0.0,72890,14.5714285714286,73.5714285714286,0,0,0,59.6295342857143,46.8571428571429,17.3146257142857,20.4285714285714,0,,,,,11050,2016-09-04,5205497,Cidade Ocidental,GO,2016,36
1472342400000,201635,0.0,0,0,0,0.0,0.0,0,1,520549720163519589,2023-08-20,Cidade Ocidental,0,0.0,72890,15.2857142857143,79.0,0,0,0,61.1159295714286,42.4285714285714,19.5615075714286,23.8571428571429,0,,,,,11050,2016-08-28,5205497,Cidade Ocidental,GO,2016,35
1471737600000,201634,0.0,0,0,0,0.0,0.0,0,1,520549720163419589,2023-08-20,Cidade Ocidental,0,0.0,72890,13.4285714285714,85.0,0,0,0,70.3480991428571,54.7142857142857,17.0159275714286,21.0,0,,,,,11050,2016-08-21,5205497,Cidade Ocidental,GO,2016,34
1471132800000,201633,0.0,0,0,0,0.0,0.0,0,1,520549720163319589,2023-08-20,Cidade Ocidental,0,0.0,72890,16.4285714285714,78.7142857142857,0,0,0,68.9680478571429,58.4285714285714,18.7260538571429,20.8571428571429,0,,,,,11050,2016-08-14,5205497,Cidade Ocidental,GO,2016,33
1470528000000,201632,0.0,0,0,0,0.0,0.0,0,1,520549720163219589,2023-08-20,Cidade Ocidental,0,0.0,72890,13.4285714285714,74.1428571428571,0,0,0,61.0568771428571,47.4285714285714,16.3796294285714,20.1428571428571,0,,,,,11050,2016-08-07,5205497,Cidade Ocidental,GO,2016,32
1469923200000,201631,0.0,0,0,0,0.0,0.0,0,1,520549720163119589,2023-08-20,Cidade Ocidental,0,0.0,72890,11.8571428571429,83.8571428571429,0,0,0,67.3651914285714,49.7142857142857,15.1477325714286,18.8571428571429,0,,,,,11050,2016-07-31,5205497,Cidade Ocidental,GO,2016,31
1469318400000,201630,0.0,0,0,0,0.0,0.0,0,1,520549720163019589,2023-08-20,Cidade Ocidental,0,0.0,72890,12.4285714285714,79.1428571428571,0,0,0,65.7624717142857,53.7142857142857,15.5039682857143,18.5714285714286,0,,,,,11050,2016-07-24,5205497,Cidade Ocidental,GO,2016,30
1468713600000,201629,1.0,1,1,1,0.16955592,1.3719304,0,1,520549720162919589,2023-08-20,Cidade Ocidental,0,0.39059952,72890,11.7142857142857,83.0,0,0,0,69.3151912857143,55.1428571428571,14.6000565714286,17.8571428571429,1,,,,,11050,2016-07-17,5205497,Cidade Ocidental,GO,2016,29
1468108800000,201628,6.0,6,6,6,0.83656883,8.231582,0,1,520549720162819589,2023-08-20,Cidade Ocidental,0,1.8817636,72890,10.2857142857143,89.4285714285714,0,0,1,75.4257362857143,57.1428571428571,13.4325398571429,17.4285714285714,1,,,,,11050,2016-07-10,5205497,Cidade Ocidental,GO,2016,28
1467504000000,201627,1.0,1,1,1,0.009268582,1.3719304,0,1,520549720162719589,2023-08-20,Cidade Ocidental,0,0.14807278,72890,14.1428571428571,82.7142857142857,0,0,0,71.2820285714286,56.2857142857143,16.170068,18.8571428571429,0,,,,,11050,2016-07-03,5205497,Cidade Ocidental,GO,2016,27
1466899200000,201626,1.0,1,1,1,3.26566e-05,1.3719304,0,1,520549720162619589,2023-08-20,Cidade Ocidental,0,0.06710389,72890,12.2857142857143,88.8571428571429,0,0,0,74.8065812857143,57.2857142857143,14.41523,17.0,1,,,,,11050,2016-06-26,5205497,Cidade Ocidental,GO,2016,26
1466294400000,201625,7.0,7,7,7,0.0001798138,9.603512,0,1,520549720162519589,2023-08-20,Cidade Ocidental,0,0.26125917,72890,11.8571428571429,94.0,0,0,1,80.1425732857143,66.1428571428571,14.3024375714286,17.2857142857143,7,,,,,11050,2016-06-19,5205497,Cidade Ocidental,GO,2016,25
1465689600000,201624,7.0,7,7,7,1.08095e-05,9.603512,0,1,520549720162419589,2023-08-20,Cidade Ocidental,0,0.2172312,72890,11.5714285714286,94.8571428571429,0,0,1,84.1095234285714,70.8571428571429,14.0441041428571,16.8571428571429,5,,,,,11050,2016-06-12,5205497,Cidade Ocidental,GO,2016,24
1465084800000,201623,33.0,33,33,33,0.7092705,45.2737,0,4,520549720162319589,2023-08-20,Cidade Ocidental,0,1.1497903,72890,14.7142857142857,96.7142857142857,0,0,2,85.0391148571429,71.2857142857143,17.3015871428571,20.2857142857143,31,,,,,11050,2016-06-05,5205497,Cidade Ocidental,GO,2016,23
1464480000000,201622,42.0,42,42,42,0.96279496,57.621075,0,4,520549720162219589,2023-08-20,Cidade Ocidental,0,1.5387212,72890,13.0,93.1428571428571,0,1,2,81.6394545714286,68.4285714285714,15.8486394285714,18.8571428571429,32,,,,,11050,2016-05-29,5205497,Cidade Ocidental,GO,2016,22
1463875200000,201621,24.0,24,24,24,0.11241513,32.926327,0,1,520549720162119589,2023-08-20,Cidade Ocidental,0,0.7254305,72890,15.4285714285714,95.7142857142857,0,0,2,82.2964865714286,67.5714285714286,18.0731294285714,20.8571428571429,21,,,,,11050,2016-05-22,5205497,Cidade Ocidental,GO,2016,21
1463270400000,201620,21.0,21,21,21,0.001949104,28.810537,0,1,520549720162019589,2023-08-20,Cidade Ocidental,0,0.47904924,72890,17.8571428571429,94.0,0,0,1,85.986962,74.7142857142857,19.2891154285714,21.4285714285714,18,,,,,11050,2016-05-15,5205497,Cidade Ocidental,GO,2016,20
1462665600000,201619,36.0,36,36,36,0.04455664,49.389492,0,4,520549720161919589,2023-08-20,Cidade Ocidental,0,0.69482577,72890,15.5714285714286,88.1428571428571,0,0,2,75.1598618571429,59.2857142857143,18.2619048571429,21.4285714285714,32,,,,,11050,2016-05-08,5205497,Cidade Ocidental,GO,2016,19
1462060800000,201618,33.0,33,33,33,0.026743643,45.2737,0,4,520549720161819589,2023-08-20,Cidade Ocidental,0,0.6536037,72890,15.4285714285714,94.0,0,0,2,81.981576,68.7142857142857,17.8897392857143,20.8571428571429,28,,,,,11050,2016-05-01,5205497,Cidade Ocidental,GO,2016,18
1461456000000,201617,78.0,78,78,78,0.9563522,107.01057,0,4,520549720161719589,2023-08-20,Cidade Ocidental,0,1.3414448,72890,17.0,94.0,0,1,2,85.6716438571429,68.8571428571429,18.850505,21.7142857142857,64,,,,,11050,2016-04-24,5205497,Cidade Ocidental,GO,2016,17
1460851200000,201616,32.0,32,32,32,4.81927e-05,43.90177,0,4,520549720161619589,2023-08-20,Cidade Ocidental,0,0.4513532,72890,16.5714285714286,88.0,0,0,2,67.2322385714286,43.1428571428571,20.5540441428571,24.8571428571429,28,,,,,11050,2016-04-17,5205497,Cidade Ocidental,GO,2016,16
1460246400000,201615,48.0,48,48,48,0.038820203,65.85265,0,4,520549720161519589,2023-08-20,Cidade Ocidental,0,0.71862704,72890,16.2857142857143,89.0,0,0,2,58.2568032857143,24.5714285714286,22.7471658571429,28.7142857142857,42,,,,,11050,2016-04-10,5205497,Cidade Ocidental,GO,2016,15
1459641600000,201614,95.0,95,95,95,0.9990798,130.33337,0,4,520549720161419589,2023-08-20,Cidade Ocidental,0,1.6690217,72890,17.1428571428571,91.5714285714286,0,1,2,80.3276642857143,66.1428571428571,19.5107708571429,22.5714285714286,78,,,,,11050,2016-04-03,5205497,Cidade Ocidental,GO,2016,14
1459036800000,201613,72.0,72,72,72,0.8317574,98.778984,0,4,520549720161319589,2023-08-20,Cidade Ocidental,0,1.1811304,72890,16.4285714285714,96.5714285714286,0,0,2,87.1434238571429,76.0,18.3407027142857,20.5714285714286,59,,,,,11050,2016-03-27,5205497,Cidade Ocidental,GO,2016,13
1458432000000,201612,36.0,36,36,36,0.0014095372,49.389492,0,4,520549720161219589,2023-08-20,Cidade Ocidental,0,0.5472207,72890,17.4285714285714,96.5714285714286,0,0,2,89.8616778571429,80.2857142857143,18.929705,20.8571428571429,30,,,,,11050,2016-03-20,5205497,Cidade Ocidental,GO,2016,12
1457827200000,201611,63.0,63,63,63,0.46288976,86.43161,0,4,520549720161119589,2023-08-20,Cidade Ocidental,0,0.9836593,72890,17.2857142857143,95.8571428571429,0,0,2,87.914682,77.1428571428571,19.1309525714286,21.5714285714286,41,,,,,11050,2016-03-13,5205497,Cidade Ocidental,GO,2016,11
1457222400000,201610,84.0,84,84,84,0.3860335,115.24215,0,4,520549720161019589,2023-08-20,Cidade Ocidental,0,0.95685816,72890,19.7142857142857,99.1428571428571,1,0,2,90.8820865714286,80.0,20.6164965714286,22.0,54,,,,,11050,2016-03-06,5205497,Cidade Ocidental,GO,2016,10
1456617600000,201609,50.0,50,50,50,0.0,68.59651,0,4,520549720160919589,2023-08-20,Cidade Ocidental,0,0.36269003,72890,19.0,95.7142857142857,1,0,2,88.2529098571429,76.7142857142857,20.6726508571429,22.4285714285714,35,,,,,11050,2016-02-28,5205497,Cidade Ocidental,GO,2016,9
1456012800000,201608,40.0,40,40,40,0.0,54.877213,0,4,520549720160819589,2023-08-20,Cidade Ocidental,0,0.27728683,72890,17.2857142857143,96.8571428571429,0,0,2,89.1411558571429,80.2857142857143,18.72449,20.8571428571429,24,,,,,11050,2016-02-21,5205497,Cidade Ocidental,GO,2016,8
1455408000000,201607,181.0,181,181,181,1.0,248.31938,0,4,520549720160719589,2023-08-20,Cidade Ocidental,0,1.981953,72890,17.5714285714286,94.0,0,1,2,85.2006808571429,65.7142857142857,19.4691558571429,21.5714285714286,100,,,,,11050,2016-02-14,5205497,Cidade Ocidental,GO,2016,7
1454803200000,201606,206.0,206,206,206,1.0,282.61765,0,4,520549720160619589,2023-08-20,Cidade Ocidental,0,4.382335,72890,18.5714285714286,94.8571428571429,1,1,2,70.5996,37.1428571428571,23.3761632857143,29.1428571428571,100,,,,,11050,2016-02-07,5205497,Cidade Ocidental,GO,2016,6
1454198400000,201605,62.0,62,62,62,0.9980389,85.05968,0,1,520549720160519589,2023-08-20,Cidade Ocidental,0,1.8203075,72890,16.7142857142857,96.5714285714286,0,1,2,69.3639462857143,34.7142857142857,22.9293205714286,29.0,34,,,,,11050,2016-01-31,5205497,Cidade Ocidental,GO,2016,5
1453593600000,201604,16.0,16,16,16,0.1278492,21.950886,0,2,520549720160419589,2023-08-20,Cidade Ocidental,0,0.695566,72890,19.1428571428571,97.4285714285714,1,0,1,88.2325914285714,76.2857142857143,20.553884,22.4285714285714,10,,,,,11050,2016-01-24,5205497,Cidade Ocidental,GO,2016,4
1452988800000,201603,56.0,56,56,56,1.0,76.828094,0,3,520549720160319589,2023-08-20,Cidade Ocidental,0,5.342888,72890,19.4285714285714,96.5714285714286,1,1,2,91.8866034285714,83.8571428571429,20.3352258571429,21.7142857142857,30,,,,,11050,2016-01-17,5205497,Cidade Ocidental,GO,2016,3
1452384000000,201602,17.0,17,17,17,0.9989446,23.322815,0,2,520549720160219589,2023-08-20,Cidade Ocidental,0,4.442239,72890,19.8571428571429,96.5714285714286,1,1,1,91.8952377142857,85.0,20.4555558571429,21.7142857142857,11,,,,,11050,2016-01-10,5205497,Cidade Ocidental,GO,2016,2
1451779200000,201601,7.0,7,7,7,0.9583368,9.603512,0,2,520549720160119589,2023-08-20,Cidade Ocidental,0,3.2510698,72890,19.8571428571429,95.7142857142857,1,1,1,92.1944434285714,87.0,20.3042657142857,21.2857142857143,4,,,,,11050,2016-01-03,5205497,Cidade Ocidental,GO,2016,1
1451174400000,201552,2.0,2,2,2,0.4312447,2.7438607,0,2,520549720155219589,2023-08-20,Cidade Ocidental,0,0.859593,72890,18.7142857142857,97.4285714285714,1,0,0,88.9041938571429,79.7142857142857,19.7125842857143,21.4285714285714,3,,,,,11050,2015-12-27,5205497,Cidade Ocidental,GO,2015,52
1450569600000,201551,1.0,1,1,1,0.21483475,1.3719304,0,2,520549720155119589,2023-08-20,Cidade Ocidental,0,0.45071423,72890,18.1428571428571,93.4285714285714,1,0,0,81.7665335714286,70.7142857142857,20.3035714285714,22.7142857142857,1,,,,,11050,2015-12-20,5205497,Cidade Ocidental,GO,2015,51
1449964800000,201550,3.0,3,3,3,0.8243167,4.115791,0,2,520549720155019589,2023-08-20,Cidade Ocidental,0,2.331315,72890,18.2857142857143,93.1428571428571,1,0,0,82.9737322857143,69.8571428571429,19.9398998571429,22.1428571428571,1,,,,,11050,2015-12-13,5205497,Cidade Ocidental,GO,2015,50
1449360000000,201549,3.0,3,3,3,0.96201503,4.115791,0,1,520549720154919589,2023-08-20,Cidade Ocidental,0,7.426779,72890,18.4285714285714,96.5714285714286,1,0,0,81.6306114285714,56.7142857142857,21.272789,25.7142857142857,2,,,,,11050,2015-12-06,5205497,Cidade Ocidental,GO,2015,49
1448755200000,201548,1.0,1,1,1,0.9632679,1.3719304,0,1,520549720154819589,2023-08-20,Cidade Ocidental,0,18.521618,72890,18.7142857142857,94.8571428571429,1,0,0,70.8344028571429,37.2857142857143,23.9021398571429,30.2857142857143,0,,,,,11050,2015-11-29,5205497,Cidade Ocidental,GO,2015,48
1448150400000,201547,0.0,0,0,0,0.0,0.0,0,1,520549720154719589,2023-08-20,Cidade Ocidental,0,0.0,72890,18.7142857142857,97.4285714285714,0,0,0,77.7202051428571,37.7142857142857,22.4175107142857,29.1428571428571,0,,,,,11050,2015-11-22,5205497,Cidade Ocidental,GO,2015,47
1447545600000,201546,0.0,0,0,0,0.0,0.0,0,1,520549720154619589,2023-08-20,Cidade Ocidental,0,0.0,72890,19.1428571428571,94.8571428571429,0,0,0,79.5603714285714,46.0,22.4648577142857,28.4285714285714,0,,,,,11050,2015-11-15,5205497,Cidade Ocidental,GO,2015,46
1446940800000,201545,0.0,0,0,0,0.0,0.0,0,1,520549720154519589,2023-08-20,Cidade Ocidental,0,0.0,72890,17.5714285714286,82.5714285714286,0,0,0,50.3418361428571,18.0,25.0438774285714,32.5714285714286,0,,,,,11050,2015-11-08,5205497,Cidade Ocidental,GO,2015,45
1446336000000,201544,0.0,0,0,0,0.0,0.0,0,1,520549720154419589,2023-08-20,Cidade Ocidental,0,0.0,72890,18.0,94.25,0,0,0,64.834939875,22.375,23.845613,31.125,0,,,,,11050,2015-11-01,5205497,Cidade Ocidental,GO,2015,44
1445731200000,201543,0.0,0,0,0,0.0,0.0,0,1,520549720154319589,2023-08-20,Cidade Ocidental,0,0.0,72890,18.5714285714286,94.0,0,0,0,74.2970257142857,32.4285714285714,22.5373938571429,28.0,0,,,,,11050,2015-10-25,5205497,Cidade Ocidental,GO,2015,43
1445126400000,201542,0.0,0,0,0,0.0,0.0,0,1,520549720154219589,2023-08-20,Cidade Ocidental,0,0.0,72890,17.1428571428571,77.1428571428571,0,0,0,46.4860485714286,20.1428571428571,25.4464884285714,33.2857142857143,0,,,,,11050,2015-10-18,5205497,Cidade Ocidental,GO,2015,42
1444521600000,201541,0.0,0,0,0,0.0,0.0,0,1,520549720154119589,2023-08-20,Cidade Ocidental,0,0.0,72890,16.1428571428571,66.7142857142857,0,0,0,35.5308012857143,9.85714285714286,25.3737717142857,33.2857142857143,0,,,,,11050,2015-10-11,5205497,Cidade Ocidental,GO,2015,41
1443916800000,201540,0.0,0,0,0,0.0,0.0,0,1,520549720154019589,2023-08-20,Cidade Ocidental,0,0.0,72890,17.5714285714286,84.0,0,0,0,50.7846942857143,20.1428571428571,24.9978081428571,32.7142857142857,0,,,,,11050,2015-10-04,5205497,Cidade Ocidental,GO,2015,40
1443312000000,201539,0.0,0,0,0,0.0,0.0,0,1,520549720153919589,2023-08-20,Cidade Ocidental,0,0.0,72890,16.5714285714286,88.4285714285714,0,0,0,54.077763,20.4285714285714,23.6662562857143,31.0,0,,,,,11050,2015-09-27,5205497,Cidade Ocidental,GO,2015,39
1442707200000,201538,0.0,0,0,0,0.0,0.0,0,1,520549720153819589,2023-08-20,Cidade Ocidental,0,0.0,72890,14.7142857142857,73.8571428571429,0,0,0,40.6734691428571,10.1428571428571,24.3418368571429,33.1428571428571,0,,,,,11050,2015-09-20,5205497,Cidade Ocidental,GO,2015,38
1442102400000,201537,0.0,0,0,0,0.0,0.0,0,1,520549720153719589,2023-08-20,Cidade Ocidental,0,0.0,72890,16.2857142857143,84.1428571428571,0,0,0,57.0918375714286,26.2857142857143,22.607143,29.4285714285714,0,,,,,11050,2015-09-13,5205497,Cidade Ocidental,GO,2015,37
1441497600000,201536,0.0,0,0,0,0.0,0.0,0,1,520549720153619589,2023-08-20,Cidade Ocidental,0,0.0,72890,17.0,81.4285714285714,0,0,0,55.8860647142857,24.2857142857143,23.6015798571429,30.8571428571429,0,,,,,11050,2015-09-06,5205497,Cidade Ocidental,GO,2015,36
1440892800000,201535,0.0,0,0,0,0.0,0.0,0,1,520549720153519589,2023-08-20,Cidade Ocidental,0,0.0,72890,12.7142857142857,80.5714285714286,0,0,0,43.9671204285714,13.0,22.354308,31.2857142857143,0,,,,,11050,2015-08-30,5205497,Cidade Ocidental,GO,2015,35
1440288000000,201534,0.0,0,0,0,0.0,0.0,0,1,520549720153419589,2023-08-20,Cidade Ocidental,0,0.0,72890,14.0,82.5714285714286,0,0,0,47.7384612857143,15.1428571428571,22.6258045714286,30.7142857142857,0,,,,,11050,2015-08-23,5205497,Cidade Ocidental,GO,2015,34
1439683200000,201533,0.0,0,0,0,0.0,0.0,0,1,520549720153319589,2023-08-20,Cidade Ocidental,0,0.0,72890,12.7142857142857,85.5714285714286,0,0,0,53.7023218571429,17.7142857142857,20.4750174285714,28.5714285714286,0,,,,,11050,2015-08-16,5205497,Cidade Ocidental,GO,2015,33
1439078400000,201532,0.0,0,0,0,0.0,0.0,0,1,520549720153219589,2023-08-20,Cidade Ocidental,0,0.0,72890,11.1428571428571,83.1428571428571,0,0,0,55.3128078571429,21.5714285714286,18.1850808571429,25.8571428571429,0,,,,,11050,2015-08-09,5205497,Cidade Ocidental,GO,2015,32
1438473600000,201531,0.0,0,0,0,0.0,0.0,0,1,520549720153119589,2023-08-20,Cidade Ocidental,0,0.0,72890,9.71428571428571,83.5714285714286,0,0,0,49.9438775714286,15.0,18.7755101428571,27.2857142857143,0,,,,,11050,2015-08-02,5205497,Cidade Ocidental,GO,2015,31
1437868800000,201530,0.0,0,0,0,0.0,0.0,0,1,520549720153019589,2023-08-20,Cidade Ocidental,0,0.0,72890,13.4285714285714,82.7142857142857,0,0,0,50.6590141428571,19.7142857142857,20.8265307142857,27.2857142857143,0,,,,,11050,2015-07-26,5205497,Cidade Ocidental,GO,2015,30
1437264000000,201529,0.0,0,0,0,0.0,0.0,0,1,520549720152919589,2023-08-20,Cidade Ocidental,0,0.0,72890,13.0,83.1428571428571,0,0,0,55.1442867142857,24.4285714285714,19.7262584285714,26.0,0,,,,,11050,2015-07-19,5205497,Cidade Ocidental,GO,2015,29
1436659200000,201528,0.0,0,0,0,0.0,0.0,0,1,520549720152819589,2023-08-20,Cidade Ocidental,0,0.0,72890,13.7142857142857,87.1428571428571,0,0,0,59.0944818571429,26.5714285714286,20.080688,26.0,0,,,,,11050,2015-07-12,5205497,Cidade Ocidental,GO,2015,28
1436054400000,201527,0.0,0,0,0,0.0,0.0,0,1,520549720152719589,2023-08-20,Cidade Ocidental,0,0.0,72890,14.2857142857143,89.7142857142857,0,0,0,65.7380361428571,33.5714285714286,19.7841307142857,26.0,0,,,,,11050,2015-07-05,5205497,Cidade Ocidental,GO,2015,27
1435449600000,201526,0.0,0,0,0,0.0,0.0,0,1,520549720152619589,2023-08-20,Cidade Ocidental,0,0.0,72890,12.0,85.2857142857143,0,0,0,59.876417,25.2857142857143,19.1681785714286,25.7142857142857,0,,,,,11050,2015-06-28,5205497,Cidade Ocidental,GO,2015,26
1434844800000,201525,0.0,0,0,0,0.0,0.0,0,1,520549720152519589,2023-08-20,Cidade Ocidental,0,0.0,72890,12.8571428571429,88.4285714285714,0,0,0,66.1838508571429,36.2857142857143,17.8029554285714,22.7142857142857,0,,,,,11050,2015-06-21,5205497,Cidade Ocidental,GO,2015,25
1434240000000,201524,0.0,0,0,0,0.0,0.0,0,1,520549720152419589,2023-08-20,Cidade Ocidental,0,0.0,72890,14.0,87.1428571428571,0,0,0,61.7091842857143,30.4285714285714,20.1428572857143,26.0,0,,,,,11050,2015-06-14,5205497,Cidade Ocidental,GO,2015,24
1433635200000,201523,0.0,0,0,0,0.0,0.0,0,1,520549720152319589,2023-08-20,Cidade Ocidental,0,0.0,72890,13.2857142857143,90.5714285714286,0,0,0,64.2448971428571,31.1428571428571,19.5918364285714,25.2857142857143,0,,,,,11050,2015-06-07,5205497,Cidade Ocidental,GO,2015,23
1433030400000,201522,0.0,0,0,0,0.0,0.0,0,1,520549720152219589,2023-08-20,Cidade Ocidental,0,0.0,72890,14.8571428571429,90.5714285714286,0,0,0,67.945919,36.4285714285714,19.8690475714286,25.0,0,,,,,11050,2015-05-31,5205497,Cidade Ocidental,GO,2015,22
1432425600000,201521,0.0,0,0,0,0.0,0.0,0,1,520549720152119589,2023-08-20,Cidade Ocidental,0,0.0,72890,14.1428571428571,91.4285714285714,0,0,0,67.2397967142857,32.8571428571429,19.9711471428571,26.0,0,,,,,11050,2015-05-24,5205497,Cidade Ocidental,GO,2015,21
1431820800000,201520,0.0,0,0,0,0.0,0.0,0,1,520549720152019589,2023-08-20,Cidade Ocidental,0,0.0,72890,15.4285714285714,92.2857142857143,0,0,0,72.6418005714286,44.7142857142857,19.2973258571429,24.0,0,,,,,11050,2015-05-17,5205497,Cidade Ocidental,GO,2015,20
1431216000000,201519,4.0,4,4,4,0.1682812,5.4877214,0,1,520549720151919589,2023-08-20,Cidade Ocidental,0,0.567201,72890,15.7142857142857,93.4285714285714,0,0,0,80.1965742857143,59.2857142857143,19.0622945714286,22.8571428571429,2,,,,,11050,2015-05-10,5205497,Cidade Ocidental,GO,2015,19
1430611200000,201518,9.0,9,9,9,0.7901606,12.347373,0,1,520549720151819589,2023-08-20,Cidade Ocidental,0,1.5062376,72890,17.7142857142857,96.5714285714286,0,0,1,80.4563685714286,57.8571428571429,20.5177691428571,24.5714285714286,4,,,,,11050,2015-05-03,5205497,Cidade Ocidental,GO,2015,18
1430006400000,201517,9.0,9,9,9,0.637832,12.347373,0,1,520549720151719589,2023-08-20,Cidade Ocidental,0,1.184233,72890,16.8571428571429,95.7142857142857,0,0,1,80.6601361428571,54.8571428571429,20.0105428571429,24.7142857142857,4,,,,,11050,2015-04-26,5205497,Cidade Ocidental,GO,2015,17
1429401600000,201516,3.0,3,3,3,0.015738027,4.115791,0,2,520549720151619589,2023-08-20,Cidade Ocidental,0,0.28905806,72890,18.4285714285714,95.7142857142857,1,0,0,76.4443514285714,44.0,22.134099,27.5714285714286,1,,,,,11050,2015-04-19,5205497,Cidade Ocidental,GO,2015,16
1428796800000,201515,5.0,5,5,5,0.09531302,6.8596516,0,2,520549720151519589,2023-08-20,Cidade Ocidental,0,0.5074906,72890,18.4285714285714,93.1428571428571,1,0,1,75.9855337142857,48.7142857142857,21.6359731428571,26.2857142857143,3,,,,,11050,2015-04-12,5205497,Cidade Ocidental,GO,2015,15
1428192000000,201514,16.0,16,16,16,0.96949804,21.950886,0,1,520549720151419589,2023-08-20,Cidade Ocidental,0,2.2078936,72890,18.7142857142857,94.0,1,1,1,77.1866985714286,46.1428571428571,21.7334595714286,26.0,6,,,,,11050,2015-04-05,5205497,Cidade Ocidental,GO,2015,14
1427587200000,201513,9.0,9,9,9,0.863441,12.347373,0,1,520549720151319589,2023-08-20,Cidade Ocidental,0,1.784133,72890,18.2857142857143,96.5714285714286,1,0,1,75.3332528571429,37.0,22.202622,27.8571428571429,7,,,,,11050,2015-03-29,5205497,Cidade Ocidental,GO,2015,13
1426982400000,201512,8.0,8,8,8,0.87774396,10.975443,0,1,520549720151219589,2023-08-20,Cidade Ocidental,0,1.9392661,72890,17.7142857142857,95.7142857142857,0,0,1,80.8270671428571,48.2857142857143,21.0986725714286,25.5714285714286,8,,,,,11050,2015-03-22,5205497,Cidade Ocidental,GO,2015,12
1426377600000,201511,3.0,3,3,3,0.49385574,4.115791,0,1,520549720151119589,2023-08-20,Cidade Ocidental,0,0.9883736,72890,17.2857142857143,98.2857142857143,0,0,0,84.3561707142857,61.0,19.6327768571429,23.8571428571429,3,,,,,11050,2015-03-15,5205497,Cidade Ocidental,GO,2015,11
1425772800000,201510,5.0,5,5,5,0.92272097,6.8596516,0,1,520549720151019589,2023-08-20,Cidade Ocidental,0,3.020031,72890,17.8571428571429,97.4285714285714,0,0,1,81.830273,42.8571428571429,20.7808065714286,25.0,5,,,,,11050,2015-03-08,5205497,Cidade Ocidental,GO,2015,10
1425168000000,201509,4.0,4,4,4,0.87851644,5.4877214,0,1,520549720150919589,2023-08-20,Cidade Ocidental,0,2.6306813,72890,17.7142857142857,94.8571428571429,0,0,0,77.6841821428571,53.5714285714286,21.1905647142857,26.1428571428571,4,,,,,11050,2015-03-01,5205497,Cidade Ocidental,GO,2015,9
1424563200000,201508,0.0,0,0,0,0.0,0.0,0,1,520549720150819589,2023-08-20,Cidade Ocidental,0,0.0,72890,18.4285714285714,91.5714285714286,0,0,0,71.7595595714286,43.1428571428571,22.0693454285714,26.8571428571429,0,,,,,11050,2015-02-22,5205497,Cidade Ocidental,GO,2015,8
1423958400000,201507,1.0,1,1,1,0.12988019,1.3719304,0,1,520549720150719589,2023-08-20,Cidade Ocidental,0,0.33958778,72890,18.4285714285714,90.4285714285714,1,0,0,73.3940567142857,41.8571428571429,21.562666,25.8571428571429,1,,,,,11050,2015-02-15,5205497,Cidade Ocidental,GO,2015,7
1423353600000,201506,3.0,3,3,3,0.5933473,4.115791,0,1,520549720150619589,2023-08-20,Cidade Ocidental,0,1.205746,72890,18.0,90.5714285714286,0,0,0,67.802691,41.1428571428571,22.5324597142857,27.4285714285714,3,,,,,11050,2015-02-08,5205497,Cidade Ocidental,GO,2015,6
1422748800000,201505,3.0,3,3,3,0.8429775,4.115791,0,1,520549720150519589,2023-08-20,Cidade Ocidental,0,2.5341117,72890,18.0,88.5714285714286,0,0,0,70.6312791428571,46.4285714285714,21.8600745714286,26.0,2,,,,,11050,2015-02-01,5205497,Cidade Ocidental,GO,2015,5
1422144000000,201504,4.0,4,4,4,0.9803694,5.4877214,0,1,520549720150419589,2023-08-20,Cidade Ocidental,0,8.734872,72890,17.7142857142857,94.8571428571429,0,0,0,72.687755,46.0,21.8853057142857,27.1428571428571,3,,,,,11050,2015-01-25,5205497,Cidade Ocidental,GO,2015,4
1421539200000,201503,0.0,0,0,0,0.0,0.0,0,1,520549720150319589,2023-08-20,Cidade Ocidental,0,0.0,72890,18.4285714285714,83.2857142857143,0,0,0,60.6201637142857,31.2857142857143,23.1567552857143,29.1428571428571,0,,,,,11050,2015-01-18,5205497,Cidade Ocidental,GO,2015,3
1420934400000,201502,0.0,0,0,0,0.0,0.0,0,1,520549720150219589,2023-08-20,Cidade Ocidental,0,0.0,72890,18.5714285714286,77.1428571428571,0,0,0,50.7448981428571,21.5714285714286,24.6224488571429,30.0,0,,,,,11050,2015-01-11,5205497,Cidade Ocidental,GO,2015,2
1420329600000,201501,1.0,1,1,1,0.96031237,1.3719304,0,1,520549720150119589,2023-08-20,Cidade Ocidental,0,17.116163,72890,18.5714285714286,81.2857142857143,0,0,0,58.0342871428571,27.2857142857143,24.0890255714286,30.1428571428571,0,,,,,11050,2015-01-04,5205497,Cidade Ocidental,GO,2015,1
1419724800000,201453,0.0,0,0,0,0.0,0.0,0,1,520549720145319589,2023-08-20,Cidade Ocidental,0,0.0,72890,19.5714285714286,79.2857142857143,0,0,0,56.4904285714286,28.0,25.3328994285714,31.2857142857143,0,,,,,11050,2014-12-28,5205497,Cidade Ocidental,GO,2014,53
1419120000000,201452,0.0,0,0,0,0.0,0.0,0,1,520549720145219589,2023-08-20,Cidade Ocidental,0,0.0,72890,20.2857142857143,85.2857142857143,0,0,0,67.0388671428571,38.7142857142857,24.0076002857143,28.2857142857143,0,,,,,11050,2014-12-21,5205497,Cidade Ocidental,GO,2014,52
1418515200000,201451,0.0,0,0,0,0.0,0.0,0,1,520549720145119589,2023-08-20,Cidade Ocidental,0,0.0,72890,20.2857142857143,91.5714285714286,0,0,0,76.6791265714286,48.1428571428571,23.1513462857143,27.5714285714286,0,,,,,11050,2014-12-14,5205497,Cidade Ocidental,GO,2014,51
1417910400000,201450,0.0,0,0,0,0.0,0.0,0,1,520549720145019589,2023-08-20,Cidade Ocidental,0,0.0,72890,19.7142857142857,87.4285714285714,0,0,0,75.6467557142857,51.5714285714286,21.6147557142857,25.1428571428571,0,,,,,11050,2014-12-07,5205497,Cidade Ocidental,GO,2014,50
1417305600000,201449,1.0,1,1,1,0.6120829,1.3719304,0,1,520549720144919589,2023-08-20,Cidade Ocidental,0,1.4120286,72890,19.5714285714286,87.2857142857143,0,0,0,70.9073905714286,44.1428571428571,22.5436531428571,27.0,0,,,,,11050,2014-11-30,5205497,Cidade Ocidental,GO,2014,49
1416700800000,201448,0.0,0,0,0,0.0,0.0,0,1,520549720144819589,2023-08-20,Cidade Ocidental,0,0.0,72890,19.7142857142857,90.7142857142857,0,0,0,73.7014085714286,38.2857142857143,22.7467577142857,27.5714285714286,0,,,,,11050,2014-11-23,5205497,Cidade Ocidental,GO,2014,48
1416096000000,201447,1.0,1,1,1,0.49096575,1.3719304,0,1,520549720144719589,2023-08-20,Cidade Ocidental,0,0.9743685,72890,20.0,80.1428571428571,0,0,0,62.0314897142857,35.5714285714286,23.9725545714286,29.0,0,,,,,11050,2014-11-16,5205497,Cidade Ocidental,GO,2014,47
1415491200000,201446,1.0,1,1,1,0.40477476,1.3719304,0,1,520549720144619589,2023-08-20,Cidade Ocidental,0,0.7663958,72890,20.4285714285714,85.1428571428571,0,0,0,69.7232632857143,41.0,23.4804765714286,27.8571428571429,0,,,,,11050,2014-11-09,5205497,Cidade Ocidental,GO,2014,46
1414886400000,201445,0.0,0,0,0,0.0,0.0,0,1,520549720144519589,2023-08-20,Cidade Ocidental,0,0.0,72890,20.4285714285714,81.5714285714286,0,0,0,59.1109688571429,26.5714285714286,24.9634501428571,30.8571428571429,0,,,,,11050,2014-11-02,5205497,Cidade Ocidental,GO,2014,45
1414281600000,201444,3.0,3,3,3,0.94215626,4.115791,0,1,520549720144419589,2023-08-20,Cidade Ocidental,0,5.347112,72890,18.7142857142857,86.7142857142857,0,0,0,69.1197214285714,40.7142857142857,22.9397954285714,28.4285714285714,3,,,,,11050,2014-10-26,5205497,Cidade Ocidental,GO,2014,44
1413676800000,201443,0.0,0,0,0,0.0,0.0,0,1,520549720144319589,2023-08-20,Cidade Ocidental,0,0.0,72890,21.0,71.1428571428571,0,0,0,51.6806957142857,24.8571428571429,25.3099822857143,30.5714285714286,0,,,,,11050,2014-10-19,5205497,Cidade Ocidental,GO,2014,43
1413072000000,201442,1.0,1,1,1,0.92503715,1.3719304,0,1,520549720144219589,2023-08-20,Cidade Ocidental,0,8.895468,72890,18.8571428571429,56.1428571428571,0,0,0,29.4879067142857,8.57142857142857,27.5274,34.7142857142857,0,,,,,11050,2014-10-12,5205497,Cidade Ocidental,GO,2014,42
1412467200000,201441,0.0,0,0,0,0.0,0.0,0,1,520549720144119589,2023-08-20,Cidade Ocidental,0,0.0,72890,17.5714285714286,54.2857142857143,0,0,0,33.6224492857143,11.5714285714286,24.1836735714286,30.4285714285714,0,,,,,11050,2014-10-05,5205497,Cidade Ocidental,GO,2014,41
1411862400000,201440,0.0,0,0,0,0.0,0.0,0,1,520549720144019589,2023-08-20,Cidade Ocidental,0,0.0,72890,20.2857142857143,68.8571428571429,0,0,0,47.508461,20.8571428571429,25.6130834285714,31.8571428571429,0,,,,,11050,2014-09-28,5205497,Cidade Ocidental,GO,2014,40
1411257600000,201439,0.0,0,0,0,0.0,0.0,0,1,520549720143919589,2023-08-20,Cidade Ocidental,0,0.0,72890,21.1428571428571,69.0,0,0,0,46.7214994285714,19.7142857142857,26.0149544285714,31.7142857142857,0,,,,,11050,2014-09-21,5205497,Cidade Ocidental,GO,2014,39
1410652800000,201438,1.0,1,1,1,0.44518688,1.3719304,0,1,520549720143819589,2023-08-20,Cidade Ocidental,0,0.85651857,72890,18.2857142857143,62.1428571428571,0,0,0,33.3552531428571,10.7142857142857,26.3418368571429,32.8571428571429,1,,,,,11050,2014-09-14,5205497,Cidade Ocidental,GO,2014,38
1410048000000,201437,1.0,1,1,1,0.1559132,1.3719304,0,1,520549720143719589,2023-08-20,Cidade Ocidental,0,0.37296942,72890,16.2857142857143,57.0,0,0,0,35.1071425714286,12.4285714285714,23.2499997142857,29.5714285714286,0,,,,,11050,2014-09-07,5205497,Cidade Ocidental,GO,2014,37
1409443200000,201436,0.0,0,0,0,0.0,0.0,0,1,520549720143619589,2023-08-20,Cidade Ocidental,0,0.0,72890,19.4285714285714,73.0,0,0,0,47.2049047142857,20.4285714285714,24.8238971428571,30.8571428571429,0,,,,,11050,2014-08-31,5205497,Cidade Ocidental,GO,2014,36
1408838400000,201435,2.0,2,2,2,0.14805588,2.7438607,0,1,520549720143519589,2023-08-20,Cidade Ocidental,0,0.45007858,72890,16.4285714285714,60.4285714285714,0,0,0,34.8724491428571,10.1428571428571,24.3877548571429,31.5714285714286,0,,,,,11050,2014-08-24,5205497,Cidade Ocidental,GO,2014,35
1408233600000,201434,7.0,7,7,7,0.7097711,9.603512,0,1,520549720143419589,2023-08-20,Cidade Ocidental,0,1.3609278,72890,13.8571428571429,71.2857142857143,0,0,1,41.7519352857143,14.0,21.7931032857143,28.4285714285714,3,,,,,11050,2014-08-17,5205497,Cidade Ocidental,GO,2014,34
1407628800000,201433,2.0,2,2,2,0.082947865,2.7438607,0,1,520549720143319589,2023-08-20,Cidade Ocidental,0,0.36375576,72890,13.8571428571429,71.0,0,0,0,40.5595781428571,14.4285714285714,21.5458335714286,28.2857142857143,0,,,,,11050,2014-08-10,5205497,Cidade Ocidental,GO,2014,33
1407024000000,201432,6.0,6,6,6,0.5650754,8.231582,0,1,520549720143219589,2023-08-20,Cidade Ocidental,0,1.0978454,72890,14.1428571428571,68.0,0,0,1,40.7653051428571,13.2857142857143,21.5969388571429,28.2857142857143,1,,,,,11050,2014-08-03,5205497,Cidade Ocidental,GO,2014,32
1406419200000,201431,7.0,7,7,7,0.49593422,9.603512,0,1,520549720143119589,2023-08-20,Cidade Ocidental,0,0.9947336,72890,14.8571428571429,80.8571428571429,0,0,1,60.4843962857143,35.7142857142857,19.6590917142857,25.1428571428571,6,,,,,11050,2014-07-27,5205497,Cidade Ocidental,GO,2014,31
1405814400000,201430,3.0,3,3,3,0.010716593,4.115791,0,1,520549720143019589,2023-08-20,Cidade Ocidental,0,0.2706202,72890,15.5714285714286,77.8571428571429,0,0,0,55.2837485714286,28.8571428571429,20.8577097142857,26.4285714285714,3,,,,,11050,2014-07-20,5205497,Cidade Ocidental,GO,2014,30
1405209600000,201429,7.0,7,7,7,0.0059952303,9.603512,0,1,520549720142919589,2023-08-20,Cidade Ocidental,0,0.35993457,72890,13.5714285714286,77.8571428571429,0,0,1,50.6938775714286,19.4285714285714,20.357143,27.0,6,,,,,11050,2014-07-13,5205497,Cidade Ocidental,GO,2014,29
1404604800000,201428,9.0,9,9,9,7.73255e-05,12.347373,0,1,520549720142819589,2023-08-20,Cidade Ocidental,0,0.27829954,72890,14.5714285714286,74.5714285714286,0,0,1,50.923469,21.8571428571429,20.8520405714286,26.1428571428571,8,,,,,11050,2014-07-06,5205497,Cidade Ocidental,GO,2014,28
1404000000000,201427,15.0,15,15,15,3.06351e-05,20.578955,0,1,520549720142719589,2023-08-20,Cidade Ocidental,0,0.3322475,72890,13.1428571428571,77.4285714285714,0,0,1,48.0728351428571,17.4285714285714,20.9090431428571,27.8571428571429,12,,,,,11050,2014-06-29,5205497,Cidade Ocidental,GO,2014,27
1403395200000,201426,33.0,33,33,33,0.003656817,45.2737,0,4,520549720142619589,2023-08-20,Cidade Ocidental,0,0.5655727,72890,13.2857142857143,80.8571428571429,0,0,2,54.574489,24.1428571428571,19.9792517142857,26.5714285714286,31,,,,,11050,2014-06-22,5205497,Cidade Ocidental,GO,2014,26
1402790400000,201425,50.0,50,50,50,0.010273843,68.59651,0,4,520549720142519589,2023-08-20,Cidade Ocidental,0,0.65963644,72890,15.7142857142857,81.2857142857143,0,0,2,59.2356225714286,28.2857142857143,21.2226344285714,26.5714285714286,45,,,,,11050,2014-06-15,5205497,Cidade Ocidental,GO,2014,25
1402185600000,201424,48.0,48,48,48,0.0004957838,65.85265,0,4,520549720142419589,2023-08-20,Cidade Ocidental,0,0.5601232,72890,15.7142857142857,78.2857142857143,0,0,2,57.1260028571429,28.7142857142857,21.0147077142857,26.4285714285714,45,,,,,11050,2014-06-08,5205497,Cidade Ocidental,GO,2014,24
1401580800000,201423,80.0,80,80,80,0.5127377,109.754425,0,4,520549720142319589,2023-08-20,Cidade Ocidental,0,1.0050551,72890,16.8571428571429,81.4285714285714,0,0,2,61.0873571428571,30.0,21.9909217142857,27.7142857142857,72,,,,,11050,2014-06-01,5205497,Cidade Ocidental,GO,2014,23
1400976000000,201422,104.0,104,104,104,0.9960828,142.68076,0,4,520549720142219589,2023-08-20,Cidade Ocidental,0,1.50272,72890,16.1428571428571,79.0,0,1,2,58.0800491428571,28.8571428571429,21.9535537142857,28.1428571428571,89,,,,,11050,2014-05-25,5205497,Cidade Ocidental,GO,2014,22
1400371200000,201421,76.0,76,76,76,0.9068024,104.2667,0,4,520549720142119589,2023-08-20,Cidade Ocidental,0,1.2537227,72890,18.0,81.2857142857143,0,0,2,57.814059,28.7142857142857,23.2891152857143,28.5714285714286,71,,,,,11050,2014-05-18,5205497,Cidade Ocidental,GO,2014,21
1399766400000,201420,66.0,66,66,66,0.8966066,90.5474,0,4,520549720142019589,2023-08-20,Cidade Ocidental,0,1.2612053,72890,15.7142857142857,79.2857142857143,0,0,2,56.2071052857143,28.1428571428571,21.6887757142857,27.1428571428571,52,,,,,11050,2014-05-11,5205497,Cidade Ocidental,GO,2014,20
1399161600000,201419,67.0,67,67,67,0.97249615,91.91933,0,4,520549720141919589,2023-08-20,Cidade Ocidental,0,1.4355283,72890,17.0,81.7142857142857,0,1,2,58.8106048571429,30.4285714285714,22.5957138571429,27.8571428571429,52,,,,,11050,2014-05-04,5205497,Cidade Ocidental,GO,2014,19
1398556800000,201418,45.0,45,45,45,0.6075539,61.736862,0,4,520549720141819589,2023-08-20,Cidade Ocidental,0,1.0598283,72890,14.5714285714286,80.4285714285714,0,0,2,58.2117348571429,29.1428571428571,20.994898,27.0,33,,,,,11050,2014-04-27,5205497,Cidade Ocidental,GO,2014,18
1397952000000,201417,51.0,51,51,51,0.9342013,69.968445,0,4,520549720141719589,2023-08-20,Cidade Ocidental,0,1.380003,72890,19.4285714285714,83.0,0,0,2,70.4458207142857,42.1428571428571,23.1601132857143,27.8571428571429,36,,,,,11050,2014-04-20,5205497,Cidade Ocidental,GO,2014,17
1397347200000,201416,38.0,38,38,38,0.8601935,52.13335,0,4,520549720141619589,2023-08-20,Cidade Ocidental,0,1.3011718,72890,20.0,85.2857142857143,0,0,2,65.1334474285714,34.5714285714286,24.4886325714286,29.0,28,,,,,11050,2014-04-13,5205497,Cidade Ocidental,GO,2014,16
1396742400000,201415,47.0,47,47,47,0.99668026,64.48073,0,1,520549720141519589,2023-08-20,Cidade Ocidental,0,1.9263313,72890,20.5714285714286,88.2857142857143,0,1,2,70.485928,37.1428571428571,24.0806597142857,29.1428571428571,32,,,,,11050,2014-04-06,5205497,Cidade Ocidental,GO,2014,15
1396137600000,201414,19.0,19,19,19,0.4776102,26.066675,0,1,520549720141419589,2023-08-20,Cidade Ocidental,0,0.98221976,72890,20.1428571428571,89.2857142857143,0,0,1,74.6359222857143,46.0,23.0129837142857,28.0,12,,,,,11050,2014-03-30,5205497,Cidade Ocidental,GO,2014,14
1395532800000,201413,29.0,29,29,29,0.99545354,39.78598,0,1,520549720141319589,2023-08-20,Cidade Ocidental,0,2.304543,72890,19.8571428571429,90.8571428571429,1,1,2,77.2736085714286,45.8571428571429,22.1759181428571,26.7142857142857,16,,,,,11050,2014-03-23,5205497,Cidade Ocidental,GO,2014,13
1394928000000,201412,21.0,21,21,21,0.9921984,28.810537,0,1,520549720141219589,2023-08-20,Cidade Ocidental,0,2.524245,72890,19.5714285714286,85.2857142857143,0,1,1,67.9831368571429,38.7142857142857,23.3476074285714,29.2857142857143,5,,,,,11050,2014-03-16,5205497,Cidade Ocidental,GO,2014,12
1394323200000,201411,11.0,11,11,11,0.7589771,15.091233,0,1,520549720141119589,2023-08-20,Cidade Ocidental,0,1.3735296,72890,19.8571428571429,83.8571428571429,0,0,1,63.4616961428571,34.4285714285714,24.1478344285714,28.8571428571429,1,,,,,11050,2014-03-09,5205497,Cidade Ocidental,GO,2014,11
1393718400000,201410,4.0,4,4,4,0.13589443,5.4877214,0,1,520549720141019589,2023-08-20,Cidade Ocidental,0,0.52836114,72890,19.8571428571429,89.7142857142857,0,0,0,74.45122,44.5714285714286,23.0490265714286,27.5714285714286,3,,,,,11050,2014-03-02,5205497,Cidade Ocidental,GO,2014,10
1393113600000,201409,10.0,10,10,10,0.8805264,13.719303,0,1,520549720140919589,2023-08-20,Cidade Ocidental,0,1.8114694,72890,19.2857142857143,83.0,0,0,1,64.8678975714286,38.8571428571429,23.6188598571429,28.4285714285714,1,,,,,11050,2014-02-23,5205497,Cidade Ocidental,GO,2014,9
1392508800000,201408,9.0,9,9,9,0.92949283,12.347373,0,1,520549720140819589,2023-08-20,Cidade Ocidental,0,2.278453,72890,19.1428571428571,92.4285714285714,1,0,1,76.7170394285714,51.0,22.0341674285714,26.4285714285714,2,,,,,11050,2014-02-16,5205497,Cidade Ocidental,GO,2014,8
1391904000000,201407,5.0,5,5,5,0.7461576,6.8596516,0,1,520549720140719589,2023-08-20,Cidade Ocidental,0,1.5595239,72890,18.1428571428571,89.4285714285714,0,0,1,64.5335765714286,38.1428571428571,23.330237,28.4285714285714,3,,,,,11050,2014-02-09,5205497,Cidade Ocidental,GO,2014,7
1391299200000,201406,2.0,2,2,2,0.5316231,2.7438607,0,1,520549720140619589,2023-08-20,Cidade Ocidental,0,1.0751534,72890,18.4285714285714,77.8571428571429,0,0,0,50.6020405714286,21.7142857142857,24.4540815714286,30.1428571428571,2,,,,,11050,2014-02-02,5205497,Cidade Ocidental,GO,2014,6
1390694400000,201405,6.0,6,6,6,0.983814,8.231582,0,1,520549720140519589,2023-08-20,Cidade Ocidental,0,5.8889766,72890,18.5714285714286,79.5714285714286,0,1,1,59.0306118571429,32.8571428571429,23.2653058571429,28.5714285714286,2,,,,,11050,2014-01-26,5205497,Cidade Ocidental,GO,2014,5
1390089600000,201404,0.0,0,0,0,0.0,0.0,0,1,520549720140419589,2023-08-20,Cidade Ocidental,0,0.0,72890,18.1428571428571,93.1428571428571,0,0,0,74.4857485714286,36.5714285714286,21.7493897142857,27.1428571428571,0,,,,,11050,2014-01-19,5205497,Cidade Ocidental,GO,2014,4
1389484800000,201403,1.0,1,1,1,0.6139667,1.3719304,0,1,520549720140319589,2023-08-20,Cidade Ocidental,0,1.4209235,72890,19.0,84.8571428571429,0,0,0,61.93049,32.1428571428571,23.8968517142857,29.8571428571429,0,,,,,11050,2014-01-12,5205497,Cidade Ocidental,GO,2014,3
1388880000000,201402,1.0,1,1,1,0.7557895,1.3719304,0,1,520549720140219589,2023-08-20,Cidade Ocidental,0,2.4755929,72890,18.2857142857143,83.8571428571429,0,0,0,55.7462791428571,25.7142857142857,24.1043958571429,29.7142857142857,1,,,,,11050,2014-01-05,5205497,Cidade Ocidental,GO,2014,2
1388275200000,201401,1.0,1,1,1,0.6887566,1.3719304,0,1,520549720140119589,2023-08-20,Cidade Ocidental,0,1.8589644,72890,18.5714285714286,89.8571428571429,0,0,0,65.0826708571429,34.4285714285714,24.1233797142857,29.8571428571429,2,,,,,11050,2013-12-29,5205497,Cidade Ocidental,GO,2014,1
