data_iniSE,se_codigo,casos_est,casos_est_min,casos_est_max,casos,p_rt1,p_inc100k,Localidade_id,nivel,id,versao_modelo,municipio_nome,tweet,Rt,pop,tempmin,umidmax,receptivo,transmissao,nivel_inc,umidmed,umidmin,tempmed,tempmax,casprov,casprov_est,casprov_est_min,casprov_est_max,casconf,notif_accum_year,data_ini_se,cod_ibge,municipio,uf,ano,semana
1786233600000,202632,0.0,0,0,0,0.0,0.0,0,1,520620620263220683,2026-08-18,Cristalina,,0.0,58940,0.0,0.0,0,0,0,0.0,0.0,0.0,0.0,0,,,,,17524,2026-08-09,5206206,Cristalina,GO,2026,32
1785628800000,202631,1.0,1,1,1,0.16689111,1.6966406,0,1,520620620263120683,2026-08-18,Cristalina,,0.38714358,58940,16.7616833333333,40.8682166666667,0,0,0,36.9324166666667,33.8208,17.9878166666667,19.2046833333333,0,,,,,17524,2026-08-02,5206206,Cristalina,GO,2026,31
1785024000000,202630,2.0,2,2,2,0.5073945,3.3932812,0,1,520620620263020683,2026-08-18,Cristalina,,1.0168836,58940,22.4404,44.9951142857143,0,0,0,44.9951142857143,44.9951142857143,22.4404,22.4404,1,,,,,17524,2026-07-26,5206206,Cristalina,GO,2026,30
1784419200000,202629,5.0,5,5,5,0.68662775,8.483203,0,1,520620620262920683,2026-08-18,Cristalina,,1.3729825,58940,20.4857857142857,49.3589,0,0,0,49.3589,49.3589,20.4857857142857,20.4857857142857,0,,,,,17524,2026-07-19,5206206,Cristalina,GO,2026,29
1783814400000,202628,0.0,0,0,0,0.0,0.0,0,1,520620620262820683,2026-08-18,Cristalina,,0.0,58940,20.2525285714286,52.1942857142857,0,0,0,52.1942857142857,52.1942857142857,20.2525285714286,20.2525285714286,0,,,,,17524,2026-07-12,5206206,Cristalina,GO,2026,28
1783209600000,202627,0.0,0,0,0,0.0,0.0,0,1,520620620262720683,2026-08-18,Cristalina,,0.0,58940,20.6551142857143,52.4789285714286,0,0,0,52.4789285714286,52.4789285714286,20.6551142857143,20.6551142857143,0,,,,,17524,2026-07-05,5206206,Cristalina,GO,2026,27
1782604800000,202626,11.0,11,11,11,0.63791496,18.663048,0,1,520620620262620683,2026-08-18,Cristalina,,1.1655239,58940,19.2174571428571,62.2277857142857,0,0,1,62.2277857142857,62.2277857142857,19.2174571428571,19.2174571428571,1,,,,,17524,2026-06-28,5206206,Cristalina,GO,2026,26
1782000000000,202625,12.0,12,12,12,0.9616896,20.359688,0,1,520620620262520683,2026-08-18,Cristalina,,2.4017272,58940,20.4761142857143,63.7318142857143,0,1,1,63.7318142857143,63.7318142857143,20.4761142857143,20.4761142857143,3,,,,,17524,2026-06-21,5206206,Cristalina,GO,2026,25
1781395200000,202624,14.0,14,14,14,0.9991183,23.75297,0,1,520620620262420683,2026-08-18,Cristalina,,5.904541,58940,20.0711428571429,73.7933142857143,0,1,1,73.7933142857143,73.7933142857143,20.0711428571429,20.0711428571429,1,,,,,17524,2026-06-14,5206206,Cristalina,GO,2026,24
1780790400000,202623,1.0,1,1,1,0.12953876,1.6966406,0,1,520620620262320683,2026-08-18,Cristalina,,0.33915043,58940,17.4036714285714,75.1915428571429,0,0,0,70.0166714285714,64.5353428571429,18.8693857142857,20.4654857142857,1,,,,,17524,2026-06-07,5206206,Cristalina,GO,2026,23
1780185600000,202622,2.0,2,2,2,0.051861957,3.3932812,0,1,520620620262220683,2026-08-18,Cristalina,,0.316107,58940,15.3413428571429,80.9790428571429,0,0,0,62.546,42.3351714285714,19.9321428571429,24.7396285714286,0,,,,,17524,2026-05-31,5206206,Cristalina,GO,2026,22
1779580800000,202621,1.0,1,1,1,0.0009959941,1.6966406,0,1,520620620262120683,2026-08-18,Cristalina,,0.10028506,58940,17.4605142857143,84.9879714285714,0,0,0,66.8112571428571,46.7008142857143,21.5212,25.9300428571429,1,,,,,17524,2026-05-24,5206206,Cristalina,GO,2026,21
1778976000000,202620,5.0,5,5,5,0.053059384,8.483203,0,1,520620620262020683,2026-08-18,Cristalina,,0.444139,58940,18.7312571428571,85.7024,0,0,0,66.7140142857143,46.2528428571429,22.7836428571429,27.1013,0,,,,,17524,2026-05-17,5206206,Cristalina,GO,2026,20
1778371200000,202619,14.0,14,14,14,0.68360513,23.75297,0,1,520620620261920683,2026-08-18,Cristalina,,1.2045686,58940,17.7053285714286,84.8678857142857,0,0,1,64.5049142857143,42.6150285714286,22.5616571428571,27.5356,4,,,,,17524,2026-05-10,5206206,Cristalina,GO,2026,19
1777766400000,202618,10.0,10,10,10,0.3278956,16.966406,0,1,520620620261820683,2026-08-18,Cristalina,,0.8297249,58940,21.9411714285714,62.5829857142857,0,0,1,62.5829857142857,62.5829857142857,21.9411714285714,21.9411714285714,2,,,,,17524,2026-05-03,5206206,Cristalina,GO,2026,18
1777161600000,202617,12.0,12,12,12,0.49945042,20.359688,0,1,520620620261720683,2026-08-18,Cristalina,,0.9994475,58940,22.1039857142857,66.0241142857143,0,0,1,66.0241142857143,66.0241142857143,22.1039857142857,22.1039857142857,1,,,,,17524,2026-04-26,5206206,Cristalina,GO,2026,17
1776556800000,202616,12.0,12,12,12,0.6209005,20.359688,0,1,520620620261620683,2026-08-18,Cristalina,,1.1358219,58940,18.2177571428571,83.9039428571429,0,0,1,66.3707,46.7603,22.6923285714286,27.2937,3,,,,,17524,2026-04-19,5206206,Cristalina,GO,2026,16
1775952000000,202615,13.0,13,13,13,0.8219314,22.056328,0,1,520620620261520683,2026-08-18,Cristalina,,1.4791048,58940,18.3364142857143,88.6290571428571,0,0,1,73.5811285714286,55.5067142857143,21.9669714285714,25.8897857142857,2,,,,,17524,2026-04-12,5206206,Cristalina,GO,2026,15
1775347200000,202614,12.0,12,12,12,0.7467435,20.359688,0,2,520620620261420683,2026-08-18,Cristalina,,1.3303806,58940,18.9992571428571,92.8425428571429,1,0,1,78.5891714285714,60.5578714285714,22.8032142857143,27.1351571428571,3,,,,,17524,2026-04-05,5206206,Cristalina,GO,2026,14
1774742400000,202613,6.0,6,6,6,0.106362924,10.179844,0,2,520620620261320683,2026-08-18,Cristalina,,0.5471074,58940,18.0854857142857,93.3167857142857,1,0,1,78.1329857142857,58.5488714285714,21.9275857142857,26.5860428571429,0,,,,,17524,2026-03-29,5206206,Cristalina,GO,2026,13
1774137600000,202612,9.0,9,9,9,0.21790366,15.269766,0,2,520620620261220683,2026-08-18,Cristalina,,0.7178002,58940,18.4628571428571,92.6404714285714,1,0,1,77.9365571428571,59.0774285714286,22.2457714285714,26.4571285714286,1,,,,,17524,2026-03-22,5206206,Cristalina,GO,2026,12
1773532800000,202611,10.0,10,10,10,0.2777408,16.966406,0,2,520620620261120683,2026-08-18,Cristalina,,0.78384584,58940,19.5866,96.7815714285714,1,0,1,83.5378571428571,63.2390714285714,22.7046571428571,26.9047142857143,2,,,,,17524,2026-03-15,5206206,Cristalina,GO,2026,11
1772928000000,202610,16.0,16,16,16,0.637676,27.14625,0,2,520620620261020683,2026-08-18,Cristalina,,1.1351615,58940,19.2674285714286,97.0266571428571,1,0,1,82.9447285714286,62.2890571428571,22.8196571428571,27.4339428571429,5,,,,,17524,2026-03-08,5206206,Cristalina,GO,2026,10
1772323200000,202609,10.0,10,10,10,0.07677519,16.966406,0,1,520620620260920683,2026-08-18,Cristalina,,0.5782114,58940,19.4546285714286,93.8783857142857,1,0,1,78.8228285714286,59.6792,22.9844285714286,27.2986714285714,6,,,,,17524,2026-03-01,5206206,Cristalina,GO,2026,9
1771718400000,202608,14.0,14,14,14,0.12252477,23.75297,0,1,520620620260820683,2026-08-18,Cristalina,,0.67477083,58940,19.5291,95.7502857142857,1,0,1,86.3042142857143,71.4451571428571,21.7862428571429,25.3765714285714,4,,,,,17524,2026-02-22,5206206,Cristalina,GO,2026,8
1771113600000,202607,16.0,16,16,16,0.19793676,27.14625,0,1,520620620260720683,2026-08-18,Cristalina,,0.7581046,58940,19.3211142857143,89.2045571428571,0,0,1,74.4548,55.8413857142857,23.0360285714286,27.3059857142857,3,,,,,17524,2026-02-15,5206206,Cristalina,GO,2026,7
1770508800000,202606,23.0,23,23,23,0.75967616,39.022736,0,2,520620620260620683,2026-08-18,Cristalina,,1.2428119,58940,18.6507285714286,95.087,1,0,1,80.3841428571429,61.6982571428571,22.2654571428571,26.1945285714286,2,,,,,17524,2026-02-08,5206206,Cristalina,GO,2026,6
1769904000000,202605,25.0,25,25,25,0.9194334,42.416016,0,2,520620620260520683,2026-08-18,Cristalina,,1.5489966,58940,19.5717428571429,94.932,1,0,1,83.8022142857143,64.4077142857143,22.4479,26.6798571428571,4,,,,,17524,2026-02-01,5206206,Cristalina,GO,2026,5
1769299200000,202604,15.0,15,15,15,0.5143357,25.44961,0,1,520620620260420683,2026-08-18,Cristalina,,1.0130681,58940,18.8865428571429,94.1840428571429,1,0,1,80.0870571428571,60.1418857142857,22.5765285714286,27.4223857142857,3,,,,,17524,2026-01-25,5206206,Cristalina,GO,2026,4
1768694400000,202603,19.0,19,19,19,0.84443915,32.23617,0,1,520620620260320683,2026-08-18,Cristalina,,1.4253178,58940,19.1320571428571,94.8664285714286,1,0,1,86.2475571428571,75.2941285714286,21.3169571428571,23.7965571428571,4,,,,,17524,2026-01-18,5206206,Cristalina,GO,2026,3
1768089600000,202602,10.0,10,10,10,0.6581121,16.966406,0,1,520620620260220683,2026-08-18,Cristalina,,1.2050492,58940,18.9108714285714,88.7262,0,0,1,70.9228285714286,51.2507714285714,23.2509142857143,27.8378142857143,3,,,,,17524,2026-01-11,5206206,Cristalina,GO,2026,2
1767484800000,202601,21.0,21,21,21,0.9999274,35.629456,0,1,520620620260120683,2026-08-18,Cristalina,,5.958996,58940,19.1832285714286,94.3095,1,1,1,82.2632714285714,65.9808428571429,21.8041,25.1564285714286,1,,,,,17524,2026-01-04,5206206,Cristalina,GO,2026,1
1766880000000,202553,6.0,6,6,6,0.81372774,10.179844,0,1,520620620255320683,2026-08-18,Cristalina,,1.7619864,58940,20.2636714285714,91.9962428571429,1,0,1,76.4411142857143,58.0250142857143,24.3846,28.9258,2,,,,,17524,2025-12-28,5206206,Cristalina,GO,2025,53
1766275200000,202552,1.0,1,1,1,0.009460102,1.6966406,0,1,520620620255220683,2026-08-18,Cristalina,,0.14872257,58940,19.2479285714286,85.2735285714286,0,0,0,66.7701571428571,49.5397857142857,23.8760857142857,28.6385142857143,1,,,,,17524,2025-12-21,5206206,Cristalina,GO,2025,52
1765670400000,202551,0.0,0,0,0,0.0,0.0,0,1,520620620255120683,2026-08-18,Cristalina,,0.0,58940,19.9817571428571,96.234,0,0,0,85.2443285714286,67.4584714285714,22.432,25.7195142857143,0,,,,,17524,2025-12-14,5206206,Cristalina,GO,2025,51
1765065600000,202550,9.0,9,9,9,0.8258374,15.269766,0,1,520620620255020683,2026-08-18,Cristalina,,1.6234206,58940,19.4559714285714,93.6630571428571,1,0,1,83.2055142857143,65.6632142857143,22.1177857142857,26.0872428571429,1,,,,,17524,2025-12-07,5206206,Cristalina,GO,2025,50
1764460800000,202549,12.0,12,12,12,0.98562944,20.359688,0,1,520620620254920683,2026-08-18,Cristalina,,3.177414,58940,20.1328142857143,89.4644285714286,0,1,1,75.4297714285714,57.6627857142857,23.3482571428571,27.2411142857143,0,,,,,17524,2025-11-30,5206206,Cristalina,GO,2025,49
1763856000000,202548,3.0,3,3,3,0.32286993,5.089922,0,1,520620620254820683,2026-08-18,Cristalina,,0.7217951,58940,19.4082,92.7727285714286,1,0,0,74.2565285714286,50.5946285714286,23.2523571428571,28.0747857142857,1,,,,,17524,2025-11-23,5206206,Cristalina,GO,2025,48
1763251200000,202547,3.0,3,3,3,0.09700996,5.089922,0,1,520620620254720683,2026-08-18,Cristalina,,0.438484,58940,20.2541142857143,78.8296142857143,0,0,0,56.7569142857143,36.5478571428571,24.9864714285714,29.8245571428571,1,,,,,17524,2025-11-16,5206206,Cristalina,GO,2025,47
1762646400000,202546,4.0,4,4,4,0.042616356,6.7865624,0,1,520620620254620683,2026-08-18,Cristalina,,0.3933299,58940,20.0663285714286,77.3128857142857,0,0,0,62.4738285714286,45.5492857142857,24.2495714285714,28.8935,1,,,,,17524,2025-11-09,5206206,Cristalina,GO,2025,46
1762041600000,202545,3.0,3,3,3,0.0075446665,5.089922,0,1,520620620254520683,2026-08-18,Cristalina,,0.2559055,58940,20.2935714285714,90.2589571428571,1,0,0,72.8142,51.0879285714286,24.2401285714286,29.1434285714286,2,,,,,17524,2025-11-02,5206206,Cristalina,GO,2025,45
1761436800000,202544,17.0,17,17,17,0.7366719,28.842892,0,1,520620620254420683,2026-08-18,Cristalina,,1.2544305,58940,20.9523285714286,73.7703857142857,0,0,1,52.4763857142857,35.5453,25.5447428571429,30.4837857142857,1,,,,,17524,2025-10-26,5206206,Cristalina,GO,2025,44
1760832000000,202543,6.0,6,6,6,0.054110788,10.179844,0,1,520620620254320683,2026-08-18,Cristalina,,0.47204804,58940,17.454,79.3854714285714,0,0,1,61.0662857142857,43.7978714285714,21.2443142857143,25.3777,1,,,,,17524,2025-10-19,5206206,Cristalina,GO,2025,43
1760227200000,202542,17.0,17,17,17,0.9381624,28.842892,0,1,520620620254220683,2026-08-18,Cristalina,,1.8295741,58940,20.9585428571429,75.8237571428571,0,0,1,55.7288857142857,36.9164714285714,25.5331428571429,30.8090285714286,3,,,,,17524,2025-10-12,5206206,Cristalina,GO,2025,42
1759622400000,202541,17.0,17,17,17,0.8606538,28.842892,0,1,520620620254120683,2026-08-18,Cristalina,,1.4993492,58940,20.7555571428571,51.1337285714286,0,0,1,36.0127857142857,23.5709571428571,26.4557428571429,32.1808857142857,4,,,,,17524,2025-10-05,5206206,Cristalina,GO,2025,41
1759017600000,202540,5.0,5,5,5,0.0008143905,8.483203,0,1,520620620254020683,2026-08-18,Cristalina,,0.25128296,58940,18.2216714285714,48.4938,0,0,0,33.6265714285714,20.7752428571429,24.4448142857143,30.8446285714286,4,,,,,17524,2025-09-28,5206206,Cristalina,GO,2025,40
1758412800000,202539,3.0,3,3,3,4.1518e-06,5.089922,0,1,520620620253920683,2026-08-18,Cristalina,,0.1230616,58940,19.4161857142857,79.8217285714286,0,0,0,59.5893571428571,39.2829,23.9172142857143,28.9716428571429,1,,,,,17524,2025-09-21,5206206,Cristalina,GO,2025,39
1757808000000,202538,26.0,26,26,26,0.8088901,44.112656,0,1,520620620253820683,2026-08-18,Cristalina,,1.2917899,58940,20.8328857142857,55.3409571428571,0,0,1,40.3016428571429,25.7115428571429,25.9114571428571,31.5531428571429,1,,,,,17524,2025-09-14,5206206,Cristalina,GO,2025,38
1757203200000,202537,30.0,30,30,30,0.99463457,50.89922,0,1,520620620253720683,2026-08-18,Cristalina,,2.2153924,58940,18.4458428571429,42.1279571428571,0,1,1,28.2786571428571,17.6500714285714,25.3431,32.1221857142857,7,,,,,17524,2025-09-07,5206206,Cristalina,GO,2025,37
1756598400000,202536,23.0,23,23,23,0.9883533,39.022736,0,1,520620620253620683,2026-08-18,Cristalina,,2.2426574,58940,17.7675285714286,59.4544571428571,0,1,1,43.0280571428571,29.3202285714286,22.7197571428571,27.6653714285714,4,,,,,17524,2025-08-31,5206206,Cristalina,GO,2025,36
1755993600000,202535,6.0,6,6,6,0.3808355,10.179844,0,1,520620620253520683,2026-08-18,Cristalina,,0.8497664,58940,17.8211285714286,51.6730285714286,0,0,1,38.0384428571429,24.9365428571429,23.4107,29.24,1,,,,,17524,2025-08-24,5206206,Cristalina,GO,2025,35
1755388800000,202534,15.0,15,15,15,0.99536943,25.44961,0,1,520620620253420683,2026-08-18,Cristalina,,3.568997,58940,16.4221714285714,47.7699857142857,0,1,1,34.4690428571429,21.3894714285714,22.4849571428571,28.8839,1,,,,,17524,2025-08-17,5206206,Cristalina,GO,2025,34
1754784000000,202533,6.0,6,6,6,0.82535404,10.179844,0,1,520620620253320683,2026-08-18,Cristalina,,1.8202487,58940,14.9027571428571,53.9429285714286,0,0,1,38.1078714285714,24.4263142857143,21.2210428571429,27.8574571428571,3,,,,,17524,2025-08-10,5206206,Cristalina,GO,2025,33
1754179200000,202532,2.0,2,2,2,0.3029846,3.3932812,0,1,520620620253220683,2026-08-18,Cristalina,,0.6530512,58940,16.2377428571429,57.4225285714286,0,0,0,44.3827571428571,30.0560571428571,21.2054428571429,26.6958428571429,2,,,,,17524,2025-08-03,5206206,Cristalina,GO,2025,32
1753574400000,202531,4.0,4,4,4,0.7320493,6.7865624,0,1,520620620253120676,2026-08-11,Cristalina,,1.5836987,58940,15.6470285714286,59.2742285714286,0,0,0,44.5836,28.9580285714286,21.2491428571429,27.1326857142857,1,,,,,17524,2025-07-27,5206206,Cristalina,GO,2025,31
1752969600000,202530,3.0,3,3,3,0.6374563,5.089922,0,1,520620620253020671,2026-08-06,Cristalina,,1.3289669,58940,15.9457,62.3277285714286,0,0,0,45.8233714285714,30.3625142857143,21.3399142857143,27.1996285714286,1,,,,,17524,2025-07-20,5206206,Cristalina,GO,2025,30
1752364800000,202529,3.0,3,3,3,0.36641923,5.089922,0,1,520620620252920662,2026-07-28,Cristalina,,0.7816542,58940,13.9411571428571,65.5040428571428,0,0,0,49.4333571428571,33.1545714285714,19.0384,24.3274714285714,1,,,,,17524,2025-07-13,5206206,Cristalina,GO,2025,29
1751760000000,202528,1.0,1,1,1,0.0061128456,1.6966406,0,1,520620620252820654,2026-07-20,Cristalina,,0.13598153,58940,14.2039857142857,67.4874714285714,0,0,0,52.2821285714286,35.6980142857143,18.7130285714286,23.8385285714286,1,,,,,17524,2025-07-06,5206206,Cristalina,GO,2025,28
1751155200000,202527,2.0,2,2,2,0.00298558,3.3932812,0,1,520620620252720647,2026-07-13,Cristalina,,0.18019353,58940,14.7311428571429,70.4325285714286,0,0,0,54.4900857142857,36.5617428571429,19.6833285714286,25.0251,2,,,,,17524,2025-06-29,5206206,Cristalina,GO,2025,27
1750550400000,202526,8.0,8,8,8,0.052221987,13.573125,0,1,520620620252620642,2026-07-08,Cristalina,,0.5099384,58940,15.5172,79.2174857142857,0,0,1,60.4181285714286,39.3994857142857,20.3805571428571,26.0053857142857,2,,,,,17524,2025-06-22,5206206,Cristalina,GO,2025,26
1749945600000,202525,12.0,12,12,12,0.06875454,20.359688,0,1,520620620252520636,2026-07-02,Cristalina,,0.59171546,58940,15.0126714285714,70.7939,0,0,1,57.3587285714286,39.4510285714286,19.3073285714286,24.3706714285714,1,,,,,17524,2025-06-15,5206206,Cristalina,GO,2025,25
1749340800000,202524,11.0,11,11,11,0.0561239,18.663048,0,1,520620620252420627,2026-06-23,Cristalina,,0.5610881,58940,16.0915142857143,76.6869,0,0,1,60.1433714285714,41.7760714285714,20.4644,25.3439,3,,,,,17524,2025-06-08,5206206,Cristalina,GO,2025,24
1748736000000,202523,28.0,28,28,28,0.9548918,47.50594,0,1,520620620252320621,2026-06-17,Cristalina,,1.6643084,58940,17.2307,81.4261714285714,0,1,1,65.8969428571429,46.2454142857143,21.5312857142857,26.4830285714286,7,,,,,17524,2025-06-01,5206206,Cristalina,GO,2025,23
1748131200000,202522,21.0,21,21,21,0.6344348,35.629456,0,1,520620620252220619,2026-06-15,Cristalina,,1.1138293,58940,15.6976285714286,82.7163571428571,0,0,1,66.5027,46.4137714285714,20.3134142857143,25.3378571428571,4,,,,,17524,2025-05-25,5206206,Cristalina,GO,2025,22
1747526400000,202521,12.0,12,12,12,0.03468168,20.359688,0,1,520620620252120608,2026-06-04,Cristalina,,0.5347137,58940,15.0256142857143,77.9481857142857,0,0,1,63.0522428571429,43.5049,19.9313142857143,25.227,8,,,,,17524,2025-05-18,5206206,Cristalina,GO,2025,21
1746921600000,202520,15.0,15,15,15,0.19213122,25.44961,0,1,520620620252020599,2026-05-26,Cristalina,,0.74689865,58940,17.492,81.5156857142857,0,0,1,67.9046857142857,51.4269571428571,20.8832571428571,24.5287,4,,,,,17524,2025-05-11,5206206,Cristalina,GO,2025,20
1746316800000,202519,32.0,32,32,32,0.9953536,54.2925,0,1,520620620251920592,2026-05-19,Cristalina,,2.188838,58940,17.1818142857143,80.6669857142857,0,1,1,67.1590857142857,48.3338,21.3316428571429,26.0897857142857,14,,,,,17524,2025-05-04,5206206,Cristalina,GO,2025,19
1745712000000,202518,19.0,19,19,19,0.9586152,32.23617,0,2,520620620251820587,2026-05-14,Cristalina,,1.9206531,58940,18.9313428571429,93.9320857142857,1,1,1,81.3854428571429,63.4628,22.0831,25.9567571428571,7,,,,,17524,2025-04-27,5206206,Cristalina,GO,2025,18
1745107200000,202517,14.0,14,14,14,0.9437713,23.75297,0,1,520620620251720578,2026-05-05,Cristalina,,2.013278,58940,19.4865142857143,91.8540714285714,1,0,1,77.6938,58.3973857142857,23.0617571428571,27.3553714285714,2,,,,,17524,2025-04-20,5206206,Cristalina,GO,2025,17
1744502400000,202516,10.0,10,10,10,0.7293899,16.966406,0,1,520620620251620571,2026-04-28,Cristalina,,1.3318008,58940,19.4019571428571,95.6822857142857,1,0,1,82.9078,64.2604428571429,22.5510142857143,26.8141714285714,2,,,,,17524,2025-04-13,5206206,Cristalina,GO,2025,16
1743897600000,202515,5.0,5,5,5,0.061158806,8.483203,0,1,520620620251520566,2026-04-23,Cristalina,,0.45768034,58940,19.0299857142857,86.8505285714286,0,0,0,72.7059857142857,55.0854142857143,22.5878714285714,26.8734714285714,1,,,,,17524,2025-04-06,5206206,Cristalina,GO,2025,15
1743292800000,202514,4.0,4,4,4,0.0068434402,6.7865624,0,1,520620620251420557,2026-04-14,Cristalina,,0.28861067,58940,19.7769714285714,83.6360714285714,0,0,0,66.5625857142857,46.8258571428571,24.0618714285714,28.7649,2,,,,,17524,2025-03-30,5206206,Cristalina,GO,2025,14
1742688000000,202513,14.0,14,14,14,0.31467643,23.75297,0,1,520620620251320552,2026-04-09,Cristalina,,0.8416827,58940,19.7543571428571,95.7696,1,0,1,80.7863571428571,60.9076142857143,23.1861714285714,27.2971571428571,2,,,,,17524,2025-03-23,5206206,Cristalina,GO,2025,13
1742083200000,202512,13.0,13,13,13,0.10163833,22.056328,0,1,520620620251220543,2026-03-31,Cristalina,,0.64325625,58940,20.4660571428571,86.9988285714286,0,0,1,67.7217428571429,47.3000714285714,24.7757428571429,29.6136571428571,3,,,,,17524,2025-03-16,5206206,Cristalina,GO,2025,12
1741478400000,202511,16.0,16,16,16,0.120146,27.14625,0,1,520620620251120535,2026-03-23,Cristalina,,0.68794715,58940,20.8192142857143,75.4976714285714,0,0,1,55.1586285714286,35.4178428571429,25.9837428571429,31.4967857142857,6,,,,,17524,2025-03-09,5206206,Cristalina,GO,2025,11
1740873600000,202510,20.0,20,20,20,0.22181892,33.93281,0,1,520620620251020529,2026-03-17,Cristalina,,0.7970975,58940,20.0731428571429,70.9502142857143,0,0,1,57.6961428571429,43.2386142857143,23.8961285714286,28.1470428571429,1,,,,,17524,2025-03-02,5206206,Cristalina,GO,2025,10
1740268800000,202509,26.0,26,26,26,0.40621462,44.112656,0,1,520620620250920521,2026-03-09,Cristalina,,0.9377584,58940,20.2101285714286,79.9618428571429,0,0,1,63.8967,47.5452428571429,24.2615142857143,28.7996714285714,4,,,,,17524,2025-02-23,5206206,Cristalina,GO,2025,9
1739664000000,202508,23.0,23,23,23,0.20050806,39.022736,0,1,520620620250820516,2026-03-04,Cristalina,,0.7930865,58940,19.5247,79.4296714285714,0,0,1,59.7833,41.0701,24.7353571428571,29.6764142857143,3,,,,,17524,2025-02-16,5206206,Cristalina,GO,2025,8
1739059200000,202507,27.0,27,27,27,0.6534177,45.8093,0,1,520620620250720508,2026-02-24,Cristalina,,1.1156855,58940,19.1200714285714,92.8474857142857,1,0,1,74.3673714285714,55.0035714285714,23.1580142857143,27.4403857142857,11,,,,,17524,2025-02-09,5206206,Cristalina,GO,2025,7
1738454400000,202506,35.0,35,35,35,0.9974917,59.382423,0,1,520620620250620503,2026-02-19,Cristalina,,2.259178,58940,19.1796857142857,89.0639,0,1,1,73.0096714285714,53.8162428571429,22.8911571428571,27.0852714285714,8,,,,,17524,2025-02-02,5206206,Cristalina,GO,2025,6
1737849600000,202505,27.0,27,27,27,0.9987738,45.8093,0,2,520620620250520495,2026-02-11,Cristalina,,2.8882306,58940,19.7812714285714,94.9702428571428,1,1,1,81.8884857142857,62.8817714285714,22.9322285714286,26.8016428571429,5,,,,,17524,2025-01-26,5206206,Cristalina,GO,2025,5
1737244800000,202504,13.0,13,13,13,0.869315,22.056328,0,2,520620620250420491,2026-02-07,Cristalina,,1.628392,58940,19.2259428571429,93.3648428571429,1,0,1,76.4415142857143,55.7600285714286,23.6148,28.8600571428571,2,,,,,17524,2025-01-19,5206206,Cristalina,GO,2025,4
1736640000000,202503,6.0,6,6,6,0.32063317,10.179844,0,2,520620620250320486,2026-02-02,Cristalina,,0.7824577,58940,19.5304571428571,96.0295714285714,1,0,1,86.5845857142857,72.2264857142857,21.9336285714286,24.8871,2,,,,,17524,2025-01-12,5206206,Cristalina,GO,2025,3
1736035200000,202502,7.0,7,7,7,0.5354734,11.876485,0,2,520620620250220459,2026-01-06,Cristalina,,1.0478046,58940,19.7269857142857,95.9452571428571,1,0,1,84.2736714285714,67.2936285714286,22.5398571428571,26.463,2,,,,,17524,2025-01-05,5206206,Cristalina,GO,2025,2
1735430400000,202501,12.0,12,12,12,0.6555611,20.359688,0,2,520620620250120459,2026-01-06,Cristalina,,1.182032,58940,19.2658285714286,97.0500428571429,1,0,1,84.7229285714286,66.3827857142857,22.1633714285714,26.0467,4,,,,,17524,2024-12-29,5206206,Cristalina,GO,2025,1
1734825600000,202452,2.0,2,2,2,6.80046e-05,3.3932812,0,2,520620620245220437,2025-12-15,Cristalina,,0.1169627,58940,19.8921285714286,97.3605428571429,1,0,0,87.1229142857143,69.1713285714286,22.2264,25.7596285714286,1,,,,,17524,2024-12-22,5206206,Cristalina,GO,2024,52
1734220800000,202451,5.0,5,5,5,0.0005194925,8.483203,0,2,520620620245120437,2025-12-15,Cristalina,,0.24094953,58940,19.9102142857143,96.4674285714286,1,0,1,82.4917142857143,60.9671571428571,22.9808428571429,27.4967857142857,0,,,,,17524,2024-12-15,5206206,Cristalina,GO,2024,51
1733616000000,202450,24.0,24,24,24,0.55084074,40.719376,0,2,520620620245020437,2025-12-15,Cristalina,,1.0375913,58940,19.995,90.9930857142857,1,0,1,74.1091142857143,53.8432285714286,24.1278,28.8125142857143,5,,,,,17524,2024-12-08,5206206,Cristalina,GO,2024,50
1733011200000,202449,21.0,21,21,21,0.23427232,35.629456,0,2,520620620244920431,2025-12-09,Cristalina,,0.8103042,58940,19.6710857142857,93.7839571428571,1,0,1,75.8680857142857,54.8919571428571,23.5103142857143,27.9280428571429,4,,,,,17524,2024-12-01,5206206,Cristalina,GO,2024,49
1732406400000,202448,18.0,18,18,18,0.15057021,30.539532,0,2,520620620244820425,2025-12-03,Cristalina,,0.729498,58940,19.4567,92.2732285714286,1,0,1,76.1576285714286,58.8147,22.9531,26.8055714285714,2,,,,,17524,2024-11-24,5206206,Cristalina,GO,2024,48
1731801600000,202447,34.0,34,34,34,0.96699023,57.685783,0,2,520620620244720418,2025-11-26,Cristalina,,1.6511049,58940,19.2371571428571,97.1964,1,1,1,82.1453714285714,63.2673714285714,22.7229714285714,26.8898857142857,6,,,,,17524,2024-11-17,5206206,Cristalina,GO,2024,47
1731196800000,202446,23.0,23,23,23,0.81910133,39.022736,0,2,520620620244620410,2025-11-18,Cristalina,,1.3308727,58940,19.3049285714286,95.6681,1,0,1,82.1331857142857,62.3653428571429,22.2650714285714,26.3543714285714,2,,,,,17524,2024-11-10,5206206,Cristalina,GO,2024,46
1730592000000,202445,23.0,23,23,23,0.82499444,39.022736,0,2,520620620244520403,2025-11-11,Cristalina,,1.3410782,58940,19.4285857142857,94.9703571428571,1,0,1,83.0812857142857,68.6048571428571,21.9917142857143,25.1759285714286,1,,,,,17524,2024-11-03,5206206,Cristalina,GO,2024,45
1729987200000,202444,12.0,12,12,12,0.16792391,20.359688,0,2,520620620244420395,2025-11-03,Cristalina,,0.7015976,58940,19.4972857142857,94.3798857142857,1,0,1,80.9321714285714,64.3192714285714,22.3869714285714,25.8231857142857,3,,,,,17524,2024-10-27,5206206,Cristalina,GO,2024,44
1729382400000,202443,19.0,19,19,19,0.7316292,32.23617,0,1,520620620244320389,2025-10-28,Cristalina,,1.2319458,58940,20.1376,95.1339714285714,1,0,1,81.5493428571429,60.8486285714286,23.1727,27.4402142857143,3,,,,,17524,2024-10-20,5206206,Cristalina,GO,2024,43
1728777600000,202442,19.0,19,19,19,0.88056445,32.23617,0,1,520620620244220381,2025-10-20,Cristalina,,1.5198351,58940,20.1111,92.2144857142857,1,0,1,75.0573142857143,54.4487428571429,23.6781714285714,28.1183857142857,3,,,,,17524,2024-10-13,5206206,Cristalina,GO,2024,42
1728172800000,202441,14.0,14,14,14,0.8837457,23.75297,0,1,520620620244120375,2025-10-14,Cristalina,,1.6518872,58940,22.2777714285714,72.5410857142857,0,0,1,53.7996714285714,34.0043,27.1277428571429,32.7258,5,,,,,17524,2024-10-06,5206206,Cristalina,GO,2024,41
1727568000000,202440,16.0,16,16,16,0.9806071,27.14625,0,1,520620620244020367,2025-10-06,Cristalina,,2.4489033,58940,21.2517285714286,49.5515857142857,0,1,1,32.4997714285714,20.2821,27.6794,33.6052428571429,1,,,,,17524,2024-09-29,5206206,Cristalina,GO,2024,40
1726963200000,202439,6.0,6,6,6,0.29766458,10.179844,0,1,520620620243920363,2025-10-02,Cristalina,,0.75764406,58940,21.2405142857143,45.6675571428571,0,0,1,30.0924857142857,18.3222571428571,27.6416285714286,33.8327,1,,,,,17524,2024-09-22,5206206,Cristalina,GO,2024,39
1726358400000,202438,4.0,4,4,4,0.042838804,6.7865624,0,1,520620620243820353,2025-09-22,Cristalina,,0.39375868,58940,20.0784857142857,50.4575857142857,0,0,0,34.4335857142857,21.7421142857143,26.2226571428571,32.2833428571429,2,,,,,17524,2024-09-15,5206206,Cristalina,GO,2024,38
1725753600000,202437,8.0,8,8,8,0.12827171,13.573125,0,1,520620620243720346,2025-09-15,Cristalina,,0.6116495,58940,17.7793142857143,44.9945285714286,0,0,1,33.0980571428571,21.2823571428571,24.3233571428571,30.7431428571429,2,,,,,17524,2024-09-08,5206206,Cristalina,GO,2024,37
1725148800000,202436,12.0,12,12,12,0.14574234,20.359688,0,1,520620620243620339,2025-09-08,Cristalina,,0.6800939,58940,17.7315428571429,41.0802428571429,0,0,1,26.3711428571429,15.0742571428571,25.0870428571429,32.2094714285714,0,,,,,17524,2024-09-01,5206206,Cristalina,GO,2024,36
1724544000000,202435,8.0,8,8,8,0.009145929,13.573125,0,1,520620620243520332,2025-09-01,Cristalina,,0.39780632,58940,16.8393142857143,61.3707,0,0,1,43.0519142857143,26.9320428571429,22.8859428571429,29.0491857142857,1,,,,,17524,2024-08-25,5206206,Cristalina,GO,2024,35
1723939200000,202434,22.0,22,22,22,0.66074204,37.326096,0,1,520620620243420328,2025-08-28,Cristalina,,1.1362461,58940,16.0452857142857,48.6738142857143,0,0,1,32.2475142857143,18.646,23.2187,30.1832,2,,,,,17524,2024-08-18,5206206,Cristalina,GO,2024,34
1723334400000,202433,21.0,21,21,21,0.7120033,35.629456,0,1,520620620243320321,2025-08-21,Cristalina,,1.1954396,58940,14.7786714285714,57.6016571428571,0,0,1,38.8079571428571,22.0038,21.5752,28.7309857142857,1,,,,,17524,2024-08-11,5206206,Cristalina,GO,2024,33
1722729600000,202432,21.0,21,21,21,0.7792949,35.629456,0,1,520620620243220312,2025-08-12,Cristalina,,1.2841108,58940,16.1548,66.9267285714286,0,0,1,47.9592428571429,31.4976571428571,21.2644428571429,26.8442857142857,3,,,,,17524,2024-08-04,5206206,Cristalina,GO,2024,32
1722124800000,202431,15.0,15,15,15,0.50494665,25.44961,0,1,520620620243120305,2025-08-05,Cristalina,,1.00448,58940,16.3852142857143,65.6952571428571,0,0,1,48.4195857142857,31.6908714285714,21.4072428571429,26.7180285714286,6,,,,,17524,2024-07-28,5206206,Cristalina,GO,2024,31
1721520000000,202430,19.0,19,19,19,0.81593543,32.23617,0,1,520620620243020298,2025-07-29,Cristalina,,1.3656512,58940,13.3009142857143,64.2970714285714,0,0,1,46.9664428571429,30.2975571428571,19.3412571428571,25.7331571428571,4,,,,,17524,2024-07-21,5206206,Cristalina,GO,2024,30
1720915200000,202429,13.0,13,13,13,0.405492,22.056328,0,1,520620620242920291,2025-07-22,Cristalina,,0.913646,58940,13.5058714285714,68.6056714285714,0,0,1,49.5796714285714,32.5645142857143,19.3829714285714,25.3850857142857,4,,,,,17524,2024-07-14,5206206,Cristalina,GO,2024,29
1720310400000,202428,15.0,15,15,15,0.23181556,25.44961,0,1,520620620242820283,2025-07-14,Cristalina,,0.7800275,58940,15.5712571428571,65.6689,0,0,1,46.2217857142857,26.8454857142857,21.5652142857143,27.8154714285714,8,,,,,17524,2024-07-07,5206206,Cristalina,GO,2024,28
1719705600000,202427,12.0,12,12,12,0.00299281,20.359688,0,1,520620620242720278,2025-07-09,Cristalina,,0.4112286,58940,15.067,65.7739857142857,0,0,1,48.4653714285714,31.4678,20.4718857142857,26.1867,9,,,,,17524,2024-06-30,5206206,Cristalina,GO,2024,27
1719100800000,202426,13.0,13,13,13,6.73987e-05,22.056328,0,1,520620620242620269,2025-06-30,Cristalina,,0.3260199,58940,15.3749142857143,69.2556571428571,0,0,1,49.8836857142857,29.9512142857143,20.8939857142857,26.8788571428571,11,,,,,17524,2024-06-23,5206206,Cristalina,GO,2024,26
1718496000000,202425,33.0,33,33,33,0.0029695826,55.989143,0,1,520620620242520262,2025-06-23,Cristalina,,0.5583844,58940,14.6094,72.8176142857143,0,0,1,55.7947285714286,36.6745,19.7457571428571,25.3363571428571,21,,,,,17524,2024-06-16,5206206,Cristalina,GO,2024,25
1717891200000,202424,40.0,40,40,40,1.888e-07,67.86562,0,4,520620620242420255,2025-06-16,Cristalina,,0.405294,58940,15.2847285714286,75.1344857142857,0,0,2,58.3616285714286,38.8919,20.4106857142857,26.0926714285714,29,,,,,17524,2024-06-09,5206206,Cristalina,GO,2024,24
1717286400000,202423,39.0,39,39,39,0.0,66.16898,0,4,520620620242320249,2025-06-10,Cristalina,,0.26043722,58940,16.9184714285714,76.6427,0,0,2,61.4301714285714,44.1699285714286,20.7784142857143,25.1371428571429,27,,,,,17524,2024-06-02,5206206,Cristalina,GO,2024,23
1716681600000,202422,94.0,94,94,94,6e-10,159.48422,0,4,520620620242220241,2025-06-02,Cristalina,,0.47865558,58940,16.4755285714286,78.1816857142857,0,0,2,58.4477857142857,37.5461142857143,21.3634571428571,26.6439857142857,64,,,,,17524,2024-05-26,5206206,Cristalina,GO,2024,22
1716076800000,202421,156.0,156,156,156,0.0001284501,264.67593,0,4,520620620242120236,2025-05-28,Cristalina,,0.68639594,58940,17.3541571428571,75.4722285714286,0,0,2,58.0833,39.0095142857143,22.1941,27.4082,120,,,,,17524,2024-05-19,5206206,Cristalina,GO,2024,21
1715472000000,202420,198.0,198,198,198,0.0071650557,335.93484,0,4,520620620242020227,2025-05-19,Cristalina,,0.7929197,58940,16.7937,75.3288571428571,0,0,2,55.4516428571429,34.8981857142857,22.6666428571429,28.5179,155,,,,,17524,2024-05-12,5206206,Cristalina,GO,2024,20
1714867200000,202419,255.0,255,255,255,0.07925748,432.64337,0,4,520620620241920224,2025-05-16,Cristalina,,0.8859781,58940,17.2798285714286,78.0847142857143,0,0,2,61.6802428571429,42.8065571428571,22.1089714285714,27.4503857142857,190,,,,,17524,2024-05-05,5206206,Cristalina,GO,2024,19
1714262400000,202418,213.0,213,213,213,3.442e-07,361.38446,0,4,520620620241820214,2025-05-06,Cristalina,,0.64951587,58940,18.3458571428571,80.3803857142857,0,0,2,60.7837571428571,40.6647571428571,23.6872428571429,28.8943571428571,158,,,,,17524,2024-04-28,5206206,Cristalina,GO,2024,18
1713657600000,202417,298.0,298,298,298,0.0037505599,505.5989,0,4,520620620241720206,2025-04-28,Cristalina,,0.81235296,58940,18.5688142857143,84.9034142857143,0,0,2,67.6841714285714,47.5530714285714,22.9567142857143,27.6766857142857,210,,,,,17524,2024-04-21,5206206,Cristalina,GO,2024,17
1713052800000,202416,347.0,347,347,347,0.021363381,588.7343,0,4,520620620241620200,2025-04-22,Cristalina,,0.8622903,58940,19.9079142857143,86.0174285714286,0,0,2,71.9092428571429,56.3743285714286,23.4003857142857,27.2401285714286,274,,,,,17524,2024-04-14,5206206,Cristalina,GO,2024,16
1712448000000,202415,324.0,324,324,324,0.0006780686,549.71155,0,4,520620620241520192,2025-04-14,Cristalina,,0.7889168,58940,19.8196857142857,87.7983714285714,0,0,2,73.7146714285714,55.7279142857143,23.2911857142857,27.3453571428571,247,,,,,17524,2024-04-07,5206206,Cristalina,GO,2024,15
1711843200000,202414,478.0,478,478,478,0.9790787,810.9942,0,4,520620620241420188,2025-04-10,Cristalina,,1.1458334,58940,20.1674428571429,97.2288714285714,1,1,2,84.3115714285714,67.0266285714286,23.2564285714286,27.0866,386,,,,,17524,2024-03-31,5206206,Cristalina,GO,2024,14
1711238400000,202413,368.0,368,368,368,0.02841017,624.3638,0,4,520620620241320178,2025-03-31,Cristalina,,0.8731382,58940,19.7868428571429,96.1058714285714,1,0,2,83.8444571428571,63.4772428571429,22.5457285714286,26.5304142857143,304,,,,,17524,2024-03-24,5206206,Cristalina,GO,2024,13
1710633600000,202412,437.0,437,437,437,0.79116297,741.43195,0,4,520620620241220171,2025-03-24,Cristalina,,1.0571413,58940,20.9853571428571,93.7155142857143,1,0,2,79.6012,61.9086571428571,24.5146571428571,28.573,369,,,,,17524,2024-03-17,5206206,Cristalina,GO,2024,12
1710028800000,202411,427.0,427,427,427,0.8731014,724.4656,0,4,520620620241120165,2025-03-18,Cristalina,,1.0828867,58940,20.6949857142857,93.5933857142857,1,0,2,78.6189285714286,59.6327,24.4463142857143,28.5345428571429,381,,,,,17524,2024-03-10,5206206,Cristalina,GO,2024,11
1709424000000,202410,423.0,423,423,423,0.9486973,717.679,0,4,520620620241020158,2025-03-11,Cristalina,,1.1224009,58940,20.4015714285714,93.8397714285714,1,0,2,79.5319142857143,61.6415285714286,23.9441285714286,28.0326714285714,386,,,,,17524,2024-03-03,5206206,Cristalina,GO,2024,10
1708819200000,202409,398.0,398,398,398,0.83461237,675.263,0,4,520620620240920153,2025-03-06,Cristalina,,1.0726409,58940,19.8190142857143,87.6584428571429,0,0,2,68.5306142857143,47.2168142857143,24.6880142857143,29.7391142857143,337,,,,,17524,2024-02-25,5206206,Cristalina,GO,2024,9
1708214400000,202408,365.0,365,365,365,0.48797405,619.27386,0,4,520620620240820145,2025-02-26,Cristalina,,0.99777323,58940,19.8669142857143,95.8175714285714,1,0,2,85.7802571428571,69.5545142857143,22.4213428571429,26.0619285714286,306,,,,,17524,2024-02-18,5206206,Cristalina,GO,2024,8
1707609600000,202407,372.0,372,372,372,0.9284127,631.1503,0,4,520620620240720137,2025-02-18,Cristalina,,1.116598,58940,19.2882142857143,91.0631714285714,1,0,2,77.7458428571429,60.617,22.8571285714286,26.9410428571429,294,,,,,17524,2024-02-11,5206206,Cristalina,GO,2024,7
1707004800000,202406,378.0,378,378,378,0.9999986,641.33014,0,4,520620620240620130,2025-02-11,Cristalina,,1.4534966,58940,19.6872571428571,96.2714,1,1,2,84.55,66.4614714285714,22.4708,26.2954857142857,268,,,,,17524,2024-02-04,5206206,Cristalina,GO,2024,6
1706400000000,202405,374.0,374,374,374,1.0,634.5436,0,4,520620620240520123,2025-02-04,Cristalina,,2.1721783,58940,19.6422,93.7958,1,1,2,79.385,60.6974714285714,23.0049714285714,27.0679285714286,240,,,,,17524,2024-01-28,5206206,Cristalina,GO,2024,5
1705795200000,202404,260.0,260,260,260,1.0,441.12656,0,4,520620620240420116,2025-01-28,Cristalina,,2.684061,58940,20.5024571428571,92.9160285714286,1,1,2,79.1248285714286,61.2250285714286,23.5200428571429,27.3904428571429,178,,,,,17524,2024-01-21,5206206,Cristalina,GO,2024,4
1705190400000,202403,169.0,169,169,169,1.0,286.73227,0,4,520620620240320109,2025-01-21,Cristalina,,3.6216502,58940,20.1815142857143,92.9519428571429,1,1,2,74.4201857142857,52.4750571428571,24.5729857142857,29.2618857142857,118,,,,,17524,2024-01-14,5206206,Cristalina,GO,2024,3
1704585600000,202402,81.0,81,81,81,1.0,137.42789,0,3,520620620240220102,2025-01-14,Cristalina,,4.1743245,58940,19.8829142857143,96.5039714285714,1,1,2,83.3357714285714,67.4710285714286,22.9941285714286,26.5684142857143,69,,,,,17524,2024-01-07,5206206,Cristalina,GO,2024,2
1703980800000,202401,37.0,37,37,37,0.99999857,62.775703,0,1,520620620240120095,2025-01-07,Cristalina,,4.9492245,58940,20.0264571428571,96.7666142857143,1,1,1,87.5466428571429,73.3713285714286,22.3833428571429,25.3897,31,,,,,17524,2023-12-31,5206206,Cristalina,GO,2024,1
1703376000000,202352,12.0,12,12,12,0.98400664,20.359688,0,1,520620620235220087,2024-12-30,Cristalina,,3.081883,58940,21.0261285714286,93.9979571428571,1,1,1,78.0520571428571,56.3996428571429,24.6636142857143,29.2448428571429,10,,,,,17524,2023-12-24,5206206,Cristalina,GO,2023,52
1702771200000,202351,5.0,5,5,5,0.64541346,8.483203,0,1,520620620235120080,2024-12-23,Cristalina,,1.269773,58940,20.7097285714286,84.8680428571429,0,0,1,69.7539428571429,53.1691714285714,24.2608142857143,28.3396428571429,5,,,,,17524,2023-12-17,5206206,Cristalina,GO,2023,51
1702166400000,202350,1.0,1,1,1,0.048304297,1.6966406,0,1,520620620235020074,2024-12-17,Cristalina,,0.22874372,58940,21.6329142857143,76.2058285714286,0,0,0,57.3285285714286,36.7164571428571,26.0436428571429,31.3800285714286,1,,,,,17524,2023-12-10,5206206,Cristalina,GO,2023,50
1701561600000,202349,6.0,6,6,6,0.58205676,10.179844,0,1,520620620234920067,2024-12-10,Cristalina,,1.1260535,58940,20.6443428571429,85.3681142857143,0,0,1,68.2774571428571,46.8815142857143,24.8621571428571,29.7395714285714,1,,,,,17524,2023-12-03,5206206,Cristalina,GO,2023,49
1700956800000,202348,3.0,3,3,3,0.12270984,5.089922,0,1,520620620234820060,2024-12-03,Cristalina,,0.47245055,58940,21.1185142857143,88.6495142857143,0,0,0,67.9372285714286,47.1718857142857,25.2039714285714,29.8984,1,,,,,17524,2023-11-26,5206206,Cristalina,GO,2023,48
1700352000000,202347,5.0,5,5,5,0.30737656,8.483203,0,1,520620620234720056,2024-11-29,Cristalina,,0.7514107,58940,21.3759,91.1560571428572,1,0,1,71.9226142857143,50.4582571428571,25.3230285714286,30.0127571428571,1,,,,,17524,2023-11-19,5206206,Cristalina,GO,2023,47
1699747200000,202346,8.0,8,8,8,0.46360865,13.573125,0,1,520620620234620046,2024-11-19,Cristalina,,0.9569244,58940,21.4462714285714,68.1204571428571,0,0,1,45.1926285714286,26.7487285714286,27.8498857142857,34.7414571428571,0,,,,,17524,2023-11-12,5206206,Cristalina,GO,2023,46
1699142400000,202345,6.0,6,6,6,0.06756955,10.179844,0,1,520620620234520039,2024-11-12,Cristalina,,0.49372596,58940,19.8678571428571,71.4006142857143,0,0,1,51.6597285714286,31.9545428571429,25.6676142857143,31.9386,0,,,,,17524,2023-11-05,5206206,Cristalina,GO,2023,45
1698537600000,202344,5.0,5,5,5,0.027131243,8.483203,0,1,520620620234420032,2024-11-05,Cristalina,,0.3913184,58940,20.6825571428571,89.1273571428572,0,0,1,70.6638428571429,48.2457571428571,24.8604,30.3233,1,,,,,17524,2023-10-29,5206206,Cristalina,GO,2023,44
1697932800000,202343,14.0,14,14,14,0.85833806,23.75297,0,1,520620620234320026,2024-10-30,Cristalina,,1.5603,58940,21.0165857142857,80.5908857142857,0,0,1,62.0496285714286,39.3721571428571,25.5194428571429,31.6886428571429,0,,,,,17524,2023-10-22,5206206,Cristalina,GO,2023,43
1697328000000,202342,20.0,20,20,20,0.99440837,33.93281,0,1,520620620234220019,2024-10-23,Cristalina,,2.7640166,58940,21.0717428571429,70.4545285714286,0,1,1,51.0823,33.9884714285714,26.4370571428571,32.2387571428571,1,,,,,17524,2023-10-15,5206206,Cristalina,GO,2023,42
1696723200000,202341,3.0,3,3,3,0.03980226,5.089922,0,1,520620620234120011,2024-10-15,Cristalina,,0.34794918,58940,21.1850285714286,82.8911857142857,0,0,0,64.7114714285714,42.7969714285714,25.8279142857143,31.5829,0,,,,,17524,2023-10-08,5206206,Cristalina,GO,2023,41
1696118400000,202340,7.0,7,7,7,0.20696436,11.876485,0,1,520620620234020005,2024-10-09,Cristalina,,0.67920417,58940,20.3161,90.0433142857143,1,0,1,71.6895857142857,45.2571857142857,24.5189428571429,30.6532714285714,0,,,,,17524,2023-10-01,5206206,Cristalina,GO,2023,40
1695513600000,202339,8.0,8,8,8,0.33693725,13.573125,0,1,520620620233919998,2024-10-02,Cristalina,,0.8222772,58940,21.4001142857143,73.7449428571429,0,0,1,54.1726714285714,34.3250714285714,26.9199142857143,33.1387285714286,1,,,,,17524,2023-09-24,5206206,Cristalina,GO,2023,39
1694908800000,202338,12.0,12,12,12,0.8535735,20.359688,0,1,520620620233819990,2024-09-24,Cristalina,,1.6044965,58940,19.8078571428571,61.1357142857143,0,0,1,43.0308,25.7586428571429,25.9430857142857,32.6969428571429,6,,,,,17524,2023-09-17,5206206,Cristalina,GO,2023,38
1694304000000,202337,12.0,12,12,12,0.9316105,20.359688,0,1,520620620233719983,2024-09-17,Cristalina,,2.028542,58940,18.2021714285714,64.2505,0,0,1,47.8314857142857,30.6265142857143,23.7842,30.1945142857143,5,,,,,17524,2023-09-10,5206206,Cristalina,GO,2023,37
1693699200000,202336,5.0,5,5,5,0.4842584,8.483203,0,1,520620620233619978,2024-09-12,Cristalina,,0.97647566,58940,18.7599857142857,74.9579857142857,0,0,1,55.4745857142857,35.5791,23.8476285714286,29.6447285714286,3,,,,,17524,2023-09-03,5206206,Cristalina,GO,2023,36
1693094400000,202335,7.0,7,7,7,0.71072084,11.876485,0,1,520620620233519969,2024-09-03,Cristalina,,1.3631998,58940,19.0116571428571,90.1644428571429,1,0,1,70.5416428571428,45.2765428571429,23.3931428571429,29.4489857142857,2,,,,,17524,2023-08-27,5206206,Cristalina,GO,2023,35
1692489600000,202334,4.0,4,4,4,0.30293074,6.7865624,0,1,520620620233419962,2024-08-27,Cristalina,,0.72472066,58940,17.2226857142857,69.3284714285714,0,0,0,47.9256571428571,27.7159714285714,23.6117285714286,30.8651142857143,0,,,,,17524,2023-08-20,5206206,Cristalina,GO,2023,34
1691884800000,202333,5.0,5,5,5,0.436429,8.483203,0,1,520620620233319956,2024-08-21,Cristalina,,0.9094101,58940,16.6091714285714,65.0427714285714,0,0,1,48.3013571428571,31.8971142857143,21.8194142857143,27.6039714285714,0,,,,,17524,2023-08-13,5206206,Cristalina,GO,2023,33
1691280000000,202332,6.0,6,6,6,0.5553855,10.179844,0,1,520620620233219949,2024-08-14,Cristalina,,1.082301,58940,15.9511,60.1290857142857,0,0,1,42.2836142857143,24.4746857142857,22.3486285714286,29.7661142857143,0,,,,,17524,2023-08-06,5206206,Cristalina,GO,2023,32
1690675200000,202331,6.0,6,6,6,0.42694148,10.179844,0,1,520620620233119941,2024-08-06,Cristalina,,0.90456086,58940,14.7097142857143,69.8233285714286,0,0,1,48.8136285714286,27.4462428571429,21.2772285714286,28.5633285714286,4,,,,,17524,2023-07-30,5206206,Cristalina,GO,2023,31
1690070400000,202330,4.0,4,4,4,0.09300869,6.7865624,0,1,520620620233019934,2024-07-30,Cristalina,,0.47311637,58940,15.1195428571429,73.6454285714286,0,0,0,55.0599857142857,34.6740428571429,20.6526285714286,26.7948714285714,3,,,,,17524,2023-07-23,5206206,Cristalina,GO,2023,30
1689465600000,202329,7.0,7,7,7,0.16117454,11.876485,0,1,520620620232919929,2024-07-25,Cristalina,,0.63099504,58940,16.4101428571429,76.6851571428572,0,0,1,58.7712714285714,38.3328142857143,21.2265714285714,26.8737142857143,2,,,,,17524,2023-07-16,5206206,Cristalina,GO,2023,29
1688860800000,202328,8.0,8,8,8,0.0868667,13.573125,0,1,520620620232819919,2024-07-15,Cristalina,,0.56135905,58940,14.3932285714286,75.1041714285714,0,0,1,54.7488571428571,32.3849142857143,20.5524428571429,27.8391285714286,3,,,,,17524,2023-07-09,5206206,Cristalina,GO,2023,28
1688256000000,202327,10.0,10,10,10,0.07506632,16.966406,0,1,520620620232719913,2024-07-09,Cristalina,0,0.57587415,58940,16.7142857142857,55.6458987142857,0,0,1,52.0367727142857,48.2889567142857,17.4761905714286,18.2857142857143,3,,,,,17524,2023-07-02,5206206,Cristalina,GO,2023,27
1687651200000,202326,16.0,16,16,16,0.2517154,27.14625,0,1,520620620232619905,2024-07-01,Cristalina,0,0.8015269,58940,18.5714285714286,57.253633,0,0,1,54.7851431428571,52.1784072857143,19.0476191428571,19.5714285714286,1,,,,,17524,2023-06-25,5206206,Cristalina,GO,2023,26
1687046400000,202325,15.0,15,15,15,0.1949116,25.44961,0,1,520620620232519898,2024-06-24,Cristalina,0,0.74927366,58940,18.0,64.0836305714286,0,0,1,60.9203788571429,57.6386442857143,18.7142857142857,19.4285714285714,7,,,,,17524,2023-06-18,5206206,Cristalina,GO,2023,25
1686441600000,202324,24.0,24,24,24,0.784041,40.719376,0,1,520620620232419884,2024-06-10,Cristalina,,1.2692996,58940,16.3179428571429,84.3204714285714,0,0,1,66.7961857142857,43.7421571428571,21.0860714285714,26.9691,8,,,,,17524,2023-06-11,5206206,Cristalina,GO,2023,24
1685836800000,202323,20.0,20,20,20,0.56059784,33.93281,0,1,520620620232319884,2024-06-10,Cristalina,,1.0494711,58940,13.9282571428571,77.4619285714286,0,0,1,60.8266285714286,39.5880857142857,19.5541,25.9832857142857,5,,,,,17524,2023-06-04,5206206,Cristalina,GO,2023,23
1685232000000,202322,18.0,18,18,18,0.30300167,30.539532,0,1,520620620232219876,2024-06-02,Cristalina,0,0.8493387,58940,20.3,67.169108,0,0,1,63.6827369,60.2327318,21.1,21.9,3,,,,,17524,2023-05-28,5206206,Cristalina,GO,2023,22
1684627200000,202321,18.0,18,18,18,0.12644164,30.539532,0,1,520620620232119869,2024-05-26,Cristalina,0,0.70740855,58940,14.0,78.9360135,0,0,1,60.0060449,41.7556427,19.1958332,24.4,3,,,,,17524,2023-05-21,5206206,Cristalina,GO,2023,21
1684022400000,202320,21.0,21,21,21,0.13758428,35.629456,0,1,520620620232019863,2024-05-20,Cristalina,0,0.7341191,58940,14.8333333333333,78.6741533888889,0,0,1,54.5352862222222,34.0003195555556,20.4537035555556,25.4444444444444,8,,,,,17524,2023-05-14,5206206,Cristalina,GO,2023,20
1683417600000,202319,22.0,22,22,22,0.29979968,37.326096,0,1,520620620231919856,2024-05-13,Cristalina,0,0.8597747,58940,19.875,69.332691875,0,0,1,61.188341375,52.937484875,21.7083335,23.75,7,,,,,17524,2023-05-07,5206206,Cristalina,GO,2023,19
1682812800000,202318,38.0,38,38,38,0.9845286,64.47234,0,1,520620620231819849,2024-05-06,Cristalina,0,1.7615279,58940,20.2,72.555739,0,1,1,68.7814148,63.9723086,20.9333336,21.8,4,,,,,17524,2023-04-30,5206206,Cristalina,GO,2023,18
1682208000000,202317,25.0,25,25,25,0.8196074,42.416016,0,1,520620620231719841,2024-04-28,Cristalina,0,1.3154612,58940,17.5652173913043,88.9228126086957,0,0,1,71.9095056521739,49.9794486086957,21.5923913913043,26.3913043478261,5,,,,,17524,2023-04-23,5206206,Cristalina,GO,2023,17
1681603200000,202316,15.0,15,15,15,0.5656552,25.44961,0,2,520620620231619835,2024-04-22,Cristalina,0,1.0622745,58940,18.4285714285714,91.6000642857143,1,0,1,75.3259434285714,53.8946497142857,22.0952382857143,27.0,2,,,,,17524,2023-04-16,5206206,Cristalina,GO,2023,16
1680998400000,202315,29.0,29,29,29,0.99402255,49.20258,0,1,520620620231519827,2024-04-14,Cristalina,0,2.2189956,58940,19.1428571428571,94.0203,1,1,1,77.2057447142857,51.4963784285714,22.4523808571429,27.7142857142857,7,,,,,17524,2023-04-09,5206206,Cristalina,GO,2023,15
1680393600000,202314,8.0,8,8,8,0.015795663,13.573125,0,1,520620620231419821,2024-04-08,Cristalina,0,0.42584917,58940,18.7142857142857,90.7521171428571,1,0,1,75.2732408571429,51.3468842857143,21.660714,26.5714285714286,4,,,,,17524,2023-04-02,5206206,Cristalina,GO,2023,14
1679788800000,202313,8.0,8,8,8,0.0015334064,13.573125,0,1,520620620231319814,2024-04-01,Cristalina,0,0.33087116,58940,20.8571428571429,72.2697849047619,0,0,1,55.8554788095238,44.1183038571429,24.4166664761905,27.3809523809524,4,,,,,17524,2023-03-26,5206206,Cristalina,GO,2023,13
1679184000000,202312,19.0,19,19,19,0.22648577,32.23617,0,1,520620620231219808,2024-03-26,Cristalina,0,0.79631037,58940,17.5454545454545,91.3497589090909,0,0,1,71.9430174545455,48.5877656363636,21.8560603636364,27.0,4,,,,,17524,2023-03-19,5206206,Cristalina,GO,2023,12
1678579200000,202311,31.0,31,31,31,0.91268206,52.59586,0,1,520620620231119800,2024-03-18,Cristalina,0,1.4560015,58940,21.3,81.283395,0,0,1,81.277472,81.271548,21.35,21.4,4,,,,,17524,2023-03-12,5206206,Cristalina,GO,2023,11
1677974400000,202310,23.0,23,23,23,0.6754096,39.022736,0,1,520620620231019794,2024-03-12,Cristalina,0,1.1473914,58940,22.1428571428571,70.8364115714286,0,0,1,68.8942271428571,66.952045,22.3571428571429,22.5714285714286,6,,,,,17524,2023-03-05,5206206,Cristalina,GO,2023,10
1677369600000,202309,21.0,21,21,21,0.5941974,35.629456,0,1,520620620230919786,2024-03-04,Cristalina,0,1.076985,58940,22.0,75.1189728333333,0,0,1,72.9228621666667,70.7267544166667,22.3333333333333,22.6666666666667,5,,,,,17524,2023-02-26,5206206,Cristalina,GO,2023,9
1676764800000,202308,18.0,18,18,18,0.5878359,30.539532,0,1,520620620230819780,2024-02-27,Cristalina,0,1.0773259,58940,18.9473684210526,90.1438903157895,1,0,1,73.7145455789474,51.9968642105263,22.1798247368421,27.6842105263158,3,,,,,17524,2023-02-19,5206206,Cristalina,GO,2023,8
1676160000000,202307,23.0,23,23,23,0.9730794,39.022736,0,3,520620620230719773,2024-02-20,Cristalina,0,1.9398905,58940,24.5714285714286,59.7649554285714,0,1,1,58.9899425714286,58.2149302857143,24.7142857142857,24.8571428571429,6,,,,,17524,2023-02-12,5206206,Cristalina,GO,2023,7
1675555200000,202306,17.0,17,17,17,0.97747874,28.842892,0,1,520620620230619768,2024-02-15,Cristalina,0,2.294812,58940,23.0,71.7624368571429,0,1,1,69.3454032857143,66.0995661428571,23.4940477142857,24.2857142857143,3,,,,,17524,2023-02-05,5206206,Cristalina,GO,2023,6
1674950400000,202305,13.0,13,13,13,0.9623626,21.591097,0,1,520620620230519759,2024-02-06,Cristalina,0,2.3168006,60210,21.7142857142857,73.9629072857143,0,1,1,68.9879072857143,61.1977235714286,22.970238,24.4285714285714,1,,,,,17524,2023-01-29,5206206,Cristalina,GO,2023,5
1674345600000,202304,4.0,4,4,4,0.32762954,6.6434145,0,1,520620620230419752,2024-01-30,Cristalina,0,0.75489557,60210,20.5714285714286,81.7212771428571,0,0,0,81.7212771428571,81.7212771428571,20.5714285714286,20.5714285714286,1,,,,,17524,2023-01-22,5206206,Cristalina,GO,2023,4
1673740800000,202303,6.0,6,6,6,0.63127834,9.965122,0,1,520620620230319747,2024-01-25,Cristalina,0,1.216001,60210,22.1428571428571,69.4868628571429,0,0,1,69.4868628571429,69.4868628571429,22.1428571428571,22.1428571428571,2,,,,,17524,2023-01-15,5206206,Cristalina,GO,2023,3
1673136000000,202302,5.0,5,5,5,0.59435034,8.304269,0,2,520620620230219747,2024-01-25,Cristalina,0,1.1616337,60210,19.0,90.6840257142857,1,0,1,79.6281335714286,62.9142951428571,21.1190474285714,24.2857142857143,0,,,,,17524,2023-01-08,5206206,Cristalina,GO,2023,2
1672531200000,202301,6.0,6,6,6,0.69954634,9.965122,0,2,520620620230119740,2024-01-18,Cristalina,0,1.3683089,60210,19.2857142857143,92.3190262857143,1,0,1,76.6823057142857,56.4081015714286,21.9821425714286,26.0,0,,,,,17524,2023-01-01,5206206,Cristalina,GO,2023,1
1671926400000,202252,3.0,3,3,3,0.118984245,4.982561,0,2,520620620225219733,2024-01-11,Cristalina,0,0.4676487,60210,19.0,93.9743466666667,1,0,0,89.5614333333333,70.8377946666667,20.05303,21.6666666666667,0,,,,,17524,2022-12-25,5206206,Cristalina,GO,2022,52
1671321600000,202251,5.0,5,5,5,0.08639145,8.304269,0,2,520620620225119718,2023-12-27,Cristalina,0,0.4953183,60210,18.5,93.92977,1,0,1,84.775325,63.8116875,20.677885,24.5,0,,,,,17524,2022-12-18,5206206,Cristalina,GO,2022,51
1670716800000,202250,2.0,2,2,2,0.0016093432,3.3217072,0,2,520620620225019718,2023-12-27,Cristalina,0,0.16533591,60210,19.6666666666667,90.2900316666667,1,0,0,75.5618248333333,57.4447295,22.213889,25.6666666666667,1,,,,,17524,2022-12-11,5206206,Cristalina,GO,2022,50
1670112000000,202249,15.0,15,15,15,0.75717723,24.912806,0,2,520620620224919708,2023-12-17,Cristalina,0,1.3072731,60210,19.0,93.1274897142857,1,0,1,78.3807888571429,56.234546,21.8760822857143,26.1428571428571,2,,,,,17524,2022-12-04,5206206,Cristalina,GO,2022,49
1669507200000,202248,10.0,10,10,10,0.63609874,16.608538,0,2,520620620224819684,2023-11-23,Cristalina,0,1.1715305,60210,18.2857142857143,93.988274,1,0,1,79.0060364285714,56.1041121428571,21.3357145714286,25.5714285714286,0,,,,,17524,2022-11-27,5206206,Cristalina,GO,2022,48
1668902400000,202247,17.0,17,17,17,0.9916043,28.234512,0,1,520620620224719684,2023-11-23,Cristalina,0,2.8372529,60210,18.2857142857143,96.5898705714286,1,1,1,81.2759271428571,61.2429421428571,21.1251727142857,25.0,0,,,,,17524,2022-11-20,5206206,Cristalina,GO,2022,47
1668297600000,202246,4.0,4,4,4,0.56292135,6.6434145,0,1,520620620224619684,2023-11-23,Cristalina,0,1.1150185,60210,18.5714285714286,96.5969728571429,1,0,0,81.6690514285714,57.1657104285714,21.5520188571429,26.7142857142857,0,,,,,17524,2022-11-13,5206206,Cristalina,GO,2022,46
1667692800000,202245,9.0,9,9,9,0.970694,14.947683,0,1,520620620224519684,2023-11-23,Cristalina,0,3.120464,60210,17.5714285714286,92.4072482857143,0,1,1,77.5294514285714,56.1062768571429,21.0367965714286,25.8571428571429,0,,,,,17524,2022-11-06,5206206,Cristalina,GO,2022,45
1667088000000,202244,2.0,2,2,2,0.19482817,3.3217072,0,1,520620620224419684,2023-11-23,Cristalina,0,0.50928986,60210,17.8571428571429,97.4635071428571,0,0,0,79.355244,57.1676717142857,21.0447995714286,25.4285714285714,0,,,,,17524,2022-10-30,5206206,Cristalina,GO,2022,44
1666483200000,202243,0.0,0,0,0,0.0,0.0,0,1,520620620224319684,2023-11-23,Cristalina,0,0.0,60210,18.4285714285714,92.5638954285714,0,0,0,71.6844725714286,52.4301154285714,22.4214288571429,26.7142857142857,0,,,,,17524,2022-10-23,5206206,Cristalina,GO,2022,43
1665878400000,202242,7.0,7,7,7,0.96067727,11.625976,0,1,520620620224219684,2023-11-23,Cristalina,0,3.3335998,60210,19.2857142857143,66.993991,0,1,1,44.4687085714286,27.5304324285714,24.915796,30.5714285714286,0,,,,,17524,2022-10-16,5206206,Cristalina,GO,2022,42
1665273600000,202241,4.0,4,4,4,0.83389646,6.6434145,0,1,520620620224119684,2023-11-23,Cristalina,0,2.160416,60210,18.7142857142857,64.3749081428571,0,0,0,46.136526,29.3426358571429,24.6547617142857,30.2857142857143,0,,,,,17524,2022-10-09,5206206,Cristalina,GO,2022,41
1664668800000,202240,1.0,1,1,1,0.044145666,1.6608536,0,1,520620620224019684,2023-11-23,Cristalina,0,0.22214401,60210,19.8571428571429,81.5691865714286,0,0,0,64.9166772857143,45.6374,22.9918831428571,27.0,0,,,,,17524,2022-10-02,5206206,Cristalina,GO,2022,40
1664064000000,202239,1.0,1,1,1,0.0019843217,1.6608536,0,1,520620620223919684,2023-11-23,Cristalina,0,0.11139407,60210,18.8571428571429,86.7825357142857,0,0,0,64.6520471428571,42.8540258571429,23.5778388571429,28.0,0,,,,,17524,2022-09-25,5206206,Cristalina,GO,2022,39
1663459200000,202238,1.0,1,1,1,0.0003383339,1.6608536,0,1,520620620223819684,2023-11-23,Cristalina,0,0.0867358,60210,19.5714285714286,87.0378442857143,0,0,0,75.3965907142857,57.6158354285714,21.9340491428571,26.0,0,,,,,17524,2022-09-18,5206206,Cristalina,GO,2022,38
1662854400000,202237,13.0,13,13,13,0.65268296,21.591097,0,1,520620620223719684,2023-11-23,Cristalina,0,1.1704619,60210,17.5714285714286,64.9366548571429,0,0,1,43.0064551428571,26.1892998571429,23.4399585714286,29.4285714285714,1,,,,,17524,2022-09-11,5206206,Cristalina,GO,2022,37
1662249600000,202236,11.0,11,11,11,0.65945137,18.26939,0,1,520620620223619684,2023-11-23,Cristalina,0,1.1966287,60210,14.4285714285714,67.5492405714286,0,0,1,41.9576865714286,21.892369,22.5362314285714,29.7142857142857,1,,,,,17524,2022-09-04,5206206,Cristalina,GO,2022,36
1661644800000,202235,15.0,15,15,15,0.8713322,24.912806,0,1,520620620223519684,2023-11-23,Cristalina,0,1.5769464,60210,13.4285714285714,69.280637,0,0,1,49.9762477142857,33.2029888571429,19.3575757142857,25.0,7,,,,,17524,2022-08-28,5206206,Cristalina,GO,2022,35
1661040000000,202234,5.0,5,5,5,0.07029596,8.304269,0,1,520620620223419684,2023-11-23,Cristalina,0,0.47197986,60210,13.5714285714286,72.683668,0,0,1,50.569373,33.1938754285714,19.5404452857143,25.1428571428571,2,,,,,17524,2022-08-21,5206206,Cristalina,GO,2022,34
1660435200000,202233,9.0,9,9,9,0.43714464,14.947683,0,1,520620620223319684,2023-11-23,Cristalina,0,0.9308727,60210,14.8571428571429,73.5639842857143,0,0,1,50.4622805714286,32.8632422857143,20.7673075714286,26.2857142857143,1,,,,,17524,2022-08-14,5206206,Cristalina,GO,2022,33
1659830400000,202232,14.0,14,14,14,0.849661,23.251951,0,1,520620620223219684,2023-11-23,Cristalina,0,1.5331929,60210,14.0,74.8994007142857,0,0,1,47.8615458571429,27.7368811428571,21.470238,29.1428571428571,6,,,,,17524,2022-08-07,5206206,Cristalina,GO,2022,32
1659225600000,202231,9.0,9,9,9,0.3538999,14.947683,0,1,520620620223119684,2023-11-23,Cristalina,1,0.8471121,60210,13.4285714285714,76.0803137142857,0,0,1,52.1349268571429,31.9962834285714,19.8380951428571,26.1428571428571,1,,,,,17524,2022-07-31,5206206,Cristalina,GO,2022,31
1658620800000,202230,6.0,6,6,6,0.06321634,9.965122,0,1,520620620223019684,2023-11-23,Cristalina,0,0.48696586,60210,12.4285714285714,78.6261435714286,0,0,1,54.0497742857143,30.9571408571429,19.095798,26.1428571428571,0,,,,,17524,2022-07-24,5206206,Cristalina,GO,2022,30
1658016000000,202229,13.0,13,13,13,0.3711427,21.591097,0,1,520620620222919684,2023-11-23,Cristalina,0,0.8840961,60210,12.5714285714286,80.6108865714286,0,0,1,58.6534278571429,39.1537008571429,18.5440477142857,24.5714285714286,1,,,,,17524,2022-07-17,5206206,Cristalina,GO,2022,29
1657411200000,202228,11.0,11,11,11,0.06469883,18.26939,0,1,520620620222819684,2023-11-23,Cristalina,0,0.5741408,60210,11.0,86.75139,0,0,1,62.5207772857143,38.6839828571429,17.5059522857143,24.1428571428571,2,,,,,17524,2022-07-10,5206206,Cristalina,GO,2022,28
1656806400000,202227,14.0,14,14,14,0.018816875,23.251951,0,1,520620620222719684,2023-11-23,Cristalina,0,0.5172326,60210,12.1428571428571,82.89579,0,0,1,61.0753394285714,39.6007082857143,18.2591992857143,24.7142857142857,5,,,,,17524,2022-07-03,5206206,Cristalina,GO,2022,27
1656201600000,202226,18.0,18,18,18,0.008437021,29.895367,0,1,520620620222619684,2023-11-23,Cristalina,0,0.51254416,60210,11.0,85.1387,0,0,1,58.8449532857143,34.3125784285714,18.4954482857143,25.7142857142857,6,,,,,17524,2022-06-26,5206206,Cristalina,GO,2022,26
1655596800000,202225,22.0,22,22,22,0.012109334,36.53878,0,1,520620620222519684,2023-11-23,Cristalina,0,0.55811936,60210,13.2857142857143,82.0726174285714,0,0,1,59.0751315714286,38.3953017142857,19.625,25.4285714285714,7,,,,,17524,2022-06-19,5206206,Cristalina,GO,2022,25
1654992000000,202224,47.0,47,47,47,0.66633195,78.06012,0,1,520620620222419684,2023-11-23,Cristalina,0,1.0944654,60210,15.0,85.588163,0,0,2,62.9264948571429,40.3096182857143,20.4821425714286,26.7142857142857,9,,,,,17524,2022-06-12,5206206,Cristalina,GO,2022,24
1654387200000,202223,29.0,29,29,29,0.07072276,48.164757,0,1,520620620222319684,2023-11-23,Cristalina,0,0.7036016,60210,13.5714285714286,85.4172108571429,0,0,1,66.5823192857143,46.0246508571429,18.5127551428571,24.0,5,,,,,17524,2022-06-05,5206206,Cristalina,GO,2022,23
1653782400000,202222,53.0,53,53,53,0.95169127,88.025246,0,4,520620620222219684,2023-11-23,Cristalina,3,1.4200377,60210,12.1428571428571,81.9714232857143,0,1,2,56.3103858571429,31.9399344285714,19.6437072857143,27.4285714285714,21,,,,,17524,2022-05-29,5206206,Cristalina,GO,2022,22
1653177600000,202221,43.0,43,43,43,0.6168833,71.41671,0,1,520620620222119684,2023-11-23,Cristalina,0,1.066989,60210,12.5714285714286,87.08086,0,0,2,61.4327034285714,37.2640028571429,19.1617965714286,25.7142857142857,17,,,,,17524,2022-05-22,5206206,Cristalina,GO,2022,21
1652572800000,202220,31.0,31,31,31,0.010912165,51.486465,0,1,520620620222019684,2023-11-23,Cristalina,1,0.6004236,60210,11.8571428571429,84.4952805714286,0,0,1,62.9035674285714,36.2579531428571,17.3392857142857,23.8571428571429,20,,,,,17524,2022-05-15,5206206,Cristalina,GO,2022,20
1651968000000,202219,36.0,36,36,36,0.0029761135,59.790733,0,1,520620620221919684,2023-11-23,Cristalina,3,0.5706464,60210,16.1428571428571,89.6756457142857,0,0,1,65.2229281428571,43.6238678571429,21.5833334285714,26.7142857142857,17,,,,,17524,2022-05-08,5206206,Cristalina,GO,2022,19
1651363200000,202218,49.0,49,49,49,0.07309782,81.38183,0,4,520620620221819684,2023-11-23,Cristalina,0,0.7609583,60210,17.1428571428571,88.1557562857143,0,0,2,67.6145771428571,49.3507055714286,22.2571428571429,27.0,24,,,,,17524,2022-05-01,5206206,Cristalina,GO,2022,18
1650758400000,202217,73.0,73,73,73,0.92351913,121.24232,0,4,520620620221719684,2023-11-23,Cristalina,0,1.2853931,60210,17.2857142857143,86.0567122857143,0,0,2,66.4426838571429,42.8870952857143,22.236472,27.4285714285714,35,,,,,17524,2022-04-24,5206206,Cristalina,GO,2022,17
1650153600000,202216,70.0,70,70,70,0.9711661,116.25976,0,4,520620620221619684,2023-11-23,Cristalina,1,1.4174508,60210,16.1428571428571,89.7645371428571,0,1,2,64.1034552857143,40.3803115714286,22.3747414285714,28.1428571428571,35,,,,,17524,2022-04-17,5206206,Cristalina,GO,2022,16
1649548800000,202215,56.0,56,56,56,0.87341154,93.007805,0,4,520620620221519684,2023-11-23,Cristalina,1,1.2556318,60210,19.4285714285714,93.2098842857143,1,0,2,74.8484662857143,50.8316565714286,23.1062924285714,28.4285714285714,30,,,,,17524,2022-04-10,5206206,Cristalina,GO,2022,15
1648944000000,202214,44.0,44,44,44,0.7870941,73.07756,0,4,520620620221419684,2023-11-23,Cristalina,2,1.1930751,60210,17.2857142857143,87.3265614285714,0,0,2,63.44131,44.125536,23.2321428571429,28.4285714285714,20,,,,,17524,2022-04-03,5206206,Cristalina,GO,2022,14
1648339200000,202213,51.0,51,51,51,0.9959316,84.70354,0,1,520620620221319684,2023-11-23,Cristalina,1,1.8339787,60210,18.4285714285714,84.3402228571429,0,1,2,59.8388778571429,36.4468214285714,24.3579401428571,30.0,29,,,,,17524,2022-03-27,5206206,Cristalina,GO,2022,13
1647734400000,202212,38.0,38,38,38,0.97668785,63.11244,0,1,520620620221219684,2023-11-23,Cristalina,0,1.6746525,60210,18.0,90.6027648571429,0,1,1,66.8086637142857,43.0196412857143,23.4200681428571,28.8571428571429,17,,,,,17524,2022-03-20,5206206,Cristalina,GO,2022,12
1647129600000,202211,24.0,24,24,24,0.747696,39.86049,0,1,520620620221119684,2023-11-23,Cristalina,0,1.2221235,60210,19.7142857142857,96.6082785714286,1,0,1,79.7926615714286,57.9405338571429,22.5005102857143,26.7142857142857,10,,,,,17524,2022-03-13,5206206,Cristalina,GO,2022,11
1646524800000,202210,20.0,20,20,20,0.7738381,33.217075,0,1,520620620221019684,2023-11-23,Cristalina,1,1.2840476,60210,18.7142857142857,88.2747214285714,0,0,1,68.221165,45.3070775714286,23.2678571428571,28.2857142857143,10,,,,,17524,2022-03-06,5206206,Cristalina,GO,2022,10
1645920000000,202209,26.0,26,26,26,0.97753364,43.182194,0,1,520620620220919684,2023-11-23,Cristalina,0,1.9089792,60210,17.8571428571429,91.4735677142857,0,1,1,72.9869754285714,47.0274331428571,22.3637684285714,28.0,10,,,,,17524,2022-02-27,5206206,Cristalina,GO,2022,9
1645315200000,202208,9.0,9,9,9,0.09654298,14.947683,0,2,520620620220819684,2023-11-23,Cristalina,1,0.5896692,60210,18.8571428571429,95.6832957142857,1,0,1,77.1322252857143,54.3417425714286,22.6666665714286,27.2857142857143,5,,,,,17524,2022-02-20,5206206,Cristalina,GO,2022,8
1644710400000,202207,17.0,17,17,17,0.29919192,28.234512,0,2,520620620220719684,2023-11-23,Cristalina,0,0.84268826,60210,19.0,98.3242914285714,1,0,1,85.8533042857143,64.1374115714286,21.3015871428571,25.2857142857143,7,,,,,17524,2022-02-13,5206206,Cristalina,GO,2022,7
1644105600000,202206,7.0,7,7,7,0.0015868176,11.625976,0,1,520620620220619684,2023-11-23,Cristalina,1,0.31338614,60210,19.5714285714286,94.1018757142857,1,0,1,81.1187141428571,61.4136694285714,21.8537782857143,25.1428571428571,3,,,,,17524,2022-02-06,5206206,Cristalina,GO,2022,6
1643500800000,202205,27.0,27,27,27,0.7953665,44.84305,0,1,520620620220519684,2023-11-23,Cristalina,1,1.2664104,60210,19.2857142857143,94.0717157142857,1,0,1,76.8378707142857,55.116085,22.8452382857143,27.4285714285714,2,,,,,17524,2022-01-30,5206206,Cristalina,GO,2022,5
1642896000000,202204,23.0,23,23,23,0.7259961,38.199635,0,1,520620620220419684,2023-11-23,Cristalina,1,1.2015814,60210,19.2857142857143,88.4009338571429,0,0,1,68.8524324285714,42.3662232857143,23.329365,27.7142857142857,5,,,,,17524,2022-01-23,5206206,Cristalina,GO,2022,4
1642291200000,202203,21.0,21,21,21,0.8870079,34.877926,0,1,520620620220319684,2023-11-23,Cristalina,0,1.5051087,60210,19.0,84.439927,0,0,1,60.8991127142857,38.1223407142857,24.0661762857143,28.8571428571429,3,,,,,17524,2022-01-16,5206206,Cristalina,GO,2022,3
1641686400000,202202,20.0,20,20,20,0.9980801,33.217075,0,1,520620620220219684,2023-11-23,Cristalina,1,3.3707862,60210,18.2857142857143,95.7747814285714,1,1,1,81.8159628571428,62.0994928571429,21.529762,25.4285714285714,2,,,,,17524,2022-01-09,5206206,Cristalina,GO,2022,2
1641081600000,202201,20.0,20,20,20,0.999998,33.217075,0,1,520620620220119684,2023-11-23,Cristalina,0,15.766385,60210,19.4285714285714,97.4365414285714,1,1,1,84.7637071428571,65.0754605714286,21.9415975714286,25.7142857142857,1,,,,,17524,2022-01-02,5206206,Cristalina,GO,2022,1
1640476800000,202152,0.0,0,0,0,0.0,0.0,0,1,520620620215219684,2023-11-23,Cristalina,0,0.0,60210,19.2857142857143,96.5631842857143,0,0,0,83.1031221428571,64.7107498571429,21.7639754285714,24.8571428571429,0,,,,,17524,2021-12-26,5206206,Cristalina,GO,2021,52
1639872000000,202151,0.0,0,0,0,0.0,0.0,0,1,520620620215119684,2023-11-23,Cristalina,0,0.0,60210,19.2857142857143,99.1455371428571,0,0,0,83.8618135714286,60.7938734285714,22.1863351428571,26.2857142857143,0,,,,,17524,2021-12-19,5206206,Cristalina,GO,2021,51
1639267200000,202150,0.0,0,0,0,0.0,0.0,0,1,520620620215019684,2023-11-23,Cristalina,0,0.0,60210,19.5714285714286,98.2847528571429,0,0,0,83.3876711428571,61.1714955714286,22.3749294285714,26.7142857142857,0,,,,,17524,2021-12-12,5206206,Cristalina,GO,2021,50
1638662400000,202149,3.0,3,3,3,0.52543825,4.982561,0,2,520620620214919684,2023-11-23,Cristalina,0,1.0503092,60210,19.2857142857143,96.5631842857143,1,0,0,80.2377128571429,55.6742594285714,22.5274328571429,27.2857142857143,0,,,,,17524,2021-12-05,5206206,Cristalina,GO,2021,49
1638057600000,202148,6.0,6,6,6,0.91014314,9.965122,0,2,520620620214819684,2023-11-23,Cristalina,0,2.5195289,60210,19.4285714285714,96.6515714285714,1,0,1,81.5217685714286,56.1278164285714,22.835686,27.1428571428571,1,,,,,17524,2021-11-28,5206206,Cristalina,GO,2021,48
1637452800000,202147,1.0,1,1,1,0.19069652,1.6608536,0,2,520620620214719684,2023-11-23,Cristalina,0,0.41829637,60210,19.1428571428571,95.8185,1,0,0,71.9879885714286,45.4034822857143,23.8032182857143,29.1428571428571,0,,,,,17524,2021-11-21,5206206,Cristalina,GO,2021,47
1636848000000,202146,3.0,3,3,3,0.5056041,4.982561,0,2,520620620214619684,2023-11-23,Cristalina,1,1.0107754,60210,18.8571428571429,99.1392157142857,1,0,0,86.6335664285714,67.6370247142857,21.0626762857143,24.5714285714286,1,,,,,17524,2021-11-14,5206206,Cristalina,GO,2021,46
1636243200000,202145,2.0,2,2,2,0.24728246,3.3217072,0,1,520620620214519684,2023-11-23,Cristalina,0,0.5769767,60210,19.7142857142857,96.5695057142857,1,0,0,83.8560065714286,63.9031078571429,21.916996,25.7142857142857,0,,,,,17524,2021-11-07,5206206,Cristalina,GO,2021,45
1635638400000,202144,2.0,2,2,2,0.28022578,3.3217072,0,1,520620620214419684,2023-11-23,Cristalina,0,0.62128115,60210,19.1428571428571,94.9049228571429,1,0,0,79.0485935714286,57.034604,22.2845851428571,26.5714285714286,1,,,,,17524,2021-10-31,5206206,Cristalina,GO,2021,44
1635033600000,202143,6.0,6,6,6,0.78606135,9.965122,0,1,520620620214319684,2023-11-23,Cristalina,0,1.6413761,60210,19.7142857142857,87.2303314285714,0,0,1,65.7627388571429,42.7663114285714,24.1959345714286,29.7142857142857,0,,,,,17524,2021-10-24,5206206,Cristalina,GO,2021,43
1634428800000,202142,1.0,1,1,1,0.04698953,1.6608536,0,1,520620620214219684,2023-11-23,Cristalina,1,0.2266794,60210,19.1428571428571,92.4420505714286,1,0,0,72.9548801428571,49.7485974285714,23.406469,28.4285714285714,0,,,,,17524,2021-10-17,5206206,Cristalina,GO,2021,42
1633824000000,202141,4.0,4,4,4,0.43560416,6.6434145,0,1,520620620214119684,2023-11-23,Cristalina,0,0.89923424,60210,19.5714285714286,93.2596742857143,1,0,0,73.6615957142857,49.1899128571429,23.391634,28.8571428571429,2,,,,,17524,2021-10-10,5206206,Cristalina,GO,2021,41
1633219200000,202140,5.0,5,5,5,0.5960965,8.304269,0,1,520620620214019684,2023-11-23,Cristalina,0,1.1650417,60210,20.0,76.1088971428571,0,0,1,50.1387944285714,26.7316421428571,26.4464288571429,33.0,0,,,,,17524,2021-10-03,5206206,Cristalina,GO,2021,40
1632614400000,202139,5.0,5,5,5,0.49592495,8.304269,0,1,520620620213919684,2023-11-23,Cristalina,0,0.9938331,60210,19.1428571428571,78.4010768571429,0,0,1,55.5234057142857,34.1598694285714,24.5157865714286,30.2857142857143,0,,,,,17524,2021-09-26,5206206,Cristalina,GO,2021,39
1632009600000,202138,3.0,3,3,3,0.15101795,4.982561,0,1,520620620213819684,2023-11-23,Cristalina,0,0.50804317,60210,18.1428571428571,66.7016934285714,0,0,0,42.6825678571429,24.1409134285714,25.714286,33.0,0,,,,,17524,2021-09-19,5206206,Cristalina,GO,2021,38
1631404800000,202137,5.0,5,5,5,0.39774865,8.304269,0,1,520620620213719684,2023-11-23,Cristalina,0,0.85916305,60210,16.1428571428571,59.2610882857143,0,0,1,34.514394,17.1883684285714,24.92029,32.1428571428571,0,,,,,17524,2021-09-12,5206206,Cristalina,GO,2021,37
1630800000000,202136,7.0,7,7,7,0.69728726,11.625976,0,1,520620620213619684,2023-11-23,Cristalina,0,1.331882,60210,16.5714285714286,64.8095248571429,0,0,1,37.2584027142857,17.8000632857143,25.5155277142857,33.4285714285714,3,,,,,17524,2021-09-05,5206206,Cristalina,GO,2021,36
1630195200000,202135,6.0,6,6,6,0.56599855,9.965122,0,1,520620620213519684,2023-11-23,Cristalina,0,1.0993465,60210,15.7142857142857,73.0531564285714,0,0,1,49.6873562857143,28.6732232857143,22.1380345714286,28.7142857142857,0,,,,,17524,2021-08-29,5206206,Cristalina,GO,2021,35
1629590400000,202134,5.0,5,5,5,0.3410552,8.304269,0,1,520620620213419684,2023-11-23,Cristalina,0,0.79032254,60210,14.2857142857143,71.4570802857143,0,0,1,44.6969774285714,24.613081,22.5527948571429,30.0,3,,,,,17524,2021-08-22,5206206,Cristalina,GO,2021,34
1628985600000,202133,4.0,4,4,4,0.23473105,6.6434145,0,1,520620620213319684,2023-11-23,Cristalina,0,0.6443835,60210,12.7142857142857,74.385162,0,0,0,46.1761064285714,26.1762268571429,20.7950314285714,27.8571428571429,0,,,,,17524,2021-08-15,5206206,Cristalina,GO,2021,33
1628380800000,202132,8.0,8,8,8,0.6908147,13.286829,0,1,520620620213219684,2023-11-23,Cristalina,2,1.2941843,60210,12.1428571428571,79.8900945714286,0,0,1,50.8448611428571,27.7660268571429,20.2732914285714,27.5714285714286,0,,,,,17524,2021-08-08,5206206,Cristalina,GO,2021,32
1627776000000,202131,7.0,7,7,7,0.34884936,11.625976,0,1,520620620213119684,2023-11-23,Cristalina,0,0.8248409,60210,13.5714285714286,76.406646,0,0,1,55.1886467142857,36.0426724285714,19.2289665714286,24.7142857142857,1,,,,,17524,2021-08-01,5206206,Cristalina,GO,2021,31
1627171200000,202130,3.0,3,3,3,0.0044736112,4.982561,0,1,520620620213019684,2023-11-23,Cristalina,0,0.23697412,60210,10.5714285714286,75.366805,0,0,0,49.8458544285714,31.1257135714286,18.7826088571429,26.7142857142857,0,,,,,17524,2021-07-25,5206206,Cristalina,GO,2021,30
1626566400000,202129,9.0,9,9,9,0.045231722,14.947683,0,1,520620620212919684,2023-11-23,Cristalina,0,0.51438004,60210,12.7142857142857,74.9124467142857,0,0,1,51.354167,31.2764212857143,19.6708077142857,26.2857142857143,3,,,,,17524,2021-07-18,5206206,Cristalina,GO,2021,29
1625961600000,202128,11.0,11,11,11,0.03764097,18.26939,0,1,520620620212819684,2023-11-23,Cristalina,0,0.5284229,60210,10.1428571428571,84.1847835714286,0,0,1,56.1268215714286,31.4361722857143,18.5222565714286,26.1428571428571,1,,,,,17524,2021-07-11,5206206,Cristalina,GO,2021,28
1625356800000,202127,19.0,19,19,19,0.2617556,31.55622,0,1,520620620212719684,2023-11-23,Cristalina,0,0.8226977,60210,9.28571428571429,84.98449,0,0,1,55.942113,29.4734464285714,17.5155282857143,25.2857142857143,9,,,,,17524,2021-07-04,5206206,Cristalina,GO,2021,27
1624752000000,202126,23.0,23,23,23,0.26036668,38.199635,0,1,520620620212619684,2023-11-23,Cristalina,0,0.8356289,60210,10.8571428571429,83.5715771428571,0,0,1,59.7952774285714,37.5027352857143,17.5344437142857,24.1428571428571,9,,,,,17524,2021-06-27,5206206,Cristalina,GO,2021,26
1624147200000,202125,20.0,20,20,20,0.022845713,33.217075,0,1,520620620212519684,2023-11-23,Cristalina,0,0.578788,60210,13.0,87.7259265714286,0,0,1,60.1422724285714,32.6517378571429,19.931112,26.8571428571429,15,,,,,17524,2021-06-20,5206206,Cristalina,GO,2021,25
1623542400000,202124,27.0,27,27,27,0.033813916,44.84305,0,1,520620620212419684,2023-11-23,Cristalina,2,0.6424,60210,14.2857142857143,86.6938714285714,0,0,1,64.0337278571428,43.005393,19.9184782857143,25.2857142857143,19,,,,,17524,2021-06-13,5206206,Cristalina,GO,2021,24
1622937600000,202123,33.0,33,33,33,0.027382769,54.80817,0,1,520620620212319684,2023-11-23,Cristalina,4,0.6549385,60210,15.0,88.7808271428571,0,0,1,67.8732564285714,45.2684524285714,20.0833335714286,25.8571428571429,23,,,,,17524,2021-06-06,5206206,Cristalina,GO,2021,23
1622332800000,202122,46.0,46,46,46,0.024424411,76.39927,0,4,520620620212219684,2023-11-23,Cristalina,1,0.6888031,60210,14.0,87.9087857142857,0,0,2,63.6846164285714,37.631327,20.5736282857143,27.2857142857143,33,,,,,17524,2021-05-30,5206206,Cristalina,GO,2021,22
1621728000000,202121,44.0,44,44,44,3.04553e-05,73.07756,0,4,520620620212119684,2023-11-23,Cristalina,4,0.49025032,60210,16.7142857142857,92.2280257142857,0,0,2,67.7113187142857,42.8719665714286,22.375,28.4285714285714,38,,,,,17524,2021-05-23,5206206,Cristalina,GO,2021,21
1621123200000,202120,58.0,58,58,58,1.38411e-05,96.32951,0,4,520620620212019684,2023-11-23,Cristalina,3,0.517626,60210,13.0,91.2107414285714,0,0,2,62.314748,35.1850972857143,20.4761905714286,27.1428571428571,43,,,,,17524,2021-05-16,5206206,Cristalina,GO,2021,20
1620518400000,202119,100.0,100,100,100,0.0032610549,166.08537,0,4,520620620211919684,2023-11-23,Cristalina,2,0.70348257,60210,14.1428571428571,88.6733928571429,0,0,2,64.3450831428571,41.1646547142857,20.125,25.7142857142857,76,,,,,17524,2021-05-09,5206206,Cristalina,GO,2021,19
1619913600000,202118,106.0,106,106,106,3.3546e-06,176.05049,0,4,520620620211819684,2023-11-23,Cristalina,1,0.58297116,60210,14.5714285714286,88.9441585714286,0,0,2,67.5060581428571,42.5059274285714,20.4880954285714,26.1428571428571,64,,,,,17524,2021-05-02,5206206,Cristalina,GO,2021,18
1619308800000,202117,128.0,128,128,128,4.8542e-06,212.58926,0,4,520620620211719684,2023-11-23,Cristalina,2,0.61341095,60210,17.5714285714286,95.7048842857143,0,0,2,77.3551394285714,54.2797311428571,21.5520185714286,25.8571428571429,88,,,,,17524,2021-04-25,5206206,Cristalina,GO,2021,17
1618704000000,202116,193.0,193,193,193,0.29125413,320.54477,0,4,520620620211619684,2023-11-23,Cristalina,4,0.946356,60210,15.2857142857143,93.89014,0,0,2,73.4630407142857,50.37927,19.9399095714286,25.1428571428571,120,,,,,17524,2021-04-18,5206206,Cristalina,GO,2021,16
1618099200000,202115,228.0,228,228,228,0.98914635,378.67465,0,4,520620620211519684,2023-11-23,Cristalina,4,1.2552415,60210,16.2857142857143,89.7070257142857,0,1,2,67.434619,43.7768872857143,21.7261905714286,27.2857142857143,161,,,,,17524,2021-04-11,5206206,Cristalina,GO,2021,15
1617494400000,202114,227.0,227,227,227,0.9977885,377.0138,0,4,520620620211419684,2023-11-23,Cristalina,4,1.332046,60210,18.2857142857143,94.8571971428571,1,1,2,79.5558544285714,59.3112671428571,21.1607142857143,25.2857142857143,161,,,,,17524,2021-04-04,5206206,Cristalina,GO,2021,14
1616889600000,202113,155.0,155,155,155,0.300097,257.4323,0,4,520620620211319684,2023-11-23,Cristalina,5,0.94308966,60210,17.7142857142857,89.8154948571429,0,0,2,64.6507262857143,40.2301368571429,23.504348,29.4285714285714,105,,,,,17524,2021-03-28,5206206,Cristalina,GO,2021,13
1616284800000,202112,176.0,176,176,176,0.8819973,292.31024,0,4,520620620211219684,2023-11-23,Cristalina,4,1.1392204,60210,16.4285714285714,88.9287742857143,0,0,2,63.8930594285714,38.4806095714286,22.3869045714286,28.1428571428571,134,,,,,17524,2021-03-21,5206206,Cristalina,GO,2021,12
1615680000000,202111,172.0,172,172,172,0.84444344,285.66684,0,4,520620620211119684,2023-11-23,Cristalina,7,1.1187204,60210,19.2857142857143,96.54408,1,0,2,81.2212574285714,61.589928,21.7251725714286,25.2857142857143,118,,,,,17524,2021-03-14,5206206,Cristalina,GO,2021,11
1615075200000,202110,152.0,152,152,152,0.16525933,252.44975,0,4,520620620211019684,2023-11-23,Cristalina,6,0.8971869,60210,19.4285714285714,94.0377471428571,1,0,2,80.3793621428571,57.9639117142857,21.9704968571429,26.4285714285714,96,,,,,17524,2021-03-07,5206206,Cristalina,GO,2021,10
1614470400000,202109,133.0,133,133,133,0.0027028401,220.89354,0,4,520620620210919684,2023-11-23,Cristalina,10,0.72987527,60210,18.2857142857143,93.20218,1,0,2,76.8389297142857,60.481756,21.7889851428571,25.4285714285714,79,,,,,17524,2021-02-28,5206206,Cristalina,GO,2021,9
1613865600000,202108,179.0,179,179,179,0.49482685,297.29282,0,4,520620620210819684,2023-11-23,Cristalina,7,0.9986323,60210,19.0,95.7024,1,0,2,85.4754722857143,68.6904364285714,21.0818558571429,24.8571428571429,99,,,,,17524,2021-02-21,5206206,Cristalina,GO,2021,8
1613260800000,202107,194.0,194,194,194,0.9616112,322.20563,0,4,520620620210719684,2023-11-23,Cristalina,1,1.2069733,60210,19.8571428571429,97.43029,1,1,2,87.0259122857143,67.941441,21.5729814285714,25.7142857142857,76,,,,,17524,2021-02-14,5206206,Cristalina,GO,2021,7
1612656000000,202106,183.0,183,183,183,0.9976491,303.93622,0,4,520620620210619684,2023-11-23,Cristalina,5,1.3766817,60210,18.8571428571429,95.7417291428571,1,1,2,84.8033824285714,67.4999421428571,21.139234,25.1428571428571,91,,,,,17524,2021-02-07,5206206,Cristalina,GO,2021,6
1612051200000,202105,176.0,176,176,176,0.9999784,292.31024,0,4,520620620210519684,2023-11-23,Cristalina,3,1.6362044,60210,19.7142857142857,90.0852285714286,1,1,2,74.4659757142857,54.7082732857143,23.2533314285714,27.5714285714286,102,,,,,17524,2021-01-31,5206206,Cristalina,GO,2021,5
1611446400000,202104,121.0,121,121,121,0.99709076,200.9633,0,4,520620620210419684,2023-11-23,Cristalina,0,1.4770712,60210,18.2857142857143,84.5731074285714,0,1,2,63.7151582857143,43.7780817142857,23.1924601428571,28.1428571428571,79,,,,,17524,2021-01-24,5206206,Cristalina,GO,2021,4
1610841600000,202103,113.0,113,113,113,0.99999964,187.67647,0,4,520620620210319684,2023-11-23,Cristalina,1,2.22865,60210,17.8571428571429,91.6025291428571,0,1,2,65.5975597142857,43.1606454285714,23.3387445714286,28.1428571428571,48,,,,,17524,2021-01-17,5206206,Cristalina,GO,2021,3
1610236800000,202102,85.0,85,85,85,1.0,141.17256,0,4,520620620210219684,2023-11-23,Cristalina,1,3.6412551,60210,19.5714285714286,96.5695057142857,1,1,2,81.7848205714286,60.8395625714286,22.154729,26.5714285714286,43,,,,,17524,2021-01-10,5206206,Cristalina,GO,2021,2
1609632000000,202101,58.0,58,58,58,0.9999991,96.32951,0,1,520620620210119684,2023-11-23,Cristalina,2,3.2630386,60210,19.1428571428571,91.5289014285714,1,1,2,73.1375412857143,47.3362918571429,23.405538,28.7142857142857,31,,,,,17524,2021-01-03,5206206,Cristalina,GO,2021,1
1609027200000,202053,41.0,41,41,41,0.66996366,68.095,0,4,520620620205319589,2023-08-20,Cristalina,0,1.1041136,60210,19.0,88.269605,0,0,2,70.346973,43.828385,22.625,29.0,1,,,,,17524,2020-12-27,5206206,Cristalina,GO,2020,53
1608422400000,202052,38.0,38,38,38,0.7437526,63.11244,0,4,520620620205219589,2023-08-20,Cristalina,0,1.1679872,60210,19.08,89.18544416,0,0,2,,,,,7,,,,,17524,2020-12-20,5206206,Cristalina,GO,2020,52
1607817600000,202051,41.0,41,41,41,0.9713942,68.095,0,4,520620620205119589,2023-08-20,Cristalina,0,1.5988389,60210,19.16,90.10128332,1,1,2,,,,,16,,,,,17524,2020-12-13,5206206,Cristalina,GO,2020,51
1607212800000,202050,32.0,32,32,32,0.970681,53.147316,0,4,520620620205019589,2023-08-20,Cristalina,0,1.7090425,60210,19.24,91.01712248,1,1,2,,,,,20,,,,,17524,2020-12-06,5206206,Cristalina,GO,2020,50
1606608000000,202049,29.0,29,29,29,0.9856964,48.164757,0,2,520620620204919589,2023-08-20,Cristalina,0,1.960961,60210,19.32,91.93296164,1,1,2,,,,,14,,,,,17524,2020-11-29,5206206,Cristalina,GO,2020,49
1606003200000,202048,13.0,13,13,13,0.6233129,21.591097,0,2,520620620204819589,2023-08-20,Cristalina,0,1.1331376,60210,19.4,92.8488008,1,0,1,76.536782,55.6382074,22.6426876,26.8,6,,,,,17524,2020-11-22,5206206,Cristalina,GO,2020,48
1605398400000,202047,17.0,17,17,17,0.97573626,28.234512,0,2,520620620204719589,2023-08-20,Cristalina,0,2.2577827,60210,19.7142857142857,94.98075,1,1,2,78.051455,56.0577165714286,23.4233951428571,28.1428571428571,11,,,,,17524,2020-11-15,5206206,Cristalina,GO,2020,47
1604793600000,202046,12.0,12,12,12,0.970852,19.930244,0,2,520620620204619589,2023-08-20,Cristalina,0,2.5973628,60210,20.1666666666667,90.4472266666667,1,1,1,74.2262956666667,48.799564,23.8993466666667,29.1666666666667,1,,,,,17524,2020-11-08,5206206,Cristalina,GO,2020,46
1604188800000,202045,7.0,7,7,7,0.8135044,11.625976,0,2,520620620204519589,2023-08-20,Cristalina,0,1.6854197,60210,19.2857142857143,94.8811542857143,1,0,1,76.4401137142857,49.5668171428571,23.0226568571429,28.4285714285714,3,,,,,17524,2020-11-01,5206206,Cristalina,GO,2020,45
1603584000000,202044,3.0,3,3,3,0.20145218,4.982561,0,1,520620620204419589,2023-08-20,Cristalina,0,0.56950617,60210,20.5714285714286,93.2780757142857,1,0,0,78.1103414285714,56.511382,23.3482968571429,27.5714285714286,1,,,,,17524,2020-10-25,5206206,Cristalina,GO,2020,44
1602979200000,202043,3.0,3,3,3,0.15167399,4.982561,0,1,520620620204319589,2023-08-20,Cristalina,0,0.50885373,60210,19.8571428571429,94.16264,1,0,0,80.1241831428571,61.2628961428571,22.5866742857143,26.5714285714286,0,,,,,17524,2020-10-18,5206206,Cristalina,GO,2020,43
1602374400000,202042,6.0,6,6,6,0.5795775,9.965122,0,1,520620620204219589,2023-08-20,Cristalina,0,1.1218544,60210,20.0,86.1631828571429,0,0,1,64.3453175714286,39.6213817142857,24.7814791428571,30.7142857142857,0,,,,,17524,2020-10-11,5206206,Cristalina,GO,2020,42
1601769600000,202041,7.0,7,7,7,0.7999105,11.625976,0,1,520620620204119589,2023-08-20,Cristalina,0,1.6310624,60210,20.1428571428571,62.5708698571429,0,0,1,36.8508507142857,17.996575,28.0147517142857,35.7142857142857,1,,,,,17524,2020-10-04,5206206,Cristalina,GO,2020,41
1601164800000,202040,5.0,5,5,5,0.7243192,8.304269,0,1,520620620204019589,2023-08-20,Cristalina,0,1.4847101,60210,17.2857142857143,65.7091887142857,0,0,1,39.3952008571429,19.7423272857143,25.8045065714286,33.7142857142857,0,,,,,17524,2020-09-27,5206206,Cristalina,GO,2020,40
1600560000000,202039,5.0,5,5,5,0.77048576,8.304269,0,1,520620620203919589,2023-08-20,Cristalina,0,1.654216,60210,18.1428571428571,85.2838851428571,0,0,1,60.7414517142857,36.3818038571429,23.8338508571429,30.0,0,,,,,17524,2020-09-20,5206206,Cristalina,GO,2020,39
1599955200000,202038,2.0,2,2,2,0.32224166,3.3217072,0,1,520620620203819589,2023-08-20,Cristalina,0,0.6808295,60210,17.5714285714286,62.0121022857143,0,0,0,39.6025677142857,22.710204,24.7060042857143,31.1428571428571,1,,,,,17524,2020-09-13,5206206,Cristalina,GO,2020,38
1599350400000,202037,4.0,4,4,4,0.5711731,6.6434145,0,1,520620620203719589,2023-08-20,Cristalina,0,1.1316775,60210,14.5714285714286,72.0561828571429,0,0,0,42.6524082857143,21.5614704285714,23.5127751428571,31.2857142857143,1,,,,,17524,2020-09-06,5206206,Cristalina,GO,2020,37
1598745600000,202036,2.0,2,2,2,0.16105357,3.3217072,0,1,520620620203619589,2023-08-20,Cristalina,0,0.46656072,60210,14.7142857142857,71.5903858571429,0,0,0,45.7134751428571,25.652764,22.6461977142857,29.8571428571429,0,,,,,17524,2020-08-30,5206206,Cristalina,GO,2020,36
1598140800000,202035,3.0,3,3,3,0.24504505,4.982561,0,1,520620620203519589,2023-08-20,Cristalina,0,0.62262946,60210,13.4285714285714,77.2957211428571,0,0,0,51.4758597142857,26.6237167142857,21.028468,28.8571428571429,0,,,,,17524,2020-08-23,5206206,Cristalina,GO,2020,35
1597536000000,202034,6.0,6,6,6,0.3885496,9.965122,0,1,520620620203419589,2023-08-20,Cristalina,0,0.8587045,60210,16.1428571428571,81.0905214285714,0,0,1,53.2130517142857,31.3650547142857,23.8683888571429,30.7142857142857,1,,,,,17524,2020-08-16,5206206,Cristalina,GO,2020,34
1596931200000,202033,3.0,3,3,3,0.018912742,4.982561,0,1,520620620203319589,2023-08-20,Cristalina,0,0.2989052,60210,14.0,80.6486957142857,0,0,0,53.8767831428571,30.1924594285714,21.3943391428571,28.4285714285714,0,,,,,17524,2020-08-09,5206206,Cristalina,GO,2020,33
1596326400000,202032,5.0,5,5,5,0.037228268,8.304269,0,1,520620620203219589,2023-08-20,Cristalina,0,0.4142326,60210,13.2857142857143,77.6079342857143,0,0,1,57.4005497142857,37.3312118571429,18.6803834285714,24.4285714285714,1,,,,,17524,2020-08-02,5206206,Cristalina,GO,2020,32
1595721600000,202031,14.0,14,14,14,0.4119048,23.251951,0,1,520620620203119589,2023-08-20,Cristalina,0,0.9219294,60210,13.5714285714286,85.3140458571429,0,0,1,57.982508,32.3109621428571,20.4030982857143,27.0,1,,,,,17524,2020-07-26,5206206,Cristalina,GO,2020,31
1595116800000,202030,9.0,9,9,9,0.02447462,14.947683,0,1,520620620203019589,2023-08-20,Cristalina,0,0.46940842,60210,11.4285714285714,90.687838,0,0,1,60.0307062857143,35.8624102857143,19.3062768571429,26.1428571428571,1,,,,,17524,2020-07-19,5206206,Cristalina,GO,2020,30
1594512000000,202029,15.0,15,15,15,0.1476551,24.912806,0,1,520620620202919589,2023-08-20,Cristalina,0,0.70724577,60210,11.4285714285714,85.074415,0,0,1,56.5115657142857,29.6686241428571,19.3206994285714,27.1428571428571,2,,,,,17524,2020-07-12,5206206,Cristalina,GO,2020,29
1593907200000,202028,20.0,20,20,20,0.37981233,33.217075,0,4,520620620202819589,2023-08-20,Cristalina,0,0.91066235,60210,12.5714285714286,88.6165742857143,0,0,2,64.1549684285714,36.1689917142857,19.1090455714286,26.1428571428571,7,,,,,17524,2020-07-05,5206206,Cristalina,GO,2020,28
1593302400000,202027,25.0,25,25,25,0.42928225,41.521343,0,4,520620620202719589,2023-08-20,Cristalina,0,0.95181865,60210,12.75,87.7548365,0,0,2,65.10611175,41.28447925,19.39533525,26.25,4,,,,,17524,2020-06-28,5206206,Cristalina,GO,2020,27
1592697600000,202026,17.0,17,17,17,0.015703361,28.234512,0,4,520620620202619589,2023-08-20,Cristalina,0,0.53493565,60210,12.25,92.130341,0,0,2,69.42213875,42.09459375,18.24442575,26.5,6,,,,,17524,2020-06-21,5206206,Cristalina,GO,2020,26
1592092800000,202025,24.0,24,24,24,0.078397326,39.86049,0,4,520620620202519589,2023-08-20,Cristalina,0,0.69076127,60210,16.0,86.82093,0,0,2,73.9081525,52.2088125,19.16789625,24.0,13,,,,,17524,2020-06-14,5206206,Cristalina,GO,2020,25
1591488000000,202024,39.0,39,39,39,0.44025373,64.77329,0,4,520620620202419589,2023-08-20,Cristalina,0,0.9669771,60210,14.1666666666667,93.803185,0,0,2,69.6592866666667,40.215806,20.402778,27.3333333333333,19,,,,,17524,2020-06-07,5206206,Cristalina,GO,2020,24
1590883200000,202023,30.0,30,30,30,0.01219029,49.82561,0,4,520620620202319589,2023-08-20,Cristalina,0,0.60107845,60210,13.8571428571429,93.724342,0,0,2,70.5141934285714,43.6918814285714,20.6309522857143,27.5714285714286,20,,,,,17524,2020-05-31,5206206,Cristalina,GO,2020,23
1590278400000,202022,37.0,37,37,37,0.013805801,61.451588,0,4,520620620202219589,2023-08-20,Cristalina,0,0.63443357,60210,13.5714285714286,92.0528768571429,0,0,2,69.9062687142857,42.2619901428571,19.6904765714286,26.2857142857143,18,,,,,17524,2020-05-24,5206206,Cristalina,GO,2020,22
1589673600000,202021,52.0,52,52,52,0.12021382,86.36439,0,4,520620620202119589,2023-08-20,Cristalina,0,0.8047121,60210,16.8571428571429,94.7384354285714,0,0,2,77.6645612857143,56.1353478571429,21.2797622857143,26.1428571428571,26,,,,,17524,2020-05-17,5206206,Cristalina,GO,2020,21
1589068800000,202020,62.0,62,62,62,0.22941622,102.97293,0,4,520620620202019589,2023-08-20,Cristalina,0,0.8794692,60210,15.5714285714286,95.54601,0,0,2,77.5833255714286,54.4287637142857,20.295238,26.0,38,,,,,17524,2020-05-10,5206206,Cristalina,GO,2020,20
1588464000000,202019,60.0,60,60,60,0.12922812,99.65122,0,4,520620620201919589,2023-08-20,Cristalina,0,0.8221421,60210,16.1428571428571,90.4847614285714,0,0,2,71.2979182857143,47.779535,21.1130954285714,26.4285714285714,42,,,,,17524,2020-05-03,5206206,Cristalina,GO,2020,19
1587859200000,202018,77.0,77,77,77,0.72475207,127.885735,0,4,520620620201819589,2023-08-20,Cristalina,0,1.1033298,60210,15.2857142857143,93.7856005714286,0,0,2,70.0920012857143,44.7584124285714,21.1964285714286,27.0,44,,,,,17524,2020-04-26,5206206,Cristalina,GO,2020,18
1587254400000,202017,72.0,72,72,72,0.88976103,119.58147,0,4,520620620201719589,2023-08-20,Cristalina,0,1.2395914,60210,19.8571428571429,94.9427114285714,1,0,2,84.919722,68.5638907142857,22.0238094285714,25.4285714285714,55,,,,,17524,2020-04-19,5206206,Cristalina,GO,2020,17
1586649600000,202016,78.0,78,78,78,0.99927264,129.54659,0,4,520620620201619589,2023-08-20,Cristalina,0,1.8011955,60210,19.8571428571429,94.9302085714286,1,1,2,82.8242042857143,64.168793,22.5357142857143,26.2857142857143,68,,,,,17524,2020-04-12,5206206,Cristalina,GO,2020,16
1586044800000,202015,62.0,62,62,62,0.9962392,102.97293,0,4,520620620201519589,2023-08-20,Cristalina,0,1.7300092,60210,20.7142857142857,94.9730985714286,1,1,2,78.1272734285714,52.911129,24.2083331428571,29.5714285714286,45,,,,,17524,2020-04-05,5206206,Cristalina,GO,2020,15
1585440000000,202014,36.0,36,36,36,0.37909266,59.790733,0,4,520620620201419589,2023-08-20,Cristalina,0,0.9315624,60210,19.5714285714286,92.4085957142857,1,0,2,69.1127041428571,44.5349284285714,24.9285714285714,30.2857142857143,27,,,,,17524,2020-03-29,5206206,Cristalina,GO,2020,14
1584835200000,202013,32.0,32,32,32,0.08908159,53.147316,0,4,520620620201319589,2023-08-20,Cristalina,0,0.73359966,60210,20.1428571428571,98.2973257142857,1,0,2,87.7532198571429,69.186956,22.1428571428571,26.2857142857143,24,,,,,17524,2020-03-22,5206206,Cristalina,GO,2020,13
1584230400000,202012,32.0,32,32,32,0.23791432,53.147316,0,4,520620620201219589,2023-08-20,Cristalina,0,0.84381014,60210,19.7142857142857,90.8647865714286,1,0,2,77.6681498571429,58.973507,22.5995671428571,26.5714285714286,11,,,,,17524,2020-03-15,5206206,Cristalina,GO,2020,12
1583625600000,202011,57.0,57,57,57,0.99969554,94.66866,0,4,520620620201119589,2023-08-20,Cristalina,0,2.1708386,60210,20.7142857142857,93.2664471428571,1,1,2,81.3387764285714,64.1798621428571,23.1352811428571,26.7142857142857,26,,,,,17524,2020-03-08,5206206,Cristalina,GO,2020,11
1583020800000,202010,43.0,43,43,43,0.99732107,71.41671,0,4,520620620201019589,2023-08-20,Cristalina,0,2.0395794,60210,20.2857142857143,97.4428628571429,1,1,2,86.4160564285714,73.098703,22.297078,24.8571428571429,22,,,,,17524,2020-03-01,5206206,Cristalina,GO,2020,10
1582416000000,202009,17.0,17,17,17,0.2392426,28.234512,0,4,520620620200919589,2023-08-20,Cristalina,0,0.79678273,60210,20.5714285714286,94.9481585714286,1,0,2,84.7401114285714,67.8492261428571,22.8566017142857,26.7142857142857,9,,,,,17524,2020-02-23,5206206,Cristalina,GO,2020,9
1581811200000,202008,19.0,19,19,19,0.4220114,31.55622,0,4,520620620200819589,2023-08-20,Cristalina,0,0.93971044,60210,21.0,93.3246265714286,1,0,2,84.3276742857143,76.6478397142857,22.4025971428571,23.7142857142857,14,,,,,17524,2020-02-16,5206206,Cristalina,GO,2020,8
1581206400000,202007,24.0,24,24,24,0.8807575,39.86049,0,4,520620620200719589,2023-08-20,Cristalina,0,1.4467623,60210,19.8571428571429,94.0811228571429,1,0,2,89.6373401428571,83.8569494285714,21.1142857142857,22.2857142857143,19,,,,,17524,2020-02-09,5206206,Cristalina,GO,2020,7
1580601600000,202006,22.0,22,22,22,0.95447516,36.53878,0,4,520620620200619589,2023-08-20,Cristalina,0,1.7894664,60210,20.0,93.2598771428571,1,1,2,82.0111215714286,68.9063538571429,22.6011905714286,25.4285714285714,15,,,,,17524,2020-02-02,5206206,Cristalina,GO,2020,6
1579996800000,202005,16.0,16,16,16,0.9592379,26.573658,0,3,520620620200519589,2023-08-20,Cristalina,0,2.0638115,60210,20.5714285714286,94.0694242857143,1,1,2,76.7092428571429,52.7331998571429,24.0952377142857,29.1428571428571,6,,,,,17524,2020-01-26,5206206,Cristalina,GO,2020,5
1579392000000,202004,13.0,13,13,13,0.9907502,21.591097,0,1,520620620200419589,2023-08-20,Cristalina,0,3.373957,60210,21.1428571428571,94.0437657142857,1,1,1,82.469923,64.8863707142857,23.4345237142857,27.1428571428571,9,,,,,17524,2020-01-19,5206206,Cristalina,GO,2020,4
1578787200000,202003,8.0,8,8,8,0.9748613,13.286829,0,1,520620620200319589,2023-08-20,Cristalina,0,3.6169107,60210,20.8571428571429,84.6269542857143,0,1,1,61.9866042857143,40.339235,26.1309522857143,31.4285714285714,5,,,,,17524,2020-01-12,5206206,Cristalina,GO,2020,3
1578182400000,202002,2.0,2,2,2,0.41877842,3.3217072,0,1,520620620200219589,2023-08-20,Cristalina,0,0.83684,60210,20.2857142857143,94.93646,1,0,0,81.0192821428572,61.600405,23.5523805714286,27.5714285714286,2,,,,,17524,2020-01-05,5206206,Cristalina,GO,2020,2
1577577600000,202001,1.0,1,1,1,0.16696836,1.6608536,0,1,520620620200119589,2023-08-20,Cristalina,0,0.38724366,60210,20.6666666666667,91.3808733333333,1,0,0,78.256815,58.8144246666667,22.9694443333333,27.0,0,,,,,17524,2019-12-29,5206206,Cristalina,GO,2020,1
1576972800000,201952,3.0,3,3,3,0.6205487,4.982561,0,1,520620620195219589,2023-08-20,Cristalina,0,1.2791829,60210,20.2857142857143,88.5374357142857,0,0,0,81.7564242857143,70.7298128571429,21.8158728571429,24.0,0,,,,,17524,2019-12-22,5206206,Cristalina,GO,2019,52
1576368000000,201951,3.0,3,3,3,0.62144977,4.982561,0,1,520620620195119589,2023-08-20,Cristalina,0,1.2817504,60210,20.1428571428571,85.4108108571428,0,0,0,76.6244357142857,66.7672311428571,22.1428571428571,24.8571428571429,0,,,,,17524,2019-12-15,5206206,Cristalina,GO,2019,51
1575763200000,201950,2.0,2,2,2,0.37526375,3.3217072,0,2,520620620195019589,2023-08-20,Cristalina,0,0.762548,60210,20.5714285714286,94.9120657142857,1,0,0,89.4822734285714,82.46952,21.3210315714286,22.5714285714286,0,,,,,17524,2019-12-08,5206206,Cristalina,GO,2019,50
1575158400000,201949,2.0,2,2,2,0.39405826,3.3217072,0,2,520620620194919589,2023-08-20,Cristalina,0,0.79372394,60210,21.0,94.9301385714286,1,0,0,88.7458828571429,84.0757014285714,21.7571428571429,22.4285714285714,0,,,,,17524,2019-12-01,5206206,Cristalina,GO,2019,49
1574553600000,201948,3.0,3,3,3,0.7338896,4.982561,0,1,520620620194819589,2023-08-20,Cristalina,0,1.7023002,60210,20.7142857142857,93.2093914285714,1,0,0,88.4090734285714,81.9633924285714,21.7,22.8571428571429,2,,,,,17524,2019-11-24,5206206,Cristalina,GO,2019,48
1573948800000,201947,3.0,3,3,3,0.8452478,4.982561,0,1,520620620194719589,2023-08-20,Cristalina,0,2.5616133,60210,19.7142857142857,93.1467334285714,1,0,0,86.5033892857143,80.26802,20.6650792857143,21.7142857142857,0,,,,,17524,2019-11-17,5206206,Cristalina,GO,2019,47
1573344000000,201946,2.0,2,2,2,0.52732176,3.3217072,0,1,520620620194619589,2023-08-20,Cristalina,0,1.0644597,60210,21.5714285714286,74.6293081428571,0,0,0,64.6643605714286,51.9924652857143,23.8428571428571,26.7142857142857,0,,,,,17524,2019-11-10,5206206,Cristalina,GO,2019,46
1572739200000,201945,0.0,0,0,0,0.0,0.0,0,1,520620620194519589,2023-08-20,Cristalina,0,0.0,60210,20.8571428571429,88.4662028571429,0,0,0,77.605495,66.3822857142857,22.6428571428571,24.4285714285714,0,,,,,17524,2019-11-03,5206206,Cristalina,GO,2019,45
1572134400000,201944,1.0,1,1,1,0.17390087,1.6608536,0,1,520620620194419589,2023-08-20,Cristalina,0,0.39624944,60210,20.7142857142857,78.771418,0,0,0,68.55201,56.3240627142857,22.7467534285714,25.1428571428571,0,,,,,17524,2019-10-27,5206206,Cristalina,GO,2019,44
1571529600000,201943,5.0,5,5,5,0.9467087,8.304269,0,1,520620620194319589,2023-08-20,Cristalina,0,3.7022676,60210,20.4285714285714,82.4392952857143,0,0,1,73.8886335714286,62.8859527142857,22.4883117142857,24.8571428571429,4,,,,,17524,2019-10-20,5206206,Cristalina,GO,2019,43
1570924800000,201942,3.0,3,3,3,0.8563872,4.982561,0,1,520620620194219589,2023-08-20,Cristalina,0,2.7072947,60210,17.4285714285714,68.6735242857143,0,0,0,52.131513,35.6002271428571,21.5350648571429,26.4285714285714,1,,,,,17524,2019-10-13,5206206,Cristalina,GO,2019,42
1570320000000,201941,0.0,0,0,0,0.0,0.0,0,1,520620620194119589,2023-08-20,Cristalina,0,0.0,60210,20.7142857142857,83.9983814285714,0,0,0,72.5207528571429,55.0464801428571,22.6155842857143,25.2857142857143,0,,,,,17524,2019-10-06,5206206,Cristalina,GO,2019,41
1569715200000,201940,1.0,1,1,1,0.33074278,1.6608536,0,1,520620620194019589,2023-08-20,Cristalina,0,0.62648064,60210,19.4285714285714,77.5876118571429,0,0,0,63.4991004285714,48.9821551428571,22.52987,25.8571428571429,0,,,,,17524,2019-09-29,5206206,Cristalina,GO,2019,40
1569110400000,201939,2.0,2,2,2,0.49115473,3.3217072,0,1,520620620193919589,2023-08-20,Cristalina,0,0.98031306,60210,19.5714285714286,73.0459488571429,0,0,0,63.9959984285714,52.4830275714286,21.7844154285714,24.8571428571429,0,,,,,17524,2019-09-22,5206206,Cristalina,GO,2019,39
1568505600000,201938,1.0,1,1,1,0.17487395,1.6608536,0,1,520620620193819589,2023-08-20,Cristalina,0,0.39751747,60210,17.8571428571429,57.2333657142857,0,0,0,44.6969718571429,30.6542451428571,21.2285714285714,26.1428571428571,0,,,,,17524,2019-09-15,5206206,Cristalina,GO,2019,38
1567900800000,201937,2.0,2,2,2,0.43559283,3.3217072,0,1,520620620193719589,2023-08-20,Cristalina,0,0.867701,60210,16.5714285714286,65.1175161428571,0,0,0,53.16735,36.7817517142857,20.0025974285714,25.2857142857143,0,,,,,17524,2019-09-08,5206206,Cristalina,GO,2019,37
1567296000000,201936,3.0,3,3,3,0.74470055,4.982561,0,1,520620620193619589,2023-08-20,Cristalina,0,1.7577965,60210,16.7142857142857,66.1342802857143,0,0,0,51.5059137142857,34.5350757142857,20.151948,25.1428571428571,0,,,,,17524,2019-09-01,5206206,Cristalina,GO,2019,36
1566691200000,201935,3.0,3,3,3,0.56261855,4.982561,0,1,520620620193519589,2023-08-20,Cristalina,0,1.1310873,60210,16.4285714285714,70.4861752857143,0,0,0,57.7209194285714,43.5347438571429,19.3766231428571,23.1428571428571,0,,,,,17524,2019-08-25,5206206,Cristalina,GO,2019,35
1566086400000,201934,1.0,1,1,1,0.016646832,1.6608536,0,1,520620620193419589,2023-08-20,Cristalina,0,0.16924459,60210,16.8571428571429,68.579201,0,0,0,54.4558552857143,38.3258545714286,19.9220777142857,24.2857142857143,0,,,,,17524,2019-08-18,5206206,Cristalina,GO,2019,34
1565481600000,201933,0.0,0,0,0,0.0,0.0,0,1,520620620193319589,2023-08-20,Cristalina,0,0.0,60210,15.1428571428571,73.8403124285714,0,0,0,59.9574537142857,45.6748382857143,18.2337664285714,22.0,0,,,,,17524,2019-08-11,5206206,Cristalina,GO,2019,33
1564876800000,201932,7.0,7,7,7,0.059576083,11.625976,0,1,520620620193219589,2023-08-20,Cristalina,0,0.5031081,60210,14.7142857142857,85.57731,0,0,1,72.8886507142857,53.880869,17.3116881428571,21.1428571428571,2,,,,,17524,2019-08-04,5206206,Cristalina,GO,2019,32
1564272000000,201931,9.0,9,9,9,0.036317725,14.947683,0,1,520620620193119589,2023-08-20,Cristalina,0,0.4970377,60210,13.7142857142857,79.92182,0,0,1,65.355831,47.1138647142857,17.0259741428571,21.7142857142857,2,,,,,17524,2019-07-28,5206206,Cristalina,GO,2019,31
1563667200000,201930,15.0,15,15,15,0.10404434,24.912806,0,1,520620620193019589,2023-08-20,Cristalina,0,0.6635169,60210,13.4285714285714,83.0919731428571,0,0,1,73.9442892857143,60.1033567142857,16.0259738571429,19.2857142857143,2,,,,,17524,2019-07-21,5206206,Cristalina,GO,2019,30
1563062400000,201929,16.0,16,16,16,0.019759536,26.573658,0,4,520620620192919589,2023-08-20,Cristalina,0,0.53913367,60210,13.2857142857143,78.3096692857143,0,0,2,67.1946792857143,52.8261578571429,16.2597402857143,20.2857142857143,2,,,,,17524,2019-07-14,5206206,Cristalina,GO,2019,29
1562457600000,201928,26.0,26,26,26,0.0072318153,43.182194,0,4,520620620192819589,2023-08-20,Cristalina,0,0.5583269,60210,11.0,84.3199878571429,0,0,2,70.8505108571429,55.5645845714286,14.2077921428571,18.5714285714286,4,,,,,17524,2019-07-07,5206206,Cristalina,GO,2019,28
1561852800000,201927,21.0,21,21,21,3.23e-08,34.877926,0,4,520620620192719589,2023-08-20,Cristalina,0,0.29473397,60210,13.4285714285714,87.0082451428571,0,0,2,78.1196452857143,62.3600285714286,16.1181817142857,20.1428571428571,5,,,,,17524,2019-06-30,5206206,Cristalina,GO,2019,27
1561248000000,201926,39.0,39,39,39,1.438e-07,64.77329,0,4,520620620192619589,2023-08-20,Cristalina,0,0.39852855,60210,13.8571428571429,86.2513228571429,0,0,2,74.8542935714286,58.2690801428571,16.6363635714286,20.7142857142857,13,,,,,17524,2019-06-23,5206206,Cristalina,GO,2019,26
1560643200000,201925,80.0,80,80,80,0.0027708204,132.8683,0,4,520620620192519589,2023-08-20,Cristalina,0,0.67277384,60210,13.4285714285714,87.9628457142857,0,0,2,77.3012927142857,62.9884997142857,16.1168832857143,20.0,24,,,,,17524,2019-06-16,5206206,Cristalina,GO,2019,25
1560038400000,201924,83.0,83,83,83,0.005492526,137.85086,0,4,520620620192419589,2023-08-20,Cristalina,0,0.69764835,60210,14.7142857142857,88.9108057142857,0,0,2,76.6860707142857,64.6974814285714,17.83171,20.8571428571429,35,,,,,17524,2019-06-09,5206206,Cristalina,GO,2019,24
1559433600000,201923,151.0,151,151,151,0.9959508,250.78891,0,4,520620620192319589,2023-08-20,Cristalina,0,1.3915943,60210,15.7142857142857,89.61977,0,1,2,79.4126234285714,69.5694294285714,18.4935071428571,21.5714285714286,55,,,,,17524,2019-06-02,5206206,Cristalina,GO,2019,23
1558828800000,201922,116.0,116,116,116,0.89770454,192.65903,0,4,520620620192219589,2023-08-20,Cristalina,0,1.1896055,60210,16.4285714285714,92.1806434285714,0,0,2,83.0533162857143,69.060529,18.766234,22.2857142857143,58,,,,,17524,2019-05-26,5206206,Cristalina,GO,2019,22
1558224000000,201921,106.0,106,106,106,0.9223742,176.05049,0,4,520620620192119589,2023-08-20,Cristalina,0,1.2275759,60210,16.0,93.8726014285714,0,0,2,84.029065,69.5596885714286,18.496104,22.2857142857143,69,,,,,17524,2019-05-19,5206206,Cristalina,GO,2019,21
1557619200000,201920,105.0,105,105,105,0.98363495,174.38963,0,4,520620620192019589,2023-08-20,Cristalina,0,1.374907,60210,17.7142857142857,93.9574691428571,0,1,2,86.6759622857143,77.0606534285714,19.4727274285714,21.7142857142857,81,,,,,17524,2019-05-12,5206206,Cristalina,GO,2019,20
1557014400000,201919,78.0,78,78,78,0.8997017,129.54659,0,4,520620620191919589,2023-08-20,Cristalina,0,1.2406687,60210,18.5714285714286,94.8097285714286,1,0,2,84.4866135714286,71.0238592857143,20.9334417142857,24.0,52,,,,,17524,2019-05-05,5206206,Cristalina,GO,2019,19
1556409600000,201918,84.0,84,84,84,0.99789596,139.5117,0,4,520620620191819589,2023-08-20,Cristalina,0,1.6465509,60210,19.5714285714286,94.8872657142857,1,1,2,89.233367,78.6254758571429,20.8285717142857,23.1428571428571,58,,,,,17524,2019-04-28,5206206,Cristalina,GO,2019,18
1555804800000,201917,67.0,67,67,67,0.9657397,111.2772,0,4,520620620191719589,2023-08-20,Cristalina,0,1.407069,60210,18.4285714285714,95.7106234285714,1,1,2,88.5482148571429,81.288248,20.3966031428571,22.7142857142857,42,,,,,17524,2019-04-21,5206206,Cristalina,GO,2019,17
1555200000000,201916,34.0,34,34,34,0.13481186,56.469025,0,4,520620620191619589,2023-08-20,Cristalina,0,0.77868,60210,19.5714285714286,96.5757571428571,1,0,2,91.0609585714286,82.6224417142857,21.0499498571429,22.8571428571429,25,,,,,17524,2019-04-14,5206206,Cristalina,GO,2019,16
1554595200000,201915,59.0,59,59,59,0.9785338,97.990364,0,4,520620620191519589,2023-08-20,Cristalina,0,1.5087701,60210,19.7142857142857,98.2973257142857,1,1,2,92.1561428571429,84.2214247142857,20.8005414285714,22.4285714285714,36,,,,,17524,2019-04-07,5206206,Cristalina,GO,2019,15
1553990400000,201914,42.0,42,42,42,0.7098159,69.75585,0,4,520620620191419589,2023-08-20,Cristalina,0,1.1317637,60210,19.2857142857143,92.368972,1,0,2,86.1333492857143,75.171833,20.9000002857143,23.1428571428571,32,,,,,17524,2019-03-31,5206206,Cristalina,GO,2019,14
1553385600000,201913,35.0,35,35,35,0.57819676,58.12988,0,4,520620620191319589,2023-08-20,Cristalina,0,1.0485746,60210,19.8571428571429,95.6895477142857,1,0,2,90.6411265714286,85.54249,20.6363637142857,22.0,25,,,,,17524,2019-03-24,5206206,Cristalina,GO,2019,13
1552780800000,201912,40.0,40,40,40,0.9662181,66.43415,0,4,520620620191219589,2023-08-20,Cristalina,0,1.5761634,60210,19.5714285714286,96.5694357142857,1,1,2,90.6354621428571,83.27312,20.6064934285714,22.1428571428571,35,,,,,17524,2019-03-17,5206206,Cristalina,GO,2019,12
1552176000000,201911,37.0,37,37,37,0.9962099,61.451588,0,4,520620620191119589,2023-08-20,Cristalina,0,2.0982637,60210,20.1428571428571,89.9537328571429,0,1,2,84.7204107142857,75.8468071428571,21.2727271428571,23.2857142857143,17,,,,,17524,2019-03-10,5206206,Cristalina,GO,2019,11
1551571200000,201910,26.0,26,26,26,0.95133036,43.182194,0,2,520620620191019589,2023-08-20,Cristalina,0,1.678669,60210,18.1428571428571,97.4111857142857,1,1,2,91.5836028571428,86.1104091428572,19.6636362857143,20.7142857142857,15,,,,,17524,2019-03-03,5206206,Cristalina,GO,2019,10
1550966400000,201909,13.0,13,13,13,0.2704892,21.591097,0,2,520620620190919589,2023-08-20,Cristalina,0,0.7996982,60210,19.7142857142857,94.8479371428571,1,0,1,88.1935692857143,80.3762864285714,21.051948,22.4285714285714,4,,,,,17524,2019-02-24,5206206,Cristalina,GO,2019,9
1550361600000,201908,12.0,12,12,12,0.395864,19.930244,0,2,520620620190819589,2023-08-20,Cristalina,0,0.90182745,60210,19.4285714285714,93.9681185714286,1,0,1,88.9575744285714,81.75066,20.4155845714286,21.5714285714286,2,,,,,17524,2019-02-17,5206206,Cristalina,GO,2019,8
1549756800000,201907,22.0,22,22,22,0.9937315,36.53878,0,1,520620620190719589,2023-08-20,Cristalina,0,2.5530338,60210,19.7142857142857,92.4445057142857,1,1,2,86.3459728571429,79.1729835714286,21.1714285714286,22.7142857142857,6,,,,,17524,2019-02-10,5206206,Cristalina,GO,2019,7
1549152000000,201906,15.0,15,15,15,0.934257,24.912806,0,1,520620620190619589,2023-08-20,Cristalina,0,1.8833524,60210,19.7142857142857,94.2076642857143,1,0,1,79.4637761428571,61.1307278571429,22.5376981428571,27.4285714285714,5,,,,,17524,2019-02-03,5206206,Cristalina,GO,2019,6
1548547200000,201905,4.0,4,4,4,0.04244039,6.6434145,0,1,520620620190519589,2023-08-20,Cristalina,0,0.39298987,60210,18.1428571428571,84.3868708571429,0,0,0,59.4086522857143,35.8593115714286,24.2380954285714,29.8571428571429,0,,,,,17524,2019-01-27,5206206,Cristalina,GO,2019,5
1547942400000,201904,6.0,6,6,6,0.10612837,9.965122,0,1,520620620190419589,2023-08-20,Cristalina,0,0.54681116,60210,19.7142857142857,83.0639728571429,0,0,1,60.1835437142857,38.3832544285714,25.0297617142857,30.5714285714286,2,,,,,17524,2019-01-20,5206206,Cristalina,GO,2019,4
1547337600000,201903,13.0,13,13,13,0.7754735,21.591097,0,1,520620620190319589,2023-08-20,Cristalina,0,1.3706555,60210,18.8571428571429,87.4907005714286,0,0,1,68.945513,50.693095,23.3809522857143,28.1428571428571,4,,,,,17524,2019-01-13,5206206,Cristalina,GO,2019,3
1546732800000,201902,11.0,11,11,11,0.79550445,18.26939,0,2,520620620190219589,2023-08-20,Cristalina,0,1.459682,60210,18.5714285714286,91.609522,1,0,1,80.7433237142857,69.307483,20.4428571428571,22.4285714285714,6,,,,,17524,2019-01-06,5206206,Cristalina,GO,2019,2
1546128000000,201901,12.0,12,12,12,0.8962661,19.930244,0,2,520620620190119589,2023-08-20,Cristalina,0,1.7887808,60210,19.1428571428571,92.4099651428571,1,0,1,83.8881727142857,73.7355725714286,20.6857142857143,22.7142857142857,3,,,,,17524,2018-12-30,5206206,Cristalina,GO,2019,1
1545523200000,201852,3.0,3,3,3,0.22239883,4.982561,0,2,520620620185219589,2023-08-20,Cristalina,0,0.5949289,60210,19.0,94.0550488,1,0,0,84.4303552,67.689914,21.4538888,24.4,2,,,,,17524,2018-12-23,5206206,Cristalina,GO,2018,52
1544918400000,201851,11.0,11,11,11,0.9866273,18.26939,0,2,520620620185119589,2023-08-20,Cristalina,0,3.4739587,60210,19.2380952380952,94.3304172952381,1,1,1,,,,,2,,,,,17524,2018-12-16,5206206,Cristalina,GO,2018,51
1544313600000,201850,3.0,3,3,3,0.7582275,4.982561,0,2,520620620185019589,2023-08-20,Cristalina,0,1.8328652,60210,19.4761904761905,94.6057857904762,1,0,0,,,,,1,,,,,17524,2018-12-09,5206206,Cristalina,GO,2018,50
1543708800000,201849,4.0,4,4,4,0.94305795,6.6434145,0,1,520620620184919589,2023-08-20,Cristalina,0,4.2462335,60210,19.7142857142857,94.8811542857143,1,0,0,89.3434171428571,80.9390635714286,20.6674601428571,22.5714285714286,0,,,,,17524,2018-12-02,5206206,Cristalina,GO,2018,49
1543104000000,201848,1.0,1,1,1,0.5523122,1.6608536,0,1,520620620184819589,2023-08-20,Cristalina,0,1.1676184,60210,18.5714285714286,92.3061191428571,1,0,0,86.2330228571429,77.6836178571428,19.9178571428571,21.8571428571429,0,,,,,17524,2018-11-25,5206206,Cristalina,GO,2018,48
1542499200000,201847,0.0,0,0,0,0.0,0.0,0,1,520620620184719589,2023-08-20,Cristalina,0,0.0,60210,19.0,94.88671,0,0,0,88.9910134285714,79.793325,20.3813491428571,22.4285714285714,0,,,,,17524,2018-11-18,5206206,Cristalina,GO,2018,47
1541894400000,201846,2.0,2,2,2,0.9061687,3.3217072,0,1,520620620184619589,2023-08-20,Cristalina,0,4.843305,60210,18.8571428571429,97.4238985714286,1,0,0,91.2821378571429,81.5304237142857,20.1821424285714,22.2857142857143,0,,,,,17524,2018-11-11,5206206,Cristalina,GO,2018,46
1541289600000,201845,0.0,0,0,0,0.0,0.0,0,1,520620620184519589,2023-08-20,Cristalina,0,0.0,60210,19.1428571428571,96.5504714285714,0,0,0,90.7268385714286,82.5312428571429,19.904762,21.2857142857143,0,,,,,17524,2018-11-04,5206206,Cristalina,GO,2018,45
1540684800000,201844,0.0,0,0,0,0.0,0.0,0,1,520620620184419589,2023-08-20,Cristalina,0,0.0,60210,19.7142857142857,91.5414748571429,0,0,0,84.7162965714286,73.9152668571429,21.0162337142857,23.1428571428571,0,,,,,17524,2018-10-28,5206206,Cristalina,GO,2018,44
1540080000000,201843,1.0,1,1,1,0.39495212,1.6608536,0,1,520620620184319589,2023-08-20,Cristalina,0,0.7461293,60210,19.1428571428571,96.6209914285714,1,0,0,89.3454042857143,79.030422,20.5091991428571,22.7142857142857,1,,,,,17524,2018-10-21,5206206,Cristalina,GO,2018,43
1539475200000,201842,1.0,1,1,1,0.5031286,1.6608536,0,1,520620620184219589,2023-08-20,Cristalina,0,1.0090808,60210,18.0,100.0,0,0,0,89.99922,80.951455,20.068182,22.0,0,,,,,17524,2018-10-14,5206206,Cristalina,GO,2018,42
1538870400000,201841,2.0,2,2,2,0.8586089,3.3217072,0,1,520620620184119589,2023-08-20,Cristalina,0,3.3529534,60210,18.0,96.27173625,0,0,0,,,,,0,,,,,17524,2018-10-07,5206206,Cristalina,GO,2018,41
1538265600000,201840,1.0,1,1,1,0.701562,1.6608536,0,1,520620620184019589,2023-08-20,Cristalina,0,1.9555788,60210,18.0,92.5434725,0,0,0,81.64804125,69.39496,19.977273,22.0,0,,,,,17524,2018-09-30,5206206,Cristalina,GO,2018,40
1537660800000,201839,0.0,0,0,0,0.0,0.0,0,1,520620620183919589,2023-08-20,Cristalina,0,0.0,60210,15.1428571428571,92.1393,0,0,0,75.6999955714286,51.677306,18.7716451428571,23.4285714285714,0,,,,,17524,2018-09-23,5206206,Cristalina,GO,2018,39
1537056000000,201838,1.0,1,1,1,0.6158557,1.6608536,0,1,520620620183819589,2023-08-20,Cristalina,0,1.4299282,60210,15.8571428571429,99.1328242857143,0,0,0,90.2123874285714,73.5056512857143,18.3245671428571,21.8571428571429,0,,,,,17524,2018-09-16,5206206,Cristalina,GO,2018,38
1536451200000,201837,0.0,0,0,0,0.0,0.0,0,1,520620620183719589,2023-08-20,Cristalina,0,0.0,60210,12.8571428571429,82.8850302857143,0,0,0,65.2829797142857,44.3758081428571,16.6715364285714,21.5714285714286,0,,,,,17524,2018-09-09,5206206,Cristalina,GO,2018,37
1535846400000,201836,1.0,1,1,1,0.6887566,1.6608536,0,1,520620620183619589,2023-08-20,Cristalina,0,1.8589644,60210,13.0,85.4367364285714,0,0,0,67.8282804285714,48.7459614285714,17.1336582857143,22.0,0,,,,,17524,2018-09-02,5206206,Cristalina,GO,2018,36
1535241600000,201835,1.0,1,1,1,0.7304867,1.6608536,0,1,520620620183519589,2023-08-20,Cristalina,0,2.207164,60210,14.0,84.0712191428571,0,0,0,65.5264721428571,49.2310167142857,17.4128788571429,21.4285714285714,0,,,,,17524,2018-08-26,5206206,Cristalina,GO,2018,35
1534636800000,201834,0.0,0,0,0,0.0,0.0,0,1,520620620183419589,2023-08-20,Cristalina,0,0.0,60210,12.8571428571429,85.2993865714286,0,0,0,70.9141297142857,55.3196785714286,16.1650432857143,19.8571428571429,0,,,,,17524,2018-08-19,5206206,Cristalina,GO,2018,34
1534032000000,201833,1.0,1,1,1,0.9220307,1.6608536,0,1,520620620183319589,2023-08-20,Cristalina,0,8.538739,60210,12.2857142857143,85.5404807142857,0,0,0,66.3062278571429,43.2940031428571,16.411008,22.1428571428571,0,,,,,17524,2018-08-12,5206206,Cristalina,GO,2018,33
1533427200000,201832,0.0,0,0,0,0.0,0.0,0,1,520620620183219589,2023-08-20,Cristalina,0,0.0,60210,14.1428571428571,89.5315942857143,0,0,0,60.9638951428571,29.1533562857143,21.0119048571429,28.7142857142857,0,,,,,17524,2018-08-05,5206206,Cristalina,GO,2018,32
1532822400000,201831,0.0,0,0,0,0.0,0.0,0,1,520620620183119589,2023-08-20,Cristalina,0,0.0,60210,11.0,87.6890871428571,0,0,0,54.618591,21.6808644285714,19.5238094285714,28.4285714285714,0,,,,,17524,2018-07-29,5206206,Cristalina,GO,2018,31
1532217600000,201830,0.0,0,0,0,0.0,0.0,0,1,520620620183019589,2023-08-20,Cristalina,0,0.0,60210,9.28571428571429,88.3618034285714,0,0,0,57.3098288571429,26.7521431428571,17.0059525714286,25.1428571428571,0,,,,,17524,2018-07-22,5206206,Cristalina,GO,2018,30
1531612800000,201829,1.0,1,1,1,0.33997738,1.6608536,0,1,520620620182919589,2023-08-20,Cristalina,0,0.6424715,60210,10.5714285714286,89.2166221428571,0,0,0,65.9835537142857,40.7287048571429,16.2938312857143,22.7142857142857,0,,,,,17524,2018-07-15,5206206,Cristalina,GO,2018,29
1531008000000,201828,2.0,2,2,2,0.5880053,3.3217072,0,1,520620620182819589,2023-08-20,Cristalina,0,1.2319281,60210,11.1428571428571,90.231216,0,0,0,79.2669381428571,61.4436665714286,14.1899351428571,18.5714285714286,1,,,,,17524,2018-07-08,5206206,Cristalina,GO,2018,28
1530403200000,201827,2.0,2,2,2,0.48227975,3.3217072,0,1,520620620182719589,2023-08-20,Cristalina,0,0.96109027,60210,8.71428571428571,92.5800475714286,0,0,0,78.7596252857143,61.146714,12.4994588571429,17.0,1,,,,,17524,2018-07-01,5206206,Cristalina,GO,2018,27
1529798400000,201826,0.0,0,0,0,0.0,0.0,0,1,520620620182619589,2023-08-20,Cristalina,0,0.0,60210,9.57142857142857,90.122995,0,0,0,78.8331087142857,61.8806012857143,12.6138528571429,17.0,0,,,,,17524,2018-06-24,5206206,Cristalina,GO,2018,26
1529193600000,201825,4.0,4,4,4,0.65691185,6.6434145,0,1,520620620182519589,2023-08-20,Cristalina,0,1.3351674,60210,10.8571428571429,91.0082948571429,0,0,0,78.8835492857143,59.9280891428571,13.9464284285714,18.2857142857143,0,,,,,17524,2018-06-17,5206206,Cristalina,GO,2018,25
1528588800000,201824,1.0,1,1,1,0.0481356,1.6608536,0,1,520620620182419589,2023-08-20,Cristalina,0,0.22847994,60210,12.0,95.4712491428571,0,0,0,83.2826702857143,66.0816021428571,15.0308444285714,19.1428571428571,0,,,,,17524,2018-06-10,5206206,Cristalina,GO,2018,24
1527984000000,201823,2.0,2,2,2,0.12252378,3.3217072,0,1,520620620182319589,2023-08-20,Cristalina,0,0.41728455,60210,12.2857142857143,92.8212042857143,0,0,0,83.6093564285714,68.7794932857143,15.2126624285714,19.1428571428571,1,,,,,17524,2018-06-03,5206206,Cristalina,GO,2018,23
1527379200000,201822,6.0,6,6,6,0.649265,9.965122,0,1,520620620182219589,2023-08-20,Cristalina,0,1.2525215,60210,10.8571428571429,93.6589785714286,0,0,1,83.2202651428571,69.8190568571429,13.9925324285714,17.5714285714286,2,,,,,17524,2018-05-27,5206206,Cristalina,GO,2018,22
1526774400000,201821,5.0,5,5,5,0.34389928,8.304269,0,1,520620620182119589,2023-08-20,Cristalina,0,0.7936664,60210,12.8571428571429,94.6691857142857,0,0,1,84.9002027142857,69.2745392857143,15.5243505714286,19.5714285714286,0,,,,,17524,2018-05-20,5206206,Cristalina,GO,2018,21
1526169600000,201820,4.0,4,4,4,0.08420712,6.6434145,0,1,520620620182019589,2023-08-20,Cristalina,0,0.46082804,60210,12.4285714285714,94.6910357142857,0,0,0,69.71466,36.3938718571429,19.2023811428571,26.7142857142857,0,,,,,17524,2018-05-13,5206206,Cristalina,GO,2018,20
1525564800000,201819,4.0,4,4,4,0.087834336,6.6434145,0,1,520620620181919589,2023-08-20,Cristalina,0,0.4659465,60210,12.7142857142857,94.6480642857143,0,0,0,67.552808,37.4296558571429,19.4226188571429,26.0,1,,,,,17524,2018-05-06,5206206,Cristalina,GO,2018,19
1524960000000,201818,12.0,12,12,12,0.89868957,19.930244,0,1,520620620181819589,2023-08-20,Cristalina,0,1.8018491,60210,14.8571428571429,89.8055657142857,0,0,1,67.5512401428571,38.6471891428571,20.4583337142857,27.0,6,,,,,17524,2018-04-29,5206206,Cristalina,GO,2018,18
1524355200000,201817,10.0,10,10,10,0.81651306,16.608538,0,1,520620620181719589,2023-08-20,Cristalina,0,1.5506738,60210,15.5714285714286,93.0111654285714,0,0,1,74.7060045714286,46.9750641428571,20.3333334285714,26.4285714285714,2,,,,,17524,2018-04-22,5206206,Cristalina,GO,2018,17
1523750400000,201816,5.0,5,5,5,0.21600819,8.304269,0,1,520620620181619589,2023-08-20,Cristalina,0,0.6496072,60210,15.7142857142857,93.0175534285714,0,0,1,83.5250631428571,69.9775341428571,18.6961041428571,21.8571428571429,1,,,,,17524,2018-04-15,5206206,Cristalina,GO,2018,16
1523145600000,201815,4.0,4,4,4,0.17953035,6.6434145,0,1,520620620181519589,2023-08-20,Cristalina,0,0.58039695,60210,17.1428571428571,94.757966,0,0,0,88.9460402857143,82.464787,18.3544371428571,19.8571428571429,1,,,,,17524,2018-04-08,5206206,Cristalina,GO,2018,15
1522540800000,201814,11.0,11,11,11,0.9411405,18.26939,0,1,520620620181419589,2023-08-20,Cristalina,0,2.2043614,60210,18.1428571428571,94.0413757142857,1,0,1,86.8595385714286,76.5665478571429,19.7884197142857,21.8571428571429,5,,,,,17524,2018-04-01,5206206,Cristalina,GO,2018,14
1521936000000,201813,8.0,8,8,8,0.83821243,13.286829,0,1,520620620181319589,2023-08-20,Cristalina,0,1.727809,60210,17.5714285714286,90.8387157142857,0,0,1,80.9323821428572,71.2884814285714,19.5604977142857,22.0,2,,,,,17524,2018-03-25,5206206,Cristalina,GO,2018,13
1521331200000,201812,2.0,2,2,2,0.08544414,3.3217072,0,1,520620620181219589,2023-08-20,Cristalina,0,0.3672972,60210,17.8571428571429,96.5247668571429,0,0,0,86.3466601428571,76.319258,20.121212,22.5714285714286,0,,,,,17524,2018-03-18,5206206,Cristalina,GO,2018,12
1520726400000,201811,6.0,6,6,6,0.5274388,9.965122,0,2,520620620181119589,2023-08-20,Cristalina,0,1.0394816,60210,18.8571428571429,93.2236442857143,1,0,1,85.3534727142857,70.6755931428571,20.9327201428571,24.0,3,,,,,17524,2018-03-11,5206206,Cristalina,GO,2018,11
1520121600000,201810,3.0,3,3,3,0.28992116,4.982561,0,1,520620620181019589,2023-08-20,Cristalina,0,0.67883736,60210,18.6666666666667,93.9670533333333,1,0,0,84.1354466666667,76.0057316666667,20.004545,21.3333333333333,1,,,,,17524,2018-03-04,5206206,Cristalina,GO,2018,10
1519516800000,201809,11.0,11,11,11,0.97320807,18.26939,0,1,520620620180919589,2023-08-20,Cristalina,0,2.8079858,60210,18.4285714285714,91.5219485714286,1,1,1,75.254332,53.5405731428571,21.7639282857143,26.1428571428571,1,,,,,17524,2018-02-25,5206206,Cristalina,GO,2018,9
1518912000000,201808,0.0,0,0,0,0.0,0.0,0,1,520620620180819589,2023-08-20,Cristalina,0,0.0,60210,19.0,92.4215042857143,0,0,0,86.2730742857143,75.0327,20.2630951428571,22.0,0,,,,,17524,2018-02-18,5206206,Cristalina,GO,2018,8
1518307200000,201807,6.0,6,6,6,0.6197043,9.965122,0,1,520620620180719589,2023-08-20,Cristalina,0,1.1936216,60210,18.5714285714286,86.1030914285714,0,0,1,75.6478842857143,63.9317058571429,20.6,23.1428571428571,2,,,,,17524,2018-02-11,5206206,Cristalina,GO,2018,7
1517702400000,201806,2.0,2,2,2,0.11929273,3.3217072,0,1,520620620180619589,2023-08-20,Cristalina,0,0.41306975,60210,18.1428571428571,97.5495188571429,1,0,0,87.7539664285714,77.7775105714286,19.4515875714286,21.4285714285714,0,,,,,17524,2018-02-04,5206206,Cristalina,GO,2018,6
1517097600000,201805,8.0,8,8,8,0.80498093,13.286829,0,1,520620620180519589,2023-08-20,Cristalina,0,1.5958444,60210,19.4285714285714,94.0323171428571,1,0,1,87.810627,81.0663728571429,20.5428571428571,21.7142857142857,1,,,,,17524,2018-01-28,5206206,Cristalina,GO,2018,5
1516492800000,201804,3.0,3,3,3,0.23119628,4.982561,0,1,520620620180419589,2023-08-20,Cristalina,0,0.6056538,60210,18.4285714285714,86.0537834285714,0,0,0,68.2273435714286,44.8479174285714,21.5359211428571,26.1428571428571,0,,,,,17524,2018-01-21,5206206,Cristalina,GO,2018,4
1515888000000,201803,5.0,5,5,5,0.7041226,8.304269,0,1,520620620180319589,2023-08-20,Cristalina,0,1.4224354,60210,17.2857142857143,89.0138111428571,0,0,1,74.5576338571429,60.333589,20.0857142857143,23.1428571428571,2,,,,,17524,2018-01-14,5206206,Cristalina,GO,2018,3
1515283200000,201802,7.0,7,7,7,0.96298283,11.625976,0,1,520620620180219589,2023-08-20,Cristalina,0,3.4222722,60210,18.0,89.8707705714286,0,1,1,82.27582,75.7994037142857,19.5714285714286,21.2857142857143,1,,,,,17524,2018-01-07,5206206,Cristalina,GO,2018,2
1514678400000,201801,3.0,3,3,3,0.78315514,4.982561,0,1,520620620180119589,2023-08-20,Cristalina,0,1.9909909,60210,18.8571428571429,94.8225114285714,1,0,0,89.8873771428571,83.2528934285714,19.8428571428571,20.8571428571429,0,,,,,17524,2017-12-31,5206206,Cristalina,GO,2018,1
1514073600000,201752,1.0,1,1,1,0.40859425,1.6608536,0,1,520620620175219589,2023-08-20,Cristalina,0,0.77443784,60210,19.1428571428571,86.8635442857143,0,0,0,78.5883127142857,67.8196414285714,21.1888887142857,23.4285714285714,1,,,,,17524,2017-12-24,5206206,Cristalina,GO,2017,52
1513468800000,201751,2.0,2,2,2,0.6735549,3.3217072,0,1,520620620175119589,2023-08-20,Cristalina,0,1.5542083,60210,17.4285714285714,91.5223002857143,0,0,0,78.1993728571429,65.7363848571429,20.5313492857143,23.4285714285714,0,,,,,17524,2017-12-17,5206206,Cristalina,GO,2017,51
1512864000000,201750,1.0,1,1,1,0.3961305,1.6608536,0,2,520620620175019589,2023-08-20,Cristalina,0,0.74852973,60210,18.1666666666667,96.964804,1,0,0,91.1291156666667,81.1464446666667,19.0916666666667,21.0,0,,,,,17524,2017-12-10,5206206,Cristalina,GO,2017,50
1512259200000,201749,1.0,1,1,1,0.5207122,1.6608536,0,1,520620620174919589,2023-08-20,Cristalina,0,1.0622004,60210,19.5714285714286,90.7450285714286,1,0,0,83.419618,70.7765421428571,21.2270974285714,24.0,0,,,,,17524,2017-12-03,5206206,Cristalina,GO,2017,49
1511654400000,201748,2.0,2,2,2,0.90728647,3.3217072,0,1,520620620174819589,2023-08-20,Cristalina,0,4.895814,60210,18.5,93.907157,1,0,0,78.747975,61.0472205,21.041666,24.5,0,,,,,17524,2017-11-26,5206206,Cristalina,GO,2017,48
1511049600000,201747,1.0,1,1,1,0.7820582,1.6608536,0,1,520620620174719589,2023-08-20,Cristalina,0,2.819664,60210,17.975,91.84822725,0,0,0,,,,,0,,,,,17524,2017-11-19,5206206,Cristalina,GO,2017,47
1510444800000,201746,0.0,0,0,0,0.0,0.0,0,1,520620620174619589,2023-08-20,Cristalina,0,0.0,60210,17.45,89.7892975,0,0,0,,,,,0,,,,,17524,2017-11-12,5206206,Cristalina,GO,2017,46
1509840000000,201745,0.0,0,0,0,0.0,0.0,0,1,520620620174519589,2023-08-20,Cristalina,0,0.0,60210,16.925,87.73036775,0,0,0,,,,,0,,,,,17524,2017-11-05,5206206,Cristalina,GO,2017,45
1509235200000,201744,1.0,1,1,1,0.43614775,1.6608536,0,1,520620620174419589,2023-08-20,Cristalina,0,0.8353444,60210,16.4,85.671438,0,0,0,,,,,0,,,,,17524,2017-10-29,5206206,Cristalina,GO,2017,44
1508630400000,201743,1.0,1,1,1,0.39837343,1.6608536,0,1,520620620174319589,2023-08-20,Cristalina,0,0.7531217,60210,15.875,83.61250825,0,0,0,,,,,0,,,,,17524,2017-10-22,5206206,Cristalina,GO,2017,43
1508025600000,201742,1.0,1,1,1,0.3012897,1.6608536,0,1,520620620174219589,2023-08-20,Cristalina,0,0.5777753,60210,15.35,81.5535785,0,0,0,,,,,0,,,,,17524,2017-10-15,5206206,Cristalina,GO,2017,42
1507420800000,201741,2.0,2,2,2,0.34728283,3.3217072,0,1,520620620174119589,2023-08-20,Cristalina,0,0.7183781,60210,14.825,79.49464875,0,0,0,,,,,0,,,,,17524,2017-10-08,5206206,Cristalina,GO,2017,41
1506816000000,201740,0.0,0,0,0,0.0,0.0,0,1,520620620174019589,2023-08-20,Cristalina,0,0.0,60210,14.3,77.435719,0,0,0,,,,,0,,,,,17524,2017-10-01,5206206,Cristalina,GO,2017,40
1506211200000,201739,4.0,4,4,4,0.77833897,6.6434145,0,1,520620620173919589,2023-08-20,Cristalina,0,1.7952218,60210,13.775,75.37678925,0,0,0,,,,,0,,,,,17524,2017-09-24,5206206,Cristalina,GO,2017,39
1505606400000,201738,4.0,4,4,4,0.92179006,6.6434145,0,1,520620620173819589,2023-08-20,Cristalina,0,3.4688823,60210,13.25,73.3178595,0,0,0,,,,,0,,,,,17524,2017-09-17,5206206,Cristalina,GO,2017,38
1505001600000,201737,2.0,2,2,2,0.857401,3.3217072,0,1,520620620173719589,2023-08-20,Cristalina,0,3.327484,60210,12.725,71.25892975,0,0,0,,,,,0,,,,,17524,2017-09-10,5206206,Cristalina,GO,2017,37
1504396800000,201736,1.0,1,1,1,0.67371935,1.6608536,0,1,520620620173619589,2023-08-20,Cristalina,0,1.7550622,60210,12.2,69.2,0,0,0,53.9321426,38.8,15.7285714,19.6,1,,,,,17524,2017-09-03,5206206,Cristalina,GO,2017,36
1503792000000,201735,0.0,0,0,0,0.0,0.0,0,1,520620620173519589,2023-08-20,Cristalina,0,0.0,60210,13.1428571428571,64.7142857142857,0,0,0,51.4603174285714,36.4285714285714,15.5178571428571,18.7142857142857,0,,,,,17524,2017-08-27,5206206,Cristalina,GO,2017,35
1503187200000,201734,1.0,1,1,1,0.3949517,1.6608536,0,1,520620620173419589,2023-08-20,Cristalina,0,0.74612844,60210,15.2857142857143,72.4285714285714,0,0,0,63.3015871428571,52.8571428571429,17.1726191428571,19.1428571428571,0,,,,,17524,2017-08-20,5206206,Cristalina,GO,2017,34
1502582400000,201733,0.0,0,0,0,0.0,0.0,0,1,520620620173319589,2023-08-20,Cristalina,0,0.0,60210,13.5714285714286,64.5714285714286,0,0,0,54.4107142857143,41.5714285714286,16.0694444285714,19.2857142857143,0,,,,,17524,2017-08-13,5206206,Cristalina,GO,2017,33
1501977600000,201732,2.0,2,2,2,0.7923455,3.3217072,0,1,520620620173219589,2023-08-20,Cristalina,0,2.3712656,60210,14.0,72.1428571428571,0,0,0,63.6488091428571,53.0,15.6130952857143,17.7142857142857,0,,,,,17524,2017-08-06,5206206,Cristalina,GO,2017,32
1501372800000,201731,2.0,2,2,2,0.84773546,3.3217072,0,1,520620620173119589,2023-08-20,Cristalina,0,3.1374178,60210,10.7142857142857,78.0,0,0,0,68.2678571428571,57.8571428571429,12.4821428571429,14.8571428571429,0,,,,,17524,2017-07-30,5206206,Cristalina,GO,2017,31
1500768000000,201730,0.0,0,0,0,0.0,0.0,0,1,520620620173019589,2023-08-20,Cristalina,0,0.0,60210,11.0,74.1428571428571,0,0,0,64.8333337142857,53.2857142857143,12.9033447142857,15.8571428571429,0,,,,,17524,2017-07-23,5206206,Cristalina,GO,2017,30
1500163200000,201729,1.0,1,1,1,0.2139512,1.6608536,0,1,520620620172919589,2023-08-20,Cristalina,0,0.44950965,60210,10.1428571428571,81.4285714285714,0,0,0,71.2678571428571,61.0,12.3392857142857,14.7142857142857,1,,,,,17524,2017-07-16,5206206,Cristalina,GO,2017,29
1499558400000,201728,0.0,0,0,0,0.0,0.0,0,1,520620620172819589,2023-08-20,Cristalina,0,0.0,60210,12.4285714285714,80.8571428571429,0,0,0,71.7099201428571,62.0,13.7638888571429,15.1428571428571,0,,,,,17524,2017-07-09,5206206,Cristalina,GO,2017,28
1498953600000,201727,2.0,2,2,2,0.3256954,3.3217072,0,1,520620620172719589,2023-08-20,Cristalina,0,0.6859078,60210,11.2857142857143,77.0,0,0,0,70.051588,61.4285714285714,12.515873,14.0,2,,,,,17524,2017-07-02,5206206,Cristalina,GO,2017,27
1498348800000,201726,5.0,5,5,5,0.7739049,8.304269,0,1,520620620172619589,2023-08-20,Cristalina,0,1.6686593,60210,13.2857142857143,77.5714285714286,0,0,1,66.5651928571429,55.2857142857143,15.3472221428571,16.8571428571429,4,,,,,17524,2017-06-25,5206206,Cristalina,GO,2017,26
1497744000000,201725,3.0,3,3,3,0.26420265,4.982561,0,1,520620620172519589,2023-08-20,Cristalina,0,0.64636326,60210,12.7142857142857,80.8571428571429,0,0,0,73.7301592857143,65.7142857142857,14.156746,16.1428571428571,3,,,,,17524,2017-06-18,5206206,Cristalina,GO,2017,25
1497139200000,201724,0.0,0,0,0,0.0,0.0,0,1,520620620172419589,2023-08-20,Cristalina,0,0.0,60210,14.2857142857143,89.8571428571429,0,0,0,80.9348071428571,69.2857142857143,16.1686507142857,18.8571428571429,0,,,,,17524,2017-06-11,5206206,Cristalina,GO,2017,24
1496534400000,201723,7.0,7,7,7,0.4447412,11.625976,0,1,520620620172319589,2023-08-20,Cristalina,0,0.93156093,60210,15.1428571428571,94.0,0,0,1,88.2103171428571,81.2857142857143,16.6805557142857,18.5714285714286,3,,,,,17524,2017-06-04,5206206,Cristalina,GO,2017,23
1495929600000,201722,5.0,5,5,5,0.19538713,8.304269,0,1,520620620172219589,2023-08-20,Cristalina,0,0.6267171,60210,16.8571428571429,93.1428571428571,0,0,1,86.6031742857143,79.8571428571429,18.3988094285714,20.1428571428571,1,,,,,17524,2017-05-28,5206206,Cristalina,GO,2017,22
1495324800000,201721,8.0,8,8,8,0.5293401,13.286829,0,1,520620620172119589,2023-08-20,Cristalina,0,1.0368243,60210,18.0,95.0,0,0,1,91.1206342857143,85.2857142857143,19.0083334285714,20.4285714285714,2,,,,,17524,2017-05-21,5206206,Cristalina,GO,2017,21
1494720000000,201720,10.0,10,10,10,0.6551303,16.608538,0,1,520620620172019589,2023-08-20,Cristalina,0,1.2003804,60210,17.0,97.4285714285714,0,0,1,89.9309864285714,79.7142857142857,18.9165981428571,20.8571428571429,4,,,,,17524,2017-05-14,5206206,Cristalina,GO,2017,20
1494115200000,201719,5.0,5,5,5,0.096301526,8.304269,0,1,520620620171919589,2023-08-20,Cristalina,0,0.50881195,60210,16.0,89.0,0,0,1,79.252551,69.5714285714286,17.7653061428571,20.1428571428571,2,,,,,17524,2017-05-07,5206206,Cristalina,GO,2017,19
1493510400000,201718,10.0,10,10,10,0.36975223,16.608538,0,1,520620620171819589,2023-08-20,Cristalina,0,0.86867255,60210,16.8571428571429,94.8571428571429,0,0,1,84.5280614285714,75.2857142857143,18.9260202857143,20.7142857142857,3,,,,,17524,2017-04-30,5206206,Cristalina,GO,2017,18
1492905600000,201717,7.0,7,7,7,0.08457452,11.625976,0,1,520620620171719589,2023-08-20,Cristalina,0,0.5398813,60210,19.2857142857143,96.5714285714286,1,0,1,91.2924264285714,82.4285714285714,20.4856175714286,22.4285714285714,2,,,,,17524,2017-04-23,5206206,Cristalina,GO,2017,17
1492300800000,201716,16.0,16,16,16,0.5728067,26.573658,0,1,520620620171619589,2023-08-20,Cristalina,0,1.0672294,60210,18.4285714285714,91.7142857142857,1,0,2,85.4999984285714,75.8571428571429,19.9875282857143,21.8571428571429,7,,,,,17524,2017-04-16,5206206,Cristalina,GO,2017,16
1491696000000,201715,7.0,7,7,7,0.06348077,11.625976,0,1,520620620171519589,2023-08-20,Cristalina,0,0.5092862,60210,17.8571428571429,92.4285714285714,0,0,1,80.7494321428571,65.1428571428571,20.2063492857143,23.0,4,,,,,17524,2017-04-09,5206206,Cristalina,GO,2017,15
1491091200000,201714,21.0,21,21,21,0.9737785,34.877926,0,1,520620620171419589,2023-08-20,Cristalina,0,2.0212576,60210,18.0,94.0,0,1,2,87.0733742857143,78.4285714285714,19.8468507142857,21.8571428571429,6,,,,,17524,2017-04-02,5206206,Cristalina,GO,2017,14
1490486400000,201713,15.0,15,15,15,0.9405779,24.912806,0,2,520620620171319589,2023-08-20,Cristalina,0,1.9322133,60210,18.5714285714286,97.4285714285714,1,0,1,90.9754791428571,81.1428571428571,19.875263,21.2857142857143,1,,,,,17524,2017-03-26,5206206,Cristalina,GO,2017,13
1489881600000,201712,7.0,7,7,7,0.7023507,11.625976,0,1,520620620171219589,2023-08-20,Cristalina,0,1.343484,60210,18.2857142857143,96.5714285714286,1,0,1,89.9855434285714,80.5714285714286,19.6284012857143,21.7142857142857,2,,,,,17524,2017-03-19,5206206,Cristalina,GO,2017,12
1489276800000,201711,11.0,11,11,11,0.9491205,18.26939,0,1,520620620171119589,2023-08-20,Cristalina,0,2.3064065,60210,18.2857142857143,92.7142857142857,1,0,1,82.5025514285714,69.1428571428571,21.0408164285714,23.4285714285714,3,,,,,17524,2017-03-12,5206206,Cristalina,GO,2017,11
1488672000000,201710,3.0,3,3,3,0.08274993,4.982561,0,1,520620620171019589,2023-08-20,Cristalina,0,0.41850248,60210,20.2857142857143,90.0,0,0,0,80.1154762857143,67.0,22.0928571428571,24.1428571428571,2,,,,,17524,2017-03-05,5206206,Cristalina,GO,2017,10
1488067200000,201709,2.0,2,2,2,0.01667047,3.3217072,0,1,520620620170919589,2023-08-20,Cristalina,0,0.24194261,60210,18.0,97.1428571428571,0,0,0,89.6066791428571,80.1428571428571,19.7307515714286,21.4285714285714,0,,,,,17524,2017-02-26,5206206,Cristalina,GO,2017,9
1487462400000,201708,8.0,8,8,8,0.6583653,13.286829,0,2,520620620170819589,2023-08-20,Cristalina,0,1.2321751,60210,19.5714285714286,90.5714285714286,1,0,1,82.4666671428571,71.5714285714286,21.470238,23.4285714285714,1,,,,,17524,2017-02-19,5206206,Cristalina,GO,2017,8
1486857600000,201707,13.0,13,13,13,0.9552984,21.591097,0,2,520620620170719589,2023-08-20,Cristalina,0,2.210885,60210,19.1428571428571,94.8571428571429,1,1,1,84.2842971428571,67.0,20.8106578571429,22.5714285714286,7,,,,,17524,2017-02-12,5206206,Cristalina,GO,2017,7
1486252800000,201706,3.0,3,3,3,0.124970436,4.982561,0,2,520620620170619589,2023-08-20,Cristalina,0,0.47534803,60210,19.5714285714286,95.7142857142857,1,0,0,90.7521895714286,79.7142857142857,20.9316501428571,23.1428571428571,1,,,,,17524,2017-02-05,5206206,Cristalina,GO,2017,6
1485648000000,201705,5.0,5,5,5,0.46067178,8.304269,0,2,520620620170519589,2023-08-20,Cristalina,0,0.9426348,60210,19.5714285714286,90.7142857142857,1,0,1,83.3244995714286,74.4285714285714,21.0728368571429,22.8571428571429,1,,,,,17524,2017-01-29,5206206,Cristalina,GO,2017,5
1485043200000,201704,9.0,9,9,9,0.91719913,14.947683,0,2,520620620170419589,2023-08-20,Cristalina,0,2.1492784,60210,18.7142857142857,96.0,1,0,1,85.9585037142857,73.8571428571429,20.4312927142857,23.0,3,,,,,17524,2017-01-22,5206206,Cristalina,GO,2017,4
1484438400000,201703,5.0,5,5,5,0.6997958,8.304269,0,1,520620620170319589,2023-08-20,Cristalina,0,1.4098438,60210,18.7142857142857,94.8571428571429,1,0,1,85.686888,66.5714285714286,20.707794,23.4285714285714,0,,,,,17524,2017-01-15,5206206,Cristalina,GO,2017,3
1483833600000,201702,2.0,2,2,2,0.5452149,3.3217072,0,1,520620620170219589,2023-08-20,Cristalina,0,1.1100153,60210,19.8571428571429,90.7142857142857,1,0,0,83.31172,68.8571428571429,21.6940901428571,23.7142857142857,0,,,,,17524,2017-01-08,5206206,Cristalina,GO,2017,2
1483228800000,201701,7.0,7,7,7,0.99860114,11.625976,0,1,520620620170119589,2023-08-20,Cristalina,0,18.521618,60210,19.7142857142857,87.4285714285714,0,1,1,72.289117,56.2857142857143,22.7341267142857,25.7142857142857,3,,,,,17524,2017-01-01,5206206,Cristalina,GO,2017,1
1482624000000,201652,0.0,0,0,0,0.0,0.0,0,1,520620620165219589,2023-08-20,Cristalina,0,0.0,60210,19.0,92.2857142857143,0,0,0,77.8925728571429,62.8571428571429,21.828456,24.7142857142857,0,,,,,17524,2016-12-25,5206206,Cristalina,GO,2016,52
1482019200000,201651,0.0,0,0,0,0.0,0.0,0,1,520620620165119589,2023-08-20,Cristalina,0,0.0,60210,20.1428571428571,85.2857142857143,0,0,0,74.4387757142857,61.2857142857143,22.1479591428571,24.5714285714286,0,,,,,17524,2016-12-18,5206206,Cristalina,GO,2016,51
1481414400000,201650,0.0,0,0,0,0.0,0.0,0,1,520620620165019589,2023-08-20,Cristalina,0,0.0,60210,19.7142857142857,95.7142857142857,0,0,0,89.082014,79.2857142857143,20.8965221428571,22.4285714285714,0,,,,,17524,2016-12-11,5206206,Cristalina,GO,2016,50
1480809600000,201649,0.0,0,0,0,0.0,0.0,0,1,520620620164919589,2023-08-20,Cristalina,0,0.0,60210,20.0,92.2857142857143,0,0,0,85.1367972857143,72.5714285714286,21.5807042857143,23.8571428571429,0,,,,,17524,2016-12-04,5206206,Cristalina,GO,2016,49
1480204800000,201648,0.0,0,0,0,0.0,0.0,0,1,520620620164819589,2023-08-20,Cristalina,0,0.0,60210,18.7142857142857,95.7142857142857,0,0,0,87.5812262857143,75.5714285714286,21.4258894285714,24.5714285714286,0,,,,,17524,2016-11-27,5206206,Cristalina,GO,2016,48
1479600000000,201647,0.0,0,0,0,0.0,0.0,0,1,520620620164719589,2023-08-20,Cristalina,0,0.0,60210,19.1666666666667,98.0,0,0,0,89.8182611666667,81.1666666666667,20.6537588333333,22.5,0,,,,,17524,2016-11-20,5206206,Cristalina,GO,2016,47
1478995200000,201646,0.0,0,0,0,0.0,0.0,0,1,520620620164619589,2023-08-20,Cristalina,0,0.0,60210,19.0,98.2857142857143,0,0,0,88.4113421428571,76.4285714285714,20.5806982857143,22.7142857142857,0,,,,,17524,2016-11-13,5206206,Cristalina,GO,2016,46
1478390400000,201645,0.0,0,0,0,0.0,0.0,0,1,520620620164519589,2023-08-20,Cristalina,0,0.0,60210,19.2857142857143,94.1428571428571,0,0,0,86.5108848571429,75.7142857142857,20.9880951428571,23.1428571428571,0,,,,,17524,2016-11-06,5206206,Cristalina,GO,2016,45
1477785600000,201644,0.0,0,0,0,0.0,0.0,0,1,520620620164419589,2023-08-20,Cristalina,0,0.0,60210,19.8571428571429,93.4285714285714,0,0,0,85.7820195714286,75.5714285714286,21.1360837142857,22.4285714285714,0,,,,,17524,2016-10-30,5206206,Cristalina,GO,2016,44
1477180800000,201643,0.0,0,0,0,0.0,0.0,0,1,520620620164319589,2023-08-20,Cristalina,0,0.0,60210,19.2857142857143,87.0,0,0,0,76.2435685714286,62.8571428571429,21.2112748571429,23.7142857142857,0,,,,,17524,2016-10-23,5206206,Cristalina,GO,2016,43
1476576000000,201642,0.0,0,0,0,0.0,0.0,0,1,520620620164219589,2023-08-20,Cristalina,0,0.0,60210,20.2857142857143,80.4285714285714,0,0,0,71.1638888571429,58.2857142857143,21.9146827142857,24.2857142857143,0,,,,,17524,2016-10-16,5206206,Cristalina,GO,2016,42
1475971200000,201641,0.0,0,0,0,0.0,0.0,0,1,520620620164119589,2023-08-20,Cristalina,0,0.0,60210,20.1428571428571,75.2857142857143,0,0,0,67.3004545714286,55.7142857142857,21.5955212857143,23.5714285714286,0,,,,,17524,2016-10-09,5206206,Cristalina,GO,2016,41
1475366400000,201640,0.0,0,0,0,0.0,0.0,0,1,520620620164019589,2023-08-20,Cristalina,0,0.0,60210,18.0,90.7142857142857,0,0,0,80.3370985714286,68.4285714285714,20.0352565714286,22.2857142857143,0,,,,,17524,2016-10-02,5206206,Cristalina,GO,2016,40
1474761600000,201639,0.0,0,0,0,0.0,0.0,0,1,520620620163919589,2023-08-20,Cristalina,0,0.0,60210,17.7142857142857,94.0,0,0,0,84.3971092857143,72.5714285714286,19.8089564285714,22.8571428571429,0,,,,,17524,2016-09-25,5206206,Cristalina,GO,2016,39
1474156800000,201638,0.0,0,0,0,0.0,0.0,0,1,520620620163819589,2023-08-20,Cristalina,0,0.0,60210,18.2857142857143,80.1428571428571,0,0,0,68.0518615714286,53.7142857142857,20.0165567142857,22.8571428571429,0,,,,,17524,2016-09-18,5206206,Cristalina,GO,2016,38
1473552000000,201637,0.0,0,0,0,0.0,0.0,0,1,520620620163719589,2023-08-20,Cristalina,0,0.0,60210,14.7142857142857,73.5714285714286,0,0,0,59.3626411428571,44.1428571428571,17.8866214285714,21.1428571428571,0,,,,,17524,2016-09-11,5206206,Cristalina,GO,2016,37
1472947200000,201636,0.0,0,0,0,0.0,0.0,0,1,520620620163619589,2023-08-20,Cristalina,0,0.0,60210,14.5714285714286,73.5714285714286,0,0,0,59.6295342857143,46.8571428571429,17.3146257142857,20.4285714285714,0,,,,,17524,2016-09-04,5206206,Cristalina,GO,2016,36
1472342400000,201635,0.0,0,0,0,0.0,0.0,0,1,520620620163519589,2023-08-20,Cristalina,0,0.0,60210,15.2857142857143,79.0,0,0,0,61.1159295714286,42.4285714285714,19.5615075714286,23.8571428571429,0,,,,,17524,2016-08-28,5206206,Cristalina,GO,2016,35
1471737600000,201634,0.0,0,0,0,0.0,0.0,0,1,520620620163419589,2023-08-20,Cristalina,0,0.0,60210,13.4285714285714,85.0,0,0,0,70.3480991428571,54.7142857142857,17.0159275714286,21.0,0,,,,,17524,2016-08-21,5206206,Cristalina,GO,2016,34
1471132800000,201633,0.0,0,0,0,0.0,0.0,0,1,520620620163319589,2023-08-20,Cristalina,0,0.0,60210,16.4285714285714,78.7142857142857,0,0,0,68.9680478571429,58.4285714285714,18.7260538571429,20.8571428571429,0,,,,,17524,2016-08-14,5206206,Cristalina,GO,2016,33
1470528000000,201632,0.0,0,0,0,0.0,0.0,0,1,520620620163219589,2023-08-20,Cristalina,0,0.0,60210,13.4285714285714,74.1428571428571,0,0,0,61.0568771428571,47.4285714285714,16.3796294285714,20.1428571428571,0,,,,,17524,2016-08-07,5206206,Cristalina,GO,2016,32
1469923200000,201631,1.0,1,1,1,0.3008392,1.6608536,0,1,520620620163119589,2023-08-20,Cristalina,0,0.5770555,60210,11.8571428571429,83.8571428571429,0,0,0,67.3651914285714,49.7142857142857,15.1477325714286,18.8571428571429,1,,,,,17524,2016-07-31,5206206,Cristalina,GO,2016,31
1469318400000,201630,0.0,0,0,0,0.0,0.0,0,1,520620620163019589,2023-08-20,Cristalina,0,0.0,60210,12.4285714285714,79.1428571428571,0,0,0,65.7624717142857,53.7142857142857,15.5039682857143,18.5714285714286,0,,,,,17524,2016-07-24,5206206,Cristalina,GO,2016,30
1468713600000,201629,3.0,3,3,3,0.3340887,4.982561,0,1,520620620162919589,2023-08-20,Cristalina,0,0.7368442,60210,11.7142857142857,83.0,0,0,0,69.3151912857143,55.1428571428571,14.6000565714286,17.8571428571429,1,,,,,17524,2016-07-17,5206206,Cristalina,GO,2016,29
1468108800000,201628,1.0,1,1,1,0.006135545,1.6608536,0,1,520620620162819589,2023-08-20,Cristalina,0,0.13608047,60210,10.2857142857143,89.4285714285714,0,0,0,75.4257362857143,57.1428571428571,13.4325398571429,17.4285714285714,1,,,,,17524,2016-07-10,5206206,Cristalina,GO,2016,28
1467504000000,201627,4.0,4,4,4,0.023141375,6.6434145,0,1,520620620162719589,2023-08-20,Cristalina,0,0.3495894,60210,14.1428571428571,82.7142857142857,0,0,0,71.2820285714286,56.2857142857143,16.170068,18.8571428571429,3,,,,,17524,2016-07-03,5206206,Cristalina,GO,2016,27
1466899200000,201626,5.0,5,5,5,0.009225179,8.304269,0,1,520620620162619589,2023-08-20,Cristalina,0,0.33147755,60210,12.2857142857143,88.8571428571429,0,0,1,74.8065812857143,57.2857142857143,14.41523,17.0,5,,,,,17524,2016-06-26,5206206,Cristalina,GO,2016,26
1466294400000,201625,15.0,15,15,15,0.26701415,24.912806,0,1,520620620162519589,2023-08-20,Cristalina,0,0.8084457,60210,11.8571428571429,94.0,0,0,1,80.1425732857143,66.1428571428571,14.3024375714286,17.2857142857143,10,,,,,17524,2016-06-19,5206206,Cristalina,GO,2016,25
1465689600000,201624,11.0,11,11,11,0.028591396,18.26939,0,1,520620620162419589,2023-08-20,Cristalina,0,0.5087653,60210,11.5714285714286,94.8571428571429,0,0,1,84.1095234285714,70.8571428571429,14.0441041428571,16.8571428571429,7,,,,,17524,2016-06-12,5206206,Cristalina,GO,2016,24
1465084800000,201623,24.0,24,24,24,0.29065794,39.86049,0,4,520620620162319589,2023-08-20,Cristalina,0,0.8589648,60210,14.7142857142857,96.7142857142857,0,0,2,85.0391148571429,71.2857142857143,17.3015871428571,20.2857142857143,19,,,,,17524,2016-06-05,5206206,Cristalina,GO,2016,23
1464480000000,201622,16.0,16,16,16,0.0019777117,26.573658,0,4,520620620162219589,2023-08-20,Cristalina,0,0.4393975,60210,13.0,93.1428571428571,0,0,2,81.6394545714286,68.4285714285714,15.8486394285714,18.8571428571429,13,,,,,17524,2016-05-29,5206206,Cristalina,GO,2016,22
1463875200000,201621,27.0,27,27,27,0.027406415,44.84305,0,4,520620620162119589,2023-08-20,Cristalina,0,0.62956625,60210,15.4285714285714,95.7142857142857,0,0,2,82.2964865714286,67.5714285714286,18.0731294285714,20.8571428571429,21,,,,,17524,2016-05-22,5206206,Cristalina,GO,2016,21
1463270400000,201620,39.0,39,39,39,0.3181215,64.77329,0,4,520620620162019589,2023-08-20,Cristalina,0,0.9013775,60210,17.8571428571429,94.0,0,0,2,85.986962,74.7142857142857,19.2891154285714,21.4285714285714,37,,,,,17524,2016-05-15,5206206,Cristalina,GO,2016,20
1462665600000,201619,43.0,43,43,43,0.7293355,71.41671,0,4,520620620161919589,2023-08-20,Cristalina,0,1.1451839,60210,15.5714285714286,88.1428571428571,0,0,2,75.1598618571429,59.2857142857143,18.2619048571429,21.4285714285714,38,,,,,17524,2016-05-08,5206206,Cristalina,GO,2016,19
1462060800000,201618,54.0,54,54,54,0.9815606,89.6861,0,4,520620620161819589,2023-08-20,Cristalina,0,1.5636057,60210,15.4285714285714,94.0,0,1,2,81.981576,68.7142857142857,17.8897392857143,20.8571428571429,48,,,,,17524,2016-05-01,5206206,Cristalina,GO,2016,18
1461456000000,201617,30.0,30,30,30,0.26109713,49.82561,0,4,520620620161719589,2023-08-20,Cristalina,0,0.853996,60210,17.0,94.0,0,0,2,85.6716438571429,68.8571428571429,18.850505,21.7142857142857,27,,,,,17524,2016-04-24,5206206,Cristalina,GO,2016,17
1460851200000,201616,33.0,33,33,33,0.3681449,54.80817,0,4,520620620161619589,2023-08-20,Cristalina,0,0.92241657,60210,16.5714285714286,88.0,0,0,2,67.2322385714286,43.1428571428571,20.5540441428571,24.8571428571429,18,,,,,17524,2016-04-17,5206206,Cristalina,GO,2016,16
1460246400000,201615,38.0,38,38,38,0.49531385,63.11244,0,4,520620620161519589,2023-08-20,Cristalina,0,0.99732524,60210,16.2857142857143,89.0,0,0,2,58.2568032857143,24.5714285714286,22.7471658571429,28.7142857142857,27,,,,,17524,2016-04-10,5206206,Cristalina,GO,2016,15
1459641600000,201614,34.0,34,34,34,0.12050574,56.469025,0,4,520620620161419589,2023-08-20,Cristalina,0,0.76741374,60210,17.1428571428571,91.5714285714286,0,0,2,80.3276642857143,66.1428571428571,19.5107708571429,22.5714285714286,17,,,,,17524,2016-04-03,5206206,Cristalina,GO,2016,14
1459036800000,201613,36.0,36,36,36,0.05036106,59.790733,0,4,520620620161319589,2023-08-20,Cristalina,0,0.7029113,60210,16.4285714285714,96.5714285714286,0,0,2,87.1434238571429,76.0,18.3407027142857,20.5714285714286,21,,,,,17524,2016-03-27,5206206,Cristalina,GO,2016,13
1458432000000,201612,42.0,42,42,42,0.19716617,69.75585,0,4,520620620161219589,2023-08-20,Cristalina,0,0.8377607,60210,17.4285714285714,96.5714285714286,0,0,2,89.8616778571429,80.2857142857143,18.929705,20.8571428571429,29,,,,,17524,2016-03-20,5206206,Cristalina,GO,2016,12
1457827200000,201611,56.0,56,56,56,0.95680857,93.007805,0,4,520620620161119589,2023-08-20,Cristalina,0,1.4223942,60210,17.2857142857143,95.8571428571429,0,1,2,87.914682,77.1428571428571,19.1309525714286,21.5714285714286,22,,,,,17524,2016-03-13,5206206,Cristalina,GO,2016,11
1457222400000,201610,61.0,61,61,61,0.99977076,101.31207,0,4,520620620161019589,2023-08-20,Cristalina,0,2.1471303,60210,19.7142857142857,99.1428571428571,1,1,2,90.8820865714286,80.0,20.6164965714286,22.0,22,,,,,17524,2016-03-06,5206206,Cristalina,GO,2016,10
1456617600000,201609,35.0,35,35,35,0.9788102,58.12988,0,4,520620620160919589,2023-08-20,Cristalina,0,1.7380644,60210,19.0,95.7142857142857,1,1,2,88.2529098571429,76.7142857142857,20.6726508571429,22.4285714285714,16,,,,,17524,2016-02-28,5206206,Cristalina,GO,2016,9
1456012800000,201608,26.0,26,26,26,0.9867448,43.182194,0,4,520620620160819589,2023-08-20,Cristalina,0,2.0753279,60210,17.2857142857143,96.8571428571429,0,1,2,89.1411558571429,80.2857142857143,18.72449,20.8571428571429,10,,,,,17524,2016-02-21,5206206,Cristalina,GO,2016,8
1455408000000,201607,24.0,24,24,24,0.99888164,39.86049,0,1,520620620160719589,2023-08-20,Cristalina,0,3.194303,60210,17.5714285714286,94.0,0,1,2,85.2006808571429,65.7142857142857,19.4691558571429,21.5714285714286,16,,,,,17524,2016-02-14,5206206,Cristalina,GO,2016,7
1454803200000,201606,8.0,8,8,8,0.7573252,13.286829,0,1,520620620160619589,2023-08-20,Cristalina,0,1.4490639,60210,18.5714285714286,94.8571428571429,1,0,1,70.5996,37.1428571428571,23.3761632857143,29.1428571428571,4,,,,,17524,2016-02-07,5206206,Cristalina,GO,2016,6
1454198400000,201605,8.0,8,8,8,0.71224153,13.286829,0,1,520620620160519589,2023-08-20,Cristalina,0,1.3393928,60210,16.7142857142857,96.5714285714286,0,0,1,69.3639462857143,34.7142857142857,22.9293205714286,29.0,3,,,,,17524,2016-01-31,5206206,Cristalina,GO,2016,5
1453593600000,201604,3.0,3,3,3,0.112579264,4.982561,0,2,520620620160419589,2023-08-20,Cristalina,0,0.45930815,60210,19.1428571428571,97.4285714285714,1,0,0,88.2325914285714,76.2857142857143,20.553884,22.4285714285714,3,,,,,17524,2016-01-24,5206206,Cristalina,GO,2016,4
1452988800000,201603,6.0,6,6,6,0.5022276,9.965122,0,2,520620620160319589,2023-08-20,Cristalina,0,1.0031202,60210,19.4285714285714,96.5714285714286,1,0,1,91.8866034285714,83.8571428571429,20.3352258571429,21.7142857142857,3,,,,,17524,2016-01-17,5206206,Cristalina,GO,2016,3
1452384000000,201602,9.0,9,9,9,0.80600405,14.947683,0,2,520620620160219589,2023-08-20,Cristalina,0,1.5550345,60210,19.8571428571429,96.5714285714286,1,0,1,91.8952377142857,85.0,20.4555558571429,21.7142857142857,5,,,,,17524,2016-01-10,5206206,Cristalina,GO,2016,2
1451779200000,201601,4.0,4,4,4,0.37409592,6.6434145,0,2,520620620160119589,2023-08-20,Cristalina,0,0.8141139,60210,19.8571428571429,95.7142857142857,1,0,0,92.1944434285714,87.0,20.3042657142857,21.2857142857143,1,,,,,17524,2016-01-03,5206206,Cristalina,GO,2016,1
1451174400000,201552,6.0,6,6,6,0.9004686,9.965122,0,1,520620620155219589,2023-08-20,Cristalina,0,2.3983846,60210,18.7142857142857,97.4285714285714,1,0,1,88.9041938571429,79.7142857142857,19.7125842857143,21.4285714285714,2,,,,,17524,2015-12-27,5206206,Cristalina,GO,2015,52
1450569600000,201551,8.0,8,8,8,0.9973373,13.286829,0,1,520620620155119589,2023-08-20,Cristalina,0,9.626894,60210,18.1428571428571,93.4285714285714,1,1,1,81.7665335714286,70.7142857142857,20.3035714285714,22.7142857142857,1,,,,,17524,2015-12-20,5206206,Cristalina,GO,2015,51
1449964800000,201550,0.0,0,0,0,0.0,0.0,0,1,520620620155019589,2023-08-20,Cristalina,0,0.0,60210,18.2857142857143,93.1428571428571,0,0,0,82.9737322857143,69.8571428571429,19.9398998571429,22.1428571428571,0,,,,,17524,2015-12-13,5206206,Cristalina,GO,2015,50
1449360000000,201549,1.0,1,1,1,0.92503905,1.6608536,0,1,520620620154919589,2023-08-20,Cristalina,0,8.895706,60210,18.4285714285714,96.5714285714286,1,0,0,81.6306114285714,56.7142857142857,21.272789,25.7142857142857,1,,,,,17524,2015-12-06,5206206,Cristalina,GO,2015,49
1448755200000,201548,0.0,0,0,0,0.0,0.0,0,1,520620620154819589,2023-08-20,Cristalina,0,0.0,60210,18.7142857142857,94.8571428571429,0,0,0,70.8344028571429,37.2857142857143,23.9021398571429,30.2857142857143,0,,,,,17524,2015-11-29,5206206,Cristalina,GO,2015,48
1448150400000,201547,0.0,0,0,0,0.0,0.0,0,1,520620620154719589,2023-08-20,Cristalina,0,0.0,60210,18.7142857142857,97.4285714285714,0,0,0,77.7202051428571,37.7142857142857,22.4175107142857,29.1428571428571,0,,,,,17524,2015-11-22,5206206,Cristalina,GO,2015,47
1447545600000,201546,0.0,0,0,0,0.0,0.0,0,1,520620620154619589,2023-08-20,Cristalina,0,0.0,60210,19.1428571428571,94.8571428571429,0,0,0,79.5603714285714,46.0,22.4648577142857,28.4285714285714,0,,,,,17524,2015-11-15,5206206,Cristalina,GO,2015,46
1446940800000,201545,1.0,1,1,1,0.8145292,1.6608536,0,1,520620620154519589,2023-08-20,Cristalina,0,3.3788157,60210,17.5714285714286,82.5714285714286,0,0,0,50.3418361428571,18.0,25.0438774285714,32.5714285714286,0,,,,,17524,2015-11-08,5206206,Cristalina,GO,2015,45
1446336000000,201544,1.0,1,1,1,0.9632679,1.6608536,0,1,520620620154419589,2023-08-20,Cristalina,0,18.521618,60210,18.0,94.25,0,0,0,64.834939875,22.375,23.845613,31.125,0,,,,,17524,2015-11-01,5206206,Cristalina,GO,2015,44
1445731200000,201543,0.0,0,0,0,0.0,0.0,0,1,520620620154319589,2023-08-20,Cristalina,0,0.0,60210,18.5714285714286,94.0,0,0,0,74.2970257142857,32.4285714285714,22.5373938571429,28.0,0,,,,,17524,2015-10-25,5206206,Cristalina,GO,2015,43
1445126400000,201542,0.0,0,0,0,0.0,0.0,0,1,520620620154219589,2023-08-20,Cristalina,0,0.0,60210,17.1428571428571,77.1428571428571,0,0,0,46.4860485714286,20.1428571428571,25.4464884285714,33.2857142857143,0,,,,,17524,2015-10-18,5206206,Cristalina,GO,2015,42
1444521600000,201541,0.0,0,0,0,0.0,0.0,0,1,520620620154119589,2023-08-20,Cristalina,0,0.0,60210,16.1428571428571,66.7142857142857,0,0,0,35.5308012857143,9.85714285714286,25.3737717142857,33.2857142857143,0,,,,,17524,2015-10-11,5206206,Cristalina,GO,2015,41
1443916800000,201540,0.0,0,0,0,0.0,0.0,0,1,520620620154019589,2023-08-20,Cristalina,0,0.0,60210,17.5714285714286,84.0,0,0,0,50.7846942857143,20.1428571428571,24.9978081428571,32.7142857142857,0,,,,,17524,2015-10-04,5206206,Cristalina,GO,2015,40
1443312000000,201539,0.0,0,0,0,0.0,0.0,0,1,520620620153919589,2023-08-20,Cristalina,0,0.0,60210,16.5714285714286,88.4285714285714,0,0,0,54.077763,20.4285714285714,23.6662562857143,31.0,0,,,,,17524,2015-09-27,5206206,Cristalina,GO,2015,39
1442707200000,201538,0.0,0,0,0,0.0,0.0,0,1,520620620153819589,2023-08-20,Cristalina,0,0.0,60210,14.7142857142857,73.8571428571429,0,0,0,40.6734691428571,10.1428571428571,24.3418368571429,33.1428571428571,0,,,,,17524,2015-09-20,5206206,Cristalina,GO,2015,38
1442102400000,201537,0.0,0,0,0,0.0,0.0,0,1,520620620153719589,2023-08-20,Cristalina,0,0.0,60210,16.2857142857143,84.1428571428571,0,0,0,57.0918375714286,26.2857142857143,22.607143,29.4285714285714,0,,,,,17524,2015-09-13,5206206,Cristalina,GO,2015,37
1441497600000,201536,0.0,0,0,0,0.0,0.0,0,1,520620620153619589,2023-08-20,Cristalina,0,0.0,60210,17.0,81.4285714285714,0,0,0,55.8860647142857,24.2857142857143,23.6015798571429,30.8571428571429,0,,,,,17524,2015-09-06,5206206,Cristalina,GO,2015,36
1440892800000,201535,0.0,0,0,0,0.0,0.0,0,1,520620620153519589,2023-08-20,Cristalina,0,0.0,60210,12.7142857142857,80.5714285714286,0,0,0,43.9671204285714,13.0,22.354308,31.2857142857143,0,,,,,17524,2015-08-30,5206206,Cristalina,GO,2015,35
1440288000000,201534,0.0,0,0,0,0.0,0.0,0,1,520620620153419589,2023-08-20,Cristalina,0,0.0,60210,14.0,82.5714285714286,0,0,0,47.7384612857143,15.1428571428571,22.6258045714286,30.7142857142857,0,,,,,17524,2015-08-23,5206206,Cristalina,GO,2015,34
1439683200000,201533,0.0,0,0,0,0.0,0.0,0,1,520620620153319589,2023-08-20,Cristalina,0,0.0,60210,12.7142857142857,85.5714285714286,0,0,0,53.7023218571429,17.7142857142857,20.4750174285714,28.5714285714286,0,,,,,17524,2015-08-16,5206206,Cristalina,GO,2015,33
1439078400000,201532,0.0,0,0,0,0.0,0.0,0,1,520620620153219589,2023-08-20,Cristalina,0,0.0,60210,11.1428571428571,83.1428571428571,0,0,0,55.3128078571429,21.5714285714286,18.1850808571429,25.8571428571429,0,,,,,17524,2015-08-09,5206206,Cristalina,GO,2015,32
1438473600000,201531,0.0,0,0,0,0.0,0.0,0,1,520620620153119589,2023-08-20,Cristalina,0,0.0,60210,9.71428571428571,83.5714285714286,0,0,0,49.9438775714286,15.0,18.7755101428571,27.2857142857143,0,,,,,17524,2015-08-02,5206206,Cristalina,GO,2015,31
1437868800000,201530,2.0,2,2,2,0.6177055,3.3217072,0,1,520620620153019589,2023-08-20,Cristalina,0,1.3297698,60210,13.4285714285714,82.7142857142857,0,0,0,50.6590141428571,19.7142857142857,20.8265307142857,27.2857142857143,1,,,,,17524,2015-07-26,5206206,Cristalina,GO,2015,30
1437264000000,201529,1.0,1,1,1,0.14571355,1.6608536,0,1,520620620152919589,2023-08-20,Cristalina,0,0.35986847,60210,13.0,83.1428571428571,0,0,0,55.1442867142857,24.4285714285714,19.7262584285714,26.0,1,,,,,17524,2015-07-19,5206206,Cristalina,GO,2015,29
1436659200000,201528,1.0,1,1,1,0.01631707,1.6608536,0,1,520620620152819589,2023-08-20,Cristalina,0,0.16842179,60210,13.7142857142857,87.1428571428571,0,0,0,59.0944818571429,26.5714285714286,20.080688,26.0,1,,,,,17524,2015-07-12,5206206,Cristalina,GO,2015,28
1436054400000,201527,2.0,2,2,2,0.003991735,3.3217072,0,1,520620620152719589,2023-08-20,Cristalina,0,0.1881957,60210,14.2857142857143,89.7142857142857,0,0,0,65.7380361428571,33.5714285714286,19.7841307142857,26.0,2,,,,,17524,2015-07-05,5206206,Cristalina,GO,2015,27
1435449600000,201526,4.0,4,4,4,0.004550113,6.6434145,0,1,520620620152619589,2023-08-20,Cristalina,0,0.2731796,60210,12.0,85.2857142857143,0,0,0,59.876417,25.2857142857143,19.1681785714286,25.7142857142857,4,,,,,17524,2015-06-28,5206206,Cristalina,GO,2015,26
1434844800000,201525,12.0,12,12,12,0.22956556,19.930244,0,1,520620620152519589,2023-08-20,Cristalina,0,0.757514,60210,12.8571428571429,88.4285714285714,0,0,1,66.1838508571429,36.2857142857143,17.8029554285714,22.7142857142857,11,,,,,17524,2015-06-21,5206206,Cristalina,GO,2015,25
1434240000000,201524,15.0,15,15,15,0.5572228,24.912806,0,1,520620620152419589,2023-08-20,Cristalina,0,1.0538967,60210,14.0,87.1428571428571,0,0,1,61.7091842857143,30.4285714285714,20.1428572857143,26.0,15,,,,,17524,2015-06-14,5206206,Cristalina,GO,2015,24
1433635200000,201523,20.0,20,20,20,0.83612347,33.217075,0,1,520620620152319589,2023-08-20,Cristalina,0,1.3939798,60210,13.2857142857143,90.5714285714286,0,0,2,64.2448971428571,31.1428571428571,19.5918364285714,25.2857142857143,19,,,,,17524,2015-06-07,5206206,Cristalina,GO,2015,23
1433030400000,201522,12.0,12,12,12,0.14147644,19.930244,0,1,520620620152219589,2023-08-20,Cristalina,0,0.67583144,60210,14.8571428571429,90.5714285714286,0,0,1,67.945919,36.4285714285714,19.8690475714286,25.0,11,,,,,17524,2015-05-31,5206206,Cristalina,GO,2015,22
1432425600000,201521,11.0,11,11,11,0.04546505,18.26939,0,1,520620620152119589,2023-08-20,Cristalina,0,0.54319185,60210,14.1428571428571,91.4285714285714,0,0,1,67.2397967142857,32.8571428571429,19.9711471428571,26.0,11,,,,,17524,2015-05-24,5206206,Cristalina,GO,2015,21
1431820800000,201520,19.0,19,19,19,0.44184044,31.55622,0,4,520620620152019589,2023-08-20,Cristalina,0,0.95464224,60210,15.4285714285714,92.2857142857143,0,0,2,72.6418005714286,44.7142857142857,19.2973258571429,24.0,16,,,,,17524,2015-05-17,5206206,Cristalina,GO,2015,20
1431216000000,201519,24.0,24,24,24,0.75917137,39.86049,0,4,520620620151919589,2023-08-20,Cristalina,0,1.2363044,60210,15.7142857142857,93.4285714285714,0,0,2,80.1965742857143,59.2857142857143,19.0622945714286,22.8571428571429,20,,,,,17524,2015-05-10,5206206,Cristalina,GO,2015,19
1430611200000,201518,18.0,18,18,18,0.52145207,29.895367,0,4,520620620151819589,2023-08-20,Cristalina,0,1.0179625,60210,17.7142857142857,96.5714285714286,0,0,2,80.4563685714286,57.8571428571429,20.5177691428571,24.5714285714286,15,,,,,17524,2015-05-03,5206206,Cristalina,GO,2015,18
1430006400000,201517,19.0,19,19,19,0.8889086,31.55622,0,4,520620620151719589,2023-08-20,Cristalina,0,1.5459924,60210,16.8571428571429,95.7142857142857,0,0,2,80.6601361428571,54.8571428571429,20.0105428571429,24.7142857142857,12,,,,,17524,2015-04-26,5206206,Cristalina,GO,2015,17
1429401600000,201516,23.0,23,23,23,0.9990696,38.199635,0,2,520620620151619589,2023-08-20,Cristalina,0,3.4061615,60210,18.4285714285714,95.7142857142857,1,1,2,76.4443514285714,44.0,22.134099,27.5714285714286,14,,,,,17524,2015-04-19,5206206,Cristalina,GO,2015,16
1428796800000,201515,11.0,11,11,11,0.9180982,18.26939,0,2,520620620151519589,2023-08-20,Cristalina,0,1.9865311,60210,18.4285714285714,93.1428571428571,1,0,1,75.9855337142857,48.7142857142857,21.6359731428571,26.2857142857143,10,,,,,17524,2015-04-12,5206206,Cristalina,GO,2015,15
1428192000000,201514,5.0,5,5,5,0.1312447,8.304269,0,1,520620620151419589,2023-08-20,Cristalina,0,0.55293465,60210,18.7142857142857,94.0,1,0,1,77.1866985714286,46.1428571428571,21.7334595714286,26.0,3,,,,,17524,2015-04-05,5206206,Cristalina,GO,2015,14
1427587200000,201513,1.0,1,1,1,0.0001781895,1.6608536,0,1,520620620151319589,2023-08-20,Cristalina,0,0.08029355,60210,18.2857142857143,96.5714285714286,1,0,0,75.3332528571429,37.0,22.202622,27.8571428571429,1,,,,,17524,2015-03-29,5206206,Cristalina,GO,2015,13
1426982400000,201512,10.0,10,10,10,0.25286207,16.608538,0,1,520620620151219589,2023-08-20,Cristalina,0,0.7611116,60210,17.7142857142857,95.7142857142857,0,0,1,80.8270671428571,48.2857142857143,21.0986725714286,25.5714285714286,9,,,,,17524,2015-03-22,5206206,Cristalina,GO,2015,12
1426377600000,201511,16.0,16,16,16,0.81439406,26.573658,0,1,520620620151119589,2023-08-20,Cristalina,0,1.4033018,60210,17.2857142857143,98.2857142857143,0,0,2,84.3561707142857,61.0,19.6327768571429,23.8571428571429,10,,,,,17524,2015-03-15,5206206,Cristalina,GO,2015,11
1425772800000,201510,11.0,11,11,11,0.83241683,18.26939,0,1,520620620151019589,2023-08-20,Cristalina,0,1.5667421,60210,17.8571428571429,97.4285714285714,0,0,1,81.830273,42.8571428571429,20.7808065714286,25.0,4,,,,,17524,2015-03-08,5206206,Cristalina,GO,2015,10
1425168000000,201509,17.0,17,17,17,0.99888766,28.234512,0,1,520620620150919589,2023-08-20,Cristalina,0,4.390616,60210,17.7142857142857,94.8571428571429,0,1,2,77.6841821428571,53.5714285714286,21.1905647142857,26.1428571428571,12,,,,,17524,2015-03-01,5206206,Cristalina,GO,2015,9
1424563200000,201508,4.0,4,4,4,0.60541797,6.6434145,0,1,520620620150819589,2023-08-20,Cristalina,0,1.2056605,60210,18.4285714285714,91.5714285714286,1,0,0,71.7595595714286,43.1428571428571,22.0693454285714,26.8571428571429,3,,,,,17524,2015-02-22,5206206,Cristalina,GO,2015,8
1423958400000,201507,2.0,2,2,2,0.3253245,3.3217072,0,1,520620620150719589,2023-08-20,Cristalina,0,0.68536097,60210,18.4285714285714,90.4285714285714,1,0,0,73.3940567142857,41.8571428571429,21.562666,25.8571428571429,1,,,,,17524,2015-02-15,5206206,Cristalina,GO,2015,7
1423353600000,201506,4.0,4,4,4,0.8627913,6.6434145,0,1,520620620150619589,2023-08-20,Cristalina,0,2.4372234,60210,18.0,90.5714285714286,0,0,0,67.802691,41.1428571428571,22.5324597142857,27.4285714285714,0,,,,,17524,2015-02-08,5206206,Cristalina,GO,2015,6
1422748800000,201505,4.0,4,4,4,0.9595281,6.6434145,0,1,520620620150519589,2023-08-20,Cristalina,0,5.305759,60210,18.0,88.5714285714286,0,0,0,70.6312791428571,46.4285714285714,21.8600745714286,26.0,1,,,,,17524,2015-02-01,5206206,Cristalina,GO,2015,5
1422144000000,201504,1.0,1,1,1,0.6176931,1.6608536,0,1,520620620150419589,2023-08-20,Cristalina,0,1.4387707,60210,17.7142857142857,94.8571428571429,0,0,0,72.687755,46.0,21.8853057142857,27.1428571428571,1,,,,,17524,2015-01-25,5206206,Cristalina,GO,2015,4
1421539200000,201503,0.0,0,0,0,0.0,0.0,0,1,520620620150319589,2023-08-20,Cristalina,0,0.0,60210,18.4285714285714,83.2857142857143,0,0,0,60.6201637142857,31.2857142857143,23.1567552857143,29.1428571428571,0,,,,,17524,2015-01-18,5206206,Cristalina,GO,2015,3
1420934400000,201502,1.0,1,1,1,0.78460985,1.6608536,0,1,520620620150219589,2023-08-20,Cristalina,0,2.8575294,60210,18.5714285714286,77.1428571428571,0,0,0,50.7448981428571,21.5714285714286,24.6224488571429,30.0,0,,,,,17524,2015-01-11,5206206,Cristalina,GO,2015,2
1420329600000,201501,1.0,1,1,1,0.8145292,1.6608536,0,1,520620620150119589,2023-08-20,Cristalina,0,3.3788157,60210,18.5714285714286,81.2857142857143,0,0,0,58.0342871428571,27.2857142857143,24.0890255714286,30.1428571428571,0,,,,,17524,2015-01-04,5206206,Cristalina,GO,2015,1
1419724800000,201453,0.0,0,0,0,0.0,0.0,0,1,520620620145319589,2023-08-20,Cristalina,0,0.0,60210,19.5714285714286,79.2857142857143,0,0,0,56.4904285714286,28.0,25.3328994285714,31.2857142857143,0,,,,,17524,2014-12-28,5206206,Cristalina,GO,2014,53
1419120000000,201452,0.0,0,0,0,0.0,0.0,0,1,520620620145219589,2023-08-20,Cristalina,0,0.0,60210,20.2857142857143,85.2857142857143,0,0,0,67.0388671428571,38.7142857142857,24.0076002857143,28.2857142857143,0,,,,,17524,2014-12-21,5206206,Cristalina,GO,2014,52
1418515200000,201451,1.0,1,1,1,0.9630882,1.6608536,0,1,520620620145119589,2023-08-20,Cristalina,0,18.429739,60210,20.2857142857143,91.5714285714286,1,0,0,76.6791265714286,48.1428571428571,23.1513462857143,27.5714285714286,0,,,,,17524,2014-12-14,5206206,Cristalina,GO,2014,51
1417910400000,201450,0.0,0,0,0,0.0,0.0,0,1,520620620145019589,2023-08-20,Cristalina,0,0.0,60210,19.7142857142857,87.4285714285714,0,0,0,75.6467557142857,51.5714285714286,21.6147557142857,25.1428571428571,1,,,,,17524,2014-12-07,5206206,Cristalina,GO,2014,50
1417305600000,201449,0.0,0,0,0,0.0,0.0,0,1,520620620144919589,2023-08-20,Cristalina,0,0.0,60210,19.5714285714286,87.2857142857143,0,0,0,70.9073905714286,44.1428571428571,22.5436531428571,27.0,0,,,,,17524,2014-11-30,5206206,Cristalina,GO,2014,49
1416700800000,201448,0.0,0,0,0,0.0,0.0,0,1,520620620144819589,2023-08-20,Cristalina,0,0.0,60210,19.7142857142857,90.7142857142857,0,0,0,73.7014085714286,38.2857142857143,22.7467577142857,27.5714285714286,0,,,,,17524,2014-11-23,5206206,Cristalina,GO,2014,48
1416096000000,201447,0.0,0,0,0,0.0,0.0,0,1,520620620144719589,2023-08-20,Cristalina,0,0.0,60210,20.0,80.1428571428571,0,0,0,62.0314897142857,35.5714285714286,23.9725545714286,29.0,0,,,,,17524,2014-11-16,5206206,Cristalina,GO,2014,47
1415491200000,201446,0.0,0,0,0,0.0,0.0,0,1,520620620144619589,2023-08-20,Cristalina,0,0.0,60210,20.4285714285714,85.1428571428571,0,0,0,69.7232632857143,41.0,23.4804765714286,27.8571428571429,0,,,,,17524,2014-11-09,5206206,Cristalina,GO,2014,46
1414886400000,201445,2.0,2,2,2,0.5449856,3.3217072,0,1,520620620144519589,2023-08-20,Cristalina,0,1.109413,60210,20.4285714285714,81.5714285714286,0,0,0,59.1109688571429,26.5714285714286,24.9634501428571,30.8571428571429,0,,,,,17524,2014-11-02,5206206,Cristalina,GO,2014,45
1414281600000,201444,1.0,1,1,1,0.22149035,1.6608536,0,1,520620620144419589,2023-08-20,Cristalina,0,0.45983687,60210,18.7142857142857,86.7142857142857,0,0,0,69.1197214285714,40.7142857142857,22.9397954285714,28.4285714285714,0,,,,,17524,2014-10-26,5206206,Cristalina,GO,2014,44
1413676800000,201443,2.0,2,2,2,0.42761686,3.3217072,0,1,520620620144319589,2023-08-20,Cristalina,0,0.8528972,60210,21.0,71.1428571428571,0,0,0,51.6806957142857,24.8571428571429,25.3099822857143,30.5714285714286,0,,,,,17524,2014-10-19,5206206,Cristalina,GO,2014,43
1413072000000,201442,2.0,2,2,2,0.4765249,3.3217072,0,1,520620620144219589,2023-08-20,Cristalina,0,0.9488965,60210,18.8571428571429,56.1428571428571,0,0,0,29.4879067142857,8.57142857142857,27.5274,34.7142857142857,0,,,,,17524,2014-10-12,5206206,Cristalina,GO,2014,42
1412467200000,201441,3.0,3,3,3,0.6412332,4.982561,0,1,520620620144119589,2023-08-20,Cristalina,0,1.3405744,60210,17.5714285714286,54.2857142857143,0,0,0,33.6224492857143,11.5714285714286,24.1836735714286,30.4285714285714,0,,,,,17524,2014-10-05,5206206,Cristalina,GO,2014,41
1411862400000,201440,2.0,2,2,2,0.30767268,3.3217072,0,1,520620620144019589,2023-08-20,Cristalina,0,0.65973324,60210,20.2857142857143,68.8571428571429,0,0,0,47.508461,20.8571428571429,25.6130834285714,31.8571428571429,0,,,,,17524,2014-09-28,5206206,Cristalina,GO,2014,40
1411257600000,201439,1.0,1,1,1,0.105425864,1.6608536,0,1,520620620143919589,2023-08-20,Cristalina,0,0.30810001,60210,21.1428571428571,69.0,0,0,0,46.7214994285714,19.7142857142857,26.0149544285714,31.7142857142857,0,,,,,17524,2014-09-21,5206206,Cristalina,GO,2014,39
1410652800000,201438,4.0,4,4,4,0.6690085,6.6434145,0,1,520620620143819589,2023-08-20,Cristalina,0,1.3695962,60210,18.2857142857143,62.1428571428571,0,0,0,33.3552531428571,10.7142857142857,26.3418368571429,32.8571428571429,0,,,,,17524,2014-09-14,5206206,Cristalina,GO,2014,38
1410048000000,201437,4.0,4,4,4,0.5407427,6.6434145,0,1,520620620143719589,2023-08-20,Cristalina,0,1.0722017,60210,16.2857142857143,57.0,0,0,0,35.1071425714286,12.4285714285714,23.2499997142857,29.5714285714286,0,,,,,17524,2014-09-07,5206206,Cristalina,GO,2014,37
1409443200000,201436,2.0,2,2,2,0.09084016,3.3217072,0,1,520620620143619589,2023-08-20,Cristalina,0,0.37485462,60210,19.4285714285714,73.0,0,0,0,47.2049047142857,20.4285714285714,24.8238971428571,30.8571428571429,0,,,,,17524,2014-08-31,5206206,Cristalina,GO,2014,36
1408838400000,201435,2.0,2,2,2,0.07320513,3.3217072,0,1,520620620143519589,2023-08-20,Cristalina,0,0.34961185,60210,16.4285714285714,60.4285714285714,0,0,0,34.8724491428571,10.1428571428571,24.3877548571429,31.5714285714286,0,,,,,17524,2014-08-24,5206206,Cristalina,GO,2014,35
1408233600000,201434,8.0,8,8,8,0.7876555,13.286829,0,1,520620620143419589,2023-08-20,Cristalina,0,1.5377982,60210,13.8571428571429,71.2857142857143,0,0,1,41.7519352857143,14.0,21.7931032857143,28.4285714285714,0,,,,,17524,2014-08-17,5206206,Cristalina,GO,2014,34
1407628800000,201433,5.0,5,5,5,0.5637117,8.304269,0,1,520620620143319589,2023-08-20,Cristalina,0,1.1046214,60210,13.8571428571429,71.0,0,0,1,40.5595781428571,14.4285714285714,21.5458335714286,28.2857142857143,0,,,,,17524,2014-08-10,5206206,Cristalina,GO,2014,33
1407024000000,201432,6.0,6,6,6,0.6110587,9.965122,0,1,520620620143219589,2023-08-20,Cristalina,0,1.1774292,60210,14.1428571428571,68.0,0,0,1,40.7653051428571,13.2857142857143,21.5969388571429,28.2857142857143,0,,,,,17524,2014-08-03,5206206,Cristalina,GO,2014,32
1406419200000,201431,4.0,4,4,4,0.12401031,6.6434145,0,1,520620620143119589,2023-08-20,Cristalina,0,0.51362634,60210,14.8571428571429,80.8571428571429,0,0,0,60.4843962857143,35.7142857142857,19.6590917142857,25.1428571428571,3,,,,,17524,2014-07-27,5206206,Cristalina,GO,2014,31
1405814400000,201430,3.0,3,3,3,0.008098631,4.982561,0,1,520620620143019589,2023-08-20,Cristalina,0,0.2587327,60210,15.5714285714286,77.8571428571429,0,0,0,55.2837485714286,28.8571428571429,20.8577097142857,26.4285714285714,0,,,,,17524,2014-07-20,5206206,Cristalina,GO,2014,30
1405209600000,201429,8.0,8,8,8,0.05767219,13.286829,0,1,520620620142919589,2023-08-20,Cristalina,0,0.5189837,60210,13.5714285714286,77.8571428571429,0,0,1,50.6938775714286,19.4285714285714,20.357143,27.0,3,,,,,17524,2014-07-13,5206206,Cristalina,GO,2014,29
1404604800000,201428,11.0,11,11,11,0.059112754,18.26939,0,1,520620620142819589,2023-08-20,Cristalina,0,0.56575435,60210,14.5714285714286,74.5714285714286,0,0,1,50.923469,21.8571428571429,20.8520405714286,26.1428571428571,2,,,,,17524,2014-07-06,5206206,Cristalina,GO,2014,28
1404000000000,201427,17.0,17,17,17,0.14689672,28.234512,0,4,520620620142719589,2023-08-20,Cristalina,0,0.720156,60210,13.1428571428571,77.4285714285714,0,0,2,48.0728351428571,17.4285714285714,20.9090431428571,27.8571428571429,7,,,,,17524,2014-06-29,5206206,Cristalina,GO,2014,27
1403395200000,201426,16.0,16,16,16,0.04535039,26.573658,0,4,520620620142619589,2023-08-20,Cristalina,0,0.5945376,60210,13.2857142857143,80.8571428571429,0,0,2,54.574489,24.1428571428571,19.9792517142857,26.5714285714286,6,,,,,17524,2014-06-22,5206206,Cristalina,GO,2014,26
1402790400000,201425,29.0,29,29,29,0.32955423,48.164757,0,4,520620620142519589,2023-08-20,Cristalina,0,0.89414185,60210,15.7142857142857,81.2857142857143,0,0,2,59.2356225714286,28.2857142857143,21.2226344285714,26.5714285714286,14,,,,,17524,2014-06-15,5206206,Cristalina,GO,2014,25
1402185600000,201424,22.0,22,22,22,0.02021835,36.53878,0,4,520620620142419589,2023-08-20,Cristalina,0,0.5848272,60210,15.7142857142857,78.2857142857143,0,0,2,57.1260028571429,28.7142857142857,21.0147077142857,26.4285714285714,8,,,,,17524,2014-06-08,5206206,Cristalina,GO,2014,24
1401580800000,201423,32.0,32,32,32,0.30865934,53.147316,0,4,520620620142319589,2023-08-20,Cristalina,0,0.8865071,60210,16.8571428571429,81.4285714285714,0,0,2,61.0873571428571,30.0,21.9909217142857,27.7142857142857,9,,,,,17524,2014-06-01,5206206,Cristalina,GO,2014,23
1400976000000,201422,43.0,43,43,43,0.9358618,71.41671,0,4,520620620142219589,2023-08-20,Cristalina,0,1.4283563,60210,16.1428571428571,79.0,0,0,2,58.0800491428571,28.8571428571429,21.9535537142857,28.1428571428571,21,,,,,17524,2014-05-25,5206206,Cristalina,GO,2014,22
1400371200000,201421,42.0,42,42,42,0.9625513,69.75585,0,4,520620620142119589,2023-08-20,Cristalina,0,1.5374777,60210,18.0,81.2857142857143,0,1,2,57.814059,28.7142857142857,23.2891152857143,28.5714285714286,22,,,,,17524,2014-05-18,5206206,Cristalina,GO,2014,21
1399766400000,201420,23.0,23,23,23,0.3395515,38.199635,0,4,520620620142019589,2023-08-20,Cristalina,0,0.8891843,60210,15.7142857142857,79.2857142857143,0,0,2,56.2071052857143,28.1428571428571,21.6887757142857,27.1428571428571,12,,,,,17524,2014-05-11,5206206,Cristalina,GO,2014,20
1399161600000,201419,28.0,28,28,28,0.8272974,46.503902,0,4,520620620141919589,2023-08-20,Cristalina,0,1.3064538,60210,17.0,81.7142857142857,0,0,2,58.8106048571429,30.4285714285714,22.5957138571429,27.8571428571429,12,,,,,17524,2014-05-04,5206206,Cristalina,GO,2014,19
1398556800000,201418,29.0,29,29,29,0.9782041,48.164757,0,4,520620620141819589,2023-08-20,Cristalina,0,1.8432264,60210,14.5714285714286,80.4285714285714,0,1,2,58.2117348571429,29.1428571428571,20.994898,27.0,11,,,,,17524,2014-04-27,5206206,Cristalina,GO,2014,18
1397952000000,201417,23.0,23,23,23,0.9808706,38.199635,0,1,520620620141719589,2023-08-20,Cristalina,0,2.0597486,60210,19.4285714285714,83.0,0,1,2,70.4458207142857,42.1428571428571,23.1601132857143,27.8571428571429,12,,,,,17524,2014-04-20,5206206,Cristalina,GO,2014,17
1397347200000,201416,12.0,12,12,12,0.86957717,19.930244,0,1,520620620141619589,2023-08-20,Cristalina,0,1.6651428,60210,20.0,85.2857142857143,0,0,1,65.1334474285714,34.5714285714286,24.4886325714286,29.0,5,,,,,17524,2014-04-13,5206206,Cristalina,GO,2014,16
1396742400000,201415,15.0,15,15,15,0.97663647,24.912806,0,1,520620620141519589,2023-08-20,Cristalina,0,2.428487,60210,20.5714285714286,88.2857142857143,0,1,1,70.485928,37.1428571428571,24.0806597142857,29.1428571428571,5,,,,,17524,2014-04-06,5206206,Cristalina,GO,2014,15
1396137600000,201414,3.0,3,3,3,0.075078614,4.982561,0,1,520620620141419589,2023-08-20,Cristalina,0,0.40726954,60210,20.1428571428571,89.2857142857143,0,0,0,74.6359222857143,46.0,23.0129837142857,28.0,1,,,,,17524,2014-03-30,5206206,Cristalina,GO,2014,14
1395532800000,201413,5.0,5,5,5,0.19179073,8.304269,0,1,520620620141319589,2023-08-20,Cristalina,0,0.62270343,60210,19.8571428571429,90.8571428571429,1,0,1,77.2736085714286,45.8571428571429,22.1759181428571,26.7142857142857,2,,,,,17524,2014-03-23,5206206,Cristalina,GO,2014,13
1394928000000,201412,9.0,9,9,9,0.6146445,14.947683,0,1,520620620141219589,2023-08-20,Cristalina,0,1.1488199,60210,19.5714285714286,85.2857142857143,0,0,1,67.9831368571429,38.7142857142857,23.3476074285714,29.2857142857143,1,,,,,17524,2014-03-16,5206206,Cristalina,GO,2014,12
1394323200000,201411,8.0,8,8,8,0.60533893,13.286829,0,1,520620620141119589,2023-08-20,Cristalina,0,1.1437861,60210,19.8571428571429,83.8571428571429,0,0,1,63.4616961428571,34.4285714285714,24.1478344285714,28.8571428571429,3,,,,,17524,2014-03-09,5206206,Cristalina,GO,2014,11
1393718400000,201410,8.0,8,8,8,0.7211997,13.286829,0,1,520620620141019589,2023-08-20,Cristalina,0,1.3594778,60210,19.8571428571429,89.7142857142857,0,0,1,74.45122,44.5714285714286,23.0490265714286,27.5714285714286,0,,,,,17524,2014-03-02,5206206,Cristalina,GO,2014,10
1393113600000,201409,8.0,8,8,8,0.6333496,13.286829,0,1,520620620140919589,2023-08-20,Cristalina,0,1.1887348,60210,19.2857142857143,83.0,0,0,1,64.8678975714286,38.8571428571429,23.6188598571429,28.4285714285714,2,,,,,17524,2014-02-23,5206206,Cristalina,GO,2014,9
1392508800000,201408,5.0,5,5,5,0.13472597,8.304269,0,1,520620620140819589,2023-08-20,Cristalina,0,0.557118,60210,19.1428571428571,92.4285714285714,1,0,1,76.7170394285714,51.0,22.0341674285714,26.4285714285714,0,,,,,17524,2014-02-16,5206206,Cristalina,GO,2014,8
1391904000000,201407,3.0,3,3,3,0.051777843,4.982561,0,1,520620620140719589,2023-08-20,Cristalina,0,0.3700083,60210,18.1428571428571,89.4285714285714,0,0,0,64.5335765714286,38.1428571428571,23.330237,28.4285714285714,0,,,,,17524,2014-02-09,5206206,Cristalina,GO,2014,7
1391299200000,201406,14.0,14,14,14,0.9895836,23.251951,0,1,520620620140619589,2023-08-20,Cristalina,0,3.0909314,60210,18.4285714285714,77.8571428571429,0,1,1,50.6020405714286,21.7142857142857,24.4540815714286,30.1428571428571,3,,,,,17524,2014-02-02,5206206,Cristalina,GO,2014,6
1390694400000,201405,9.0,9,9,9,0.9952824,14.947683,0,1,520620620140519589,2023-08-20,Cristalina,0,6.1906657,60210,18.5714285714286,79.5714285714286,0,1,1,59.0306118571429,32.8571428571429,23.2653058571429,28.5714285714286,1,,,,,17524,2014-01-26,5206206,Cristalina,GO,2014,5
1390089600000,201404,4.0,4,4,4,0.99263966,6.6434145,0,1,520620620140419589,2023-08-20,Cristalina,0,18.52149,60210,18.1428571428571,93.1428571428571,1,0,0,74.4857485714286,36.5714285714286,21.7493897142857,27.1428571428571,2,,,,,17524,2014-01-19,5206206,Cristalina,GO,2014,4
1389484800000,201403,0.0,0,0,0,0.0,0.0,0,1,520620620140319589,2023-08-20,Cristalina,0,0.0,60210,19.0,84.8571428571429,0,0,0,61.93049,32.1428571428571,23.8968517142857,29.8571428571429,0,,,,,17524,2014-01-12,5206206,Cristalina,GO,2014,3
1388880000000,201402,0.0,0,0,0,0.0,0.0,0,1,520620620140219589,2023-08-20,Cristalina,0,0.0,60210,18.2857142857143,83.8571428571429,0,0,0,55.7462791428571,25.7142857142857,24.1043958571429,29.7142857142857,0,,,,,17524,2014-01-05,5206206,Cristalina,GO,2014,2
1388275200000,201401,0.0,0,0,0,0.0,0.0,0,1,520620620140119589,2023-08-20,Cristalina,0,0.0,60210,18.5714285714286,89.8571428571429,0,0,0,65.0826708571429,34.4285714285714,24.1233797142857,29.8571428571429,0,,,,,17524,2013-12-29,5206206,Cristalina,GO,2014,1
