data_iniSE,se_codigo,casos_est,casos_est_min,casos_est_max,casos,p_rt1,p_inc100k,Localidade_id,nivel,id,versao_modelo,municipio_nome,tweet,Rt,pop,tempmin,umidmax,receptivo,transmissao,nivel_inc,umidmed,umidmin,tempmed,tempmax,casprov,casprov_est,casprov_est_min,casprov_est_max,casconf,notif_accum_year,data_ini_se,cod_ibge,municipio,uf,ano,semana
1786233600000,202632,2.0,2,2,2,6.3351e-06,1.018247,0,1,521250120263220683,2026-08-18,Luziânia,,0.09625679,196416,0.0,0.0,0,0,0,0.0,0.0,0.0,0.0,2,,,,,70758,2026-08-09,5212501,Luziania,GO,2026,32
1785628800000,202631,13.0,13,13,13,0.04646833,6.6186056,0,1,521250120263120683,2026-08-18,Luziânia,,0.56819165,196416,17.1436,39.5164166666667,0,0,0,35.0249333333333,31.65545,18.4228666666667,19.6895666666667,13,,,,,70758,2026-08-02,5212501,Luziania,GO,2026,31
1785024000000,202630,30.0,30,30,30,0.7592421,15.273705,0,1,521250120263020683,2026-08-18,Luziânia,,1.2081436,196416,23.141,41.3658428571429,0,0,1,41.3658428571429,41.3658428571429,23.141,23.141,21,,,,,70758,2026-07-26,5212501,Luziania,GO,2026,30
1784419200000,202629,16.0,16,16,16,0.058495525,8.145976,0,1,521250120262920683,2026-08-18,Luziânia,,0.61517745,196416,21.1429571428571,47.5066571428571,0,0,0,47.5066571428571,47.5066571428571,21.1429571428571,21.1429571428571,9,,,,,70758,2026-07-19,5212501,Luziania,GO,2026,29
1783814400000,202628,29.0,29,29,29,0.6034148,14.764582,0,1,521250120262820683,2026-08-18,Luziânia,,1.0720187,196416,20.7943714285714,52.1589857142857,0,0,1,52.1589857142857,52.1589857142857,20.7943714285714,20.7943714285714,19,,,,,70758,2026-07-12,5212501,Luziania,GO,2026,28
1783209600000,202627,26.0,26,26,26,0.2667361,13.237211,0,1,521250120262720683,2026-08-18,Luziânia,,0.84829223,196416,21.0267714285714,51.3021285714286,0,0,1,51.3021285714286,51.3021285714286,21.0267714285714,21.0267714285714,13,,,,,70758,2026-07-05,5212501,Luziania,GO,2026,27
1782604800000,202626,25.0,25,25,25,0.11856197,12.728087,0,1,521250120262620683,2026-08-18,Luziânia,,0.73532856,196416,19.6712142857143,59.472,0,0,1,59.472,59.472,19.6712142857143,19.6712142857143,16,,,,,70758,2026-06-28,5212501,Luziania,GO,2026,26
1782000000000,202625,28.0,28,28,28,0.18919136,14.255458,0,1,521250120262520683,2026-08-18,Luziânia,,0.8014954,196416,20.8355428571429,66.5130571428571,0,0,1,66.5130571428571,66.5130571428571,20.8355428571429,20.8355428571429,13,,,,,70758,2026-06-21,5212501,Luziania,GO,2026,25
1781395200000,202624,43.0,43,43,43,0.5449455,21.892311,0,1,521250120262420683,2026-08-18,Luziânia,,1.0246773,196416,20.5189714285714,71.9214142857143,0,0,1,71.9214142857143,71.9214142857143,20.5189714285714,20.5189714285714,25,,,,,70758,2026-06-14,5212501,Luziania,GO,2026,24
1780790400000,202623,27.0,27,27,27,0.0015302278,13.746334,0,1,521250120262320683,2026-08-18,Luziânia,,0.50822705,196416,17.6098714285714,76.0563857142857,0,0,1,69.7480571428571,63.6922571428571,19.2283285714286,20.8393714285714,20,,,,,70758,2026-06-07,5212501,Luziania,GO,2026,23
1780185600000,202622,35.0,35,35,35,0.011464637,17.819323,0,1,521250120262220683,2026-08-18,Luziânia,,0.61878294,196416,15.1334285714286,82.9107714285714,0,0,1,62.4467714285714,40.9886571428571,20.1853142857143,25.3726571428571,28,,,,,70758,2026-05-31,5212501,Luziania,GO,2026,22
1779580800000,202621,65.0,65,65,65,0.841881,33.093025,0,1,521250120262120683,2026-08-18,Luziânia,,1.2012992,196416,17.3761857142857,86.8310857142857,0,0,1,65.6375714285714,43.7340428571429,21.8887428571429,26.7174714285714,40,,,,,70758,2026-05-24,5212501,Luziania,GO,2026,21
1778976000000,202620,59.0,59,59,59,0.6646816,30.038286,0,1,521250120262020683,2026-08-18,Luziânia,,1.0828317,196416,19.0295,85.9537571428571,0,0,1,65.7021571428571,43.4202857142857,23.1992142857143,27.7725428571429,32,,,,,70758,2026-05-17,5212501,Luziania,GO,2026,20
1778371200000,202619,51.0,51,51,51,0.17877461,25.965298,0,1,521250120261920683,2026-08-18,Luziânia,,0.84046733,196416,17.5936285714286,85.9789,0,0,1,63.7977857142857,40.9188428571429,22.7760714285714,28.0053714285714,29,,,,,70758,2026-05-10,5212501,Luziania,GO,2026,19
1777766400000,202618,52.0,52,52,52,0.08899076,26.474422,0,1,521250120261820683,2026-08-18,Luziânia,,0.78079385,196416,22.3873714285714,60.7630142857143,0,0,1,60.7630142857143,60.7630142857143,22.3873714285714,22.3873714285714,31,,,,,70758,2026-05-03,5212501,Luziania,GO,2026,18
1777161600000,202617,56.0,56,56,56,0.11842265,28.510916,0,1,521250120261720683,2026-08-18,Luziânia,,0.809502,196416,22.4028,65.6826571428571,0,0,1,65.6826571428571,65.6826571428571,22.4028,22.4028,31,,,,,70758,2026-04-26,5212501,Luziania,GO,2026,17
1776556800000,202616,82.0,82,82,82,0.7399064,41.748127,0,1,521250120261620683,2026-08-18,Luziânia,,1.1082331,196416,18.4501857142857,84.4761428571429,0,0,1,66.0037142857143,44.3728571428571,23.0127428571429,27.8910285714286,53,,,,,70758,2026-04-19,5212501,Luziania,GO,2026,16
1775952000000,202615,51.0,51,51,51,0.021580271,25.965298,0,2,521250120261520683,2026-08-18,Luziânia,,0.69465363,196416,18.5175142857143,90.0821,1,0,1,73.7955142857143,54.3976428571429,22.3818571428571,26.5496,37,,,,,70758,2026-04-12,5212501,Luziania,GO,2026,15
1775347200000,202614,90.0,90,90,90,0.9520854,45.821114,0,2,521250120261420683,2026-08-18,Luziânia,,1.3028326,196416,19.0077142857143,93.1422714285714,1,1,1,78.5437857142857,57.9113142857143,23.034,27.6728857142857,66,,,,,70758,2026-04-05,5212501,Luziania,GO,2026,14
1774742400000,202613,72.0,72,72,72,0.7849061,36.65689,0,2,521250120261320683,2026-08-18,Luziânia,,1.1452134,196416,18.1632285714286,92.6929714285714,1,0,1,77.1824714285714,56.5452,22.2171428571429,27.2440571428571,55,,,,,70758,2026-03-29,5212501,Luziania,GO,2026,13
1774137600000,202612,66.0,66,66,66,0.85678804,33.60215,0,2,521250120261220683,2026-08-18,Luziânia,,1.2142395,196416,18.5017142857143,92.8908285714286,1,0,1,77.1365714285714,55.8550428571429,22.5194428571429,27.1438142857143,56,,,,,70758,2026-03-22,5212501,Luziania,GO,2026,12
1773532800000,202611,74.0,74,74,74,0.982238,37.67514,0,2,521250120261120683,2026-08-18,Luziânia,,1.4603096,196416,19.6382857142857,97.0031,1,1,1,83.3896,62.4969142857143,22.7731285714286,26.9936,57,,,,,70758,2026-03-15,5212501,Luziania,GO,2026,11
1772928000000,202610,43.0,43,43,43,0.21599376,21.892311,0,2,521250120261020683,2026-08-18,Luziânia,,0.85042745,196416,19.4489428571429,96.4406714285714,1,0,1,82.4775714285714,61.9196571428571,22.9326285714286,27.5543428571429,32,,,,,70758,2026-03-08,5212501,Luziania,GO,2026,10
1772323200000,202609,53.0,53,53,53,0.71157646,26.983545,0,2,521250120260920683,2026-08-18,Luziânia,,1.1173747,196416,19.5493142857143,93.4997571428571,1,0,1,76.9640285714286,57.2195857142857,23.3153571428571,27.816,36,,,,,70758,2026-03-01,5212501,Luziania,GO,2026,9
1771718400000,202608,49.0,49,49,49,0.8330433,24.947052,0,2,521250120260820683,2026-08-18,Luziânia,,1.226897,196416,19.6647285714286,95.0888,1,0,1,84.6945142857143,70.4519285714286,22.0386285714286,25.5972857142857,25,,,,,70758,2026-02-22,5212501,Luziania,GO,2026,8
1771113600000,202607,58.0,58,58,58,0.98235494,29.529163,0,2,521250120260720683,2026-08-18,Luziânia,,1.5429908,196416,19.2115714285714,90.9415142857143,1,1,1,74.1082857142857,53.6964571428571,23.2938857142857,27.8856857142857,40,,,,,70758,2026-02-15,5212501,Luziania,GO,2026,7
1770508800000,202606,31.0,31,31,31,0.08815452,15.782828,0,2,521250120260620683,2026-08-18,Luziânia,,0.72935873,196416,18.7530285714286,95.3944714285714,1,0,1,79.5830285714286,60.5587142857143,22.4873428571429,26.2996285714286,25,,,,,70758,2026-02-08,5212501,Luziania,GO,2026,6
1769904000000,202605,35.0,35,35,35,0.090424135,17.819323,0,2,521250120260520683,2026-08-18,Luziânia,,0.7441047,196416,19.6531857142857,94.6601428571429,1,0,1,82.8525571428571,63.896,22.6283714285714,26.8288285714286,23,,,,,70758,2026-02-01,5212501,Luziania,GO,2026,5
1769299200000,202604,40.0,40,40,40,0.27602908,20.36494,0,1,521250120260420683,2026-08-18,Luziânia,,0.87971836,196416,18.9793285714286,94.6937428571429,1,0,1,79.4205142857143,57.4295,22.8690285714286,27.9773142857143,30,,,,,70758,2026-01-25,5212501,Luziania,GO,2026,4
1768694400000,202603,58.0,58,58,58,0.93452454,29.529163,0,1,521250120260320683,2026-08-18,Luziânia,,1.3513964,196416,19.3474857142857,94.3890714285714,1,0,1,85.2563571428571,73.7573571428571,21.6053571428571,24.1260571428571,36,,,,,70758,2026-01-18,5212501,Luziania,GO,2026,3
1768089600000,202602,40.0,40,40,40,0.39330158,20.36494,0,1,521250120260220683,2026-08-18,Luziânia,,0.94238335,196416,18.9880428571429,89.4233285714286,0,0,1,69.0203857142857,47.3115428571429,23.6877142857143,28.5011428571429,24,,,,,70758,2026-01-11,5212501,Luziania,GO,2026,2
1767484800000,202601,46.0,46,46,46,0.6545297,23.419682,0,1,521250120260120683,2026-08-18,Luziânia,,1.0879188,196416,19.1528142857143,94.3899571428571,1,0,1,81.0234285714286,62.4916428571429,22.0417428571429,25.7502285714286,23,,,,,70758,2026-01-04,5212501,Luziania,GO,2026,1
1766880000000,202553,36.0,36,36,36,0.3015406,18.328445,0,1,521250120255320683,2026-08-18,Luziânia,,0.8883952,196416,20.1788,93.0590142857143,1,0,1,76.2459142857143,55.2114571428571,24.4448142857143,29.3863142857143,19,,,,,70758,2025-12-28,5212501,Luziania,GO,2025,53
1766275200000,202552,54.0,54,54,54,0.85566354,27.492668,0,1,521250120255220683,2026-08-18,Luziânia,,1.2392716,196416,19.0691,87.8623285714286,0,0,1,67.6060571428571,48.6971285714286,24.0313428571429,29.0594714285714,37,,,,,70758,2025-12-21,5212501,Luziania,GO,2025,52
1765670400000,202551,28.0,28,28,28,0.010562661,14.255458,0,2,521250120255120683,2026-08-18,Luziânia,,0.5851364,196416,20.1579142857143,96.1126714285714,1,0,1,84.8492571428571,65.7126428571429,22.6348285714286,26.1005,16,,,,,70758,2025-12-14,5212501,Luziania,GO,2025,51
1765065600000,202550,47.0,47,47,47,0.3793215,23.928804,0,2,521250120255020683,2026-08-18,Luziânia,,0.9397525,196416,19.5094285714286,93.9488857142857,1,0,1,82.1490714285714,63.8207571428571,22.3637714285714,26.6252142857143,28,,,,,70758,2025-12-07,5212501,Luziania,GO,2025,50
1764460800000,202549,51.0,51,51,51,0.52599496,25.965298,0,1,521250120254920683,2026-08-18,Luziânia,,1.0129848,196416,20.1771285714286,90.5616428571429,1,0,1,76.7355,55.8669285714286,23.3298142857143,27.6376142857143,35,,,,,70758,2025-11-30,5212501,Luziania,GO,2025,49
1763856000000,202548,47.0,47,47,47,0.5490484,23.928804,0,1,521250120254820683,2026-08-18,Luziânia,,1.0258011,196416,19.5194857142857,92.3191142857143,1,0,1,72.1162285714286,49.7018857142857,23.6895857142857,28.4070571428571,28,,,,,70758,2025-11-23,5212501,Luziania,GO,2025,48
1763251200000,202547,56.0,56,56,56,0.93757653,28.510916,0,1,521250120254720683,2026-08-18,Luziânia,,1.366464,196416,20.4883142857143,78.4274285714286,0,0,1,56.5198428571429,37.2690285714286,25.3390857142857,30.1467571428571,30,,,,,70758,2025-11-16,5212501,Luziania,GO,2025,47
1762646400000,202546,50.0,50,50,50,0.7557204,25.456175,0,1,521250120254620683,2026-08-18,Luziânia,,1.153635,196416,20.2304857142857,80.5161285714286,0,0,1,63.2557857142857,45.3636857142857,24.6116285714286,29.5193428571429,36,,,,,70758,2025-11-09,5212501,Luziania,GO,2025,46
1762041600000,202545,29.0,29,29,29,0.018983526,14.764582,0,1,521250120254520683,2026-08-18,Luziânia,,0.6184336,196416,20.3085571428571,91.5129285714286,1,0,1,73.3016142857143,53.2337428571429,24.3329714285714,29.0345571428571,19,,,,,70758,2025-11-02,5212501,Luziania,GO,2025,45
1761436800000,202544,47.0,47,47,47,0.5226445,23.928804,0,1,521250120254420683,2026-08-18,Luziânia,,1.011766,196416,20.9422285714286,75.5268428571429,0,0,1,53.2508571428571,34.4187714285714,25.8090142857143,30.9553714285714,25,,,,,70758,2025-10-26,5212501,Luziania,GO,2025,44
1760832000000,202543,50.0,50,50,50,0.67094773,25.456175,0,1,521250120254320683,2026-08-18,Luziânia,,1.0943156,196416,17.9998428571429,77.2951714285714,0,0,1,60.1636,42.3988857142857,21.8461571428571,26.2166,35,,,,,70758,2025-10-19,5212501,Luziania,GO,2025,43
1760227200000,202542,48.0,48,48,48,0.45794043,24.437927,0,1,521250120254220683,2026-08-18,Luziânia,,0.9788728,196416,20.8432285714286,79.6710285714286,0,0,1,57.3423857142857,37.2106714285714,25.6496,30.9852285714286,25,,,,,70758,2025-10-12,5212501,Luziania,GO,2025,42
1759622400000,202541,40.0,40,40,40,0.06393284,20.36494,0,1,521250120254120683,2026-08-18,Luziânia,,0.7309549,196416,20.9110714285714,51.1739,0,0,1,34.1683714285714,21.2978,27.0247285714286,33.0484714285714,21,,,,,70758,2025-10-05,5212501,Luziania,GO,2025,41
1759017600000,202540,51.0,51,51,51,0.30110765,25.965298,0,1,521250120254020683,2026-08-18,Luziânia,,0.9045926,196416,18.5626285714286,48.7371857142857,0,0,1,32.0154857142857,18.2259142857143,25.2003142857143,31.9147428571429,36,,,,,70758,2025-09-28,5212501,Luziania,GO,2025,40
1758412800000,202539,51.0,51,51,51,0.5730089,25.965298,0,1,521250120253920683,2026-08-18,Luziânia,,1.0373068,196416,19.6553285714286,79.4580285714286,0,0,1,60.0827857142857,38.9014571428571,24.2347142857143,29.4677142857143,37,,,,,70758,2025-09-21,5212501,Luziania,GO,2025,39
1757808000000,202538,72.0,72,72,72,0.99800706,36.65689,0,1,521250120253820683,2026-08-18,Luziânia,,1.7302837,196416,20.9002857142857,58.5877285714286,0,1,1,41.3593428571429,25.6611142857143,26.2239571428571,31.9156285714286,52,,,,,70758,2025-09-14,5212501,Luziania,GO,2025,38
1757203200000,202537,42.0,42,42,42,0.78499883,21.383186,0,1,521250120253720683,2026-08-18,Luziânia,,1.1961732,196416,18.8727428571429,40.5068714285714,0,0,1,26.3260285714286,15.8196714285714,26.0514142857143,32.9283,31,,,,,70758,2025-09-07,5212501,Luziania,GO,2025,37
1756598400000,202536,41.0,41,41,41,0.9515191,20.874063,0,1,521250120253620683,2026-08-18,Luziânia,,1.4961915,196416,18.2914571428571,56.4064428571429,0,1,1,41.2062142857143,27.5251428571429,23.3536142857143,28.5180714285714,28,,,,,70758,2025-08-31,5212501,Luziania,GO,2025,36
1755993600000,202535,41.0,41,41,41,0.9878159,20.874063,0,1,521250120253520683,2026-08-18,Luziânia,,1.7672825,196416,18.3633142857143,49.7089714285714,0,1,1,36.0221857142857,23.2217714285714,24.1075142857143,29.8936285714286,22,,,,,70758,2025-08-24,5212501,Luziania,GO,2025,35
1755388800000,202534,22.0,22,22,22,0.409834,11.200717,0,1,521250120253420683,2026-08-18,Luziânia,,0.93521637,196416,16.5464714285714,47.3412428571429,0,0,0,32.3117142857143,18.2669,23.1421714285714,29.8655428571429,16,,,,,70758,2025-08-17,5212501,Luziania,GO,2025,34
1754784000000,202533,21.0,21,21,21,0.26511595,10.691593,0,1,521250120253320683,2026-08-18,Luziânia,,0.8324765,196416,14.9877142857143,52.8091571428571,0,0,0,36.5681,22.7888428571429,21.5603571428571,28.4545,14,,,,,70758,2025-08-10,5212501,Luziania,GO,2025,33
1754179200000,202532,24.0,24,24,24,0.36128607,12.218964,0,1,521250120253220683,2026-08-18,Luziânia,,0.9056039,196416,16.1936571428571,59.3078571428571,0,0,1,43.4228,27.7433857142857,21.6107285714286,27.3499857142857,11,,,,,70758,2025-08-03,5212501,Luziania,GO,2025,32
1753574400000,202531,25.0,25,25,25,0.37939453,12.728087,0,1,521250120253120676,2026-08-11,Luziânia,,0.9190981,196416,15.8617,59.9835857142857,0,0,1,43.6485,26.8693571428571,21.7396571428571,27.9637285714286,12,,,,,70758,2025-07-27,5212501,Luziania,GO,2025,31
1752969600000,202530,28.0,28,28,28,0.47884768,14.255458,0,1,521250120253020671,2026-08-06,Luziânia,,0.98607457,196416,15.8323428571429,64.5514,0,0,1,44.7958857142857,27.8408142857143,21.8967285714286,28.1094142857143,12,,,,,70758,2025-07-20,5212501,Luziania,GO,2025,30
1752364800000,202529,26.0,26,26,26,0.24011219,13.237211,0,1,521250120252920662,2026-07-28,Luziânia,,0.83064175,196416,14.2544571428571,65.4478857142857,0,0,1,47.9520571428571,29.9624285714286,19.5832285714286,25.2263714285714,15,,,,,70758,2025-07-13,5212501,Luziania,GO,2025,29
1751760000000,202528,29.0,29,29,29,0.17784445,14.764582,0,1,521250120252820654,2026-07-20,Luziânia,,0.7963887,196416,14.5135142857143,66.5822857142857,0,0,1,50.1543571428571,32.9586571428571,19.4050428571429,24.7188571428571,15,,,,,70758,2025-07-06,5212501,Luziania,GO,2025,28
1751155200000,202527,28.0,28,28,28,0.055820182,14.255458,0,1,521250120252720647,2026-07-13,Luziânia,,0.6811958,196416,14.7249857142857,72.6668285714286,0,0,1,53.0753857142857,33.4236714285714,20.1588714285714,25.9477714285714,17,,,,,70758,2025-06-29,5212501,Luziania,GO,2025,27
1750550400000,202526,38.0,38,38,38,0.2221153,19.346693,0,1,521250120252620642,2026-07-08,Luziânia,,0.84579784,196416,15.4499428571429,81.0370142857143,0,0,1,59.7431571428571,36.8609857142857,20.7473,26.8546142857143,29,,,,,70758,2025-06-22,5212501,Luziania,GO,2025,26
1749945600000,202525,43.0,43,43,43,0.2456609,21.892311,0,1,521250120252520636,2026-07-02,Luziânia,,0.8671179,196416,15.4252714285714,70.694,0,0,1,54.9149285714286,35.8928285714286,20.0012428571429,25.3478571428571,30,,,,,70758,2025-06-15,5212501,Luziania,GO,2025,25
1749340800000,202524,42.0,42,42,42,0.053226244,21.383186,0,1,521250120252420627,2026-06-23,Luziânia,,0.7235827,196416,16.0427857142857,78.3426142857143,0,0,1,59.9529714285714,39.0432428571429,20.8403428571429,26.1930571428571,28,,,,,70758,2025-06-08,5212501,Luziania,GO,2025,24
1748736000000,202523,53.0,53,53,53,0.030501092,26.983545,0,1,521250120252320621,2026-06-17,Luziânia,,0.7162708,196416,16.8470714285714,84.2183857142857,0,0,1,64.5263857142857,43.1210714285714,21.8665,27.2543285714286,37,,,,,70758,2025-06-01,5212501,Luziania,GO,2025,23
1748131200000,202522,47.0,47,47,47,9.17862e-05,23.928804,0,1,521250120252220619,2026-06-15,Luziânia,,0.5203524,196416,15.8213857142857,82.9634571428571,0,0,1,64.7026,43.3575571428571,20.7236857142857,26.0550571428571,31,,,,,70758,2025-05-25,5212501,Luziania,GO,2025,22
1747526400000,202521,77.0,77,77,77,0.060237437,39.20251,0,1,521250120252120608,2026-06-04,Luziânia,,0.79026604,196416,15.2998,81.3843285714286,0,0,1,62.5444571428571,40.7514142857143,20.4481285714286,25.9975142857143,50,,,,,70758,2025-05-18,5212501,Luziania,GO,2025,21
1746921600000,202520,94.0,94,94,94,0.52550805,47.85761,0,1,521250120252020599,2026-05-26,Luziânia,,1.0093776,196416,17.602,81.3371,0,0,1,66.3995857142857,47.3310142857143,21.3469,25.5102142857143,61,,,,,70758,2025-05-11,5212501,Luziania,GO,2025,20
1746316800000,202519,109.0,109,109,109,0.9732556,55.49446,0,1,521250120251920592,2026-05-19,Luziânia,,1.3230033,196416,17.1685857142857,82.7866,0,1,1,65.5408571428571,45.4823428571429,21.9546142857143,26.9671142857143,81,,,,,70758,2025-05-04,5212501,Luziania,GO,2025,19
1745712000000,202518,90.0,90,90,90,0.913969,45.821114,0,2,521250120251820587,2026-05-14,Luziânia,,1.2388952,196416,18.9940428571429,94.0154285714286,1,0,1,80.2104714285714,61.9464285714286,22.4581,26.6267142857143,69,,,,,70758,2025-04-27,5212501,Luziania,GO,2025,18
1745107200000,202517,93.0,93,93,93,0.9219589,47.348484,0,1,521250120251720578,2026-05-05,Luziânia,,1.2450387,196416,19.4050285714286,93.4947857142857,1,0,1,77.7182571428571,57.0074428571429,23.3031857142857,27.8012714285714,63,,,,,70758,2025-04-20,5212501,Luziania,GO,2025,17
1744502400000,202516,54.0,54,54,54,0.010709222,27.492668,0,1,521250120251620571,2026-04-28,Luziânia,,0.6707213,196416,19.4659857142857,95.5206285714286,1,0,1,82.2915571428571,62.8512285714286,22.7843285714286,27.1133,42,,,,,70758,2025-04-13,5212501,Luziania,GO,2025,16
1743897600000,202515,77.0,77,77,77,0.3303984,39.20251,0,1,521250120251520566,2026-04-23,Luziânia,,0.9330238,196416,19.3166,87.3445714285714,0,0,1,72.3787857142857,53.2743714285714,22.9874714285714,27.3927142857143,57,,,,,70758,2025-04-06,5212501,Luziania,GO,2025,15
1743292800000,202514,88.0,88,88,88,0.5932748,44.802868,0,1,521250120251420557,2026-04-14,Luziânia,,1.0364572,196416,19.5705571428571,85.6284857142857,0,0,1,66.9795,45.1658571428571,24.2518571428571,29.2554285714286,56,,,,,70758,2025-03-30,5212501,Luziania,GO,2025,14
1742688000000,202513,78.0,78,78,78,0.28842208,39.71163,0,1,521250120251320552,2026-04-09,Luziânia,,0.9164925,196416,19.6668428571429,96.8782857142857,1,0,1,80.4538714285714,57.7503428571429,23.3318,27.9241142857143,54,,,,,70758,2025-03-23,5212501,Luziania,GO,2025,13
1742083200000,202512,84.0,84,84,84,0.45156738,42.766373,0,1,521250120251220543,2026-03-31,Luziânia,,0.9815269,196416,20.3545714285714,89.4327428571429,0,0,1,68.3471,45.0284285714286,24.9655142857143,30.0802285714286,58,,,,,70758,2025-03-16,5212501,Luziania,GO,2025,12
1741478400000,202511,99.0,99,99,99,0.44413918,50.403225,0,1,521250120251120535,2026-03-23,Luziânia,,0.98036796,196416,20.7495142857143,78.5606285714286,0,0,1,57.8317285714286,36.4418571428571,25.9076857142857,31.4945714285714,77,,,,,70758,2025-03-09,5212501,Luziania,GO,2025,11
1740873600000,202510,62.0,62,62,62,5.1764e-06,31.565657,0,1,521250120251020529,2026-03-17,Luziânia,,0.5124936,196416,19.8253285714286,72.5828428571429,0,0,1,58.8451714285714,42.5474857142857,24.0137285714286,28.5774857142857,35,,,,,70758,2025-03-02,5212501,Luziania,GO,2025,10
1740268800000,202509,101.0,101,101,101,0.022196095,51.421474,0,1,521250120250920521,2026-03-09,Luziânia,,0.7677202,196416,19.9122571428571,84.5133714285714,0,0,1,66.8638428571429,48.3990285714286,24.1919571428571,29.0815857142857,62,,,,,70758,2025-02-23,5212501,Luziania,GO,2025,9
1739664000000,202508,136.0,136,136,136,0.603851,69.24079,0,1,521250120250820516,2026-03-04,Luziânia,,1.0326627,196416,19.6084,82.1059714285714,0,0,1,60.1789857142857,38.4921428571429,24.991,30.3535285714286,74,,,,,70758,2025-02-16,5212501,Luziania,GO,2025,8
1739059200000,202507,125.0,125,125,125,0.7054803,63.640438,0,2,521250120250720508,2026-02-24,Luziânia,,1.0718759,196416,19.1021,93.5381714285714,1,0,1,74.9543285714286,52.3415285714286,23.2940714285714,28.0537571428571,91,,,,,70758,2025-02-09,5212501,Luziania,GO,2025,7
1738454400000,202506,151.0,151,151,151,0.99991506,76.87765,0,3,521250120250620503,2026-02-19,Luziânia,,1.6290895,196416,19.2546142857143,90.4354,1,1,1,72.9058428571429,52.4125857142857,23.1469428571429,27.4836714285714,104,,,,,70758,2025-02-02,5212501,Luziania,GO,2025,6
1737849600000,202505,118.0,118,118,118,0.99968433,60.076572,0,2,521250120250520495,2026-02-11,Luziânia,,1.6544966,196416,19.9964714285714,94.7363142857143,1,1,1,80.8134571428571,62.9561142857143,23.2048714285714,26.9389142857143,72,,,,,70758,2025-01-26,5212501,Luziania,GO,2025,5
1737244800000,202504,93.0,93,93,93,0.99636674,47.348484,0,2,521250120250420491,2026-02-07,Luziânia,,1.5495819,196416,19.2022857142857,93.4960857142857,1,1,1,75.9284857142857,54.8603142857143,23.7293142857143,29.1330142857143,57,,,,,70758,2025-01-19,5212501,Luziania,GO,2025,4
1736640000000,202503,65.0,65,65,65,0.8114249,33.093025,0,2,521250120250320486,2026-02-02,Luziânia,,1.174342,196416,19.6989142857143,95.5885142857143,1,0,1,85.8186428571429,71.2276857142857,22.0736857142857,25.0209428571429,42,,,,,70758,2025-01-12,5212501,Luziania,GO,2025,3
1736035200000,202502,52.0,52,52,52,0.4935465,26.474422,0,2,521250120250220459,2026-01-06,Luziânia,,0.9968475,196416,19.7657,95.8377857142857,1,0,1,83.8754714285714,67.2809285714286,22.6963714285714,26.5585,34,,,,,70758,2025-01-05,5212501,Luziania,GO,2025,2
1735430400000,202501,65.0,65,65,65,0.8651525,33.093025,0,2,521250120250120459,2026-01-06,Luziânia,,1.2250357,196416,19.2901142857143,96.8927714285714,1,0,1,83.7704428571429,63.7569428571429,22.3126857142857,26.5063714285714,41,,,,,70758,2024-12-29,5212501,Luziania,GO,2025,1
1734825600000,202452,39.0,39,39,39,0.033623666,19.855816,0,2,521250120245220437,2025-12-15,Luziânia,,0.6868704,196416,20.1405285714286,96.6789142857143,1,0,1,85.6797428571429,65.7862714285714,22.4934857142857,26.2449571428571,26,,,,,70758,2024-12-22,5212501,Luziania,GO,2024,52
1734220800000,202451,64.0,64,64,64,0.59158355,32.583904,0,2,521250120245120437,2025-12-15,Luziânia,,1.0420939,196416,20.0336285714286,96.2057,1,0,1,80.7173,57.6593428571429,23.3237428571429,28.2942285714286,48,,,,,70758,2024-12-15,5212501,Luziania,GO,2024,51
1733616000000,202450,41.0,41,41,41,0.049556166,20.874063,0,2,521250120245020437,2025-12-15,Luziânia,,0.71630085,196416,19.9702857142857,92.1491285714286,1,0,1,73.7517,52.3156428571429,24.3780285714286,29.1644,33,,,,,70758,2024-12-08,5212501,Luziania,GO,2024,50
1733011200000,202449,82.0,82,82,82,0.99828076,41.748127,0,2,521250120244920431,2025-12-09,Luziânia,,1.6793449,196416,19.5263142857143,92.9492571428571,1,1,1,75.7741428571429,55.2483857142857,23.6926714285714,28.0768142857143,59,,,,,70758,2024-12-01,5212501,Luziania,GO,2024,49
1732406400000,202448,51.0,51,51,51,0.87342364,25.965298,0,2,521250120244820425,2025-12-03,Luziânia,,1.2701453,196416,19.6153285714286,92.7276714285714,1,0,1,77.3711,59.2134,23.1624428571429,27.3951714285714,31,,,,,70758,2024-11-24,5212501,Luziania,GO,2024,48
1731801600000,202447,52.0,52,52,52,0.9852013,26.474422,0,2,521250120244720418,2025-11-26,Luziânia,,1.613498,196416,19.4723428571429,96.5357285714286,1,1,1,81.3289142857143,61.0147285714286,23.0234428571429,27.3500857142857,38,,,,,70758,2024-11-17,5212501,Luziania,GO,2024,47
1731196800000,202446,39.0,39,39,39,0.9359337,19.855816,0,2,521250120244620410,2025-11-18,Luziânia,,1.4565823,196416,19.3425714285714,96.3180285714286,1,0,1,82.8986428571429,61.8722571428571,22.3927857142857,26.8605428571429,29,,,,,70758,2024-11-10,5212501,Luziania,GO,2024,46
1730592000000,202445,33.0,33,33,33,0.90567833,16.801075,0,2,521250120244520403,2025-11-11,Luziânia,,1.4199739,196416,19.6175285714286,94.5152714285714,1,0,1,83.0534571428571,66.8355857142857,22.2514857142857,25.8405285714286,22,,,,,70758,2024-11-03,5212501,Luziania,GO,2024,45
1729987200000,202444,21.0,21,21,21,0.72991556,10.691593,0,2,521250120244420395,2025-11-03,Luziânia,,1.216999,196416,19.566,94.0321857142857,1,0,1,79.5475285714286,63.1146428571429,22.7369285714286,26.2998,16,,,,,70758,2024-10-27,5212501,Luziania,GO,2024,44
1729382400000,202443,31.0,31,31,31,0.9989449,15.782828,0,1,521250120244320389,2025-10-28,Luziânia,,2.6879973,196416,20.1268857142857,95.4264714285714,1,1,1,80.7594857142857,57.687,23.4733714285714,28.1463428571429,18,,,,,70758,2024-10-20,5212501,Luziania,GO,2024,43
1728777600000,202442,14.0,14,14,14,0.8585469,7.127729,0,1,521250120244220381,2025-10-20,Luziânia,,1.5609751,196416,19.9048285714286,92.5348,1,0,0,76.2128428571429,52.7640857142857,23.6527857142857,28.5765285714286,11,,,,,70758,2024-10-13,5212501,Luziania,GO,2024,42
1728172800000,202441,11.0,11,11,11,0.6596861,5.6003585,0,1,521250120244120375,2025-10-14,Luziânia,,1.1969786,196416,22.3938285714286,70.9820142857143,0,0,0,54.0940714285714,33.3420857142857,27.2846714285714,32.9811285714286,7,,,,,70758,2024-10-06,5212501,Luziania,GO,2024,41
1727568000000,202440,6.0,6,6,6,0.13137977,3.054741,0,1,521250120244020367,2025-10-06,Luziânia,,0.5775263,196416,21.1384714285714,50.6468428571429,0,0,0,31.8882714285714,18.9664571428571,28.0339714285714,34.1865714285714,2,,,,,70758,2024-09-29,5212501,Luziania,GO,2024,40
1726963200000,202439,11.0,11,11,11,0.38556355,5.6003585,0,1,521250120243920363,2025-10-02,Luziânia,,0.8884404,196416,21.5253428571429,45.3411142857143,0,0,0,29.0915285714286,17.1985714285714,28.2075428571429,34.4527714285714,5,,,,,70758,2024-09-22,5212501,Luziania,GO,2024,39
1726358400000,202438,8.0,8,8,8,0.09694552,4.072988,0,1,521250120243820353,2025-09-22,Luziânia,,0.5743723,196416,20.2475714285714,50.0182142857143,0,0,0,33.2680571428571,20.0921428571429,26.7237142857143,32.8288285714286,4,,,,,70758,2024-09-15,5212501,Luziania,GO,2024,38
1725753600000,202437,14.0,14,14,14,0.43430528,7.127729,0,1,521250120243720346,2025-09-15,Luziânia,,0.94110817,196416,17.9848428571429,43.9833142857143,0,0,0,31.0435285714286,18.8732714285714,24.9345,31.6324714285714,11,,,,,70758,2024-09-08,5212501,Luziania,GO,2024,37
1725148800000,202436,14.0,14,14,14,0.31490552,7.127729,0,1,521250120243620339,2025-09-08,Luziânia,,0.8418688,196416,16.7426857142857,44.6958142857143,0,0,0,26.1380857142857,13.5657,25.1970285714286,32.9021142857143,8,,,,,70758,2024-09-01,5212501,Luziania,GO,2024,36
1724544000000,202435,15.0,15,15,15,0.13397427,7.6368523,0,1,521250120243520332,2025-09-01,Luziânia,,0.69420385,196416,17.0844285714286,60.8945571428571,0,0,0,42.3187428571429,24.8353857142857,23.3189571428571,29.8636285714286,10,,,,,70758,2024-08-25,5212501,Luziania,GO,2024,35
1723939200000,202434,15.0,15,15,15,0.014900562,7.6368523,0,1,521250120243420328,2025-08-28,Luziânia,,0.51417947,196416,15.8495857142857,50.9228714285714,0,0,0,31.2689142857143,16.8552571428571,23.6083285714286,30.9579142857143,8,,,,,70758,2024-08-18,5212501,Luziania,GO,2024,34
1723334400000,202433,18.0,18,18,18,0.012267408,9.164223,0,1,521250120243320321,2025-08-21,Luziânia,,0.5303158,196416,14.8350285714286,56.3354285714286,0,0,0,37.6670285714286,20.9090857142857,22.0103857142857,29.5773285714286,12,,,,,70758,2024-08-11,5212501,Luziania,GO,2024,33
1722729600000,202432,32.0,32,32,32,0.3095061,16.291952,0,1,521250120243220312,2025-08-12,Luziânia,,0.8870061,196416,15.4902142857143,68.7066428571429,0,0,1,46.7047,29.0844142857143,21.4737142857143,27.3892428571429,25,,,,,70758,2024-08-04,5212501,Luziania,GO,2024,32
1722124800000,202431,39.0,39,39,39,0.33206135,19.855816,0,1,521250120243120305,2025-08-05,Luziânia,,0.90889597,196416,16.3774857142857,65.4434,0,0,1,46.8066571428571,28.4051142857143,21.8997571428571,27.5959571428571,27,,,,,70758,2024-07-28,5212501,Luziania,GO,2024,31
1721520000000,202430,30.0,30,30,30,0.0019369137,15.273705,0,1,521250120243020298,2025-07-29,Luziânia,,0.53082424,196416,12.9855571428571,66.8569428571429,0,0,1,45.9843714285714,27.5355571428571,19.7084142857143,26.5687285714286,24,,,,,70758,2024-07-21,5212501,Luziania,GO,2024,30
1720915200000,202429,40.0,40,40,40,0.0011117056,20.36494,0,1,521250120242920291,2025-07-22,Luziânia,,0.55536854,196416,13.2440428571429,70.8538285714286,0,0,1,48.5165142857143,29.5887,19.7166285714286,26.1591428571429,33,,,,,70758,2024-07-14,5212501,Luziania,GO,2024,29
1720310400000,202428,54.0,54,54,54,0.008671681,27.492668,0,1,521250120242820283,2025-07-14,Luziânia,,0.6624476,196416,15.3209857142857,68.0594857142857,0,0,1,45.7208428571429,25.1791571428571,21.8092285714286,28.4826714285714,43,,,,,70758,2024-07-07,5212501,Luziania,GO,2024,28
1719705600000,202427,76.0,76,76,76,0.12945667,38.693386,0,1,521250120242720278,2025-07-09,Luziânia,,0.8395675,196416,14.7971285714286,67.7770142857143,0,0,1,47.3158857142857,29.0004571428571,20.8318,26.9827285714286,58,,,,,70758,2024-06-30,5212501,Luziania,GO,2024,27
1719100800000,202426,92.0,92,92,92,0.066303134,46.839363,0,1,521250120242620269,2025-06-30,Luziânia,,0.81060797,196416,14.9376571428571,71.4221857142857,0,0,1,48.7681428571429,27.9085428571429,21.0653571428571,27.4287142857143,72,,,,,70758,2024-06-23,5212501,Luziania,GO,2024,26
1718496000000,202425,68.0,68,68,68,8.9e-09,34.620396,0,1,521250120242520262,2025-06-23,Luziânia,,0.4534319,196416,14.6095,74.1999,0,0,1,54.0414428571429,32.8869,20.2207428571429,26.2037428571429,49,,,,,70758,2024-06-16,5212501,Luziania,GO,2024,25
1717891200000,202424,119.0,119,119,119,8.082e-07,60.585697,0,1,521250120242420255,2025-06-16,Luziânia,,0.5814495,196416,14.9736571428571,78.1349142857143,0,0,1,57.0106,35.2322142857143,20.8400571428571,27.0157571428571,115,,,,,70758,2024-06-09,5212501,Luziania,GO,2024,24
1717286400000,202423,136.0,136,136,136,0.0,69.24079,0,1,521250120242320249,2025-06-10,Luziânia,,0.48393044,196416,16.6727285714286,78.6454571428571,0,0,1,59.5836857142857,40.0226428571429,21.2147571428571,26.0417571428571,105,,,,,70758,2024-06-02,5212501,Luziania,GO,2024,23
1716681600000,202422,193.0,193,193,193,4.440892e-16,98.26083,0,4,521250120242220241,2025-06-02,Luziânia,,0.5024491,196416,16.6360714285714,78.1020285714286,0,0,2,57.3125285714286,35.0027714285714,21.6732,27.2284428571429,135,,,,,70758,2024-05-26,5212501,Luziania,GO,2024,22
1716076800000,202421,276.0,276,276,276,0.0,140.51808,0,4,521250120242120236,2025-05-28,Luziânia,,0.5262639,196416,17.5617285714286,77.2210857142857,0,0,2,57.2159,36.2825857142857,22.6522714285714,28.2118142857143,224,,,,,70758,2024-05-19,5212501,Luziania,GO,2024,21
1715472000000,202420,355.0,355,355,355,0.0,180.73885,0,4,521250120242020227,2025-05-19,Luziânia,,0.5004238,196416,16.4977285714286,78.0624285714286,0,0,2,54.9346428571429,32.6833428571429,22.8477285714286,29.0653571428571,311,,,,,70758,2024-05-12,5212501,Luziania,GO,2024,20
1714867200000,202419,517.0,517,517,517,0.0,263.21686,0,4,521250120241920224,2025-05-16,Luziânia,,0.5536395,196416,16.9114285714286,80.5829142857143,0,0,2,60.9738285714286,39.7080857142857,22.3472571428571,28.2011285714286,421,,,,,70758,2024-05-05,5212501,Luziania,GO,2024,19
1714262400000,202418,663.0,663,663,663,0.0,337.5489,0,4,521250120241820214,2025-05-06,Luziânia,,0.5725057,196416,18.4330142857143,82.4070571428571,0,0,2,59.7271714285714,37.9628,24.1347857142857,29.6031428571429,551,,,,,70758,2024-04-28,5212501,Luziania,GO,2024,18
1713657600000,202417,956.0,956,956,956,2.220446e-16,486.72205,0,4,521250120241720206,2025-04-28,Luziânia,,0.71062577,196416,18.4932285714286,86.3211142857143,0,0,2,66.9718285714286,44.6475285714286,23.3589142857143,28.5115,774,,,,,70758,2024-04-21,5212501,Luziania,GO,2024,17
1713052800000,202416,1166.0,1166,1166,1166,5.2e-09,593.638,0,4,521250120241620200,2025-04-22,Luziânia,,0.79919153,196416,19.9766142857143,87.0438428571429,0,0,2,71.0985142857143,53.8012142857143,23.7930857142857,27.8829142857143,966,,,,,70758,2024-04-14,5212501,Luziania,GO,2024,16
1712448000000,202415,1387.0,1387,1387,1387,0.0005542883,706.1543,0,4,521250120241520192,2025-04-14,Luziânia,,0.8867749,196416,19.9908571428571,88.5107714285714,0,0,2,73.9604714285714,55.5774428571429,23.5711857142857,27.6109,1110,,,,,70758,2024-04-07,5212501,Luziania,GO,2024,15
1711843200000,202414,1553.0,1553,1553,1553,0.0002999311,790.66876,0,4,521250120241420188,2025-04-10,Luziânia,,0.8873549,196416,20.0710714285714,97.7537714285714,1,0,2,84.0771571428571,65.8095,23.3501142857143,27.3971571428571,1210,,,,,70758,2024-03-31,5212501,Luziania,GO,2024,14
1711238400000,202413,1369.0,1369,1369,1369,0.0,696.99005,0,4,521250120241320178,2025-03-31,Luziânia,,0.7331354,196416,19.8809857142857,96.1456,1,0,2,84.0253285714286,63.4354857142857,22.6686714285714,26.6887428571429,1088,,,,,70758,2024-03-24,5212501,Luziania,GO,2024,13
1710633600000,202412,1859.0,1859,1859,1859,0.46194643,946.4606,0,4,521250120241220171,2025-03-24,Luziânia,,0.9968743,196416,21.1741714285714,93.7576571428571,1,0,2,78.6727857142857,59.2287857142857,24.7813,29.0343571428571,1514,,,,,70758,2024-03-17,5212501,Luziania,GO,2024,12
1710028800000,202411,2028.0,2028,2028,2028,0.9988177,1032.5024,0,4,521250120241120165,2025-03-18,Luziânia,,1.10277,196416,20.7988285714286,93.8969428571429,1,1,2,78.7569428571429,57.6811142857143,24.5703571428571,28.9940571428571,1640,,,,,70758,2024-03-10,5212501,Luziania,GO,2024,11
1709424000000,202410,1736.0,1736,1736,1736,0.68972754,883.8384,0,4,521250120241020158,2025-03-11,Luziânia,,1.0170162,196416,20.4935428571429,93.9454428571429,1,0,2,78.0911857142857,58.6522714285714,24.3185142857143,28.5372,1394,,,,,70758,2024-03-03,5212501,Luziania,GO,2024,10
1708819200000,202409,1966.0,1966,1966,1966,1.0,1000.93677,0,4,521250120240920153,2025-03-06,Luziânia,,1.368853,196416,19.9283142857143,87.9283428571429,0,1,2,67.3413142857143,45.3881,25.0245142857143,30.217,1606,,,,,70758,2024-02-25,5212501,Luziania,GO,2024,9
1708214400000,202408,1835.0,1835,1835,1835,1.0,934.24164,0,4,521250120240820145,2025-02-26,Luziânia,,1.6030566,196416,20.0761714285714,95.5226714285714,1,1,2,85.503,68.4905571428571,22.5878714285714,26.3069142857143,1413,,,,,70758,2024-02-18,5212501,Luziania,GO,2024,8
1707609600000,202407,1408.0,1408,1408,1408,1.0,716.8459,0,4,521250120240720137,2025-02-18,Luziânia,,1.6153551,196416,19.4970142857143,91.0183428571429,1,1,2,77.2575,59.2089428571429,23.1620571428571,27.4625,1087,,,,,70758,2024-02-11,5212501,Luziania,GO,2024,7
1707004800000,202406,1121.0,1121,1121,1121,1.0,570.7274,0,4,521250120240620130,2025-02-11,Luziânia,,1.8653373,196416,19.9291714285714,96.3277428571429,1,1,2,83.4898,64.3579428571429,22.7783428571429,26.7175285714286,793,,,,,70758,2024-02-04,5212501,Luziania,GO,2024,6
1706400000000,202405,939.0,939,939,939,1.0,478.06696,0,4,521250120240520123,2025-02-04,Luziânia,,2.4150002,196416,19.7196857142857,93.9233142857143,1,1,2,78.4059285714286,58.4327428571429,23.2771714285714,27.6302857142857,645,,,,,70758,2024-01-28,5212501,Luziania,GO,2024,5
1705795200000,202404,535.0,535,535,535,1.0,272.38107,0,4,521250120240420116,2025-01-28,Luziânia,,2.1366355,196416,20.3775714285714,93.4799857142857,1,1,2,79.6361857142857,61.1024142857143,23.5040428571429,27.4167,355,,,,,70758,2024-01-21,5212501,Luziania,GO,2024,4
1705190400000,202403,356.0,356,356,356,1.0,181.24797,0,4,521250120240320109,2025-01-21,Luziânia,,2.3941426,196416,20.2256,93.1742142857143,1,1,2,73.3727428571429,50.4807142857143,24.8001285714286,29.4668285714286,233,,,,,70758,2024-01-14,5212501,Luziania,GO,2024,3
1704585600000,202402,240.0,240,240,240,1.0,122.18964,0,2,521250120240220102,2025-01-14,Luziânia,,3.4251306,196416,19.7335714285714,96.7207285714286,1,1,2,83.0858857142857,64.5286142857143,23.1066428571429,27.1415857142857,189,,,,,70758,2024-01-07,5212501,Luziania,GO,2024,2
1703980800000,202401,156.0,156,156,156,1.0,79.42326,0,1,521250120240120095,2025-01-07,Luziânia,,4.889028,196416,20.2891,96.4478714285714,1,1,1,85.8035714285714,70.8331,22.6907,25.7398857142857,120,,,,,70758,2023-12-31,5212501,Luziania,GO,2024,1
1703376000000,202352,33.0,33,33,33,0.8027411,16.801075,0,1,521250120235220087,2024-12-30,Luziânia,,1.2459571,196416,20.9832428571429,95.2193857142857,1,0,1,77.8837857142857,53.5214,24.7622142857143,29.712,27,,,,,70758,2023-12-24,5212501,Luziania,GO,2023,52
1702771200000,202351,20.0,20,20,20,0.05314363,10.18247,0,1,521250120235120080,2024-12-23,Luziânia,,0.6361232,196416,20.6406142857143,85.4552714285714,0,0,1,68.191,51.2810428571429,24.5738571428571,28.7741571428571,20,,,,,70758,2023-12-17,5212501,Luziania,GO,2023,51
1702166400000,202350,22.0,22,22,22,0.048838045,11.200717,0,1,521250120235020074,2024-12-17,Luziânia,,0.64173317,196416,21.4129857142857,80.3267714285714,0,0,1,58.1948714285714,35.7008571428571,26.2721571428571,31.7494428571429,19,,,,,70758,2023-12-10,5212501,Luziania,GO,2023,50
1701561600000,202349,38.0,38,38,38,0.5789318,19.346693,0,1,521250120234920067,2024-12-10,Luziânia,,1.0470325,196416,20.3874428571429,87.5472428571429,0,0,1,68.4851857142857,45.4276857142857,24.9819,30.1295285714286,34,,,,,70758,2023-12-03,5212501,Luziania,GO,2023,49
1700956800000,202348,32.0,32,32,32,0.26429582,16.291952,0,1,521250120234820060,2024-12-03,Luziânia,,0.86002237,196416,21.0511857142857,89.5171285714286,0,0,1,67.7223142857143,44.9745285714286,25.4054428571429,30.2841857142857,27,,,,,70758,2023-11-26,5212501,Luziania,GO,2023,48
1700352000000,202347,36.0,36,36,36,0.545512,18.328445,0,1,521250120234720056,2024-11-29,Luziânia,,1.0273384,196416,21.2548428571429,91.925,1,0,1,70.0029,46.28,25.6493142857143,30.6008142857143,28,,,,,70758,2023-11-19,5212501,Luziania,GO,2023,47
1699747200000,202346,42.0,42,42,42,0.85514,21.383186,0,1,521250120234620046,2024-11-19,Luziânia,,1.2766093,196416,21.0896857142857,74.8614142857143,0,0,1,49.7072571428571,28.7524285714286,27.4335857142857,34.0210857142857,28,,,,,70758,2023-11-12,5212501,Luziania,GO,2023,46
1699142400000,202345,34.0,34,34,34,0.61446506,17.310198,0,1,521250120234520039,2024-11-12,Luziânia,,1.0739973,196416,19.5544285714286,78.5502,0,0,1,54.9544857142857,32.1242428571429,25.7790714285714,32.3017142857143,22,,,,,70758,2023-11-05,5212501,Luziania,GO,2023,45
1698537600000,202344,30.0,30,30,30,0.50261414,15.273705,0,1,521250120234420032,2024-11-05,Luziânia,,1.0016823,196416,20.4626571428571,90.0293428571429,1,0,1,71.2739714285714,46.9710714285714,24.8303428571429,30.6197857142857,21,,,,,70758,2023-10-29,5212501,Luziania,GO,2023,44
1697932800000,202343,37.0,37,37,37,0.73490006,18.83757,0,1,521250120234320026,2024-10-30,Luziânia,,1.1625544,196416,20.4711285714286,86.5968142857143,0,0,1,66.7121714285714,42.4076142857143,25.0608571428571,31.0262714285714,24,,,,,70758,2023-10-22,5212501,Luziania,GO,2023,43
1697328000000,202342,25.0,25,25,25,0.05634029,12.728087,0,1,521250120234220019,2024-10-23,Luziânia,,0.6683653,196416,20.3296857142857,73.8222857142857,0,0,1,52.9903571428571,33.6002,26.0916714285714,32.2103,19,,,,,70758,2023-10-15,5212501,Luziania,GO,2023,42
1696723200000,202341,29.0,29,29,29,0.028743012,14.764582,0,1,521250120234120011,2024-10-15,Luziânia,,0.64152807,196416,20.6126285714286,87.3351,0,0,1,68.3885,45.4042285714286,25.4411571428571,31.4062142857143,22,,,,,70758,2023-10-08,5212501,Luziania,GO,2023,41
1696118400000,202340,41.0,41,41,41,0.08737939,20.874063,0,1,521250120234020005,2024-10-09,Luziânia,,0.7570344,196416,20.1452714285714,90.2974,1,0,1,71.6409285714286,46.3409428571429,24.4937857142857,30.4924142857143,31,,,,,70758,2023-10-01,5212501,Luziania,GO,2023,40
1695513600000,202339,37.0,37,37,37,0.02253356,18.83757,0,1,521250120233919998,2024-10-02,Luziânia,,0.6584904,196416,21.0617714285714,75.9903142857143,0,0,1,55.8611714285714,35.9136,26.6288142857143,32.7387857142857,26,,,,,70758,2023-09-24,5212501,Luziania,GO,2023,39
1694908800000,202338,64.0,64,64,64,0.8885168,32.583904,0,1,521250120233819990,2024-09-24,Luziânia,,1.2550743,196416,19.4056,64.7013142857143,0,0,1,44.5844,26.3412571428571,25.9003714285714,32.8130428571429,37,,,,,70758,2023-09-17,5212501,Luziania,GO,2023,38
1694304000000,202337,60.0,60,60,60,0.9130924,30.54741,0,1,521250120233719983,2024-09-17,Luziânia,,1.3024105,196416,17.9802714285714,66.7084428571429,0,0,1,48.2564285714286,31.6172714285714,23.8895571428571,30.1380428571429,31,,,,,70758,2023-09-10,5212501,Luziania,GO,2023,37
1693699200000,202336,51.0,51,51,51,0.7097351,25.965298,0,1,521250120233619978,2024-09-12,Luziânia,,1.1185764,196416,18.7742142857143,74.7584571428571,0,0,1,55.7881142857143,35.1917285714286,23.9624714285714,30.0153714285714,31,,,,,70758,2023-09-03,5212501,Luziania,GO,2023,36
1693094400000,202335,41.0,41,41,41,0.29031366,20.874063,0,1,521250120233519969,2024-09-03,Luziânia,,0.88877696,196416,18.8460428571429,91.4143142857143,1,0,1,73.0800428571429,45.8618714285714,23.1869428571429,29.4915428571429,13,,,,,70758,2023-08-27,5212501,Luziania,GO,2023,35
1692489600000,202334,47.0,47,47,47,0.6457519,23.928804,0,1,521250120233419962,2024-08-27,Luziânia,,1.0814332,196416,17.4411571428571,70.2068857142857,0,0,1,49.1013714285714,28.1731571428571,23.7530142857143,31.1635,20,,,,,70758,2023-08-20,5212501,Luziania,GO,2023,34
1691884800000,202333,47.0,47,47,47,0.83145744,23.928804,0,1,521250120233319956,2024-08-21,Luziânia,,1.2306509,196416,15.9603142857143,67.5246142857143,0,0,1,47.8628571428571,30.4426,21.8246142857143,28.1122714285714,23,,,,,70758,2023-08-13,5212501,Luziania,GO,2023,33
1691280000000,202332,49.0,49,49,49,0.8949121,24.947052,0,1,521250120233219949,2024-08-14,Luziânia,,1.3092982,196416,15.4416714285714,62.5604714285714,0,0,1,41.7443,22.4258285714286,22.6214714285714,30.5972,23,,,,,70758,2023-08-06,5212501,Luziania,GO,2023,32
1690675200000,202331,33.0,33,33,33,0.0938708,16.801075,0,1,521250120233119941,2024-08-06,Luziânia,,0.7413475,196416,14.8263285714286,70.7473857142857,0,0,1,48.2187571428571,25.6442428571429,21.4312857142857,28.9513285714286,19,,,,,70758,2023-07-30,5212501,Luziania,GO,2023,31
1690070400000,202330,34.0,34,34,34,0.018579269,17.310198,0,1,521250120233019934,2024-07-30,Luziânia,,0.63793427,196416,14.8358,75.0482571428571,0,0,1,53.7613142857143,32.2103571428571,20.8661,27.4750714285714,16,,,,,70758,2023-07-23,5212501,Luziania,GO,2023,30
1689465600000,202329,39.0,39,39,39,0.031350624,19.855816,0,1,521250120232919929,2024-07-25,Luziânia,,0.68285257,196416,16.0676285714286,77.9394857142857,0,0,1,56.5977571428571,35.2050714285714,21.5633714285714,27.5475,18,,,,,70758,2023-07-16,5212501,Luziania,GO,2023,29
1688860800000,202328,66.0,66,66,66,0.59758794,33.60215,0,1,521250120232819919,2024-07-15,Luziânia,,1.0442977,196416,14.5352285714286,77.5310428571429,0,0,1,54.8933857142857,31.2273,20.7024857142857,28.3689285714286,27,,,,,70758,2023-07-09,5212501,Luziania,GO,2023,28
1688256000000,202327,50.0,50,50,50,0.015492058,25.456175,0,1,521250120232719913,2024-07-09,Luziânia,0,0.67703456,196416,16.7142857142857,55.6458987142857,0,0,1,52.0367727142857,48.2889567142857,17.4761905714286,18.2857142857143,20,,,,,70758,2023-07-02,5212501,Luziania,GO,2023,27
1687651200000,202326,60.0,60,60,60,0.011434699,30.54741,0,1,521250120232619905,2024-07-01,Luziânia,0,0.6859076,196416,18.5714285714286,57.253633,0,0,1,54.7851431428571,52.1784072857143,19.0476191428571,19.5714285714286,30,,,,,70758,2023-06-25,5212501,Luziania,GO,2023,26
1687046400000,202325,78.0,78,78,78,0.030463334,39.71163,0,1,521250120232519898,2024-06-24,Luziânia,0,0.7563857,196416,18.0,64.0836305714286,0,0,1,60.9203788571429,57.6386442857143,18.7142857142857,19.4285714285714,43,,,,,70758,2023-06-18,5212501,Luziania,GO,2023,25
1686441600000,202324,78.0,78,78,78,0.0075350115,39.71163,0,1,521250120232419884,2024-06-10,Luziânia,,0.70093393,196416,16.3967714285714,86.1390571428571,0,0,1,66.5560857142857,42.6853285714286,21.4418714285714,27.4144857142857,43,,,,,70758,2023-06-11,5212501,Luziania,GO,2023,24
1685836800000,202323,113.0,113,113,113,0.4798291,57.530956,0,1,521250120232319884,2024-06-10,Luziânia,,0.99331665,196416,13.8922142857143,81.5184714285714,0,0,1,60.1087571428571,36.9274428571429,20.0768142857143,26.8268285714286,66,,,,,70758,2023-06-04,5212501,Luziania,GO,2023,23
1685232000000,202322,119.0,119,119,119,0.36964196,60.585697,0,1,521250120232219876,2024-06-02,Luziânia,0,0.95828086,196416,20.3,67.169108,0,0,1,63.6827369,60.2327318,21.1,21.9,70,,,,,70758,2023-05-28,5212501,Luziania,GO,2023,22
1684627200000,202321,104.0,104,104,104,0.005428336,52.948845,0,1,521250120232119869,2024-05-26,Luziânia,0,0.72244453,196416,14.0,78.9360135,0,0,1,60.0060449,41.7556427,19.1958332,24.4,68,,,,,70758,2023-05-21,5212501,Luziania,GO,2023,21
1684022400000,202320,119.0,119,119,119,0.006440761,60.585697,0,1,521250120232019863,2024-05-20,Luziânia,0,0.7417338,196416,14.8333333333333,78.6741533888889,0,0,1,54.5352862222222,34.0003195555556,20.4537035555556,25.4444444444444,47,,,,,70758,2023-05-14,5212501,Luziania,GO,2023,20
1683417600000,202319,144.0,144,144,144,0.09054933,73.31378,0,1,521250120231919856,2024-05-13,Luziânia,0,0.8593761,196416,19.875,69.332691875,0,0,1,61.188341375,52.937484875,21.7083335,23.75,48,,,,,70758,2023-05-07,5212501,Luziania,GO,2023,19
1682812800000,202318,177.0,177,177,177,0.6355746,90.11486,0,4,521250120231819849,2024-05-06,Luziânia,0,1.0378468,196416,20.2,72.555739,0,0,2,68.7814148,63.9723086,20.9333336,21.8,86,,,,,70758,2023-04-30,5212501,Luziania,GO,2023,18
1682208000000,202317,156.0,156,156,156,0.31807476,79.42326,0,4,521250120231719841,2024-04-28,Luziânia,0,0.94857377,196416,17.5652173913043,88.9228126086957,0,0,2,71.9095056521739,49.9794486086957,21.5923913913043,26.3913043478261,66,,,,,70758,2023-04-23,5212501,Luziania,GO,2023,17
1681603200000,202316,186.0,186,186,186,0.940858,94.69697,0,4,521250120231619835,2024-04-22,Luziânia,0,1.1838208,196416,18.4285714285714,91.6000642857143,1,0,2,75.3259434285714,53.8946497142857,22.0952382857143,27.0,89,,,,,70758,2023-04-16,5212501,Luziania,GO,2023,16
1680998400000,202315,168.0,168,168,168,0.7358432,85.532745,0,1,521250120231519827,2024-04-14,Luziânia,0,1.0724285,196416,19.1428571428571,94.0203,1,0,2,77.2057447142857,51.4963784285714,22.4523808571429,27.7142857142857,83,,,,,70758,2023-04-09,5212501,Luziania,GO,2023,15
1680393600000,202314,141.0,141,141,141,0.27304962,71.786415,0,1,521250120231419821,2024-04-08,Luziânia,0,0.9318976,196416,18.7142857142857,90.7521171428571,1,0,1,75.2732408571429,51.3468842857143,21.660714,26.5714285714286,60,,,,,70758,2023-04-02,5212501,Luziania,GO,2023,14
1679788800000,202313,170.0,170,170,170,0.96495,86.550995,0,4,521250120231319814,2024-04-01,Luziânia,0,1.2294805,196416,20.8571428571429,72.2697849047619,0,1,2,55.8554788095238,44.1183038571429,24.4166664761905,27.3809523809524,80,,,,,70758,2023-03-26,5212501,Luziania,GO,2023,13
1679184000000,202312,156.0,156,156,156,0.9821172,79.42326,0,3,521250120231219808,2024-03-26,Luziânia,0,1.2877042,196416,17.5454545454545,91.3497589090909,0,1,2,71.9430174545455,48.5877656363636,21.8560603636364,27.0,68,,,,,70758,2023-03-19,5212501,Luziania,GO,2023,12
1678579200000,202311,135.0,135,135,135,0.96197563,68.731674,0,1,521250120231119800,2024-03-18,Luziânia,0,1.2563597,196416,21.3,81.283395,0,1,1,81.277472,81.271548,21.35,21.4,70,,,,,70758,2023-03-12,5212501,Luziania,GO,2023,11
1677974400000,202310,135.0,135,135,135,0.9510727,68.731674,0,1,521250120231019794,2024-03-12,Luziânia,0,1.2362584,196416,22.1428571428571,70.8364115714286,0,1,1,68.8942271428571,66.952045,22.3571428571429,22.5714285714286,70,,,,,70758,2023-03-05,5212501,Luziania,GO,2023,10
1677369600000,202309,79.0,79,79,79,0.0034152435,40.220757,0,1,521250120230919786,2024-03-04,Luziânia,0,0.67732424,196416,22.0,75.1189728333333,0,0,1,72.9228621666667,70.7267544166667,22.3333333333333,22.6666666666667,31,,,,,70758,2023-02-26,5212501,Luziania,GO,2023,9
1676764800000,202308,122.0,122,122,122,0.59749347,62.113068,0,1,521250120230819780,2024-02-27,Luziânia,0,1.032316,196416,18.9473684210526,90.1438903157895,1,0,1,73.7145455789474,51.9968642105263,22.1798247368421,27.6842105263158,48,,,,,70758,2023-02-19,5212501,Luziania,GO,2023,8
1676160000000,202307,108.0,108,108,108,0.6378874,54.985336,0,1,521250120230719773,2024-02-20,Luziânia,0,1.0496976,196416,24.5714285714286,59.7649554285714,0,0,1,58.9899425714286,58.2149302857143,24.7142857142857,24.8571428571429,38,,,,,70758,2023-02-12,5212501,Luziania,GO,2023,7
1675555200000,202306,139.0,139,139,139,0.99994016,70.768166,0,1,521250120230619768,2024-02-15,Luziânia,0,1.6906978,196416,23.0,71.7624368571429,0,1,1,69.3454032857143,66.0995661428571,23.4940477142857,24.2857142857143,66,,,,,70758,2023-02-05,5212501,Luziania,GO,2023,6
1674950400000,202305,108.0,108,108,108,0.9979375,51.061897,0,1,521250120230519759,2024-02-06,Luziânia,0,1.5434862,211508,21.7142857142857,73.9629072857143,0,1,1,68.9879072857143,61.1977235714286,22.970238,24.4285714285714,49,,,,,70758,2023-01-29,5212501,Luziania,GO,2023,5
1674345600000,202304,65.0,65,65,65,0.5764358,30.731699,0,1,521250120230419752,2024-01-30,Luziânia,0,1.0345784,211508,20.5714285714286,81.7212771428571,0,0,1,81.7212771428571,81.7212771428571,20.5714285714286,20.5714285714286,21,,,,,70758,2023-01-22,5212501,Luziania,GO,2023,4
1673740800000,202303,81.0,81,81,81,0.9413961,38.296425,0,1,521250120230319747,2024-01-25,Luziânia,0,1.2996136,211508,22.1428571428571,69.4868628571429,0,0,1,69.4868628571429,69.4868628571429,22.1428571428571,22.1428571428571,25,,,,,70758,2023-01-15,5212501,Luziania,GO,2023,3
1673136000000,202302,51.0,51,51,51,0.09195044,24.112562,0,2,521250120230219747,2024-01-25,Luziânia,0,0.78150845,211508,19.0,90.6840257142857,1,0,1,79.6281335714286,62.9142951428571,21.1190474285714,24.2857142857143,20,,,,,70758,2023-01-08,5212501,Luziania,GO,2023,2
1672531200000,202301,64.0,64,64,64,0.4550479,30.258904,0,2,521250120230119740,2024-01-18,Luziânia,0,0.98039603,211508,19.2857142857143,92.3190262857143,1,0,1,76.6823057142857,56.4081015714286,21.9821425714286,26.0,34,,,,,70758,2023-01-01,5212501,Luziania,GO,2023,1
1671926400000,202252,64.0,64,64,64,0.6731446,30.258904,0,2,521250120225219733,2024-01-11,Luziânia,0,1.0839865,211508,19.0,93.9743466666667,1,0,1,89.5614333333333,70.8377946666667,20.05303,21.6666666666667,3,,,,,70758,2022-12-25,5212501,Luziania,GO,2022,52
1671321600000,202251,71.0,71,71,71,0.96049464,33.56847,0,2,521250120225119718,2023-12-27,Luziânia,0,1.3745182,211508,18.5,93.92977,1,1,1,84.775325,63.8116875,20.677885,24.5,0,,,,,70758,2022-12-18,5212501,Luziania,GO,2022,51
1670716800000,202250,61.0,61,61,61,0.91725296,28.840517,0,2,521250120225019718,2023-12-27,Luziânia,0,1.3066059,211508,19.6666666666667,90.2900316666667,1,0,1,75.5618248333333,57.4447295,22.213889,25.6666666666667,0,,,,,70758,2022-12-11,5212501,Luziania,GO,2022,50
1670112000000,202249,46.0,46,46,46,0.6881171,21.748587,0,2,521250120224919708,2023-12-17,Luziânia,0,1.1101413,211508,19.0,93.1274897142857,1,0,1,78.3807888571429,56.234546,21.8760822857143,26.1428571428571,0,,,,,70758,2022-12-04,5212501,Luziania,GO,2022,49
1669507200000,202248,51.0,51,51,51,0.94046074,24.112562,0,2,521250120224819684,2023-11-23,Luziânia,0,1.3964292,211508,18.2857142857143,93.988274,1,0,1,79.0060364285714,56.1041121428571,21.3357145714286,25.5714285714286,0,,,,,70758,2022-11-27,5212501,Luziania,GO,2022,48
1668902400000,202247,41.0,41,41,41,0.7877033,19.38461,0,1,521250120224719684,2023-11-23,Luziânia,0,1.2015496,211508,18.2857142857143,96.5898705714286,1,0,1,81.2759271428571,61.2429421428571,21.1251727142857,25.0,16,,,,,70758,2022-11-20,5212501,Luziania,GO,2022,47
1668297600000,202246,34.0,34,34,34,0.47685623,16.075043,0,1,521250120224619684,2023-11-23,Luziânia,0,0.9861529,211508,18.5714285714286,96.5969728571429,1,0,1,81.6690514285714,57.1657104285714,21.5520188571429,26.7142857142857,22,,,,,70758,2022-11-13,5212501,Luziania,GO,2022,46
1667692800000,202245,35.0,35,35,35,0.45674962,16.547838,0,1,521250120224519684,2023-11-23,Luziânia,0,0.97467697,211508,17.5714285714286,92.4072482857143,0,0,1,77.5294514285714,56.1062768571429,21.0367965714286,25.8571428571429,10,,,,,70758,2022-11-06,5212501,Luziania,GO,2022,45
1667088000000,202244,30.0,30,30,30,0.2108841,14.183861,0,1,521250120224419684,2023-11-23,Luziânia,0,0.821803,211508,17.8571428571429,97.4635071428571,0,0,1,79.355244,57.1676717142857,21.0447995714286,25.4285714285714,16,,,,,70758,2022-10-30,5212501,Luziania,GO,2022,44
1666483200000,202243,43.0,43,43,43,0.60001546,20.3302,0,1,521250120224319684,2023-11-23,Luziânia,0,1.0566777,211508,18.4285714285714,92.5638954285714,1,0,1,71.6844725714286,52.4301154285714,22.4214288571429,26.7142857142857,22,,,,,70758,2022-10-23,5212501,Luziania,GO,2022,43
1665878400000,202242,30.0,30,30,30,0.03167465,14.183861,0,1,521250120224219684,2023-11-23,Luziânia,0,0.65160227,211508,19.2857142857143,66.993991,0,0,1,44.4687085714286,27.5304324285714,24.915796,30.5714285714286,19,,,,,70758,2022-10-16,5212501,Luziania,GO,2022,42
1665273600000,202241,39.0,39,39,39,0.21118325,18.439018,0,1,521250120224119684,2023-11-23,Luziânia,0,0.8410174,211508,18.7142857142857,64.3749081428571,0,0,1,46.136526,29.3426358571429,24.6547617142857,30.2857142857143,26,,,,,70758,2022-10-09,5212501,Luziania,GO,2022,41
1664668800000,202240,53.0,53,53,53,0.8325746,25.058153,0,1,521250120224019684,2023-11-23,Luziânia,0,1.2163948,211508,19.8571428571429,81.5691865714286,0,0,1,64.9166772857143,45.6374,22.9918831428571,27.0,32,,,,,70758,2022-10-02,5212501,Luziania,GO,2022,40
1664064000000,202239,47.0,47,47,47,0.7838153,22.221382,0,1,521250120223919684,2023-11-23,Luziânia,0,1.1830568,211508,18.8571428571429,86.7825357142857,0,0,1,64.6520471428571,42.8540258571429,23.5778388571429,28.0,26,,,,,70758,2022-09-25,5212501,Luziania,GO,2022,39
1663459200000,202238,42.0,42,42,42,0.8647901,19.857405,0,1,521250120223819684,2023-11-23,Luziânia,0,1.2903078,211508,19.5714285714286,87.0378442857143,0,0,1,75.3965907142857,57.6158354285714,21.9340491428571,26.0,24,,,,,70758,2022-09-18,5212501,Luziania,GO,2022,38
1662854400000,202237,44.0,44,44,44,0.9950949,20.802996,0,1,521250120223719684,2023-11-23,Luziânia,0,1.9007977,211508,17.5714285714286,64.9366548571429,0,1,1,43.0064551428571,26.1892998571429,23.4399585714286,29.4285714285714,27,,,,,70758,2022-09-11,5212501,Luziania,GO,2022,37
1662249600000,202236,34.0,34,34,34,0.995633,16.075043,0,1,521250120223619684,2023-11-23,Luziânia,0,2.144135,211508,14.4285714285714,67.5492405714286,0,1,1,41.9576865714286,21.892369,22.5362314285714,29.7142857142857,16,,,,,70758,2022-09-04,5212501,Luziania,GO,2022,36
1661644800000,202235,22.0,22,22,22,0.9042958,10.401498,0,1,521250120223519684,2023-11-23,Luziânia,0,1.5432795,211508,13.4285714285714,69.280637,0,0,1,49.9762477142857,33.2029888571429,19.3575757142857,25.0,11,,,,,70758,2022-08-28,5212501,Luziania,GO,2022,35
1661040000000,202234,13.0,13,13,13,0.1476098,6.1463394,0,1,521250120223419684,2023-11-23,Luziânia,1,0.69115144,211508,13.5714285714286,72.683668,0,0,0,50.569373,33.1938754285714,19.5404452857143,25.1428571428571,4,,,,,70758,2022-08-21,5212501,Luziania,GO,2022,34
1660435200000,202233,10.0,10,10,10,0.0023799983,4.7279534,0,1,521250120223319684,2023-11-23,Luziânia,0,0.37666982,211508,14.8571428571429,73.5639842857143,0,0,0,50.4622805714286,32.8632422857143,20.7673075714286,26.2857142857143,8,,,,,70758,2022-08-14,5212501,Luziania,GO,2022,33
1659830400000,202232,18.0,18,18,18,0.016599406,8.510317,0,1,521250120223219684,2023-11-23,Luziânia,0,0.54604477,211508,14.0,74.8994007142857,0,0,1,47.8615458571429,27.7368811428571,21.470238,29.1428571428571,15,,,,,70758,2022-08-07,5212501,Luziania,GO,2022,32
1659225600000,202231,26.0,26,26,26,0.13507925,12.292679,0,1,521250120223119684,2023-11-23,Luziânia,0,0.7535415,211508,13.4285714285714,76.0803137142857,0,0,1,52.1349268571429,31.9962834285714,19.8380951428571,26.1428571428571,13,,,,,70758,2022-07-31,5212501,Luziania,GO,2022,31
1658620800000,202230,38.0,38,38,38,0.6813324,17.966223,0,1,521250120223019684,2023-11-23,Luziânia,1,1.1168816,211508,12.4285714285714,78.6261435714286,0,0,1,54.0497742857143,30.9571408571429,19.095798,26.1428571428571,27,,,,,70758,2022-07-24,5212501,Luziania,GO,2022,30
1658016000000,202229,36.0,36,36,36,0.4522126,17.020634,0,1,521250120222919684,2023-11-23,Luziânia,0,0.9724425,211508,12.5714285714286,80.6108865714286,0,0,1,58.6534278571429,39.1537008571429,18.5440477142857,24.5714285714286,21,,,,,70758,2022-07-17,5212501,Luziania,GO,2022,29
1657411200000,202228,31.0,31,31,31,0.052606877,14.656656,0,1,521250120222819684,2023-11-23,Luziânia,0,0.68880206,211508,11.0,86.75139,0,0,1,62.5207772857143,38.6839828571429,17.5059522857143,24.1428571428571,13,,,,,70758,2022-07-10,5212501,Luziania,GO,2022,28
1656806400000,202227,34.0,34,34,34,0.004709362,16.075043,0,1,521250120222719684,2023-11-23,Luziânia,0,0.57883877,211508,12.1428571428571,82.89579,0,0,1,61.0753394285714,39.6007082857143,18.2591992857143,24.7142857142857,21,,,,,70758,2022-07-03,5212501,Luziania,GO,2022,27
1656201600000,202226,45.0,45,45,45,0.0010091305,21.275791,0,1,521250120222619684,2023-11-23,Luziânia,0,0.5692629,211508,11.0,85.1387,0,0,1,58.8449532857143,34.3125784285714,18.4954482857143,25.7142857142857,27,,,,,70758,2022-06-26,5212501,Luziania,GO,2022,26
1655596800000,202225,51.0,51,51,51,4.55685e-05,24.112562,0,1,521250120222519684,2023-11-23,Luziânia,1,0.5190429,211508,13.2857142857143,82.0726174285714,0,0,1,59.0751315714286,38.3953017142857,19.625,25.4285714285714,32,,,,,70758,2022-06-19,5212501,Luziania,GO,2022,25
1654992000000,202224,80.0,80,80,80,0.009339712,37.823627,0,1,521250120222419684,2023-11-23,Luziânia,1,0.7112381,211508,15.0,85.588163,0,0,1,62.9264948571429,40.3096182857143,20.4821425714286,26.7142857142857,51,,,,,70758,2022-06-12,5212501,Luziania,GO,2022,24
1654387200000,202223,108.0,108,108,108,0.114761084,51.061897,0,1,521250120222319684,2023-11-23,Luziânia,0,0.85475177,211508,13.5714285714286,85.4172108571429,0,0,1,66.5823192857143,46.0246508571429,18.5127551428571,24.0,65,,,,,70758,2022-06-05,5212501,Luziania,GO,2022,23
1653782400000,202222,104.0,104,104,104,0.010316764,49.170715,0,1,521250120222219684,2023-11-23,Luziânia,2,0.74270016,211508,12.1428571428571,81.9714232857143,0,0,1,56.3103858571429,31.9399344285714,19.6437072857143,27.4285714285714,56,,,,,70758,2022-05-29,5212501,Luziania,GO,2022,22
1653177600000,202221,135.0,135,135,135,0.14482395,63.827374,0,1,521250120222119684,2023-11-23,Luziânia,1,0.882721,211508,12.5714285714286,87.08086,0,0,1,61.4327034285714,37.2640028571429,19.1617965714286,25.7142857142857,78,,,,,70758,2022-05-22,5212501,Luziania,GO,2022,21
1652572800000,202220,132.0,132,132,132,0.06425398,62.408985,0,1,521250120222019684,2023-11-23,Luziânia,0,0.83638257,211508,11.8571428571429,84.4952805714286,0,0,1,62.9035674285714,36.2579531428571,17.3392857142857,23.8571428571429,77,,,,,70758,2022-05-15,5212501,Luziania,GO,2022,20
1651968000000,202219,163.0,163,163,163,0.53090113,77.06564,0,4,521250120221919684,2023-11-23,Luziânia,2,1.008633,211508,16.1428571428571,89.6756457142857,0,0,2,65.2229281428571,43.6238678571429,21.5833334285714,26.7142857142857,85,,,,,70758,2022-05-08,5212501,Luziania,GO,2022,19
1651363200000,202218,167.0,167,167,167,0.4499852,78.956825,0,1,521250120221819684,2023-11-23,Luziânia,1,0.98640144,211508,17.1428571428571,88.1557562857143,0,0,2,67.6145771428571,49.3507055714286,22.2571428571429,27.0,89,,,,,70758,2022-05-01,5212501,Luziania,GO,2022,18
1650758400000,202217,136.0,136,136,136,0.019056192,64.30017,0,1,521250120221719684,2023-11-23,Luziânia,0,0.78923154,211508,17.2857142857143,86.0567122857143,0,0,1,66.4426838571429,42.8870952857143,22.236472,27.4285714285714,54,,,,,70758,2022-04-24,5212501,Luziania,GO,2022,17
1650153600000,202216,205.0,205,205,205,0.8457985,96.92305,0,1,521250120221619684,2023-11-23,Luziânia,1,1.1086302,211508,16.1428571428571,89.7645371428571,0,0,2,64.1034552857143,40.3803115714286,22.3747414285714,28.1428571428571,116,,,,,70758,2022-04-17,5212501,Luziania,GO,2022,16
1649548800000,202215,142.0,142,142,142,0.0028427162,67.13694,0,1,521250120221519684,2023-11-23,Luziânia,2,0.73800474,211508,19.4285714285714,93.2098842857143,1,0,1,74.8484662857143,50.8316565714286,23.1062924285714,28.4285714285714,45,,,,,70758,2022-04-10,5212501,Luziania,GO,2022,15
1648944000000,202214,189.0,189,189,189,0.5366069,89.35832,0,4,521250120221419684,2023-11-23,Luziânia,4,1.0095093,211508,17.2857142857143,87.3265614285714,0,0,2,63.44131,44.125536,23.2321428571429,28.4285714285714,44,,,,,70758,2022-04-03,5212501,Luziania,GO,2022,14
1648339200000,202213,228.0,228,228,228,0.96650755,107.79734,0,1,521250120221319684,2023-11-23,Luziânia,2,1.1963139,211508,18.4285714285714,84.3402228571429,0,1,2,59.8388778571429,36.4468214285714,24.3579401428571,30.0,51,,,,,70758,2022-03-27,5212501,Luziania,GO,2022,13
1647734400000,202212,147.0,147,147,147,0.007906236,69.500916,0,1,521250120221219684,2023-11-23,Luziânia,3,0.7685661,211508,18.0,90.6027648571429,0,0,1,66.8086637142857,43.0196412857143,23.4200681428571,28.8571428571429,52,,,,,70758,2022-03-20,5212501,Luziania,GO,2022,12
1647129600000,202211,215.0,215,215,215,0.88446045,101.651,0,4,521250120221119684,2023-11-23,Luziânia,2,1.12622,211508,19.7142857142857,96.6082785714286,1,0,2,79.7926615714286,57.9405338571429,22.5005102857143,26.7142857142857,66,,,,,70758,2022-03-13,5212501,Luziania,GO,2022,11
1646524800000,202210,192.0,192,192,192,0.27875295,90.77671,0,4,521250120221019684,2023-11-23,Luziânia,1,0.9427756,211508,18.7142857142857,88.2747214285714,0,0,2,68.221165,45.3070775714286,23.2678571428571,28.2857142857143,42,,,,,70758,2022-03-06,5212501,Luziania,GO,2022,10
1645920000000,202209,177.0,177,177,177,0.0127117485,83.68478,0,4,521250120220919684,2023-11-23,Luziânia,4,0.7990173,211508,17.8571428571429,91.4735677142857,0,0,2,72.9869754285714,47.0274331428571,22.3637684285714,28.0,47,,,,,70758,2022-02-27,5212501,Luziania,GO,2022,9
1645315200000,202208,200.0,200,200,200,0.06463957,94.559074,0,4,521250120220819684,2023-11-23,Luziânia,0,0.8640606,211508,18.8571428571429,95.6832957142857,1,0,2,77.1322252857143,54.3417425714286,22.6666665714286,27.2857142857143,51,,,,,70758,2022-02-20,5212501,Luziania,GO,2022,8
1644710400000,202207,237.0,237,237,237,0.49658334,112.0525,0,4,521250120220719684,2023-11-23,Luziânia,4,0.9992144,211508,19.0,98.3242914285714,1,0,2,85.8533042857143,64.1374115714286,21.3015871428571,25.2857142857143,56,,,,,70758,2022-02-13,5212501,Luziania,GO,2022,7
1644105600000,202206,226.0,226,226,226,0.14497924,106.85175,0,4,521250120220619684,2023-11-23,Luziânia,5,0.9074869,211508,19.5714285714286,94.1018757142857,1,0,2,81.1187141428571,61.4136694285714,21.8537782857143,25.1428571428571,68,,,,,70758,2022-02-06,5212501,Luziania,GO,2022,6
1643500800000,202205,246.0,246,246,246,0.04523445,116.307655,0,4,521250120220519684,2023-11-23,Luziânia,2,0.8632751,211508,19.2857142857143,94.0717157142857,1,0,2,76.8378707142857,55.116085,22.8452382857143,27.4285714285714,50,,,,,70758,2022-01-30,5212501,Luziania,GO,2022,5
1642896000000,202204,230.0,230,230,230,9.30936e-05,108.742935,0,4,521250120220419684,2023-11-23,Luziânia,4,0.72518116,211508,19.2857142857143,88.4009338571429,0,0,2,68.8524324285714,42.3662232857143,23.329365,27.7142857142857,46,,,,,70758,2022-01-23,5212501,Luziania,GO,2022,4
1642291200000,202203,263.0,263,263,263,0.57306874,124.34518,0,4,521250120220319684,2023-11-23,Luziânia,2,1.0162449,211508,19.0,84.439927,0,0,2,60.8991127142857,38.1223407142857,24.0661762857143,28.8571428571429,68,,,,,70758,2022-01-16,5212501,Luziania,GO,2022,3
1641686400000,202202,375.0,375,375,375,1.0,177.29826,0,4,521250120220219684,2023-11-23,Luziânia,2,2.835398,211508,18.2857142857143,95.7747814285714,1,1,2,81.8159628571428,62.0994928571429,21.529762,25.4285714285714,56,,,,,70758,2022-01-09,5212501,Luziania,GO,2022,2
1641081600000,202201,377.0,377,377,377,1.0,178.24385,0,2,521250120220119684,2023-11-23,Luziânia,1,4.439353,211508,19.4285714285714,97.4365414285714,1,1,2,84.7637071428571,65.0754605714286,21.9415975714286,25.7142857142857,118,,,,,70758,2022-01-02,5212501,Luziania,GO,2022,1
1640476800000,202152,1.0,1,1,1,0.0,0.47279537,0,2,521250120215219684,2023-11-23,Luziânia,5,0.009212712,211508,19.2857142857143,96.5631842857143,1,0,0,83.1031221428571,64.7107498571429,21.7639754285714,24.8571428571429,1,,,,,70758,2021-12-26,5212501,Luziania,GO,2021,52
1639872000000,202151,46.0,46,46,46,7.444e-07,21.748587,0,2,521250120215119684,2023-11-23,Luziânia,6,0.44227946,211508,19.2857142857143,99.1455371428571,1,0,1,83.8618135714286,60.7938734285714,22.1863351428571,26.2857142857143,46,,,,,70758,2021-12-19,5212501,Luziania,GO,2021,51
1639267200000,202150,161.0,161,161,161,1.0,76.12005,0,3,521250120215019684,2023-11-23,Luziânia,4,2.5910714,211508,19.5714285714286,98.2847528571429,1,1,1,83.3876711428571,61.1714955714286,22.3749294285714,26.7142857142857,145,,,,,70758,2021-12-12,5212501,Luziania,GO,2021,50
1638662400000,202149,126.0,126,126,126,1.0,59.572216,0,2,521250120214919684,2023-11-23,Luziânia,1,4.4216638,211508,19.2857142857143,96.5631842857143,1,1,1,80.2377128571429,55.6742594285714,22.5274328571429,27.2857142857143,102,,,,,70758,2021-12-05,5212501,Luziania,GO,2021,49
1638057600000,202148,48.0,48,48,48,0.99993265,22.694178,0,2,521250120214819684,2023-11-23,Luziânia,1,2.6941528,211508,19.4285714285714,96.6515714285714,1,1,1,81.5217685714286,56.1278164285714,22.835686,27.1428571428571,35,,,,,70758,2021-11-28,5212501,Luziania,GO,2021,48
1637452800000,202147,11.0,11,11,11,0.12803252,5.200749,0,2,521250120214719684,2023-11-23,Luziânia,1,0.6514898,211508,19.1428571428571,95.8185,1,0,0,71.9879885714286,45.4034822857143,23.8032182857143,29.1428571428571,6,,,,,70758,2021-11-21,5212501,Luziania,GO,2021,47
1636848000000,202146,20.0,20,20,20,0.7138266,9.455907,0,2,521250120214619684,2023-11-23,Luziânia,1,1.2030486,211508,18.8571428571429,99.1392157142857,1,0,1,86.6335664285714,67.6370247142857,21.0626762857143,24.5714285714286,6,,,,,70758,2021-11-14,5212501,Luziania,GO,2021,46
1636243200000,202145,14.0,14,14,14,0.52110314,6.619135,0,1,521250120214519684,2023-11-23,Luziânia,0,1.0199986,211508,19.7142857142857,96.5695057142857,1,0,0,83.8560065714286,63.9031078571429,21.916996,25.7142857142857,3,,,,,70758,2021-11-07,5212501,Luziania,GO,2021,45
1635638400000,202144,21.0,21,21,21,0.9632624,9.928702,0,1,521250120214419684,2023-11-23,Luziânia,2,1.8952444,211508,19.1428571428571,94.9049228571429,1,1,1,79.0485935714286,57.034604,22.2845851428571,26.5714285714286,10,,,,,70758,2021-10-31,5212501,Luziania,GO,2021,44
1635033600000,202143,14.0,14,14,14,0.7293807,6.619135,0,1,521250120214319684,2023-11-23,Luziânia,1,1.2727414,211508,19.7142857142857,87.2303314285714,0,0,0,65.7627388571429,42.7663114285714,24.1959345714286,29.7142857142857,4,,,,,70758,2021-10-24,5212501,Luziania,GO,2021,43
1634428800000,202142,6.0,6,6,6,0.11865218,2.8367722,0,1,521250120214219684,2023-11-23,Luziânia,0,0.5623196,211508,19.1428571428571,92.4420505714286,1,0,0,72.9548801428571,49.7485974285714,23.406469,28.4285714285714,0,,,,,70758,2021-10-17,5212501,Luziania,GO,2021,42
1633824000000,202141,15.0,15,15,15,0.8599987,7.0919304,0,1,521250120214119684,2023-11-23,Luziânia,0,1.5402681,211508,19.5714285714286,93.2596742857143,1,0,0,73.6615957142857,49.1899128571429,23.391634,28.8571428571429,0,,,,,70758,2021-10-10,5212501,Luziania,GO,2021,41
1633219200000,202140,9.0,9,9,9,0.53572303,4.2551584,0,1,521250120214019684,2023-11-23,Luziânia,0,1.0425906,211508,20.0,76.1088971428571,0,0,0,50.1387944285714,26.7316421428571,26.4464288571429,33.0,5,,,,,70758,2021-10-03,5212501,Luziania,GO,2021,40
1632614400000,202139,11.0,11,11,11,0.7537197,5.200749,0,1,521250120213919684,2023-11-23,Luziânia,0,1.3623421,211508,19.1428571428571,78.4010768571429,0,0,0,55.5234057142857,34.1598694285714,24.5157865714286,30.2857142857143,3,,,,,70758,2021-09-26,5212501,Luziania,GO,2021,39
1632009600000,202138,8.0,8,8,8,0.58146816,3.782363,0,1,521250120213819684,2023-11-23,Luziânia,2,1.108081,211508,18.1428571428571,66.7016934285714,0,0,0,42.6825678571429,24.1409134285714,25.714286,33.0,4,,,,,70758,2021-09-19,5212501,Luziania,GO,2021,38
1631404800000,202137,7.0,7,7,7,0.6384711,3.3095675,0,1,521250120213719684,2023-11-23,Luziânia,0,1.2120453,211508,16.1428571428571,59.2610882857143,0,0,0,34.514394,17.1883684285714,24.92029,32.1428571428571,4,,,,,70758,2021-09-12,5212501,Luziania,GO,2021,37
1630800000000,202136,11.0,11,11,11,0.89371985,5.200749,0,1,521250120213619684,2023-11-23,Luziânia,0,1.8264148,211508,16.5714285714286,64.8095248571429,0,0,0,37.2584027142857,17.8000632857143,25.5155277142857,33.4285714285714,5,,,,,70758,2021-09-05,5212501,Luziania,GO,2021,36
1630195200000,202135,1.0,1,1,1,0.011933589,0.47279537,0,1,521250120213519684,2023-11-23,Luziânia,0,0.15652323,211508,15.7142857142857,73.0531564285714,0,0,0,49.6873562857143,28.6732232857143,22.1380345714286,28.7142857142857,1,,,,,70758,2021-08-29,5212501,Luziania,GO,2021,35
1629590400000,202134,8.0,8,8,8,0.70301276,3.782363,0,1,521250120213419684,2023-11-23,Luziânia,1,1.3194554,211508,14.2857142857143,71.4570802857143,0,0,0,44.6969774285714,24.613081,22.5527948571429,30.0,3,,,,,70758,2021-08-22,5212501,Luziania,GO,2021,34
1628985600000,202133,7.0,7,7,7,0.636814,3.3095675,0,1,521250120213319684,2023-11-23,Luziânia,1,1.2090073,211508,12.7142857142857,74.385162,0,0,0,46.1761064285714,26.1762268571429,20.7950314285714,27.8571428571429,1,,,,,70758,2021-08-15,5212501,Luziania,GO,2021,33
1628380800000,202132,5.0,5,5,5,0.36975327,2.3639767,0,1,521250120213219684,2023-11-23,Luziânia,0,0.8245573,211508,12.1428571428571,79.8900945714286,0,0,0,50.8448611428571,27.7660268571429,20.2732914285714,27.5714285714286,2,,,,,70758,2021-08-08,5212501,Luziania,GO,2021,32
1627776000000,202131,7.0,7,7,7,0.3734521,3.3095675,0,1,521250120213119684,2023-11-23,Luziânia,0,0.8511383,211508,13.5714285714286,76.406646,0,0,0,55.1886467142857,36.0426724285714,19.2289665714286,24.7142857142857,3,,,,,70758,2021-08-01,5212501,Luziania,GO,2021,31
1627171200000,202130,4.0,4,4,4,0.02802714,1.8911815,0,1,521250120213019684,2023-11-23,Luziânia,0,0.3620524,211508,10.5714285714286,75.366805,0,0,0,49.8458544285714,31.1257135714286,18.7826088571429,26.7142857142857,1,,,,,70758,2021-07-25,5212501,Luziania,GO,2021,30
1626566400000,202129,7.0,7,7,7,0.12120447,3.3095675,0,1,521250120212919684,2023-11-23,Luziânia,0,0.58601093,211508,12.7142857142857,74.9124467142857,0,0,0,51.354167,31.2764212857143,19.6708077142857,26.2857142857143,3,,,,,70758,2021-07-18,5212501,Luziania,GO,2021,29
1625961600000,202128,14.0,14,14,14,0.65305024,6.619135,0,1,521250120212819684,2023-11-23,Luziânia,0,1.1642183,211508,10.1428571428571,84.1847835714286,0,0,0,56.1268215714286,31.4361722857143,18.5222565714286,26.1428571428571,6,,,,,70758,2021-07-11,5212501,Luziania,GO,2021,28
1625356800000,202127,12.0,12,12,12,0.36008704,5.6735444,0,1,521250120212719684,2023-11-23,Luziânia,1,0.8702497,211508,9.28571428571429,84.98449,0,0,0,55.942113,29.4734464285714,17.5155282857143,25.2857142857143,6,,,,,70758,2021-07-04,5212501,Luziania,GO,2021,27
1624752000000,202126,11.0,11,11,11,0.093248144,5.200749,0,1,521250120212619684,2023-11-23,Luziânia,0,0.61206585,211508,10.8571428571429,83.5715771428571,0,0,0,59.7952774285714,37.5027352857143,17.5344437142857,24.1428571428571,6,,,,,70758,2021-06-27,5212501,Luziania,GO,2021,26
1624147200000,202125,12.0,12,12,12,0.016387802,5.6735444,0,1,521250120212519684,2023-11-23,Luziânia,0,0.4870674,211508,13.0,87.7259265714286,0,0,0,60.1422724285714,32.6517378571429,19.931112,26.8571428571429,6,,,,,70758,2021-06-20,5212501,Luziania,GO,2021,25
1623542400000,202124,18.0,18,18,18,0.008341918,8.510317,0,1,521250120212419684,2023-11-23,Luziânia,0,0.5120322,211508,14.2857142857143,86.6938714285714,0,0,1,64.0337278571428,43.005393,19.9184782857143,25.2857142857143,9,,,,,70758,2021-06-13,5212501,Luziania,GO,2021,24
1622937600000,202123,22.0,22,22,22,0.00100309,10.401498,0,1,521250120212319684,2023-11-23,Luziânia,1,0.46559253,211508,15.0,88.7808271428571,0,0,1,67.8732564285714,45.2684524285714,20.0833335714286,25.8571428571429,17,,,,,70758,2021-06-06,5212501,Luziania,GO,2021,23
1622332800000,202122,32.0,32,32,32,0.0038971263,15.129452,0,1,521250120212219684,2023-11-23,Luziânia,0,0.5635249,211508,14.0,87.9087857142857,0,0,1,63.6846164285714,37.631327,20.5736282857143,27.2857142857143,26,,,,,70758,2021-05-30,5212501,Luziania,GO,2021,22
1621728000000,202121,53.0,53,53,53,0.13419487,25.058153,0,1,521250120212119684,2023-11-23,Luziânia,0,0.8157839,211508,16.7142857142857,92.2280257142857,0,0,1,67.7113187142857,42.8719665714286,22.375,28.4285714285714,24,,,,,70758,2021-05-23,5212501,Luziania,GO,2021,21
1621123200000,202120,55.0,55,55,55,0.10934324,26.003744,0,1,521250120212019684,2023-11-23,Luziânia,1,0.801566,211508,13.0,91.2107414285714,0,0,1,62.314748,35.1850972857143,20.4761905714286,27.1428571428571,34,,,,,70758,2021-05-16,5212501,Luziania,GO,2021,20
1620518400000,202119,65.0,65,65,65,0.6077673,30.731699,0,1,521250120211919684,2023-11-23,Luziânia,2,1.0495911,211508,14.1428571428571,88.6733928571429,0,0,1,64.3450831428571,41.1646547142857,20.125,25.7142857142857,45,,,,,70758,2021-05-09,5212501,Luziania,GO,2021,19
1619913600000,202118,79.0,79,79,79,0.9795857,37.350834,0,1,521250120211819684,2023-11-23,Luziânia,0,1.4254147,211508,14.5714285714286,88.9441585714286,0,1,1,67.5060581428571,42.5059274285714,20.4880954285714,26.1428571428571,52,,,,,70758,2021-05-02,5212501,Luziania,GO,2021,18
1619308800000,202117,66.0,66,66,66,0.3129196,31.204493,0,1,521250120211719684,2023-11-23,Luziânia,0,0.9204556,211508,17.5714285714286,95.7048842857143,0,0,1,77.3551394285714,54.2797311428571,21.5520185714286,25.8571428571429,42,,,,,70758,2021-04-25,5212501,Luziania,GO,2021,17
1618704000000,202116,41.0,41,41,41,2.3e-08,19.38461,0,1,521250120211619684,2023-11-23,Luziânia,0,0.3871156,211508,15.2857142857143,93.89014,0,0,1,73.4630407142857,50.37927,19.9399095714286,25.1428571428571,27,,,,,70758,2021-04-18,5212501,Luziania,GO,2021,16
1618099200000,202115,45.0,45,45,45,0.0,21.275791,0,1,521250120211519684,2023-11-23,Luziânia,1,0.33988553,211508,16.2857142857143,89.7070257142857,0,0,1,67.434619,43.7768872857143,21.7261905714286,27.2857142857143,16,,,,,70758,2021-04-11,5212501,Luziania,GO,2021,15
1617494400000,202114,137.0,137,137,137,0.15847422,64.772964,0,1,521250120211419684,2023-11-23,Luziânia,0,0.8893596,211508,18.2857142857143,94.8571971428571,1,0,1,79.5558544285714,59.3112671428571,21.1607142857143,25.2857142857143,47,,,,,70758,2021-04-04,5212501,Luziania,GO,2021,14
1616889600000,202113,118.0,118,118,118,0.0015425937,55.789852,0,1,521250120211319684,2023-11-23,Luziânia,0,0.70310587,211508,17.7142857142857,89.8154948571429,0,0,1,64.6507262857143,40.2301368571429,23.504348,29.4285714285714,28,,,,,70758,2021-03-28,5212501,Luziania,GO,2021,13
1616284800000,202112,163.0,163,163,163,0.61777747,77.06564,0,4,521250120211219684,2023-11-23,Luziânia,1,1.033992,211508,16.4285714285714,88.9287742857143,0,0,2,63.8930594285714,38.4806095714286,22.3869045714286,28.1428571428571,26,,,,,70758,2021-03-21,5212501,Luziania,GO,2021,12
1615680000000,202111,175.0,175,175,175,0.9996507,82.73919,0,4,521250120211119684,2023-11-23,Luziânia,0,1.4917487,211508,19.2857142857143,96.54408,1,1,2,81.2212574285714,61.589928,21.7251725714286,25.2857142857143,46,,,,,70758,2021-03-14,5212501,Luziania,GO,2021,11
1615075200000,202110,189.0,189,189,189,1.0,89.35832,0,2,521250120211019684,2023-11-23,Luziânia,0,2.5739975,211508,19.4285714285714,94.0377471428571,1,1,2,80.3793621428571,57.9639117142857,21.9704968571429,26.4285714285714,38,,,,,70758,2021-03-07,5212501,Luziania,GO,2021,10
1614470400000,202109,115.0,115,115,115,0.9999999,54.371468,0,2,521250120210919684,2023-11-23,Luziânia,2,2.3067234,211508,18.2857142857143,93.20218,1,1,1,76.8389297142857,60.481756,21.7889851428571,25.4285714285714,29,,,,,70758,2021-02-28,5212501,Luziania,GO,2021,9
1613865600000,202108,57.0,57,57,57,0.8692583,26.949335,0,2,521250120210819684,2023-11-23,Luziânia,0,1.2478248,211508,19.0,95.7024,1,0,1,85.4754722857143,68.6904364285714,21.0818558571429,24.8571428571429,30,,,,,70758,2021-02-21,5212501,Luziania,GO,2021,8
1613260800000,202107,42.0,42,42,42,0.12746572,19.857405,0,2,521250120210719684,2023-11-23,Luziânia,0,0.79189825,211508,19.8571428571429,97.43029,1,0,1,87.0259122857143,67.941441,21.5729814285714,25.7142857142857,29,,,,,70758,2021-02-14,5212501,Luziania,GO,2021,7
1612656000000,202106,42.0,42,42,42,0.0051365895,19.857405,0,1,521250120210619684,2023-11-23,Luziânia,2,0.6106837,211508,18.8571428571429,95.7417291428571,1,0,1,84.8033824285714,67.4999421428571,21.139234,25.1428571428571,21,,,,,70758,2021-02-07,5212501,Luziania,GO,2021,6
1612051200000,202105,49.0,49,49,49,0.001984662,23.166973,0,1,521250120210519684,2023-11-23,Luziânia,1,0.6001683,211508,19.7142857142857,90.0852285714286,1,0,1,74.4659757142857,54.7082732857143,23.2533314285714,27.5714285714286,21,,,,,70758,2021-01-31,5212501,Luziania,GO,2021,5
1611446400000,202104,62.0,62,62,62,0.098534614,29.313313,0,1,521250120210419684,2023-11-23,Luziânia,0,0.8035668,211508,18.2857142857143,84.5731074285714,0,0,1,63.7151582857143,43.7780817142857,23.1924601428571,28.1428571428571,25,,,,,70758,2021-01-24,5212501,Luziania,GO,2021,4
1610841600000,202103,106.0,106,106,106,0.99982804,50.116306,0,3,521250120210319684,2023-11-23,Luziânia,0,1.7591001,211508,17.8571428571429,91.6025291428571,0,1,1,65.5975597142857,43.1606454285714,23.3387445714286,28.1428571428571,17,,,,,70758,2021-01-17,5212501,Luziania,GO,2021,3
1610236800000,202102,73.0,73,73,73,0.9972075,34.51406,0,1,521250120210219684,2023-11-23,Luziânia,0,1.6828798,211508,19.5714285714286,96.5695057142857,1,1,1,81.7848205714286,60.8395625714286,22.154729,26.5714285714286,16,,,,,70758,2021-01-10,5212501,Luziania,GO,2021,2
1609632000000,202101,73.0,73,73,73,0.9986913,34.51406,0,1,521250120210119684,2023-11-23,Luziânia,1,1.772877,211508,19.1428571428571,91.5289014285714,1,1,1,73.1375412857143,47.3362918571429,23.405538,28.7142857142857,12,,,,,70758,2021-01-03,5212501,Luziania,GO,2021,1
1609027200000,202053,29.0,29,29,29,0.03482468,13.711065,0,1,521250120205319589,2023-08-20,Luziânia,1,0.6532213,211508,19.0,88.269605,0,0,1,70.346973,43.828385,22.625,29.0,2,,,,,70758,2020-12-27,5212501,Luziania,GO,2020,53
1608422400000,202052,43.0,43,43,43,0.77154064,20.3302,0,1,521250120205219589,2023-08-20,Luziânia,0,1.1810164,211508,19.08,89.18544416,0,0,1,,,,,6,,,,,70758,2020-12-20,5212501,Luziania,GO,2020,52
1607817600000,202051,60.0,60,60,60,0.9992055,28.367722,0,2,521250120205119589,2023-08-20,Luziânia,0,1.9740053,211508,19.16,90.10128332,1,1,1,,,,,8,,,,,70758,2020-12-13,5212501,Luziania,GO,2020,51
1607212800000,202050,29.0,29,29,29,0.5084848,13.711065,0,2,521250120205019589,2023-08-20,Luziânia,0,1.0055687,211508,19.24,91.01712248,1,0,1,,,,,3,,,,,70758,2020-12-06,5212501,Luziania,GO,2020,50
1606608000000,202049,24.0,24,24,24,0.43231115,11.347089,0,2,521250120204919589,2023-08-20,Luziânia,0,0.95292765,211508,19.32,91.93296164,1,0,1,,,,,8,,,,,70758,2020-11-29,5212501,Luziania,GO,2020,49
1606003200000,202048,39.0,39,39,39,0.97871614,18.439018,0,2,521250120204819589,2023-08-20,Luziânia,0,1.6808465,211508,19.4,92.8488008,1,1,1,76.536782,55.6382074,22.6426876,26.8,10,,,,,70758,2020-11-22,5212501,Luziania,GO,2020,48
1605398400000,202047,19.0,19,19,19,0.24869706,8.983111,0,2,521250120204719589,2023-08-20,Luziânia,0,0.81301755,211508,19.7142857142857,94.98075,1,0,1,78.051455,56.0577165714286,23.4233951428571,28.1428571428571,0,,,,,70758,2020-11-15,5212501,Luziania,GO,2020,47
1604793600000,202046,22.0,22,22,22,0.44244733,10.401498,0,2,521250120204619589,2023-08-20,Luziânia,0,0.9581171,211508,20.1666666666667,90.4472266666667,1,0,1,74.2262956666667,48.799564,23.8993466666667,29.1666666666667,3,,,,,70758,2020-11-08,5212501,Luziania,GO,2020,46
1604188800000,202045,27.0,27,27,27,0.70277035,12.765474,0,2,521250120204519589,2023-08-20,Luziânia,0,1.160853,211508,19.2857142857143,94.8811542857143,1,0,1,76.4401137142857,49.5668171428571,23.0226568571429,28.4285714285714,4,,,,,70758,2020-11-01,5212501,Luziania,GO,2020,45
1603584000000,202044,20.0,20,20,20,0.28808486,9.455907,0,1,521250120204419589,2023-08-20,Luziânia,0,0.8454519,211508,20.5714285714286,93.2780757142857,1,0,1,78.1103414285714,56.511382,23.3482968571429,27.5714285714286,9,,,,,70758,2020-10-25,5212501,Luziania,GO,2020,44
1602979200000,202043,24.0,24,24,24,0.5678621,11.347089,0,1,521250120204319589,2023-08-20,Luziânia,0,1.0507618,211508,19.8571428571429,94.16264,1,0,1,80.1241831428571,61.2628961428571,22.5866742857143,26.5714285714286,11,,,,,70758,2020-10-18,5212501,Luziania,GO,2020,43
1602374400000,202042,25.0,25,25,25,0.6865696,11.819884,0,1,521250120204219589,2023-08-20,Luziânia,0,1.1516244,211508,20.0,86.1631828571429,0,0,1,64.3453175714286,39.6213817142857,24.7814791428571,30.7142857142857,3,,,,,70758,2020-10-11,5212501,Luziania,GO,2020,42
1601769600000,202041,23.0,23,23,23,0.59148175,10.874293,0,1,521250120204119589,2023-08-20,Luziânia,0,1.0711766,211508,20.1428571428571,62.5708698571429,0,0,1,36.8508507142857,17.996575,28.0147517142857,35.7142857142857,8,,,,,70758,2020-10-04,5212501,Luziania,GO,2020,41
1601164800000,202040,21.0,21,21,21,0.45119724,9.928702,0,1,521250120204019589,2023-08-20,Luziânia,0,0.96354824,211508,17.2857142857143,65.7091887142857,0,0,1,39.3952008571429,19.7423272857143,25.8045065714286,33.7142857142857,7,,,,,70758,2020-09-27,5212501,Luziania,GO,2020,40
1600560000000,202039,21.0,21,21,21,0.42856306,9.928702,0,1,521250120203919589,2023-08-20,Luziânia,0,0.9471641,211508,18.1428571428571,85.2838851428571,0,0,1,60.7414517142857,36.3818038571429,23.8338508571429,30.0,4,,,,,70758,2020-09-20,5212501,Luziania,GO,2020,39
1599955200000,202038,23.0,23,23,23,0.5880009,10.874293,0,1,521250120203819589,2023-08-20,Luziânia,0,1.0682836,211508,17.5714285714286,62.0121022857143,0,0,1,39.6025677142857,22.710204,24.7060042857143,31.1428571428571,11,,,,,70758,2020-09-13,5212501,Luziania,GO,2020,38
1599350400000,202037,20.0,20,20,20,0.4498971,9.455907,0,1,521250120203719589,2023-08-20,Luziânia,0,0.9617205,211508,14.5714285714286,72.0561828571429,0,0,1,42.6524082857143,21.5614704285714,23.5127751428571,31.2857142857143,9,,,,,70758,2020-09-06,5212501,Luziania,GO,2020,37
1598745600000,202036,28.0,28,28,28,0.6498992,13.23827,0,1,521250120203619589,2023-08-20,Luziânia,0,1.1105044,211508,14.7142857142857,71.5903858571429,0,0,1,45.7134751428571,25.652764,22.6461977142857,29.8571428571429,15,,,,,70758,2020-08-30,5212501,Luziania,GO,2020,36
1598140800000,202035,11.0,11,11,11,0.0004693264,5.200749,0,1,521250120203519589,2023-08-20,Luziânia,0,0.34369707,211508,13.4285714285714,77.2957211428571,0,0,1,51.4758597142857,26.6237167142857,21.028468,28.8571428571429,5,,,,,70758,2020-08-23,5212501,Luziania,GO,2020,35
1597536000000,202034,27.0,27,27,27,0.025446191,12.765474,0,1,521250120203419589,2023-08-20,Luziânia,0,0.62522787,211508,16.1428571428571,81.0905214285714,0,0,1,53.2130517142857,31.3650547142857,23.8683888571429,30.7142857142857,13,,,,,70758,2020-08-16,5212501,Luziania,GO,2020,34
1596931200000,202033,35.0,35,35,35,0.0030175408,16.547838,0,1,521250120203319589,2023-08-20,Luziânia,0,0.5671803,211508,14.0,80.6486957142857,0,0,1,53.8767831428571,30.1924594285714,21.3943391428571,28.4285714285714,16,,,,,70758,2020-08-09,5212501,Luziania,GO,2020,33
1596326400000,202032,27.0,27,27,27,5.26e-08,12.765474,0,1,521250120203219589,2023-08-20,Luziânia,0,0.3344574,211508,13.2857142857143,77.6079342857143,0,0,1,57.4005497142857,37.3312118571429,18.6803834285714,24.4285714285714,14,,,,,70758,2020-08-02,5212501,Luziania,GO,2020,32
1595721600000,202031,75.0,75,75,75,0.013429961,35.459652,0,1,521250120203119589,2023-08-20,Luziânia,0,0.7175544,211508,13.5714285714286,85.3140458571429,0,0,1,57.982508,32.3109621428571,20.4030982857143,27.0,40,,,,,70758,2020-07-26,5212501,Luziania,GO,2020,31
1595116800000,202030,72.0,72,72,72,7.01568e-05,34.041267,0,1,521250120203019589,2023-08-20,Luziânia,0,0.57601064,211508,11.4285714285714,90.687838,0,0,1,60.0307062857143,35.8624102857143,19.3062768571429,26.1428571428571,31,,,,,70758,2020-07-19,5212501,Luziania,GO,2020,30
1594512000000,202029,97.0,97,97,97,0.013418324,45.86115,0,4,521250120202919589,2023-08-20,Luziânia,0,0.74470645,211508,11.4285714285714,85.074415,0,0,2,56.5115657142857,29.6686241428571,19.3206994285714,27.1428571428571,48,,,,,70758,2020-07-12,5212501,Luziania,GO,2020,29
1593907200000,202028,156.0,156,156,156,0.9662158,73.75607,0,4,521250120202819589,2023-08-20,Luziânia,0,1.2438943,211508,12.5714285714286,88.6165742857143,0,1,2,64.1549684285714,36.1689917142857,19.1090455714286,26.1428571428571,85,,,,,70758,2020-07-05,5212501,Luziania,GO,2020,28
1593302400000,202027,109.0,109,109,109,0.4388339,51.534695,0,4,521250120202719589,2023-08-20,Luziânia,0,0.9795093,211508,12.75,87.7548365,0,0,2,65.10611175,41.28447925,19.39533525,26.25,67,,,,,70758,2020-06-28,5212501,Luziania,GO,2020,27
1592697600000,202026,160.0,160,160,160,0.9992061,75.647255,0,4,521250120202619589,2023-08-20,Luziânia,0,1.4747521,211508,12.25,92.130341,0,1,2,69.42213875,42.09459375,18.24442575,26.5,120,,,,,70758,2020-06-21,5212501,Luziania,GO,2020,26
1592092800000,202025,85.0,85,85,85,0.019868072,40.187607,0,4,521250120202519589,2023-08-20,Luziânia,0,0.7463354,211508,16.0,86.82093,0,0,2,73.9081525,52.2088125,19.16789625,24.0,56,,,,,70758,2020-06-14,5212501,Luziania,GO,2020,25
1591488000000,202024,104.0,104,104,104,0.12073902,49.170715,0,4,521250120202419589,2023-08-20,Luziânia,0,0.85561836,211508,14.1666666666667,93.803185,0,0,2,69.6592866666667,40.215806,20.402778,27.3333333333333,77,,,,,70758,2020-06-07,5212501,Luziania,GO,2020,24
1590883200000,202023,133.0,133,133,133,0.21471421,62.881783,0,4,521250120202319589,2023-08-20,Luziânia,0,0.9098338,211508,13.8571428571429,93.724342,0,0,2,70.5141934285714,43.6918814285714,20.6309522857143,27.5714285714286,101,,,,,70758,2020-05-31,5212501,Luziania,GO,2020,23
1590278400000,202022,91.0,91,91,91,1.94e-08,43.024376,0,4,521250120202219589,2023-08-20,Luziânia,0,0.50389236,211508,13.5714285714286,92.0528768571429,0,0,2,69.9062687142857,42.2619901428571,19.6904765714286,26.2857142857143,70,,,,,70758,2020-05-24,5212501,Luziania,GO,2020,22
1589673600000,202021,153.0,153,153,153,0.006067566,72.33769,0,4,521250120202119589,2023-08-20,Luziânia,0,0.76500505,211508,16.8571428571429,94.7384354285714,0,0,2,77.6645612857143,56.1353478571429,21.2797622857143,26.1428571428571,111,,,,,70758,2020-05-17,5212501,Luziania,GO,2020,21
1589068800000,202020,172.0,172,172,172,0.053871453,81.3208,0,4,521250120202019589,2023-08-20,Luziânia,0,0.8468797,211508,15.5714285714286,95.54601,0,0,2,77.5833255714286,54.4287637142857,20.295238,26.0,121,,,,,70758,2020-05-10,5212501,Luziania,GO,2020,20
1588464000000,202019,253.0,253,253,253,0.92683876,119.617226,0,4,521250120201919589,2023-08-20,Luziânia,0,1.1427287,211508,16.1428571428571,90.4847614285714,0,0,2,71.2979182857143,47.779535,21.1130954285714,26.4285714285714,162,,,,,70758,2020-05-03,5212501,Luziania,GO,2020,19
1587859200000,202018,142.0,142,142,142,1.55032e-05,67.13694,0,4,521250120201819589,2023-08-20,Luziânia,0,0.6426567,211508,15.2857142857143,93.7856005714286,0,0,2,70.0920012857143,44.7584124285714,21.1964285714286,27.0,83,,,,,70758,2020-04-26,5212501,Luziania,GO,2020,18
1587254400000,202017,253.0,253,253,253,0.99981636,119.617226,0,4,521250120201719589,2023-08-20,Luziânia,0,1.4119055,211508,19.8571428571429,94.9427114285714,1,1,2,84.919722,68.5638907142857,22.0238094285714,25.4285714285714,190,,,,,70758,2020-04-19,5212501,Luziania,GO,2020,17
1586649600000,202016,258.0,258,258,258,1.0,121.9812,0,4,521250120201619589,2023-08-20,Luziânia,0,1.9724025,211508,19.8571428571429,94.9302085714286,1,1,2,82.8242042857143,64.168793,22.5357142857143,26.2857142857143,193,,,,,70758,2020-04-12,5212501,Luziania,GO,2020,16
1586044800000,202015,176.0,176,176,176,0.99993825,83.21198,0,4,521250120201519589,2023-08-20,Luziânia,0,1.5812819,211508,20.7142857142857,94.9730985714286,1,1,2,78.1272734285714,52.911129,24.2083331428571,29.5714285714286,126,,,,,70758,2020-04-05,5212501,Luziania,GO,2020,15
1585440000000,202014,114.0,114,114,114,0.42295882,53.89867,0,4,521250120201419589,2023-08-20,Luziânia,0,0.9747934,211508,19.5714285714286,92.4085957142857,1,0,2,69.1127041428571,44.5349284285714,24.9285714285714,30.2857142857143,84,,,,,70758,2020-03-29,5212501,Luziania,GO,2020,14
1584835200000,202013,87.0,87,87,87,0.016296133,41.133198,0,4,521250120201319589,2023-08-20,Luziânia,0,0.7408247,211508,20.1428571428571,98.2973257142857,1,0,2,87.7532198571429,69.186956,22.1428571428571,26.2857142857143,55,,,,,70758,2020-03-22,5212501,Luziania,GO,2020,13
1584230400000,202012,133.0,133,133,133,0.97053605,62.881783,0,4,521250120201219589,2023-08-20,Luziânia,0,1.2787179,211508,19.7142857142857,90.8647865714286,1,1,2,77.6681498571429,58.973507,22.5995671428571,26.5714285714286,90,,,,,70758,2020-03-15,5212501,Luziania,GO,2020,12
1583625600000,202011,127.0,127,127,127,0.99627393,60.04501,0,4,521250120201119589,2023-08-20,Luziânia,0,1.4439527,211508,20.7142857142857,93.2664471428571,1,1,2,81.3387764285714,64.1798621428571,23.1352811428571,26.7142857142857,76,,,,,70758,2020-03-08,5212501,Luziania,GO,2020,11
1583020800000,202010,103.0,103,103,103,0.965262,48.69792,0,4,521250120201019589,2023-08-20,Luziânia,0,1.3099593,211508,20.2857142857143,97.4428628571429,1,1,2,86.4160564285714,73.098703,22.297078,24.8571428571429,61,,,,,70758,2020-03-01,5212501,Luziania,GO,2020,10
1582416000000,202009,86.0,86,86,86,0.7858438,40.6604,0,2,521250120200919589,2023-08-20,Luziânia,0,1.1323359,211508,20.5714285714286,94.9481585714286,1,0,2,84.7401114285714,67.8492261428571,22.8566017142857,26.7142857142857,42,,,,,70758,2020-02-23,5212501,Luziania,GO,2020,9
1581811200000,202008,71.0,71,71,71,0.5630631,33.56847,0,2,521250120200819589,2023-08-20,Luziânia,0,1.0271021,211508,21.0,93.3246265714286,1,0,1,84.3276742857143,76.6478397142857,22.4025971428571,23.7142857142857,36,,,,,70758,2020-02-16,5212501,Luziania,GO,2020,8
1581206400000,202007,80.0,80,80,80,0.9800827,37.823627,0,2,521250120200719589,2023-08-20,Luziânia,0,1.4247073,211508,19.8571428571429,94.0811228571429,1,1,1,89.6373401428571,83.8569494285714,21.1142857142857,22.2857142857143,48,,,,,70758,2020-02-09,5212501,Luziania,GO,2020,7
1580601600000,202006,81.0,81,81,81,0.99915487,38.296425,0,2,521250120200619589,2023-08-20,Luziânia,0,1.7620947,211508,20.0,93.2598771428571,1,1,1,82.0111215714286,68.9063538571429,22.6011905714286,25.4285714285714,61,,,,,70758,2020-02-02,5212501,Luziania,GO,2020,6
1579996800000,202005,44.0,44,44,44,0.82190937,20.802996,0,1,521250120200519589,2023-08-20,Luziânia,0,1.2287855,211508,20.5714285714286,94.0694242857143,1,0,1,76.7092428571429,52.7331998571429,24.0952377142857,29.1428571428571,27,,,,,70758,2020-01-26,5212501,Luziania,GO,2020,5
1579392000000,202004,52.0,52,52,52,0.99944496,24.585358,0,3,521250120200419589,2023-08-20,Luziânia,0,2.1616602,211508,21.1428571428571,94.0437657142857,1,1,1,82.469923,64.8863707142857,23.4345237142857,27.1428571428571,26,,,,,70758,2020-01-19,5212501,Luziania,GO,2020,4
1578787200000,202003,37.0,37,37,37,0.99962157,17.493427,0,3,521250120200319589,2023-08-20,Luziânia,0,2.7041228,211508,20.8571428571429,84.6269542857143,0,1,1,61.9866042857143,40.339235,26.1309522857143,31.4285714285714,25,,,,,70758,2020-01-12,5212501,Luziania,GO,2020,3
1578182400000,202002,22.0,22,22,22,0.9983318,10.401498,0,1,521250120200219589,2023-08-20,Luziânia,0,3.2016997,211508,20.2857142857143,94.93646,1,1,1,81.0192821428572,61.600405,23.5523805714286,27.5714285714286,11,,,,,70758,2020-01-05,5212501,Luziania,GO,2020,2
1577577600000,202001,14.0,14,14,14,0.98815125,6.619135,0,1,521250120200119589,2023-08-20,Luziânia,0,2.9925103,211508,20.6666666666667,91.3808733333333,1,1,1,78.256815,58.8144246666667,22.9694443333333,27.0,9,,,,,70758,2019-12-29,5212501,Luziania,GO,2020,1
1576972800000,201952,2.0,2,2,2,0.14317209,0.94559073,0,1,521250120195219589,2023-08-20,Luziânia,0,0.44385913,211508,20.2857142857143,88.5374357142857,0,0,0,81.7564242857143,70.7298128571429,21.8158728571429,24.0,1,,,,,70758,2019-12-22,5212501,Luziania,GO,2019,52
1576368000000,201951,5.0,5,5,5,0.61241466,2.3639767,0,1,521250120195119589,2023-08-20,Luziânia,0,1.1978093,211508,20.1428571428571,85.4108108571428,0,0,0,76.6244357142857,66.7672311428571,22.1428571428571,24.8571428571429,4,,,,,70758,2019-12-15,5212501,Luziania,GO,2019,51
1575763200000,201950,5.0,5,5,5,0.6908612,2.3639767,0,2,521250120195019589,2023-08-20,Luziânia,0,1.3846024,211508,20.5714285714286,94.9120657142857,1,0,0,89.4822734285714,82.46952,21.3210315714286,22.5714285714286,4,,,,,70758,2019-12-08,5212501,Luziania,GO,2019,50
1575158400000,201949,4.0,4,4,4,0.57483315,1.8911815,0,2,521250120194919589,2023-08-20,Luziânia,0,1.1392025,211508,21.0,94.9301385714286,1,0,0,88.7458828571429,84.0757014285714,21.7571428571429,22.4285714285714,1,,,,,70758,2019-12-01,5212501,Luziania,GO,2019,49
1574553600000,201948,4.0,4,4,4,0.42444107,1.8911815,0,1,521250120194819589,2023-08-20,Luziânia,0,0.88309366,211508,20.7142857142857,93.2093914285714,1,0,0,88.4090734285714,81.9633924285714,21.7,22.8571428571429,3,,,,,70758,2019-11-24,5212501,Luziania,GO,2019,48
1573948800000,201947,2.0,2,2,2,0.05098044,0.94559073,0,1,521250120194719589,2023-08-20,Luziânia,0,0.31461996,211508,19.7142857142857,93.1467334285714,1,0,0,86.5033892857143,80.26802,20.6650792857143,21.7142857142857,0,,,,,70758,2019-11-17,5212501,Luziania,GO,2019,47
1573344000000,201946,5.0,5,5,5,0.22146149,2.3639767,0,1,521250120194619589,2023-08-20,Luziânia,0,0.65563744,211508,21.5714285714286,74.6293081428571,0,0,0,64.6643605714286,51.9924652857143,23.8428571428571,26.7142857142857,5,,,,,70758,2019-11-10,5212501,Luziania,GO,2019,46
1572739200000,201945,5.0,5,5,5,0.3636161,2.3639767,0,1,521250120194519589,2023-08-20,Luziânia,0,0.81713915,211508,20.8571428571429,88.4662028571429,0,0,0,77.605495,66.3822857142857,22.6428571428571,24.4285714285714,4,,,,,70758,2019-11-03,5212501,Luziania,GO,2019,45
1572134400000,201944,11.0,11,11,11,0.9772924,5.200749,0,1,521250120194419589,2023-08-20,Luziânia,0,2.9534485,211508,20.7142857142857,78.771418,0,1,1,68.55201,56.3240627142857,22.7467534285714,25.1428571428571,10,,,,,70758,2019-10-27,5212501,Luziania,GO,2019,44
1571529600000,201943,7.0,7,7,7,0.8260386,3.3095675,0,1,521250120194319589,2023-08-20,Luziânia,0,1.7403497,211508,20.4285714285714,82.4392952857143,0,0,0,73.8886335714286,62.8859527142857,22.4883117142857,24.8571428571429,6,,,,,70758,2019-10-20,5212501,Luziania,GO,2019,43
1570924800000,201942,1.0,1,1,1,0.021460686,0.47279537,0,1,521250120194219589,2023-08-20,Luziânia,0,0.18043506,211508,17.4285714285714,68.6735242857143,0,0,0,52.131513,35.6002271428571,21.5350648571429,26.4285714285714,0,,,,,70758,2019-10-13,5212501,Luziania,GO,2019,42
1570320000000,201941,2.0,2,2,2,0.098439716,0.94559073,0,1,521250120194119589,2023-08-20,Luziânia,0,0.38530004,211508,20.7142857142857,83.9983814285714,0,0,0,72.5207528571429,55.0464801428571,22.6155842857143,25.2857142857143,1,,,,,70758,2019-10-06,5212501,Luziania,GO,2019,41
1569715200000,201940,10.0,10,10,10,0.92362773,4.7279534,0,1,521250120194019589,2023-08-20,Luziânia,0,2.1130557,211508,19.4285714285714,77.5876118571429,0,0,1,63.4991004285714,48.9821551428571,22.52987,25.8571428571429,6,,,,,70758,2019-09-29,5212501,Luziania,GO,2019,40
1569110400000,201939,3.0,3,3,3,0.19195555,1.4183861,0,1,521250120193919589,2023-08-20,Luziânia,0,0.5580004,211508,19.5714285714286,73.0459488571429,0,0,0,63.9959984285714,52.4830275714286,21.7844154285714,24.8571428571429,2,,,,,70758,2019-09-22,5212501,Luziania,GO,2019,39
1568505600000,201938,5.0,5,5,5,0.3750723,2.3639767,0,1,521250120193819589,2023-08-20,Luziânia,0,0.8310329,211508,17.8571428571429,57.2333657142857,0,0,0,44.6969718571429,30.6542451428571,21.2285714285714,26.1428571428571,4,,,,,70758,2019-09-15,5212501,Luziania,GO,2019,38
1567900800000,201937,4.0,4,4,4,0.31104663,1.8911815,0,1,521250120193719589,2023-08-20,Luziânia,0,0.7345527,211508,16.5714285714286,65.1175161428571,0,0,0,53.16735,36.7817517142857,20.0025974285714,25.2857142857143,3,,,,,70758,2019-09-08,5212501,Luziania,GO,2019,37
1567296000000,201936,9.0,9,9,9,0.77266294,4.2551584,0,1,521250120193619589,2023-08-20,Luziânia,0,1.4572372,211508,16.7142857142857,66.1342802857143,0,0,0,51.5059137142857,34.5350757142857,20.151948,25.1428571428571,5,,,,,70758,2019-09-01,5212501,Luziania,GO,2019,36
1566691200000,201935,4.0,4,4,4,0.09872657,1.8911815,0,1,521250120193519589,2023-08-20,Luziânia,0,0.4808781,211508,16.4285714285714,70.4861752857143,0,0,0,57.7209194285714,43.5347438571429,19.3766231428571,23.1428571428571,2,,,,,70758,2019-08-25,5212501,Luziania,GO,2019,35
1566086400000,201934,3.0,3,3,3,0.022146663,1.4183861,0,1,521250120193419589,2023-08-20,Luziânia,0,0.3079841,211508,16.8571428571429,68.579201,0,0,0,54.4558552857143,38.3258545714286,19.9220777142857,24.2857142857143,3,,,,,70758,2019-08-18,5212501,Luziania,GO,2019,34
1565481600000,201933,13.0,13,13,13,0.5379559,6.1463394,0,1,521250120193319589,2023-08-20,Luziânia,0,1.0378064,211508,15.1428571428571,73.8403124285714,0,0,1,59.9574537142857,45.6748382857143,18.2337664285714,22.0,8,,,,,70758,2019-08-11,5212501,Luziania,GO,2019,33
1564876800000,201932,6.0,6,6,6,0.017250603,2.8367722,0,1,521250120193219589,2023-08-20,Luziânia,0,0.38922516,211508,14.7142857142857,85.57731,0,0,0,72.8886507142857,53.880869,17.3116881428571,21.1428571428571,4,,,,,70758,2019-08-04,5212501,Luziania,GO,2019,32
1564272000000,201931,12.0,12,12,12,0.14726733,5.6735444,0,1,521250120193119589,2023-08-20,Luziânia,0,0.68160665,211508,13.7142857142857,79.92182,0,0,1,65.355831,47.1138647142857,17.0259741428571,21.7142857142857,7,,,,,70758,2019-07-28,5212501,Luziania,GO,2019,31
1563667200000,201930,20.0,20,20,20,0.24088727,9.455907,0,1,521250120193019589,2023-08-20,Luziânia,0,0.81127745,211508,13.4285714285714,83.0919731428571,0,0,1,73.9442892857143,60.1033567142857,16.0259738571429,19.2857142857143,14,,,,,70758,2019-07-21,5212501,Luziania,GO,2019,30
1563062400000,201929,12.0,12,12,12,4.44025e-05,5.6735444,0,1,521250120192919589,2023-08-20,Luziânia,0,0.30742007,211508,13.2857142857143,78.3096692857143,0,0,1,67.1946792857143,52.8261578571429,16.2597402857143,20.2857142857143,8,,,,,70758,2019-07-14,5212501,Luziania,GO,2019,29
1562457600000,201928,21.0,21,21,21,3.4498e-06,9.928702,0,1,521250120192819589,2023-08-20,Luziânia,0,0.34696797,211508,11.0,84.3199878571429,0,0,1,70.8505108571429,55.5645845714286,14.2077921428571,18.5714285714286,13,,,,,70758,2019-07-07,5212501,Luziania,GO,2019,28
1561852800000,201927,37.0,37,37,37,2.4643e-06,17.493427,0,1,521250120192719589,2023-08-20,Luziânia,0,0.42551202,211508,13.4285714285714,87.0082451428571,0,0,1,78.1196452857143,62.3600285714286,16.1181817142857,20.1428571428571,20,,,,,70758,2019-06-30,5212501,Luziania,GO,2019,27
1561248000000,201926,54.0,54,54,54,1.4838e-06,25.530949,0,1,521250120192619589,2023-08-20,Luziânia,0,0.47495136,211508,13.8571428571429,86.2513228571429,0,0,1,74.8542935714286,58.2690801428571,16.6363635714286,20.7142857142857,28,,,,,70758,2019-06-23,5212501,Luziania,GO,2019,26
1560643200000,201925,92.0,92,92,92,0.0004733196,43.497173,0,4,521250120192519589,2023-08-20,Luziânia,0,0.64644426,211508,13.4285714285714,87.9628457142857,0,0,2,77.3012927142857,62.9884997142857,16.1168832857143,20.0,59,,,,,70758,2019-06-16,5212501,Luziania,GO,2019,25
1560038400000,201924,111.0,111,111,111,0.0001310857,52.480286,0,4,521250120192419589,2023-08-20,Luziânia,0,0.6450516,211508,14.7142857142857,88.9108057142857,0,0,2,76.6860707142857,64.6974814285714,17.83171,20.8571428571429,78,,,,,70758,2019-06-09,5212501,Luziania,GO,2019,24
1559433600000,201923,139.0,139,139,139,0.0005626684,65.71855,0,4,521250120192319589,2023-08-20,Luziânia,0,0.6998401,211508,15.7142857142857,89.61977,0,0,2,79.4126234285714,69.5694294285714,18.4935071428571,21.5714285714286,100,,,,,70758,2019-06-02,5212501,Luziania,GO,2019,23
1558828800000,201922,180.0,180,180,180,0.057151537,85.103165,0,4,521250120192219589,2023-08-20,Luziânia,0,0.8523415,211508,16.4285714285714,92.1806434285714,0,0,2,83.0533162857143,69.060529,18.766234,22.2857142857143,131,,,,,70758,2019-05-26,5212501,Luziania,GO,2019,22
1558224000000,201921,192.0,192,192,192,0.49492508,90.77671,0,4,521250120192119589,2023-08-20,Luziânia,0,0.9987043,211508,16.0,93.8726014285714,0,0,2,84.029065,69.5596885714286,18.496104,22.2857142857143,145,,,,,70758,2019-05-19,5212501,Luziania,GO,2019,21
1557619200000,201920,246.0,246,246,246,0.99999774,116.307655,0,4,521250120192019589,2023-08-20,Luziânia,0,1.589735,211508,17.7142857142857,93.9574691428571,0,1,2,86.6759622857143,77.0606534285714,19.4727274285714,21.7142857142857,175,,,,,70758,2019-05-12,5212501,Luziania,GO,2019,20
1557014400000,201919,199.0,199,199,199,0.9998798,94.08627,0,4,521250120191919589,2023-08-20,Luziânia,0,1.5023776,211508,18.5714285714286,94.8097285714286,1,1,2,84.4866135714286,71.0238592857143,20.9334417142857,24.0,141,,,,,70758,2019-05-05,5212501,Luziania,GO,2019,19
1556409600000,201918,153.0,153,153,153,0.70007783,72.33769,0,4,521250120191819589,2023-08-20,Luziânia,0,1.0627023,211508,19.5714285714286,94.8872657142857,1,0,2,89.233367,78.6254758571429,20.8285717142857,23.1428571428571,114,,,,,70758,2019-04-28,5212501,Luziania,GO,2019,18
1555804800000,201917,98.0,98,98,98,8.52162e-05,46.333946,0,4,521250120191719589,2023-08-20,Luziânia,0,0.6212748,211508,18.4285714285714,95.7106234285714,1,0,2,88.5482148571429,81.288248,20.3966031428571,22.7142857142857,74,,,,,70758,2019-04-21,5212501,Luziania,GO,2019,17
1555200000000,201916,142.0,142,142,142,0.37381345,67.13694,0,4,521250120191619589,2023-08-20,Luziânia,0,0.9629308,211508,19.5714285714286,96.5757571428571,1,0,2,91.0609585714286,82.6224417142857,21.0499498571429,22.8571428571429,93,,,,,70758,2019-04-14,5212501,Luziania,GO,2019,16
1554595200000,201915,197.0,197,197,197,0.9998475,93.140686,0,4,521250120191519589,2023-08-20,Luziânia,0,1.4944519,211508,19.7142857142857,98.2973257142857,1,1,2,92.1561428571429,84.2214247142857,20.8005414285714,22.4285714285714,130,,,,,70758,2019-04-07,5212501,Luziania,GO,2019,15
1553990400000,201914,131.0,131,131,131,0.914587,61.93619,0,4,521250120191419589,2023-08-20,Luziânia,0,1.1930969,211508,19.2857142857143,92.368972,1,0,2,86.1333492857143,75.171833,20.9000002857143,23.1428571428571,62,,,,,70758,2019-03-31,5212501,Luziania,GO,2019,14
1553385600000,201913,133.0,133,133,133,0.9999636,62.881783,0,4,521250120191319589,2023-08-20,Luziânia,0,1.7473937,211508,19.8571428571429,95.6895477142857,1,1,2,90.6411265714286,85.54249,20.6363637142857,22.0,52,,,,,70758,2019-03-24,5212501,Luziania,GO,2019,13
1552780800000,201912,138.0,138,138,138,1.0,65.24576,0,1,521250120191219589,2023-08-20,Luziânia,0,2.5389993,211508,19.5714285714286,96.5694357142857,1,1,2,90.6354621428571,83.27312,20.6064934285714,22.1428571428571,66,,,,,70758,2019-03-17,5212501,Luziania,GO,2019,12
1552176000000,201911,52.0,52,52,52,0.5237544,24.585358,0,1,521250120191119589,2023-08-20,Luziânia,0,1.0117397,211508,20.1428571428571,89.9537328571429,0,0,1,84.7204107142857,75.8468071428571,21.2727271428571,23.2857142857143,32,,,,,70758,2019-03-10,5212501,Luziania,GO,2019,11
1551571200000,201910,50.0,50,50,50,0.17622901,23.639769,0,2,521250120191019589,2023-08-20,Luziânia,0,0.8375876,211508,18.1428571428571,97.4111857142857,1,0,1,91.5836028571428,86.1104091428572,19.6636362857143,20.7142857142857,36,,,,,70758,2019-03-03,5212501,Luziania,GO,2019,10
1550966400000,201909,45.0,45,45,45,0.014221139,21.275791,0,2,521250120190919589,2023-08-20,Luziânia,0,0.6604323,211508,19.7142857142857,94.8479371428571,1,0,1,88.1935692857143,80.3762864285714,21.051948,22.4285714285714,21,,,,,70758,2019-02-24,5212501,Luziania,GO,2019,9
1550361600000,201908,58.0,58,58,58,0.2728785,27.42213,0,2,521250120190819589,2023-08-20,Luziânia,0,0.8969072,211508,19.4285714285714,93.9681185714286,1,0,1,88.9575744285714,81.75066,20.4155845714286,21.5714285714286,24,,,,,70758,2019-02-17,5212501,Luziania,GO,2019,8
1549756800000,201907,77.0,77,77,77,0.9866618,36.405243,0,1,521250120190719589,2023-08-20,Luziânia,0,1.4810184,211508,19.7142857142857,92.4445057142857,1,1,1,86.3459728571429,79.1729835714286,21.1714285714286,22.7142857142857,40,,,,,70758,2019-02-10,5212501,Luziania,GO,2019,7
1549152000000,201906,77.0,77,77,77,0.99901813,36.405243,0,1,521250120190619589,2023-08-20,Luziânia,0,1.774974,211508,19.7142857142857,94.2076642857143,1,1,1,79.4637761428571,61.1307278571429,22.5376981428571,27.4285714285714,37,,,,,70758,2019-02-03,5212501,Luziania,GO,2019,6
1548547200000,201905,39.0,39,39,39,0.505824,18.439018,0,1,521250120190519589,2023-08-20,Luziânia,0,1.0032965,211508,18.1428571428571,84.3868708571429,0,0,1,59.4086522857143,35.8593115714286,24.2380954285714,29.8571428571429,19,,,,,70758,2019-01-27,5212501,Luziania,GO,2019,5
1547942400000,201904,48.0,48,48,48,0.93246186,22.694178,0,1,521250120190419589,2023-08-20,Luziânia,0,1.3903363,211508,19.7142857142857,83.0639728571429,0,0,1,60.1835437142857,38.3832544285714,25.0297617142857,30.5714285714286,22,,,,,70758,2019-01-20,5212501,Luziania,GO,2019,4
1547337600000,201903,34.0,34,34,34,0.73258483,16.075043,0,1,521250120190319589,2023-08-20,Luziânia,0,1.1681967,211508,18.8571428571429,87.4907005714286,0,0,1,68.945513,50.693095,23.3809522857143,28.1428571428571,18,,,,,70758,2019-01-13,5212501,Luziania,GO,2019,3
1546732800000,201902,43.0,43,43,43,0.98626804,20.3302,0,2,521250120190219589,2023-08-20,Luziânia,0,1.7176015,211508,18.5714285714286,91.609522,1,1,1,80.7433237142857,69.307483,20.4428571428571,22.4285714285714,6,,,,,70758,2019-01-06,5212501,Luziania,GO,2019,2
1546128000000,201901,19.0,19,19,19,0.49820685,8.983111,0,2,521250120190119589,2023-08-20,Luziânia,0,0.99855924,211508,19.1428571428571,92.4099651428571,1,0,1,83.8881727142857,73.7355725714286,20.6857142857143,22.7142857142857,6,,,,,70758,2018-12-30,5212501,Luziania,GO,2019,1
1545523200000,201852,35.0,35,35,35,0.99862903,16.547838,0,2,521250120185219589,2023-08-20,Luziânia,0,2.4230943,211508,19.0,94.0550488,1,1,1,84.4303552,67.689914,21.4538888,24.4,12,,,,,70758,2018-12-23,5212501,Luziania,GO,2018,52
1544918400000,201851,14.0,14,14,14,0.6118541,6.619135,0,2,521250120185119589,2023-08-20,Luziânia,0,1.1147511,211508,19.2380952380952,94.3304172952381,1,0,1,,,,,3,,,,,70758,2018-12-16,5212501,Luziania,GO,2018,51
1544313600000,201850,13.0,13,13,13,0.65786904,6.1463394,0,2,521250120185019589,2023-08-20,Luziânia,0,1.1773608,211508,19.4761904761905,94.6057857904762,1,0,1,,,,,3,,,,,70758,2018-12-09,5212501,Luziania,GO,2018,50
1543708800000,201849,14.0,14,14,14,0.89286196,6.619135,0,2,521250120184919589,2023-08-20,Luziânia,0,1.6904485,211508,19.7142857142857,94.8811542857143,1,0,1,89.3434171428571,80.9390635714286,20.6674601428571,22.5714285714286,7,,,,,70758,2018-12-02,5212501,Luziania,GO,2018,49
1543104000000,201848,10.0,10,10,10,0.9392606,4.7279534,0,2,521250120184819589,2023-08-20,Luziânia,0,2.2819443,211508,18.5714285714286,92.3061191428571,1,0,1,86.2330228571429,77.6836178571428,19.9178571428571,21.8571428571429,6,,,,,70758,2018-11-25,5212501,Luziania,GO,2018,48
1542499200000,201847,12.0,12,12,12,0.9944819,5.6735444,0,2,521250120184719589,2023-08-20,Luziânia,0,4.1913567,211508,19.0,94.88671,1,1,1,88.9910134285714,79.793325,20.3813491428571,22.4285714285714,3,,,,,70758,2018-11-18,5212501,Luziania,GO,2018,47
1541894400000,201846,1.0,1,1,1,0.052667107,0.47279537,0,2,521250120184619589,2023-08-20,Luziânia,0,0.23546287,211508,18.8571428571429,97.4238985714286,1,0,0,91.2821378571429,81.5304237142857,20.1821424285714,22.2857142857143,0,,,,,70758,2018-11-11,5212501,Luziania,GO,2018,46
1541289600000,201845,1.0,1,1,1,0.014797904,0.47279537,0,2,521250120184519589,2023-08-20,Luziânia,0,0.16451526,211508,19.1428571428571,96.5504714285714,1,0,0,90.7268385714286,82.5312428571429,19.904762,21.2857142857143,1,,,,,70758,2018-11-04,5212501,Luziania,GO,2018,45
1540684800000,201844,5.0,5,5,5,0.31011155,2.3639767,0,1,521250120184419589,2023-08-20,Luziânia,0,0.75452846,211508,19.7142857142857,91.5414748571429,1,0,0,84.7162965714286,73.9152668571429,21.0162337142857,23.1428571428571,3,,,,,70758,2018-10-28,5212501,Luziania,GO,2018,44
1540080000000,201843,6.0,6,6,6,0.5200511,2.8367722,0,1,521250120184319589,2023-08-20,Luziânia,0,1.028619,211508,19.1428571428571,96.6209914285714,1,0,0,89.3454042857143,79.030422,20.5091991428571,22.7142857142857,2,,,,,70758,2018-10-21,5212501,Luziania,GO,2018,43
1539475200000,201842,9.0,9,9,9,0.8494402,4.2551584,0,1,521250120184219589,2023-08-20,Luziânia,0,1.7184927,211508,18.0,100.0,0,0,0,89.99922,80.951455,20.068182,22.0,6,,,,,70758,2018-10-14,5212501,Luziania,GO,2018,42
1538870400000,201841,4.0,4,4,4,0.41366506,1.8911815,0,1,521250120184119589,2023-08-20,Luziânia,0,0.86782676,211508,18.0,96.27173625,0,0,0,,,,,2,,,,,70758,2018-10-07,5212501,Luziania,GO,2018,41
1538265600000,201840,6.0,6,6,6,0.7734137,2.8367722,0,1,521250120184019589,2023-08-20,Luziânia,0,1.5930592,211508,18.0,92.5434725,0,0,0,81.64804125,69.39496,19.977273,22.0,2,,,,,70758,2018-09-30,5212501,Luziania,GO,2018,40
1537660800000,201839,5.0,5,5,5,0.77161103,2.3639767,0,1,521250120183919589,2023-08-20,Luziânia,0,1.6589355,211508,15.1428571428571,92.1393,0,0,0,75.6999955714286,51.677306,18.7716451428571,23.4285714285714,3,,,,,70758,2018-09-23,5212501,Luziania,GO,2018,39
1537056000000,201838,3.0,3,3,3,0.5923734,1.4183861,0,1,521250120183819589,2023-08-20,Luziânia,0,1.2032531,211508,15.8571428571429,99.1328242857143,0,0,0,90.2123874285714,73.5056512857143,18.3245671428571,21.8571428571429,1,,,,,70758,2018-09-16,5212501,Luziania,GO,2018,38
1536451200000,201837,4.0,4,4,4,0.671278,1.8911815,0,1,521250120183719589,2023-08-20,Luziânia,0,1.3762553,211508,12.8571428571429,82.8850302857143,0,0,0,65.2829797142857,44.3758081428571,16.6715364285714,21.5714285714286,0,,,,,70758,2018-09-09,5212501,Luziania,GO,2018,37
1535846400000,201836,1.0,1,1,1,0.07351042,0.47279537,0,1,521250120183619589,2023-08-20,Luziânia,0,0.26554027,211508,13.0,85.4367364285714,0,0,0,67.8282804285714,48.7459614285714,17.1336582857143,22.0,1,,,,,70758,2018-09-02,5212501,Luziania,GO,2018,36
1535241600000,201835,3.0,3,3,3,0.33164856,1.4183861,0,1,521250120183519589,2023-08-20,Luziânia,0,0.73355067,211508,14.0,84.0712191428571,0,0,0,65.5264721428571,49.2310167142857,17.4128788571429,21.4285714285714,0,,,,,70758,2018-08-26,5212501,Luziania,GO,2018,35
1534636800000,201834,4.0,4,4,4,0.51525486,1.8911815,0,1,521250120183419589,2023-08-20,Luziânia,0,1.0261451,211508,12.8571428571429,85.2993865714286,0,0,0,70.9141297142857,55.3196785714286,16.1650432857143,19.8571428571429,1,,,,,70758,2018-08-19,5212501,Luziania,GO,2018,34
1534032000000,201833,5.0,5,5,5,0.59426814,2.3639767,0,1,521250120183319589,2023-08-20,Luziânia,0,1.1614738,211508,12.2857142857143,85.5404807142857,0,0,0,66.3062278571429,43.2940031428571,16.411008,22.1428571428571,4,,,,,70758,2018-08-12,5212501,Luziania,GO,2018,33
1533427200000,201832,3.0,3,3,3,0.14838499,1.4183861,0,1,521250120183219589,2023-08-20,Luziânia,0,0.5047848,211508,14.1428571428571,89.5315942857143,0,0,0,60.9638951428571,29.1533562857143,21.0119048571429,28.7142857142857,2,,,,,70758,2018-08-05,5212501,Luziania,GO,2018,32
1532822400000,201831,4.0,4,4,4,0.08180256,1.8911815,0,1,521250120183119589,2023-08-20,Luziânia,0,0.4573891,211508,11.0,87.6890871428571,0,0,0,54.618591,21.6808644285714,19.5238094285714,28.4285714285714,2,,,,,70758,2018-07-29,5212501,Luziania,GO,2018,31
1532217600000,201830,5.0,5,5,5,0.08755142,2.3639767,0,1,521250120183019589,2023-08-20,Luziânia,0,0.49692768,211508,9.28571428571429,88.3618034285714,0,0,0,57.3098288571429,26.7521431428571,17.0059525714286,25.1428571428571,3,,,,,70758,2018-07-22,5212501,Luziania,GO,2018,30
1531612800000,201829,8.0,8,8,8,0.46519166,3.782363,0,1,521250120182919589,2023-08-20,Luziânia,0,0.95874554,211508,10.5714285714286,89.2166221428571,0,0,0,65.9835537142857,40.7287048571429,16.2938312857143,22.7142857142857,4,,,,,70758,2018-07-15,5212501,Luziania,GO,2018,29
1531008000000,201828,16.0,16,16,16,0.9726052,7.564726,0,1,521250120182819589,2023-08-20,Luziânia,0,2.263215,211508,11.1428571428571,90.231216,0,1,1,79.2669381428571,61.4436665714286,14.1899351428571,18.5714285714286,5,,,,,70758,2018-07-08,5212501,Luziania,GO,2018,28
1530403200000,201827,4.0,4,4,4,0.12733686,1.8911815,0,1,521250120182719589,2023-08-20,Luziânia,0,0.5177852,211508,8.71428571428571,92.5800475714286,0,0,0,78.7596252857143,61.146714,12.4994588571429,17.0,2,,,,,70758,2018-07-01,5212501,Luziania,GO,2018,27
1529798400000,201826,9.0,9,9,9,0.3151954,4.2551584,0,1,521250120182619589,2023-08-20,Luziânia,0,0.8099872,211508,9.57142857142857,90.122995,0,0,0,78.8331087142857,61.8806012857143,12.6138528571429,17.0,7,,,,,70758,2018-06-24,5212501,Luziania,GO,2018,26
1529193600000,201825,4.0,4,4,4,0.0047705774,1.8911815,0,1,521250120182519589,2023-08-20,Luziânia,0,0.27487257,211508,10.8571428571429,91.0082948571429,0,0,0,78.8835492857143,59.9280891428571,13.9464284285714,18.2857142857143,3,,,,,70758,2018-06-17,5212501,Luziania,GO,2018,25
1528588800000,201824,11.0,11,11,11,0.104446806,5.200749,0,1,521250120182419589,2023-08-20,Luziânia,0,0.6253643,211508,12.0,95.4712491428571,0,0,1,83.2826702857143,66.0816021428571,15.0308444285714,19.1428571428571,8,,,,,70758,2018-06-10,5212501,Luziania,GO,2018,24
1527984000000,201823,19.0,19,19,19,0.3148601,8.983111,0,1,521250120182319589,2023-08-20,Luziânia,0,0.86142576,211508,12.2857142857143,92.8212042857143,0,0,1,83.6093564285714,68.7794932857143,15.2126624285714,19.1428571428571,7,,,,,70758,2018-06-03,5212501,Luziania,GO,2018,23
1527379200000,201822,10.0,10,10,10,0.008240944,4.7279534,0,1,521250120182219589,2023-08-20,Luziânia,0,0.4254933,211508,10.8571428571429,93.6589785714286,0,0,1,83.2202651428571,69.8190568571429,13.9925324285714,17.5714285714286,6,,,,,70758,2018-05-27,5212501,Luziania,GO,2018,22
1526774400000,201821,29.0,29,29,29,0.82412666,13.711065,0,1,521250120182119589,2023-08-20,Luziânia,0,1.2953297,211508,12.8571428571429,94.6691857142857,0,0,1,84.9002027142857,69.2745392857143,15.5243505714286,19.5714285714286,20,,,,,70758,2018-05-20,5212501,Luziania,GO,2018,21
1526169600000,201820,24.0,24,24,24,0.6135533,11.347089,0,1,521250120182019589,2023-08-20,Luziânia,0,1.0879724,211508,12.4285714285714,94.6910357142857,0,0,1,69.71466,36.3938718571429,19.2023811428571,26.7142857142857,12,,,,,70758,2018-05-13,5212501,Luziania,GO,2018,20
1525564800000,201819,21.0,21,21,21,0.38325468,9.928702,0,1,521250120181919589,2023-08-20,Luziânia,0,0.91504765,211508,12.7142857142857,94.6480642857143,0,0,1,67.552808,37.4296558571429,19.4226188571429,26.0,13,,,,,70758,2018-05-06,5212501,Luziania,GO,2018,19
1524960000000,201818,22.0,22,22,22,0.4431722,10.401498,0,1,521250120181819589,2023-08-20,Luziânia,0,0.95863175,211508,14.8571428571429,89.8055657142857,0,0,1,67.5512401428571,38.6471891428571,20.4583337142857,27.0,20,,,,,70758,2018-04-29,5212501,Luziania,GO,2018,18
1524355200000,201817,22.0,22,22,22,0.5071096,10.401498,0,1,521250120181719589,2023-08-20,Luziânia,0,1.0053439,211508,15.5714285714286,93.0111654285714,0,0,1,74.7060045714286,46.9750641428571,20.3333334285714,26.4285714285714,20,,,,,70758,2018-04-22,5212501,Luziania,GO,2018,17
1523750400000,201816,28.0,28,28,28,0.83287877,13.23827,0,1,521250120181619589,2023-08-20,Luziânia,0,1.3152395,211508,15.7142857142857,93.0175534285714,0,0,1,83.5250631428571,69.9775341428571,18.6961041428571,21.8571428571429,26,,,,,70758,2018-04-15,5212501,Luziania,GO,2018,16
1523145600000,201815,15.0,15,15,15,0.30670723,7.0919304,0,1,521250120181519589,2023-08-20,Luziânia,0,0.839988,211508,17.1428571428571,94.757966,0,0,1,88.9460402857143,82.464787,18.3544371428571,19.8571428571429,11,,,,,70758,2018-04-08,5212501,Luziania,GO,2018,15
1522540800000,201814,29.0,29,29,29,0.9906287,13.711065,0,1,521250120181419589,2023-08-20,Luziânia,0,2.083407,211508,18.1428571428571,94.0413757142857,1,1,1,86.8595385714286,76.5665478571429,19.7884197142857,21.8571428571429,22,,,,,70758,2018-04-01,5212501,Luziania,GO,2018,14
1521936000000,201813,16.0,16,16,16,0.7831005,7.564726,0,1,521250120181319589,2023-08-20,Luziânia,0,1.3408766,211508,17.5714285714286,90.8387157142857,0,0,1,80.9323821428572,71.2884814285714,19.5604977142857,22.0,16,,,,,70758,2018-03-25,5212501,Luziania,GO,2018,13
1521331200000,201812,12.0,12,12,12,0.55541676,5.6735444,0,1,521250120181219589,2023-08-20,Luziânia,0,1.0583166,211508,17.8571428571429,96.5247668571429,0,0,1,86.3466601428571,76.319258,20.121212,22.5714285714286,11,,,,,70758,2018-03-18,5212501,Luziania,GO,2018,12
1520726400000,201811,13.0,13,13,13,0.6426985,6.1463394,0,2,521250120181119589,2023-08-20,Luziânia,0,1.1574519,211508,18.8571428571429,93.2236442857143,1,0,1,85.3534727142857,70.6755931428571,20.9327201428571,24.0,11,,,,,70758,2018-03-11,5212501,Luziania,GO,2018,11
1520121600000,201810,9.0,9,9,9,0.4418977,4.2551584,0,2,521250120181019589,2023-08-20,Luziânia,0,0.935887,211508,18.6666666666667,93.9670533333333,1,0,0,84.1354466666667,76.0057316666667,20.004545,21.3333333333333,9,,,,,70758,2018-03-04,5212501,Luziania,GO,2018,10
1519516800000,201809,14.0,14,14,14,0.9363877,6.619135,0,1,521250120180919589,2023-08-20,Luziânia,0,1.9486598,211508,18.4285714285714,91.5219485714286,1,0,1,75.254332,53.5405731428571,21.7639282857143,26.1428571428571,11,,,,,70758,2018-02-25,5212501,Luziania,GO,2018,9
1518912000000,201808,10.0,10,10,10,0.84694177,4.7279534,0,1,521250120180819589,2023-08-20,Luziânia,0,1.6580081,211508,19.0,92.4215042857143,1,0,1,86.2730742857143,75.0327,20.2630951428571,22.0,7,,,,,70758,2018-02-18,5212501,Luziania,GO,2018,8
1518307200000,201807,6.0,6,6,6,0.48555836,2.8367722,0,1,521250120180719589,2023-08-20,Luziânia,0,0.9801083,211508,18.5714285714286,86.1030914285714,0,0,0,75.6478842857143,63.9317058571429,20.6,23.1428571428571,6,,,,,70758,2018-02-11,5212501,Luziania,GO,2018,7
1517702400000,201806,5.0,5,5,5,0.36707905,2.3639767,0,1,521250120180619589,2023-08-20,Luziânia,0,0.821318,211508,18.1428571428571,97.5495188571429,1,0,0,87.7539664285714,77.7775105714286,19.4515875714286,21.4285714285714,2,,,,,70758,2018-02-04,5212501,Luziania,GO,2018,6
1517097600000,201805,7.0,7,7,7,0.61677635,3.3095675,0,1,521250120180519589,2023-08-20,Luziânia,0,1.1734786,211508,19.4285714285714,94.0323171428571,1,0,0,87.810627,81.0663728571429,20.5428571428571,21.7142857142857,5,,,,,70758,2018-01-28,5212501,Luziania,GO,2018,5
1516492800000,201804,6.0,6,6,6,0.38885638,2.8367722,0,1,521250120180419589,2023-08-20,Luziânia,0,0.8590617,211508,18.4285714285714,86.0537834285714,0,0,0,68.2273435714286,44.8479174285714,21.5359211428571,26.1428571428571,5,,,,,70758,2018-01-21,5212501,Luziania,GO,2018,4
1515888000000,201803,6.0,6,6,6,0.29345456,2.8367722,0,1,521250120180319589,2023-08-20,Luziânia,0,0.7531318,211508,17.2857142857143,89.0138111428571,0,0,0,74.5576338571429,60.333589,20.0857142857143,23.1428571428571,2,,,,,70758,2018-01-14,5212501,Luziania,GO,2018,3
1515283200000,201802,4.0,4,4,4,0.267075,1.8911815,0,1,521250120180219589,2023-08-20,Luziânia,0,0.6820764,211508,18.0,89.8707705714286,0,0,0,82.27582,75.7994037142857,19.5714285714286,21.2857142857143,3,,,,,70758,2018-01-07,5212501,Luziania,GO,2018,2
1514678400000,201801,14.0,14,14,14,0.99617314,6.619135,0,1,521250120180119589,2023-08-20,Luziânia,0,3.985118,211508,18.8571428571429,94.8225114285714,1,1,1,89.8873771428571,83.2528934285714,19.8428571428571,20.8571428571429,1,,,,,70758,2017-12-31,5212501,Luziania,GO,2018,1
1514073600000,201752,4.0,4,4,4,0.5789349,1.8911815,0,1,521250120175219589,2023-08-20,Luziânia,0,1.1477381,211508,19.1428571428571,86.8635442857143,0,0,0,78.5883127142857,67.8196414285714,21.1888887142857,23.4285714285714,3,,,,,70758,2017-12-24,5212501,Luziania,GO,2017,52
1513468800000,201751,2.0,2,2,2,0.08684378,0.94559073,0,1,521250120175119589,2023-08-20,Luziânia,0,0.36926988,211508,17.4285714285714,91.5223002857143,0,0,0,78.1993728571429,65.7363848571429,20.5313492857143,23.4285714285714,2,,,,,70758,2017-12-17,5212501,Luziania,GO,2017,51
1512864000000,201750,3.0,3,3,3,0.089979135,1.4183861,0,2,521250120175019589,2023-08-20,Luziânia,0,0.42876098,211508,18.1666666666667,96.964804,1,0,0,91.1291156666667,81.1464446666667,19.0916666666667,21.0,2,,,,,70758,2017-12-10,5212501,Luziania,GO,2017,50
1512259200000,201749,4.0,4,4,4,0.29379827,1.8911815,0,1,521250120174919589,2023-08-20,Luziânia,0,0.7137445,211508,19.5714285714286,90.7450285714286,1,0,0,83.419618,70.7765421428571,21.2270974285714,24.0,1,,,,,70758,2017-12-03,5212501,Luziania,GO,2017,49
1511654400000,201748,11.0,11,11,11,0.97948587,5.200749,0,1,521250120174819589,2023-08-20,Luziânia,0,3.0465553,211508,18.5,93.907157,1,1,1,78.747975,61.0472205,21.041666,24.5,8,,,,,70758,2017-11-26,5212501,Luziania,GO,2017,48
1511049600000,201747,6.0,6,6,6,0.8272776,2.8367722,0,1,521250120174719589,2023-08-20,Luziânia,0,1.8304049,211508,17.975,91.84822725,0,0,0,,,,,1,,,,,70758,2017-11-19,5212501,Luziania,GO,2017,47
1510444800000,201746,0.0,0,0,0,0.0,0.0,0,1,521250120174619589,2023-08-20,Luziânia,0,0.0,211508,17.45,89.7892975,0,0,0,,,,,0,,,,,70758,2017-11-12,5212501,Luziania,GO,2017,46
1509840000000,201745,6.0,6,6,6,0.89742243,2.8367722,0,1,521250120174519589,2023-08-20,Luziânia,0,2.363729,211508,16.925,87.73036775,0,0,0,,,,,4,,,,,70758,2017-11-05,5212501,Luziania,GO,2017,45
1509235200000,201744,2.0,2,2,2,0.31190324,0.94559073,0,1,521250120174419589,2023-08-20,Luziânia,0,0.6658066,211508,16.4,85.671438,0,0,0,,,,,2,,,,,70758,2017-10-29,5212501,Luziania,GO,2017,44
1508630400000,201743,1.0,1,1,1,0.12943044,0.47279537,0,1,521250120174319589,2023-08-20,Luziânia,0,0.33901167,211508,15.875,83.61250825,0,0,0,,,,,1,,,,,70758,2017-10-22,5212501,Luziania,GO,2017,43
1508025600000,201742,5.0,5,5,5,0.8139199,2.3639767,0,1,521250120174219589,2023-08-20,Luziânia,0,1.8647418,211508,15.35,81.5535785,0,0,0,,,,,2,,,,,70758,2017-10-15,5212501,Luziania,GO,2017,42
1507420800000,201741,2.0,2,2,2,0.47953114,0.94559073,0,1,521250120174119589,2023-08-20,Luziânia,0,0.95524037,211508,14.825,79.49464875,0,0,0,,,,,2,,,,,70758,2017-10-08,5212501,Luziania,GO,2017,41
1506816000000,201740,3.0,3,3,3,0.8323736,1.4183861,0,1,521250120174019589,2023-08-20,Luziânia,0,2.4141517,211508,14.3,77.435719,0,0,0,,,,,2,,,,,70758,2017-10-01,5212501,Luziania,GO,2017,40
1506211200000,201739,3.0,3,3,3,0.8556574,1.4183861,0,1,521250120173919589,2023-08-20,Luziânia,0,2.697159,211508,13.775,75.37678925,0,0,0,,,,,1,,,,,70758,2017-09-24,5212501,Luziania,GO,2017,39
1505606400000,201738,0.0,0,0,0,0.0,0.0,0,1,521250120173819589,2023-08-20,Luziânia,0,0.0,211508,13.25,73.3178595,0,0,0,,,,,0,,,,,70758,2017-09-17,5212501,Luziania,GO,2017,38
1505001600000,201737,1.0,1,1,1,0.301436,0.47279537,0,1,521250120173719589,2023-08-20,Luziânia,0,0.5780092,211508,12.725,71.25892975,0,0,0,,,,,0,,,,,70758,2017-09-10,5212501,Luziania,GO,2017,37
1504396800000,201736,2.0,2,2,2,0.5109376,0.94559073,0,1,521250120173619589,2023-08-20,Luziânia,0,1.0251162,211508,12.2,69.2,0,0,0,53.9321426,38.8,15.7285714,19.6,2,,,,,70758,2017-09-03,5212501,Luziania,GO,2017,36
1503792000000,201735,1.0,1,1,1,0.26529855,0.47279537,0,1,521250120173519589,2023-08-20,Luziânia,0,0.52238107,211508,13.1428571428571,64.7142857142857,0,0,0,51.4603174285714,36.4285714285714,15.5178571428571,18.7142857142857,1,,,,,70758,2017-08-27,5212501,Luziania,GO,2017,35
1503187200000,201734,3.0,3,3,3,0.73963124,1.4183861,0,1,521250120173419589,2023-08-20,Luziânia,0,1.7313092,211508,15.2857142857143,72.4285714285714,0,0,0,63.3015871428571,52.8571428571429,17.1726191428571,19.1428571428571,3,,,,,70758,2017-08-20,5212501,Luziania,GO,2017,34
1502582400000,201733,1.0,1,1,1,0.33066946,0.47279537,0,1,521250120173319589,2023-08-20,Luziânia,0,0.6263552,211508,13.5714285714286,64.5714285714286,0,0,0,54.4107142857143,41.5714285714286,16.0694444285714,19.2857142857143,1,,,,,70758,2017-08-13,5212501,Luziania,GO,2017,33
1501977600000,201732,3.0,3,3,3,0.5087932,1.4183861,0,1,521250120173219589,2023-08-20,Luziânia,0,1.0169826,211508,14.0,72.1428571428571,0,0,0,63.6488091428571,53.0,15.6130952857143,17.7142857142857,3,,,,,70758,2017-08-06,5212501,Luziania,GO,2017,32
1501372800000,201731,0.0,0,0,0,0.0,0.0,0,1,521250120173119589,2023-08-20,Luziânia,0,0.0,211508,10.7142857142857,78.0,0,0,0,68.2678571428571,57.8571428571429,12.4821428571429,14.8571428571429,0,,,,,70758,2017-07-30,5212501,Luziania,GO,2017,31
1500768000000,201730,2.0,2,2,2,0.010529655,0.94559073,0,1,521250120173019589,2023-08-20,Luziânia,0,0.22140612,211508,11.0,74.1428571428571,0,0,0,64.8333337142857,53.2857142857143,12.9033447142857,15.8571428571429,1,,,,,70758,2017-07-23,5212501,Luziania,GO,2017,30
1500163200000,201729,5.0,5,5,5,0.079999074,2.3639767,0,1,521250120172919589,2023-08-20,Luziânia,0,0.48628813,211508,10.1428571428571,81.4285714285714,0,0,0,71.2678571428571,61.0,12.3392857142857,14.7142857142857,4,,,,,70758,2017-07-16,5212501,Luziania,GO,2017,29
1499558400000,201728,14.0,14,14,14,0.6023685,6.619135,0,1,521250120172819589,2023-08-20,Luziânia,0,1.10403,211508,12.4285714285714,80.8571428571429,0,0,1,71.7099201428571,62.0,13.7638888571429,15.1428571428571,13,,,,,70758,2017-07-09,5212501,Luziania,GO,2017,28
1498953600000,201727,5.0,5,5,5,0.0047598043,2.3639767,0,1,521250120172719589,2023-08-20,Luziânia,0,0.30416432,211508,11.2857142857143,77.0,0,0,0,70.051588,61.4285714285714,12.515873,14.0,5,,,,,70758,2017-07-02,5212501,Luziania,GO,2017,27
1498348800000,201726,16.0,16,16,16,0.15808167,7.564726,0,1,521250120172619589,2023-08-20,Luziânia,0,0.723773,211508,13.2857142857143,77.5714285714286,0,0,1,66.5651928571429,55.2857142857143,15.3472221428571,16.8571428571429,16,,,,,70758,2017-06-25,5212501,Luziania,GO,2017,26
1497744000000,201725,12.0,12,12,12,0.0069206273,5.6735444,0,1,521250120172519589,2023-08-20,Luziânia,0,0.44440737,211508,12.7142857142857,80.8571428571429,0,0,1,73.7301592857143,65.7142857142857,14.156746,16.1428571428571,10,,,,,70758,2017-06-18,5212501,Luziania,GO,2017,25
1497139200000,201724,24.0,24,24,24,0.19886449,11.347089,0,1,521250120172419589,2023-08-20,Luziânia,0,0.795505,211508,14.2857142857143,89.8571428571429,0,0,1,80.9348071428571,69.2857142857143,16.1686507142857,18.8571428571429,20,,,,,70758,2017-06-11,5212501,Luziania,GO,2017,24
1496534400000,201723,29.0,29,29,29,0.16266148,13.711065,0,1,521250120172319589,2023-08-20,Luziânia,0,0.7853571,211508,15.1428571428571,94.0,0,0,1,88.2103171428571,81.2857142857143,16.6805557142857,18.5714285714286,23,,,,,70758,2017-06-04,5212501,Luziania,GO,2017,23
1495929600000,201722,30.0,30,30,30,0.01652146,14.183861,0,1,521250120172219589,2023-08-20,Luziânia,0,0.6157647,211508,16.8571428571429,93.1428571428571,0,0,1,86.6031742857143,79.8571428571429,18.3988094285714,20.1428571428571,26,,,,,70758,2017-05-28,5212501,Luziania,GO,2017,22
1495324800000,201721,27.0,27,27,27,0.00095627,12.765474,0,1,521250120172119589,2023-08-20,Luziânia,0,0.4943936,211508,18.0,95.0,0,0,1,91.1206342857143,85.2857142857143,19.0083334285714,20.4285714285714,24,,,,,70758,2017-05-21,5212501,Luziania,GO,2017,21
1494720000000,201720,57.0,57,57,57,0.7620527,26.949335,0,1,521250120172019589,2023-08-20,Luziânia,0,1.1476066,211508,17.0,97.4285714285714,0,0,1,89.9309864285714,79.7142857142857,18.9165981428571,20.8571428571429,49,,,,,70758,2017-05-14,5212501,Luziania,GO,2017,20
1494115200000,201719,61.0,61,61,61,0.97373366,28.840517,0,1,521250120171919589,2023-08-20,Luziânia,0,1.4694916,211508,16.0,89.0,0,1,1,79.252551,69.5714285714286,17.7653061428571,20.1428571428571,59,,,,,70758,2017-05-07,5212501,Luziania,GO,2017,19
1493510400000,201718,54.0,54,54,54,0.93054354,25.530949,0,1,521250120171819589,2023-08-20,Luziânia,0,1.3580732,211508,16.8571428571429,94.8571428571429,0,0,1,84.5280614285714,75.2857142857143,18.9260202857143,20.7142857142857,50,,,,,70758,2017-04-30,5212501,Luziania,GO,2017,18
1492905600000,201717,33.0,33,33,33,0.124724835,15.602246,0,1,521250120171719589,2023-08-20,Luziânia,0,0.768007,211508,19.2857142857143,96.5714285714286,1,0,1,91.2924264285714,82.4285714285714,20.4856175714286,22.4285714285714,32,,,,,70758,2017-04-23,5212501,Luziania,GO,2017,17
1492300800000,201716,39.0,39,39,39,0.26861858,18.439018,0,1,521250120171619589,2023-08-20,Luziânia,0,0.87421334,211508,18.4285714285714,91.7142857142857,1,0,1,85.4999984285714,75.8571428571429,19.9875282857143,21.8571428571429,34,,,,,70758,2017-04-16,5212501,Luziania,GO,2017,16
1491696000000,201715,43.0,43,43,43,0.66620404,20.3302,0,1,521250120171519589,2023-08-20,Luziânia,0,1.0989425,211508,17.8571428571429,92.4285714285714,0,0,1,80.7494321428571,65.1428571428571,20.2063492857143,23.0,38,,,,,70758,2017-04-09,5212501,Luziania,GO,2017,15
1491091200000,201714,50.0,50,50,50,0.995813,23.639769,0,3,521250120171419589,2023-08-20,Luziânia,0,1.8420167,211508,18.0,94.0,0,1,1,87.0733742857143,78.4285714285714,19.8468507142857,21.8571428571429,42,,,,,70758,2017-04-02,5212501,Luziania,GO,2017,14
1490486400000,201713,44.0,44,44,44,0.999939,20.802996,0,2,521250120171319589,2023-08-20,Luziânia,0,2.8820004,211508,18.5714285714286,97.4285714285714,1,1,1,90.9754791428571,81.1428571428571,19.875263,21.2857142857143,39,,,,,70758,2017-03-26,5212501,Luziania,GO,2017,13
1489881600000,201712,27.0,27,27,27,0.99897647,12.765474,0,1,521250120171219589,2023-08-20,Luziânia,0,2.9634705,211508,18.2857142857143,96.5714285714286,1,1,1,89.9855434285714,80.5714285714286,19.6284012857143,21.7142857142857,25,,,,,70758,2017-03-19,5212501,Luziania,GO,2017,12
1489276800000,201711,11.0,11,11,11,0.7681355,5.200749,0,1,521250120171119589,2023-08-20,Luziânia,0,1.393681,211508,18.2857142857143,92.7142857142857,1,0,1,82.5025514285714,69.1428571428571,21.0408164285714,23.4285714285714,11,,,,,70758,2017-03-12,5212501,Luziania,GO,2017,11
1488672000000,201710,6.0,6,6,6,0.25358605,2.8367722,0,1,521250120171019589,2023-08-20,Luziânia,0,0.71075565,211508,20.2857142857143,90.0,0,0,0,80.1154762857143,67.0,22.0928571428571,24.1428571428571,4,,,,,70758,2017-03-05,5212501,Luziania,GO,2017,10
1488067200000,201709,9.0,9,9,9,0.35737118,4.2551584,0,1,521250120170919589,2023-08-20,Luziânia,0,0.85048294,211508,18.0,97.1428571428571,0,0,0,89.6066791428571,80.1428571428571,19.7307515714286,21.4285714285714,9,,,,,70758,2017-02-26,5212501,Luziania,GO,2017,9
1487462400000,201708,7.0,7,7,7,0.07401636,3.3095675,0,2,521250120170819589,2023-08-20,Luziânia,0,0.52508086,211508,19.5714285714286,90.5714285714286,1,0,0,82.4666671428571,71.5714285714286,21.470238,23.4285714285714,7,,,,,70758,2017-02-19,5212501,Luziania,GO,2017,8
1486857600000,201707,9.0,9,9,9,0.08420696,4.2551584,0,2,521250120170719589,2023-08-20,Luziânia,0,0.573888,211508,19.1428571428571,94.8571428571429,1,0,0,84.2842971428571,67.0,20.8106578571429,22.5714285714286,9,,,,,70758,2017-02-12,5212501,Luziania,GO,2017,7
1486252800000,201706,17.0,17,17,17,0.41781858,8.037521,0,2,521250120170619589,2023-08-20,Luziânia,0,0.933215,211508,19.5714285714286,95.7142857142857,1,0,1,90.7521895714286,79.7142857142857,20.9316501428571,23.1428571428571,17,,,,,70758,2017-02-05,5212501,Luziania,GO,2017,6
1485648000000,201705,11.0,11,11,11,0.11786465,5.200749,0,2,521250120170519589,2023-08-20,Luziânia,0,0.6404953,211508,19.5714285714286,90.7142857142857,1,0,1,83.3244995714286,74.4285714285714,21.0728368571429,22.8571428571429,10,,,,,70758,2017-01-29,5212501,Luziania,GO,2017,5
1485043200000,201704,23.0,23,23,23,0.96264875,10.874293,0,2,521250120170419589,2023-08-20,Luziânia,0,1.8290349,211508,18.7142857142857,96.0,1,1,1,85.9585037142857,73.8571428571429,20.4312927142857,23.0,22,,,,,70758,2017-01-22,5212501,Luziania,GO,2017,4
1484438400000,201703,20.0,20,20,20,0.97550046,9.455907,0,1,521250120170319589,2023-08-20,Luziânia,0,2.0905318,211508,18.7142857142857,94.8571428571429,1,1,1,85.686888,66.5714285714286,20.707794,23.4285714285714,17,,,,,70758,2017-01-15,5212501,Luziania,GO,2017,3
1483833600000,201702,11.0,11,11,11,0.5483238,5.200749,0,1,521250120170219589,2023-08-20,Luziânia,0,1.052779,211508,19.8571428571429,90.7142857142857,1,0,1,83.31172,68.8571428571429,21.6940901428571,23.7142857142857,11,,,,,70758,2017-01-08,5212501,Luziania,GO,2017,2
1483228800000,201701,6.0,6,6,6,0.057745114,2.8367722,0,1,521250120170119589,2023-08-20,Luziânia,0,0.47814143,211508,19.7142857142857,87.4285714285714,0,0,0,72.289117,56.2857142857143,22.7341267142857,25.7142857142857,4,,,,,70758,2017-01-01,5212501,Luziania,GO,2017,1
1482624000000,201652,11.0,11,11,11,0.30753136,5.200749,0,1,521250120165219589,2023-08-20,Luziânia,0,0.8183497,211508,19.0,92.2857142857143,1,0,1,77.8925728571429,62.8571428571429,21.828456,24.7142857142857,7,,,,,70758,2016-12-25,5212501,Luziania,GO,2016,52
1482019200000,201651,13.0,13,13,13,0.55101895,6.1463394,0,1,521250120165119589,2023-08-20,Luziânia,0,1.0513753,211508,20.1428571428571,85.2857142857143,0,0,1,74.4387757142857,61.2857142857143,22.1479591428571,24.5714285714286,12,,,,,70758,2016-12-18,5212501,Luziania,GO,2016,51
1481414400000,201650,15.0,15,15,15,0.8322498,7.0919304,0,2,521250120165019589,2023-08-20,Luziânia,0,1.4627349,211508,19.7142857142857,95.7142857142857,1,0,1,89.082014,79.2857142857143,20.8965221428571,22.4285714285714,14,,,,,70758,2016-12-11,5212501,Luziania,GO,2016,50
1480809600000,201649,13.0,13,13,13,0.81831366,6.1463394,0,2,521250120164919589,2023-08-20,Luziânia,0,1.4695967,211508,20.0,92.2857142857143,1,0,1,85.1367972857143,72.5714285714286,21.5807042857143,23.8571428571429,13,,,,,70758,2016-12-04,5212501,Luziania,GO,2016,49
1480204800000,201648,10.0,10,10,10,0.7001802,4.7279534,0,2,521250120164819589,2023-08-20,Luziânia,0,1.2759284,211508,18.7142857142857,95.7142857142857,1,0,1,87.5812262857143,75.5714285714286,21.4258894285714,24.5714285714286,9,,,,,70758,2016-11-27,5212501,Luziania,GO,2016,48
1479600000000,201647,7.0,7,7,7,0.7119169,3.3095675,0,2,521250120164719589,2023-08-20,Luziânia,0,1.366074,211508,19.1666666666667,98.0,1,0,0,89.8182611666667,81.1666666666667,20.6537588333333,22.5,5,,,,,70758,2016-11-20,5212501,Luziania,GO,2016,47
1478995200000,201646,11.0,11,11,11,0.9937845,5.200749,0,1,521250120164619589,2023-08-20,Luziânia,0,4.415981,211508,19.0,98.2857142857143,1,1,1,88.4113421428571,76.4285714285714,20.5806982857143,22.7142857142857,9,,,,,70758,2016-11-13,5212501,Luziania,GO,2016,46
1478390400000,201645,5.0,5,5,5,0.8032665,2.3639767,0,1,521250120164519589,2023-08-20,Luziânia,0,1.8069849,211508,19.2857142857143,94.1428571428571,1,0,0,86.5108848571429,75.7142857142857,20.9880951428571,23.1428571428571,6,,,,,70758,2016-11-06,5212501,Luziania,GO,2016,45
1477785600000,201644,0.0,0,0,0,0.0,0.0,0,1,521250120164419589,2023-08-20,Luziânia,0,0.0,211508,19.8571428571429,93.4285714285714,0,0,0,85.7820195714286,75.5714285714286,21.1360837142857,22.4285714285714,0,,,,,70758,2016-10-30,5212501,Luziania,GO,2016,44
1477180800000,201643,1.0,1,1,1,0.09752444,0.47279537,0,1,521250120164319589,2023-08-20,Luziânia,0,0.2977881,211508,19.2857142857143,87.0,0,0,0,76.2435685714286,62.8571428571429,21.2112748571429,23.7142857142857,1,,,,,70758,2016-10-23,5212501,Luziania,GO,2016,43
1476576000000,201642,8.0,8,8,8,0.9801224,3.782363,0,1,521250120164219589,2023-08-20,Luziânia,0,3.9718773,211508,20.2857142857143,80.4285714285714,0,0,0,71.1638888571429,58.2857142857143,21.9146827142857,24.2857142857143,8,,,,,70758,2016-10-16,5212501,Luziania,GO,2016,42
1475971200000,201641,3.0,3,3,3,0.66379446,1.4183861,0,1,521250120164119589,2023-08-20,Luziânia,0,1.414049,211508,20.1428571428571,75.2857142857143,0,0,0,67.3004545714286,55.7142857142857,21.5955212857143,23.5714285714286,2,,,,,70758,2016-10-09,5212501,Luziania,GO,2016,41
1475366400000,201640,0.0,0,0,0,0.0,0.0,0,1,521250120164019589,2023-08-20,Luziânia,0,0.0,211508,18.0,90.7142857142857,0,0,0,80.3370985714286,68.4285714285714,20.0352565714286,22.2857142857143,0,,,,,70758,2016-10-02,5212501,Luziania,GO,2016,40
1474761600000,201639,3.0,3,3,3,0.47466302,1.4183861,0,1,521250120163919589,2023-08-20,Luziânia,0,0.95324737,211508,17.7142857142857,94.0,0,0,0,84.3971092857143,72.5714285714286,19.8089564285714,22.8571428571429,3,,,,,70758,2016-09-25,5212501,Luziania,GO,2016,39
1474156800000,201638,2.0,2,2,2,0.4168646,0.94559073,0,1,521250120163819589,2023-08-20,Luziânia,0,0.8334094,211508,18.2857142857143,80.1428571428571,0,0,0,68.0518615714286,53.7142857142857,20.0165567142857,22.8571428571429,2,,,,,70758,2016-09-18,5212501,Luziania,GO,2016,38
1473552000000,201637,5.0,5,5,5,0.8748064,2.3639767,0,1,521250120163719589,2023-08-20,Luziânia,0,2.322356,211508,14.7142857142857,73.5714285714286,0,0,0,59.3626411428571,44.1428571428571,17.8866214285714,21.1428571428571,5,,,,,70758,2016-09-11,5212501,Luziania,GO,2016,37
1472947200000,201636,2.0,2,2,2,0.2864929,0.94559073,0,1,521250120163619589,2023-08-20,Luziânia,0,0.6299247,211508,14.5714285714286,73.5714285714286,0,0,0,59.6295342857143,46.8571428571429,17.3146257142857,20.4285714285714,2,,,,,70758,2016-09-04,5212501,Luziania,GO,2016,36
1472342400000,201635,0.0,0,0,0,0.0,0.0,0,1,521250120163519589,2023-08-20,Luziânia,0,0.0,211508,15.2857142857143,79.0,0,0,0,61.1159295714286,42.4285714285714,19.5615075714286,23.8571428571429,0,,,,,70758,2016-08-28,5212501,Luziania,GO,2016,35
1471737600000,201634,5.0,5,5,5,0.53721523,2.3639767,0,1,521250120163419589,2023-08-20,Luziânia,0,1.0590826,211508,13.4285714285714,85.0,0,0,0,70.3480991428571,54.7142857142857,17.0159275714286,21.0,3,,,,,70758,2016-08-21,5212501,Luziania,GO,2016,34
1471132800000,201633,3.0,3,3,3,0.30842263,1.4183861,0,1,521250120163319589,2023-08-20,Luziânia,0,0.7027462,211508,16.4285714285714,78.7142857142857,0,0,0,68.9680478571429,58.4285714285714,18.7260538571429,20.8571428571429,3,,,,,70758,2016-08-14,5212501,Luziania,GO,2016,33
1470528000000,201632,6.0,6,6,6,0.8288042,2.8367722,0,1,521250120163219589,2023-08-20,Luziânia,0,1.8385769,211508,13.4285714285714,74.1428571428571,0,0,0,61.0568771428571,47.4285714285714,16.3796294285714,20.1428571428571,6,,,,,70758,2016-08-07,5212501,Luziania,GO,2016,32
1469923200000,201631,5.0,5,5,5,0.7340179,2.3639767,0,1,521250120163119589,2023-08-20,Luziânia,0,1.5168856,211508,11.8571428571429,83.8571428571429,0,0,0,67.3651914285714,49.7142857142857,15.1477325714286,18.8571428571429,2,,,,,70758,2016-07-31,5212501,Luziania,GO,2016,31
1469318400000,201630,2.0,2,2,2,0.064356446,0.94559073,0,1,521250120163019589,2023-08-20,Luziânia,0,0.33622238,211508,12.4285714285714,79.1428571428571,0,0,0,65.7624717142857,53.7142857142857,15.5039682857143,18.5714285714286,2,,,,,70758,2016-07-24,5212501,Luziania,GO,2016,30
1468713600000,201629,3.0,3,3,3,0.0024181404,1.4183861,0,1,521250120162919589,2023-08-20,Luziânia,0,0.218256,211508,11.7142857142857,83.0,0,0,0,69.3151912857143,55.1428571428571,14.6000565714286,17.8571428571429,3,,,,,70758,2016-07-17,5212501,Luziania,GO,2016,29
1468108800000,201628,3.0,3,3,3,1.8484e-06,1.4183861,0,1,521250120162819589,2023-08-20,Luziânia,0,0.11681387,211508,10.2857142857143,89.4285714285714,0,0,0,75.4257362857143,57.1428571428571,13.4325398571429,17.4285714285714,3,,,,,70758,2016-07-10,5212501,Luziania,GO,2016,28
1467504000000,201627,9.0,9,9,9,1.05689e-05,4.2551584,0,1,521250120162719589,2023-08-20,Luziânia,0,0.24746156,211508,14.1428571428571,82.7142857142857,0,0,0,71.2820285714286,56.2857142857143,16.170068,18.8571428571429,9,,,,,70758,2016-07-03,5212501,Luziania,GO,2016,27
1466899200000,201626,29.0,29,29,29,0.02930585,13.711065,0,1,521250120162619589,2023-08-20,Luziânia,0,0.6426782,211508,12.2857142857143,88.8571428571429,0,0,1,74.8065812857143,57.2857142857143,14.41523,17.0,25,,,,,70758,2016-06-26,5212501,Luziania,GO,2016,26
1466294400000,201625,38.0,38,38,38,0.039020237,17.966223,0,1,521250120162519589,2023-08-20,Luziânia,0,0.6927132,211508,11.8571428571429,94.0,0,0,1,80.1425732857143,66.1428571428571,14.3024375714286,17.2857142857143,32,,,,,70758,2016-06-19,5212501,Luziania,GO,2016,25
1465689600000,201624,43.0,43,43,43,0.004341288,20.3302,0,1,521250120162419589,2023-08-20,Luziânia,0,0.6078343,211508,11.5714285714286,94.8571428571429,0,0,1,84.1095234285714,70.8571428571429,14.0441041428571,16.8571428571429,41,,,,,70758,2016-06-12,5212501,Luziania,GO,2016,24
1465084800000,201623,56.0,56,56,56,4.29205e-05,26.47654,0,1,521250120162319589,2023-08-20,Luziânia,0,0.53152364,211508,14.7142857142857,96.7142857142857,0,0,1,85.0391148571429,71.2857142857143,17.3015871428571,20.2857142857143,53,,,,,70758,2016-06-05,5212501,Luziania,GO,2016,23
1464480000000,201622,60.0,60,60,60,0.0,28.367722,0,1,521250120162219589,2023-08-20,Luziânia,0,0.36017635,211508,13.0,93.1428571428571,0,0,1,81.6394545714286,68.4285714285714,15.8486394285714,18.8571428571429,58,,,,,70758,2016-05-29,5212501,Luziania,GO,2016,22
1463875200000,201621,90.0,90,90,90,0.0,42.551582,0,4,521250120162119589,2023-08-20,Luziânia,0,0.40579158,211508,15.4285714285714,95.7142857142857,0,0,2,82.2964865714286,67.5714285714286,18.0731294285714,20.8571428571429,89,,,,,70758,2016-05-22,5212501,Luziania,GO,2016,21
1463270400000,201620,145.0,145,145,145,1.07953e-05,68.55533,0,4,521250120162019589,2023-08-20,Luziânia,0,0.6403435,211508,17.8571428571429,94.0,0,0,2,85.986962,74.7142857142857,19.2891154285714,21.4285714285714,139,,,,,70758,2016-05-15,5212501,Luziania,GO,2016,20
1462665600000,201619,293.0,293,293,293,0.9998301,138.52904,0,4,521250120161919589,2023-08-20,Luziânia,0,1.3777351,211508,15.5714285714286,88.1428571428571,0,1,2,75.1598618571429,59.2857142857143,18.2619048571429,21.4285714285714,166,,,,,70758,2016-05-08,5212501,Luziania,GO,2016,19
1462060800000,201618,221.0,221,221,221,0.52613705,104.48777,0,4,521250120161819589,2023-08-20,Luziânia,0,1.0062604,211508,15.4285714285714,94.0,0,0,2,81.981576,68.7142857142857,17.8897392857143,20.8571428571429,143,,,,,70758,2016-05-01,5212501,Luziania,GO,2016,18
1461456000000,201617,195.0,195,195,195,0.03976212,92.19509,0,4,521250120161719589,2023-08-20,Luziânia,0,0.843646,211508,17.0,94.0,0,0,2,85.6716438571429,68.8571428571429,18.850505,21.7142857142857,115,,,,,70758,2016-04-24,5212501,Luziania,GO,2016,17
1460851200000,201616,206.0,206,206,206,0.25589338,97.39584,0,4,521250120161619589,2023-08-20,Luziânia,0,0.938416,211508,16.5714285714286,88.0,0,0,2,67.2322385714286,43.1428571428571,20.5540441428571,24.8571428571429,121,,,,,70758,2016-04-17,5212501,Luziania,GO,2016,16
1460246400000,201615,274.0,274,274,274,0.99866277,129.54593,0,4,521250120161519589,2023-08-20,Luziânia,0,1.3159242,211508,16.2857142857143,89.0,0,1,2,58.2568032857143,24.5714285714286,22.7471658571429,28.7142857142857,245,,,,,70758,2016-04-10,5212501,Luziania,GO,2016,15
1459641600000,201614,206.0,206,206,206,0.16543657,97.39584,0,4,521250120161419589,2023-08-20,Luziânia,0,0.9107333,211508,17.1428571428571,91.5714285714286,0,0,2,80.3276642857143,66.1428571428571,19.5107708571429,22.5714285714286,185,,,,,70758,2016-04-03,5212501,Luziania,GO,2016,14
1459036800000,201613,198.0,198,198,198,0.0001069297,93.61348,0,4,521250120161319589,2023-08-20,Luziânia,0,0.7108217,211508,16.4285714285714,96.5714285714286,0,0,2,87.1434238571429,76.0,18.3407027142857,20.5714285714286,182,,,,,70758,2016-03-27,5212501,Luziania,GO,2016,13
1458432000000,201612,199.0,199,199,199,4e-09,94.08627,0,4,521250120161219589,2023-08-20,Luziânia,0,0.60123765,211508,17.4285714285714,96.5714285714286,0,0,2,89.8616778571429,80.2857142857143,18.929705,20.8571428571429,78,,,,,70758,2016-03-20,5212501,Luziania,GO,2016,12
1457827200000,201611,273.0,273,273,273,0.0014534297,129.07314,0,4,521250120161119589,2023-08-20,Luziânia,0,0.7867465,211508,17.2857142857143,95.8571428571429,0,0,2,87.914682,77.1428571428571,19.1309525714286,21.5714285714286,90,,,,,70758,2016-03-13,5212501,Luziania,GO,2016,11
1457222400000,201610,372.0,372,372,372,0.89995605,175.87987,0,4,521250120161019589,2023-08-20,Luziânia,0,1.1009566,211508,19.7142857142857,99.1428571428571,1,0,2,90.8820865714286,80.0,20.6164965714286,22.0,208,,,,,70758,2016-03-06,5212501,Luziania,GO,2016,10
1456617600000,201609,357.0,357,357,357,0.9339023,168.78795,0,4,521250120160919589,2023-08-20,Luziânia,0,1.1229125,211508,19.0,95.7142857142857,1,0,2,88.2529098571429,76.7142857142857,20.6726508571429,22.4285714285714,222,,,,,70758,2016-02-28,5212501,Luziania,GO,2016,9
1456012800000,201608,330.0,330,330,330,0.9576139,156.02246,0,4,521250120160819589,2023-08-20,Luziânia,0,1.1489294,211508,17.2857142857143,96.8571428571429,0,1,2,89.1411558571429,80.2857142857143,18.72449,20.8571428571429,292,,,,,70758,2016-02-21,5212501,Luziania,GO,2016,8
1455408000000,201607,347.0,347,347,347,0.99870986,164.05998,0,4,521250120160719589,2023-08-20,Luziânia,0,1.2750249,211508,17.5714285714286,94.0,0,1,2,85.2006808571429,65.7142857142857,19.4691558571429,21.5714285714286,298,,,,,70758,2016-02-14,5212501,Luziania,GO,2016,7
1454803200000,201606,272.0,272,272,272,0.47975326,128.60034,0,4,521250120160619589,2023-08-20,Luziânia,0,0.99566376,211508,18.5714285714286,94.8571428571429,1,0,2,70.5996,37.1428571428571,23.3761632857143,29.1428571428571,245,,,,,70758,2016-02-07,5212501,Luziania,GO,2016,6
1454198400000,201605,243.0,243,243,243,0.25143898,114.889275,0,4,521250120160519589,2023-08-20,Luziânia,0,0.94192594,211508,16.7142857142857,96.5714285714286,0,0,2,69.3639462857143,34.7142857142857,22.9293205714286,29.0,203,,,,,70758,2016-01-31,5212501,Luziania,GO,2016,5
1453593600000,201604,315.0,315,315,315,0.99998313,148.93054,0,4,521250120160419589,2023-08-20,Luziânia,0,1.4352354,211508,19.1428571428571,97.4285714285714,1,1,2,88.2325914285714,76.2857142857143,20.553884,22.4285714285714,266,,,,,70758,2016-01-24,5212501,Luziania,GO,2016,4
1452988800000,201603,246.0,246,246,246,0.99999714,116.307655,0,4,521250120160319589,2023-08-20,Luziânia,0,1.5813994,211508,19.4285714285714,96.5714285714286,1,1,2,91.8866034285714,83.8571428571429,20.3352258571429,21.7142857142857,225,,,,,70758,2016-01-17,5212501,Luziania,GO,2016,3
1452384000000,201602,256.0,256,256,256,1.0,121.035614,0,4,521250120160219589,2023-08-20,Luziânia,0,2.719673,211508,19.8571428571429,96.5714285714286,1,1,2,91.8952377142857,85.0,20.4555558571429,21.7142857142857,172,,,,,70758,2016-01-10,5212501,Luziania,GO,2016,2
1451779200000,201601,153.0,153,153,153,1.0,72.33769,0,3,521250120160119589,2023-08-20,Luziânia,0,2.5493586,211508,19.8571428571429,95.7142857142857,1,1,2,92.1944434285714,87.0,20.3042657142857,21.2857142857143,108,,,,,70758,2016-01-03,5212501,Luziania,GO,2016,1
1451174400000,201552,65.0,65,65,65,0.97381604,30.731699,0,2,521250120155219589,2023-08-20,Luziânia,0,1.4507067,211508,18.7142857142857,97.4285714285714,1,1,1,88.9041938571429,79.7142857142857,19.7125842857143,21.4285714285714,38,,,,,70758,2015-12-27,5212501,Luziania,GO,2015,52
1450569600000,201551,63.0,63,63,63,0.98601407,29.786108,0,2,521250120155119589,2023-08-20,Luziânia,0,1.5445588,211508,18.1428571428571,93.4285714285714,1,1,1,81.7665335714286,70.7142857142857,20.3035714285714,22.7142857142857,44,,,,,70758,2015-12-20,5212501,Luziania,GO,2015,51
1449964800000,201550,36.0,36,36,36,0.35649562,17.020634,0,2,521250120155019589,2023-08-20,Luziânia,0,0.9190449,211508,18.2857142857143,93.1428571428571,1,0,1,82.9737322857143,69.8571428571429,19.9398998571429,22.1428571428571,18,,,,,70758,2015-12-13,5212501,Luziania,GO,2015,50
1449360000000,201549,36.0,36,36,36,0.7529896,17.020634,0,2,521250120154919589,2023-08-20,Luziânia,0,1.1817805,211508,18.4285714285714,96.5714285714286,1,0,1,81.6306114285714,56.7142857142857,21.272789,25.7142857142857,18,,,,,70758,2015-12-06,5212501,Luziania,GO,2015,49
1448755200000,201548,53.0,53,53,53,0.99994487,25.058153,0,2,521250120154819589,2023-08-20,Luziânia,0,2.5734746,211508,18.7142857142857,94.8571428571429,1,1,1,70.8344028571429,37.2857142857143,23.9021398571429,30.2857142857143,13,,,,,70758,2015-11-29,5212501,Luziania,GO,2015,48
1448150400000,201547,26.0,26,26,26,0.95272577,12.292679,0,1,521250120154719589,2023-08-20,Luziânia,0,1.6871022,211508,18.7142857142857,97.4285714285714,1,1,1,77.7202051428571,37.7142857142857,22.4175107142857,29.1428571428571,5,,,,,70758,2015-11-22,5212501,Luziania,GO,2015,47
1447545600000,201546,19.0,19,19,19,0.8508914,8.983111,0,1,521250120154619589,2023-08-20,Luziânia,0,1.440389,211508,19.1428571428571,94.8571428571429,1,0,1,79.5603714285714,46.0,22.4648577142857,28.4285714285714,5,,,,,70758,2015-11-15,5212501,Luziania,GO,2015,46
1446940800000,201545,12.0,12,12,12,0.67133385,5.6735444,0,1,521250120154519589,2023-08-20,Luziânia,0,1.204582,211508,17.5714285714286,82.5714285714286,0,0,1,50.3418361428571,18.0,25.0438774285714,32.5714285714286,3,,,,,70758,2015-11-08,5212501,Luziania,GO,2015,45
1446336000000,201544,17.0,17,17,17,0.98196965,8.037521,0,1,521250120154419589,2023-08-20,Luziânia,0,2.4083128,211508,18.0,94.25,0,1,1,64.834939875,22.375,23.845613,31.125,7,,,,,70758,2015-11-01,5212501,Luziania,GO,2015,44
1445731200000,201543,9.0,9,9,9,0.8077967,4.2551584,0,1,521250120154319589,2023-08-20,Luziânia,0,1.5608582,211508,18.5714285714286,94.0,1,0,0,74.2970257142857,32.4285714285714,22.5373938571429,28.0,3,,,,,70758,2015-10-25,5212501,Luziania,GO,2015,43
1445126400000,201542,5.0,5,5,5,0.58366495,2.3639767,0,1,521250120154219589,2023-08-20,Luziânia,0,1.1411674,211508,17.1428571428571,77.1428571428571,0,0,0,46.4860485714286,20.1428571428571,25.4464884285714,33.2857142857143,2,,,,,70758,2015-10-18,5212501,Luziania,GO,2015,42
1444521600000,201541,7.0,7,7,7,0.9119685,3.3095675,0,1,521250120154119589,2023-08-20,Luziânia,0,2.354047,211508,16.1428571428571,66.7142857142857,0,0,0,35.5308012857143,9.85714285714286,25.3737717142857,33.2857142857143,2,,,,,70758,2015-10-11,5212501,Luziania,GO,2015,41
1443916800000,201540,5.0,5,5,5,0.74170655,2.3639767,0,1,521250120154019589,2023-08-20,Luziânia,0,1.5435679,211508,17.5714285714286,84.0,0,0,0,50.7846942857143,20.1428571428571,24.9978081428571,32.7142857142857,1,,,,,70758,2015-10-04,5212501,Luziania,GO,2015,40
1443312000000,201539,1.0,1,1,1,0.029484997,0.47279537,0,1,521250120153919589,2023-08-20,Luziânia,0,0.19670035,211508,16.5714285714286,88.4285714285714,0,0,0,54.077763,20.4285714285714,23.6662562857143,31.0,0,,,,,70758,2015-09-27,5212501,Luziania,GO,2015,39
1442707200000,201538,3.0,3,3,3,0.11039573,1.4183861,0,1,521250120153819589,2023-08-20,Luziânia,0,0.45643768,211508,14.7142857142857,73.8571428571429,0,0,0,40.6734691428571,10.1428571428571,24.3418368571429,33.1428571428571,1,,,,,70758,2015-09-20,5212501,Luziania,GO,2015,38
1442102400000,201537,4.0,4,4,4,0.2582609,1.8911815,0,1,521250120153719589,2023-08-20,Luziânia,0,0.67175084,211508,16.2857142857143,84.1428571428571,0,0,0,57.0918375714286,26.2857142857143,22.607143,29.4285714285714,4,,,,,70758,2015-09-13,5212501,Luziania,GO,2015,37
1441497600000,201536,10.0,10,10,10,0.89817727,4.7279534,0,1,521250120153619589,2023-08-20,Luziânia,0,1.9153033,211508,17.0,81.4285714285714,0,0,1,55.8860647142857,24.2857142857143,23.6015798571429,30.8571428571429,5,,,,,70758,2015-09-06,5212501,Luziania,GO,2015,36
1440892800000,201535,5.0,5,5,5,0.38657266,2.3639767,0,1,521250120153519589,2023-08-20,Luziânia,0,0.8451892,211508,12.7142857142857,80.5714285714286,0,0,0,43.9671204285714,13.0,22.354308,31.2857142857143,2,,,,,70758,2015-08-30,5212501,Luziania,GO,2015,35
1440288000000,201534,4.0,4,4,4,0.13779436,1.8911815,0,1,521250120153419589,2023-08-20,Luziânia,0,0.5306874,211508,14.0,82.5714285714286,0,0,0,47.7384612857143,15.1428571428571,22.6258045714286,30.7142857142857,3,,,,,70758,2015-08-23,5212501,Luziania,GO,2015,34
1439683200000,201533,6.0,6,6,6,0.18115532,2.8367722,0,1,521250120153319589,2023-08-20,Luziânia,0,0.63353574,211508,12.7142857142857,85.5714285714286,0,0,0,53.7023218571429,17.7142857142857,20.4750174285714,28.5714285714286,3,,,,,70758,2015-08-16,5212501,Luziania,GO,2015,33
1439078400000,201532,7.0,7,7,7,0.15728533,3.3095675,0,1,521250120153219589,2023-08-20,Luziânia,0,0.6267722,211508,11.1428571428571,83.1428571428571,0,0,0,55.3128078571429,21.5714285714286,18.1850808571429,25.8571428571429,3,,,,,70758,2015-08-09,5212501,Luziania,GO,2015,32
1438473600000,201531,10.0,10,10,10,0.3385792,4.7279534,0,1,521250120153119589,2023-08-20,Luziânia,0,0.8395832,211508,9.71428571428571,83.5714285714286,0,0,1,49.9438775714286,15.0,18.7755101428571,27.2857142857143,4,,,,,70758,2015-08-02,5212501,Luziania,GO,2015,31
1437868800000,201530,11.0,11,11,11,0.44655907,5.200749,0,1,521250120153019589,2023-08-20,Luziânia,0,0.9460435,211508,13.4285714285714,82.7142857142857,0,0,1,50.6590141428571,19.7142857142857,20.8265307142857,27.2857142857143,2,,,,,70758,2015-07-26,5212501,Luziania,GO,2015,30
1437264000000,201529,14.0,14,14,14,0.63888854,6.619135,0,1,521250120152919589,2023-08-20,Luziânia,0,1.1466372,211508,13.0,83.1428571428571,0,0,1,55.1442867142857,24.4285714285714,19.7262584285714,26.0,8,,,,,70758,2015-07-19,5212501,Luziania,GO,2015,29
1436659200000,201528,10.0,10,10,10,0.14891614,4.7279534,0,1,521250120152819589,2023-08-20,Luziânia,0,0.6617428,211508,13.7142857142857,87.1428571428571,0,0,1,59.0944818571429,26.5714285714286,20.080688,26.0,4,,,,,70758,2015-07-12,5212501,Luziania,GO,2015,28
1436054400000,201527,12.0,12,12,12,0.08222846,5.6735444,0,1,521250120152719589,2023-08-20,Luziânia,0,0.60969937,211508,14.2857142857143,89.7142857142857,0,0,1,65.7380361428571,33.5714285714286,19.7841307142857,26.0,9,,,,,70758,2015-07-05,5212501,Luziania,GO,2015,27
1435449600000,201526,12.0,12,12,12,0.025866818,5.6735444,0,1,521250120152619589,2023-08-20,Luziânia,0,0.5146032,211508,12.0,85.2857142857143,0,0,1,59.876417,25.2857142857143,19.1681785714286,25.7142857142857,6,,,,,70758,2015-06-28,5212501,Luziania,GO,2015,26
1434844800000,201525,23.0,23,23,23,0.32569647,10.874293,0,1,521250120152519589,2023-08-20,Luziânia,0,0.87989837,211508,12.8571428571429,88.4285714285714,0,0,1,66.1838508571429,36.2857142857143,17.8029554285714,22.7142857142857,15,,,,,70758,2015-06-21,5212501,Luziania,GO,2015,25
1434240000000,201524,22.0,22,22,22,0.08759767,10.401498,0,1,521250120152419589,2023-08-20,Luziânia,0,0.69090724,211508,14.0,87.1428571428571,0,0,1,61.7091842857143,30.4285714285714,20.1428572857143,26.0,18,,,,,70758,2015-06-14,5212501,Luziania,GO,2015,24
1433635200000,201523,28.0,28,28,28,0.0012024503,13.23827,0,1,521250120152319589,2023-08-20,Luziânia,0,0.5063079,211508,13.2857142857143,90.5714285714286,0,0,1,64.2448971428571,31.1428571428571,19.5918364285714,25.2857142857143,23,,,,,70758,2015-06-07,5212501,Luziania,GO,2015,23
1433030400000,201522,26.0,26,26,26,0.0,12.292679,0,1,521250120152219589,2023-08-20,Luziânia,0,0.24500768,211508,14.8571428571429,90.5714285714286,0,0,1,67.945919,36.4285714285714,19.8690475714286,25.0,20,,,,,70758,2015-05-31,5212501,Luziania,GO,2015,22
1432425600000,201521,31.0,31,31,31,0.0,14.656656,0,1,521250120152119589,2023-08-20,Luziânia,0,0.22416219,211508,14.1428571428571,91.4285714285714,0,0,1,67.2397967142857,32.8571428571429,19.9711471428571,26.0,20,,,,,70758,2015-05-24,5212501,Luziania,GO,2015,21
1431820800000,201520,92.0,92,92,92,0.1257861,43.497173,0,4,521250120152019589,2023-08-20,Luziânia,0,0.85044146,211508,15.4285714285714,92.2857142857143,0,0,2,72.6418005714286,44.7142857142857,19.2973258571429,24.0,52,,,,,70758,2015-05-17,5212501,Luziania,GO,2015,20
1431216000000,201519,232.0,232,232,232,1.0,109.68852,0,1,521250120151919589,2023-08-20,Luziânia,0,3.4901493,211508,15.7142857142857,93.4285714285714,0,1,2,80.1965742857143,59.2857142857143,19.0622945714286,22.8571428571429,90,,,,,70758,2015-05-10,5212501,Luziania,GO,2015,19
1430611200000,201518,76.0,76,76,76,0.9960579,35.932446,0,1,521250120151819589,2023-08-20,Luziânia,0,1.6239636,211508,17.7142857142857,96.5714285714286,0,1,1,80.4563685714286,57.8571428571429,20.5177691428571,24.5714285714286,40,,,,,70758,2015-05-03,5212501,Luziania,GO,2015,18
1430006400000,201517,60.0,60,60,60,0.93508774,28.367722,0,1,521250120151719589,2023-08-20,Luziânia,0,1.345354,211508,16.8571428571429,95.7142857142857,0,0,1,80.6601361428571,54.8571428571429,20.0105428571429,24.7142857142857,35,,,,,70758,2015-04-26,5212501,Luziania,GO,2015,17
1429401600000,201516,38.0,38,38,38,0.22763751,17.966223,0,2,521250120151619589,2023-08-20,Luziânia,0,0.8490818,211508,18.4285714285714,95.7142857142857,1,0,1,76.4443514285714,44.0,22.134099,27.5714285714286,22,,,,,70758,2015-04-19,5212501,Luziania,GO,2015,16
1428796800000,201515,40.0,40,40,40,0.6273273,18.911814,0,2,521250120151519589,2023-08-20,Luziânia,0,1.0763468,211508,18.4285714285714,93.1428571428571,1,0,1,75.9855337142857,48.7142857142857,21.6359731428571,26.2857142857143,15,,,,,70758,2015-04-12,5212501,Luziania,GO,2015,15
1428192000000,201514,59.0,59,59,59,0.99823093,27.894926,0,1,521250120151419589,2023-08-20,Luziânia,0,1.8677723,211508,18.7142857142857,94.0,1,1,1,77.1866985714286,46.1428571428571,21.7334595714286,26.0,18,,,,,70758,2015-04-05,5212501,Luziania,GO,2015,14
1427587200000,201513,34.0,34,34,34,0.40479964,16.075043,0,1,521250120151319589,2023-08-20,Luziânia,0,0.9443446,211508,18.2857142857143,96.5714285714286,1,0,1,75.3332528571429,37.0,22.202622,27.8571428571429,14,,,,,70758,2015-03-29,5212501,Luziania,GO,2015,13
1426982400000,201512,20.0,20,20,20,0.0035542361,9.455907,0,1,521250120151219589,2023-08-20,Luziânia,0,0.49266297,211508,17.7142857142857,95.7142857142857,0,0,1,80.8270671428571,48.2857142857143,21.0986725714286,25.5714285714286,6,,,,,70758,2015-03-22,5212501,Luziania,GO,2015,12
1426377600000,201511,39.0,39,39,39,0.5420653,18.439018,0,1,521250120151119589,2023-08-20,Luziânia,0,1.0242248,211508,17.2857142857143,98.2857142857143,0,0,1,84.3561707142857,61.0,19.6327768571429,23.8571428571429,4,,,,,70758,2015-03-15,5212501,Luziania,GO,2015,11
1425772800000,201510,48.0,48,48,48,0.9696604,22.694178,0,1,521250120151019589,2023-08-20,Luziânia,0,1.5271133,211508,17.8571428571429,97.4285714285714,0,1,1,81.830273,42.8571428571429,20.7808065714286,25.0,10,,,,,70758,2015-03-08,5212501,Luziania,GO,2015,10
1425168000000,201509,37.0,37,37,37,0.9363381,17.493427,0,1,521250120150919589,2023-08-20,Luziânia,0,1.4739441,211508,17.7142857142857,94.8571428571429,0,0,1,77.6841821428571,53.5714285714286,21.1905647142857,26.1428571428571,10,,,,,70758,2015-03-01,5212501,Luziania,GO,2015,9
1424563200000,201508,35.0,35,35,35,0.93537015,16.547838,0,1,521250120150819589,2023-08-20,Luziânia,0,1.4883225,211508,18.4285714285714,91.5714285714286,1,0,1,71.7595595714286,43.1428571428571,22.0693454285714,26.8571428571429,6,,,,,70758,2015-02-22,5212501,Luziania,GO,2015,8
1423958400000,201507,19.0,19,19,19,0.29225338,8.983111,0,1,521250120150719589,2023-08-20,Luziânia,0,0.845026,211508,18.4285714285714,90.4285714285714,1,0,1,73.3940567142857,41.8571428571429,21.562666,25.8571428571429,8,,,,,70758,2015-02-15,5212501,Luziania,GO,2015,7
1423353600000,201506,22.0,22,22,22,0.79475313,10.401498,0,1,521250120150619589,2023-08-20,Luziânia,0,1.2996696,211508,18.0,90.5714285714286,0,0,1,67.802691,41.1428571428571,22.5324597142857,27.4285714285714,12,,,,,70758,2015-02-08,5212501,Luziania,GO,2015,6
1422748800000,201505,31.0,31,31,31,0.9989868,14.656656,0,1,521250120150519589,2023-08-20,Luziânia,0,2.7017992,211508,18.0,88.5714285714286,0,1,1,70.6312791428571,46.4285714285714,21.8600745714286,26.0,13,,,,,70758,2015-02-01,5212501,Luziania,GO,2015,5
1422144000000,201504,13.0,13,13,13,0.7784644,6.1463394,0,1,521250120150419589,2023-08-20,Luziânia,0,1.3768685,211508,17.7142857142857,94.8571428571429,0,0,1,72.687755,46.0,21.8853057142857,27.1428571428571,2,,,,,70758,2015-01-25,5212501,Luziania,GO,2015,4
1421539200000,201503,11.0,11,11,11,0.73506784,5.200749,0,1,521250120150319589,2023-08-20,Luziânia,0,1.3246733,211508,18.4285714285714,83.2857142857143,0,0,1,60.6201637142857,31.2857142857143,23.1567552857143,29.1428571428571,5,,,,,70758,2015-01-18,5212501,Luziania,GO,2015,3
1420934400000,201502,6.0,6,6,6,0.65220505,2.8367722,0,1,521250120150219589,2023-08-20,Luziânia,0,1.2587085,211508,18.5714285714286,77.1428571428571,0,0,0,50.7448981428571,21.5714285714286,24.6224488571429,30.0,2,,,,,70758,2015-01-11,5212501,Luziania,GO,2015,2
1420329600000,201501,15.0,15,15,15,0.9984638,7.0919304,0,1,521250120150119589,2023-08-20,Luziânia,0,4.6731186,211508,18.5714285714286,81.2857142857143,0,1,1,58.0342871428571,27.2857142857143,24.0890255714286,30.1428571428571,4,,,,,70758,2015-01-04,5212501,Luziania,GO,2015,1
1419724800000,201453,1.0,1,1,1,0.027094882,0.47279537,0,1,521250120145319589,2023-08-20,Luziânia,0,0.19209212,211508,19.5714285714286,79.2857142857143,0,0,0,56.4904285714286,28.0,25.3328994285714,31.2857142857143,0,,,,,70758,2014-12-28,5212501,Luziania,GO,2014,53
1419120000000,201452,0.0,0,0,0,0.0,0.0,0,1,521250120145219589,2023-08-20,Luziânia,0,0.0,211508,20.2857142857143,85.2857142857143,0,0,0,67.0388671428571,38.7142857142857,24.0076002857143,28.2857142857143,0,,,,,70758,2014-12-21,5212501,Luziania,GO,2014,52
1418515200000,201451,7.0,7,7,7,0.2507169,3.3095675,0,1,521250120145119589,2023-08-20,Luziânia,0,0.72387815,211508,20.2857142857143,91.5714285714286,1,0,0,76.6791265714286,48.1428571428571,23.1513462857143,27.5714285714286,1,,,,,70758,2014-12-14,5212501,Luziania,GO,2014,51
1417910400000,201450,8.0,8,8,8,0.027463093,3.782363,0,1,521250120145019589,2023-08-20,Luziânia,0,0.4599615,211508,19.7142857142857,87.4285714285714,0,0,0,75.6467557142857,51.5714285714286,21.6147557142857,25.1428571428571,1,,,,,70758,2014-12-07,5212501,Luziania,GO,2014,50
1417305600000,201449,7.0,7,7,7,0.0001602547,3.3095675,0,1,521250120144919589,2023-08-20,Luziânia,0,0.25904953,211508,19.5714285714286,87.2857142857143,0,0,0,70.9073905714286,44.1428571428571,22.5436531428571,27.0,0,,,,,70758,2014-11-30,5212501,Luziania,GO,2014,49
1416700800000,201448,9.0,9,9,9,0.0004923052,4.2551584,0,1,521250120144819589,2023-08-20,Luziânia,0,0.31668845,211508,19.7142857142857,90.7142857142857,1,0,0,73.7014085714286,38.2857142857143,22.7467577142857,27.5714285714286,0,,,,,70758,2014-11-23,5212501,Luziania,GO,2014,48
1416096000000,201447,42.0,42,42,42,0.97188926,19.857405,0,1,521250120144719589,2023-08-20,Luziânia,0,1.5921865,211508,20.0,80.1428571428571,0,1,1,62.0314897142857,35.5714285714286,23.9725545714286,29.0,11,,,,,70758,2014-11-16,5212501,Luziania,GO,2014,47
1415491200000,201446,26.0,26,26,26,0.45141765,12.292679,0,1,521250120144619589,2023-08-20,Luziânia,0,0.9672347,211508,20.4285714285714,85.1428571428571,0,0,1,69.7232632857143,41.0,23.4804765714286,27.8571428571429,1,,,,,70758,2014-11-09,5212501,Luziania,GO,2014,46
1414886400000,201445,24.0,24,24,24,0.24139647,11.347089,0,1,521250120144519589,2023-08-20,Luziânia,0,0.8256346,211508,20.4285714285714,81.5714285714286,0,0,1,59.1109688571429,26.5714285714286,24.9634501428571,30.8571428571429,1,,,,,70758,2014-11-02,5212501,Luziania,GO,2014,45
1414281600000,201444,27.0,27,27,27,0.3143594,12.765474,0,1,521250120144419589,2023-08-20,Luziânia,0,0.88110375,211508,18.7142857142857,86.7142857142857,0,0,1,69.1197214285714,40.7142857142857,22.9397954285714,28.4285714285714,4,,,,,70758,2014-10-26,5212501,Luziania,GO,2014,44
1413676800000,201443,29.0,29,29,29,0.5038152,13.711065,0,1,521250120144319589,2023-08-20,Luziânia,0,1.0024981,211508,21.0,71.1428571428571,0,0,1,51.6806957142857,24.8571428571429,25.3099822857143,30.5714285714286,0,,,,,70758,2014-10-19,5212501,Luziania,GO,2014,43
1413072000000,201442,32.0,32,32,32,0.85803455,15.129452,0,1,521250120144219589,2023-08-20,Luziânia,0,1.3304988,211508,18.8571428571429,56.1428571428571,0,0,1,29.4879067142857,8.57142857142857,27.5274,34.7142857142857,0,,,,,70758,2014-10-12,5212501,Luziania,GO,2014,42
1412467200000,201441,34.0,34,34,34,0.9708339,16.075043,0,1,521250120144119589,2023-08-20,Luziânia,0,1.6796854,211508,17.5714285714286,54.2857142857143,0,1,1,33.6224492857143,11.5714285714286,24.1836735714286,30.4285714285714,0,,,,,70758,2014-10-05,5212501,Luziania,GO,2014,41
1411862400000,201440,20.0,20,20,20,0.6460011,9.455907,0,1,521250120144019589,2023-08-20,Luziânia,0,1.1283146,211508,20.2857142857143,68.8571428571429,0,0,1,47.508461,20.8571428571429,25.6130834285714,31.8571428571429,3,,,,,70758,2014-09-28,5212501,Luziania,GO,2014,40
1411257600000,201439,21.0,21,21,21,0.78749454,9.928702,0,1,521250120143919589,2023-08-20,Luziânia,0,1.296617,211508,21.1428571428571,69.0,0,0,1,46.7214994285714,19.7142857142857,26.0149544285714,31.7142857142857,3,,,,,70758,2014-09-21,5212501,Luziania,GO,2014,39
1410652800000,201438,18.0,18,18,18,0.6031865,8.510317,0,1,521250120143819589,2023-08-20,Luziânia,0,1.0920624,211508,18.2857142857143,62.1428571428571,0,0,1,33.3552531428571,10.7142857142857,26.3418368571429,32.8571428571429,5,,,,,70758,2014-09-14,5212501,Luziania,GO,2014,38
1410048000000,201437,14.0,14,14,14,0.19499709,6.619135,0,1,521250120143719589,2023-08-20,Luziânia,0,0.74248195,211508,16.2857142857143,57.0,0,0,1,35.1071425714286,12.4285714285714,23.2499997142857,29.5714285714286,1,,,,,70758,2014-09-07,5212501,Luziania,GO,2014,37
1409443200000,201436,17.0,17,17,17,0.07624866,8.037521,0,1,521250120143619589,2023-08-20,Luziânia,0,0.6467563,211508,19.4285714285714,73.0,0,0,1,47.2049047142857,20.4285714285714,24.8238971428571,30.8571428571429,0,,,,,70758,2014-08-31,5212501,Luziania,GO,2014,36
1408838400000,201435,17.0,17,17,17,0.0011366998,8.037521,0,1,521250120143519589,2023-08-20,Luziânia,0,0.43110642,211508,16.4285714285714,60.4285714285714,0,0,1,34.8724491428571,10.1428571428571,24.3877548571429,31.5714285714286,2,,,,,70758,2014-08-24,5212501,Luziania,GO,2014,35
1408233600000,201434,19.0,19,19,19,1.1187e-05,8.983111,0,1,521250120143419589,2023-08-20,Luziânia,0,0.34970465,211508,13.8571428571429,71.2857142857143,0,0,1,41.7519352857143,14.0,21.7931032857143,28.4285714285714,14,,,,,70758,2014-08-17,5212501,Luziania,GO,2014,34
1407628800000,201433,44.0,44,44,44,0.005344009,20.802996,0,1,521250120143319589,2023-08-20,Luziânia,0,0.6182814,211508,13.8571428571429,71.0,0,0,1,40.5595781428571,14.4285714285714,21.5458335714286,28.2857142857143,14,,,,,70758,2014-08-10,5212501,Luziania,GO,2014,33
1407024000000,201432,50.0,50,50,50,0.0005283158,23.639769,0,1,521250120143219589,2023-08-20,Luziânia,0,0.5674014,211508,14.1428571428571,68.0,0,0,1,40.7653051428571,13.2857142857143,21.5969388571429,28.2857142857143,11,,,,,70758,2014-08-03,5212501,Luziania,GO,2014,32
1406419200000,201431,71.0,71,71,71,0.0013083003,33.56847,0,1,521250120143119589,2023-08-20,Luziânia,0,0.63745385,211508,14.8571428571429,80.8571428571429,0,0,1,60.4843962857143,35.7142857142857,19.6590917142857,25.1428571428571,17,,,,,70758,2014-07-27,5212501,Luziania,GO,2014,31
1405814400000,201430,95.0,95,95,95,0.0002069396,44.915558,0,4,521250120143019589,2023-08-20,Luziânia,0,0.6336203,211508,15.5714285714286,77.8571428571429,0,0,2,55.2837485714286,28.8571428571429,20.8577097142857,26.4285714285714,32,,,,,70758,2014-07-20,5212501,Luziania,GO,2014,30
1405209600000,201429,86.0,86,86,86,2e-10,40.6604,0,4,521250120142919589,2023-08-20,Luziânia,0,0.45578045,211508,13.5714285714286,77.8571428571429,0,0,2,50.6938775714286,19.4285714285714,20.357143,27.0,40,,,,,70758,2014-07-13,5212501,Luziania,GO,2014,29
1404604800000,201428,160.0,160,160,160,0.0010695335,75.647255,0,4,521250120142819589,2023-08-20,Luziânia,0,0.7284966,211508,14.5714285714286,74.5714285714286,0,0,2,50.923469,21.8571428571429,20.8520405714286,26.1428571428571,63,,,,,70758,2014-07-06,5212501,Luziania,GO,2014,28
1404000000000,201427,195.0,195,195,195,0.0019477817,92.19509,0,4,521250120142719589,2023-08-20,Luziânia,0,0.7612448,211508,13.1428571428571,77.4285714285714,0,0,2,48.0728351428571,17.4285714285714,20.9090431428571,27.8571428571429,98,,,,,70758,2014-06-29,5212501,Luziania,GO,2014,27
1403395200000,201426,220.0,220,220,220,2.74732e-05,104.01498,0,4,521250120142619589,2023-08-20,Luziânia,0,0.7033423,211508,13.2857142857143,80.8571428571429,0,0,2,54.574489,24.1428571428571,19.9792517142857,26.5714285714286,124,,,,,70758,2014-06-22,5212501,Luziania,GO,2014,26
1402790400000,201425,239.0,239,239,239,1.58e-08,112.99809,0,4,521250120142519589,2023-08-20,Luziânia,0,0.6365379,211508,15.7142857142857,81.2857142857143,0,0,2,59.2356225714286,28.2857142857143,21.2226344285714,26.5714285714286,140,,,,,70758,2014-06-15,5212501,Luziania,GO,2014,25
1402185600000,201424,303.0,303,303,303,1.4326e-06,143.25699,0,4,521250120142419589,2023-08-20,Luziânia,0,0.7058656,211508,15.7142857142857,78.2857142857143,0,0,2,57.1260028571429,28.7142857142857,21.0147077142857,26.4285714285714,180,,,,,70758,2014-06-08,5212501,Luziania,GO,2014,24
1401580800000,201423,405.0,405,405,405,0.0030070443,191.48212,0,4,521250120142319589,2023-08-20,Luziânia,0,0.831717,211508,16.8571428571429,81.4285714285714,0,0,2,61.0873571428571,30.0,21.9909217142857,27.7142857142857,191,,,,,70758,2014-06-01,5212501,Luziania,GO,2014,23
1400976000000,201422,406.0,406,406,406,2.9064e-06,191.95491,0,4,521250120142219589,2023-08-20,Luziânia,0,0.7442481,211508,16.1428571428571,79.0,0,0,2,58.0800491428571,28.8571428571429,21.9535537142857,28.1428571428571,215,,,,,70758,2014-05-25,5212501,Luziania,GO,2014,22
1400371200000,201421,499.0,499,499,499,0.001561926,235.92488,0,4,521250120142119589,2023-08-20,Luziânia,0,0.83623457,211508,18.0,81.2857142857143,0,0,2,57.814059,28.7142857142857,23.2891152857143,28.5714285714286,229,,,,,70758,2014-05-18,5212501,Luziania,GO,2014,21
1399766400000,201420,544.0,544,544,544,0.0013312382,257.20068,0,4,521250120142019589,2023-08-20,Luziânia,0,0.8400204,211508,15.7142857142857,79.2857142857143,0,0,2,56.2071052857143,28.1428571428571,21.6887757142857,27.1428571428571,249,,,,,70758,2014-05-11,5212501,Luziania,GO,2014,20
1399161600000,201419,617.0,617,617,617,0.0047439793,291.71472,0,4,521250120141919589,2023-08-20,Luziânia,0,0.86721194,211508,17.0,81.7142857142857,0,0,2,58.8106048571429,30.4285714285714,22.5957138571429,27.8571428571429,284,,,,,70758,2014-05-04,5212501,Luziania,GO,2014,19
1398556800000,201418,614.0,614,614,614,1.09371e-05,290.29636,0,4,521250120141819589,2023-08-20,Luziânia,0,0.7955417,211508,14.5714285714286,80.4285714285714,0,0,2,58.2117348571429,29.1428571428571,20.994898,27.0,291,,,,,70758,2014-04-27,5212501,Luziania,GO,2014,18
1397952000000,201417,740.0,740,740,740,0.05792537,349.86856,0,4,521250120141719589,2023-08-20,Luziânia,0,0.92302006,211508,19.4285714285714,83.0,0,0,2,70.4458207142857,42.1428571428571,23.1601132857143,27.8571428571429,363,,,,,70758,2014-04-20,5212501,Luziania,GO,2014,17
1397347200000,201416,758.0,758,758,758,0.28254864,358.37888,0,4,521250120141619589,2023-08-20,Luziânia,0,0.97109914,211508,20.0,85.2857142857143,0,0,2,65.1334474285714,34.5714285714286,24.4886325714286,29.0,380,,,,,70758,2014-04-13,5212501,Luziania,GO,2014,16
1396742400000,201415,880.0,880,880,880,0.9998525,416.0599,0,4,521250120141519589,2023-08-20,Luziânia,0,1.1977848,211508,20.5714285714286,88.2857142857143,0,1,2,70.485928,37.1428571428571,24.0806597142857,29.1428571428571,417,,,,,70758,2014-04-06,5212501,Luziania,GO,2014,15
1396137600000,201414,755.0,755,755,755,0.9942322,356.96048,0,4,521250120141419589,2023-08-20,Luziânia,0,1.1438673,211508,20.1428571428571,89.2857142857143,0,1,2,74.6359222857143,46.0,23.0129837142857,28.0,332,,,,,70758,2014-03-30,5212501,Luziania,GO,2014,14
1395532800000,201413,768.0,768,768,768,1.0,363.10684,0,4,521250120141319589,2023-08-20,Luziânia,0,1.3519619,211508,19.8571428571429,90.8571428571429,1,1,2,77.2736085714286,45.8571428571429,22.1759181428571,26.7142857142857,379,,,,,70758,2014-03-23,5212501,Luziania,GO,2014,13
1394928000000,201412,689.0,689,689,689,0.99999964,325.756,0,4,521250120141219589,2023-08-20,Luziânia,0,1.3328315,211508,19.5714285714286,85.2857142857143,0,1,2,67.9831368571429,38.7142857142857,23.3476074285714,29.2857142857143,452,,,,,70758,2014-03-16,5212501,Luziania,GO,2014,12
1394323200000,201411,542.0,542,542,542,0.64438903,256.2551,0,4,521250120141119589,2023-08-20,Luziânia,0,1.0228652,211508,19.8571428571429,83.8571428571429,0,0,2,63.4616961428571,34.4285714285714,24.1478344285714,28.8571428571429,300,,,,,70758,2014-03-09,5212501,Luziania,GO,2014,11
1393718400000,201410,462.0,462,462,462,0.0001871962,218.43146,0,4,521250120141019589,2023-08-20,Luziânia,0,0.80141604,211508,19.8571428571429,89.7142857142857,0,0,2,74.45122,44.5714285714286,23.0490265714286,27.5714285714286,304,,,,,70758,2014-03-02,5212501,Luziania,GO,2014,10
1393113600000,201409,543.0,543,543,543,0.0016942874,256.72787,0,4,521250120140919589,2023-08-20,Luziânia,0,0.84336764,211508,19.2857142857143,83.0,0,0,2,64.8678975714286,38.8571428571429,23.6188598571429,28.4285714285714,350,,,,,70758,2014-02-23,5212501,Luziania,GO,2014,9
1392508800000,201408,555.0,555,555,555,8.5471e-05,262.40143,0,4,521250120140819589,2023-08-20,Luziânia,0,0.8075044,211508,19.1428571428571,92.4285714285714,1,0,2,76.7170394285714,51.0,22.0341674285714,26.4285714285714,342,,,,,70758,2014-02-16,5212501,Luziania,GO,2014,8
1391904000000,201407,638.0,638,638,638,0.81996304,301.64343,0,4,521250120140719589,2023-08-20,Luziânia,0,1.0532646,211508,18.1428571428571,89.4285714285714,0,0,2,64.5335765714286,38.1428571428571,23.330237,28.4285714285714,394,,,,,70758,2014-02-09,5212501,Luziania,GO,2014,7
1391299200000,201406,759.0,759,759,759,1.0,358.85168,0,4,521250120140619589,2023-08-20,Luziânia,0,1.9135435,211508,18.4285714285714,77.8571428571429,0,1,2,50.6020405714286,21.7142857142857,24.4540815714286,30.1428571428571,450,,,,,70758,2014-02-02,5212501,Luziania,GO,2014,6
1390694400000,201405,752.0,752,752,752,1.0,355.5421,0,4,521250120140519589,2023-08-20,Luziânia,0,3.671223,211508,18.5714285714286,79.5714285714286,0,1,2,59.0306118571429,32.8571428571429,23.2653058571429,28.5714285714286,479,,,,,70758,2014-01-26,5212501,Luziania,GO,2014,5
1390089600000,201404,323.0,323,323,323,1.0,152.7129,0,4,521250120140419589,2023-08-20,Luziânia,0,3.3405142,211508,18.1428571428571,93.1428571428571,1,1,2,74.4857485714286,36.5714285714286,21.7493897142857,27.1428571428571,239,,,,,70758,2014-01-19,5212501,Luziania,GO,2014,4
1389484800000,201403,170.0,170,170,170,1.0,80.37521,0,3,521250120140319589,2023-08-20,Luziânia,0,3.4277384,211508,19.0,84.8571428571429,0,1,2,61.93049,32.1428571428571,23.8968517142857,29.8571428571429,114,,,,,70758,2014-01-12,5212501,Luziania,GO,2014,3
1388880000000,201402,65.0,65,65,65,0.9998363,30.731699,0,1,521250120140219589,2023-08-20,Luziânia,0,2.1341972,211508,18.2857142857143,83.8571428571429,0,1,1,55.7462791428571,25.7142857142857,24.1043958571429,29.7142857142857,38,,,,,70758,2014-01-05,5212501,Luziania,GO,2014,2
1388275200000,201401,45.0,45,45,45,0.993498,21.275791,0,1,521250120140119589,2023-08-20,Luziânia,0,1.8318952,211508,18.5714285714286,89.8571428571429,0,1,1,65.0826708571429,34.4285714285714,24.1233797142857,29.8571428571429,35,,,,,70758,2013-12-29,5212501,Luziania,GO,2014,1
