data_iniSE,se_codigo,casos_est,casos_est_min,casos_est_max,casos,p_rt1,p_inc100k,Localidade_id,nivel,id,versao_modelo,municipio_nome,tweet,Rt,pop,tempmin,umidmax,receptivo,transmissao,nivel_inc,umidmed,umidmin,tempmed,tempmax,casprov,casprov_est,casprov_est_min,casprov_est_max,casconf,notif_accum_year,data_ini_se,cod_ibge,municipio,uf,ano,semana
1707609600000,202407,0.0,0,0,0,0.5,0.0,0,1,520017520240719779,2024-02-26,Água Fria de Goiás,0,0.0,5546,22.3333333333333,77.5473187777778,0,0,0,75.6140711111111,73.6808255555556,22.5,22.6666666666667,,,,,,0,2024-02-11,5200175,Agua Fria de Goias,GO,2024,7
1707004800000,202406,0.0,0,0,0,0.5,0.0,0,1,520017520240619779,2024-02-26,Água Fria de Goiás,0,0.0,5546,22.3,82.4472402,0,0,0,81.7351194,81.0229992,22.3,22.3,,,,,,0,2024-02-04,5200175,Agua Fria de Goias,GO,2024,6
1706400000000,202405,0.0,0,0,0,0.5,0.0,0,1,520017520240519779,2024-02-26,Água Fria de Goiás,0,0.0,5546,22.4285714285714,80.6155614285714,0,0,0,79.3534528571429,78.0913435714286,22.6428571428571,22.8571428571429,,,,,,0,2024-01-28,5200175,Agua Fria de Goias,GO,2024,5
1705795200000,202404,0.0,0,0,0,0.5,0.0,0,1,520017520240419779,2024-02-26,Água Fria de Goiás,0,0.0,5546,22.8571428571429,83.437763,0,0,0,82.0772011428571,80.7166408571429,22.9285714285714,23.0,,,,,,0,2024-01-21,5200175,Agua Fria de Goias,GO,2024,4
1705190400000,202403,0.0,0,0,0,0.5,0.0,0,1,520017520240319779,2024-02-26,Água Fria de Goiás,0,0.0,5546,22.625,75.302707875,0,0,0,72.773421875,70.24414175,23.1875,23.75,,,,,,0,2024-01-14,5200175,Agua Fria de Goias,GO,2024,3
1704585600000,202402,0.0,0,0,0,0.5,0.0,0,1,520017520240219779,2024-02-26,Água Fria de Goiás,0,0.0,5546,21.7142857142857,87.0944164285714,0,0,0,85.6288407142857,84.1632664285714,21.8571428571429,22.0,,,,,,0,2024-01-07,5200175,Agua Fria de Goias,GO,2024,2
1703980800000,202401,0.0,0,0,0,0.5,0.0,0,1,520017520240119779,2024-02-26,Água Fria de Goiás,0,0.0,5546,21.375,91.4545975,0,0,0,90.47780375,89.50101125,21.4375,21.5,,,,,,0,2023-12-31,5200175,Agua Fria de Goias,GO,2024,1
1703376000000,202352,0.0,0,0,0,0.5,0.0,0,1,520017520235219779,2024-02-26,Água Fria de Goiás,0,0.0,5546,22.25,80.3006755,0,0,0,79.11323625,78.251583,22.53125,22.75,,,,,,0,2023-12-24,5200175,Agua Fria de Goias,GO,2023,52
1702771200000,202351,0.0,0,0,0,0.5,0.0,0,1,520017520235119779,2024-02-26,Água Fria de Goiás,0,0.0,5546,23.0,68.1333115714286,0,0,0,65.8445251428571,63.5557388571429,23.3571428571429,23.7142857142857,,,,,,0,2023-12-17,5200175,Agua Fria de Goias,GO,2023,51
1702166400000,202350,0.0,0,0,0,0.5,0.0,0,1,520017520235019779,2024-02-26,Água Fria de Goiás,0,0.0,5546,23.3888888888889,62.7843095,0,0,0,52.8631001111111,38.8502437222222,25.9027782222222,30.5555555555556,,,,,,0,2023-12-10,5200175,Agua Fria de Goias,GO,2023,50
1701561600000,202349,0.0,0,0,0,0.5,0.0,0,1,520017520234919779,2024-02-26,Água Fria de Goiás,0,0.0,5546,18.7142857142857,87.7224685714286,0,0,0,65.5763457142857,40.3694318571429,23.6817458571429,29.7142857142857,,,,,,0,2023-12-03,5200175,Agua Fria de Goias,GO,2023,49
1700956800000,202348,0.0,0,0,0,0.5,0.0,0,1,520017520234819779,2024-02-26,Água Fria de Goiás,0,0.0,5546,19.5714285714286,90.8571985714286,0,0,0,68.0952208571429,41.0100611428571,24.1011905714286,30.1428571428571,,,,,,0,2023-11-26,5200175,Agua Fria de Goias,GO,2023,48
1700352000000,202347,0.0,0,0,0,0.5,0.0,0,1,520017520234719779,2024-02-26,Água Fria de Goiás,0,0.0,5546,20.4285714285714,91.7267042857143,0,0,0,69.7437978571429,43.2197112857143,24.315476,30.0,,,,,,0,2023-11-19,5200175,Agua Fria de Goias,GO,2023,47
1699747200000,202346,0.0,0,0,0,0.5,0.0,0,1,520017520234619779,2024-02-26,Água Fria de Goiás,0,0.0,5546,22.7777777777778,72.453616,0,0,0,55.1531758888889,36.1894995,26.2638893333333,30.5,,,,,,0,2023-11-12,5200175,Agua Fria de Goias,GO,2023,46
1699142400000,202345,0.0,0,0,0,0.5,0.0,0,1,520017520234519779,2024-02-26,Água Fria de Goiás,0,0.0,5546,24.1428571428571,59.406555,0,0,0,55.402875,51.7489038571429,24.8214285714286,25.5714285714286,,,,,,0,2023-11-05,5200175,Agua Fria de Goias,GO,2023,45
1698537600000,202344,0.0,0,0,0,0.5,0.0,0,1,520017520234419779,2024-02-26,Água Fria de Goiás,0,0.0,5546,22.5714285714286,76.8299397142857,0,0,0,74.9081557142857,72.986375,22.8571428571429,23.1428571428571,,,,,,0,2023-10-29,5200175,Agua Fria de Goias,GO,2023,44
1697932800000,202343,0.0,0,0,0,0.5,0.0,0,1,520017520234319779,2024-02-26,Água Fria de Goiás,0,0.0,5546,23.625,70.64784975,0,0,0,68.864556875,66.845518,23.84375,24.125,,,,,,0,2023-10-22,5200175,Agua Fria de Goias,GO,2023,43
1697328000000,202342,0.0,0,0,0,0.5,0.0,0,1,520017520234219779,2024-02-26,Água Fria de Goiás,0,0.0,5546,25.0,50.4539024285714,0,0,0,47.6675038571429,44.5824724285714,25.6071428571429,26.2857142857143,,,,,,0,2023-10-15,5200175,Agua Fria de Goias,GO,2023,42
1696723200000,202341,0.0,0,0,0,0.5,0.0,0,1,520017520234119779,2024-02-26,Água Fria de Goiás,0,0.0,5546,24.1428571428571,68.0289928571429,0,0,0,65.4778638571429,63.2150002857143,24.5357142857143,24.8571428571429,,,,,,0,2023-10-08,5200175,Agua Fria de Goias,GO,2023,41
1696118400000,202340,0.0,0,0,0,0.5,0.0,0,1,520017520234019779,2024-02-26,Água Fria de Goiás,0,0.0,5546,23.75,69.19345425,0,0,0,66.60855875,64.023664625,24.3125,24.875,,,,,,0,2023-10-01,5200175,Agua Fria de Goias,GO,2023,40
1695513600000,202339,0.0,0,0,0,0.5,0.0,0,1,520017520233919779,2024-02-26,Água Fria de Goiás,0,0.0,5546,23.7272727272727,66.4350733636364,0,0,0,56.7536482727273,43.6213007272727,25.3939394545455,27.9090909090909,,,,,,0,2023-09-24,5200175,Agua Fria de Goias,GO,2023,39
1694908800000,202338,0.0,0,0,0,0.5,0.0,0,1,520017520233819779,2024-02-26,Água Fria de Goiás,0,0.0,5546,24.5714285714286,43.9911928571429,0,0,0,40.9585695714286,38.7778872857143,25.6011905714286,26.5714285714286,,,,,,0,2023-09-17,5200175,Agua Fria de Goias,GO,2023,38
1694304000000,202337,0.0,0,0,0,0.5,0.0,0,1,520017520233719779,2024-02-26,Água Fria de Goiás,0,0.0,5546,17.2857142857143,71.4288895714286,0,0,0,47.7239744285714,30.0772778571429,23.404762,29.1428571428571,,,,,,0,2023-09-10,5200175,Agua Fria de Goias,GO,2023,37
1693699200000,202336,0.0,0,0,0,0.5,0.0,0,1,520017520233619779,2024-02-26,Água Fria de Goiás,0,0.0,5546,18.8571428571429,74.2545301428571,0,0,0,50.6712978571429,30.0095514285714,24.2023808571429,29.8571428571429,,,,,,0,2023-09-03,5200175,Agua Fria de Goias,GO,2023,36
1693094400000,202335,0.0,0,0,0,0.5,0.0,0,1,520017520233519779,2024-02-26,Água Fria de Goiás,0,0.0,5546,19.0,92.34299,0,0,0,71.8088505714286,44.0525872857143,22.9583334285714,28.4285714285714,,,,,,0,2023-08-27,5200175,Agua Fria de Goias,GO,2023,35
1692489600000,202334,0.0,0,0,0,0.5,0.0,0,1,520017520233419779,2024-02-26,Água Fria de Goiás,0,0.0,5546,16.875,77.421457875,0,0,0,51.082666375,25.825212,23.458333,30.875,,,,,,0,2023-08-20,5200175,Agua Fria de Goias,GO,2023,34
1691884800000,202333,0.0,0,0,0,0.5,0.0,0,1,520017520233319779,2024-02-26,Água Fria de Goiás,0,0.0,5546,17.0,61.4503328571429,0,0,0,44.9058054285714,30.9160845714286,21.4047617142857,25.7142857142857,,,,,,0,2023-08-13,5200175,Agua Fria de Goias,GO,2023,33
1691280000000,202332,0.0,0,0,0,0.5,0.0,0,1,520017520233219779,2024-02-26,Água Fria de Goiás,0,0.0,5546,21.8571428571429,38.9092852857143,0,0,0,37.1328168571429,35.2294795714286,22.8095237142857,23.7142857142857,,,,,,0,2023-08-06,5200175,Agua Fria de Goias,GO,2023,32
1690675200000,202331,0.0,0,0,0,0.5,0.0,0,1,520017520233119779,2024-02-26,Água Fria de Goiás,0,0.0,5546,20.4285714285714,46.0437821428571,0,0,0,43.8288837142857,41.9376985714286,20.904762,21.2857142857143,,,,,,0,2023-07-30,5200175,Agua Fria de Goias,GO,2023,31
1690070400000,202330,0.0,0,0,0,0.5,0.0,0,1,520017520233019779,2024-02-26,Água Fria de Goiás,0,0.0,5546,19.4285714285714,54.593627,0,0,0,50.4619251428571,47.0681557142857,20.2142857142857,20.8571428571429,,,,,,0,2023-07-23,5200175,Agua Fria de Goias,GO,2023,30
1689465600000,202329,0.0,0,0,0,0.5,0.0,0,1,520017520232919779,2024-02-26,Água Fria de Goiás,0,0.0,5546,20.5714285714286,54.3865095714286,0,0,0,51.2960475714286,48.3776414285714,21.3095237142857,22.0,,,,,,0,2023-07-16,5200175,Agua Fria de Goias,GO,2023,29
1688860800000,202328,0.0,0,0,0,0.5,0.0,0,1,520017520232819779,2024-02-26,Água Fria de Goiás,0,0.0,5546,19.1428571428571,56.7599607142857,0,0,0,53.0187112857143,49.2882338571429,20.0714285714286,21.0,,,,,,0,2023-07-09,5200175,Agua Fria de Goias,GO,2023,28
1688256000000,202327,0.0,0,0,0,0.5,0.0,0,1,520017520232719779,2024-02-26,Água Fria de Goiás,0,0.0,5546,16.7142857142857,55.6458987142857,0,0,0,52.0367727142857,48.2889567142857,17.4761905714286,18.2857142857143,,,,,,0,2023-07-02,5200175,Agua Fria de Goias,GO,2023,27
1687651200000,202326,0.0,0,0,0,0.5,0.0,0,1,520017520232619779,2024-02-26,Água Fria de Goiás,0,0.0,5546,18.5714285714286,57.253633,0,0,0,54.7851431428571,52.1784072857143,19.0476191428571,19.5714285714286,,,,,,0,2023-06-25,5200175,Agua Fria de Goias,GO,2023,26
1687046400000,202325,0.0,0,0,0,0.5,0.0,0,1,520017520232519779,2024-02-26,Água Fria de Goiás,0,0.0,5546,18.0,64.0836305714286,0,0,0,60.9203788571429,57.6386442857143,18.7142857142857,19.4285714285714,,,,,,0,2023-06-18,5200175,Agua Fria de Goias,GO,2023,25
1686441600000,202324,0.0,0,0,0,0.5,0.0,0,1,520017520232419779,2024-02-26,Água Fria de Goiás,0,0.0,5546,20.7142857142857,66.4969484285714,0,0,0,63.926713,61.1503862857143,21.2857142857143,21.8571428571429,,,,,,0,2023-06-11,5200175,Agua Fria de Goias,GO,2023,24
1685836800000,202323,0.0,0,0,0,0.5,0.0,0,1,520017520232319779,2024-02-26,Água Fria de Goiás,0,0.0,5546,19.5714285714286,59.4515584285714,0,0,0,58.4332071428571,57.2548961428571,19.7619048571429,20.0,,,,,,0,2023-06-04,5200175,Agua Fria de Goias,GO,2023,23
1685232000000,202322,0.0,0,0,0,0.5,0.0,0,1,520017520232219779,2024-02-26,Água Fria de Goiás,0,0.0,5546,20.3,67.169108,0,0,0,63.6827369,60.2327318,21.1,21.9,,,,,,0,2023-05-28,5200175,Agua Fria de Goias,GO,2023,22
1684627200000,202321,0.0,0,0,0,0.5,0.0,0,1,520017520232119779,2024-02-26,Água Fria de Goiás,0,0.0,5546,14.0,78.9360135,0,0,0,60.0060449,41.7556427,19.1958332,24.4,,,,,,0,2023-05-21,5200175,Agua Fria de Goias,GO,2023,21
1684022400000,202320,0.0,0,0,0,0.5,0.0,0,1,520017520232019779,2024-02-26,Água Fria de Goiás,0,0.0,5546,14.8333333333333,78.6741533888889,0,0,0,54.5352862222222,34.0003195555556,20.4537035555556,25.4444444444444,,,,,,0,2023-05-14,5200175,Agua Fria de Goias,GO,2023,20
1683417600000,202319,0.0,0,0,0,0.5,0.0,0,1,520017520231919779,2024-02-26,Água Fria de Goiás,0,0.0,5546,19.875,69.332691875,0,0,0,61.188341375,52.937484875,21.7083335,23.75,,,,,,0,2023-05-07,5200175,Agua Fria de Goias,GO,2023,19
1682812800000,202318,0.0,0,0,0,0.5,0.0,0,1,520017520231819779,2024-02-26,Água Fria de Goiás,0,0.0,5546,20.2,72.555739,0,0,0,68.7814148,63.9723086,20.9333336,21.8,,,,,,0,2023-04-30,5200175,Agua Fria de Goias,GO,2023,18
1682208000000,202317,0.0,0,0,0,0.5,0.0,0,1,520017520231719779,2024-02-26,Água Fria de Goiás,0,0.0,5546,17.5652173913043,88.9228126086957,0,0,0,71.9095056521739,49.9794486086957,21.5923913913043,26.3913043478261,,,,,,0,2023-04-23,5200175,Agua Fria de Goias,GO,2023,17
1681603200000,202316,0.0,0,0,0,0.5,0.0,0,1,520017520231619779,2024-02-26,Água Fria de Goiás,0,0.0,5546,18.4285714285714,91.6000642857143,0,0,0,75.3259434285714,53.8946497142857,22.0952382857143,27.0,,,,,,0,2023-04-16,5200175,Agua Fria de Goias,GO,2023,16
1680998400000,202315,0.0,0,0,0,0.5,0.0,0,1,520017520231519779,2024-02-26,Água Fria de Goiás,0,0.0,5546,19.1428571428571,94.0203,0,0,0,77.2057447142857,51.4963784285714,22.4523808571429,27.7142857142857,,,,,,0,2023-04-09,5200175,Agua Fria de Goias,GO,2023,15
1680393600000,202314,0.0,0,0,0,0.5,0.0,0,1,520017520231419779,2024-02-26,Água Fria de Goiás,0,0.0,5546,18.7142857142857,90.7521171428571,0,0,0,75.2732408571429,51.3468842857143,21.660714,26.5714285714286,,,,,,0,2023-04-02,5200175,Agua Fria de Goias,GO,2023,14
1679788800000,202313,0.0,0,0,0,0.5,0.0,0,1,520017520231319779,2024-02-26,Água Fria de Goiás,0,0.0,5546,20.8571428571429,72.2697849047619,0,0,0,55.8554788095238,44.1183038571429,24.4166664761905,27.3809523809524,,,,,,0,2023-03-26,5200175,Agua Fria de Goias,GO,2023,13
1679184000000,202312,0.0,0,0,0,0.5,0.0,0,1,520017520231219779,2024-02-26,Água Fria de Goiás,0,0.0,5546,17.5454545454545,91.3497589090909,0,0,0,71.9430174545455,48.5877656363636,21.8560603636364,27.0,,,,,,0,2023-03-19,5200175,Agua Fria de Goias,GO,2023,12
1678579200000,202311,0.0,0,0,0,0.5,0.0,0,1,520017520231119779,2024-02-26,Água Fria de Goiás,0,0.0,5546,21.3,81.283395,0,0,0,81.277472,81.271548,21.35,21.4,,,,,,0,2023-03-12,5200175,Agua Fria de Goias,GO,2023,11
1677974400000,202310,0.0,0,0,0,0.5,0.0,0,1,520017520231019779,2024-02-26,Água Fria de Goiás,0,0.0,5546,22.1428571428571,70.8364115714286,0,0,0,68.8942271428571,66.952045,22.3571428571429,22.5714285714286,,,,,,0,2023-03-05,5200175,Agua Fria de Goias,GO,2023,10
1677369600000,202309,0.0,0,0,0,0.5,0.0,0,1,520017520230919779,2024-02-26,Água Fria de Goiás,0,0.0,5546,22.0,75.1189728333333,0,0,0,72.9228621666667,70.7267544166667,22.3333333333333,22.6666666666667,,,,,,0,2023-02-26,5200175,Agua Fria de Goias,GO,2023,9
1676764800000,202308,0.0,0,0,0,0.5,0.0,0,1,520017520230819779,2024-02-26,Água Fria de Goiás,0,0.0,5546,18.9473684210526,90.1438903157895,0,0,0,73.7145455789474,51.9968642105263,22.1798247368421,27.6842105263158,,,,,,0,2023-02-19,5200175,Agua Fria de Goias,GO,2023,8
1676160000000,202307,0.0,0,0,0,0.5,0.0,0,1,520017520230719779,2024-02-26,Água Fria de Goiás,0,0.0,5546,24.5714285714286,59.7649554285714,0,0,0,58.9899425714286,58.2149302857143,24.7142857142857,24.8571428571429,,,,,,0,2023-02-12,5200175,Agua Fria de Goias,GO,2023,7
1675555200000,202306,0.0,0,0,0,0.5,0.0,0,1,520017520230619759,2024-02-06,Água Fria de Goiás,0,0.0,5793,23.0,71.7624368571429,0,0,0,69.3454032857143,66.0995661428571,23.4940477142857,24.2857142857143,,,,,,0,2023-02-05,5200175,Agua Fria de Goias,GO,2023,6
1674950400000,202305,0.0,0,0,0,0.5,0.0,0,1,520017520230519759,2024-02-06,Água Fria de Goiás,0,0.0,5793,21.7142857142857,73.9629072857143,0,0,0,68.9879072857143,61.1977235714286,22.970238,24.4285714285714,,,,,,0,2023-01-29,5200175,Agua Fria de Goias,GO,2023,5
1674345600000,202304,0.0,0,0,0,0.5,0.0,0,1,520017520230419718,2023-12-27,Água Fria de Goiás,0,0.0,5793,20.5714285714286,81.7212771428571,0,0,0,81.7212771428571,81.7212771428571,20.5714285714286,20.5714285714286,,,,,,0,2023-01-22,5200175,Agua Fria de Goias,GO,2023,4
1673740800000,202303,0.0,0,0,0,0.5,0.0,0,1,520017520230319718,2023-12-27,Água Fria de Goiás,0,0.0,5793,22.1428571428571,69.4868628571429,0,0,0,69.4868628571429,69.4868628571429,22.1428571428571,22.1428571428571,,,,,,0,2023-01-15,5200175,Agua Fria de Goias,GO,2023,3
1673136000000,202302,0.0,0,0,0,0.5,0.0,0,1,520017520230219718,2023-12-27,Água Fria de Goiás,0,0.0,5793,19.0,90.6840257142857,0,0,0,79.6281335714286,62.9142951428571,21.1190474285714,24.2857142857143,,,,,,0,2023-01-08,5200175,Agua Fria de Goias,GO,2023,2
1672531200000,202301,0.0,0,0,0,0.5,0.0,0,1,520017520230119718,2023-12-27,Água Fria de Goiás,0,0.0,5793,19.2857142857143,92.3190262857143,0,0,0,76.6823057142857,56.4081015714286,21.9821425714286,26.0,,,,,,0,2023-01-01,5200175,Agua Fria de Goias,GO,2023,1
1671926400000,202252,0.0,0,0,0,0.5,0.0,0,1,520017520225219718,2023-12-27,Água Fria de Goiás,0,0.0,5793,19.0,93.9743466666667,0,0,0,89.5614333333333,70.8377946666667,20.05303,21.6666666666667,,,,,,0,2022-12-25,5200175,Agua Fria de Goias,GO,2022,52
1671321600000,202251,0.0,0,0,0,0.5,0.0,0,1,520017520225119718,2023-12-27,Água Fria de Goiás,0,0.0,5793,18.5,93.92977,0,0,0,84.775325,63.8116875,20.677885,24.5,,,,,,0,2022-12-18,5200175,Agua Fria de Goias,GO,2022,51
1670716800000,202250,0.0,0,0,0,0.5,0.0,0,1,520017520225019718,2023-12-27,Água Fria de Goiás,0,0.0,5793,19.6666666666667,90.2900316666667,0,0,0,75.5618248333333,57.4447295,22.213889,25.6666666666667,,,,,,0,2022-12-11,5200175,Agua Fria de Goias,GO,2022,50
1670112000000,202249,0.0,0,0,0,0.5,0.0,0,1,520017520224919617,2023-09-17,Água Fria de Goiás,0,0.0,5793,19.0,93.1274897142857,0,0,0,78.3807888571429,56.234546,21.8760822857143,26.1428571428571,,,,,,0,2022-12-04,5200175,Agua Fria de Goias,GO,2022,49
1669507200000,202248,0.0,0,0,0,0.5,0.0,0,1,520017520224819617,2023-09-17,Água Fria de Goiás,0,0.0,5793,18.2857142857143,93.988274,0,0,0,79.0060364285714,56.1041121428571,21.3357145714286,25.5714285714286,,,,,,0,2022-11-27,5200175,Agua Fria de Goias,GO,2022,48
1668902400000,202247,0.0,0,0,0,0.5,0.0,0,1,520017520224719617,2023-09-17,Água Fria de Goiás,0,0.0,5793,18.2857142857143,96.5898705714286,0,0,0,81.2759271428571,61.2429421428571,21.1251727142857,25.0,,,,,,0,2022-11-20,5200175,Agua Fria de Goias,GO,2022,47
1668297600000,202246,0.0,0,0,0,0.5,0.0,0,1,520017520224619617,2023-09-17,Água Fria de Goiás,0,0.0,5793,18.5714285714286,96.5969728571429,0,0,0,81.6690514285714,57.1657104285714,21.5520188571429,26.7142857142857,,,,,,0,2022-11-13,5200175,Agua Fria de Goias,GO,2022,46
1667692800000,202245,0.0,0,0,0,0.5,0.0,0,1,520017520224519617,2023-09-17,Água Fria de Goiás,0,0.0,5793,17.5714285714286,92.4072482857143,0,0,0,77.5294514285714,56.1062768571429,21.0367965714286,25.8571428571429,,,,,,0,2022-11-06,5200175,Agua Fria de Goias,GO,2022,45
1667088000000,202244,0.0,0,0,0,0.5,0.0,0,1,520017520224419617,2023-09-17,Água Fria de Goiás,0,0.0,5793,17.8571428571429,97.4635071428571,0,0,0,79.355244,57.1676717142857,21.0447995714286,25.4285714285714,,,,,,0,2022-10-30,5200175,Agua Fria de Goias,GO,2022,44
1666483200000,202243,0.0,0,0,0,0.5,0.0,0,1,520017520224319617,2023-09-17,Água Fria de Goiás,0,0.0,5793,18.4285714285714,92.5638954285714,0,0,0,71.6844725714286,52.4301154285714,22.4214288571429,26.7142857142857,,,,,,0,2022-10-23,5200175,Agua Fria de Goias,GO,2022,43
1665878400000,202242,0.0,0,0,0,0.5,0.0,0,1,520017520224219617,2023-09-17,Água Fria de Goiás,0,0.0,5793,19.2857142857143,66.993991,0,0,0,44.4687085714286,27.5304324285714,24.915796,30.5714285714286,,,,,,0,2022-10-16,5200175,Agua Fria de Goias,GO,2022,42
1665273600000,202241,0.0,0,0,0,0.5,0.0,0,1,520017520224119617,2023-09-17,Água Fria de Goiás,0,0.0,5793,18.7142857142857,64.3749081428571,0,0,0,46.136526,29.3426358571429,24.6547617142857,30.2857142857143,,,,,,0,2022-10-09,5200175,Agua Fria de Goias,GO,2022,41
1664668800000,202240,0.0,0,0,0,0.5,0.0,0,1,520017520224019617,2023-09-17,Água Fria de Goiás,0,0.0,5793,19.8571428571429,81.5691865714286,0,0,0,64.9166772857143,45.6374,22.9918831428571,27.0,,,,,,0,2022-10-02,5200175,Agua Fria de Goias,GO,2022,40
1664064000000,202239,0.0,0,0,0,0.5,0.0,0,1,520017520223919617,2023-09-17,Água Fria de Goiás,0,0.0,5793,18.8571428571429,86.7825357142857,0,0,0,64.6520471428571,42.8540258571429,23.5778388571429,28.0,,,,,,0,2022-09-25,5200175,Agua Fria de Goias,GO,2022,39
1663459200000,202238,0.0,0,0,0,0.5,0.0,0,1,520017520223819617,2023-09-17,Água Fria de Goiás,0,0.0,5793,19.5714285714286,87.0378442857143,0,0,0,75.3965907142857,57.6158354285714,21.9340491428571,26.0,,,,,,0,2022-09-18,5200175,Agua Fria de Goias,GO,2022,38
1662854400000,202237,0.0,0,0,0,0.5,0.0,0,1,520017520223719617,2023-09-17,Água Fria de Goiás,0,0.0,5793,17.5714285714286,64.9366548571429,0,0,0,43.0064551428571,26.1892998571429,23.4399585714286,29.4285714285714,,,,,,0,2022-09-11,5200175,Agua Fria de Goias,GO,2022,37
1662249600000,202236,0.0,0,0,0,0.5,0.0,0,1,520017520223619617,2023-09-17,Água Fria de Goiás,0,0.0,5793,14.4285714285714,67.5492405714286,0,0,0,41.9576865714286,21.892369,22.5362314285714,29.7142857142857,,,,,,0,2022-09-04,5200175,Agua Fria de Goias,GO,2022,36
1661644800000,202235,0.0,0,0,0,0.5,0.0,0,1,520017520223519617,2023-09-17,Água Fria de Goiás,0,0.0,5793,13.4285714285714,69.280637,0,0,0,49.9762477142857,33.2029888571429,19.3575757142857,25.0,,,,,,0,2022-08-28,5200175,Agua Fria de Goias,GO,2022,35
1661040000000,202234,0.0,0,0,0,0.5,0.0,0,1,520017520223419617,2023-09-17,Água Fria de Goiás,0,0.0,5793,13.5714285714286,72.683668,0,0,0,50.569373,33.1938754285714,19.5404452857143,25.1428571428571,,,,,,0,2022-08-21,5200175,Agua Fria de Goias,GO,2022,34
1660435200000,202233,0.0,0,0,0,0.5,0.0,0,1,520017520223319594,2023-08-25,Água Fria de Goiás,0,0.0,5793,14.8571428571429,73.5639842857143,0,0,0,50.4622805714286,32.8632422857143,20.7673075714286,26.2857142857143,,,,,,0,2022-08-14,5200175,Agua Fria de Goias,GO,2022,33
1659830400000,202232,0.0,0,0,0,0.5,0.0,0,1,520017520223219589,2023-08-20,Água Fria de Goiás,0,0.0,5793,14.0,74.8994007142857,0,0,0,47.8615458571429,27.7368811428571,21.470238,29.1428571428571,,,,,,0,2022-08-07,5200175,Agua Fria de Goias,GO,2022,32
1659225600000,202231,0.0,0,0,0,0.5,0.0,0,1,520017520223119589,2023-08-20,Água Fria de Goiás,0,0.0,5793,13.4285714285714,76.0803137142857,0,0,0,52.1349268571429,31.9962834285714,19.8380951428571,26.1428571428571,,,,,,0,2022-07-31,5200175,Agua Fria de Goias,GO,2022,31
1658620800000,202230,0.0,0,0,0,0.5,0.0,0,1,520017520223019589,2023-08-20,Água Fria de Goiás,0,0.0,5793,12.4285714285714,78.6261435714286,0,0,0,54.0497742857143,30.9571408571429,19.095798,26.1428571428571,,,,,,0,2022-07-24,5200175,Agua Fria de Goias,GO,2022,30
1658016000000,202229,0.0,0,0,0,0.5,0.0,0,1,520017520222919589,2023-08-20,Água Fria de Goiás,0,0.0,5793,12.5714285714286,80.6108865714286,0,0,0,58.6534278571429,39.1537008571429,18.5440477142857,24.5714285714286,,,,,,0,2022-07-17,5200175,Agua Fria de Goias,GO,2022,29
1657411200000,202228,0.0,0,0,0,0.5,0.0,0,1,520017520222819589,2023-08-20,Água Fria de Goiás,0,0.0,5793,11.0,86.75139,0,0,0,62.5207772857143,38.6839828571429,17.5059522857143,24.1428571428571,,,,,,0,2022-07-10,5200175,Agua Fria de Goias,GO,2022,28
1656806400000,202227,0.0,0,0,0,0.5,0.0,0,1,520017520222719589,2023-08-20,Água Fria de Goiás,0,0.0,5793,12.1428571428571,82.89579,0,0,0,61.0753394285714,39.6007082857143,18.2591992857143,24.7142857142857,,,,,,0,2022-07-03,5200175,Agua Fria de Goias,GO,2022,27
1656201600000,202226,0.0,0,0,0,0.5,0.0,0,1,520017520222619589,2023-08-20,Água Fria de Goiás,0,0.0,5793,11.0,85.1387,0,0,0,58.8449532857143,34.3125784285714,18.4954482857143,25.7142857142857,,,,,,0,2022-06-26,5200175,Agua Fria de Goias,GO,2022,26
1655596800000,202225,0.0,0,0,0,0.5,0.0,0,1,520017520222519589,2023-08-20,Água Fria de Goiás,0,0.0,5793,13.2857142857143,82.0726174285714,0,0,0,59.0751315714286,38.3953017142857,19.625,25.4285714285714,,,,,,0,2022-06-19,5200175,Agua Fria de Goias,GO,2022,25
1654992000000,202224,0.0,0,0,0,0.5,0.0,0,1,520017520222419589,2023-08-20,Água Fria de Goiás,0,0.0,5793,15.0,85.588163,0,0,0,62.9264948571429,40.3096182857143,20.4821425714286,26.7142857142857,,,,,,0,2022-06-12,5200175,Agua Fria de Goias,GO,2022,24
1654387200000,202223,0.0,0,0,0,0.5,0.0,0,1,520017520222319589,2023-08-20,Água Fria de Goiás,0,0.0,5793,13.5714285714286,85.4172108571429,0,0,0,66.5823192857143,46.0246508571429,18.5127551428571,24.0,,,,,,0,2022-06-05,5200175,Agua Fria de Goias,GO,2022,23
1653782400000,202222,0.0,0,0,0,0.5,0.0,0,1,520017520222219589,2023-08-20,Água Fria de Goiás,0,0.0,5793,12.1428571428571,81.9714232857143,0,0,0,56.3103858571429,31.9399344285714,19.6437072857143,27.4285714285714,,,,,,0,2022-05-29,5200175,Agua Fria de Goias,GO,2022,22
1653177600000,202221,0.0,0,0,0,0.5,0.0,0,1,520017520222119589,2023-08-20,Água Fria de Goiás,0,0.0,5793,12.5714285714286,87.08086,0,0,0,61.4327034285714,37.2640028571429,19.1617965714286,25.7142857142857,,,,,,0,2022-05-22,5200175,Agua Fria de Goias,GO,2022,21
1652572800000,202220,0.0,0,0,0,0.5,0.0,0,1,520017520222019589,2023-08-20,Água Fria de Goiás,0,0.0,5793,11.8571428571429,84.4952805714286,0,0,0,62.9035674285714,36.2579531428571,17.3392857142857,23.8571428571429,,,,,,0,2022-05-15,5200175,Agua Fria de Goias,GO,2022,20
1651968000000,202219,0.0,0,0,0,0.5,0.0,0,1,520017520221919589,2023-08-20,Água Fria de Goiás,0,0.0,5793,16.1428571428571,89.6756457142857,0,0,0,65.2229281428571,43.6238678571429,21.5833334285714,26.7142857142857,,,,,,0,2022-05-08,5200175,Agua Fria de Goias,GO,2022,19
1651363200000,202218,0.0,0,0,0,0.5,0.0,0,1,520017520221819589,2023-08-20,Água Fria de Goiás,0,0.0,5793,17.1428571428571,88.1557562857143,0,0,0,67.6145771428571,49.3507055714286,22.2571428571429,27.0,,,,,,0,2022-05-01,5200175,Agua Fria de Goias,GO,2022,18
1650758400000,202217,0.0,0,0,0,0.5,0.0,0,1,520017520221719589,2023-08-20,Água Fria de Goiás,0,0.0,5793,17.2857142857143,86.0567122857143,0,0,0,66.4426838571429,42.8870952857143,22.236472,27.4285714285714,,,,,,0,2022-04-24,5200175,Agua Fria de Goias,GO,2022,17
1650153600000,202216,0.0,0,0,0,0.5,0.0,0,1,520017520221619589,2023-08-20,Água Fria de Goiás,0,0.0,5793,16.1428571428571,89.7645371428571,0,0,0,64.1034552857143,40.3803115714286,22.3747414285714,28.1428571428571,,,,,,0,2022-04-17,5200175,Agua Fria de Goias,GO,2022,16
1649548800000,202215,0.0,0,0,0,0.5,0.0,0,1,520017520221519589,2023-08-20,Água Fria de Goiás,0,0.0,5793,19.4285714285714,93.2098842857143,0,0,0,74.8484662857143,50.8316565714286,23.1062924285714,28.4285714285714,,,,,,0,2022-04-10,5200175,Agua Fria de Goias,GO,2022,15
1648944000000,202214,0.0,0,0,0,0.5,0.0,0,1,520017520221419589,2023-08-20,Água Fria de Goiás,0,0.0,5793,17.2857142857143,87.3265614285714,0,0,0,63.44131,44.125536,23.2321428571429,28.4285714285714,,,,,,0,2022-04-03,5200175,Agua Fria de Goias,GO,2022,14
1648339200000,202213,0.0,0,0,0,0.5,0.0,0,1,520017520221319589,2023-08-20,Água Fria de Goiás,0,0.0,5793,18.4285714285714,84.3402228571429,0,0,0,59.8388778571429,36.4468214285714,24.3579401428571,30.0,,,,,,0,2022-03-27,5200175,Agua Fria de Goias,GO,2022,13
1647734400000,202212,0.0,0,0,0,0.5,0.0,0,1,520017520221219589,2023-08-20,Água Fria de Goiás,0,0.0,5793,18.0,90.6027648571429,0,0,0,66.8086637142857,43.0196412857143,23.4200681428571,28.8571428571429,,,,,,0,2022-03-20,5200175,Agua Fria de Goias,GO,2022,12
1647129600000,202211,0.0,0,0,0,0.5,0.0,0,1,520017520221119589,2023-08-20,Água Fria de Goiás,0,0.0,5793,19.7142857142857,96.6082785714286,0,0,0,79.7926615714286,57.9405338571429,22.5005102857143,26.7142857142857,,,,,,0,2022-03-13,5200175,Agua Fria de Goias,GO,2022,11
1646524800000,202210,0.0,0,0,0,0.5,0.0,0,1,520017520221019589,2023-08-20,Água Fria de Goiás,0,0.0,5793,18.7142857142857,88.2747214285714,0,0,0,68.221165,45.3070775714286,23.2678571428571,28.2857142857143,,,,,,0,2022-03-06,5200175,Agua Fria de Goias,GO,2022,10
1645920000000,202209,0.0,0,0,0,0.5,0.0,0,1,520017520220919589,2023-08-20,Água Fria de Goiás,0,0.0,5793,17.8571428571429,91.4735677142857,0,0,0,72.9869754285714,47.0274331428571,22.3637684285714,28.0,,,,,,0,2022-02-27,5200175,Agua Fria de Goias,GO,2022,9
1645315200000,202208,0.0,0,0,0,0.5,0.0,0,1,520017520220819589,2023-08-20,Água Fria de Goiás,0,0.0,5793,18.8571428571429,95.6832957142857,0,0,0,77.1322252857143,54.3417425714286,22.6666665714286,27.2857142857143,,,,,,0,2022-02-20,5200175,Agua Fria de Goias,GO,2022,8
1644710400000,202207,0.0,0,0,0,0.5,0.0,0,1,520017520220719589,2023-08-20,Água Fria de Goiás,0,0.0,5793,19.0,98.3242914285714,0,0,0,85.8533042857143,64.1374115714286,21.3015871428571,25.2857142857143,,,,,,0,2022-02-13,5200175,Agua Fria de Goias,GO,2022,7
1644105600000,202206,0.0,0,0,0,0.5,0.0,0,1,520017520220619589,2023-08-20,Água Fria de Goiás,0,0.0,5793,19.5714285714286,94.1018757142857,0,0,0,81.1187141428571,61.4136694285714,21.8537782857143,25.1428571428571,,,,,,0,2022-02-06,5200175,Agua Fria de Goias,GO,2022,6
1643500800000,202205,0.0,0,0,0,0.5,0.0,0,1,520017520220519589,2023-08-20,Água Fria de Goiás,0,0.0,5793,19.2857142857143,94.0717157142857,0,0,0,76.8378707142857,55.116085,22.8452382857143,27.4285714285714,,,,,,0,2022-01-30,5200175,Agua Fria de Goias,GO,2022,5
1642896000000,202204,0.0,0,0,0,0.5,0.0,0,1,520017520220419589,2023-08-20,Água Fria de Goiás,0,0.0,5793,19.2857142857143,88.4009338571429,0,0,0,68.8524324285714,42.3662232857143,23.329365,27.7142857142857,,,,,,0,2022-01-23,5200175,Agua Fria de Goias,GO,2022,4
1642291200000,202203,0.0,0,0,0,0.5,0.0,0,1,520017520220319589,2023-08-20,Água Fria de Goiás,0,0.0,5793,19.0,84.439927,0,0,0,60.8991127142857,38.1223407142857,24.0661762857143,28.8571428571429,,,,,,0,2022-01-16,5200175,Agua Fria de Goias,GO,2022,3
1641686400000,202202,0.0,0,0,0,0.5,0.0,0,1,520017520220219589,2023-08-20,Água Fria de Goiás,0,0.0,5793,18.2857142857143,95.7747814285714,0,0,0,81.8159628571428,62.0994928571429,21.529762,25.4285714285714,,,,,,0,2022-01-09,5200175,Agua Fria de Goias,GO,2022,2
1641081600000,202201,0.0,0,0,0,0.5,0.0,0,1,520017520220119589,2023-08-20,Água Fria de Goiás,0,0.0,5793,19.4285714285714,97.4365414285714,0,0,0,84.7637071428571,65.0754605714286,21.9415975714286,25.7142857142857,,,,,,0,2022-01-02,5200175,Agua Fria de Goias,GO,2022,1
1640476800000,202152,0.0,0,0,0,0.5,0.0,0,1,520017520215219589,2023-08-20,Água Fria de Goiás,0,0.0,5793,19.2857142857143,96.5631842857143,0,0,0,83.1031221428571,64.7107498571429,21.7639754285714,24.8571428571429,,,,,,0,2021-12-26,5200175,Agua Fria de Goias,GO,2021,52
1639872000000,202151,0.0,0,0,0,0.5,0.0,0,1,520017520215119589,2023-08-20,Água Fria de Goiás,0,0.0,5793,19.2857142857143,99.1455371428571,0,0,0,83.8618135714286,60.7938734285714,22.1863351428571,26.2857142857143,,,,,,0,2021-12-19,5200175,Agua Fria de Goias,GO,2021,51
1639267200000,202150,0.0,0,0,0,0.5,0.0,0,1,520017520215019589,2023-08-20,Água Fria de Goiás,0,0.0,5793,19.5714285714286,98.2847528571429,0,0,0,83.3876711428571,61.1714955714286,22.3749294285714,26.7142857142857,,,,,,0,2021-12-12,5200175,Agua Fria de Goias,GO,2021,50
1638662400000,202149,0.0,0,0,0,0.5,0.0,0,1,520017520214919589,2023-08-20,Água Fria de Goiás,0,0.0,5793,19.2857142857143,96.5631842857143,0,0,0,80.2377128571429,55.6742594285714,22.5274328571429,27.2857142857143,,,,,,0,2021-12-05,5200175,Agua Fria de Goias,GO,2021,49
1638057600000,202148,0.0,0,0,0,0.5,0.0,0,1,520017520214819589,2023-08-20,Água Fria de Goiás,0,0.0,5793,19.4285714285714,96.6515714285714,0,0,0,81.5217685714286,56.1278164285714,22.835686,27.1428571428571,,,,,,0,2021-11-28,5200175,Agua Fria de Goias,GO,2021,48
1637452800000,202147,0.0,0,0,0,0.5,0.0,0,1,520017520214719589,2023-08-20,Água Fria de Goiás,0,0.0,5793,19.1428571428571,95.8185,0,0,0,71.9879885714286,45.4034822857143,23.8032182857143,29.1428571428571,,,,,,0,2021-11-21,5200175,Agua Fria de Goias,GO,2021,47
1636848000000,202146,0.0,0,0,0,0.5,0.0,0,1,520017520214619589,2023-08-20,Água Fria de Goiás,0,0.0,5793,18.8571428571429,99.1392157142857,0,0,0,86.6335664285714,67.6370247142857,21.0626762857143,24.5714285714286,,,,,,0,2021-11-14,5200175,Agua Fria de Goias,GO,2021,46
1636243200000,202145,0.0,0,0,0,0.5,0.0,0,1,520017520214519589,2023-08-20,Água Fria de Goiás,0,0.0,5793,19.7142857142857,96.5695057142857,0,0,0,83.8560065714286,63.9031078571429,21.916996,25.7142857142857,,,,,,0,2021-11-07,5200175,Agua Fria de Goias,GO,2021,45
1635638400000,202144,0.0,0,0,0,0.5,0.0,0,1,520017520214419589,2023-08-20,Água Fria de Goiás,0,0.0,5793,19.1428571428571,94.9049228571429,0,0,0,79.0485935714286,57.034604,22.2845851428571,26.5714285714286,,,,,,0,2021-10-31,5200175,Agua Fria de Goias,GO,2021,44
1635033600000,202143,0.0,0,0,0,0.5,0.0,0,1,520017520214319589,2023-08-20,Água Fria de Goiás,0,0.0,5793,19.7142857142857,87.2303314285714,0,0,0,65.7627388571429,42.7663114285714,24.1959345714286,29.7142857142857,,,,,,0,2021-10-24,5200175,Agua Fria de Goias,GO,2021,43
1634428800000,202142,0.0,0,0,0,0.5,0.0,0,1,520017520214219589,2023-08-20,Água Fria de Goiás,0,0.0,5793,19.1428571428571,92.4420505714286,0,0,0,72.9548801428571,49.7485974285714,23.406469,28.4285714285714,,,,,,0,2021-10-17,5200175,Agua Fria de Goias,GO,2021,42
1633824000000,202141,0.0,0,0,0,0.5,0.0,0,1,520017520214119589,2023-08-20,Água Fria de Goiás,0,0.0,5793,19.5714285714286,93.2596742857143,0,0,0,73.6615957142857,49.1899128571429,23.391634,28.8571428571429,,,,,,0,2021-10-10,5200175,Agua Fria de Goias,GO,2021,41
1633219200000,202140,0.0,0,0,0,0.5,0.0,0,1,520017520214019589,2023-08-20,Água Fria de Goiás,0,0.0,5793,20.0,76.1088971428571,0,0,0,50.1387944285714,26.7316421428571,26.4464288571429,33.0,,,,,,0,2021-10-03,5200175,Agua Fria de Goias,GO,2021,40
1632614400000,202139,0.0,0,0,0,0.5,0.0,0,1,520017520213919589,2023-08-20,Água Fria de Goiás,0,0.0,5793,19.1428571428571,78.4010768571429,0,0,0,55.5234057142857,34.1598694285714,24.5157865714286,30.2857142857143,,,,,,0,2021-09-26,5200175,Agua Fria de Goias,GO,2021,39
1632009600000,202138,0.0,0,0,0,0.5,0.0,0,1,520017520213819589,2023-08-20,Água Fria de Goiás,0,0.0,5793,18.1428571428571,66.7016934285714,0,0,0,42.6825678571429,24.1409134285714,25.714286,33.0,,,,,,0,2021-09-19,5200175,Agua Fria de Goias,GO,2021,38
1631404800000,202137,0.0,0,0,0,0.5,0.0,0,1,520017520213719589,2023-08-20,Água Fria de Goiás,0,0.0,5793,16.1428571428571,59.2610882857143,0,0,0,34.514394,17.1883684285714,24.92029,32.1428571428571,,,,,,0,2021-09-12,5200175,Agua Fria de Goias,GO,2021,37
1630800000000,202136,0.0,0,0,0,0.5,0.0,0,1,520017520213619589,2023-08-20,Água Fria de Goiás,0,0.0,5793,16.5714285714286,64.8095248571429,0,0,0,37.2584027142857,17.8000632857143,25.5155277142857,33.4285714285714,,,,,,0,2021-09-05,5200175,Agua Fria de Goias,GO,2021,36
1630195200000,202135,0.0,0,0,0,0.5,0.0,0,1,520017520213519589,2023-08-20,Água Fria de Goiás,0,0.0,5793,15.7142857142857,73.0531564285714,0,0,0,49.6873562857143,28.6732232857143,22.1380345714286,28.7142857142857,,,,,,0,2021-08-29,5200175,Agua Fria de Goias,GO,2021,35
1629590400000,202134,0.0,0,0,0,0.5,0.0,0,1,520017520213419589,2023-08-20,Água Fria de Goiás,0,0.0,5793,14.2857142857143,71.4570802857143,0,0,0,44.6969774285714,24.613081,22.5527948571429,30.0,,,,,,0,2021-08-22,5200175,Agua Fria de Goias,GO,2021,34
1628985600000,202133,0.0,0,0,0,0.5,0.0,0,1,520017520213319589,2023-08-20,Água Fria de Goiás,0,0.0,5793,12.7142857142857,74.385162,0,0,0,46.1761064285714,26.1762268571429,20.7950314285714,27.8571428571429,,,,,,0,2021-08-15,5200175,Agua Fria de Goias,GO,2021,33
1628380800000,202132,0.0,0,0,0,0.5,0.0,0,1,520017520213219589,2023-08-20,Água Fria de Goiás,0,0.0,5793,12.1428571428571,79.8900945714286,0,0,0,50.8448611428571,27.7660268571429,20.2732914285714,27.5714285714286,,,,,,0,2021-08-08,5200175,Agua Fria de Goias,GO,2021,32
1627776000000,202131,0.0,0,0,0,0.5,0.0,0,1,520017520213119589,2023-08-20,Água Fria de Goiás,0,0.0,5793,13.5714285714286,76.406646,0,0,0,55.1886467142857,36.0426724285714,19.2289665714286,24.7142857142857,,,,,,0,2021-08-01,5200175,Agua Fria de Goias,GO,2021,31
1627171200000,202130,0.0,0,0,0,0.5,0.0,0,1,520017520213019589,2023-08-20,Água Fria de Goiás,0,0.0,5793,10.5714285714286,75.366805,0,0,0,49.8458544285714,31.1257135714286,18.7826088571429,26.7142857142857,,,,,,0,2021-07-25,5200175,Agua Fria de Goias,GO,2021,30
1626566400000,202129,0.0,0,0,0,0.5,0.0,0,1,520017520212919589,2023-08-20,Água Fria de Goiás,0,0.0,5793,12.7142857142857,74.9124467142857,0,0,0,51.354167,31.2764212857143,19.6708077142857,26.2857142857143,,,,,,0,2021-07-18,5200175,Agua Fria de Goias,GO,2021,29
1625961600000,202128,0.0,0,0,0,0.5,0.0,0,1,520017520212819589,2023-08-20,Água Fria de Goiás,0,0.0,5793,10.1428571428571,84.1847835714286,0,0,0,56.1268215714286,31.4361722857143,18.5222565714286,26.1428571428571,,,,,,0,2021-07-11,5200175,Agua Fria de Goias,GO,2021,28
1625356800000,202127,0.0,0,0,0,0.5,0.0,0,1,520017520212719589,2023-08-20,Água Fria de Goiás,0,0.0,5793,9.28571428571429,84.98449,0,0,0,55.942113,29.4734464285714,17.5155282857143,25.2857142857143,,,,,,0,2021-07-04,5200175,Agua Fria de Goias,GO,2021,27
1624752000000,202126,0.0,0,0,0,0.5,0.0,0,1,520017520212619589,2023-08-20,Água Fria de Goiás,0,0.0,5793,10.8571428571429,83.5715771428571,0,0,0,59.7952774285714,37.5027352857143,17.5344437142857,24.1428571428571,,,,,,0,2021-06-27,5200175,Agua Fria de Goias,GO,2021,26
1624147200000,202125,0.0,0,0,0,0.5,0.0,0,1,520017520212519589,2023-08-20,Água Fria de Goiás,0,0.0,5793,13.0,87.7259265714286,0,0,0,60.1422724285714,32.6517378571429,19.931112,26.8571428571429,,,,,,0,2021-06-20,5200175,Agua Fria de Goias,GO,2021,25
1623542400000,202124,0.0,0,0,0,0.5,0.0,0,1,520017520212419589,2023-08-20,Água Fria de Goiás,0,0.0,5793,14.2857142857143,86.6938714285714,0,0,0,64.0337278571428,43.005393,19.9184782857143,25.2857142857143,,,,,,0,2021-06-13,5200175,Agua Fria de Goias,GO,2021,24
1622937600000,202123,0.0,0,0,0,0.5,0.0,0,1,520017520212319589,2023-08-20,Água Fria de Goiás,0,0.0,5793,15.0,88.7808271428571,0,0,0,67.8732564285714,45.2684524285714,20.0833335714286,25.8571428571429,,,,,,0,2021-06-06,5200175,Agua Fria de Goias,GO,2021,23
1622332800000,202122,0.0,0,0,0,0.5,0.0,0,1,520017520212219589,2023-08-20,Água Fria de Goiás,0,0.0,5793,14.0,87.9087857142857,0,0,0,63.6846164285714,37.631327,20.5736282857143,27.2857142857143,,,,,,0,2021-05-30,5200175,Agua Fria de Goias,GO,2021,22
1621728000000,202121,0.0,0,0,0,0.5,0.0,0,1,520017520212119589,2023-08-20,Água Fria de Goiás,0,0.0,5793,16.7142857142857,92.2280257142857,0,0,0,67.7113187142857,42.8719665714286,22.375,28.4285714285714,,,,,,0,2021-05-23,5200175,Agua Fria de Goias,GO,2021,21
1621123200000,202120,0.0,0,0,0,0.5,0.0,0,1,520017520212019589,2023-08-20,Água Fria de Goiás,0,0.0,5793,13.0,91.2107414285714,0,0,0,62.314748,35.1850972857143,20.4761905714286,27.1428571428571,,,,,,0,2021-05-16,5200175,Agua Fria de Goias,GO,2021,20
1620518400000,202119,0.0,0,0,0,0.5,0.0,0,1,520017520211919589,2023-08-20,Água Fria de Goiás,0,0.0,5793,14.1428571428571,88.6733928571429,0,0,0,64.3450831428571,41.1646547142857,20.125,25.7142857142857,,,,,,0,2021-05-09,5200175,Agua Fria de Goias,GO,2021,19
1619913600000,202118,0.0,0,0,0,0.5,0.0,0,1,520017520211819589,2023-08-20,Água Fria de Goiás,0,0.0,5793,14.5714285714286,88.9441585714286,0,0,0,67.5060581428571,42.5059274285714,20.4880954285714,26.1428571428571,,,,,,0,2021-05-02,5200175,Agua Fria de Goias,GO,2021,18
1619308800000,202117,0.0,0,0,0,0.5,0.0,0,1,520017520211719589,2023-08-20,Água Fria de Goiás,0,0.0,5793,17.5714285714286,95.7048842857143,0,0,0,77.3551394285714,54.2797311428571,21.5520185714286,25.8571428571429,,,,,,0,2021-04-25,5200175,Agua Fria de Goias,GO,2021,17
1618704000000,202116,0.0,0,0,0,0.5,0.0,0,1,520017520211619589,2023-08-20,Água Fria de Goiás,0,0.0,5793,15.2857142857143,93.89014,0,0,0,73.4630407142857,50.37927,19.9399095714286,25.1428571428571,,,,,,0,2021-04-18,5200175,Agua Fria de Goias,GO,2021,16
1618099200000,202115,0.0,0,0,0,0.5,0.0,0,1,520017520211519589,2023-08-20,Água Fria de Goiás,0,0.0,5793,16.2857142857143,89.7070257142857,0,0,0,67.434619,43.7768872857143,21.7261905714286,27.2857142857143,,,,,,0,2021-04-11,5200175,Agua Fria de Goias,GO,2021,15
1617494400000,202114,0.0,0,0,0,0.5,0.0,0,1,520017520211419589,2023-08-20,Água Fria de Goiás,0,0.0,5793,18.2857142857143,94.8571971428571,0,0,0,79.5558544285714,59.3112671428571,21.1607142857143,25.2857142857143,,,,,,0,2021-04-04,5200175,Agua Fria de Goias,GO,2021,14
1616889600000,202113,0.0,0,0,0,0.5,0.0,0,1,520017520211319589,2023-08-20,Água Fria de Goiás,0,0.0,5793,17.7142857142857,89.8154948571429,0,0,0,64.6507262857143,40.2301368571429,23.504348,29.4285714285714,,,,,,0,2021-03-28,5200175,Agua Fria de Goias,GO,2021,13
1616284800000,202112,0.0,0,0,0,0.5,0.0,0,1,520017520211219589,2023-08-20,Água Fria de Goiás,0,0.0,5793,16.4285714285714,88.9287742857143,0,0,0,63.8930594285714,38.4806095714286,22.3869045714286,28.1428571428571,,,,,,0,2021-03-21,5200175,Agua Fria de Goias,GO,2021,12
1615680000000,202111,0.0,0,0,0,0.5,0.0,0,1,520017520211119589,2023-08-20,Água Fria de Goiás,0,0.0,5793,19.2857142857143,96.54408,0,0,0,81.2212574285714,61.589928,21.7251725714286,25.2857142857143,,,,,,0,2021-03-14,5200175,Agua Fria de Goias,GO,2021,11
1615075200000,202110,0.0,0,0,0,0.5,0.0,0,1,520017520211019589,2023-08-20,Água Fria de Goiás,0,0.0,5793,19.4285714285714,94.0377471428571,0,0,0,80.3793621428571,57.9639117142857,21.9704968571429,26.4285714285714,,,,,,0,2021-03-07,5200175,Agua Fria de Goias,GO,2021,10
1614470400000,202109,0.0,0,0,0,0.5,0.0,0,1,520017520210919589,2023-08-20,Água Fria de Goiás,0,0.0,5793,18.2857142857143,93.20218,0,0,0,76.8389297142857,60.481756,21.7889851428571,25.4285714285714,,,,,,0,2021-02-28,5200175,Agua Fria de Goias,GO,2021,9
1613865600000,202108,0.0,0,0,0,0.5,0.0,0,1,520017520210819589,2023-08-20,Água Fria de Goiás,0,0.0,5793,19.0,95.7024,0,0,0,85.4754722857143,68.6904364285714,21.0818558571429,24.8571428571429,,,,,,0,2021-02-21,5200175,Agua Fria de Goias,GO,2021,8
1613260800000,202107,0.0,0,0,0,0.5,0.0,0,1,520017520210719589,2023-08-20,Água Fria de Goiás,0,0.0,5793,19.8571428571429,97.43029,0,0,0,87.0259122857143,67.941441,21.5729814285714,25.7142857142857,,,,,,0,2021-02-14,5200175,Agua Fria de Goias,GO,2021,7
1612656000000,202106,0.0,0,0,0,0.5,0.0,0,1,520017520210619589,2023-08-20,Água Fria de Goiás,0,0.0,5793,18.8571428571429,95.7417291428571,0,0,0,84.8033824285714,67.4999421428571,21.139234,25.1428571428571,,,,,,0,2021-02-07,5200175,Agua Fria de Goias,GO,2021,6
1612051200000,202105,0.0,0,0,0,0.5,0.0,0,1,520017520210519589,2023-08-20,Água Fria de Goiás,0,0.0,5793,19.7142857142857,90.0852285714286,0,0,0,74.4659757142857,54.7082732857143,23.2533314285714,27.5714285714286,,,,,,0,2021-01-31,5200175,Agua Fria de Goias,GO,2021,5
1611446400000,202104,0.0,0,0,0,0.5,0.0,0,1,520017520210419589,2023-08-20,Água Fria de Goiás,0,0.0,5793,18.2857142857143,84.5731074285714,0,0,0,63.7151582857143,43.7780817142857,23.1924601428571,28.1428571428571,,,,,,0,2021-01-24,5200175,Agua Fria de Goias,GO,2021,4
1610841600000,202103,0.0,0,0,0,0.5,0.0,0,1,520017520210319589,2023-08-20,Água Fria de Goiás,0,0.0,5793,17.8571428571429,91.6025291428571,0,0,0,65.5975597142857,43.1606454285714,23.3387445714286,28.1428571428571,,,,,,0,2021-01-17,5200175,Agua Fria de Goias,GO,2021,3
1610236800000,202102,0.0,0,0,0,0.5,0.0,0,1,520017520210219589,2023-08-20,Água Fria de Goiás,0,0.0,5793,19.5714285714286,96.5695057142857,0,0,0,81.7848205714286,60.8395625714286,22.154729,26.5714285714286,,,,,,0,2021-01-10,5200175,Agua Fria de Goias,GO,2021,2
1609632000000,202101,0.0,0,0,0,0.5,0.0,0,1,520017520210119589,2023-08-20,Água Fria de Goiás,0,0.0,5793,19.1428571428571,91.5289014285714,0,0,0,73.1375412857143,47.3362918571429,23.405538,28.7142857142857,,,,,,0,2021-01-03,5200175,Agua Fria de Goias,GO,2021,1
1609027200000,202053,0.0,0,0,0,0.5,0.0,0,1,520017520205319589,2023-08-20,Água Fria de Goiás,0,0.0,5793,19.0,88.269605,0,0,0,70.346973,43.828385,22.625,29.0,,,,,,0,2020-12-27,5200175,Agua Fria de Goias,GO,2020,53
1608422400000,202052,0.0,0,0,0,0.5,0.0,0,1,520017520205219589,2023-08-20,Água Fria de Goiás,0,0.0,5793,19.08,89.18544416,0,0,0,,,,,,,,,,0,2020-12-20,5200175,Agua Fria de Goias,GO,2020,52
1607817600000,202051,0.0,0,0,0,0.5,0.0,0,1,520017520205119589,2023-08-20,Água Fria de Goiás,0,0.0,5793,19.16,90.10128332,0,0,0,,,,,,,,,,0,2020-12-13,5200175,Agua Fria de Goias,GO,2020,51
1607212800000,202050,0.0,0,0,0,0.5,0.0,0,1,520017520205019589,2023-08-20,Água Fria de Goiás,0,0.0,5793,19.24,91.01712248,0,0,0,,,,,,,,,,0,2020-12-06,5200175,Agua Fria de Goias,GO,2020,50
1606608000000,202049,0.0,0,0,0,0.5,0.0,0,1,520017520204919589,2023-08-20,Água Fria de Goiás,0,0.0,5793,19.32,91.93296164,0,0,0,,,,,,,,,,0,2020-11-29,5200175,Agua Fria de Goias,GO,2020,49
1606003200000,202048,0.0,0,0,0,0.5,0.0,0,1,520017520204819589,2023-08-20,Água Fria de Goiás,0,0.0,5793,19.4,92.8488008,0,0,0,76.536782,55.6382074,22.6426876,26.8,,,,,,0,2020-11-22,5200175,Agua Fria de Goias,GO,2020,48
1605398400000,202047,0.0,0,0,0,0.5,0.0,0,1,520017520204719589,2023-08-20,Água Fria de Goiás,0,0.0,5793,19.7142857142857,94.98075,0,0,0,78.051455,56.0577165714286,23.4233951428571,28.1428571428571,,,,,,0,2020-11-15,5200175,Agua Fria de Goias,GO,2020,47
1604793600000,202046,0.0,0,0,0,0.5,0.0,0,1,520017520204619589,2023-08-20,Água Fria de Goiás,0,0.0,5793,20.1666666666667,90.4472266666667,0,0,0,74.2262956666667,48.799564,23.8993466666667,29.1666666666667,,,,,,0,2020-11-08,5200175,Agua Fria de Goias,GO,2020,46
1604188800000,202045,0.0,0,0,0,0.5,0.0,0,1,520017520204519589,2023-08-20,Água Fria de Goiás,0,0.0,5793,19.2857142857143,94.8811542857143,0,0,0,76.4401137142857,49.5668171428571,23.0226568571429,28.4285714285714,,,,,,0,2020-11-01,5200175,Agua Fria de Goias,GO,2020,45
1603584000000,202044,0.0,0,0,0,0.5,0.0,0,1,520017520204419589,2023-08-20,Água Fria de Goiás,0,0.0,5793,20.5714285714286,93.2780757142857,0,0,0,78.1103414285714,56.511382,23.3482968571429,27.5714285714286,,,,,,0,2020-10-25,5200175,Agua Fria de Goias,GO,2020,44
1602979200000,202043,0.0,0,0,0,0.5,0.0,0,1,520017520204319589,2023-08-20,Água Fria de Goiás,0,0.0,5793,19.8571428571429,94.16264,0,0,0,80.1241831428571,61.2628961428571,22.5866742857143,26.5714285714286,,,,,,0,2020-10-18,5200175,Agua Fria de Goias,GO,2020,43
1602374400000,202042,0.0,0,0,0,0.5,0.0,0,1,520017520204219589,2023-08-20,Água Fria de Goiás,0,0.0,5793,20.0,86.1631828571429,0,0,0,64.3453175714286,39.6213817142857,24.7814791428571,30.7142857142857,,,,,,0,2020-10-11,5200175,Agua Fria de Goias,GO,2020,42
1601769600000,202041,0.0,0,0,0,0.5,0.0,0,1,520017520204119589,2023-08-20,Água Fria de Goiás,0,0.0,5793,20.1428571428571,62.5708698571429,0,0,0,36.8508507142857,17.996575,28.0147517142857,35.7142857142857,,,,,,0,2020-10-04,5200175,Agua Fria de Goias,GO,2020,41
1601164800000,202040,0.0,0,0,0,0.5,0.0,0,1,520017520204019589,2023-08-20,Água Fria de Goiás,0,0.0,5793,17.2857142857143,65.7091887142857,0,0,0,39.3952008571429,19.7423272857143,25.8045065714286,33.7142857142857,,,,,,0,2020-09-27,5200175,Agua Fria de Goias,GO,2020,40
1600560000000,202039,0.0,0,0,0,0.5,0.0,0,1,520017520203919589,2023-08-20,Água Fria de Goiás,0,0.0,5793,18.1428571428571,85.2838851428571,0,0,0,60.7414517142857,36.3818038571429,23.8338508571429,30.0,,,,,,0,2020-09-20,5200175,Agua Fria de Goias,GO,2020,39
1599955200000,202038,0.0,0,0,0,0.5,0.0,0,1,520017520203819589,2023-08-20,Água Fria de Goiás,0,0.0,5793,17.5714285714286,62.0121022857143,0,0,0,39.6025677142857,22.710204,24.7060042857143,31.1428571428571,,,,,,0,2020-09-13,5200175,Agua Fria de Goias,GO,2020,38
1599350400000,202037,0.0,0,0,0,0.5,0.0,0,1,520017520203719589,2023-08-20,Água Fria de Goiás,0,0.0,5793,14.5714285714286,72.0561828571429,0,0,0,42.6524082857143,21.5614704285714,23.5127751428571,31.2857142857143,,,,,,0,2020-09-06,5200175,Agua Fria de Goias,GO,2020,37
1598745600000,202036,0.0,0,0,0,0.5,0.0,0,1,520017520203619589,2023-08-20,Água Fria de Goiás,0,0.0,5793,14.7142857142857,71.5903858571429,0,0,0,45.7134751428571,25.652764,22.6461977142857,29.8571428571429,,,,,,0,2020-08-30,5200175,Agua Fria de Goias,GO,2020,36
1598140800000,202035,0.0,0,0,0,0.5,0.0,0,1,520017520203519589,2023-08-20,Água Fria de Goiás,0,0.0,5793,13.4285714285714,77.2957211428571,0,0,0,51.4758597142857,26.6237167142857,21.028468,28.8571428571429,,,,,,0,2020-08-23,5200175,Agua Fria de Goias,GO,2020,35
1597536000000,202034,0.0,0,0,0,0.5,0.0,0,1,520017520203419589,2023-08-20,Água Fria de Goiás,0,0.0,5793,16.1428571428571,81.0905214285714,0,0,0,53.2130517142857,31.3650547142857,23.8683888571429,30.7142857142857,,,,,,0,2020-08-16,5200175,Agua Fria de Goias,GO,2020,34
1596931200000,202033,0.0,0,0,0,0.5,0.0,0,1,520017520203319589,2023-08-20,Água Fria de Goiás,0,0.0,5793,14.0,80.6486957142857,0,0,0,53.8767831428571,30.1924594285714,21.3943391428571,28.4285714285714,,,,,,0,2020-08-09,5200175,Agua Fria de Goias,GO,2020,33
1596326400000,202032,0.0,0,0,0,0.5,0.0,0,1,520017520203219589,2023-08-20,Água Fria de Goiás,0,0.0,5793,13.2857142857143,77.6079342857143,0,0,0,57.4005497142857,37.3312118571429,18.6803834285714,24.4285714285714,,,,,,0,2020-08-02,5200175,Agua Fria de Goias,GO,2020,32
1595721600000,202031,0.0,0,0,0,0.5,0.0,0,1,520017520203119589,2023-08-20,Água Fria de Goiás,0,0.0,5793,13.5714285714286,85.3140458571429,0,0,0,57.982508,32.3109621428571,20.4030982857143,27.0,,,,,,0,2020-07-26,5200175,Agua Fria de Goias,GO,2020,31
1595116800000,202030,0.0,0,0,0,0.5,0.0,0,1,520017520203019589,2023-08-20,Água Fria de Goiás,0,0.0,5793,11.4285714285714,90.687838,0,0,0,60.0307062857143,35.8624102857143,19.3062768571429,26.1428571428571,,,,,,0,2020-07-19,5200175,Agua Fria de Goias,GO,2020,30
1594512000000,202029,0.0,0,0,0,0.5,0.0,0,1,520017520202919589,2023-08-20,Água Fria de Goiás,0,0.0,5793,11.4285714285714,85.074415,0,0,0,56.5115657142857,29.6686241428571,19.3206994285714,27.1428571428571,,,,,,0,2020-07-12,5200175,Agua Fria de Goias,GO,2020,29
1593907200000,202028,0.0,0,0,0,0.5,0.0,0,1,520017520202819589,2023-08-20,Água Fria de Goiás,0,0.0,5793,12.5714285714286,88.6165742857143,0,0,0,64.1549684285714,36.1689917142857,19.1090455714286,26.1428571428571,,,,,,0,2020-07-05,5200175,Agua Fria de Goias,GO,2020,28
1593302400000,202027,0.0,0,0,0,0.5,0.0,0,1,520017520202719589,2023-08-20,Água Fria de Goiás,0,0.0,5793,12.75,87.7548365,0,0,0,65.10611175,41.28447925,19.39533525,26.25,,,,,,0,2020-06-28,5200175,Agua Fria de Goias,GO,2020,27
1592697600000,202026,0.0,0,0,0,0.5,0.0,0,1,520017520202619589,2023-08-20,Água Fria de Goiás,0,0.0,5793,12.25,92.130341,0,0,0,69.42213875,42.09459375,18.24442575,26.5,,,,,,0,2020-06-21,5200175,Agua Fria de Goias,GO,2020,26
1592092800000,202025,0.0,0,0,0,0.5,0.0,0,1,520017520202519589,2023-08-20,Água Fria de Goiás,0,0.0,5793,16.0,86.82093,0,0,0,73.9081525,52.2088125,19.16789625,24.0,,,,,,0,2020-06-14,5200175,Agua Fria de Goias,GO,2020,25
1591488000000,202024,0.0,0,0,0,0.5,0.0,0,1,520017520202419589,2023-08-20,Água Fria de Goiás,0,0.0,5793,14.1666666666667,93.803185,0,0,0,69.6592866666667,40.215806,20.402778,27.3333333333333,,,,,,0,2020-06-07,5200175,Agua Fria de Goias,GO,2020,24
1590883200000,202023,0.0,0,0,0,0.5,0.0,0,1,520017520202319589,2023-08-20,Água Fria de Goiás,0,0.0,5793,13.8571428571429,93.724342,0,0,0,70.5141934285714,43.6918814285714,20.6309522857143,27.5714285714286,,,,,,0,2020-05-31,5200175,Agua Fria de Goias,GO,2020,23
1590278400000,202022,0.0,0,0,0,0.5,0.0,0,1,520017520202219589,2023-08-20,Água Fria de Goiás,0,0.0,5793,13.5714285714286,92.0528768571429,0,0,0,69.9062687142857,42.2619901428571,19.6904765714286,26.2857142857143,,,,,,0,2020-05-24,5200175,Agua Fria de Goias,GO,2020,22
1589673600000,202021,0.0,0,0,0,0.5,0.0,0,1,520017520202119589,2023-08-20,Água Fria de Goiás,0,0.0,5793,16.8571428571429,94.7384354285714,0,0,0,77.6645612857143,56.1353478571429,21.2797622857143,26.1428571428571,,,,,,0,2020-05-17,5200175,Agua Fria de Goias,GO,2020,21
1589068800000,202020,0.0,0,0,0,0.5,0.0,0,1,520017520202019589,2023-08-20,Água Fria de Goiás,0,0.0,5793,15.5714285714286,95.54601,0,0,0,77.5833255714286,54.4287637142857,20.295238,26.0,,,,,,0,2020-05-10,5200175,Agua Fria de Goias,GO,2020,20
1588464000000,202019,0.0,0,0,0,0.5,0.0,0,1,520017520201919589,2023-08-20,Água Fria de Goiás,0,0.0,5793,16.1428571428571,90.4847614285714,0,0,0,71.2979182857143,47.779535,21.1130954285714,26.4285714285714,,,,,,0,2020-05-03,5200175,Agua Fria de Goias,GO,2020,19
1587859200000,202018,0.0,0,0,0,0.5,0.0,0,1,520017520201819589,2023-08-20,Água Fria de Goiás,0,0.0,5793,15.2857142857143,93.7856005714286,0,0,0,70.0920012857143,44.7584124285714,21.1964285714286,27.0,,,,,,0,2020-04-26,5200175,Agua Fria de Goias,GO,2020,18
1587254400000,202017,0.0,0,0,0,0.5,0.0,0,1,520017520201719589,2023-08-20,Água Fria de Goiás,0,0.0,5793,19.8571428571429,94.9427114285714,0,0,0,84.919722,68.5638907142857,22.0238094285714,25.4285714285714,,,,,,0,2020-04-19,5200175,Agua Fria de Goias,GO,2020,17
1586649600000,202016,0.0,0,0,0,0.5,0.0,0,1,520017520201619589,2023-08-20,Água Fria de Goiás,0,0.0,5793,19.8571428571429,94.9302085714286,0,0,0,82.8242042857143,64.168793,22.5357142857143,26.2857142857143,,,,,,0,2020-04-12,5200175,Agua Fria de Goias,GO,2020,16
1586044800000,202015,0.0,0,0,0,0.5,0.0,0,1,520017520201519589,2023-08-20,Água Fria de Goiás,0,0.0,5793,20.7142857142857,94.9730985714286,0,0,0,78.1272734285714,52.911129,24.2083331428571,29.5714285714286,,,,,,0,2020-04-05,5200175,Agua Fria de Goias,GO,2020,15
1585440000000,202014,0.0,0,0,0,0.5,0.0,0,1,520017520201419589,2023-08-20,Água Fria de Goiás,0,0.0,5793,19.5714285714286,92.4085957142857,0,0,0,69.1127041428571,44.5349284285714,24.9285714285714,30.2857142857143,,,,,,0,2020-03-29,5200175,Agua Fria de Goias,GO,2020,14
1584835200000,202013,0.0,0,0,0,0.5,0.0,0,1,520017520201319589,2023-08-20,Água Fria de Goiás,0,0.0,5793,20.1428571428571,98.2973257142857,0,0,0,87.7532198571429,69.186956,22.1428571428571,26.2857142857143,,,,,,0,2020-03-22,5200175,Agua Fria de Goias,GO,2020,13
1584230400000,202012,0.0,0,0,0,0.5,0.0,0,1,520017520201219589,2023-08-20,Água Fria de Goiás,0,0.0,5793,19.7142857142857,90.8647865714286,0,0,0,77.6681498571429,58.973507,22.5995671428571,26.5714285714286,,,,,,0,2020-03-15,5200175,Agua Fria de Goias,GO,2020,12
1583625600000,202011,0.0,0,0,0,0.5,0.0,0,1,520017520201119589,2023-08-20,Água Fria de Goiás,0,0.0,5793,20.7142857142857,93.2664471428571,0,0,0,81.3387764285714,64.1798621428571,23.1352811428571,26.7142857142857,,,,,,0,2020-03-08,5200175,Agua Fria de Goias,GO,2020,11
1583020800000,202010,0.0,0,0,0,0.5,0.0,0,1,520017520201019589,2023-08-20,Água Fria de Goiás,0,0.0,5793,20.2857142857143,97.4428628571429,0,0,0,86.4160564285714,73.098703,22.297078,24.8571428571429,,,,,,0,2020-03-01,5200175,Agua Fria de Goias,GO,2020,10
1582416000000,202009,0.0,0,0,0,0.5,0.0,0,1,520017520200919589,2023-08-20,Água Fria de Goiás,0,0.0,5793,20.5714285714286,94.9481585714286,0,0,0,84.7401114285714,67.8492261428571,22.8566017142857,26.7142857142857,,,,,,0,2020-02-23,5200175,Agua Fria de Goias,GO,2020,9
1581811200000,202008,0.0,0,0,0,0.5,0.0,0,1,520017520200819589,2023-08-20,Água Fria de Goiás,0,0.0,5793,21.0,93.3246265714286,0,0,0,84.3276742857143,76.6478397142857,22.4025971428571,23.7142857142857,,,,,,0,2020-02-16,5200175,Agua Fria de Goias,GO,2020,8
1581206400000,202007,0.0,0,0,0,0.5,0.0,0,1,520017520200719589,2023-08-20,Água Fria de Goiás,0,0.0,5793,19.8571428571429,94.0811228571429,0,0,0,89.6373401428571,83.8569494285714,21.1142857142857,22.2857142857143,,,,,,0,2020-02-09,5200175,Agua Fria de Goias,GO,2020,7
1580601600000,202006,0.0,0,0,0,0.5,0.0,0,1,520017520200619589,2023-08-20,Água Fria de Goiás,0,0.0,5793,20.0,93.2598771428571,0,0,0,82.0111215714286,68.9063538571429,22.6011905714286,25.4285714285714,,,,,,0,2020-02-02,5200175,Agua Fria de Goias,GO,2020,6
1579996800000,202005,0.0,0,0,0,0.5,0.0,0,1,520017520200519589,2023-08-20,Água Fria de Goiás,0,0.0,5793,20.5714285714286,94.0694242857143,0,0,0,76.7092428571429,52.7331998571429,24.0952377142857,29.1428571428571,,,,,,0,2020-01-26,5200175,Agua Fria de Goias,GO,2020,5
1579392000000,202004,0.0,0,0,0,0.5,0.0,0,1,520017520200419589,2023-08-20,Água Fria de Goiás,0,0.0,5793,21.1428571428571,94.0437657142857,0,0,0,82.469923,64.8863707142857,23.4345237142857,27.1428571428571,,,,,,0,2020-01-19,5200175,Agua Fria de Goias,GO,2020,4
1578787200000,202003,0.0,0,0,0,0.5,0.0,0,1,520017520200319589,2023-08-20,Água Fria de Goiás,0,0.0,5793,20.8571428571429,84.6269542857143,0,0,0,61.9866042857143,40.339235,26.1309522857143,31.4285714285714,,,,,,0,2020-01-12,5200175,Agua Fria de Goias,GO,2020,3
1578182400000,202002,0.0,0,0,0,0.5,0.0,0,1,520017520200219589,2023-08-20,Água Fria de Goiás,0,0.0,5793,20.2857142857143,94.93646,0,0,0,81.0192821428572,61.600405,23.5523805714286,27.5714285714286,,,,,,0,2020-01-05,5200175,Agua Fria de Goias,GO,2020,2
1577577600000,202001,0.0,0,0,0,0.5,0.0,0,1,520017520200119589,2023-08-20,Água Fria de Goiás,0,0.0,5793,20.6666666666667,91.3808733333333,0,0,0,78.256815,58.8144246666667,22.9694443333333,27.0,,,,,,0,2019-12-29,5200175,Agua Fria de Goias,GO,2020,1
1576972800000,201952,0.0,0,0,0,0.5,0.0,0,1,520017520195219589,2023-08-20,Água Fria de Goiás,0,0.0,5793,20.2857142857143,88.5374357142857,0,0,0,81.7564242857143,70.7298128571429,21.8158728571429,24.0,,,,,,0,2019-12-22,5200175,Agua Fria de Goias,GO,2019,52
1576368000000,201951,0.0,0,0,0,0.5,0.0,0,1,520017520195119589,2023-08-20,Água Fria de Goiás,0,0.0,5793,20.1428571428571,85.4108108571428,0,0,0,76.6244357142857,66.7672311428571,22.1428571428571,24.8571428571429,,,,,,0,2019-12-15,5200175,Agua Fria de Goias,GO,2019,51
1575763200000,201950,0.0,0,0,0,0.5,0.0,0,1,520017520195019589,2023-08-20,Água Fria de Goiás,0,0.0,5793,20.5714285714286,94.9120657142857,0,0,0,89.4822734285714,82.46952,21.3210315714286,22.5714285714286,,,,,,0,2019-12-08,5200175,Agua Fria de Goias,GO,2019,50
1575158400000,201949,0.0,0,0,0,0.5,0.0,0,1,520017520194919589,2023-08-20,Água Fria de Goiás,0,0.0,5793,21.0,94.9301385714286,0,0,0,88.7458828571429,84.0757014285714,21.7571428571429,22.4285714285714,,,,,,0,2019-12-01,5200175,Agua Fria de Goias,GO,2019,49
1574553600000,201948,0.0,0,0,0,0.5,0.0,0,1,520017520194819589,2023-08-20,Água Fria de Goiás,0,0.0,5793,20.7142857142857,93.2093914285714,0,0,0,88.4090734285714,81.9633924285714,21.7,22.8571428571429,,,,,,0,2019-11-24,5200175,Agua Fria de Goias,GO,2019,48
1573948800000,201947,0.0,0,0,0,0.5,0.0,0,1,520017520194719589,2023-08-20,Água Fria de Goiás,0,0.0,5793,19.7142857142857,93.1467334285714,0,0,0,86.5033892857143,80.26802,20.6650792857143,21.7142857142857,,,,,,0,2019-11-17,5200175,Agua Fria de Goias,GO,2019,47
1573344000000,201946,0.0,0,0,0,0.5,0.0,0,1,520017520194619589,2023-08-20,Água Fria de Goiás,0,0.0,5793,21.5714285714286,74.6293081428571,0,0,0,64.6643605714286,51.9924652857143,23.8428571428571,26.7142857142857,,,,,,0,2019-11-10,5200175,Agua Fria de Goias,GO,2019,46
1572739200000,201945,0.0,0,0,0,0.5,0.0,0,1,520017520194519589,2023-08-20,Água Fria de Goiás,0,0.0,5793,20.8571428571429,88.4662028571429,0,0,0,77.605495,66.3822857142857,22.6428571428571,24.4285714285714,,,,,,0,2019-11-03,5200175,Agua Fria de Goias,GO,2019,45
1572134400000,201944,0.0,0,0,0,0.5,0.0,0,1,520017520194419589,2023-08-20,Água Fria de Goiás,0,0.0,5793,20.7142857142857,78.771418,0,0,0,68.55201,56.3240627142857,22.7467534285714,25.1428571428571,,,,,,0,2019-10-27,5200175,Agua Fria de Goias,GO,2019,44
1571529600000,201943,0.0,0,0,0,0.5,0.0,0,1,520017520194319589,2023-08-20,Água Fria de Goiás,0,0.0,5793,20.4285714285714,82.4392952857143,0,0,0,73.8886335714286,62.8859527142857,22.4883117142857,24.8571428571429,,,,,,0,2019-10-20,5200175,Agua Fria de Goias,GO,2019,43
1570924800000,201942,0.0,0,0,0,0.5,0.0,0,1,520017520194219589,2023-08-20,Água Fria de Goiás,0,0.0,5793,17.4285714285714,68.6735242857143,0,0,0,52.131513,35.6002271428571,21.5350648571429,26.4285714285714,,,,,,0,2019-10-13,5200175,Agua Fria de Goias,GO,2019,42
1570320000000,201941,0.0,0,0,0,0.5,0.0,0,1,520017520194119589,2023-08-20,Água Fria de Goiás,0,0.0,5793,20.7142857142857,83.9983814285714,0,0,0,72.5207528571429,55.0464801428571,22.6155842857143,25.2857142857143,,,,,,0,2019-10-06,5200175,Agua Fria de Goias,GO,2019,41
1569715200000,201940,0.0,0,0,0,0.5,0.0,0,1,520017520194019589,2023-08-20,Água Fria de Goiás,0,0.0,5793,19.4285714285714,77.5876118571429,0,0,0,63.4991004285714,48.9821551428571,22.52987,25.8571428571429,,,,,,0,2019-09-29,5200175,Agua Fria de Goias,GO,2019,40
1569110400000,201939,0.0,0,0,0,0.5,0.0,0,1,520017520193919589,2023-08-20,Água Fria de Goiás,0,0.0,5793,19.5714285714286,73.0459488571429,0,0,0,63.9959984285714,52.4830275714286,21.7844154285714,24.8571428571429,,,,,,0,2019-09-22,5200175,Agua Fria de Goias,GO,2019,39
1568505600000,201938,0.0,0,0,0,0.5,0.0,0,1,520017520193819589,2023-08-20,Água Fria de Goiás,0,0.0,5793,17.8571428571429,57.2333657142857,0,0,0,44.6969718571429,30.6542451428571,21.2285714285714,26.1428571428571,,,,,,0,2019-09-15,5200175,Agua Fria de Goias,GO,2019,38
1567900800000,201937,0.0,0,0,0,0.5,0.0,0,1,520017520193719589,2023-08-20,Água Fria de Goiás,0,0.0,5793,16.5714285714286,65.1175161428571,0,0,0,53.16735,36.7817517142857,20.0025974285714,25.2857142857143,,,,,,0,2019-09-08,5200175,Agua Fria de Goias,GO,2019,37
1567296000000,201936,0.0,0,0,0,0.5,0.0,0,1,520017520193619589,2023-08-20,Água Fria de Goiás,0,0.0,5793,16.7142857142857,66.1342802857143,0,0,0,51.5059137142857,34.5350757142857,20.151948,25.1428571428571,,,,,,0,2019-09-01,5200175,Agua Fria de Goias,GO,2019,36
1566691200000,201935,0.0,0,0,0,0.5,0.0,0,1,520017520193519589,2023-08-20,Água Fria de Goiás,0,0.0,5793,16.4285714285714,70.4861752857143,0,0,0,57.7209194285714,43.5347438571429,19.3766231428571,23.1428571428571,,,,,,0,2019-08-25,5200175,Agua Fria de Goias,GO,2019,35
1566086400000,201934,0.0,0,0,0,0.5,0.0,0,1,520017520193419589,2023-08-20,Água Fria de Goiás,0,0.0,5793,16.8571428571429,68.579201,0,0,0,54.4558552857143,38.3258545714286,19.9220777142857,24.2857142857143,,,,,,0,2019-08-18,5200175,Agua Fria de Goias,GO,2019,34
1565481600000,201933,0.0,0,0,0,0.5,0.0,0,1,520017520193319589,2023-08-20,Água Fria de Goiás,0,0.0,5793,15.1428571428571,73.8403124285714,0,0,0,59.9574537142857,45.6748382857143,18.2337664285714,22.0,,,,,,0,2019-08-11,5200175,Agua Fria de Goias,GO,2019,33
1564876800000,201932,0.0,0,0,0,0.5,0.0,0,1,520017520193219589,2023-08-20,Água Fria de Goiás,0,0.0,5793,14.7142857142857,85.57731,0,0,0,72.8886507142857,53.880869,17.3116881428571,21.1428571428571,,,,,,0,2019-08-04,5200175,Agua Fria de Goias,GO,2019,32
1564272000000,201931,0.0,0,0,0,0.5,0.0,0,1,520017520193119589,2023-08-20,Água Fria de Goiás,0,0.0,5793,13.7142857142857,79.92182,0,0,0,65.355831,47.1138647142857,17.0259741428571,21.7142857142857,,,,,,0,2019-07-28,5200175,Agua Fria de Goias,GO,2019,31
1563667200000,201930,0.0,0,0,0,0.5,0.0,0,1,520017520193019589,2023-08-20,Água Fria de Goiás,0,0.0,5793,13.4285714285714,83.0919731428571,0,0,0,73.9442892857143,60.1033567142857,16.0259738571429,19.2857142857143,,,,,,0,2019-07-21,5200175,Agua Fria de Goias,GO,2019,30
1563062400000,201929,0.0,0,0,0,0.5,0.0,0,1,520017520192919589,2023-08-20,Água Fria de Goiás,0,0.0,5793,13.2857142857143,78.3096692857143,0,0,0,67.1946792857143,52.8261578571429,16.2597402857143,20.2857142857143,,,,,,0,2019-07-14,5200175,Agua Fria de Goias,GO,2019,29
1562457600000,201928,0.0,0,0,0,0.5,0.0,0,1,520017520192819589,2023-08-20,Água Fria de Goiás,0,0.0,5793,11.0,84.3199878571429,0,0,0,70.8505108571429,55.5645845714286,14.2077921428571,18.5714285714286,,,,,,0,2019-07-07,5200175,Agua Fria de Goias,GO,2019,28
1561852800000,201927,0.0,0,0,0,0.5,0.0,0,1,520017520192719589,2023-08-20,Água Fria de Goiás,0,0.0,5793,13.4285714285714,87.0082451428571,0,0,0,78.1196452857143,62.3600285714286,16.1181817142857,20.1428571428571,,,,,,0,2019-06-30,5200175,Agua Fria de Goias,GO,2019,27
1561248000000,201926,0.0,0,0,0,0.5,0.0,0,1,520017520192619589,2023-08-20,Água Fria de Goiás,0,0.0,5793,13.8571428571429,86.2513228571429,0,0,0,74.8542935714286,58.2690801428571,16.6363635714286,20.7142857142857,,,,,,0,2019-06-23,5200175,Agua Fria de Goias,GO,2019,26
1560643200000,201925,0.0,0,0,0,0.5,0.0,0,1,520017520192519589,2023-08-20,Água Fria de Goiás,0,0.0,5793,13.4285714285714,87.9628457142857,0,0,0,77.3012927142857,62.9884997142857,16.1168832857143,20.0,,,,,,0,2019-06-16,5200175,Agua Fria de Goias,GO,2019,25
1560038400000,201924,0.0,0,0,0,0.5,0.0,0,1,520017520192419589,2023-08-20,Água Fria de Goiás,0,0.0,5793,14.7142857142857,88.9108057142857,0,0,0,76.6860707142857,64.6974814285714,17.83171,20.8571428571429,,,,,,0,2019-06-09,5200175,Agua Fria de Goias,GO,2019,24
1559433600000,201923,0.0,0,0,0,0.5,0.0,0,1,520017520192319589,2023-08-20,Água Fria de Goiás,0,0.0,5793,15.7142857142857,89.61977,0,0,0,79.4126234285714,69.5694294285714,18.4935071428571,21.5714285714286,,,,,,0,2019-06-02,5200175,Agua Fria de Goias,GO,2019,23
1558828800000,201922,0.0,0,0,0,0.5,0.0,0,1,520017520192219589,2023-08-20,Água Fria de Goiás,0,0.0,5793,16.4285714285714,92.1806434285714,0,0,0,83.0533162857143,69.060529,18.766234,22.2857142857143,,,,,,0,2019-05-26,5200175,Agua Fria de Goias,GO,2019,22
1558224000000,201921,0.0,0,0,0,0.5,0.0,0,1,520017520192119589,2023-08-20,Água Fria de Goiás,0,0.0,5793,16.0,93.8726014285714,0,0,0,84.029065,69.5596885714286,18.496104,22.2857142857143,,,,,,0,2019-05-19,5200175,Agua Fria de Goias,GO,2019,21
1557619200000,201920,0.0,0,0,0,0.5,0.0,0,1,520017520192019589,2023-08-20,Água Fria de Goiás,0,0.0,5793,17.7142857142857,93.9574691428571,0,0,0,86.6759622857143,77.0606534285714,19.4727274285714,21.7142857142857,,,,,,0,2019-05-12,5200175,Agua Fria de Goias,GO,2019,20
1557014400000,201919,0.0,0,0,0,0.5,0.0,0,1,520017520191919589,2023-08-20,Água Fria de Goiás,0,0.0,5793,18.5714285714286,94.8097285714286,0,0,0,84.4866135714286,71.0238592857143,20.9334417142857,24.0,,,,,,0,2019-05-05,5200175,Agua Fria de Goias,GO,2019,19
1556409600000,201918,0.0,0,0,0,0.5,0.0,0,1,520017520191819589,2023-08-20,Água Fria de Goiás,0,0.0,5793,19.5714285714286,94.8872657142857,0,0,0,89.233367,78.6254758571429,20.8285717142857,23.1428571428571,,,,,,0,2019-04-28,5200175,Agua Fria de Goias,GO,2019,18
1555804800000,201917,0.0,0,0,0,0.5,0.0,0,1,520017520191719589,2023-08-20,Água Fria de Goiás,0,0.0,5793,18.4285714285714,95.7106234285714,0,0,0,88.5482148571429,81.288248,20.3966031428571,22.7142857142857,,,,,,0,2019-04-21,5200175,Agua Fria de Goias,GO,2019,17
1555200000000,201916,0.0,0,0,0,0.5,0.0,0,1,520017520191619589,2023-08-20,Água Fria de Goiás,0,0.0,5793,19.5714285714286,96.5757571428571,0,0,0,91.0609585714286,82.6224417142857,21.0499498571429,22.8571428571429,,,,,,0,2019-04-14,5200175,Agua Fria de Goias,GO,2019,16
1554595200000,201915,0.0,0,0,0,0.5,0.0,0,1,520017520191519589,2023-08-20,Água Fria de Goiás,0,0.0,5793,19.7142857142857,98.2973257142857,0,0,0,92.1561428571429,84.2214247142857,20.8005414285714,22.4285714285714,,,,,,0,2019-04-07,5200175,Agua Fria de Goias,GO,2019,15
1553990400000,201914,0.0,0,0,0,0.5,0.0,0,1,520017520191419589,2023-08-20,Água Fria de Goiás,0,0.0,5793,19.2857142857143,92.368972,0,0,0,86.1333492857143,75.171833,20.9000002857143,23.1428571428571,,,,,,0,2019-03-31,5200175,Agua Fria de Goias,GO,2019,14
1553385600000,201913,0.0,0,0,0,0.5,0.0,0,1,520017520191319589,2023-08-20,Água Fria de Goiás,0,0.0,5793,19.8571428571429,95.6895477142857,0,0,0,90.6411265714286,85.54249,20.6363637142857,22.0,,,,,,0,2019-03-24,5200175,Agua Fria de Goias,GO,2019,13
1552780800000,201912,0.0,0,0,0,0.5,0.0,0,1,520017520191219589,2023-08-20,Água Fria de Goiás,0,0.0,5793,19.5714285714286,96.5694357142857,0,0,0,90.6354621428571,83.27312,20.6064934285714,22.1428571428571,,,,,,0,2019-03-17,5200175,Agua Fria de Goias,GO,2019,12
1552176000000,201911,0.0,0,0,0,0.5,0.0,0,1,520017520191119589,2023-08-20,Água Fria de Goiás,0,0.0,5793,20.1428571428571,89.9537328571429,0,0,0,84.7204107142857,75.8468071428571,21.2727271428571,23.2857142857143,,,,,,0,2019-03-10,5200175,Agua Fria de Goias,GO,2019,11
1551571200000,201910,0.0,0,0,0,0.5,0.0,0,1,520017520191019589,2023-08-20,Água Fria de Goiás,0,0.0,5793,18.1428571428571,97.4111857142857,0,0,0,91.5836028571428,86.1104091428572,19.6636362857143,20.7142857142857,,,,,,0,2019-03-03,5200175,Agua Fria de Goias,GO,2019,10
1550966400000,201909,0.0,0,0,0,0.5,0.0,0,1,520017520190919589,2023-08-20,Água Fria de Goiás,0,0.0,5793,19.7142857142857,94.8479371428571,0,0,0,88.1935692857143,80.3762864285714,21.051948,22.4285714285714,,,,,,0,2019-02-24,5200175,Agua Fria de Goias,GO,2019,9
1550361600000,201908,0.0,0,0,0,0.5,0.0,0,1,520017520190819589,2023-08-20,Água Fria de Goiás,0,0.0,5793,19.4285714285714,93.9681185714286,0,0,0,88.9575744285714,81.75066,20.4155845714286,21.5714285714286,,,,,,0,2019-02-17,5200175,Agua Fria de Goias,GO,2019,8
1549756800000,201907,0.0,0,0,0,0.5,0.0,0,1,520017520190719589,2023-08-20,Água Fria de Goiás,0,0.0,5793,19.7142857142857,92.4445057142857,0,0,0,86.3459728571429,79.1729835714286,21.1714285714286,22.7142857142857,,,,,,0,2019-02-10,5200175,Agua Fria de Goias,GO,2019,7
1549152000000,201906,0.0,0,0,0,0.5,0.0,0,1,520017520190619589,2023-08-20,Água Fria de Goiás,0,0.0,5793,19.7142857142857,94.2076642857143,0,0,0,79.4637761428571,61.1307278571429,22.5376981428571,27.4285714285714,,,,,,0,2019-02-03,5200175,Agua Fria de Goias,GO,2019,6
1548547200000,201905,0.0,0,0,0,0.5,0.0,0,1,520017520190519589,2023-08-20,Água Fria de Goiás,0,0.0,5793,18.1428571428571,84.3868708571429,0,0,0,59.4086522857143,35.8593115714286,24.2380954285714,29.8571428571429,,,,,,0,2019-01-27,5200175,Agua Fria de Goias,GO,2019,5
1547942400000,201904,0.0,0,0,0,0.5,0.0,0,1,520017520190419589,2023-08-20,Água Fria de Goiás,0,0.0,5793,19.7142857142857,83.0639728571429,0,0,0,60.1835437142857,38.3832544285714,25.0297617142857,30.5714285714286,,,,,,0,2019-01-20,5200175,Agua Fria de Goias,GO,2019,4
1547337600000,201903,0.0,0,0,0,0.5,0.0,0,1,520017520190319589,2023-08-20,Água Fria de Goiás,0,0.0,5793,18.8571428571429,87.4907005714286,0,0,0,68.945513,50.693095,23.3809522857143,28.1428571428571,,,,,,0,2019-01-13,5200175,Agua Fria de Goias,GO,2019,3
1546732800000,201902,0.0,0,0,0,0.5,0.0,0,1,520017520190219589,2023-08-20,Água Fria de Goiás,0,0.0,5793,18.5714285714286,91.609522,0,0,0,80.7433237142857,69.307483,20.4428571428571,22.4285714285714,,,,,,0,2019-01-06,5200175,Agua Fria de Goias,GO,2019,2
1546128000000,201901,0.0,0,0,0,0.5,0.0,0,1,520017520190119589,2023-08-20,Água Fria de Goiás,0,0.0,5793,19.1428571428571,92.4099651428571,0,0,0,83.8881727142857,73.7355725714286,20.6857142857143,22.7142857142857,,,,,,0,2018-12-30,5200175,Agua Fria de Goias,GO,2019,1
1545523200000,201852,0.0,0,0,0,0.5,0.0,0,1,520017520185219589,2023-08-20,Água Fria de Goiás,0,0.0,5793,19.0,94.0550488,0,0,0,84.4303552,67.689914,21.4538888,24.4,,,,,,0,2018-12-23,5200175,Agua Fria de Goias,GO,2018,52
1544918400000,201851,0.0,0,0,0,0.5,0.0,0,1,520017520185119589,2023-08-20,Água Fria de Goiás,0,0.0,5793,19.2380952380952,94.3304172952381,0,0,0,,,,,,,,,,0,2018-12-16,5200175,Agua Fria de Goias,GO,2018,51
1544313600000,201850,0.0,0,0,0,0.5,0.0,0,1,520017520185019589,2023-08-20,Água Fria de Goiás,0,0.0,5793,19.4761904761905,94.6057857904762,0,0,0,,,,,,,,,,0,2018-12-09,5200175,Agua Fria de Goias,GO,2018,50
1543708800000,201849,0.0,0,0,0,0.5,0.0,0,1,520017520184919589,2023-08-20,Água Fria de Goiás,0,0.0,5793,19.7142857142857,94.8811542857143,0,0,0,89.3434171428571,80.9390635714286,20.6674601428571,22.5714285714286,,,,,,0,2018-12-02,5200175,Agua Fria de Goias,GO,2018,49
1543104000000,201848,0.0,0,0,0,0.5,0.0,0,1,520017520184819589,2023-08-20,Água Fria de Goiás,0,0.0,5793,18.5714285714286,92.3061191428571,0,0,0,86.2330228571429,77.6836178571428,19.9178571428571,21.8571428571429,,,,,,0,2018-11-25,5200175,Agua Fria de Goias,GO,2018,48
1542499200000,201847,0.0,0,0,0,0.5,0.0,0,1,520017520184719589,2023-08-20,Água Fria de Goiás,0,0.0,5793,19.0,94.88671,0,0,0,88.9910134285714,79.793325,20.3813491428571,22.4285714285714,,,,,,0,2018-11-18,5200175,Agua Fria de Goias,GO,2018,47
1541894400000,201846,0.0,0,0,0,0.5,0.0,0,1,520017520184619589,2023-08-20,Água Fria de Goiás,0,0.0,5793,18.8571428571429,97.4238985714286,0,0,0,91.2821378571429,81.5304237142857,20.1821424285714,22.2857142857143,,,,,,0,2018-11-11,5200175,Agua Fria de Goias,GO,2018,46
1541289600000,201845,0.0,0,0,0,0.5,0.0,0,1,520017520184519589,2023-08-20,Água Fria de Goiás,0,0.0,5793,19.1428571428571,96.5504714285714,0,0,0,90.7268385714286,82.5312428571429,19.904762,21.2857142857143,,,,,,0,2018-11-04,5200175,Agua Fria de Goias,GO,2018,45
1540684800000,201844,0.0,0,0,0,0.5,0.0,0,1,520017520184419589,2023-08-20,Água Fria de Goiás,0,0.0,5793,19.7142857142857,91.5414748571429,0,0,0,84.7162965714286,73.9152668571429,21.0162337142857,23.1428571428571,,,,,,0,2018-10-28,5200175,Agua Fria de Goias,GO,2018,44
1540080000000,201843,0.0,0,0,0,0.5,0.0,0,1,520017520184319589,2023-08-20,Água Fria de Goiás,0,0.0,5793,19.1428571428571,96.6209914285714,0,0,0,89.3454042857143,79.030422,20.5091991428571,22.7142857142857,,,,,,0,2018-10-21,5200175,Agua Fria de Goias,GO,2018,43
1539475200000,201842,0.0,0,0,0,0.5,0.0,0,1,520017520184219589,2023-08-20,Água Fria de Goiás,0,0.0,5793,18.0,100.0,0,0,0,89.99922,80.951455,20.068182,22.0,,,,,,0,2018-10-14,5200175,Agua Fria de Goias,GO,2018,42
1538870400000,201841,0.0,0,0,0,0.5,0.0,0,1,520017520184119589,2023-08-20,Água Fria de Goiás,0,0.0,5793,18.0,96.27173625,0,0,0,,,,,,,,,,0,2018-10-07,5200175,Agua Fria de Goias,GO,2018,41
1538265600000,201840,0.0,0,0,0,0.5,0.0,0,1,520017520184019589,2023-08-20,Água Fria de Goiás,0,0.0,5793,18.0,92.5434725,0,0,0,81.64804125,69.39496,19.977273,22.0,,,,,,0,2018-09-30,5200175,Agua Fria de Goias,GO,2018,40
1537660800000,201839,0.0,0,0,0,0.5,0.0,0,1,520017520183919589,2023-08-20,Água Fria de Goiás,0,0.0,5793,15.1428571428571,92.1393,0,0,0,75.6999955714286,51.677306,18.7716451428571,23.4285714285714,,,,,,0,2018-09-23,5200175,Agua Fria de Goias,GO,2018,39
1537056000000,201838,0.0,0,0,0,0.5,0.0,0,1,520017520183819589,2023-08-20,Água Fria de Goiás,0,0.0,5793,15.8571428571429,99.1328242857143,0,0,0,90.2123874285714,73.5056512857143,18.3245671428571,21.8571428571429,,,,,,0,2018-09-16,5200175,Agua Fria de Goias,GO,2018,38
1536451200000,201837,0.0,0,0,0,0.5,0.0,0,1,520017520183719589,2023-08-20,Água Fria de Goiás,0,0.0,5793,12.8571428571429,82.8850302857143,0,0,0,65.2829797142857,44.3758081428571,16.6715364285714,21.5714285714286,,,,,,0,2018-09-09,5200175,Agua Fria de Goias,GO,2018,37
1535846400000,201836,0.0,0,0,0,0.5,0.0,0,1,520017520183619589,2023-08-20,Água Fria de Goiás,0,0.0,5793,13.0,85.4367364285714,0,0,0,67.8282804285714,48.7459614285714,17.1336582857143,22.0,,,,,,0,2018-09-02,5200175,Agua Fria de Goias,GO,2018,36
1535241600000,201835,0.0,0,0,0,0.5,0.0,0,1,520017520183519589,2023-08-20,Água Fria de Goiás,0,0.0,5793,14.0,84.0712191428571,0,0,0,65.5264721428571,49.2310167142857,17.4128788571429,21.4285714285714,,,,,,0,2018-08-26,5200175,Agua Fria de Goias,GO,2018,35
1534636800000,201834,0.0,0,0,0,0.5,0.0,0,1,520017520183419589,2023-08-20,Água Fria de Goiás,0,0.0,5793,12.8571428571429,85.2993865714286,0,0,0,70.9141297142857,55.3196785714286,16.1650432857143,19.8571428571429,,,,,,0,2018-08-19,5200175,Agua Fria de Goias,GO,2018,34
1534032000000,201833,0.0,0,0,0,0.5,0.0,0,1,520017520183319589,2023-08-20,Água Fria de Goiás,0,0.0,5793,12.2857142857143,85.5404807142857,0,0,0,66.3062278571429,43.2940031428571,16.411008,22.1428571428571,,,,,,0,2018-08-12,5200175,Agua Fria de Goias,GO,2018,33
1533427200000,201832,0.0,0,0,0,0.5,0.0,0,1,520017520183219589,2023-08-20,Água Fria de Goiás,0,0.0,5793,14.1428571428571,89.5315942857143,0,0,0,60.9638951428571,29.1533562857143,21.0119048571429,28.7142857142857,,,,,,0,2018-08-05,5200175,Agua Fria de Goias,GO,2018,32
1532822400000,201831,0.0,0,0,0,0.5,0.0,0,1,520017520183119589,2023-08-20,Água Fria de Goiás,0,0.0,5793,11.0,87.6890871428571,0,0,0,54.618591,21.6808644285714,19.5238094285714,28.4285714285714,,,,,,0,2018-07-29,5200175,Agua Fria de Goias,GO,2018,31
1532217600000,201830,0.0,0,0,0,0.5,0.0,0,1,520017520183019589,2023-08-20,Água Fria de Goiás,0,0.0,5793,9.28571428571429,88.3618034285714,0,0,0,57.3098288571429,26.7521431428571,17.0059525714286,25.1428571428571,,,,,,0,2018-07-22,5200175,Agua Fria de Goias,GO,2018,30
1531612800000,201829,0.0,0,0,0,0.5,0.0,0,1,520017520182919589,2023-08-20,Água Fria de Goiás,0,0.0,5793,10.5714285714286,89.2166221428571,0,0,0,65.9835537142857,40.7287048571429,16.2938312857143,22.7142857142857,,,,,,0,2018-07-15,5200175,Agua Fria de Goias,GO,2018,29
1531008000000,201828,0.0,0,0,0,0.5,0.0,0,1,520017520182819589,2023-08-20,Água Fria de Goiás,0,0.0,5793,11.1428571428571,90.231216,0,0,0,79.2669381428571,61.4436665714286,14.1899351428571,18.5714285714286,,,,,,0,2018-07-08,5200175,Agua Fria de Goias,GO,2018,28
1530403200000,201827,0.0,0,0,0,0.5,0.0,0,1,520017520182719589,2023-08-20,Água Fria de Goiás,0,0.0,5793,8.71428571428571,92.5800475714286,0,0,0,78.7596252857143,61.146714,12.4994588571429,17.0,,,,,,0,2018-07-01,5200175,Agua Fria de Goias,GO,2018,27
1529798400000,201826,0.0,0,0,0,0.5,0.0,0,1,520017520182619589,2023-08-20,Água Fria de Goiás,0,0.0,5793,9.57142857142857,90.122995,0,0,0,78.8331087142857,61.8806012857143,12.6138528571429,17.0,,,,,,0,2018-06-24,5200175,Agua Fria de Goias,GO,2018,26
1529193600000,201825,0.0,0,0,0,0.5,0.0,0,1,520017520182519589,2023-08-20,Água Fria de Goiás,0,0.0,5793,10.8571428571429,91.0082948571429,0,0,0,78.8835492857143,59.9280891428571,13.9464284285714,18.2857142857143,,,,,,0,2018-06-17,5200175,Agua Fria de Goias,GO,2018,25
1528588800000,201824,0.0,0,0,0,0.5,0.0,0,1,520017520182419589,2023-08-20,Água Fria de Goiás,0,0.0,5793,12.0,95.4712491428571,0,0,0,83.2826702857143,66.0816021428571,15.0308444285714,19.1428571428571,,,,,,0,2018-06-10,5200175,Agua Fria de Goias,GO,2018,24
1527984000000,201823,0.0,0,0,0,0.5,0.0,0,1,520017520182319589,2023-08-20,Água Fria de Goiás,0,0.0,5793,12.2857142857143,92.8212042857143,0,0,0,83.6093564285714,68.7794932857143,15.2126624285714,19.1428571428571,,,,,,0,2018-06-03,5200175,Agua Fria de Goias,GO,2018,23
1527379200000,201822,0.0,0,0,0,0.5,0.0,0,1,520017520182219589,2023-08-20,Água Fria de Goiás,0,0.0,5793,10.8571428571429,93.6589785714286,0,0,0,83.2202651428571,69.8190568571429,13.9925324285714,17.5714285714286,,,,,,0,2018-05-27,5200175,Agua Fria de Goias,GO,2018,22
1526774400000,201821,0.0,0,0,0,0.5,0.0,0,1,520017520182119589,2023-08-20,Água Fria de Goiás,0,0.0,5793,12.8571428571429,94.6691857142857,0,0,0,84.9002027142857,69.2745392857143,15.5243505714286,19.5714285714286,,,,,,0,2018-05-20,5200175,Agua Fria de Goias,GO,2018,21
1526169600000,201820,0.0,0,0,0,0.5,0.0,0,1,520017520182019589,2023-08-20,Água Fria de Goiás,0,0.0,5793,12.4285714285714,94.6910357142857,0,0,0,69.71466,36.3938718571429,19.2023811428571,26.7142857142857,,,,,,0,2018-05-13,5200175,Agua Fria de Goias,GO,2018,20
1525564800000,201819,0.0,0,0,0,0.5,0.0,0,1,520017520181919589,2023-08-20,Água Fria de Goiás,0,0.0,5793,12.7142857142857,94.6480642857143,0,0,0,67.552808,37.4296558571429,19.4226188571429,26.0,,,,,,0,2018-05-06,5200175,Agua Fria de Goias,GO,2018,19
1524960000000,201818,0.0,0,0,0,0.5,0.0,0,1,520017520181819589,2023-08-20,Água Fria de Goiás,0,0.0,5793,14.8571428571429,89.8055657142857,0,0,0,67.5512401428571,38.6471891428571,20.4583337142857,27.0,,,,,,0,2018-04-29,5200175,Agua Fria de Goias,GO,2018,18
1524355200000,201817,0.0,0,0,0,0.5,0.0,0,1,520017520181719589,2023-08-20,Água Fria de Goiás,0,0.0,5793,15.5714285714286,93.0111654285714,0,0,0,74.7060045714286,46.9750641428571,20.3333334285714,26.4285714285714,,,,,,0,2018-04-22,5200175,Agua Fria de Goias,GO,2018,17
1523750400000,201816,0.0,0,0,0,0.5,0.0,0,1,520017520181619589,2023-08-20,Água Fria de Goiás,0,0.0,5793,15.7142857142857,93.0175534285714,0,0,0,83.5250631428571,69.9775341428571,18.6961041428571,21.8571428571429,,,,,,0,2018-04-15,5200175,Agua Fria de Goias,GO,2018,16
1522800000000,201815,0.0,0,0,0,0.5,0.0,0,1,520017520181519589,2023-08-20,Água Fria de Goiás,0,0.0,5793,17.1428571428571,94.757966,0,0,0,88.9460402857143,82.464787,18.3544371428571,19.8571428571429,,,,,,0,2018-04-04,5200175,Agua Fria de Goias,GO,2018,15
1522540800000,201814,0.0,0,0,0,0.5,0.0,0,1,520017520181419589,2023-08-20,Água Fria de Goiás,0,0.0,5793,18.1428571428571,94.0413757142857,0,0,0,86.8595385714286,76.5665478571429,19.7884197142857,21.8571428571429,,,,,,0,2018-04-01,5200175,Agua Fria de Goias,GO,2018,14
1521936000000,201813,0.0,0,0,0,0.5,0.0,0,1,520017520181319589,2023-08-20,Água Fria de Goiás,0,0.0,5793,17.5714285714286,90.8387157142857,0,0,0,80.9323821428572,71.2884814285714,19.5604977142857,22.0,,,,,,0,2018-03-25,5200175,Agua Fria de Goias,GO,2018,13
1521331200000,201812,0.0,0,0,0,0.5,0.0,0,1,520017520181219589,2023-08-20,Água Fria de Goiás,0,0.0,5793,17.8571428571429,96.5247668571429,0,0,0,86.3466601428571,76.319258,20.121212,22.5714285714286,,,,,,0,2018-03-18,5200175,Agua Fria de Goias,GO,2018,12
1520726400000,201811,0.0,0,0,0,0.5,0.0,0,1,520017520181119589,2023-08-20,Água Fria de Goiás,0,0.0,5793,18.8571428571429,93.2236442857143,0,0,0,85.3534727142857,70.6755931428571,20.9327201428571,24.0,,,,,,0,2018-03-11,5200175,Agua Fria de Goias,GO,2018,11
1520121600000,201810,0.0,0,0,0,0.5,0.0,0,1,520017520181019589,2023-08-20,Água Fria de Goiás,0,0.0,5793,18.6666666666667,93.9670533333333,0,0,0,84.1354466666667,76.0057316666667,20.004545,21.3333333333333,,,,,,0,2018-03-04,5200175,Agua Fria de Goias,GO,2018,10
1519516800000,201809,0.0,0,0,0,0.5,0.0,0,1,520017520180919589,2023-08-20,Água Fria de Goiás,0,0.0,5793,18.4285714285714,91.5219485714286,0,0,0,75.254332,53.5405731428571,21.7639282857143,26.1428571428571,,,,,,0,2018-02-25,5200175,Agua Fria de Goias,GO,2018,9
1518912000000,201808,0.0,0,0,0,0.5,0.0,0,1,520017520180819589,2023-08-20,Água Fria de Goiás,0,0.0,5793,19.0,92.4215042857143,0,0,0,86.2730742857143,75.0327,20.2630951428571,22.0,,,,,,0,2018-02-18,5200175,Agua Fria de Goias,GO,2018,8
1518307200000,201807,0.0,0,0,0,0.5,0.0,0,1,520017520180719589,2023-08-20,Água Fria de Goiás,0,0.0,5793,18.5714285714286,86.1030914285714,0,0,0,75.6478842857143,63.9317058571429,20.6,23.1428571428571,,,,,,0,2018-02-11,5200175,Agua Fria de Goias,GO,2018,7
1517702400000,201806,0.0,0,0,0,0.5,0.0,0,1,520017520180619589,2023-08-20,Água Fria de Goiás,0,0.0,5793,18.1428571428571,97.5495188571429,0,0,0,87.7539664285714,77.7775105714286,19.4515875714286,21.4285714285714,,,,,,0,2018-02-04,5200175,Agua Fria de Goias,GO,2018,6
1517097600000,201805,0.0,0,0,0,0.5,0.0,0,1,520017520180519589,2023-08-20,Água Fria de Goiás,0,0.0,5793,19.4285714285714,94.0323171428571,0,0,0,87.810627,81.0663728571429,20.5428571428571,21.7142857142857,,,,,,0,2018-01-28,5200175,Agua Fria de Goias,GO,2018,5
1516492800000,201804,0.0,0,0,0,0.5,0.0,0,1,520017520180419589,2023-08-20,Água Fria de Goiás,0,0.0,5793,18.4285714285714,86.0537834285714,0,0,0,68.2273435714286,44.8479174285714,21.5359211428571,26.1428571428571,,,,,,0,2018-01-21,5200175,Agua Fria de Goias,GO,2018,4
1515888000000,201803,0.0,0,0,0,0.5,0.0,0,1,520017520180319589,2023-08-20,Água Fria de Goiás,0,0.0,5793,17.2857142857143,89.0138111428571,0,0,0,74.5576338571429,60.333589,20.0857142857143,23.1428571428571,,,,,,0,2018-01-14,5200175,Agua Fria de Goias,GO,2018,3
1515283200000,201802,0.0,0,0,0,0.5,0.0,0,1,520017520180219589,2023-08-20,Água Fria de Goiás,0,0.0,5793,18.0,89.8707705714286,0,0,0,82.27582,75.7994037142857,19.5714285714286,21.2857142857143,,,,,,0,2018-01-07,5200175,Agua Fria de Goias,GO,2018,2
1514678400000,201801,0.0,0,0,0,0.5,0.0,0,1,520017520180119589,2023-08-20,Água Fria de Goiás,0,0.0,5793,18.8571428571429,94.8225114285714,0,0,0,89.8873771428571,83.2528934285714,19.8428571428571,20.8571428571429,,,,,,0,2017-12-31,5200175,Agua Fria de Goias,GO,2018,1
1514073600000,201752,0.0,0,0,0,0.5,0.0,0,1,520017520175219589,2023-08-20,Água Fria de Goiás,0,0.0,5793,19.1428571428571,86.8635442857143,0,0,0,78.5883127142857,67.8196414285714,21.1888887142857,23.4285714285714,,,,,,0,2017-12-24,5200175,Agua Fria de Goias,GO,2017,52
1513468800000,201751,0.0,0,0,0,0.5,0.0,0,1,520017520175119589,2023-08-20,Água Fria de Goiás,0,0.0,5793,17.4285714285714,91.5223002857143,0,0,0,78.1993728571429,65.7363848571429,20.5313492857143,23.4285714285714,,,,,,0,2017-12-17,5200175,Agua Fria de Goias,GO,2017,51
1512864000000,201750,0.0,0,0,0,0.5,0.0,0,1,520017520175019589,2023-08-20,Água Fria de Goiás,0,0.0,5793,18.1666666666667,96.964804,0,0,0,91.1291156666667,81.1464446666667,19.0916666666667,21.0,,,,,,0,2017-12-10,5200175,Agua Fria de Goias,GO,2017,50
1512259200000,201749,0.0,0,0,0,0.5,0.0,0,1,520017520174919589,2023-08-20,Água Fria de Goiás,0,0.0,5793,19.5714285714286,90.7450285714286,0,0,0,83.419618,70.7765421428571,21.2270974285714,24.0,,,,,,0,2017-12-03,5200175,Agua Fria de Goias,GO,2017,49
1511654400000,201748,0.0,0,0,0,0.5,0.0,0,1,520017520174819589,2023-08-20,Água Fria de Goiás,0,0.0,5793,18.5,93.907157,0,0,0,78.747975,61.0472205,21.041666,24.5,,,,,,0,2017-11-26,5200175,Agua Fria de Goias,GO,2017,48
1511049600000,201747,0.0,0,0,0,0.5,0.0,0,1,520017520174719589,2023-08-20,Água Fria de Goiás,0,0.0,5793,17.975,91.84822725,0,0,0,,,,,,,,,,0,2017-11-19,5200175,Agua Fria de Goias,GO,2017,47
1510444800000,201746,0.0,0,0,0,0.5,0.0,0,1,520017520174619589,2023-08-20,Água Fria de Goiás,0,0.0,5793,17.45,89.7892975,0,0,0,,,,,,,,,,0,2017-11-12,5200175,Agua Fria de Goias,GO,2017,46
1509840000000,201745,0.0,0,0,0,0.5,0.0,0,1,520017520174519589,2023-08-20,Água Fria de Goiás,0,0.0,5793,16.925,87.73036775,0,0,0,,,,,,,,,,0,2017-11-05,5200175,Agua Fria de Goias,GO,2017,45
1509235200000,201744,0.0,0,0,0,0.5,0.0,0,1,520017520174419589,2023-08-20,Água Fria de Goiás,0,0.0,5793,16.4,85.671438,0,0,0,,,,,,,,,,0,2017-10-29,5200175,Agua Fria de Goias,GO,2017,44
1508630400000,201743,0.0,0,0,0,0.5,0.0,0,1,520017520174319589,2023-08-20,Água Fria de Goiás,0,0.0,5793,15.875,83.61250825,0,0,0,,,,,,,,,,0,2017-10-22,5200175,Agua Fria de Goias,GO,2017,43
1508025600000,201742,0.0,0,0,0,0.5,0.0,0,1,520017520174219589,2023-08-20,Água Fria de Goiás,0,0.0,5793,15.35,81.5535785,0,0,0,,,,,,,,,,0,2017-10-15,5200175,Agua Fria de Goias,GO,2017,42
1507420800000,201741,0.0,0,0,0,0.5,0.0,0,1,520017520174119589,2023-08-20,Água Fria de Goiás,0,0.0,5793,14.825,79.49464875,0,0,0,,,,,,,,,,0,2017-10-08,5200175,Agua Fria de Goias,GO,2017,41
1506816000000,201740,0.0,0,0,0,0.5,0.0,0,1,520017520174019589,2023-08-20,Água Fria de Goiás,0,0.0,5793,14.3,77.435719,0,0,0,,,,,,,,,,0,2017-10-01,5200175,Agua Fria de Goias,GO,2017,40
1506211200000,201739,0.0,0,0,0,0.5,0.0,0,1,520017520173919589,2023-08-20,Água Fria de Goiás,0,0.0,5793,13.775,75.37678925,0,0,0,,,,,,,,,,0,2017-09-24,5200175,Agua Fria de Goias,GO,2017,39
1505606400000,201738,0.0,0,0,0,0.5,0.0,0,1,520017520173819589,2023-08-20,Água Fria de Goiás,0,0.0,5793,13.25,73.3178595,0,0,0,,,,,,,,,,0,2017-09-17,5200175,Agua Fria de Goias,GO,2017,38
1505001600000,201737,0.0,0,0,0,0.5,0.0,0,1,520017520173719589,2023-08-20,Água Fria de Goiás,0,0.0,5793,12.725,71.25892975,0,0,0,,,,,,,,,,0,2017-09-10,5200175,Agua Fria de Goias,GO,2017,37
1504396800000,201736,0.0,0,0,0,0.5,0.0,0,1,520017520173619589,2023-08-20,Água Fria de Goiás,0,0.0,5793,12.2,69.2,0,0,0,53.9321426,38.8,15.7285714,19.6,,,,,,0,2017-09-03,5200175,Agua Fria de Goias,GO,2017,36
1503792000000,201735,0.0,0,0,0,0.5,0.0,0,1,520017520173519589,2023-08-20,Água Fria de Goiás,0,0.0,5793,13.1428571428571,64.7142857142857,0,0,0,51.4603174285714,36.4285714285714,15.5178571428571,18.7142857142857,,,,,,0,2017-08-27,5200175,Agua Fria de Goias,GO,2017,35
1503187200000,201734,0.0,0,0,0,0.5,0.0,0,1,520017520173419589,2023-08-20,Água Fria de Goiás,0,0.0,5793,15.2857142857143,72.4285714285714,0,0,0,63.3015871428571,52.8571428571429,17.1726191428571,19.1428571428571,,,,,,0,2017-08-20,5200175,Agua Fria de Goias,GO,2017,34
1502582400000,201733,0.0,0,0,0,0.5,0.0,0,1,520017520173319589,2023-08-20,Água Fria de Goiás,0,0.0,5793,13.5714285714286,64.5714285714286,0,0,0,54.4107142857143,41.5714285714286,16.0694444285714,19.2857142857143,,,,,,0,2017-08-13,5200175,Agua Fria de Goias,GO,2017,33
1501977600000,201732,0.0,0,0,0,0.5,0.0,0,1,520017520173219589,2023-08-20,Água Fria de Goiás,0,0.0,5793,14.0,72.1428571428571,0,0,0,63.6488091428571,53.0,15.6130952857143,17.7142857142857,,,,,,0,2017-08-06,5200175,Agua Fria de Goias,GO,2017,32
1501372800000,201731,0.0,0,0,0,0.5,0.0,0,1,520017520173119589,2023-08-20,Água Fria de Goiás,0,0.0,5793,10.7142857142857,78.0,0,0,0,68.2678571428571,57.8571428571429,12.4821428571429,14.8571428571429,,,,,,0,2017-07-30,5200175,Agua Fria de Goias,GO,2017,31
1500768000000,201730,0.0,0,0,0,0.5,0.0,0,1,520017520173019589,2023-08-20,Água Fria de Goiás,0,0.0,5793,11.0,74.1428571428571,0,0,0,64.8333337142857,53.2857142857143,12.9033447142857,15.8571428571429,,,,,,0,2017-07-23,5200175,Agua Fria de Goias,GO,2017,30
1500163200000,201729,0.0,0,0,0,0.5,0.0,0,1,520017520172919589,2023-08-20,Água Fria de Goiás,0,0.0,5793,10.1428571428571,81.4285714285714,0,0,0,71.2678571428571,61.0,12.3392857142857,14.7142857142857,,,,,,0,2017-07-16,5200175,Agua Fria de Goias,GO,2017,29
1499558400000,201728,0.0,0,0,0,0.5,0.0,0,1,520017520172819589,2023-08-20,Água Fria de Goiás,0,0.0,5793,12.4285714285714,80.8571428571429,0,0,0,71.7099201428571,62.0,13.7638888571429,15.1428571428571,,,,,,0,2017-07-09,5200175,Agua Fria de Goias,GO,2017,28
1498953600000,201727,0.0,0,0,0,0.5,0.0,0,1,520017520172719589,2023-08-20,Água Fria de Goiás,0,0.0,5793,11.2857142857143,77.0,0,0,0,70.051588,61.4285714285714,12.515873,14.0,,,,,,0,2017-07-02,5200175,Agua Fria de Goias,GO,2017,27
1498348800000,201726,0.0,0,0,0,0.5,0.0,0,1,520017520172619589,2023-08-20,Água Fria de Goiás,0,0.0,5793,13.2857142857143,77.5714285714286,0,0,0,66.5651928571429,55.2857142857143,15.3472221428571,16.8571428571429,,,,,,0,2017-06-25,5200175,Agua Fria de Goias,GO,2017,26
1497744000000,201725,0.0,0,0,0,0.5,0.0,0,1,520017520172519589,2023-08-20,Água Fria de Goiás,0,0.0,5793,12.7142857142857,80.8571428571429,0,0,0,73.7301592857143,65.7142857142857,14.156746,16.1428571428571,,,,,,0,2017-06-18,5200175,Agua Fria de Goias,GO,2017,25
1497139200000,201724,0.0,0,0,0,0.5,0.0,0,1,520017520172419589,2023-08-20,Água Fria de Goiás,0,0.0,5793,14.2857142857143,89.8571428571429,0,0,0,80.9348071428571,69.2857142857143,16.1686507142857,18.8571428571429,,,,,,0,2017-06-11,5200175,Agua Fria de Goias,GO,2017,24
1496534400000,201723,0.0,0,0,0,0.5,0.0,0,1,520017520172319589,2023-08-20,Água Fria de Goiás,0,0.0,5793,15.1428571428571,94.0,0,0,0,88.2103171428571,81.2857142857143,16.6805557142857,18.5714285714286,,,,,,0,2017-06-04,5200175,Agua Fria de Goias,GO,2017,23
1495929600000,201722,0.0,0,0,0,0.5,0.0,0,1,520017520172219589,2023-08-20,Água Fria de Goiás,0,0.0,5793,16.8571428571429,93.1428571428571,0,0,0,86.6031742857143,79.8571428571429,18.3988094285714,20.1428571428571,,,,,,0,2017-05-28,5200175,Agua Fria de Goias,GO,2017,22
1495324800000,201721,0.0,0,0,0,0.5,0.0,0,1,520017520172119589,2023-08-20,Água Fria de Goiás,0,0.0,5793,18.0,95.0,0,0,0,91.1206342857143,85.2857142857143,19.0083334285714,20.4285714285714,,,,,,0,2017-05-21,5200175,Agua Fria de Goias,GO,2017,21
1494720000000,201720,0.0,0,0,0,0.5,0.0,0,1,520017520172019589,2023-08-20,Água Fria de Goiás,0,0.0,5793,17.0,97.4285714285714,0,0,0,89.9309864285714,79.7142857142857,18.9165981428571,20.8571428571429,,,,,,0,2017-05-14,5200175,Agua Fria de Goias,GO,2017,20
1494115200000,201719,0.0,0,0,0,0.5,0.0,0,1,520017520171919589,2023-08-20,Água Fria de Goiás,0,0.0,5793,16.0,89.0,0,0,0,79.252551,69.5714285714286,17.7653061428571,20.1428571428571,,,,,,0,2017-05-07,5200175,Agua Fria de Goias,GO,2017,19
1493510400000,201718,0.0,0,0,0,0.5,0.0,0,1,520017520171819589,2023-08-20,Água Fria de Goiás,0,0.0,5793,16.8571428571429,94.8571428571429,0,0,0,84.5280614285714,75.2857142857143,18.9260202857143,20.7142857142857,,,,,,0,2017-04-30,5200175,Agua Fria de Goias,GO,2017,18
1492905600000,201717,0.0,0,0,0,0.5,0.0,0,1,520017520171719589,2023-08-20,Água Fria de Goiás,0,0.0,5793,19.2857142857143,96.5714285714286,0,0,0,91.2924264285714,82.4285714285714,20.4856175714286,22.4285714285714,,,,,,0,2017-04-23,5200175,Agua Fria de Goias,GO,2017,17
1492300800000,201716,0.0,0,0,0,0.5,0.0,0,1,520017520171619589,2023-08-20,Água Fria de Goiás,0,0.0,5793,18.4285714285714,91.7142857142857,0,0,0,85.4999984285714,75.8571428571429,19.9875282857143,21.8571428571429,,,,,,0,2017-04-16,5200175,Agua Fria de Goias,GO,2017,16
1491696000000,201715,0.0,0,0,0,0.5,0.0,0,1,520017520171519589,2023-08-20,Água Fria de Goiás,0,0.0,5793,17.8571428571429,92.4285714285714,0,0,0,80.7494321428571,65.1428571428571,20.2063492857143,23.0,,,,,,0,2017-04-09,5200175,Agua Fria de Goias,GO,2017,15
1491091200000,201714,0.0,0,0,0,0.5,0.0,0,1,520017520171419589,2023-08-20,Água Fria de Goiás,0,0.0,5793,18.0,94.0,0,0,0,87.0733742857143,78.4285714285714,19.8468507142857,21.8571428571429,,,,,,0,2017-04-02,5200175,Agua Fria de Goias,GO,2017,14
1490486400000,201713,0.0,0,0,0,0.5,0.0,0,1,520017520171319589,2023-08-20,Água Fria de Goiás,0,0.0,5793,18.5714285714286,97.4285714285714,0,0,0,90.9754791428571,81.1428571428571,19.875263,21.2857142857143,,,,,,0,2017-03-26,5200175,Agua Fria de Goias,GO,2017,13
1489881600000,201712,0.0,0,0,0,0.5,0.0,0,1,520017520171219589,2023-08-20,Água Fria de Goiás,0,0.0,5793,18.2857142857143,96.5714285714286,0,0,0,89.9855434285714,80.5714285714286,19.6284012857143,21.7142857142857,,,,,,0,2017-03-19,5200175,Agua Fria de Goias,GO,2017,12
1489276800000,201711,0.0,0,0,0,0.5,0.0,0,1,520017520171119589,2023-08-20,Água Fria de Goiás,0,0.0,5793,18.2857142857143,92.7142857142857,0,0,0,82.5025514285714,69.1428571428571,21.0408164285714,23.4285714285714,,,,,,0,2017-03-12,5200175,Agua Fria de Goias,GO,2017,11
1488672000000,201710,0.0,0,0,0,0.5,0.0,0,1,520017520171019589,2023-08-20,Água Fria de Goiás,0,0.0,5793,20.2857142857143,90.0,0,0,0,80.1154762857143,67.0,22.0928571428571,24.1428571428571,,,,,,0,2017-03-05,5200175,Agua Fria de Goias,GO,2017,10
1488067200000,201709,0.0,0,0,0,0.5,0.0,0,1,520017520170919589,2023-08-20,Água Fria de Goiás,0,0.0,5793,18.0,97.1428571428571,0,0,0,89.6066791428571,80.1428571428571,19.7307515714286,21.4285714285714,,,,,,0,2017-02-26,5200175,Agua Fria de Goias,GO,2017,9
1487462400000,201708,0.0,0,0,0,0.5,0.0,0,1,520017520170819589,2023-08-20,Água Fria de Goiás,0,0.0,5793,19.5714285714286,90.5714285714286,0,0,0,82.4666671428571,71.5714285714286,21.470238,23.4285714285714,,,,,,0,2017-02-19,5200175,Agua Fria de Goias,GO,2017,8
1486857600000,201707,0.0,0,0,0,0.5,0.0,0,1,520017520170719589,2023-08-20,Água Fria de Goiás,0,0.0,5793,19.1428571428571,94.8571428571429,0,0,0,84.2842971428571,67.0,20.8106578571429,22.5714285714286,,,,,,0,2017-02-12,5200175,Agua Fria de Goias,GO,2017,7
1486252800000,201706,0.0,0,0,0,0.5,0.0,0,1,520017520170619589,2023-08-20,Água Fria de Goiás,0,0.0,5793,19.5714285714286,95.7142857142857,0,0,0,90.7521895714286,79.7142857142857,20.9316501428571,23.1428571428571,,,,,,0,2017-02-05,5200175,Agua Fria de Goias,GO,2017,6
1485648000000,201705,0.0,0,0,0,0.5,0.0,0,1,520017520170519589,2023-08-20,Água Fria de Goiás,0,0.0,5793,19.5714285714286,90.7142857142857,0,0,0,83.3244995714286,74.4285714285714,21.0728368571429,22.8571428571429,,,,,,0,2017-01-29,5200175,Agua Fria de Goias,GO,2017,5
1485043200000,201704,0.0,0,0,0,0.5,0.0,0,1,520017520170419589,2023-08-20,Água Fria de Goiás,0,0.0,5793,18.7142857142857,96.0,0,0,0,85.9585037142857,73.8571428571429,20.4312927142857,23.0,,,,,,0,2017-01-22,5200175,Agua Fria de Goias,GO,2017,4
1484438400000,201703,0.0,0,0,0,0.5,0.0,0,1,520017520170319589,2023-08-20,Água Fria de Goiás,0,0.0,5793,18.7142857142857,94.8571428571429,0,0,0,85.686888,66.5714285714286,20.707794,23.4285714285714,,,,,,0,2017-01-15,5200175,Agua Fria de Goias,GO,2017,3
1483833600000,201702,0.0,0,0,0,0.5,0.0,0,1,520017520170219589,2023-08-20,Água Fria de Goiás,0,0.0,5793,19.8571428571429,90.7142857142857,0,0,0,83.31172,68.8571428571429,21.6940901428571,23.7142857142857,,,,,,0,2017-01-08,5200175,Agua Fria de Goias,GO,2017,2
1483228800000,201701,0.0,0,0,0,0.5,0.0,0,1,520017520170119589,2023-08-20,Água Fria de Goiás,0,0.0,5793,19.7142857142857,87.4285714285714,0,0,0,72.289117,56.2857142857143,22.7341267142857,25.7142857142857,,,,,,0,2017-01-01,5200175,Agua Fria de Goias,GO,2017,1
1482624000000,201652,0.0,0,0,0,0.5,0.0,0,1,520017520165219589,2023-08-20,Água Fria de Goiás,0,0.0,5793,19.0,92.2857142857143,0,0,0,77.8925728571429,62.8571428571429,21.828456,24.7142857142857,,,,,,0,2016-12-25,5200175,Agua Fria de Goias,GO,2016,52
1482019200000,201651,0.0,0,0,0,0.5,0.0,0,1,520017520165119589,2023-08-20,Água Fria de Goiás,0,0.0,5793,20.1428571428571,85.2857142857143,0,0,0,74.4387757142857,61.2857142857143,22.1479591428571,24.5714285714286,,,,,,0,2016-12-18,5200175,Agua Fria de Goias,GO,2016,51
1481414400000,201650,0.0,0,0,0,0.5,0.0,0,1,520017520165019589,2023-08-20,Água Fria de Goiás,0,0.0,5793,19.7142857142857,95.7142857142857,0,0,0,89.082014,79.2857142857143,20.8965221428571,22.4285714285714,,,,,,0,2016-12-11,5200175,Agua Fria de Goias,GO,2016,50
1480809600000,201649,0.0,0,0,0,0.5,0.0,0,1,520017520164919589,2023-08-20,Água Fria de Goiás,0,0.0,5793,20.0,92.2857142857143,0,0,0,85.1367972857143,72.5714285714286,21.5807042857143,23.8571428571429,,,,,,0,2016-12-04,5200175,Agua Fria de Goias,GO,2016,49
1480204800000,201648,0.0,0,0,0,0.5,0.0,0,1,520017520164819589,2023-08-20,Água Fria de Goiás,0,0.0,5793,18.7142857142857,95.7142857142857,0,0,0,87.5812262857143,75.5714285714286,21.4258894285714,24.5714285714286,,,,,,0,2016-11-27,5200175,Agua Fria de Goias,GO,2016,48
1479600000000,201647,0.0,0,0,0,0.5,0.0,0,1,520017520164719589,2023-08-20,Água Fria de Goiás,0,0.0,5793,19.1666666666667,98.0,0,0,0,89.8182611666667,81.1666666666667,20.6537588333333,22.5,,,,,,0,2016-11-20,5200175,Agua Fria de Goias,GO,2016,47
1478995200000,201646,0.0,0,0,0,0.5,0.0,0,1,520017520164619589,2023-08-20,Água Fria de Goiás,0,0.0,5793,19.0,98.2857142857143,0,0,0,88.4113421428571,76.4285714285714,20.5806982857143,22.7142857142857,,,,,,0,2016-11-13,5200175,Agua Fria de Goias,GO,2016,46
1478390400000,201645,0.0,0,0,0,0.5,0.0,0,1,520017520164519589,2023-08-20,Água Fria de Goiás,0,0.0,5793,19.2857142857143,94.1428571428571,0,0,0,86.5108848571429,75.7142857142857,20.9880951428571,23.1428571428571,,,,,,0,2016-11-06,5200175,Agua Fria de Goias,GO,2016,45
1477785600000,201644,0.0,0,0,0,0.5,0.0,0,1,520017520164419589,2023-08-20,Água Fria de Goiás,0,0.0,5793,19.8571428571429,93.4285714285714,0,0,0,85.7820195714286,75.5714285714286,21.1360837142857,22.4285714285714,,,,,,0,2016-10-30,5200175,Agua Fria de Goias,GO,2016,44
1477180800000,201643,0.0,0,0,0,0.5,0.0,0,1,520017520164319589,2023-08-20,Água Fria de Goiás,0,0.0,5793,19.2857142857143,87.0,0,0,0,76.2435685714286,62.8571428571429,21.2112748571429,23.7142857142857,,,,,,0,2016-10-23,5200175,Agua Fria de Goias,GO,2016,43
1476576000000,201642,0.0,0,0,0,0.5,0.0,0,1,520017520164219589,2023-08-20,Água Fria de Goiás,0,0.0,5793,20.2857142857143,80.4285714285714,0,0,0,71.1638888571429,58.2857142857143,21.9146827142857,24.2857142857143,,,,,,0,2016-10-16,5200175,Agua Fria de Goias,GO,2016,42
1475971200000,201641,0.0,0,0,0,0.5,0.0,0,1,520017520164119589,2023-08-20,Água Fria de Goiás,0,0.0,5793,20.1428571428571,75.2857142857143,0,0,0,67.3004545714286,55.7142857142857,21.5955212857143,23.5714285714286,,,,,,0,2016-10-09,5200175,Agua Fria de Goias,GO,2016,41
1475366400000,201640,0.0,0,0,0,0.5,0.0,0,1,520017520164019589,2023-08-20,Água Fria de Goiás,0,0.0,5793,18.0,90.7142857142857,0,0,0,80.3370985714286,68.4285714285714,20.0352565714286,22.2857142857143,,,,,,0,2016-10-02,5200175,Agua Fria de Goias,GO,2016,40
1474761600000,201639,0.0,0,0,0,0.5,0.0,0,1,520017520163919589,2023-08-20,Água Fria de Goiás,0,0.0,5793,17.7142857142857,94.0,0,0,0,84.3971092857143,72.5714285714286,19.8089564285714,22.8571428571429,,,,,,0,2016-09-25,5200175,Agua Fria de Goias,GO,2016,39
1474156800000,201638,0.0,0,0,0,0.5,0.0,0,1,520017520163819589,2023-08-20,Água Fria de Goiás,0,0.0,5793,18.2857142857143,80.1428571428571,0,0,0,68.0518615714286,53.7142857142857,20.0165567142857,22.8571428571429,,,,,,0,2016-09-18,5200175,Agua Fria de Goias,GO,2016,38
1473552000000,201637,0.0,0,0,0,0.5,0.0,0,1,520017520163719589,2023-08-20,Água Fria de Goiás,0,0.0,5793,14.7142857142857,73.5714285714286,0,0,0,59.3626411428571,44.1428571428571,17.8866214285714,21.1428571428571,,,,,,0,2016-09-11,5200175,Agua Fria de Goias,GO,2016,37
1472947200000,201636,0.0,0,0,0,0.5,0.0,0,1,520017520163619589,2023-08-20,Água Fria de Goiás,0,0.0,5793,14.5714285714286,73.5714285714286,0,0,0,59.6295342857143,46.8571428571429,17.3146257142857,20.4285714285714,,,,,,0,2016-09-04,5200175,Agua Fria de Goias,GO,2016,36
1472342400000,201635,0.0,0,0,0,0.5,0.0,0,1,520017520163519589,2023-08-20,Água Fria de Goiás,0,0.0,5793,15.2857142857143,79.0,0,0,0,61.1159295714286,42.4285714285714,19.5615075714286,23.8571428571429,,,,,,0,2016-08-28,5200175,Agua Fria de Goias,GO,2016,35
1471737600000,201634,0.0,0,0,0,0.5,0.0,0,1,520017520163419589,2023-08-20,Água Fria de Goiás,0,0.0,5793,13.4285714285714,85.0,0,0,0,70.3480991428571,54.7142857142857,17.0159275714286,21.0,,,,,,0,2016-08-21,5200175,Agua Fria de Goias,GO,2016,34
1471132800000,201633,0.0,0,0,0,0.5,0.0,0,1,520017520163319589,2023-08-20,Água Fria de Goiás,0,0.0,5793,16.4285714285714,78.7142857142857,0,0,0,68.9680478571429,58.4285714285714,18.7260538571429,20.8571428571429,,,,,,0,2016-08-14,5200175,Agua Fria de Goias,GO,2016,33
1470528000000,201632,0.0,0,0,0,0.5,0.0,0,1,520017520163219589,2023-08-20,Água Fria de Goiás,0,0.0,5793,13.4285714285714,74.1428571428571,0,0,0,61.0568771428571,47.4285714285714,16.3796294285714,20.1428571428571,,,,,,0,2016-08-07,5200175,Agua Fria de Goias,GO,2016,32
1469923200000,201631,0.0,0,0,0,0.5,0.0,0,1,520017520163119589,2023-08-20,Água Fria de Goiás,0,0.0,5793,11.8571428571429,83.8571428571429,0,0,0,67.3651914285714,49.7142857142857,15.1477325714286,18.8571428571429,,,,,,0,2016-07-31,5200175,Agua Fria de Goias,GO,2016,31
1469318400000,201630,0.0,0,0,0,0.5,0.0,0,1,520017520163019589,2023-08-20,Água Fria de Goiás,0,0.0,5793,12.4285714285714,79.1428571428571,0,0,0,65.7624717142857,53.7142857142857,15.5039682857143,18.5714285714286,,,,,,0,2016-07-24,5200175,Agua Fria de Goias,GO,2016,30
1468713600000,201629,0.0,0,0,0,0.5,0.0,0,1,520017520162919589,2023-08-20,Água Fria de Goiás,0,0.0,5793,11.7142857142857,83.0,0,0,0,69.3151912857143,55.1428571428571,14.6000565714286,17.8571428571429,,,,,,0,2016-07-17,5200175,Agua Fria de Goias,GO,2016,29
1468108800000,201628,0.0,0,0,0,0.5,0.0,0,1,520017520162819589,2023-08-20,Água Fria de Goiás,0,0.0,5793,10.2857142857143,89.4285714285714,0,0,0,75.4257362857143,57.1428571428571,13.4325398571429,17.4285714285714,,,,,,0,2016-07-10,5200175,Agua Fria de Goias,GO,2016,28
1467504000000,201627,0.0,0,0,0,0.5,0.0,0,1,520017520162719589,2023-08-20,Água Fria de Goiás,0,0.0,5793,14.1428571428571,82.7142857142857,0,0,0,71.2820285714286,56.2857142857143,16.170068,18.8571428571429,,,,,,0,2016-07-03,5200175,Agua Fria de Goias,GO,2016,27
1466899200000,201626,0.0,0,0,0,0.5,0.0,0,1,520017520162619589,2023-08-20,Água Fria de Goiás,0,0.0,5793,12.2857142857143,88.8571428571429,0,0,0,74.8065812857143,57.2857142857143,14.41523,17.0,,,,,,0,2016-06-26,5200175,Agua Fria de Goias,GO,2016,26
1466294400000,201625,0.0,0,0,0,0.5,0.0,0,1,520017520162519589,2023-08-20,Água Fria de Goiás,0,0.0,5793,11.8571428571429,94.0,0,0,0,80.1425732857143,66.1428571428571,14.3024375714286,17.2857142857143,,,,,,0,2016-06-19,5200175,Agua Fria de Goias,GO,2016,25
1465689600000,201624,0.0,0,0,0,0.5,0.0,0,1,520017520162419589,2023-08-20,Água Fria de Goiás,0,0.0,5793,11.5714285714286,94.8571428571429,0,0,0,84.1095234285714,70.8571428571429,14.0441041428571,16.8571428571429,,,,,,0,2016-06-12,5200175,Agua Fria de Goias,GO,2016,24
1465084800000,201623,0.0,0,0,0,0.5,0.0,0,1,520017520162319589,2023-08-20,Água Fria de Goiás,0,0.0,5793,14.7142857142857,96.7142857142857,0,0,0,85.0391148571429,71.2857142857143,17.3015871428571,20.2857142857143,,,,,,0,2016-06-05,5200175,Agua Fria de Goias,GO,2016,23
1464480000000,201622,0.0,0,0,0,0.5,0.0,0,1,520017520162219589,2023-08-20,Água Fria de Goiás,0,0.0,5793,13.0,93.1428571428571,0,0,0,81.6394545714286,68.4285714285714,15.8486394285714,18.8571428571429,,,,,,0,2016-05-29,5200175,Agua Fria de Goias,GO,2016,22
1463875200000,201621,0.0,0,0,0,0.5,0.0,0,1,520017520162119589,2023-08-20,Água Fria de Goiás,0,0.0,5793,15.4285714285714,95.7142857142857,0,0,0,82.2964865714286,67.5714285714286,18.0731294285714,20.8571428571429,,,,,,0,2016-05-22,5200175,Agua Fria de Goias,GO,2016,21
1463270400000,201620,0.0,0,0,0,0.5,0.0,0,1,520017520162019589,2023-08-20,Água Fria de Goiás,0,0.0,5793,17.8571428571429,94.0,0,0,0,85.986962,74.7142857142857,19.2891154285714,21.4285714285714,,,,,,0,2016-05-15,5200175,Agua Fria de Goias,GO,2016,20
1462665600000,201619,0.0,0,0,0,0.5,0.0,0,1,520017520161919589,2023-08-20,Água Fria de Goiás,0,0.0,5793,15.5714285714286,88.1428571428571,0,0,0,75.1598618571429,59.2857142857143,18.2619048571429,21.4285714285714,,,,,,0,2016-05-08,5200175,Agua Fria de Goias,GO,2016,19
1462060800000,201618,0.0,0,0,0,0.5,0.0,0,1,520017520161819589,2023-08-20,Água Fria de Goiás,0,0.0,5793,15.4285714285714,94.0,0,0,0,81.981576,68.7142857142857,17.8897392857143,20.8571428571429,,,,,,0,2016-05-01,5200175,Agua Fria de Goias,GO,2016,18
1461456000000,201617,0.0,0,0,0,0.5,0.0,0,1,520017520161719589,2023-08-20,Água Fria de Goiás,0,0.0,5793,17.0,94.0,0,0,0,85.6716438571429,68.8571428571429,18.850505,21.7142857142857,,,,,,0,2016-04-24,5200175,Agua Fria de Goias,GO,2016,17
1460851200000,201616,0.0,0,0,0,0.5,0.0,0,1,520017520161619589,2023-08-20,Água Fria de Goiás,0,0.0,5793,16.5714285714286,88.0,0,0,0,67.2322385714286,43.1428571428571,20.5540441428571,24.8571428571429,,,,,,0,2016-04-17,5200175,Agua Fria de Goias,GO,2016,16
1460246400000,201615,0.0,0,0,0,0.5,0.0,0,1,520017520161519589,2023-08-20,Água Fria de Goiás,0,0.0,5793,16.2857142857143,89.0,0,0,0,58.2568032857143,24.5714285714286,22.7471658571429,28.7142857142857,,,,,,0,2016-04-10,5200175,Agua Fria de Goias,GO,2016,15
1459641600000,201614,0.0,0,0,0,0.5,0.0,0,1,520017520161419589,2023-08-20,Água Fria de Goiás,0,0.0,5793,17.1428571428571,91.5714285714286,0,0,0,80.3276642857143,66.1428571428571,19.5107708571429,22.5714285714286,,,,,,0,2016-04-03,5200175,Agua Fria de Goias,GO,2016,14
1459036800000,201613,0.0,0,0,0,0.5,0.0,0,1,520017520161319589,2023-08-20,Água Fria de Goiás,0,0.0,5793,16.4285714285714,96.5714285714286,0,0,0,87.1434238571429,76.0,18.3407027142857,20.5714285714286,,,,,,0,2016-03-27,5200175,Agua Fria de Goias,GO,2016,13
1458432000000,201612,0.0,0,0,0,0.5,0.0,0,1,520017520161219589,2023-08-20,Água Fria de Goiás,0,0.0,5793,17.4285714285714,96.5714285714286,0,0,0,89.8616778571429,80.2857142857143,18.929705,20.8571428571429,,,,,,0,2016-03-20,5200175,Agua Fria de Goias,GO,2016,12
1457827200000,201611,0.0,0,0,0,0.5,0.0,0,1,520017520161119589,2023-08-20,Água Fria de Goiás,0,0.0,5793,17.2857142857143,95.8571428571429,0,0,0,87.914682,77.1428571428571,19.1309525714286,21.5714285714286,,,,,,0,2016-03-13,5200175,Agua Fria de Goias,GO,2016,11
1457222400000,201610,0.0,0,0,0,0.5,0.0,0,1,520017520161019589,2023-08-20,Água Fria de Goiás,0,0.0,5793,19.7142857142857,99.1428571428571,0,0,0,90.8820865714286,80.0,20.6164965714286,22.0,,,,,,0,2016-03-06,5200175,Agua Fria de Goias,GO,2016,10
1456617600000,201609,0.0,0,0,0,0.5,0.0,0,1,520017520160919589,2023-08-20,Água Fria de Goiás,0,0.0,5793,19.0,95.7142857142857,0,0,0,88.2529098571429,76.7142857142857,20.6726508571429,22.4285714285714,,,,,,0,2016-02-28,5200175,Agua Fria de Goias,GO,2016,9
1456012800000,201608,0.0,0,0,0,0.5,0.0,0,1,520017520160819589,2023-08-20,Água Fria de Goiás,0,0.0,5793,17.2857142857143,96.8571428571429,0,0,0,89.1411558571429,80.2857142857143,18.72449,20.8571428571429,,,,,,0,2016-02-21,5200175,Agua Fria de Goias,GO,2016,8
1455408000000,201607,0.0,0,0,0,0.5,0.0,0,1,520017520160719589,2023-08-20,Água Fria de Goiás,0,0.0,5793,17.5714285714286,94.0,0,0,0,85.2006808571429,65.7142857142857,19.4691558571429,21.5714285714286,,,,,,0,2016-02-14,5200175,Agua Fria de Goias,GO,2016,7
1454803200000,201606,0.0,0,0,0,0.5,0.0,0,1,520017520160619589,2023-08-20,Água Fria de Goiás,0,0.0,5793,18.5714285714286,94.8571428571429,0,0,0,70.5996,37.1428571428571,23.3761632857143,29.1428571428571,,,,,,0,2016-02-07,5200175,Agua Fria de Goias,GO,2016,6
1454198400000,201605,0.0,0,0,0,0.5,0.0,0,1,520017520160519589,2023-08-20,Água Fria de Goiás,0,0.0,5793,16.7142857142857,96.5714285714286,0,0,0,69.3639462857143,34.7142857142857,22.9293205714286,29.0,,,,,,0,2016-01-31,5200175,Agua Fria de Goias,GO,2016,5
1453593600000,201604,0.0,0,0,0,0.5,0.0,0,1,520017520160419589,2023-08-20,Água Fria de Goiás,0,0.0,5793,19.1428571428571,97.4285714285714,0,0,0,88.2325914285714,76.2857142857143,20.553884,22.4285714285714,,,,,,0,2016-01-24,5200175,Agua Fria de Goias,GO,2016,4
1452988800000,201603,0.0,0,0,0,0.5,0.0,0,1,520017520160319589,2023-08-20,Água Fria de Goiás,0,0.0,5793,19.4285714285714,96.5714285714286,0,0,0,91.8866034285714,83.8571428571429,20.3352258571429,21.7142857142857,,,,,,0,2016-01-17,5200175,Agua Fria de Goias,GO,2016,3
1452384000000,201602,0.0,0,0,0,0.5,0.0,0,1,520017520160219589,2023-08-20,Água Fria de Goiás,0,0.0,5793,19.8571428571429,96.5714285714286,0,0,0,91.8952377142857,85.0,20.4555558571429,21.7142857142857,,,,,,0,2016-01-10,5200175,Agua Fria de Goias,GO,2016,2
1451779200000,201601,0.0,0,0,0,0.5,0.0,0,1,520017520160119589,2023-08-20,Água Fria de Goiás,0,0.0,5793,19.8571428571429,95.7142857142857,0,0,0,92.1944434285714,87.0,20.3042657142857,21.2857142857143,,,,,,0,2016-01-03,5200175,Agua Fria de Goias,GO,2016,1
1451174400000,201552,0.0,0,0,0,0.5,0.0,0,1,520017520155219589,2023-08-20,Água Fria de Goiás,0,0.0,5793,18.7142857142857,97.4285714285714,0,0,0,88.9041938571429,79.7142857142857,19.7125842857143,21.4285714285714,,,,,,0,2015-12-27,5200175,Agua Fria de Goias,GO,2015,52
1450569600000,201551,0.0,0,0,0,0.5,0.0,0,1,520017520155119589,2023-08-20,Água Fria de Goiás,0,0.0,5793,18.1428571428571,93.4285714285714,0,0,0,81.7665335714286,70.7142857142857,20.3035714285714,22.7142857142857,,,,,,0,2015-12-20,5200175,Agua Fria de Goias,GO,2015,51
1449964800000,201550,0.0,0,0,0,0.5,0.0,0,1,520017520155019589,2023-08-20,Água Fria de Goiás,0,0.0,5793,18.2857142857143,93.1428571428571,0,0,0,82.9737322857143,69.8571428571429,19.9398998571429,22.1428571428571,,,,,,0,2015-12-13,5200175,Agua Fria de Goias,GO,2015,50
1449360000000,201549,0.0,0,0,0,0.5,0.0,0,1,520017520154919589,2023-08-20,Água Fria de Goiás,0,0.0,5793,18.4285714285714,96.5714285714286,0,0,0,81.6306114285714,56.7142857142857,21.272789,25.7142857142857,,,,,,0,2015-12-06,5200175,Agua Fria de Goias,GO,2015,49
1448755200000,201548,0.0,0,0,0,0.5,0.0,0,1,520017520154819589,2023-08-20,Água Fria de Goiás,0,0.0,5793,18.7142857142857,94.8571428571429,0,0,0,70.8344028571429,37.2857142857143,23.9021398571429,30.2857142857143,,,,,,0,2015-11-29,5200175,Agua Fria de Goias,GO,2015,48
1448150400000,201547,0.0,0,0,0,0.5,0.0,0,1,520017520154719589,2023-08-20,Água Fria de Goiás,0,0.0,5793,18.7142857142857,97.4285714285714,0,0,0,77.7202051428571,37.7142857142857,22.4175107142857,29.1428571428571,,,,,,0,2015-11-22,5200175,Agua Fria de Goias,GO,2015,47
1447545600000,201546,0.0,0,0,0,0.5,0.0,0,1,520017520154619589,2023-08-20,Água Fria de Goiás,0,0.0,5793,19.1428571428571,94.8571428571429,0,0,0,79.5603714285714,46.0,22.4648577142857,28.4285714285714,,,,,,0,2015-11-15,5200175,Agua Fria de Goias,GO,2015,46
1446940800000,201545,0.0,0,0,0,0.5,0.0,0,1,520017520154519589,2023-08-20,Água Fria de Goiás,0,0.0,5793,17.5714285714286,82.5714285714286,0,0,0,50.3418361428571,18.0,25.0438774285714,32.5714285714286,,,,,,0,2015-11-08,5200175,Agua Fria de Goias,GO,2015,45
1446336000000,201544,0.0,0,0,0,0.5,0.0,0,1,520017520154419589,2023-08-20,Água Fria de Goiás,0,0.0,5793,18.0,94.25,0,0,0,64.834939875,22.375,23.845613,31.125,,,,,,0,2015-11-01,5200175,Agua Fria de Goias,GO,2015,44
1445731200000,201543,0.0,0,0,0,0.5,0.0,0,1,520017520154319589,2023-08-20,Água Fria de Goiás,0,0.0,5793,18.5714285714286,94.0,0,0,0,74.2970257142857,32.4285714285714,22.5373938571429,28.0,,,,,,0,2015-10-25,5200175,Agua Fria de Goias,GO,2015,43
1445126400000,201542,0.0,0,0,0,0.5,0.0,0,1,520017520154219589,2023-08-20,Água Fria de Goiás,0,0.0,5793,17.1428571428571,77.1428571428571,0,0,0,46.4860485714286,20.1428571428571,25.4464884285714,33.2857142857143,,,,,,0,2015-10-18,5200175,Agua Fria de Goias,GO,2015,42
1444521600000,201541,0.0,0,0,0,0.5,0.0,0,1,520017520154119589,2023-08-20,Água Fria de Goiás,0,0.0,5793,16.1428571428571,66.7142857142857,0,0,0,35.5308012857143,9.85714285714286,25.3737717142857,33.2857142857143,,,,,,0,2015-10-11,5200175,Agua Fria de Goias,GO,2015,41
1443916800000,201540,0.0,0,0,0,0.5,0.0,0,1,520017520154019589,2023-08-20,Água Fria de Goiás,0,0.0,5793,17.5714285714286,84.0,0,0,0,50.7846942857143,20.1428571428571,24.9978081428571,32.7142857142857,,,,,,0,2015-10-04,5200175,Agua Fria de Goias,GO,2015,40
1443312000000,201539,0.0,0,0,0,0.5,0.0,0,1,520017520153919589,2023-08-20,Água Fria de Goiás,0,0.0,5793,16.5714285714286,88.4285714285714,0,0,0,54.077763,20.4285714285714,23.6662562857143,31.0,,,,,,0,2015-09-27,5200175,Agua Fria de Goias,GO,2015,39
1442707200000,201538,0.0,0,0,0,0.5,0.0,0,1,520017520153819589,2023-08-20,Água Fria de Goiás,0,0.0,5793,14.7142857142857,73.8571428571429,0,0,0,40.6734691428571,10.1428571428571,24.3418368571429,33.1428571428571,,,,,,0,2015-09-20,5200175,Agua Fria de Goias,GO,2015,38
1442102400000,201537,0.0,0,0,0,0.5,0.0,0,1,520017520153719589,2023-08-20,Água Fria de Goiás,0,0.0,5793,16.2857142857143,84.1428571428571,0,0,0,57.0918375714286,26.2857142857143,22.607143,29.4285714285714,,,,,,0,2015-09-13,5200175,Agua Fria de Goias,GO,2015,37
1441497600000,201536,0.0,0,0,0,0.5,0.0,0,1,520017520153619589,2023-08-20,Água Fria de Goiás,0,0.0,5793,17.0,81.4285714285714,0,0,0,55.8860647142857,24.2857142857143,23.6015798571429,30.8571428571429,,,,,,0,2015-09-06,5200175,Agua Fria de Goias,GO,2015,36
1440892800000,201535,0.0,0,0,0,0.5,0.0,0,1,520017520153519589,2023-08-20,Água Fria de Goiás,0,0.0,5793,12.7142857142857,80.5714285714286,0,0,0,43.9671204285714,13.0,22.354308,31.2857142857143,,,,,,0,2015-08-30,5200175,Agua Fria de Goias,GO,2015,35
1440288000000,201534,0.0,0,0,0,0.5,0.0,0,1,520017520153419589,2023-08-20,Água Fria de Goiás,0,0.0,5793,14.0,82.5714285714286,0,0,0,47.7384612857143,15.1428571428571,22.6258045714286,30.7142857142857,,,,,,0,2015-08-23,5200175,Agua Fria de Goias,GO,2015,34
1439683200000,201533,0.0,0,0,0,0.5,0.0,0,1,520017520153319589,2023-08-20,Água Fria de Goiás,0,0.0,5793,12.7142857142857,85.5714285714286,0,0,0,53.7023218571429,17.7142857142857,20.4750174285714,28.5714285714286,,,,,,0,2015-08-16,5200175,Agua Fria de Goias,GO,2015,33
1439078400000,201532,0.0,0,0,0,0.5,0.0,0,1,520017520153219589,2023-08-20,Água Fria de Goiás,0,0.0,5793,11.1428571428571,83.1428571428571,0,0,0,55.3128078571429,21.5714285714286,18.1850808571429,25.8571428571429,,,,,,0,2015-08-09,5200175,Agua Fria de Goias,GO,2015,32
1438473600000,201531,0.0,0,0,0,0.5,0.0,0,1,520017520153119589,2023-08-20,Água Fria de Goiás,0,0.0,5793,9.71428571428571,83.5714285714286,0,0,0,49.9438775714286,15.0,18.7755101428571,27.2857142857143,,,,,,0,2015-08-02,5200175,Agua Fria de Goias,GO,2015,31
1437868800000,201530,0.0,0,0,0,0.5,0.0,0,1,520017520153019589,2023-08-20,Água Fria de Goiás,0,0.0,5793,13.4285714285714,82.7142857142857,0,0,0,50.6590141428571,19.7142857142857,20.8265307142857,27.2857142857143,,,,,,0,2015-07-26,5200175,Agua Fria de Goias,GO,2015,30
1437264000000,201529,0.0,0,0,0,0.5,0.0,0,1,520017520152919589,2023-08-20,Água Fria de Goiás,0,0.0,5793,13.0,83.1428571428571,0,0,0,55.1442867142857,24.4285714285714,19.7262584285714,26.0,,,,,,0,2015-07-19,5200175,Agua Fria de Goias,GO,2015,29
1436659200000,201528,0.0,0,0,0,0.5,0.0,0,1,520017520152819589,2023-08-20,Água Fria de Goiás,0,0.0,5793,13.7142857142857,87.1428571428571,0,0,0,59.0944818571429,26.5714285714286,20.080688,26.0,,,,,,0,2015-07-12,5200175,Agua Fria de Goias,GO,2015,28
1436054400000,201527,0.0,0,0,0,0.5,0.0,0,1,520017520152719589,2023-08-20,Água Fria de Goiás,0,0.0,5793,14.2857142857143,89.7142857142857,0,0,0,65.7380361428571,33.5714285714286,19.7841307142857,26.0,,,,,,0,2015-07-05,5200175,Agua Fria de Goias,GO,2015,27
1435449600000,201526,0.0,0,0,0,0.5,0.0,0,1,520017520152619589,2023-08-20,Água Fria de Goiás,0,0.0,5793,12.0,85.2857142857143,0,0,0,59.876417,25.2857142857143,19.1681785714286,25.7142857142857,,,,,,0,2015-06-28,5200175,Agua Fria de Goias,GO,2015,26
1434844800000,201525,0.0,0,0,0,0.5,0.0,0,1,520017520152519589,2023-08-20,Água Fria de Goiás,0,0.0,5793,12.8571428571429,88.4285714285714,0,0,0,66.1838508571429,36.2857142857143,17.8029554285714,22.7142857142857,,,,,,0,2015-06-21,5200175,Agua Fria de Goias,GO,2015,25
1434240000000,201524,0.0,0,0,0,0.5,0.0,0,1,520017520152419589,2023-08-20,Água Fria de Goiás,0,0.0,5793,14.0,87.1428571428571,0,0,0,61.7091842857143,30.4285714285714,20.1428572857143,26.0,,,,,,0,2015-06-14,5200175,Agua Fria de Goias,GO,2015,24
1433635200000,201523,0.0,0,0,0,0.5,0.0,0,1,520017520152319589,2023-08-20,Água Fria de Goiás,0,0.0,5793,13.2857142857143,90.5714285714286,0,0,0,64.2448971428571,31.1428571428571,19.5918364285714,25.2857142857143,,,,,,0,2015-06-07,5200175,Agua Fria de Goias,GO,2015,23
1433030400000,201522,0.0,0,0,0,0.5,0.0,0,1,520017520152219589,2023-08-20,Água Fria de Goiás,0,0.0,5793,14.8571428571429,90.5714285714286,0,0,0,67.945919,36.4285714285714,19.8690475714286,25.0,,,,,,0,2015-05-31,5200175,Agua Fria de Goias,GO,2015,22
1432425600000,201521,0.0,0,0,0,0.5,0.0,0,1,520017520152119589,2023-08-20,Água Fria de Goiás,0,0.0,5793,14.1428571428571,91.4285714285714,0,0,0,67.2397967142857,32.8571428571429,19.9711471428571,26.0,,,,,,0,2015-05-24,5200175,Agua Fria de Goias,GO,2015,21
1431820800000,201520,0.0,0,0,0,0.5,0.0,0,1,520017520152019589,2023-08-20,Água Fria de Goiás,0,0.0,5793,15.4285714285714,92.2857142857143,0,0,0,72.6418005714286,44.7142857142857,19.2973258571429,24.0,,,,,,0,2015-05-17,5200175,Agua Fria de Goias,GO,2015,20
1431216000000,201519,0.0,0,0,0,0.5,0.0,0,1,520017520151919589,2023-08-20,Água Fria de Goiás,0,0.0,5793,15.7142857142857,93.4285714285714,0,0,0,80.1965742857143,59.2857142857143,19.0622945714286,22.8571428571429,,,,,,0,2015-05-10,5200175,Agua Fria de Goias,GO,2015,19
1430611200000,201518,0.0,0,0,0,0.5,0.0,0,1,520017520151819589,2023-08-20,Água Fria de Goiás,0,0.0,5793,17.7142857142857,96.5714285714286,0,0,0,80.4563685714286,57.8571428571429,20.5177691428571,24.5714285714286,,,,,,0,2015-05-03,5200175,Agua Fria de Goias,GO,2015,18
1430006400000,201517,0.0,0,0,0,0.5,0.0,0,1,520017520151719589,2023-08-20,Água Fria de Goiás,0,0.0,5793,16.8571428571429,95.7142857142857,0,0,0,80.6601361428571,54.8571428571429,20.0105428571429,24.7142857142857,,,,,,0,2015-04-26,5200175,Agua Fria de Goias,GO,2015,17
1429401600000,201516,0.0,0,0,0,0.5,0.0,0,1,520017520151619589,2023-08-20,Água Fria de Goiás,0,0.0,5793,18.4285714285714,95.7142857142857,0,0,0,76.4443514285714,44.0,22.134099,27.5714285714286,,,,,,0,2015-04-19,5200175,Agua Fria de Goias,GO,2015,16
1428796800000,201515,0.0,0,0,0,0.5,0.0,0,1,520017520151519589,2023-08-20,Água Fria de Goiás,0,0.0,5793,18.4285714285714,93.1428571428571,0,0,0,75.9855337142857,48.7142857142857,21.6359731428571,26.2857142857143,,,,,,0,2015-04-12,5200175,Agua Fria de Goias,GO,2015,15
1428192000000,201514,0.0,0,0,0,0.5,0.0,0,1,520017520151419589,2023-08-20,Água Fria de Goiás,0,0.0,5793,18.7142857142857,94.0,0,0,0,77.1866985714286,46.1428571428571,21.7334595714286,26.0,,,,,,0,2015-04-05,5200175,Agua Fria de Goias,GO,2015,14
1427587200000,201513,0.0,0,0,0,0.5,0.0,0,1,520017520151319589,2023-08-20,Água Fria de Goiás,0,0.0,5793,18.2857142857143,96.5714285714286,0,0,0,75.3332528571429,37.0,22.202622,27.8571428571429,,,,,,0,2015-03-29,5200175,Agua Fria de Goias,GO,2015,13
1426982400000,201512,0.0,0,0,0,0.5,0.0,0,1,520017520151219589,2023-08-20,Água Fria de Goiás,0,0.0,5793,17.7142857142857,95.7142857142857,0,0,0,80.8270671428571,48.2857142857143,21.0986725714286,25.5714285714286,,,,,,0,2015-03-22,5200175,Agua Fria de Goias,GO,2015,12
1426377600000,201511,0.0,0,0,0,0.5,0.0,0,1,520017520151119589,2023-08-20,Água Fria de Goiás,0,0.0,5793,17.2857142857143,98.2857142857143,0,0,0,84.3561707142857,61.0,19.6327768571429,23.8571428571429,,,,,,0,2015-03-15,5200175,Agua Fria de Goias,GO,2015,11
1425772800000,201510,0.0,0,0,0,0.5,0.0,0,1,520017520151019589,2023-08-20,Água Fria de Goiás,0,0.0,5793,17.8571428571429,97.4285714285714,0,0,0,81.830273,42.8571428571429,20.7808065714286,25.0,,,,,,0,2015-03-08,5200175,Agua Fria de Goias,GO,2015,10
1425168000000,201509,0.0,0,0,0,0.5,0.0,0,1,520017520150919589,2023-08-20,Água Fria de Goiás,0,0.0,5793,17.7142857142857,94.8571428571429,0,0,0,77.6841821428571,53.5714285714286,21.1905647142857,26.1428571428571,,,,,,0,2015-03-01,5200175,Agua Fria de Goias,GO,2015,9
1424563200000,201508,0.0,0,0,0,0.5,0.0,0,1,520017520150819589,2023-08-20,Água Fria de Goiás,0,0.0,5793,18.4285714285714,91.5714285714286,0,0,0,71.7595595714286,43.1428571428571,22.0693454285714,26.8571428571429,,,,,,0,2015-02-22,5200175,Agua Fria de Goias,GO,2015,8
1423958400000,201507,0.0,0,0,0,0.5,0.0,0,1,520017520150719589,2023-08-20,Água Fria de Goiás,0,0.0,5793,18.4285714285714,90.4285714285714,0,0,0,73.3940567142857,41.8571428571429,21.562666,25.8571428571429,,,,,,0,2015-02-15,5200175,Agua Fria de Goias,GO,2015,7
1423353600000,201506,0.0,0,0,0,0.5,0.0,0,1,520017520150619589,2023-08-20,Água Fria de Goiás,0,0.0,5793,18.0,90.5714285714286,0,0,0,67.802691,41.1428571428571,22.5324597142857,27.4285714285714,,,,,,0,2015-02-08,5200175,Agua Fria de Goias,GO,2015,6
1422748800000,201505,0.0,0,0,0,0.5,0.0,0,1,520017520150519589,2023-08-20,Água Fria de Goiás,0,0.0,5793,18.0,88.5714285714286,0,0,0,70.6312791428571,46.4285714285714,21.8600745714286,26.0,,,,,,0,2015-02-01,5200175,Agua Fria de Goias,GO,2015,5
1422144000000,201504,0.0,0,0,0,0.5,0.0,0,1,520017520150419589,2023-08-20,Água Fria de Goiás,0,0.0,5793,17.7142857142857,94.8571428571429,0,0,0,72.687755,46.0,21.8853057142857,27.1428571428571,,,,,,0,2015-01-25,5200175,Agua Fria de Goias,GO,2015,4
1421539200000,201503,0.0,0,0,0,0.5,0.0,0,1,520017520150319589,2023-08-20,Água Fria de Goiás,0,0.0,5793,18.4285714285714,83.2857142857143,0,0,0,60.6201637142857,31.2857142857143,23.1567552857143,29.1428571428571,,,,,,0,2015-01-18,5200175,Agua Fria de Goias,GO,2015,3
1420934400000,201502,0.0,0,0,0,0.5,0.0,0,1,520017520150219589,2023-08-20,Água Fria de Goiás,0,0.0,5793,18.5714285714286,77.1428571428571,0,0,0,50.7448981428571,21.5714285714286,24.6224488571429,30.0,,,,,,0,2015-01-11,5200175,Agua Fria de Goias,GO,2015,2
1420329600000,201501,0.0,0,0,0,0.5,0.0,0,1,520017520150119589,2023-08-20,Água Fria de Goiás,0,0.0,5793,18.5714285714286,81.2857142857143,0,0,0,58.0342871428571,27.2857142857143,24.0890255714286,30.1428571428571,,,,,,0,2015-01-04,5200175,Agua Fria de Goias,GO,2015,1
1419724800000,201453,0.0,0,0,0,0.5,0.0,0,1,520017520145319589,2023-08-20,Água Fria de Goiás,0,0.0,5793,19.5714285714286,79.2857142857143,0,0,0,56.4904285714286,28.0,25.3328994285714,31.2857142857143,,,,,,0,2014-12-28,5200175,Agua Fria de Goias,GO,2014,53
1419120000000,201452,0.0,0,0,0,0.5,0.0,0,1,520017520145219589,2023-08-20,Água Fria de Goiás,0,0.0,5793,20.2857142857143,85.2857142857143,0,0,0,67.0388671428571,38.7142857142857,24.0076002857143,28.2857142857143,,,,,,0,2014-12-21,5200175,Agua Fria de Goias,GO,2014,52
1418515200000,201451,0.0,0,0,0,0.5,0.0,0,1,520017520145119589,2023-08-20,Água Fria de Goiás,0,0.0,5793,20.2857142857143,91.5714285714286,0,0,0,76.6791265714286,48.1428571428571,23.1513462857143,27.5714285714286,,,,,,0,2014-12-14,5200175,Agua Fria de Goias,GO,2014,51
1417910400000,201450,0.0,0,0,0,0.5,0.0,0,1,520017520145019589,2023-08-20,Água Fria de Goiás,0,0.0,5793,19.7142857142857,87.4285714285714,0,0,0,75.6467557142857,51.5714285714286,21.6147557142857,25.1428571428571,,,,,,0,2014-12-07,5200175,Agua Fria de Goias,GO,2014,50
1417305600000,201449,0.0,0,0,0,0.5,0.0,0,1,520017520144919589,2023-08-20,Água Fria de Goiás,0,0.0,5793,19.5714285714286,87.2857142857143,0,0,0,70.9073905714286,44.1428571428571,22.5436531428571,27.0,,,,,,0,2014-11-30,5200175,Agua Fria de Goias,GO,2014,49
1416700800000,201448,0.0,0,0,0,0.5,0.0,0,1,520017520144819589,2023-08-20,Água Fria de Goiás,0,0.0,5793,19.7142857142857,90.7142857142857,0,0,0,73.7014085714286,38.2857142857143,22.7467577142857,27.5714285714286,,,,,,0,2014-11-23,5200175,Agua Fria de Goias,GO,2014,48
1416096000000,201447,0.0,0,0,0,0.5,0.0,0,1,520017520144719589,2023-08-20,Água Fria de Goiás,0,0.0,5793,20.0,80.1428571428571,0,0,0,62.0314897142857,35.5714285714286,23.9725545714286,29.0,,,,,,0,2014-11-16,5200175,Agua Fria de Goias,GO,2014,47
1415491200000,201446,0.0,0,0,0,0.5,0.0,0,1,520017520144619589,2023-08-20,Água Fria de Goiás,0,0.0,5793,20.4285714285714,85.1428571428571,0,0,0,69.7232632857143,41.0,23.4804765714286,27.8571428571429,,,,,,0,2014-11-09,5200175,Agua Fria de Goias,GO,2014,46
1414886400000,201445,0.0,0,0,0,0.5,0.0,0,1,520017520144519589,2023-08-20,Água Fria de Goiás,0,0.0,5793,20.4285714285714,81.5714285714286,0,0,0,59.1109688571429,26.5714285714286,24.9634501428571,30.8571428571429,,,,,,0,2014-11-02,5200175,Agua Fria de Goias,GO,2014,45
1414281600000,201444,0.0,0,0,0,0.5,0.0,0,1,520017520144419589,2023-08-20,Água Fria de Goiás,0,0.0,5793,18.7142857142857,86.7142857142857,0,0,0,69.1197214285714,40.7142857142857,22.9397954285714,28.4285714285714,,,,,,0,2014-10-26,5200175,Agua Fria de Goias,GO,2014,44
1413676800000,201443,0.0,0,0,0,0.5,0.0,0,1,520017520144319589,2023-08-20,Água Fria de Goiás,0,0.0,5793,21.0,71.1428571428571,0,0,0,51.6806957142857,24.8571428571429,25.3099822857143,30.5714285714286,,,,,,0,2014-10-19,5200175,Agua Fria de Goias,GO,2014,43
1413072000000,201442,0.0,0,0,0,0.5,0.0,0,1,520017520144219589,2023-08-20,Água Fria de Goiás,0,0.0,5793,18.8571428571429,56.1428571428571,0,0,0,29.4879067142857,8.57142857142857,27.5274,34.7142857142857,,,,,,0,2014-10-12,5200175,Agua Fria de Goias,GO,2014,42
1412467200000,201441,0.0,0,0,0,0.5,0.0,0,1,520017520144119589,2023-08-20,Água Fria de Goiás,0,0.0,5793,17.5714285714286,54.2857142857143,0,0,0,33.6224492857143,11.5714285714286,24.1836735714286,30.4285714285714,,,,,,0,2014-10-05,5200175,Agua Fria de Goias,GO,2014,41
1411862400000,201440,0.0,0,0,0,0.5,0.0,0,1,520017520144019589,2023-08-20,Água Fria de Goiás,0,0.0,5793,20.2857142857143,68.8571428571429,0,0,0,47.508461,20.8571428571429,25.6130834285714,31.8571428571429,,,,,,0,2014-09-28,5200175,Agua Fria de Goias,GO,2014,40
1411257600000,201439,0.0,0,0,0,0.5,0.0,0,1,520017520143919589,2023-08-20,Água Fria de Goiás,0,0.0,5793,21.1428571428571,69.0,0,0,0,46.7214994285714,19.7142857142857,26.0149544285714,31.7142857142857,,,,,,0,2014-09-21,5200175,Agua Fria de Goias,GO,2014,39
1410652800000,201438,0.0,0,0,0,0.5,0.0,0,1,520017520143819589,2023-08-20,Água Fria de Goiás,0,0.0,5793,18.2857142857143,62.1428571428571,0,0,0,33.3552531428571,10.7142857142857,26.3418368571429,32.8571428571429,,,,,,0,2014-09-14,5200175,Agua Fria de Goias,GO,2014,38
1410048000000,201437,0.0,0,0,0,0.5,0.0,0,1,520017520143719589,2023-08-20,Água Fria de Goiás,0,0.0,5793,16.2857142857143,57.0,0,0,0,35.1071425714286,12.4285714285714,23.2499997142857,29.5714285714286,,,,,,0,2014-09-07,5200175,Agua Fria de Goias,GO,2014,37
1409443200000,201436,0.0,0,0,0,0.5,0.0,0,1,520017520143619589,2023-08-20,Água Fria de Goiás,0,0.0,5793,19.4285714285714,73.0,0,0,0,47.2049047142857,20.4285714285714,24.8238971428571,30.8571428571429,,,,,,0,2014-08-31,5200175,Agua Fria de Goias,GO,2014,36
1408838400000,201435,0.0,0,0,0,0.5,0.0,0,1,520017520143519589,2023-08-20,Água Fria de Goiás,0,0.0,5793,16.4285714285714,60.4285714285714,0,0,0,34.8724491428571,10.1428571428571,24.3877548571429,31.5714285714286,,,,,,0,2014-08-24,5200175,Agua Fria de Goias,GO,2014,35
1408233600000,201434,0.0,0,0,0,0.5,0.0,0,1,520017520143419589,2023-08-20,Água Fria de Goiás,0,0.0,5793,13.8571428571429,71.2857142857143,0,0,0,41.7519352857143,14.0,21.7931032857143,28.4285714285714,,,,,,0,2014-08-17,5200175,Agua Fria de Goias,GO,2014,34
1407628800000,201433,0.0,0,0,0,0.5,0.0,0,1,520017520143319589,2023-08-20,Água Fria de Goiás,0,0.0,5793,13.8571428571429,71.0,0,0,0,40.5595781428571,14.4285714285714,21.5458335714286,28.2857142857143,,,,,,0,2014-08-10,5200175,Agua Fria de Goias,GO,2014,33
1407024000000,201432,0.0,0,0,0,0.5,0.0,0,1,520017520143219589,2023-08-20,Água Fria de Goiás,0,0.0,5793,14.1428571428571,68.0,0,0,0,40.7653051428571,13.2857142857143,21.5969388571429,28.2857142857143,,,,,,0,2014-08-03,5200175,Agua Fria de Goias,GO,2014,32
1406419200000,201431,0.0,0,0,0,0.5,0.0,0,1,520017520143119589,2023-08-20,Água Fria de Goiás,0,0.0,5793,14.8571428571429,80.8571428571429,0,0,0,60.4843962857143,35.7142857142857,19.6590917142857,25.1428571428571,,,,,,0,2014-07-27,5200175,Agua Fria de Goias,GO,2014,31
1405814400000,201430,0.0,0,0,0,0.5,0.0,0,1,520017520143019589,2023-08-20,Água Fria de Goiás,0,0.0,5793,15.5714285714286,77.8571428571429,0,0,0,55.2837485714286,28.8571428571429,20.8577097142857,26.4285714285714,,,,,,0,2014-07-20,5200175,Agua Fria de Goias,GO,2014,30
1405209600000,201429,0.0,0,0,0,0.5,0.0,0,1,520017520142919589,2023-08-20,Água Fria de Goiás,0,0.0,5793,13.5714285714286,77.8571428571429,0,0,0,50.6938775714286,19.4285714285714,20.357143,27.0,,,,,,0,2014-07-13,5200175,Agua Fria de Goias,GO,2014,29
1404604800000,201428,0.0,0,0,0,0.5,0.0,0,1,520017520142819589,2023-08-20,Água Fria de Goiás,0,0.0,5793,14.5714285714286,74.5714285714286,0,0,0,50.923469,21.8571428571429,20.8520405714286,26.1428571428571,,,,,,0,2014-07-06,5200175,Agua Fria de Goias,GO,2014,28
1404000000000,201427,0.0,0,0,0,0.5,0.0,0,1,520017520142719589,2023-08-20,Água Fria de Goiás,0,0.0,5793,13.1428571428571,77.4285714285714,0,0,0,48.0728351428571,17.4285714285714,20.9090431428571,27.8571428571429,,,,,,0,2014-06-29,5200175,Agua Fria de Goias,GO,2014,27
1403395200000,201426,0.0,0,0,0,0.5,0.0,0,1,520017520142619589,2023-08-20,Água Fria de Goiás,0,0.0,5793,13.2857142857143,80.8571428571429,0,0,0,54.574489,24.1428571428571,19.9792517142857,26.5714285714286,,,,,,0,2014-06-22,5200175,Agua Fria de Goias,GO,2014,26
1402790400000,201425,0.0,0,0,0,0.5,0.0,0,1,520017520142519589,2023-08-20,Água Fria de Goiás,0,0.0,5793,15.7142857142857,81.2857142857143,0,0,0,59.2356225714286,28.2857142857143,21.2226344285714,26.5714285714286,,,,,,0,2014-06-15,5200175,Agua Fria de Goias,GO,2014,25
1402185600000,201424,0.0,0,0,0,0.5,0.0,0,1,520017520142419589,2023-08-20,Água Fria de Goiás,0,0.0,5793,15.7142857142857,78.2857142857143,0,0,0,57.1260028571429,28.7142857142857,21.0147077142857,26.4285714285714,,,,,,0,2014-06-08,5200175,Agua Fria de Goias,GO,2014,24
1401580800000,201423,0.0,0,0,0,0.5,0.0,0,1,520017520142319589,2023-08-20,Água Fria de Goiás,0,0.0,5793,16.8571428571429,81.4285714285714,0,0,0,61.0873571428571,30.0,21.9909217142857,27.7142857142857,,,,,,0,2014-06-01,5200175,Agua Fria de Goias,GO,2014,23
1400976000000,201422,0.0,0,0,0,0.5,0.0,0,1,520017520142219589,2023-08-20,Água Fria de Goiás,0,0.0,5793,16.1428571428571,79.0,0,0,0,58.0800491428571,28.8571428571429,21.9535537142857,28.1428571428571,,,,,,0,2014-05-25,5200175,Agua Fria de Goias,GO,2014,22
1400371200000,201421,0.0,0,0,0,0.5,0.0,0,1,520017520142119589,2023-08-20,Água Fria de Goiás,0,0.0,5793,18.0,81.2857142857143,0,0,0,57.814059,28.7142857142857,23.2891152857143,28.5714285714286,,,,,,0,2014-05-18,5200175,Agua Fria de Goias,GO,2014,21
1399766400000,201420,0.0,0,0,0,0.5,0.0,0,1,520017520142019589,2023-08-20,Água Fria de Goiás,0,0.0,5793,15.7142857142857,79.2857142857143,0,0,0,56.2071052857143,28.1428571428571,21.6887757142857,27.1428571428571,,,,,,0,2014-05-11,5200175,Agua Fria de Goias,GO,2014,20
1399161600000,201419,0.0,0,0,0,0.5,0.0,0,1,520017520141919589,2023-08-20,Água Fria de Goiás,0,0.0,5793,17.0,81.7142857142857,0,0,0,58.8106048571429,30.4285714285714,22.5957138571429,27.8571428571429,,,,,,0,2014-05-04,5200175,Agua Fria de Goias,GO,2014,19
1398556800000,201418,0.0,0,0,0,0.5,0.0,0,1,520017520141819589,2023-08-20,Água Fria de Goiás,0,0.0,5793,14.5714285714286,80.4285714285714,0,0,0,58.2117348571429,29.1428571428571,20.994898,27.0,,,,,,0,2014-04-27,5200175,Agua Fria de Goias,GO,2014,18
1397952000000,201417,0.0,0,0,0,0.5,0.0,0,1,520017520141719589,2023-08-20,Água Fria de Goiás,0,0.0,5793,19.4285714285714,83.0,0,0,0,70.4458207142857,42.1428571428571,23.1601132857143,27.8571428571429,,,,,,0,2014-04-20,5200175,Agua Fria de Goias,GO,2014,17
1397347200000,201416,0.0,0,0,0,0.5,0.0,0,1,520017520141619589,2023-08-20,Água Fria de Goiás,0,0.0,5793,20.0,85.2857142857143,0,0,0,65.1334474285714,34.5714285714286,24.4886325714286,29.0,,,,,,0,2014-04-13,5200175,Agua Fria de Goias,GO,2014,16
1396742400000,201415,0.0,0,0,0,0.5,0.0,0,1,520017520141519589,2023-08-20,Água Fria de Goiás,0,0.0,5793,20.5714285714286,88.2857142857143,0,0,0,70.485928,37.1428571428571,24.0806597142857,29.1428571428571,,,,,,0,2014-04-06,5200175,Agua Fria de Goias,GO,2014,15
1396137600000,201414,0.0,0,0,0,0.5,0.0,0,1,520017520141419589,2023-08-20,Água Fria de Goiás,0,0.0,5793,20.1428571428571,89.2857142857143,0,0,0,74.6359222857143,46.0,23.0129837142857,28.0,,,,,,0,2014-03-30,5200175,Agua Fria de Goias,GO,2014,14
1395532800000,201413,0.0,0,0,0,0.5,0.0,0,1,520017520141319589,2023-08-20,Água Fria de Goiás,0,0.0,5793,19.8571428571429,90.8571428571429,0,0,0,77.2736085714286,45.8571428571429,22.1759181428571,26.7142857142857,,,,,,0,2014-03-23,5200175,Agua Fria de Goias,GO,2014,13
1394928000000,201412,0.0,0,0,0,0.5,0.0,0,1,520017520141219589,2023-08-20,Água Fria de Goiás,0,0.0,5793,19.5714285714286,85.2857142857143,0,0,0,67.9831368571429,38.7142857142857,23.3476074285714,29.2857142857143,,,,,,0,2014-03-16,5200175,Agua Fria de Goias,GO,2014,12
1394323200000,201411,0.0,0,0,0,0.5,0.0,0,1,520017520141119589,2023-08-20,Água Fria de Goiás,0,0.0,5793,19.8571428571429,83.8571428571429,0,0,0,63.4616961428571,34.4285714285714,24.1478344285714,28.8571428571429,,,,,,0,2014-03-09,5200175,Agua Fria de Goias,GO,2014,11
1393718400000,201410,0.0,0,0,0,0.5,0.0,0,1,520017520141019589,2023-08-20,Água Fria de Goiás,0,0.0,5793,19.8571428571429,89.7142857142857,0,0,0,74.45122,44.5714285714286,23.0490265714286,27.5714285714286,,,,,,0,2014-03-02,5200175,Agua Fria de Goias,GO,2014,10
1393113600000,201409,0.0,0,0,0,0.5,0.0,0,1,520017520140919589,2023-08-20,Água Fria de Goiás,0,0.0,5793,19.2857142857143,83.0,0,0,0,64.8678975714286,38.8571428571429,23.6188598571429,28.4285714285714,,,,,,0,2014-02-23,5200175,Agua Fria de Goias,GO,2014,9
1392508800000,201408,0.0,0,0,0,0.5,0.0,0,1,520017520140819589,2023-08-20,Água Fria de Goiás,0,0.0,5793,19.1428571428571,92.4285714285714,0,0,0,76.7170394285714,51.0,22.0341674285714,26.4285714285714,,,,,,0,2014-02-16,5200175,Agua Fria de Goias,GO,2014,8
1391904000000,201407,0.0,0,0,0,0.5,0.0,0,1,520017520140719589,2023-08-20,Água Fria de Goiás,0,0.0,5793,18.1428571428571,89.4285714285714,0,0,0,64.5335765714286,38.1428571428571,23.330237,28.4285714285714,,,,,,0,2014-02-09,5200175,Agua Fria de Goias,GO,2014,7
1391299200000,201406,0.0,0,0,0,0.5,0.0,0,1,520017520140619589,2023-08-20,Água Fria de Goiás,0,0.0,5793,18.4285714285714,77.8571428571429,0,0,0,50.6020405714286,21.7142857142857,24.4540815714286,30.1428571428571,,,,,,0,2014-02-02,5200175,Agua Fria de Goias,GO,2014,6
1390694400000,201405,0.0,0,0,0,0.5,0.0,0,1,520017520140519589,2023-08-20,Água Fria de Goiás,0,0.0,5793,18.5714285714286,79.5714285714286,0,0,0,59.0306118571429,32.8571428571429,23.2653058571429,28.5714285714286,,,,,,0,2014-01-26,5200175,Agua Fria de Goias,GO,2014,5
1390089600000,201404,0.0,0,0,0,0.5,0.0,0,1,520017520140419589,2023-08-20,Água Fria de Goiás,0,0.0,5793,18.1428571428571,93.1428571428571,0,0,0,74.4857485714286,36.5714285714286,21.7493897142857,27.1428571428571,,,,,,0,2014-01-19,5200175,Agua Fria de Goias,GO,2014,4
1389484800000,201403,0.0,0,0,0,0.5,0.0,0,1,520017520140319589,2023-08-20,Água Fria de Goiás,0,0.0,5793,19.0,84.8571428571429,0,0,0,61.93049,32.1428571428571,23.8968517142857,29.8571428571429,,,,,,0,2014-01-12,5200175,Agua Fria de Goias,GO,2014,3
1388880000000,201402,0.0,0,0,0,0.5,0.0,0,1,520017520140219589,2023-08-20,Água Fria de Goiás,0,0.0,5793,18.2857142857143,83.8571428571429,0,0,0,55.7462791428571,25.7142857142857,24.1043958571429,29.7142857142857,,,,,,0,2014-01-05,5200175,Agua Fria de Goias,GO,2014,2
1388275200000,201401,0.0,0,0,0,0.5,0.0,0,1,520017520140119589,2023-08-20,Água Fria de Goiás,0,0.0,5793,18.5714285714286,89.8571428571429,0,0,0,65.0826708571429,34.4285714285714,24.1233797142857,29.8571428571429,,,,,,0,2013-12-29,5200175,Agua Fria de Goias,GO,2014,1
