data_iniSE,se_codigo,casos_est,casos_est_min,casos_est_max,casos,p_rt1,p_inc100k,Localidade_id,nivel,id,versao_modelo,municipio_nome,tweet,Rt,pop,tempmin,umidmax,receptivo,transmissao,nivel_inc,umidmed,umidmin,tempmed,tempmax,casprov,casprov_est,casprov_est_min,casprov_est_max,casconf,notif_accum_year,data_ini_se,cod_ibge,municipio,uf,ano,semana
1707609600000,202407,0.0,0,0,0,0.0,0.0,0,1,530010820240719779,2024-02-26,Brasília,0,0.0,2923369,22.3333333333333,77.5473187777778,0,0,0,75.6140711111111,73.6808255555556,22.5,22.6666666666667,,,,,,4872,2024-02-11,5300108,Brasilia,DF,2024,7
1707004800000,202406,0.0,0,0,0,0.0,0.0,0,1,530010820240619779,2024-02-26,Brasília,0,0.0,2923369,22.3,82.4472402,0,0,0,81.7351194,81.0229992,22.3,22.3,,,,,,4872,2024-02-04,5300108,Brasilia,DF,2024,6
1706400000000,202405,0.0,0,0,0,0.0,0.0,0,1,530010820240519779,2024-02-26,Brasília,0,0.0,2923369,22.4285714285714,80.6155614285714,0,0,0,79.3534528571429,78.0913435714286,22.6428571428571,22.8571428571429,,,,,,4872,2024-01-28,5300108,Brasilia,DF,2024,5
1705795200000,202404,0.0,0,0,0,0.0,0.0,0,1,530010820240419779,2024-02-26,Brasília,0,0.0,2923369,22.8571428571429,83.437763,0,0,0,82.0772011428571,80.7166408571429,22.9285714285714,23.0,,,,,,4872,2024-01-21,5300108,Brasilia,DF,2024,4
1705190400000,202403,6.0,6,6,6,0.8593966,0.20524265,0,1,530010820240319779,2024-02-26,Brasília,0,2.0273213,2923369,22.625,75.302707875,0,0,0,72.773421875,70.24414175,23.1875,23.75,,,,,,4872,2024-01-14,5300108,Brasilia,DF,2024,3
1704585600000,202402,1.0,1,1,1,0.35213113,0.03420711,0,1,530010820240219779,2024-02-26,Brasília,0,0.66409206,2923369,21.7142857142857,87.0944164285714,0,0,0,85.6288407142857,84.1632664285714,21.8571428571429,22.0,,,,,,4872,2024-01-07,5300108,Brasilia,DF,2024,2
1703980800000,202401,6.0,6,6,6,0.9975692,0.20524265,0,1,530010820240119779,2024-02-26,Brasília,0,18.521618,2923369,21.375,91.4545975,1,0,0,90.47780375,89.50101125,21.4375,21.5,,,,,,4872,2023-12-31,5300108,Brasilia,DF,2024,1
1703376000000,202352,0.0,0,0,0,0.0,0.0,0,1,530010820235219779,2024-02-26,Brasília,0,0.0,2923369,22.25,80.3006755,0,0,0,79.11323625,78.251583,22.53125,22.75,,,,,,4872,2023-12-24,5300108,Brasilia,DF,2023,52
1702771200000,202351,0.0,0,0,0,0.0,0.0,0,1,530010820235119779,2024-02-26,Brasília,0,0.0,2923369,23.0,68.1333115714286,0,0,0,65.8445251428571,63.5557388571429,23.3571428571429,23.7142857142857,,,,,,4872,2023-12-17,5300108,Brasilia,DF,2023,51
1702166400000,202350,0.0,0,0,0,0.0,0.0,0,1,530010820235019779,2024-02-26,Brasília,0,0.0,2923369,23.3888888888889,62.7843095,0,0,0,52.8631001111111,38.8502437222222,25.9027782222222,30.5555555555556,,,,,,4872,2023-12-10,5300108,Brasilia,DF,2023,50
1701561600000,202349,0.0,0,0,0,0.0,0.0,0,1,530010820234919779,2024-02-26,Brasília,0,0.0,2923369,18.7142857142857,87.7224685714286,0,0,0,65.5763457142857,40.3694318571429,23.6817458571429,29.7142857142857,,,,,,4872,2023-12-03,5300108,Brasilia,DF,2023,49
1700956800000,202348,0.0,0,0,0,0.0,0.0,0,1,530010820234819779,2024-02-26,Brasília,0,0.0,2923369,19.5714285714286,90.8571985714286,0,0,0,68.0952208571429,41.0100611428571,24.1011905714286,30.1428571428571,,,,,,4872,2023-11-26,5300108,Brasilia,DF,2023,48
1700352000000,202347,0.0,0,0,0,0.0,0.0,0,1,530010820234719779,2024-02-26,Brasília,0,0.0,2923369,20.4285714285714,91.7267042857143,0,0,0,69.7437978571429,43.2197112857143,24.315476,30.0,,,,,,4872,2023-11-19,5300108,Brasilia,DF,2023,47
1699747200000,202346,0.0,0,0,0,0.0,0.0,0,1,530010820234619779,2024-02-26,Brasília,0,0.0,2923369,22.7777777777778,72.453616,0,0,0,55.1531758888889,36.1894995,26.2638893333333,30.5,,,,,,4872,2023-11-12,5300108,Brasilia,DF,2023,46
1699142400000,202345,0.0,0,0,0,0.0,0.0,0,1,530010820234519779,2024-02-26,Brasília,0,0.0,2923369,24.1428571428571,59.406555,0,0,0,55.402875,51.7489038571429,24.8214285714286,25.5714285714286,,,,,,4872,2023-11-05,5300108,Brasilia,DF,2023,45
1698537600000,202344,0.0,0,0,0,0.0,0.0,0,1,530010820234419779,2024-02-26,Brasília,0,0.0,2923369,22.5714285714286,76.8299397142857,0,0,0,74.9081557142857,72.986375,22.8571428571429,23.1428571428571,,,,,,4872,2023-10-29,5300108,Brasilia,DF,2023,44
1697932800000,202343,0.0,0,0,0,0.0,0.0,0,1,530010820234319779,2024-02-26,Brasília,0,0.0,2923369,23.625,70.64784975,0,0,0,68.864556875,66.845518,23.84375,24.125,,,,,,4872,2023-10-22,5300108,Brasilia,DF,2023,43
1697328000000,202342,0.0,0,0,0,0.0,0.0,0,1,530010820234219779,2024-02-26,Brasília,0,0.0,2923369,25.0,50.4539024285714,0,0,0,47.6675038571429,44.5824724285714,25.6071428571429,26.2857142857143,,,,,,4872,2023-10-15,5300108,Brasilia,DF,2023,42
1696723200000,202341,0.0,0,0,0,0.0,0.0,0,1,530010820234119779,2024-02-26,Brasília,0,0.0,2923369,24.1428571428571,68.0289928571429,0,0,0,65.4778638571429,63.2150002857143,24.5357142857143,24.8571428571429,,,,,,4872,2023-10-08,5300108,Brasilia,DF,2023,41
1696118400000,202340,0.0,0,0,0,0.0,0.0,0,1,530010820234019779,2024-02-26,Brasília,0,0.0,2923369,23.75,69.19345425,0,0,0,66.60855875,64.023664625,24.3125,24.875,,,,,,4872,2023-10-01,5300108,Brasilia,DF,2023,40
1695513600000,202339,0.0,0,0,0,0.0,0.0,0,1,530010820233919779,2024-02-26,Brasília,0,0.0,2923369,23.7272727272727,66.4350733636364,0,0,0,56.7536482727273,43.6213007272727,25.3939394545455,27.9090909090909,,,,,,4872,2023-09-24,5300108,Brasilia,DF,2023,39
1694908800000,202338,0.0,0,0,0,0.0,0.0,0,1,530010820233819779,2024-02-26,Brasília,0,0.0,2923369,24.5714285714286,43.9911928571429,0,0,0,40.9585695714286,38.7778872857143,25.6011905714286,26.5714285714286,,,,,,4872,2023-09-17,5300108,Brasilia,DF,2023,38
1694304000000,202337,0.0,0,0,0,0.0,0.0,0,1,530010820233719779,2024-02-26,Brasília,0,0.0,2923369,17.2857142857143,71.4288895714286,0,0,0,47.7239744285714,30.0772778571429,23.404762,29.1428571428571,,,,,,4872,2023-09-10,5300108,Brasilia,DF,2023,37
1693699200000,202336,0.0,0,0,0,0.0,0.0,0,1,530010820233619779,2024-02-26,Brasília,0,0.0,2923369,18.8571428571429,74.2545301428571,0,0,0,50.6712978571429,30.0095514285714,24.2023808571429,29.8571428571429,,,,,,4872,2023-09-03,5300108,Brasilia,DF,2023,36
1693094400000,202335,0.0,0,0,0,0.0,0.0,0,1,530010820233519779,2024-02-26,Brasília,0,0.0,2923369,19.0,92.34299,0,0,0,71.8088505714286,44.0525872857143,22.9583334285714,28.4285714285714,,,,,,4872,2023-08-27,5300108,Brasilia,DF,2023,35
1692489600000,202334,0.0,0,0,0,0.0,0.0,0,1,530010820233419779,2024-02-26,Brasília,0,0.0,2923369,16.875,77.421457875,0,0,0,51.082666375,25.825212,23.458333,30.875,,,,,,4872,2023-08-20,5300108,Brasilia,DF,2023,34
1691884800000,202333,0.0,0,0,0,0.0,0.0,0,1,530010820233319779,2024-02-26,Brasília,0,0.0,2923369,17.0,61.4503328571429,0,0,0,44.9058054285714,30.9160845714286,21.4047617142857,25.7142857142857,,,,,,4872,2023-08-13,5300108,Brasilia,DF,2023,33
1691280000000,202332,0.0,0,0,0,0.0,0.0,0,1,530010820233219779,2024-02-26,Brasília,0,0.0,2923369,21.8571428571429,38.9092852857143,0,0,0,37.1328168571429,35.2294795714286,22.8095237142857,23.7142857142857,,,,,,4872,2023-08-06,5300108,Brasilia,DF,2023,32
1690675200000,202331,1.0,1,1,1,0.44853705,0.03420711,0,1,530010820233119779,2024-02-26,Brasília,0,0.8645277,2923369,20.4285714285714,46.0437821428571,0,0,0,43.8288837142857,41.9376985714286,20.904762,21.2857142857143,,,,,,4872,2023-07-30,5300108,Brasilia,DF,2023,31
1690070400000,202330,1.0,1,1,1,0.5404052,0.03420711,0,1,530010820233019779,2024-02-26,Brasília,0,1.1262699,2923369,19.4285714285714,54.593627,0,0,0,50.4619251428571,47.0681557142857,20.2142857142857,20.8571428571429,,,,,,4872,2023-07-23,5300108,Brasilia,DF,2023,30
1689465600000,202329,2.0,2,2,2,0.75242865,0.06841422,0,1,530010820232919779,2024-02-26,Brasília,0,2.0181584,2923369,20.5714285714286,54.3865095714286,0,0,0,51.2960475714286,48.3776414285714,21.3095237142857,22.0,,,,,,4872,2023-07-16,5300108,Brasilia,DF,2023,29
1688860800000,202328,0.0,0,0,0,0.0,0.0,0,1,530010820232819779,2024-02-26,Brasília,0,0.0,2923369,19.1428571428571,56.7599607142857,0,0,0,53.0187112857143,49.2882338571429,20.0714285714286,21.0,,,,,,4872,2023-07-09,5300108,Brasilia,DF,2023,28
1688256000000,202327,1.0,1,1,1,0.6593934,0.03420711,0,1,530010820232719779,2024-02-26,Brasília,0,1.664479,2923369,16.7142857142857,55.6458987142857,0,0,0,52.0367727142857,48.2889567142857,17.4761905714286,18.2857142857143,,,,,,4872,2023-07-02,5300108,Brasilia,DF,2023,27
1687651200000,202326,2.0,2,2,2,0.8946869,0.06841422,0,1,530010820232619779,2024-02-26,Brasília,0,4.3661175,2923369,18.5714285714286,57.253633,0,0,0,54.7851431428571,52.1784072857143,19.0476191428571,19.5714285714286,,,,,,4872,2023-06-25,5300108,Brasilia,DF,2023,26
1687046400000,202325,0.0,0,0,0,0.0,0.0,0,1,530010820232519779,2024-02-26,Brasília,0,0.0,2923369,18.0,64.0836305714286,0,0,0,60.9203788571429,57.6386442857143,18.7142857142857,19.4285714285714,,,,,,4872,2023-06-18,5300108,Brasilia,DF,2023,25
1686441600000,202324,0.0,0,0,0,0.0,0.0,0,1,530010820232419779,2024-02-26,Brasília,0,0.0,2923369,20.7142857142857,66.4969484285714,0,0,0,63.926713,61.1503862857143,21.2857142857143,21.8571428571429,,,,,,4872,2023-06-11,5300108,Brasilia,DF,2023,24
1685836800000,202323,1.0,1,1,1,0.518861,0.03420711,0,1,530010820232319779,2024-02-26,Brasília,0,1.0564348,2923369,19.5714285714286,59.4515584285714,0,0,0,58.4332071428571,57.2548961428571,19.7619048571429,20.0,,,,,,4872,2023-06-04,5300108,Brasilia,DF,2023,23
1685232000000,202322,2.0,2,2,2,0.67112887,0.06841422,0,1,530010820232219779,2024-02-26,Brasília,0,1.5430944,2923369,20.3,67.169108,0,0,0,63.6827369,60.2327318,21.1,21.9,,,,,,4872,2023-05-28,5300108,Brasilia,DF,2023,22
1684627200000,202321,0.0,0,0,0,0.0,0.0,0,1,530010820232119779,2024-02-26,Brasília,0,0.0,2923369,14.0,78.9360135,0,0,0,60.0060449,41.7556427,19.1958332,24.4,,,,,,4872,2023-05-21,5300108,Brasilia,DF,2023,21
1684022400000,202320,1.0,1,1,1,0.2796977,0.03420711,0,1,530010820232019779,2024-02-26,Brasília,0,0.54405195,2923369,14.8333333333333,78.6741533888889,0,0,0,54.5352862222222,34.0003195555556,20.4537035555556,25.4444444444444,,,,,,4872,2023-05-14,5300108,Brasilia,DF,2023,20
1683417600000,202319,3.0,3,3,3,0.6699181,0.102621324,0,1,530010820231919779,2024-02-26,Brasília,0,1.4353248,2923369,19.875,69.332691875,0,0,0,61.188341375,52.937484875,21.7083335,23.75,,,,,,4872,2023-05-07,5300108,Brasilia,DF,2023,19
1682812800000,202318,1.0,1,1,1,0.17994508,0.03420711,0,1,530010820231819779,2024-02-26,Brasília,0,0.40414304,2923369,20.2,72.555739,0,0,0,68.7814148,63.9723086,20.9333336,21.8,,,,,,4872,2023-04-30,5300108,Brasilia,DF,2023,18
1682208000000,202317,2.0,2,2,2,0.45573875,0.06841422,0,2,530010820231719779,2024-02-26,Brasília,0,0.9065121,2923369,17.5652173913043,88.9228126086957,1,0,0,71.9095056521739,49.9794486086957,21.5923913913043,26.3913043478261,,,,,,4872,2023-04-23,5300108,Brasilia,DF,2023,17
1681603200000,202316,3.0,3,3,3,0.7295187,0.102621324,0,1,530010820231619779,2024-02-26,Brasília,0,1.6808869,2923369,18.4285714285714,91.6000642857143,1,0,0,75.3259434285714,53.8946497142857,22.0952382857143,27.0,,,,,,4872,2023-04-16,5300108,Brasilia,DF,2023,16
1680998400000,202315,3.0,3,3,3,0.6490395,0.102621324,0,1,530010820231519779,2024-02-26,Brasília,0,1.3651708,2923369,19.1428571428571,94.0203,1,0,0,77.2057447142857,51.4963784285714,22.4523808571429,27.7142857142857,,,,,,4872,2023-04-09,5300108,Brasilia,DF,2023,15
1680393600000,202314,0.0,0,0,0,0.0,0.0,0,1,530010820231419779,2024-02-26,Brasília,0,0.0,2923369,18.7142857142857,90.7521171428571,0,0,0,75.2732408571429,51.3468842857143,21.660714,26.5714285714286,,,,,,4872,2023-04-02,5300108,Brasilia,DF,2023,14
1679788800000,202313,3.0,3,3,3,0.6699173,0.102621324,0,1,530010820231319779,2024-02-26,Brasília,0,1.4353218,2923369,20.8571428571429,72.2697849047619,0,0,0,55.8554788095238,44.1183038571429,24.4166664761905,27.3809523809524,,,,,,4872,2023-03-26,5300108,Brasilia,DF,2023,13
1679184000000,202312,3.0,3,3,3,0.7294993,0.102621324,0,1,530010820231219779,2024-02-26,Brasília,0,1.6807929,2923369,17.5454545454545,91.3497589090909,1,0,0,71.9430174545455,48.5877656363636,21.8560603636364,27.0,,,,,,4872,2023-03-19,5300108,Brasilia,DF,2023,12
1678579200000,202311,2.0,2,2,2,0.56083536,0.06841422,0,1,530010820231119779,2024-02-26,Brasília,0,1.152241,2923369,21.3,81.283395,0,0,0,81.277472,81.271548,21.35,21.4,,,,,,4872,2023-03-12,5300108,Brasilia,DF,2023,11
1677974400000,202310,1.0,1,1,1,0.27867863,0.03420711,0,1,530010820231019779,2024-02-26,Brasília,0,0.5424977,2923369,22.1428571428571,70.8364115714286,0,0,0,68.8942271428571,66.952045,22.3571428571429,22.5714285714286,,,,,,4872,2023-03-05,5300108,Brasilia,DF,2023,10
1677369600000,202309,3.0,3,3,3,0.50322074,0.102621324,0,1,530010820230919779,2024-02-26,Brasília,0,1.0061725,2923369,22.0,75.1189728333333,0,0,0,72.9228621666667,70.7267544166667,22.3333333333333,22.6666666666667,,,,,,4872,2023-02-26,5300108,Brasilia,DF,2023,9
1676764800000,202308,0.0,0,0,0,0.0,0.0,0,1,530010820230819779,2024-02-26,Brasília,0,0.0,2923369,18.9473684210526,90.1438903157895,0,0,0,73.7145455789474,51.9968642105263,22.1798247368421,27.6842105263158,,,,,,4872,2023-02-19,5300108,Brasilia,DF,2023,8
1676160000000,202307,3.0,3,3,3,0.4404624,0.102621324,0,1,530010820230719779,2024-02-26,Brasília,0,0.89465123,2923369,24.5714285714286,59.7649554285714,0,0,0,58.9899425714286,58.2149302857143,24.7142857142857,24.8571428571429,,,,,,4872,2023-02-12,5300108,Brasilia,DF,2023,7
1675555200000,202306,6.0,6,6,6,0.9271369,0.19638976,0,1,530010820230619759,2024-02-06,Brasília,0,2.7866735,3055149,23.0,71.7624368571429,0,0,0,69.3454032857143,66.0995661428571,23.4940477142857,24.2857142857143,,,,,,4872,2023-02-05,5300108,Brasilia,DF,2023,6
1674950400000,202305,3.0,3,3,3,0.8009532,0.09819488,0,1,530010820230519759,2024-02-06,Brasília,0,2.1236374,3055149,21.7142857142857,73.9629072857143,0,0,0,68.9879072857143,61.1977235714286,22.970238,24.4285714285714,,,,,,4872,2023-01-29,5300108,Brasilia,DF,2023,5
1674345600000,202304,0.0,0,0,0,0.0,0.0,0,1,530010820230419718,2023-12-27,Brasília,0,0.0,3055149,20.5714285714286,81.7212771428571,0,0,0,81.7212771428571,81.7212771428571,20.5714285714286,20.5714285714286,,,,,,4872,2023-01-22,5300108,Brasilia,DF,2023,4
1673740800000,202303,1.0,1,1,1,0.44170484,0.032731626,0,1,530010820230319718,2023-12-27,Brasília,0,0.84828764,3055149,22.1428571428571,69.4868628571429,0,0,0,69.4868628571429,69.4868628571429,22.1428571428571,22.1428571428571,,,,,,4872,2023-01-15,5300108,Brasilia,DF,2023,3
1673136000000,202302,1.0,1,1,1,0.46850967,0.032731626,0,2,530010820230219718,2023-12-27,Brasília,0,0.91420275,3055149,19.0,90.6840257142857,1,0,0,79.6281335714286,62.9142951428571,21.1190474285714,24.2857142857143,,,,,,4872,2023-01-08,5300108,Brasilia,DF,2023,2
1672531200000,202301,1.0,1,1,1,0.6886295,0.032731626,0,1,530010820230119718,2023-12-27,Brasília,0,1.858045,3055149,19.2857142857143,92.3190262857143,1,0,0,76.6823057142857,56.4081015714286,21.9821425714286,26.0,,,,,,4872,2023-01-01,5300108,Brasilia,DF,2023,1
1671926400000,202252,2.0,2,2,2,0.97607875,0.06546325,0,1,530010820225219718,2023-12-27,Brasília,0,17.116165,3055149,19.0,93.9743466666667,1,0,0,89.5614333333333,70.8377946666667,20.05303,21.6666666666667,,,,,,4872,2022-12-25,5300108,Brasilia,DF,2022,52
1671321600000,202251,0.0,0,0,0,0.0,0.0,0,1,530010820225119718,2023-12-27,Brasília,0,0.0,3055149,18.5,93.92977,0,0,0,84.775325,63.8116875,20.677885,24.5,,,,,,4872,2022-12-18,5300108,Brasilia,DF,2022,51
1670716800000,202250,0.0,0,0,0,0.0,0.0,0,1,530010820225019718,2023-12-27,Brasília,0,0.0,3055149,19.6666666666667,90.2900316666667,0,0,0,75.5618248333333,57.4447295,22.213889,25.6666666666667,,,,,,4872,2022-12-11,5300108,Brasilia,DF,2022,50
1670112000000,202249,0.0,0,0,0,0.0,0.0,0,1,530010820224919617,2023-09-17,Brasília,0,0.0,3055149,19.0,93.1274897142857,0,0,0,78.3807888571429,56.234546,21.8760822857143,26.1428571428571,,,,,,4872,2022-12-04,5300108,Brasilia,DF,2022,49
1669507200000,202248,0.0,0,0,0,0.0,0.0,0,1,530010820224819617,2023-09-17,Brasília,0,0.0,3055149,18.2857142857143,93.988274,0,0,0,79.0060364285714,56.1041121428571,21.3357145714286,25.5714285714286,,,,,,4872,2022-11-27,5300108,Brasilia,DF,2022,48
1668902400000,202247,2.0,2,2,2,0.7718495,0.06546325,0,1,530010820224719617,2023-09-17,Brasília,0,2.1758914,3055149,18.2857142857143,96.5898705714286,1,0,0,81.2759271428571,61.2429421428571,21.1251727142857,25.0,,,,,,4872,2022-11-20,5300108,Brasilia,DF,2022,47
1668297600000,202246,0.0,0,0,0,0.0,0.0,0,1,530010820224619617,2023-09-17,Brasília,0,0.0,3055149,18.5714285714286,96.5969728571429,0,0,0,81.6690514285714,57.1657104285714,21.5520188571429,26.7142857142857,,,,,,4872,2022-11-13,5300108,Brasilia,DF,2022,46
1667692800000,202245,2.0,2,2,2,0.7937263,0.06546325,0,1,530010820224519617,2023-09-17,Brasília,0,2.3857026,3055149,17.5714285714286,92.4072482857143,1,0,0,77.5294514285714,56.1062768571429,21.0367965714286,25.8571428571429,,,,,,4872,2022-11-06,5300108,Brasilia,DF,2022,45
1667088000000,202244,0.0,0,0,0,0.0,0.0,0,1,530010820224419617,2023-09-17,Brasília,0,0.0,3055149,17.8571428571429,97.4635071428571,0,0,0,79.355244,57.1676717142857,21.0447995714286,25.4285714285714,,,,,,4872,2022-10-30,5300108,Brasilia,DF,2022,44
1666483200000,202243,0.0,0,0,0,0.0,0.0,0,1,530010820224319617,2023-09-17,Brasília,0,0.0,3055149,18.4285714285714,92.5638954285714,0,0,0,71.6844725714286,52.4301154285714,22.4214288571429,26.7142857142857,,,,,,4872,2022-10-23,5300108,Brasilia,DF,2022,43
1665878400000,202242,3.0,3,3,3,0.9341063,0.09819488,0,1,530010820224219617,2023-09-17,Brasília,0,4.8406973,3055149,19.2857142857143,66.993991,0,0,0,44.4687085714286,27.5304324285714,24.915796,30.5714285714286,,,,,,4872,2022-10-16,5300108,Brasilia,DF,2022,42
1665273600000,202241,0.0,0,0,0,0.0,0.0,0,1,530010820224119617,2023-09-17,Brasília,0,0.0,3055149,18.7142857142857,64.3749081428571,0,0,0,46.136526,29.3426358571429,24.6547617142857,30.2857142857143,,,,,,4872,2022-10-09,5300108,Brasilia,DF,2022,41
1664668800000,202240,1.0,1,1,1,0.5453023,0.032731626,0,1,530010820224019617,2023-09-17,Brasília,0,1.1430244,3055149,19.8571428571429,81.5691865714286,0,0,0,64.9166772857143,45.6374,22.9918831428571,27.0,,,,,,4872,2022-10-02,5300108,Brasilia,DF,2022,40
1664064000000,202239,0.0,0,0,0,0.0,0.0,0,1,530010820223919617,2023-09-17,Brasília,0,0.0,3055149,18.8571428571429,86.7825357142857,0,0,0,64.6520471428571,42.8540258571429,23.5778388571429,28.0,,,,,,4872,2022-09-25,5300108,Brasilia,DF,2022,39
1663459200000,202238,1.0,1,1,1,0.16856112,0.032731626,0,1,530010820223819617,2023-09-17,Brasília,0,0.3893086,3055149,19.5714285714286,87.0378442857143,0,0,0,75.3965907142857,57.6158354285714,21.9340491428571,26.0,,,,,,4872,2022-09-18,5300108,Brasilia,DF,2022,38
1662854400000,202237,1.0,1,1,1,0.13774918,0.032731626,0,1,530010820223719617,2023-09-17,Brasília,0,0.34966448,3055149,17.5714285714286,64.9366548571429,0,0,0,43.0064551428571,26.1892998571429,23.4399585714286,29.4285714285714,,,,,,4872,2022-09-11,5300108,Brasilia,DF,2022,37
1662249600000,202236,3.0,3,3,3,0.6998321,0.09819488,0,1,530010820223619617,2023-09-17,Brasília,0,1.5488894,3055149,14.4285714285714,67.5492405714286,0,0,0,41.9576865714286,21.892369,22.5362314285714,29.7142857142857,,,,,,4872,2022-09-04,5300108,Brasilia,DF,2022,36
1661644800000,202235,4.0,4,4,4,0.9542955,0.1309265,0,1,530010820223519617,2023-09-17,Brasília,0,4.8974447,3055149,13.4285714285714,69.280637,0,0,0,49.9762477142857,33.2029888571429,19.3575757142857,25.0,,,,,,4872,2022-08-28,5300108,Brasilia,DF,2022,35
1661040000000,202234,2.0,2,2,2,0.83101195,0.06546325,0,1,530010820223419617,2023-09-17,Brasília,0,2.8569832,3055149,13.5714285714286,72.683668,0,0,0,50.569373,33.1938754285714,19.5404452857143,25.1428571428571,,,,,,4872,2022-08-21,5300108,Brasilia,DF,2022,34
1660435200000,202233,0.0,0,0,0,0.0,0.0,0,1,530010820223319594,2023-08-25,Brasília,0,0.0,3055149,14.8571428571429,73.5639842857143,0,0,0,50.4622805714286,32.8632422857143,20.7673075714286,26.2857142857143,,,,,,4872,2022-08-14,5300108,Brasilia,DF,2022,33
1659830400000,202232,0.0,0,0,0,0.0,0.0,0,1,530010820223219589,2023-08-20,Brasília,0,0.0,3055149,14.0,74.8994007142857,0,0,0,47.8615458571429,27.7368811428571,21.470238,29.1428571428571,,,,,,4872,2022-08-07,5300108,Brasilia,DF,2022,32
1659225600000,202231,2.0,2,2,2,0.794889,0.06546325,0,1,530010820223119589,2023-08-20,Brasília,0,2.397997,3055149,13.4285714285714,76.0803137142857,0,0,0,52.1349268571429,31.9962834285714,19.8380951428571,26.1428571428571,,,,,,4872,2022-07-31,5300108,Brasilia,DF,2022,31
1658620800000,202230,2.0,2,2,2,0.8809009,0.06546325,0,1,530010820223019589,2023-08-20,Brasília,0,3.9101114,3055149,12.4285714285714,78.6261435714286,0,0,0,54.0497742857143,30.9571408571429,19.095798,26.1428571428571,,,,,,4872,2022-07-24,5300108,Brasilia,DF,2022,30
1658016000000,202229,0.0,0,0,0,0.0,0.0,0,1,530010820222919589,2023-08-20,Brasília,0,0.0,3055149,12.5714285714286,80.6108865714286,0,0,0,58.6534278571429,39.1537008571429,18.5440477142857,24.5714285714286,,,,,,4872,2022-07-17,5300108,Brasilia,DF,2022,29
1657411200000,202228,1.0,1,1,1,0.7771215,0.032731626,0,1,530010820222819589,2023-08-20,Brasília,0,2.748854,3055149,11.0,86.75139,0,0,0,62.5207772857143,38.6839828571429,17.5059522857143,24.1428571428571,,,,,,4872,2022-07-10,5300108,Brasilia,DF,2022,28
1656806400000,202227,0.0,0,0,0,0.0,0.0,0,1,530010820222719589,2023-08-20,Brasília,0,0.0,3055149,12.1428571428571,82.89579,0,0,0,61.0753394285714,39.6007082857143,18.2591992857143,24.7142857142857,,,,,,4872,2022-07-03,5300108,Brasilia,DF,2022,27
1656201600000,202226,0.0,0,0,0,0.0,0.0,0,1,530010820222619589,2023-08-20,Brasília,0,0.0,3055149,11.0,85.1387,0,0,0,58.8449532857143,34.3125784285714,18.4954482857143,25.7142857142857,,,,,,4872,2022-06-26,5300108,Brasilia,DF,2022,26
1655596800000,202225,1.0,1,1,1,0.16184063,0.032731626,0,1,530010820222519589,2023-08-20,Brasília,0,0.38061103,3055149,13.2857142857143,82.0726174285714,0,0,0,59.0751315714286,38.3953017142857,19.625,25.4285714285714,,,,,,4872,2022-06-19,5300108,Brasilia,DF,2022,25
1654992000000,202224,1.0,1,1,1,0.111461215,0.032731626,0,1,530010820222419589,2023-08-20,Brasília,0,0.3159172,3055149,15.0,85.588163,0,0,0,62.9264948571429,40.3096182857143,20.4821425714286,26.7142857142857,,,,,,4872,2022-06-12,5300108,Brasilia,DF,2022,24
1654387200000,202223,3.0,3,3,3,0.5522431,0.09819488,0,1,530010820222319589,2023-08-20,Brasília,0,1.107584,3055149,13.5714285714286,85.4172108571429,0,0,0,66.5823192857143,46.0246508571429,18.5127551428571,24.0,,,,,,4872,2022-06-05,5300108,Brasilia,DF,2022,23
1653782400000,202222,4.0,4,4,4,0.7774441,0.1309265,0,1,530010820222219589,2023-08-20,Brasília,0,1.7905134,3055149,12.1428571428571,81.9714232857143,0,0,0,56.3103858571429,31.9399344285714,19.6437072857143,27.4285714285714,,,,,,4872,2022-05-29,5300108,Brasilia,DF,2022,22
1653177600000,202221,3.0,3,3,3,0.45190653,0.09819488,0,1,530010820222119589,2023-08-20,Brasília,0,0.91373277,3055149,12.5714285714286,87.08086,0,0,0,61.4327034285714,37.2640028571429,19.1617965714286,25.7142857142857,,,,,,4872,2022-05-22,5300108,Brasilia,DF,2022,21
1652572800000,202220,1.0,1,1,1,0.027975244,0.032731626,0,1,530010820222019589,2023-08-20,Brasília,0,0.19380951,3055149,11.8571428571429,84.4952805714286,0,0,0,62.9035674285714,36.2579531428571,17.3392857142857,23.8571428571429,,,,,,4872,2022-05-15,5300108,Brasilia,DF,2022,20
1651968000000,202219,2.0,2,2,2,0.0862012,0.06546325,0,1,530010820221919589,2023-08-20,Brasília,0,0.36836532,3055149,16.1428571428571,89.6756457142857,0,0,0,65.2229281428571,43.6238678571429,21.5833334285714,26.7142857142857,,,,,,4872,2022-05-08,5300108,Brasilia,DF,2022,19
1651363200000,202218,7.0,7,7,7,0.76175797,0.2291214,0,1,530010820221819589,2023-08-20,Brasília,0,1.5009695,3055149,17.1428571428571,88.1557562857143,1,0,0,67.6145771428571,49.3507055714286,22.2571428571429,27.0,,,,,,4872,2022-05-01,5300108,Brasilia,DF,2022,18
1650758400000,202217,7.0,7,7,7,0.7319915,0.2291214,0,1,530010820221719589,2023-08-20,Brasília,0,1.4166248,3055149,17.2857142857143,86.0567122857143,0,0,0,66.4426838571429,42.8870952857143,22.236472,27.4285714285714,,,,,,4872,2022-04-24,5300108,Brasilia,DF,2022,17
1650153600000,202216,2.0,2,2,2,0.1008627,0.06546325,0,1,530010820221619589,2023-08-20,Brasília,0,0.38858786,3055149,16.1428571428571,89.7645371428571,0,0,0,64.1034552857143,40.3803115714286,22.3747414285714,28.1428571428571,,,,,,4872,2022-04-17,5300108,Brasilia,DF,2022,16
1649548800000,202215,6.0,6,6,6,0.68911403,0.19638976,0,1,530010820221519589,2023-08-20,Brasília,0,1.3423715,3055149,19.4285714285714,93.2098842857143,1,0,0,74.8484662857143,50.8316565714286,23.1062924285714,28.4285714285714,,,,,,4872,2022-04-10,5300108,Brasilia,DF,2022,15
1648944000000,202214,6.0,6,6,6,0.78709334,0.19638976,0,1,530010820221419589,2023-08-20,Brasília,0,1.6454879,3055149,17.2857142857143,87.3265614285714,0,0,0,63.44131,44.125536,23.2321428571429,28.4285714285714,,,,,,4872,2022-04-03,5300108,Brasilia,DF,2022,14
1648339200000,202213,4.0,4,4,4,0.6146759,0.1309265,0,1,530010820221319589,2023-08-20,Brasília,0,1.227164,3055149,18.4285714285714,84.3402228571429,0,0,0,59.8388778571429,36.4468214285714,24.3579401428571,30.0,,,,,,4872,2022-03-27,5300108,Brasilia,DF,2022,13
1647734400000,202212,4.0,4,4,4,0.63676924,0.1309265,0,2,530010820221219589,2023-08-20,Brasília,0,1.281479,3055149,18.0,90.6027648571429,1,0,0,66.8086637142857,43.0196412857143,23.4200681428571,28.8571428571429,,,,,,4872,2022-03-20,5300108,Brasilia,DF,2022,12
1647129600000,202211,2.0,2,2,2,0.35557318,0.06546325,0,2,530010820221119589,2023-08-20,Brasília,0,0.7312053,3055149,19.7142857142857,96.6082785714286,1,0,0,79.7926615714286,57.9405338571429,22.5005102857143,26.7142857142857,,,,,,4872,2022-03-13,5300108,Brasilia,DF,2022,11
1646524800000,202210,5.0,5,5,5,0.746673,0.16365814,0,2,530010820221019589,2023-08-20,Brasília,0,1.5613968,3055149,18.7142857142857,88.2747214285714,1,0,0,68.221165,45.3070775714286,23.2678571428571,28.2857142857143,,,,,,4872,2022-03-06,5300108,Brasilia,DF,2022,10
1645920000000,202209,1.0,1,1,1,0.055938672,0.032731626,0,2,530010820220919589,2023-08-20,Brasília,0,0.24038403,3055149,17.8571428571429,91.4735677142857,1,0,0,72.9869754285714,47.0274331428571,22.3637684285714,28.0,,,,,,4872,2022-02-27,5300108,Brasilia,DF,2022,9
1645315200000,202208,3.0,3,3,3,0.3090714,0.09819488,0,2,530010820220819589,2023-08-20,Brasília,0,0.7035941,3055149,18.8571428571429,95.6832957142857,1,0,0,77.1322252857143,54.3417425714286,22.6666665714286,27.2857142857143,,,,,,4872,2022-02-20,5300108,Brasilia,DF,2022,8
1644710400000,202207,5.0,5,5,5,0.70231,0.16365814,0,2,530010820220719589,2023-08-20,Brasília,0,1.4171304,3055149,19.0,98.3242914285714,1,0,0,85.8533042857143,64.1374115714286,21.3015871428571,25.2857142857143,,,,,,4872,2022-02-13,5300108,Brasilia,DF,2022,7
1644105600000,202206,5.0,5,5,5,0.78733736,0.16365814,0,2,530010820220619589,2023-08-20,Brasília,0,1.7285492,3055149,19.5714285714286,94.1018757142857,1,0,0,81.1187141428571,61.4136694285714,21.8537782857143,25.1428571428571,,,,,,4872,2022-02-06,5300108,Brasilia,DF,2022,6
1643500800000,202205,3.0,3,3,3,0.562371,0.09819488,0,1,530010820220519589,2023-08-20,Brasília,0,1.1305172,3055149,19.2857142857143,94.0717157142857,1,0,0,76.8378707142857,55.116085,22.8452382857143,27.4285714285714,,,,,,4872,2022-01-30,5300108,Brasilia,DF,2022,5
1642896000000,202204,3.0,3,3,3,0.6404914,0.09819488,0,1,530010820220419589,2023-08-20,Brasília,0,1.33828,3055149,19.2857142857143,88.4009338571429,1,0,0,68.8524324285714,42.3662232857143,23.329365,27.7142857142857,,,,,,4872,2022-01-23,5300108,Brasilia,DF,2022,4
1642291200000,202203,2.0,2,2,2,0.72957295,0.06546325,0,1,530010820220319589,2023-08-20,Brasília,0,1.8589593,3055149,19.0,84.439927,0,0,0,60.8991127142857,38.1223407142857,24.0661762857143,28.8571428571429,,,,,,4872,2022-01-16,5300108,Brasilia,DF,2022,3
1641686400000,202202,4.0,4,4,4,0.99261725,0.1309265,0,1,530010820220219589,2023-08-20,Brasília,0,18.475693,3055149,18.2857142857143,95.7747814285714,1,0,0,81.8159628571428,62.0994928571429,21.529762,25.4285714285714,,,,,,4872,2022-01-09,5300108,Brasilia,DF,2022,2
1641081600000,202201,0.0,0,0,0,0.0,0.0,0,1,530010820220119589,2023-08-20,Brasília,0,0.0,3055149,19.4285714285714,97.4365414285714,0,0,0,84.7637071428571,65.0754605714286,21.9415975714286,25.7142857142857,,,,,,4872,2022-01-02,5300108,Brasilia,DF,2022,1
1640476800000,202152,0.0,0,0,0,0.0,0.0,0,1,530010820215219589,2023-08-20,Brasília,0,0.0,3055149,19.2857142857143,96.5631842857143,0,0,0,83.1031221428571,64.7107498571429,21.7639754285714,24.8571428571429,,,,,,4872,2021-12-26,5300108,Brasilia,DF,2021,52
1639872000000,202151,0.0,0,0,0,0.0,0.0,0,1,530010820215119589,2023-08-20,Brasília,0,0.0,3055149,19.2857142857143,99.1455371428571,0,0,0,83.8618135714286,60.7938734285714,22.1863351428571,26.2857142857143,,,,,,4872,2021-12-19,5300108,Brasilia,DF,2021,51
1639267200000,202150,0.0,0,0,0,0.0,0.0,0,1,530010820215019589,2023-08-20,Brasília,0,0.0,3055149,19.5714285714286,98.2847528571429,0,0,0,83.3876711428571,61.1714955714286,22.3749294285714,26.7142857142857,,,,,,4872,2021-12-12,5300108,Brasilia,DF,2021,50
1638662400000,202149,0.0,0,0,0,0.0,0.0,0,1,530010820214919589,2023-08-20,Brasília,0,0.0,3055149,19.2857142857143,96.5631842857143,0,0,0,80.2377128571429,55.6742594285714,22.5274328571429,27.2857142857143,,,,,,4872,2021-12-05,5300108,Brasilia,DF,2021,49
1638057600000,202148,4.0,4,4,4,0.9550502,0.1309265,0,1,530010820214819589,2023-08-20,Brasília,0,4.951186,3055149,19.4285714285714,96.6515714285714,1,0,0,81.5217685714286,56.1278164285714,22.835686,27.1428571428571,,,,,,4872,2021-11-28,5300108,Brasilia,DF,2021,48
1637452800000,202147,1.0,1,1,1,0.52236325,0.032731626,0,1,530010820214719589,2023-08-20,Brasília,0,1.0673786,3055149,19.1428571428571,95.8185,1,0,0,71.9879885714286,45.4034822857143,23.8032182857143,29.1428571428571,,,,,,4872,2021-11-21,5300108,Brasilia,DF,2021,47
1636848000000,202146,0.0,0,0,0,0.0,0.0,0,1,530010820214619589,2023-08-20,Brasília,0,0.0,3055149,18.8571428571429,99.1392157142857,0,0,0,86.6335664285714,67.6370247142857,21.0626762857143,24.5714285714286,,,,,,4872,2021-11-14,5300108,Brasilia,DF,2021,46
1636243200000,202145,1.0,1,1,1,0.6886934,0.032731626,0,1,530010820214519589,2023-08-20,Brasília,0,1.8585072,3055149,19.7142857142857,96.5695057142857,1,0,0,83.8560065714286,63.9031078571429,21.916996,25.7142857142857,,,,,,4872,2021-11-07,5300108,Brasilia,DF,2021,45
1635638400000,202144,2.0,2,2,2,0.9770323,0.06546325,0,1,530010820214419589,2023-08-20,Brasília,0,17.791176,3055149,19.1428571428571,94.9049228571429,1,0,0,79.0485935714286,57.034604,22.2845851428571,26.5714285714286,,,,,,4872,2021-10-31,5300108,Brasilia,DF,2021,44
1635033600000,202143,0.0,0,0,0,0.0,0.0,0,1,530010820214319589,2023-08-20,Brasília,0,0.0,3055149,19.7142857142857,87.2303314285714,0,0,0,65.7627388571429,42.7663114285714,24.1959345714286,29.7142857142857,,,,,,4872,2021-10-24,5300108,Brasilia,DF,2021,43
1634428800000,202142,0.0,0,0,0,0.0,0.0,0,1,530010820214219589,2023-08-20,Brasília,0,0.0,3055149,19.1428571428571,92.4420505714286,0,0,0,72.9548801428571,49.7485974285714,23.406469,28.4285714285714,,,,,,4872,2021-10-17,5300108,Brasilia,DF,2021,42
1633824000000,202141,0.0,0,0,0,0.0,0.0,0,1,530010820214119589,2023-08-20,Brasília,0,0.0,3055149,19.5714285714286,93.2596742857143,0,0,0,73.6615957142857,49.1899128571429,23.391634,28.8571428571429,,,,,,4872,2021-10-10,5300108,Brasilia,DF,2021,41
1633219200000,202140,0.0,0,0,0,0.0,0.0,0,1,530010820214019589,2023-08-20,Brasília,0,0.0,3055149,20.0,76.1088971428571,0,0,0,50.1387944285714,26.7316421428571,26.4464288571429,33.0,,,,,,4872,2021-10-03,5300108,Brasilia,DF,2021,40
1632614400000,202139,1.0,1,1,1,0.59323215,0.032731626,0,1,530010820213919589,2023-08-20,Brasília,0,1.3274373,3055149,19.1428571428571,78.4010768571429,0,0,0,55.5234057142857,34.1598694285714,24.5157865714286,30.2857142857143,,,,,,4872,2021-09-26,5300108,Brasilia,DF,2021,39
1632009600000,202138,0.0,0,0,0,0.0,0.0,0,1,530010820213819589,2023-08-20,Brasília,0,0.0,3055149,18.1428571428571,66.7016934285714,0,0,0,42.6825678571429,24.1409134285714,25.714286,33.0,,,,,,4872,2021-09-19,5300108,Brasilia,DF,2021,38
1631404800000,202137,1.0,1,1,1,0.51757085,0.032731626,0,1,530010820213719589,2023-08-20,Brasília,0,1.0524414,3055149,16.1428571428571,59.2610882857143,0,0,0,34.514394,17.1883684285714,24.92029,32.1428571428571,,,,,,4872,2021-09-12,5300108,Brasilia,DF,2021,37
1630800000000,202136,1.0,1,1,1,0.55209416,0.032731626,0,1,530010820213619589,2023-08-20,Brasília,0,1.1668426,3055149,16.5714285714286,64.8095248571429,0,0,0,37.2584027142857,17.8000632857143,25.5155277142857,33.4285714285714,,,,,,4872,2021-09-05,5300108,Brasilia,DF,2021,36
1630195200000,202135,1.0,1,1,1,0.49087468,0.032731626,0,1,530010820213519589,2023-08-20,Brasília,0,0.9741145,3055149,15.7142857142857,73.0531564285714,0,0,0,49.6873562857143,28.6732232857143,22.1380345714286,28.7142857142857,,,,,,4872,2021-08-29,5300108,Brasilia,DF,2021,35
1629590400000,202134,1.0,1,1,1,0.40229508,0.032731626,0,1,530010820213419589,2023-08-20,Brasília,0,0.7612239,3055149,14.2857142857143,71.4570802857143,0,0,0,44.6969774285714,24.613081,22.5527948571429,30.0,,,,,,4872,2021-08-22,5300108,Brasilia,DF,2021,34
1628985600000,202133,0.0,0,0,0,0.0,0.0,0,1,530010820213319589,2023-08-20,Brasília,0,0.0,3055149,12.7142857142857,74.385162,0,0,0,46.1761064285714,26.1762268571429,20.7950314285714,27.8571428571429,,,,,,4872,2021-08-15,5300108,Brasilia,DF,2021,33
1628380800000,202132,3.0,3,3,3,0.86657387,0.09819488,0,1,530010820213219589,2023-08-20,Brasília,0,2.8587077,3055149,12.1428571428571,79.8900945714286,0,0,0,50.8448611428571,27.7660268571429,20.2732914285714,27.5714285714286,,,,,,4872,2021-08-08,5300108,Brasilia,DF,2021,32
1627776000000,202131,0.0,0,0,0,0.0,0.0,0,1,530010820213119589,2023-08-20,Brasília,0,0.0,3055149,13.5714285714286,76.406646,0,0,0,55.1886467142857,36.0426724285714,19.2289665714286,24.7142857142857,,,,,,4872,2021-08-01,5300108,Brasilia,DF,2021,31
1627171200000,202130,1.0,1,1,1,0.5575744,0.032731626,0,1,530010820213019589,2023-08-20,Brasília,0,1.1865721,3055149,10.5714285714286,75.366805,0,0,0,49.8458544285714,31.1257135714286,18.7826088571429,26.7142857142857,,,,,,4872,2021-07-25,5300108,Brasilia,DF,2021,30
1626566400000,202129,2.0,2,2,2,0.7885613,0.06546325,0,1,530010820212919589,2023-08-20,Brasília,0,2.3325882,3055149,12.7142857142857,74.9124467142857,0,0,0,51.354167,31.2764212857143,19.6708077142857,26.2857142857143,,,,,,4872,2021-07-18,5300108,Brasilia,DF,2021,29
1625961600000,202128,0.0,0,0,0,0.0,0.0,0,1,530010820212819589,2023-08-20,Brasília,0,0.0,3055149,10.1428571428571,84.1847835714286,0,0,0,56.1268215714286,31.4361722857143,18.5222565714286,26.1428571428571,,,,,,4872,2021-07-11,5300108,Brasilia,DF,2021,28
1625356800000,202127,1.0,1,1,1,0.39937592,0.032731626,0,1,530010820212719589,2023-08-20,Brasília,0,0.7551839,3055149,9.28571428571429,84.98449,0,0,0,55.942113,29.4734464285714,17.5155282857143,25.2857142857143,,,,,,4872,2021-07-04,5300108,Brasilia,DF,2021,27
1624752000000,202126,1.0,1,1,1,0.30700892,0.032731626,0,1,530010820212619589,2023-08-20,Brasília,0,0.5869759,3055149,10.8571428571429,83.5715771428571,0,0,0,59.7952774285714,37.5027352857143,17.5344437142857,24.1428571428571,,,,,,4872,2021-06-27,5300108,Brasilia,DF,2021,26
1624147200000,202125,2.0,2,2,2,0.33223858,0.06546325,0,1,530010820212519589,2023-08-20,Brasília,0,0.69561416,3055149,13.0,87.7259265714286,0,0,0,60.1422724285714,32.6517378571429,19.931112,26.8571428571429,,,,,,4872,2021-06-20,5300108,Brasilia,DF,2021,25
1623542400000,202124,0.0,0,0,0,0.0,0.0,0,1,530010820212419589,2023-08-20,Brasília,0,0.0,3055149,14.2857142857143,86.6938714285714,0,0,0,64.0337278571428,43.005393,19.9184782857143,25.2857142857143,,,,,,4872,2021-06-13,5300108,Brasilia,DF,2021,24
1622937600000,202123,4.0,4,4,4,0.3662328,0.1309265,0,1,530010820212319589,2023-08-20,Brasília,0,0.80383027,3055149,15.0,88.7808271428571,0,0,0,67.8732564285714,45.2684524285714,20.0833335714286,25.8571428571429,,,,,,4872,2021-06-06,5300108,Brasilia,DF,2021,23
1622332800000,202122,3.0,3,3,3,0.35948697,0.09819488,0,1,530010820212219589,2023-08-20,Brasília,0,0.7718509,3055149,14.0,87.9087857142857,0,0,0,63.6846164285714,37.631327,20.5736282857143,27.2857142857143,,,,,,4872,2021-05-30,5300108,Brasilia,DF,2021,22
1621728000000,202121,8.0,8,8,8,0.9674561,0.261853,0,1,530010820212119589,2023-08-20,Brasília,0,3.2667234,3055149,16.7142857142857,92.2280257142857,0,0,0,67.7113187142857,42.8719665714286,22.375,28.4285714285714,,,,,,4872,2021-05-23,5300108,Brasilia,DF,2021,21
1621123200000,202120,3.0,3,3,3,0.7719176,0.09819488,0,1,530010820212019589,2023-08-20,Brasília,0,1.9161822,3055149,13.0,91.2107414285714,0,0,0,62.314748,35.1850972857143,20.4761905714286,27.1428571428571,,,,,,4872,2021-05-16,5300108,Brasilia,DF,2021,20
1620518400000,202119,2.0,2,2,2,0.68172807,0.06546325,0,1,530010820211919589,2023-08-20,Brasília,0,1.5927384,3055149,14.1428571428571,88.6733928571429,0,0,0,64.3450831428571,41.1646547142857,20.125,25.7142857142857,,,,,,4872,2021-05-09,5300108,Brasilia,DF,2021,19
1619913600000,202118,2.0,2,2,2,0.53347653,0.06546325,0,1,530010820211819589,2023-08-20,Brasília,0,1.0798101,3055149,14.5714285714286,88.9441585714286,0,0,0,67.5060581428571,42.5059274285714,20.4880954285714,26.1428571428571,,,,,,4872,2021-05-02,5300108,Brasilia,DF,2021,18
1619308800000,202117,0.0,0,0,0,0.0,0.0,0,1,530010820211719589,2023-08-20,Brasília,0,0.0,3055149,17.5714285714286,95.7048842857143,0,0,0,77.3551394285714,54.2797311428571,21.5520185714286,25.8571428571429,,,,,,4872,2021-04-25,5300108,Brasilia,DF,2021,17
1618704000000,202116,2.0,2,2,2,0.3650022,0.06546325,0,1,530010820211619589,2023-08-20,Brasília,0,0.74605477,3055149,15.2857142857143,93.89014,0,0,0,73.4630407142857,50.37927,19.9399095714286,25.1428571428571,,,,,,4872,2021-04-18,5300108,Brasilia,DF,2021,16
1618099200000,202115,3.0,3,3,3,0.75646484,0.09819488,0,1,530010820211519589,2023-08-20,Brasília,0,1.8226984,3055149,16.2857142857143,89.7070257142857,0,0,0,67.434619,43.7768872857143,21.7261905714286,27.2857142857143,,,,,,4872,2021-04-11,5300108,Brasilia,DF,2021,15
1617494400000,202114,4.0,4,4,4,0.9316489,0.1309265,0,1,530010820211419589,2023-08-20,Brasília,0,3.7781253,3055149,18.2857142857143,94.8571971428571,1,0,0,79.5558544285714,59.3112671428571,21.1607142857143,25.2857142857143,,,,,,4872,2021-04-04,5300108,Brasilia,DF,2021,14
1616889600000,202113,1.0,1,1,1,0.3674954,0.032731626,0,1,530010820211319589,2023-08-20,Brasília,0,0.69242394,3055149,17.7142857142857,89.8154948571429,1,0,0,64.6507262857143,40.2301368571429,23.504348,29.4285714285714,,,,,,4872,2021-03-28,5300108,Brasilia,DF,2021,13
1616284800000,202112,0.0,0,0,0,0.0,0.0,0,1,530010820211219589,2023-08-20,Brasília,0,0.0,3055149,16.4285714285714,88.9287742857143,0,0,0,63.8930594285714,38.4806095714286,22.3869045714286,28.1428571428571,,,,,,4872,2021-03-21,5300108,Brasilia,DF,2021,12
1615680000000,202111,2.0,2,2,2,0.60459816,0.06546325,0,2,530010820211119589,2023-08-20,Brasília,0,1.2850596,3055149,19.2857142857143,96.54408,1,0,0,81.2212574285714,61.589928,21.7251725714286,25.2857142857143,,,,,,4872,2021-03-14,5300108,Brasilia,DF,2021,11
1615075200000,202110,2.0,2,2,2,0.6502604,0.06546325,0,1,530010820211019589,2023-08-20,Brasília,0,1.4530727,3055149,19.4285714285714,94.0377471428571,1,0,0,80.3793621428571,57.9639117142857,21.9704968571429,26.4285714285714,,,,,,4872,2021-03-07,5300108,Brasilia,DF,2021,10
1614470400000,202109,2.0,2,2,2,0.59246254,0.06546325,0,1,530010820210919589,2023-08-20,Brasília,0,1.2458427,3055149,18.2857142857143,93.20218,1,0,0,76.8389297142857,60.481756,21.7889851428571,25.4285714285714,,,,,,4872,2021-02-28,5300108,Brasilia,DF,2021,9
1613865600000,202108,0.0,0,0,0,0.0,0.0,0,1,530010820210819589,2023-08-20,Brasília,0,0.0,3055149,19.0,95.7024,0,0,0,85.4754722857143,68.6904364285714,21.0818558571429,24.8571428571429,,,,,,4872,2021-02-21,5300108,Brasilia,DF,2021,8
1613260800000,202107,3.0,3,3,3,0.856458,0.09819488,0,2,530010820210719589,2023-08-20,Brasília,0,2.7082832,3055149,19.8571428571429,97.43029,1,0,0,87.0259122857143,67.941441,21.5729814285714,25.7142857142857,,,,,,4872,2021-02-14,5300108,Brasilia,DF,2021,7
1612656000000,202106,1.0,1,1,1,0.4846481,0.032731626,0,1,530010820210619589,2023-08-20,Brasília,0,0.95694655,3055149,18.8571428571429,95.7417291428571,1,0,0,84.8033824285714,67.4999421428571,21.139234,25.1428571428571,,,,,,4872,2021-02-07,5300108,Brasilia,DF,2021,6
1612051200000,202105,1.0,1,1,1,0.44034958,0.032731626,0,1,530010820210519589,2023-08-20,Brasília,0,0.8451094,3055149,19.7142857142857,90.0852285714286,1,0,0,74.4659757142857,54.7082732857143,23.2533314285714,27.5714285714286,,,,,,4872,2021-01-31,5300108,Brasilia,DF,2021,5
1611446400000,202104,1.0,1,1,1,0.45125848,0.032731626,0,1,530010820210419589,2023-08-20,Brasília,0,0.8710998,3055149,18.2857142857143,84.5731074285714,0,0,0,63.7151582857143,43.7780817142857,23.1924601428571,28.1428571428571,,,,,,4872,2021-01-24,5300108,Brasilia,DF,2021,4
1610841600000,202103,1.0,1,1,1,0.5805112,0.032731626,0,1,530010820210319589,2023-08-20,Brasília,0,1.274528,3055149,17.8571428571429,91.6025291428571,1,0,0,65.5975597142857,43.1606454285714,23.3387445714286,28.1428571428571,,,,,,4872,2021-01-17,5300108,Brasilia,DF,2021,3
1610236800000,202102,2.0,2,2,2,0.86562014,0.06546325,0,1,530010820210219589,2023-08-20,Brasília,0,3.5093002,3055149,19.5714285714286,96.5695057142857,1,0,0,81.7848205714286,60.8395625714286,22.154729,26.5714285714286,,,,,,4872,2021-01-10,5300108,Brasilia,DF,2021,2
1609632000000,202101,0.0,0,0,0,0.0,0.0,0,1,530010820210119589,2023-08-20,Brasília,0,0.0,3055149,19.1428571428571,91.5289014285714,0,0,0,73.1375412857143,47.3362918571429,23.405538,28.7142857142857,,,,,,4872,2021-01-03,5300108,Brasilia,DF,2021,1
1609027200000,202053,1.0,1,1,1,0.5016314,0.032731626,0,1,530010820205319589,2023-08-20,Brasília,0,1.0047216,3055149,19.0,88.269605,1,0,0,70.346973,43.828385,22.625,29.0,,,,,,4872,2020-12-27,5300108,Brasilia,DF,2020,53
1608422400000,202052,0.0,0,0,0,0.0,0.0,0,1,530010820205219589,2023-08-20,Brasília,0,0.0,3055149,19.08,89.18544416,0,0,0,,,,,,,,,,4872,2020-12-20,5300108,Brasilia,DF,2020,52
1607817600000,202051,1.0,1,1,1,0.43887725,0.032731626,0,2,530010820205119589,2023-08-20,Brasília,0,0.8416725,3055149,19.16,90.10128332,1,0,0,,,,,,,,,,4872,2020-12-13,5300108,Brasilia,DF,2020,51
1607212800000,202050,2.0,2,2,2,0.7851087,0.06546325,0,2,530010820205019589,2023-08-20,Brasília,0,2.298391,3055149,19.24,91.01712248,1,0,0,,,,,,,,,,4872,2020-12-06,5300108,Brasilia,DF,2020,50
1606608000000,202049,1.0,1,1,1,0.5205072,0.032731626,0,1,530010820204919589,2023-08-20,Brasília,0,1.06156,3055149,19.32,91.93296164,1,0,0,,,,,,,,,,4872,2020-11-29,5300108,Brasilia,DF,2020,49
1606003200000,202048,1.0,1,1,1,0.333967,0.032731626,0,1,530010820204819589,2023-08-20,Brasília,0,0.6320223,3055149,19.4,92.8488008,1,0,0,76.536782,55.6382074,22.6426876,26.8,,,,,,4872,2020-11-22,5300108,Brasilia,DF,2020,48
1605398400000,202047,0.0,0,0,0,0.0,0.0,0,1,530010820204719589,2023-08-20,Brasília,0,0.0,3055149,19.7142857142857,94.98075,0,0,0,78.051455,56.0577165714286,23.4233951428571,28.1428571428571,,,,,,4872,2020-11-15,5300108,Brasilia,DF,2020,47
1604793600000,202046,2.0,2,2,2,0.7271587,0.06546325,0,1,530010820204619589,2023-08-20,Brasília,0,1.8435467,3055149,20.1666666666667,90.4472266666667,1,0,0,74.2262956666667,48.799564,23.8993466666667,29.1666666666667,,,,,,4872,2020-11-08,5300108,Brasilia,DF,2020,46
1604188800000,202045,3.0,3,3,3,0.92644006,0.09819488,0,1,530010820204519589,2023-08-20,Brasília,0,4.453665,3055149,19.2857142857143,94.8811542857143,1,0,0,76.4401137142857,49.5668171428571,23.0226568571429,28.4285714285714,,,,,,4872,2020-11-01,5300108,Brasilia,DF,2020,45
1603584000000,202044,0.0,0,0,0,0.0,0.0,0,1,530010820204419589,2023-08-20,Brasília,0,0.0,3055149,20.5714285714286,93.2780757142857,0,0,0,78.1103414285714,56.511382,23.3482968571429,27.5714285714286,,,,,,4872,2020-10-25,5300108,Brasilia,DF,2020,44
1602979200000,202043,1.0,1,1,1,0.42937502,0.032731626,0,1,530010820204319589,2023-08-20,Brasília,0,0.8198806,3055149,19.8571428571429,94.16264,1,0,0,80.1241831428571,61.2628961428571,22.5866742857143,26.5714285714286,,,,,,4872,2020-10-18,5300108,Brasilia,DF,2020,43
1602374400000,202042,0.0,0,0,0,0.0,0.0,0,1,530010820204219589,2023-08-20,Brasília,0,0.0,3055149,20.0,86.1631828571429,0,0,0,64.3453175714286,39.6213817142857,24.7814791428571,30.7142857142857,,,,,,4872,2020-10-11,5300108,Brasilia,DF,2020,42
1601769600000,202041,2.0,2,2,2,0.46154022,0.06546325,0,1,530010820204119589,2023-08-20,Brasília,0,0.91809064,3055149,20.1428571428571,62.5708698571429,0,0,0,36.8508507142857,17.996575,28.0147517142857,35.7142857142857,,,,,,4872,2020-10-04,5300108,Brasilia,DF,2020,41
1601164800000,202040,1.0,1,1,1,0.15756911,0.032731626,0,1,530010820204019589,2023-08-20,Brasília,0,0.37510175,3055149,17.2857142857143,65.7091887142857,0,0,0,39.3952008571429,19.7423272857143,25.8045065714286,33.7142857142857,,,,,,4872,2020-09-27,5300108,Brasilia,DF,2020,40
1600560000000,202039,2.0,2,2,2,0.105788045,0.06546325,0,1,530010820203919589,2023-08-20,Brasília,0,0.39521572,3055149,18.1428571428571,85.2838851428571,0,0,0,60.7414517142857,36.3818038571429,23.8338508571429,30.0,,,,,,4872,2020-09-20,5300108,Brasilia,DF,2020,39
1599955200000,202038,4.0,4,4,4,0.0011357783,0.1309265,0,1,530010820203819589,2023-08-20,Brasília,0,0.23213671,3055149,17.5714285714286,62.0121022857143,0,0,0,39.6025677142857,22.710204,24.7060042857143,31.1428571428571,,,,,,4872,2020-09-13,5300108,Brasilia,DF,2020,38
1599350400000,202037,1.0,1,1,1,2e-10,0.032731626,0,1,530010820203719589,2023-08-20,Brasília,0,0.031100484,3055149,14.5714285714286,72.0561828571429,0,0,0,42.6524082857143,21.5614704285714,23.5127751428571,31.2857142857143,,,,,,4872,2020-09-06,5300108,Brasilia,DF,2020,37
1598745600000,202036,0.0,0,0,0,0.0,0.0,0,1,530010820203619589,2023-08-20,Brasília,0,0.0,3055149,14.7142857142857,71.5903858571429,0,0,0,45.7134751428571,25.652764,22.6461977142857,29.8571428571429,,,,,,4872,2020-08-30,5300108,Brasilia,DF,2020,36
1598140800000,202035,65.0,65,65,65,0.9995662,2.1275558,0,1,530010820203519589,2023-08-20,Brasília,0,1.9960992,3055149,13.4285714285714,77.2957211428571,0,0,0,51.4758597142857,26.6237167142857,21.028468,28.8571428571429,,,,,,4872,2020-08-23,5300108,Brasilia,DF,2020,35
1597536000000,202034,16.0,16,16,16,0.006907466,0.523706,0,1,530010820203419589,2023-08-20,Brasília,0,0.48654273,3055149,16.1428571428571,81.0905214285714,0,0,0,53.2130517142857,31.3650547142857,23.8683888571429,30.7142857142857,,,,,,4872,2020-08-16,5300108,Brasilia,DF,2020,34
1596931200000,202033,40.0,40,40,40,0.70998204,1.3092651,0,1,530010820203319589,2023-08-20,Brasília,0,1.135432,3055149,14.0,80.6486957142857,0,0,0,53.8767831428571,30.1924594285714,21.3943391428571,28.4285714285714,,,,,,4872,2020-08-09,5300108,Brasilia,DF,2020,33
1596326400000,202032,30.0,30,30,30,0.09196943,0.98194885,0,1,530010820203219589,2023-08-20,Brasília,0,0.7296394,3055149,13.2857142857143,77.6079342857143,0,0,0,57.4005497142857,37.3312118571429,18.6803834285714,24.4285714285714,,,,,,4872,2020-08-02,5300108,Brasilia,DF,2020,32
1595721600000,202031,33.0,33,33,33,0.032860637,1.0801437,0,1,530010820203119589,2023-08-20,Brasília,0,0.665568,3055149,13.5714285714286,85.3140458571429,0,0,0,57.982508,32.3109621428571,20.4030982857143,27.0,,,,,,4872,2020-07-26,5300108,Brasilia,DF,2020,31
1595116800000,202030,40.0,40,40,40,0.030128682,1.3092651,0,1,530010820203019589,2023-08-20,Brasília,0,0.6835985,3055149,11.4285714285714,90.687838,0,0,0,60.0307062857143,35.8624102857143,19.3062768571429,26.1428571428571,,,,,,4872,2020-07-19,5300108,Brasilia,DF,2020,30
1594512000000,202029,50.0,50,50,50,0.07513571,1.6365814,0,1,530010820202919589,2023-08-20,Brasília,0,0.7648422,3055149,11.4285714285714,85.074415,0,0,0,56.5115657142857,29.6686241428571,19.3206994285714,27.1428571428571,,,,,,4872,2020-07-12,5300108,Brasilia,DF,2020,29
1593907200000,202028,58.0,58,58,58,0.18143897,1.8984344,0,1,530010820202819589,2023-08-20,Brasília,0,0.8506699,3055149,12.5714285714286,88.6165742857143,0,0,0,64.1549684285714,36.1689917142857,19.1090455714286,26.1428571428571,,,,,,4872,2020-07-05,5300108,Brasilia,DF,2020,28
1593302400000,202027,71.0,71,71,71,0.52277803,2.3239455,0,1,530010820202719589,2023-08-20,Brasília,0,1.0096288,3055149,12.75,87.7548365,0,0,0,65.10611175,41.28447925,19.39533525,26.25,,,,,,4872,2020-06-28,5300108,Brasilia,DF,2020,27
1592697600000,202026,67.0,67,67,67,0.22257021,2.1930192,0,1,530010820202619589,2023-08-20,Brasília,0,0.8803711,3055149,12.25,92.130341,0,0,0,69.42213875,42.09459375,18.24442575,26.5,,,,,,4872,2020-06-21,5300108,Brasilia,DF,2020,26
1592092800000,202025,70.0,70,70,70,0.11039423,2.291214,0,1,530010820202519589,2023-08-20,Brasília,0,0.82158965,3055149,16.0,86.82093,0,0,0,73.9081525,52.2088125,19.16789625,24.0,,,,,,4872,2020-06-14,5300108,Brasilia,DF,2020,25
1591488000000,202024,70.0,70,70,70,0.024033856,2.291214,0,1,530010820202419589,2023-08-20,Brasília,0,0.73451644,3055149,14.1666666666667,93.803185,0,0,0,69.6592866666667,40.215806,20.402778,27.3333333333333,,,,,,4872,2020-06-07,5300108,Brasilia,DF,2020,24
1590883200000,202023,93.0,93,93,93,0.15021756,3.0440414,0,1,530010820202319589,2023-08-20,Brasília,0,0.8640694,3055149,13.8571428571429,93.724342,0,0,1,70.5141934285714,43.6918814285714,20.6309522857143,27.5714285714286,,,,,,4872,2020-05-31,5300108,Brasilia,DF,2020,23
1590278400000,202022,85.0,85,85,85,0.019219633,2.7821884,0,1,530010820202219589,2023-08-20,Brasília,0,0.7449854,3055149,13.5714285714286,92.0528768571429,0,0,0,69.9062687142857,42.2619901428571,19.6904765714286,26.2857142857143,,,,,,4872,2020-05-24,5300108,Brasilia,DF,2020,22
1589673600000,202021,116.0,116,116,116,0.6045342,3.7968688,0,1,530010820202119589,2023-08-20,Brasília,0,1.0356733,3055149,16.8571428571429,94.7384354285714,0,0,1,77.6645612857143,56.1353478571429,21.2797622857143,26.1428571428571,,,,,,4872,2020-05-17,5300108,Brasilia,DF,2020,21
1589068800000,202020,121.0,121,121,121,0.8283927,3.960527,0,1,530010820202019589,2023-08-20,Brasília,0,1.1337287,3055149,15.5714285714286,95.54601,0,0,1,77.5833255714286,54.4287637142857,20.295238,26.0,,,,,,4872,2020-05-10,5300108,Brasilia,DF,2020,20
1588464000000,202019,111.0,111,111,111,0.8015281,3.6332107,0,1,530010820201919589,2023-08-20,Brasília,0,1.1239439,3055149,16.1428571428571,90.4847614285714,0,0,1,71.2979182857143,47.779535,21.1130954285714,26.4285714285714,,,,,,4872,2020-05-03,5300108,Brasilia,DF,2020,19
1587859200000,202018,108.0,108,108,108,0.9184379,3.5350158,0,1,530010820201819589,2023-08-20,Brasília,0,1.220237,3055149,15.2857142857143,93.7856005714286,0,0,1,70.0920012857143,44.7584124285714,21.1964285714286,27.0,,,,,,4872,2020-04-26,5300108,Brasilia,DF,2020,18
1587254400000,202017,105.0,105,105,105,0.94817555,3.436821,0,2,530010820201719589,2023-08-20,Brasília,0,1.2684968,3055149,19.8571428571429,94.9427114285714,1,0,1,84.919722,68.5638907142857,22.0238094285714,25.4285714285714,,,,,,4872,2020-04-19,5300108,Brasilia,DF,2020,17
1586649600000,202016,83.0,83,83,83,0.5397891,2.716725,0,2,530010820201619589,2023-08-20,Brasília,0,1.01565,3055149,19.8571428571429,94.9302085714286,1,0,0,82.8242042857143,64.168793,22.5357142857143,26.2857142857143,,,,,,4872,2020-04-12,5300108,Brasilia,DF,2020,16
1586044800000,202015,79.0,79,79,79,0.37100548,2.5857985,0,2,530010820201519589,2023-08-20,Brasília,0,0.949733,3055149,20.7142857142857,94.9730985714286,1,0,0,78.1272734285714,52.911129,24.2083331428571,29.5714285714286,,,,,,4872,2020-04-05,5300108,Brasilia,DF,2020,15
1585440000000,202014,87.0,87,87,87,0.34659514,2.8476517,0,2,530010820201419589,2023-08-20,Brasília,0,0.9428874,3055149,19.5714285714286,92.4085957142857,1,0,0,69.1127041428571,44.5349284285714,24.9285714285714,30.2857142857143,,,,,,4872,2020-03-29,5300108,Brasilia,DF,2020,14
1584835200000,202013,75.0,75,75,75,0.011767153,2.4548721,0,2,530010820201319589,2023-08-20,Brasília,0,0.7125023,3055149,20.1428571428571,98.2973257142857,1,0,0,87.7532198571429,69.186956,22.1428571428571,26.2857142857143,,,,,,4872,2020-03-22,5300108,Brasilia,DF,2020,13
1584230400000,202012,88.0,88,88,88,0.079440705,2.8803833,0,2,530010820201219589,2023-08-20,Brasília,0,0.81748384,3055149,19.7142857142857,90.8647865714286,1,0,0,77.6681498571429,58.973507,22.5995671428571,26.5714285714286,,,,,,4872,2020-03-15,5300108,Brasilia,DF,2020,12
1583625600000,202011,113.0,113,113,113,0.90630007,3.698674,0,2,530010820201119589,2023-08-20,Brasília,0,1.2010977,3055149,20.7142857142857,93.2664471428571,1,0,1,81.3387764285714,64.1798621428571,23.1352811428571,26.7142857142857,,,,,,4872,2020-03-08,5300108,Brasilia,DF,2020,11
1583020800000,202010,121.0,121,121,121,0.99726784,3.960527,0,2,530010820201019589,2023-08-20,Brasília,0,1.4818182,3055149,20.2857142857143,97.4428628571429,1,1,1,86.4160564285714,73.098703,22.297078,24.8571428571429,,,,,,4872,2020-03-01,5300108,Brasilia,DF,2020,10
1582416000000,202009,98.0,98,98,98,0.84433234,3.2076995,0,2,530010820200919589,2023-08-20,Brasília,0,1.1616111,3055149,20.5714285714286,94.9481585714286,1,0,1,84.7401114285714,67.8492261428571,22.8566017142857,26.7142857142857,,,,,,4872,2020-02-23,5300108,Brasilia,DF,2020,9
1581811200000,202008,58.0,58,58,58,0.0027769755,1.8984344,0,2,530010820200819589,2023-08-20,Brasília,0,0.6325956,3055149,21.0,93.3246265714286,1,0,0,84.3276742857143,76.6478397142857,22.4025971428571,23.7142857142857,,,,,,4872,2020-02-16,5300108,Brasilia,DF,2020,8
1581206400000,202007,96.0,96,96,96,0.5578421,3.1422362,0,2,530010820200719589,2023-08-20,Brasília,0,1.0212892,3055149,19.8571428571429,94.0811228571429,1,0,1,89.6373401428571,83.8569494285714,21.1142857142857,22.2857142857143,,,,,,4872,2020-02-09,5300108,Brasilia,DF,2020,7
1580601600000,202006,84.0,84,84,84,0.5090636,2.7494566,0,2,530010820200619589,2023-08-20,Brasília,0,1.0035064,3055149,20.0,93.2598771428571,1,0,0,82.0111215714286,68.9063538571429,22.6011905714286,25.4285714285714,,,,,,4872,2020-02-02,5300108,Brasilia,DF,2020,6
1579996800000,202005,112.0,112,112,112,0.9999053,3.6659424,0,1,530010820200519589,2023-08-20,Brasília,0,1.776038,3055149,20.5714285714286,94.0694242857143,1,1,1,76.7092428571429,52.7331998571429,24.0952377142857,29.1428571428571,,,,,,4872,2020-01-26,5300108,Brasilia,DF,2020,5
1579392000000,202004,81.0,81,81,81,0.99995077,2.6512618,0,1,530010820200419589,2023-08-20,Brasília,0,2.0794241,3055149,21.1428571428571,94.0437657142857,1,0,0,82.469923,64.8863707142857,23.4345237142857,27.1428571428571,,,,,,4872,2020-01-19,5300108,Brasilia,DF,2020,4
1578787200000,202003,76.0,76,76,76,1.0,2.4876037,0,1,530010820200319589,2023-08-20,Brasília,0,3.4369974,3055149,20.8571428571429,84.6269542857143,0,0,0,61.9866042857143,40.339235,26.1309522857143,31.4285714285714,,,,,,4872,2020-01-12,5300108,Brasilia,DF,2020,3
1578182400000,202002,23.0,23,23,23,0.9799791,0.75282747,0,2,530010820200219589,2023-08-20,Brasília,0,2.0435,3055149,20.2857142857143,94.93646,1,0,0,81.0192821428572,61.600405,23.5523805714286,27.5714285714286,,,,,,4872,2020-01-05,5300108,Brasilia,DF,2020,2
1577577600000,202001,28.0,28,28,28,0.99994624,0.9164856,0,1,530010820200119589,2023-08-20,Brasília,0,4.3525987,3055149,20.6666666666667,91.3808733333333,1,0,0,78.256815,58.8144246666667,22.9694443333333,27.0,,,,,,4872,2019-12-29,5300108,Brasilia,DF,2020,1
1576972800000,201952,4.0,4,4,4,0.37454703,0.1309265,0,1,530010820195219589,2023-08-20,Brasília,0,0.8147075,3055149,20.2857142857143,88.5374357142857,1,0,0,81.7564242857143,70.7298128571429,21.8158728571429,24.0,,,,,,4872,2019-12-22,5300108,Brasilia,DF,2019,52
1576368000000,201951,5.0,5,5,5,0.6793167,0.16365814,0,1,530010820195119589,2023-08-20,Brasília,0,1.3534024,3055149,20.1428571428571,85.4108108571428,0,0,0,76.6244357142857,66.7672311428571,22.1428571428571,24.8571428571429,,,,,,4872,2019-12-15,5300108,Brasilia,DF,2019,51
1575763200000,201950,8.0,8,8,8,0.9039295,0.261853,0,1,530010820195019589,2023-08-20,Brasília,0,2.136478,3055149,20.5714285714286,94.9120657142857,1,0,0,89.4822734285714,82.46952,21.3210315714286,22.5714285714286,,,,,,4872,2019-12-08,5300108,Brasilia,DF,2019,50
1575158400000,201949,0.0,0,0,0,0.0,0.0,0,1,530010820194919589,2023-08-20,Brasília,0,0.0,3055149,21.0,94.9301385714286,0,0,0,88.7458828571429,84.0757014285714,21.7571428571429,22.4285714285714,,,,,,4872,2019-12-01,5300108,Brasilia,DF,2019,49
1574553600000,201948,5.0,5,5,5,0.85926384,0.16365814,0,1,530010820194819589,2023-08-20,Brasília,0,2.1779919,3055149,20.7142857142857,93.2093914285714,1,0,0,88.4090734285714,81.9633924285714,21.7,22.8571428571429,,,,,,4872,2019-11-24,5300108,Brasilia,DF,2019,48
1573948800000,201947,5.0,5,5,5,0.96987224,0.16365814,0,1,530010820194719589,2023-08-20,Brasília,0,5.106544,3055149,19.7142857142857,93.1467334285714,1,0,0,86.5033892857143,80.26802,20.6650792857143,21.7142857142857,,,,,,4872,2019-11-17,5300108,Brasilia,DF,2019,47
1573344000000,201946,2.0,2,2,2,0.69694895,0.06546325,0,1,530010820194619589,2023-08-20,Brasília,0,1.6693347,3055149,21.5714285714286,74.6293081428571,0,0,0,64.6643605714286,51.9924652857143,23.8428571428571,26.7142857142857,,,,,,4872,2019-11-10,5300108,Brasilia,DF,2019,46
1572739200000,201945,0.0,0,0,0,0.0,0.0,0,1,530010820194519589,2023-08-20,Brasília,0,0.0,3055149,20.8571428571429,88.4662028571429,0,0,0,77.605495,66.3822857142857,22.6428571428571,24.4285714285714,,,,,,4872,2019-11-03,5300108,Brasilia,DF,2019,45
1572134400000,201944,0.0,0,0,0,0.0,0.0,0,1,530010820194419589,2023-08-20,Brasília,0,0.0,3055149,20.7142857142857,78.771418,0,0,0,68.55201,56.3240627142857,22.7467534285714,25.1428571428571,,,,,,4872,2019-10-27,5300108,Brasilia,DF,2019,44
1571529600000,201943,4.0,4,4,4,0.5435778,0.1309265,0,1,530010820194319589,2023-08-20,Brasília,0,1.0775247,3055149,20.4285714285714,82.4392952857143,0,0,0,73.8886335714286,62.8859527142857,22.4883117142857,24.8571428571429,,,,,,4872,2019-10-20,5300108,Brasilia,DF,2019,43
1570924800000,201942,2.0,2,2,2,0.16109209,0.06546325,0,1,530010820194219589,2023-08-20,Brasília,0,0.46660945,3055149,17.4285714285714,68.6735242857143,0,0,0,52.131513,35.6002271428571,21.5350648571429,26.4285714285714,,,,,,4872,2019-10-13,5300108,Brasilia,DF,2019,42
1570320000000,201941,3.0,3,3,3,0.4078121,0.09819488,0,1,530010820194119589,2023-08-20,Brasília,0,0.8427745,3055149,20.7142857142857,83.9983814285714,0,0,0,72.5207528571429,55.0464801428571,22.6155842857143,25.2857142857143,,,,,,4872,2019-10-06,5300108,Brasilia,DF,2019,41
1569715200000,201940,7.0,7,7,7,0.90916735,0.2291214,0,1,530010820194019589,2023-08-20,Brasília,0,2.322275,3055149,19.4285714285714,77.5876118571429,0,0,0,63.4991004285714,48.9821551428571,22.52987,25.8571428571429,,,,,,4872,2019-09-29,5300108,Brasilia,DF,2019,40
1569110400000,201939,2.0,2,2,2,0.28655547,0.06546325,0,1,530010820193919589,2023-08-20,Brasília,0,0.6300114,3055149,19.5714285714286,73.0459488571429,0,0,0,63.9959984285714,52.4830275714286,21.7844154285714,24.8571428571429,,,,,,4872,2019-09-22,5300108,Brasilia,DF,2019,39
1568505600000,201938,3.0,3,3,3,0.43387303,0.09819488,0,1,530010820193819589,2023-08-20,Brasília,0,0.88388634,3055149,17.8571428571429,57.2333657142857,0,0,0,44.6969718571429,30.6542451428571,21.2285714285714,26.1428571428571,,,,,,4872,2019-09-15,5300108,Brasilia,DF,2019,38
1567900800000,201937,3.0,3,3,3,0.44326866,0.09819488,0,1,530010820193719589,2023-08-20,Brasília,0,0.89928424,3055149,16.5714285714286,65.1175161428571,0,0,0,53.16735,36.7817517142857,20.0025974285714,25.2857142857143,,,,,,4872,2019-09-08,5300108,Brasilia,DF,2019,37
1567296000000,201936,4.0,4,4,4,0.57414156,0.1309265,0,1,530010820193619589,2023-08-20,Brasília,0,1.1377741,3055149,16.7142857142857,66.1342802857143,0,0,0,51.5059137142857,34.5350757142857,20.151948,25.1428571428571,,,,,,4872,2019-09-01,5300108,Brasilia,DF,2019,36
1566691200000,201935,3.0,3,3,3,0.38876414,0.09819488,0,1,530010820193519589,2023-08-20,Brasília,0,0.81406605,3055149,16.4285714285714,70.4861752857143,0,0,0,57.7209194285714,43.5347438571429,19.3766231428571,23.1428571428571,,,,,,4872,2019-08-25,5300108,Brasilia,DF,2019,35
1566086400000,201934,3.0,3,3,3,0.48282564,0.09819488,0,1,530010820193419589,2023-08-20,Brasília,0,0.9679732,3055149,16.8571428571429,68.579201,0,0,0,54.4558552857143,38.3258545714286,19.9220777142857,24.2857142857143,,,,,,4872,2019-08-18,5300108,Brasilia,DF,2019,34
1565481600000,201933,5.0,5,5,5,0.7923836,0.16365814,0,1,530010820193319589,2023-08-20,Brasília,0,1.7524608,3055149,15.1428571428571,73.8403124285714,0,0,0,59.9574537142857,45.6748382857143,18.2337664285714,22.0,,,,,,4872,2019-08-11,5300108,Brasilia,DF,2019,33
1564876800000,201932,3.0,3,3,3,0.37275293,0.09819488,0,1,530010820193219589,2023-08-20,Brasília,0,0.790712,3055149,14.7142857142857,85.57731,0,0,0,72.8886507142857,53.880869,17.3116881428571,21.1428571428571,,,,,,4872,2019-08-04,5300108,Brasilia,DF,2019,32
1564272000000,201931,1.0,1,1,1,0.02766507,0.032731626,0,1,530010820193119589,2023-08-20,Brasília,0,0.1932072,3055149,13.7142857142857,79.92182,0,0,0,65.355831,47.1138647142857,17.0259741428571,21.7142857142857,,,,,,4872,2019-07-28,5300108,Brasilia,DF,2019,31
1563667200000,201930,5.0,5,5,5,0.26720396,0.16365814,0,1,530010820193019589,2023-08-20,Brasília,0,0.70625377,3055149,13.4285714285714,83.0919731428571,0,0,0,73.9442892857143,60.1033567142857,16.0259738571429,19.2857142857143,,,,,,4872,2019-07-21,5300108,Brasilia,DF,2019,30
1563062400000,201929,4.0,4,4,4,0.0888913,0.1309265,0,1,530010820192919589,2023-08-20,Brasília,0,0.4674232,3055149,13.2857142857143,78.3096692857143,0,0,0,67.1946792857143,52.8261578571429,16.2597402857143,20.2857142857143,,,,,,4872,2019-07-14,5300108,Brasilia,DF,2019,29
1562457600000,201928,7.0,7,7,7,0.2622802,0.2291214,0,1,530010820192819589,2023-08-20,Brasília,0,0.7356202,3055149,11.0,84.3199878571429,0,0,0,70.8505108571429,55.5645845714286,14.2077921428571,18.5714285714286,,,,,,4872,2019-07-07,5300108,Brasilia,DF,2019,28
1561852800000,201927,11.0,11,11,11,0.44890738,0.3600479,0,1,530010820192719589,2023-08-20,Brasília,0,0.9483359,3055149,13.4285714285714,87.0082451428571,0,0,0,78.1196452857143,62.3600285714286,16.1181817142857,20.1428571428571,,,,,,4872,2019-06-30,5300108,Brasilia,DF,2019,27
1561248000000,201926,6.0,6,6,6,0.02115717,0.19638976,0,1,530010820192619589,2023-08-20,Brasília,0,0.4013581,3055149,13.8571428571429,86.2513228571429,0,0,0,74.8542935714286,58.2690801428571,16.6363635714286,20.7142857142857,,,,,,4872,2019-06-23,5300108,Brasilia,DF,2019,26
1560643200000,201925,14.0,14,14,14,0.14703046,0.4582428,0,1,530010820192519589,2023-08-20,Brasília,0,0.69897825,3055149,13.4285714285714,87.9628457142857,0,0,0,77.3012927142857,62.9884997142857,16.1168832857143,20.0,,,,,,4872,2019-06-16,5300108,Brasilia,DF,2019,25
1560038400000,201924,11.0,11,11,11,0.012576982,0.3600479,0,1,530010820192419589,2023-08-20,Brasília,0,0.46010157,3055149,14.7142857142857,88.9108057142857,0,0,0,76.6860707142857,64.6974814285714,17.83171,20.8571428571429,,,,,,4872,2019-06-09,5300108,Brasilia,DF,2019,24
1559433600000,201923,22.0,22,22,22,0.40573856,0.7200958,0,1,530010820192319589,2023-08-20,Brasília,0,0.93237126,3055149,15.7142857142857,89.61977,0,0,0,79.4126234285714,69.5694294285714,18.4935071428571,21.5714285714286,,,,,,4872,2019-06-02,5300108,Brasilia,DF,2019,23
1558828800000,201922,26.0,26,26,26,0.84460133,0.8510223,0,1,530010820192219589,2023-08-20,Brasília,0,1.3501432,3055149,16.4285714285714,92.1806434285714,0,0,0,83.0533162857143,69.060529,18.766234,22.2857142857143,,,,,,4872,2019-05-26,5300108,Brasilia,DF,2019,22
1558224000000,201921,27.0,27,27,27,0.9773228,0.88375396,0,1,530010820192119589,2023-08-20,Brasília,0,1.879683,3055149,16.0,93.8726014285714,0,0,0,84.029065,69.5596885714286,18.496104,22.2857142857143,,,,,,4872,2019-05-19,5300108,Brasilia,DF,2019,21
1557619200000,201920,19.0,19,19,19,0.9076646,0.6219009,0,2,530010820192019589,2023-08-20,Brasília,0,1.6134193,3055149,17.7142857142857,93.9574691428571,1,0,0,86.6759622857143,77.0606534285714,19.4727274285714,21.7142857142857,,,,,,4872,2019-05-12,5300108,Brasilia,DF,2019,20
1557014400000,201919,13.0,13,13,13,0.61064833,0.42551115,0,2,530010820191919589,2023-08-20,Brasília,0,1.1178683,3055149,18.5714285714286,94.8097285714286,1,0,0,84.4866135714286,71.0238592857143,20.9334417142857,24.0,,,,,,4872,2019-05-05,5300108,Brasilia,DF,2019,19
1556409600000,201918,10.0,10,10,10,0.30041394,0.32731628,0,2,530010820191819589,2023-08-20,Brasília,0,0.80453557,3055149,19.5714285714286,94.8872657142857,1,0,0,89.233367,78.6254758571429,20.8285717142857,23.1428571428571,,,,,,4872,2019-04-28,5300108,Brasilia,DF,2019,18
1555804800000,201917,12.0,12,12,12,0.36854702,0.39277953,0,2,530010820191719589,2023-08-20,Brasília,0,0.8776526,3055149,18.4285714285714,95.7106234285714,1,0,0,88.5482148571429,81.288248,20.3966031428571,22.7142857142857,,,,,,4872,2019-04-21,5300108,Brasilia,DF,2019,17
1555200000000,201916,12.0,12,12,12,0.20966369,0.39277953,0,2,530010820191619589,2023-08-20,Brasília,0,0.73989815,3055149,19.5714285714286,96.5757571428571,1,0,0,91.0609585714286,82.6224417142857,21.0499498571429,22.8571428571429,,,,,,4872,2019-04-14,5300108,Brasilia,DF,2019,16
1554595200000,201915,14.0,14,14,14,0.1761865,0.4582428,0,2,530010820191519589,2023-08-20,Brasília,0,0.7258854,3055149,19.7142857142857,98.2973257142857,1,0,0,92.1561428571429,84.2214247142857,20.8005414285714,22.4285714285714,,,,,,4872,2019-04-07,5300108,Brasilia,DF,2019,15
1553990400000,201914,13.0,13,13,13,0.14727427,0.42551115,0,2,530010820191419589,2023-08-20,Brasília,0,0.6908257,3055149,19.2857142857143,92.368972,1,0,0,86.1333492857143,75.171833,20.9000002857143,23.1428571428571,,,,,,4872,2019-03-31,5300108,Brasilia,DF,2019,14
1553385600000,201913,24.0,24,24,24,0.89224297,0.78555906,0,2,530010820191319589,2023-08-20,Brasília,0,1.4770173,3055149,19.8571428571429,95.6895477142857,1,0,0,90.6411265714286,85.54249,20.6363637142857,22.0,,,,,,4872,2019-03-24,5300108,Brasilia,DF,2019,13
1552780800000,201912,21.0,21,21,21,0.8385536,0.68736416,0,2,530010820191219589,2023-08-20,Brasília,0,1.3871177,3055149,19.5714285714286,96.5694357142857,1,0,0,90.6354621428571,83.27312,20.6064934285714,22.1428571428571,,,,,,4872,2019-03-17,5300108,Brasilia,DF,2019,12
1552176000000,201911,12.0,12,12,12,0.29616824,0.39277953,0,2,530010820191119589,2023-08-20,Brasília,0,0.81508166,3055149,20.1428571428571,89.9537328571429,1,0,0,84.7204107142857,75.8468071428571,21.2727271428571,23.2857142857143,,,,,,4872,2019-03-10,5300108,Brasilia,DF,2019,11
1551571200000,201910,18.0,18,18,18,0.7669952,0.5891693,0,2,530010820191019589,2023-08-20,Brasília,0,1.2912934,3055149,18.1428571428571,97.4111857142857,1,0,0,91.5836028571428,86.1104091428572,19.6636362857143,20.7142857142857,,,,,,4872,2019-03-03,5300108,Brasilia,DF,2019,10
1550966400000,201909,12.0,12,12,12,0.5569752,0.39277953,0,2,530010820190919589,2023-08-20,Brasília,0,1.0600405,3055149,19.7142857142857,94.8479371428571,1,0,0,88.1935692857143,80.3762864285714,21.051948,22.4285714285714,,,,,,4872,2019-02-24,5300108,Brasilia,DF,2019,9
1550361600000,201908,18.0,18,18,18,0.97180426,0.5891693,0,2,530010820190819589,2023-08-20,Brasília,0,2.1284816,3055149,19.4285714285714,93.9681185714286,1,0,0,88.9575744285714,81.75066,20.4155845714286,21.5714285714286,,,,,,4872,2019-02-17,5300108,Brasilia,DF,2019,8
1549756800000,201907,10.0,10,10,10,0.8337623,0.32731628,0,1,530010820190719589,2023-08-20,Brasília,0,1.608634,3055149,19.7142857142857,92.4445057142857,1,0,0,86.3459728571429,79.1729835714286,21.1714285714286,22.7142857142857,,,,,,4872,2019-02-10,5300108,Brasilia,DF,2019,7
1549152000000,201906,8.0,8,8,8,0.85635674,0.261853,0,1,530010820190619589,2023-08-20,Brasília,0,1.8154548,3055149,19.7142857142857,94.2076642857143,1,0,0,79.4637761428571,61.1307278571429,22.5376981428571,27.4285714285714,,,,,,4872,2019-02-03,5300108,Brasilia,DF,2019,6
1548547200000,201905,7.0,7,7,7,0.8550865,0.2291214,0,1,530010820190519589,2023-08-20,Brasília,0,1.8906474,3055149,18.1428571428571,84.3868708571429,0,0,0,59.4086522857143,35.8593115714286,24.2380954285714,29.8571428571429,,,,,,4872,2019-01-27,5300108,Brasilia,DF,2019,5
1547942400000,201904,3.0,3,3,3,0.22768252,0.09819488,0,1,530010820190419589,2023-08-20,Brasília,0,0.60136557,3055149,19.7142857142857,83.0639728571429,0,0,0,60.1835437142857,38.3832544285714,25.0297617142857,30.5714285714286,,,,,,4872,2019-01-20,5300108,Brasilia,DF,2019,4
1547337600000,201903,4.0,4,4,4,0.20809719,0.1309265,0,1,530010820190319589,2023-08-20,Brasília,0,0.613573,3055149,18.8571428571429,87.4907005714286,0,0,0,68.945513,50.693095,23.3809522857143,28.1428571428571,,,,,,4872,2019-01-13,5300108,Brasilia,DF,2019,3
1546732800000,201902,1.0,1,1,1,0.030441768,0.032731626,0,2,530010820190219589,2023-08-20,Brasília,0,0.19849919,3055149,18.5714285714286,91.609522,1,0,0,80.7433237142857,69.307483,20.4428571428571,22.4285714285714,,,,,,4872,2019-01-06,5300108,Brasilia,DF,2019,2
1546128000000,201901,14.0,14,14,14,0.99517447,0.4582428,0,2,530010820190119589,2023-08-20,Brasília,0,3.755057,3055149,19.1428571428571,92.4099651428571,1,0,0,83.8881727142857,73.7355725714286,20.6857142857143,22.7142857142857,,,,,,4872,2018-12-30,5300108,Brasilia,DF,2019,1
1545523200000,201852,1.0,1,1,1,0.094005026,0.032731626,0,2,530010820185219589,2023-08-20,Brasília,0,0.293159,3055149,19.0,94.0550488,1,0,0,84.4303552,67.689914,21.4538888,24.4,,,,,,4872,2018-12-23,5300108,Brasilia,DF,2018,52
1544918400000,201851,4.0,4,4,4,0.6892731,0.1309265,0,2,530010820185119589,2023-08-20,Brasília,0,1.4314922,3055149,19.2380952380952,94.3304172952381,1,0,0,,,,,,,,,,4872,2018-12-16,5300108,Brasilia,DF,2018,51
1544313600000,201850,4.0,4,4,4,0.7823859,0.1309265,0,2,530010820185019589,2023-08-20,Brasília,0,1.816883,3055149,19.4761904761905,94.6057857904762,1,0,0,,,,,,,,,,4872,2018-12-09,5300108,Brasilia,DF,2018,50
1543708800000,201849,3.0,3,3,3,0.6067101,0.09819488,0,2,530010820184919589,2023-08-20,Brasília,0,1.2408701,3055149,19.7142857142857,94.8811542857143,1,0,0,89.3434171428571,80.9390635714286,20.6674601428571,22.5714285714286,,,,,,4872,2018-12-02,5300108,Brasilia,DF,2018,49
1543104000000,201848,1.0,1,1,1,0.113259345,0.032731626,0,2,530010820184819589,2023-08-20,Brasília,0,0.31823844,3055149,18.5714285714286,92.3061191428571,1,0,0,86.2330228571429,77.6836178571428,19.9178571428571,21.8571428571429,,,,,,4872,2018-11-25,5300108,Brasilia,DF,2018,48
1542499200000,201847,3.0,3,3,3,0.40364802,0.09819488,0,2,530010820184719589,2023-08-20,Brasília,0,0.8364075,3055149,19.0,94.88671,1,0,0,88.9910134285714,79.793325,20.3813491428571,22.4285714285714,,,,,,4872,2018-11-18,5300108,Brasilia,DF,2018,47
1541894400000,201846,2.0,2,2,2,0.35797927,0.06546325,0,2,530010820184619589,2023-08-20,Brasília,0,0.73496765,3055149,18.8571428571429,97.4238985714286,1,0,0,91.2821378571429,81.5304237142857,20.1821424285714,22.2857142857143,,,,,,4872,2018-11-11,5300108,Brasilia,DF,2018,46
1541289600000,201845,6.0,6,6,6,0.94613,0.19638976,0,2,530010820184519589,2023-08-20,Brasília,0,3.222789,3055149,19.1428571428571,96.5504714285714,1,0,0,90.7268385714286,82.5312428571429,19.904762,21.2857142857143,,,,,,4872,2018-11-04,5300108,Brasilia,DF,2018,45
1540684800000,201844,2.0,2,2,2,0.50307125,0.06546325,0,2,530010820184419589,2023-08-20,Brasília,0,1.0069643,3055149,19.7142857142857,91.5414748571429,1,0,0,84.7162965714286,73.9152668571429,21.0162337142857,23.1428571428571,,,,,,4872,2018-10-28,5300108,Brasilia,DF,2018,44
1540080000000,201843,1.0,1,1,1,0.20688477,0.032731626,0,2,530010820184319589,2023-08-20,Brasília,0,0.43992773,3055149,19.1428571428571,96.6209914285714,1,0,0,89.3454042857143,79.030422,20.5091991428571,22.7142857142857,,,,,,4872,2018-10-21,5300108,Brasilia,DF,2018,43
1539475200000,201842,2.0,2,2,2,0.525297,0.06546325,0,2,530010820184219589,2023-08-20,Brasília,0,1.05948,3055149,18.0,100.0,1,0,0,89.99922,80.951455,20.068182,22.0,,,,,,4872,2018-10-14,5300108,Brasilia,DF,2018,42
1538870400000,201841,3.0,3,3,3,0.8347813,0.09819488,0,1,530010820184119589,2023-08-20,Brasília,0,2.440234,3055149,18.0,96.27173625,1,0,0,,,,,,,,,,4872,2018-10-07,5300108,Brasilia,DF,2018,41
1538265600000,201840,2.0,2,2,2,0.6547254,0.06546325,0,1,530010820184019589,2023-08-20,Brasília,0,1.4715376,3055149,18.0,92.5434725,1,0,0,81.64804125,69.39496,19.977273,22.0,,,,,,4872,2018-09-30,5300108,Brasilia,DF,2018,40
1537660800000,201839,1.0,1,1,1,0.16229422,0.032731626,0,1,530010820183919589,2023-08-20,Brasília,0,0.38119686,3055149,15.1428571428571,92.1393,0,0,0,75.6999955714286,51.677306,18.7716451428571,23.4285714285714,,,,,,4872,2018-09-23,5300108,Brasilia,DF,2018,39
1537056000000,201838,0.0,0,0,0,0.0,0.0,0,1,530010820183819589,2023-08-20,Brasília,0,0.0,3055149,15.8571428571429,99.1328242857143,0,0,0,90.2123874285714,73.5056512857143,18.3245671428571,21.8571428571429,,,,,,4872,2018-09-16,5300108,Brasilia,DF,2018,38
1536451200000,201837,3.0,3,3,3,0.5269505,0.09819488,0,1,530010820183719589,2023-08-20,Brasília,0,1.0534176,3055149,12.8571428571429,82.8850302857143,0,0,0,65.2829797142857,44.3758081428571,16.6715364285714,21.5714285714286,,,,,,4872,2018-09-09,5300108,Brasilia,DF,2018,37
1535846400000,201836,5.0,5,5,5,0.8557577,0.16365814,0,1,530010820183619589,2023-08-20,Brasília,0,2.1486855,3055149,13.0,85.4367364285714,0,0,0,67.8282804285714,48.7459614285714,17.1336582857143,22.0,,,,,,4872,2018-09-02,5300108,Brasilia,DF,2018,36
1535241600000,201835,3.0,3,3,3,0.5350127,0.09819488,0,1,530010820183519589,2023-08-20,Brasília,0,1.0702289,3055149,14.0,84.0712191428571,0,0,0,65.5264721428571,49.2310167142857,17.4128788571429,21.4285714285714,,,,,,4872,2018-08-26,5300108,Brasilia,DF,2018,35
1534636800000,201834,0.0,0,0,0,0.0,0.0,0,1,530010820183419589,2023-08-20,Brasília,0,0.0,3055149,12.8571428571429,85.2993865714286,0,0,0,70.9141297142857,55.3196785714286,16.1650432857143,19.8571428571429,,,,,,4872,2018-08-19,5300108,Brasilia,DF,2018,34
1534032000000,201833,5.0,5,5,5,0.87189347,0.16365814,0,1,530010820183319589,2023-08-20,Brasília,0,2.2933102,3055149,12.2857142857143,85.5404807142857,0,0,0,66.3062278571429,43.2940031428571,16.411008,22.1428571428571,,,,,,4872,2018-08-12,5300108,Brasilia,DF,2018,33
1533427200000,201832,2.0,2,2,2,0.50600183,0.06546325,0,1,530010820183219589,2023-08-20,Brasília,0,1.0136732,3055149,14.1428571428571,89.5315942857143,0,0,0,60.9638951428571,29.1533562857143,21.0119048571429,28.7142857142857,,,,,,4872,2018-08-05,5300108,Brasilia,DF,2018,32
1532822400000,201831,3.0,3,3,3,0.5712923,0.09819488,0,1,530010820183119589,2023-08-20,Brasília,0,1.1513646,3055149,11.0,87.6890871428571,0,0,0,54.618591,21.6808644285714,19.5238094285714,28.4285714285714,,,,,,4872,2018-07-29,5300108,Brasilia,DF,2018,31
1532217600000,201830,0.0,0,0,0,0.0,0.0,0,1,530010820183019589,2023-08-20,Brasília,0,0.0,3055149,9.28571428571429,88.3618034285714,0,0,0,57.3098288571429,26.7521431428571,17.0059525714286,25.1428571428571,,,,,,4872,2018-07-22,5300108,Brasilia,DF,2018,30
1531612800000,201829,4.0,4,4,4,0.6971818,0.1309265,0,1,530010820182919589,2023-08-20,Brasília,0,1.4572487,3055149,10.5714285714286,89.2166221428571,0,0,0,65.9835537142857,40.7287048571429,16.2938312857143,22.7142857142857,,,,,,4872,2018-07-15,5300108,Brasilia,DF,2018,29
1531008000000,201828,3.0,3,3,3,0.47004876,0.09819488,0,1,530010820182819589,2023-08-20,Brasília,0,0.94505644,3055149,11.1428571428571,90.231216,0,0,0,79.2669381428571,61.4436665714286,14.1899351428571,18.5714285714286,,,,,,4872,2018-07-08,5300108,Brasilia,DF,2018,28
1530403200000,201827,2.0,2,2,2,0.24396588,0.06546325,0,1,530010820182719589,2023-08-20,Brasília,0,0.57260865,3055149,8.71428571428571,92.5800475714286,0,0,0,78.7596252857143,61.146714,12.4994588571429,17.0,,,,,,4872,2018-07-01,5300108,Brasilia,DF,2018,27
1529798400000,201826,3.0,3,3,3,0.47762176,0.09819488,0,1,530010820182619589,2023-08-20,Brasília,0,0.9585498,3055149,9.57142857142857,90.122995,0,0,0,78.8331087142857,61.8806012857143,12.6138528571429,17.0,,,,,,4872,2018-06-24,5300108,Brasilia,DF,2018,26
1529193600000,201825,5.0,5,5,5,0.7537957,0.16365814,0,1,530010820182519589,2023-08-20,Brasília,0,1.5878348,3055149,10.8571428571429,91.0082948571429,0,0,0,78.8835492857143,59.9280891428571,13.9464284285714,18.2857142857143,,,,,,4872,2018-06-17,5300108,Brasilia,DF,2018,25
1528588800000,201824,2.0,2,2,2,0.23144716,0.06546325,0,1,530010820182419589,2023-08-20,Brasília,0,0.5562483,3055149,12.0,95.4712491428571,0,0,0,83.2826702857143,66.0816021428571,15.0308444285714,19.1428571428571,,,,,,4872,2018-06-10,5300108,Brasilia,DF,2018,24
1527984000000,201823,3.0,3,3,3,0.35735798,0.09819488,0,1,530010820182319589,2023-08-20,Brasília,0,0.7688626,3055149,12.2857142857143,92.8212042857143,0,0,0,83.6093564285714,68.7794932857143,15.2126624285714,19.1428571428571,,,,,,4872,2018-06-03,5300108,Brasilia,DF,2018,23
1527379200000,201822,4.0,4,4,4,0.42096496,0.1309265,0,1,530010820182219589,2023-08-20,Brasília,0,0.87813616,3055149,10.8571428571429,93.6589785714286,0,0,0,83.2202651428571,69.8190568571429,13.9925324285714,17.5714285714286,,,,,,4872,2018-05-27,5300108,Brasilia,DF,2018,22
1526774400000,201821,4.0,4,4,4,0.3173143,0.1309265,0,1,530010820182119589,2023-08-20,Brasília,0,0.74219966,3055149,12.8571428571429,94.6691857142857,0,0,0,84.9002027142857,69.2745392857143,15.5243505714286,19.5714285714286,,,,,,4872,2018-05-20,5300108,Brasilia,DF,2018,21
1526169600000,201820,3.0,3,3,3,0.21377715,0.09819488,0,1,530010820182019589,2023-08-20,Brasília,0,0.58445066,3055149,12.4285714285714,94.6910357142857,0,0,0,69.71466,36.3938718571429,19.2023811428571,26.7142857142857,,,,,,4872,2018-05-13,5300108,Brasilia,DF,2018,20
1525564800000,201819,8.0,8,8,8,0.84581435,0.261853,0,1,530010820181919589,2023-08-20,Brasília,0,1.7629106,3055149,12.7142857142857,94.6480642857143,0,0,0,67.552808,37.4296558571429,19.4226188571429,26.0,,,,,,4872,2018-05-06,5300108,Brasilia,DF,2018,19
1524960000000,201818,4.0,4,4,4,0.51208645,0.1309265,0,1,530010820181819589,2023-08-20,Brasília,0,1.0206321,3055149,14.8571428571429,89.8055657142857,0,0,0,67.5512401428571,38.6471891428571,20.4583337142857,27.0,,,,,,4872,2018-04-29,5300108,Brasilia,DF,2018,18
1524355200000,201817,5.0,5,5,5,0.7341446,0.16365814,0,1,530010820181719589,2023-08-20,Brasília,0,1.5173167,3055149,15.5714285714286,93.0111654285714,0,0,0,74.7060045714286,46.9750641428571,20.3333334285714,26.4285714285714,,,,,,4872,2018-04-22,5300108,Brasilia,DF,2018,17
1523750400000,201816,4.0,4,4,4,0.6640088,0.1309265,0,1,530010820181619589,2023-08-20,Brasília,0,1.3551533,3055149,15.7142857142857,93.0175534285714,0,0,0,83.5250631428571,69.9775341428571,18.6961041428571,21.8571428571429,,,,,,4872,2018-04-15,5300108,Brasilia,DF,2018,16
1522800000000,201815,3.0,3,3,3,0.46337405,0.09819488,0,2,530010820181519589,2023-08-20,Brasília,0,0.93337226,3055149,17.1428571428571,94.757966,1,0,0,88.9460402857143,82.464787,18.3544371428571,19.8571428571429,,,,,,4872,2018-04-04,5300108,Brasilia,DF,2018,15
1522540800000,201814,3.0,3,3,3,0.40694025,0.09819488,0,2,530010820181419589,2023-08-20,Brasília,0,0.8414371,3055149,18.1428571428571,94.0413757142857,1,0,0,86.8595385714286,76.5665478571429,19.7884197142857,21.8571428571429,,,,,,4872,2018-04-01,5300108,Brasilia,DF,2018,14
1521936000000,201813,2.0,2,2,2,0.26251706,0.06546325,0,2,530010820181319589,2023-08-20,Brasília,0,0.59724545,3055149,17.5714285714286,90.8387157142857,1,0,0,80.9323821428572,71.2884814285714,19.5604977142857,22.0,,,,,,4872,2018-03-25,5300108,Brasilia,DF,2018,13
1521331200000,201812,6.0,6,6,6,0.80163294,0.19638976,0,2,530010820181219589,2023-08-20,Brasília,0,1.7064463,3055149,17.8571428571429,96.5247668571429,1,0,0,86.3466601428571,76.319258,20.121212,22.5714285714286,,,,,,4872,2018-03-18,5300108,Brasilia,DF,2018,12
1520726400000,201811,1.0,1,1,1,0.08244252,0.032731626,0,2,530010820181119589,2023-08-20,Brasília,0,0.2777417,3055149,18.8571428571429,93.2236442857143,1,0,0,85.3534727142857,70.6755931428571,20.9327201428571,24.0,,,,,,4872,2018-03-11,5300108,Brasilia,DF,2018,11
1520121600000,201810,5.0,5,5,5,0.7114857,0.16365814,0,2,530010820181019589,2023-08-20,Brasília,0,1.4444482,3055149,18.6666666666667,93.9670533333333,1,0,0,84.1354466666667,76.0057316666667,20.004545,21.3333333333333,,,,,,4872,2018-03-04,5300108,Brasilia,DF,2018,10
1519516800000,201809,3.0,3,3,3,0.45556313,0.09819488,0,1,530010820180919589,2023-08-20,Brasília,0,0.9199371,3055149,18.4285714285714,91.5219485714286,1,0,0,75.254332,53.5405731428571,21.7639282857143,26.1428571428571,,,,,,4872,2018-02-25,5300108,Brasilia,DF,2018,9
1518912000000,201808,4.0,4,4,4,0.51210403,0.1309265,0,1,530010820180819589,2023-08-20,Brasília,0,1.0206627,3055149,19.0,92.4215042857143,1,0,0,86.2730742857143,75.0327,20.2630951428571,22.0,,,,,,4872,2018-02-18,5300108,Brasilia,DF,2018,8
1518307200000,201807,3.0,3,3,3,0.21119367,0.09819488,0,1,530010820180719589,2023-08-20,Brasília,0,0.5813155,3055149,18.5714285714286,86.1030914285714,0,0,0,75.6478842857143,63.9317058571429,20.6,23.1428571428571,,,,,,4872,2018-02-11,5300108,Brasilia,DF,2018,7
1517702400000,201806,2.0,2,2,2,0.08366359,0.06546325,0,1,530010820180619589,2023-08-20,Brasília,0,0.3647743,3055149,18.1428571428571,97.5495188571429,1,0,0,87.7539664285714,77.7775105714286,19.4515875714286,21.4285714285714,,,,,,4872,2018-02-04,5300108,Brasilia,DF,2018,6
1517097600000,201805,8.0,8,8,8,0.7438456,0.261853,0,1,530010820180519589,2023-08-20,Brasília,0,1.4138694,3055149,19.4285714285714,94.0323171428571,1,0,0,87.810627,81.0663728571429,20.5428571428571,21.7142857142857,,,,,,4872,2018-01-28,5300108,Brasilia,DF,2018,5
1516492800000,201804,4.0,4,4,4,0.32761776,0.1309265,0,1,530010820180419589,2023-08-20,Brasília,0,0.754881,3055149,18.4285714285714,86.0537834285714,0,0,0,68.2273435714286,44.8479174285714,21.5359211428571,26.1428571428571,,,,,,4872,2018-01-21,5300108,Brasilia,DF,2018,4
1515888000000,201803,6.0,6,6,6,0.77444893,0.19638976,0,2,530010820180319589,2023-08-20,Brasília,0,1.5968765,3055149,17.2857142857143,89.0138111428571,1,0,0,74.5576338571429,60.333589,20.0857142857143,23.1428571428571,,,,,,4872,2018-01-14,5300108,Brasilia,DF,2018,3
1515283200000,201802,7.0,7,7,7,0.9556982,0.2291214,0,1,530010820180219589,2023-08-20,Brasília,0,3.1658034,3055149,18.0,89.8707705714286,1,0,0,82.27582,75.7994037142857,19.5714285714286,21.2857142857143,,,,,,4872,2018-01-07,5300108,Brasilia,DF,2018,2
1514678400000,201801,3.0,3,3,3,0.79323494,0.09819488,0,1,530010820180119589,2023-08-20,Brasília,0,2.0637789,3055149,18.8571428571429,94.8225114285714,1,0,0,89.8873771428571,83.2528934285714,19.8428571428571,20.8571428571429,,,,,,4872,2017-12-31,5300108,Brasilia,DF,2018,1
1514073600000,201752,2.0,2,2,2,0.6079174,0.06546325,0,1,530010820175219589,2023-08-20,Brasília,0,1.296142,3055149,19.1428571428571,86.8635442857143,0,0,0,78.5883127142857,67.8196414285714,21.1888887142857,23.4285714285714,,,,,,4872,2017-12-24,5300108,Brasilia,DF,2017,52
1513468800000,201751,1.0,1,1,1,0.26266667,0.032731626,0,2,530010820175119589,2023-08-20,Brasília,0,0.5184853,3055149,17.4285714285714,91.5223002857143,1,0,0,78.1993728571429,65.7363848571429,20.5313492857143,23.4285714285714,,,,,,4872,2017-12-17,5300108,Brasilia,DF,2017,51
1512864000000,201750,1.0,1,1,1,0.20110378,0.032731626,0,2,530010820175019589,2023-08-20,Brasília,0,0.43215436,3055149,18.1666666666667,96.964804,1,0,0,91.1291156666667,81.1464446666667,19.0916666666667,21.0,,,,,,4872,2017-12-10,5300108,Brasilia,DF,2017,50
1512259200000,201749,3.0,3,3,3,0.38929653,0.09819488,0,2,530010820174919589,2023-08-20,Brasília,0,0.8148543,3055149,19.5714285714286,90.7450285714286,1,0,0,83.419618,70.7765421428571,21.2270974285714,24.0,,,,,,4872,2017-12-03,5300108,Brasilia,DF,2017,49
1511654400000,201748,1.0,1,1,1,0.023952505,0.032731626,0,2,530010820174819589,2023-08-20,Brasília,0,0.18574657,3055149,18.5,93.907157,1,0,0,78.747975,61.0472205,21.041666,24.5,,,,,,4872,2017-11-26,5300108,Brasilia,DF,2017,48
1511049600000,201747,3.0,3,3,3,0.20228274,0.09819488,0,1,530010820174719589,2023-08-20,Brasília,0,0.57051253,3055149,17.975,91.84822725,1,0,0,,,,,,,,,,4872,2017-11-19,5300108,Brasilia,DF,2017,47
1510444800000,201746,7.0,7,7,7,0.86525047,0.2291214,0,1,530010820174619589,2023-08-20,Brasília,0,1.9531107,3055149,17.45,89.7892975,1,0,0,,,,,,,,,,4872,2017-11-12,5300108,Brasilia,DF,2017,46
1509840000000,201745,7.0,7,7,7,0.92148894,0.2291214,0,1,530010820174519589,2023-08-20,Brasília,0,2.4735746,3055149,16.925,87.73036775,0,0,0,,,,,,,,,,4872,2017-11-05,5300108,Brasilia,DF,2017,45
1509235200000,201744,2.0,2,2,2,0.25404683,0.06546325,0,1,530010820174419589,2023-08-20,Brasília,0,0.5859334,3055149,16.4,85.671438,0,0,0,,,,,,,,,,4872,2017-10-29,5300108,Brasilia,DF,2017,44
1508630400000,201743,2.0,2,2,2,0.13385092,0.06546325,0,1,530010820174319589,2023-08-20,Brasília,0,0.4319285,3055149,15.875,83.61250825,0,0,0,,,,,,,,,,4872,2017-10-22,5300108,Brasilia,DF,2017,43
1508025600000,201742,4.0,4,4,4,0.3068955,0.1309265,0,1,530010820174219589,2023-08-20,Brasília,0,0.72951424,3055149,15.35,81.5535785,0,0,0,,,,,,,,,,4872,2017-10-15,5300108,Brasilia,DF,2017,42
1507420800000,201741,3.0,3,3,3,0.26740393,0.09819488,0,1,530010820174119589,2023-08-20,Brasília,0,0.6503636,3055149,14.825,79.49464875,0,0,0,,,,,,,,,,4872,2017-10-08,5300108,Brasilia,DF,2017,41
1506816000000,201740,9.0,9,9,9,0.95710075,0.29458466,0,1,530010820174019589,2023-08-20,Brasília,0,2.7231672,3055149,14.3,77.435719,0,0,0,,,,,,,,,,4872,2017-10-01,5300108,Brasilia,DF,2017,40
1506211200000,201739,3.0,3,3,3,0.66905445,0.09819488,0,1,530010820173919589,2023-08-20,Brasília,0,1.4322869,3055149,13.775,75.37678925,0,0,0,,,,,,,,,,4872,2017-09-24,5300108,Brasilia,DF,2017,39
1505606400000,201738,4.0,4,4,4,0.88192445,0.1309265,0,1,530010820173819589,2023-08-20,Brasília,0,2.67802,3055149,13.25,73.3178595,0,0,0,,,,,,,,,,4872,2017-09-17,5300108,Brasilia,DF,2017,38
1505001600000,201737,2.0,2,2,2,0.5630168,0.06546325,0,1,530010820173719589,2023-08-20,Brasília,0,1.1583347,3055149,12.725,71.25892975,0,0,0,,,,,,,,,,4872,2017-09-10,5300108,Brasilia,DF,2017,37
1504396800000,201736,0.0,0,0,0,0.0,0.0,0,1,530010820173619589,2023-08-20,Brasília,0,0.0,3055149,12.2,69.2,0,0,0,53.9321426,38.8,15.7285714,19.6,,,,,,4872,2017-09-03,5300108,Brasilia,DF,2017,36
1503792000000,201735,3.0,3,3,3,0.5664005,0.09819488,0,1,530010820173519589,2023-08-20,Brasília,0,1.1398561,3055149,13.1428571428571,64.7142857142857,0,0,0,51.4603174285714,36.4285714285714,15.5178571428571,18.7142857142857,,,,,,4872,2017-08-27,5300108,Brasilia,DF,2017,35
1503187200000,201734,1.0,1,1,1,0.14978175,0.032731626,0,1,530010820173419589,2023-08-20,Brasília,0,0.36508793,3055149,15.2857142857143,72.4285714285714,0,0,0,63.3015871428571,52.8571428571429,17.1726191428571,19.1428571428571,,,,,,4872,2017-08-20,5300108,Brasilia,DF,2017,34
1502582400000,201733,3.0,3,3,3,0.6523957,0.09819488,0,1,530010820173319589,2023-08-20,Brasília,0,1.3760064,3055149,13.5714285714286,64.5714285714286,0,0,0,54.4107142857143,41.5714285714286,16.0694444285714,19.2857142857143,,,,,,4872,2017-08-13,5300108,Brasilia,DF,2017,33
1501977600000,201732,4.0,4,4,4,0.80189276,0.1309265,0,1,530010820173219589,2023-08-20,Brasília,0,1.9306272,3055149,14.0,72.1428571428571,0,0,0,63.6488091428571,53.0,15.6130952857143,17.7142857142857,,,,,,4872,2017-08-06,5300108,Brasilia,DF,2017,32
1501372800000,201731,1.0,1,1,1,0.18523611,0.032731626,0,1,530010820173119589,2023-08-20,Brasília,0,0.4110891,3055149,10.7142857142857,78.0,0,0,0,68.2678571428571,57.8571428571429,12.4821428571429,14.8571428571429,,,,,,4872,2017-07-30,5300108,Brasilia,DF,2017,31
1500768000000,201730,2.0,2,2,2,0.2434752,0.06546325,0,1,530010820173019589,2023-08-20,Brasília,0,0.57196367,3055149,11.0,74.1428571428571,0,0,0,64.8333337142857,53.2857142857143,12.9033447142857,15.8571428571429,,,,,,4872,2017-07-23,5300108,Brasilia,DF,2017,30
1500163200000,201729,3.0,3,3,3,0.17944007,0.09819488,0,1,530010820172919589,2023-08-20,Brasília,0,0.5428188,3055149,10.1428571428571,81.4285714285714,0,0,0,71.2678571428571,61.0,12.3392857142857,14.7142857142857,,,,,,4872,2017-07-16,5300108,Brasilia,DF,2017,29
1499558400000,201728,1.0,1,1,1,0.005898012,0.032731626,0,1,530010820172819589,2023-08-20,Brasília,0,0.13503376,3055149,12.4285714285714,80.8571428571429,0,0,0,71.7099201428571,62.0,13.7638888571429,15.1428571428571,,,,,,4872,2017-07-09,5300108,Brasilia,DF,2017,28
1498953600000,201727,8.0,8,8,8,0.44374418,0.261853,0,1,530010820172719589,2023-08-20,Brasília,0,0.934434,3055149,11.2857142857143,77.0,0,0,0,70.051588,61.4285714285714,12.515873,14.0,,,,,,4872,2017-07-02,5300108,Brasilia,DF,2017,27
1498348800000,201726,5.0,5,5,5,0.13532595,0.16365814,0,1,530010820172619589,2023-08-20,Brasília,0,0.557836,3055149,13.2857142857143,77.5714285714286,0,0,0,66.5651928571429,55.2857142857143,15.3472221428571,16.8571428571429,,,,,,4872,2017-06-25,5300108,Brasilia,DF,2017,26
1497744000000,201725,13.0,13,13,13,0.6697351,0.42551115,0,1,530010820172519589,2023-08-20,Brasília,0,1.193532,3055149,12.7142857142857,80.8571428571429,0,0,0,73.7301592857143,65.7142857142857,14.156746,16.1428571428571,,,,,,4872,2017-06-18,5300108,Brasilia,DF,2017,25
1497139200000,201724,4.0,4,4,4,0.015122262,0.1309265,0,1,530010820172419589,2023-08-20,Brasília,0,0.32514998,3055149,14.2857142857143,89.8571428571429,0,0,0,80.9348071428571,69.2857142857143,16.1686507142857,18.8571428571429,,,,,,4872,2017-06-11,5300108,Brasilia,DF,2017,24
1496534400000,201723,13.0,13,13,13,0.5832738,0.42551115,0,1,530010820172319589,2023-08-20,Brasília,0,1.0863271,3055149,15.1428571428571,94.0,0,0,0,88.2103171428571,81.2857142857143,16.6805557142857,18.5714285714286,,,,,,4872,2017-06-04,5300108,Brasilia,DF,2017,23
1495929600000,201722,14.0,14,14,14,0.71450627,0.4582428,0,1,530010820172219589,2023-08-20,Brasília,0,1.249408,3055149,16.8571428571429,93.1428571428571,0,0,0,86.6031742857143,79.8571428571429,18.3988094285714,20.1428571428571,,,,,,4872,2017-05-28,5300108,Brasilia,DF,2017,22
1495324800000,201721,11.0,11,11,11,0.5504661,0.3600479,0,1,530010820172119589,2023-08-20,Brasília,0,1.0552266,3055149,18.0,95.0,1,0,0,91.1206342857143,85.2857142857143,19.0083334285714,20.4285714285714,,,,,,4872,2017-05-21,5300108,Brasilia,DF,2017,21
1494720000000,201720,12.0,12,12,12,0.6980264,0.39277953,0,1,530010820172019589,2023-08-20,Brasília,0,1.2453386,3055149,17.0,97.4285714285714,0,0,0,89.9309864285714,79.7142857142857,18.9165981428571,20.8571428571429,,,,,,4872,2017-05-14,5300108,Brasilia,DF,2017,20
1494115200000,201719,10.0,10,10,10,0.63477004,0.32731628,0,1,530010820171919589,2023-08-20,Brasília,0,1.1695744,3055149,16.0,89.0,0,0,0,79.252551,69.5714285714286,17.7653061428571,20.1428571428571,,,,,,4872,2017-05-07,5300108,Brasilia,DF,2017,19
1493510400000,201718,10.0,10,10,10,0.7577091,0.32731628,0,1,530010820171819589,2023-08-20,Brasília,0,1.3927902,3055149,16.8571428571429,94.8571428571429,0,0,0,84.5280614285714,75.2857142857143,18.9260202857143,20.7142857142857,,,,,,4872,2017-04-30,5300108,Brasilia,DF,2017,18
1492905600000,201717,9.0,9,9,9,0.74572015,0.29458466,0,2,530010820171719589,2023-08-20,Brasília,0,1.3899115,3055149,19.2857142857143,96.5714285714286,1,0,0,91.2924264285714,82.4285714285714,20.4856175714286,22.4285714285714,,,,,,4872,2017-04-23,5300108,Brasilia,DF,2017,17
1492300800000,201716,7.0,7,7,7,0.5268859,0.2291214,0,2,530010820171619589,2023-08-20,Brasília,0,1.0359075,3055149,18.4285714285714,91.7142857142857,1,0,0,85.4999984285714,75.8571428571429,19.9875282857143,21.8571428571429,,,,,,4872,2017-04-16,5300108,Brasilia,DF,2017,16
1491696000000,201715,5.0,5,5,5,0.24998863,0.16365814,0,2,530010820171519589,2023-08-20,Brasília,0,0.6871598,3055149,17.8571428571429,92.4285714285714,1,0,0,80.7494321428571,65.1428571428571,20.2063492857143,23.0,,,,,,4872,2017-04-09,5300108,Brasilia,DF,2017,15
1491091200000,201714,8.0,8,8,8,0.519131,0.261853,0,2,530010820171419589,2023-08-20,Brasília,0,1.023775,3055149,18.0,94.0,1,0,0,87.0733742857143,78.4285714285714,19.8468507142857,21.8571428571429,,,,,,4872,2017-04-02,5300108,Brasilia,DF,2017,14
1490486400000,201713,6.0,6,6,6,0.40560988,0.19638976,0,2,530010820171319589,2023-08-20,Brasília,0,0.87878376,3055149,18.5714285714286,97.4285714285714,1,0,0,90.9754791428571,81.1428571428571,19.875263,21.2857142857143,,,,,,4872,2017-03-26,5300108,Brasilia,DF,2017,13
1489881600000,201712,9.0,9,9,9,0.92742604,0.29458466,0,2,530010820171219589,2023-08-20,Brasília,0,2.2547534,3055149,18.2857142857143,96.5714285714286,1,0,0,89.9855434285714,80.5714285714286,19.6284012857143,21.7142857142857,,,,,,4872,2017-03-19,5300108,Brasilia,DF,2017,12
1489276800000,201711,9.0,9,9,9,0.98929465,0.29458466,0,1,530010820171119589,2023-08-20,Brasília,0,4.5057974,3055149,18.2857142857143,92.7142857142857,1,0,0,82.5025514285714,69.1428571428571,21.0408164285714,23.4285714285714,,,,,,4872,2017-03-12,5300108,Brasilia,DF,2017,11
1488672000000,201710,3.0,3,3,3,0.57784814,0.09819488,0,1,530010820171019589,2023-08-20,Brasília,0,1.1670921,3055149,20.2857142857143,90.0,1,0,0,80.1154762857143,67.0,22.0928571428571,24.1428571428571,,,,,,4872,2017-03-05,5300108,Brasilia,DF,2017,10
1488067200000,201709,0.0,0,0,0,0.0,0.0,0,1,530010820170919589,2023-08-20,Brasília,0,0.0,3055149,18.0,97.1428571428571,0,0,0,89.6066791428571,80.1428571428571,19.7307515714286,21.4285714285714,,,,,,4872,2017-02-26,5300108,Brasilia,DF,2017,9
1487462400000,201708,2.0,2,2,2,0.07677511,0.06546325,0,2,530010820170819589,2023-08-20,Brasília,0,0.35485893,3055149,19.5714285714286,90.5714285714286,1,0,0,82.4666671428571,71.5714285714286,21.470238,23.4285714285714,,,,,,4872,2017-02-19,5300108,Brasilia,DF,2017,8
1486857600000,201707,5.0,5,5,5,0.4049962,0.16365814,0,2,530010820170719589,2023-08-20,Brasília,0,0.8683468,3055149,19.1428571428571,94.8571428571429,1,0,0,84.2842971428571,67.0,20.8106578571429,22.5714285714286,,,,,,4872,2017-02-12,5300108,Brasilia,DF,2017,7
1486252800000,201706,7.0,7,7,7,0.54075843,0.2291214,0,2,530010820170619589,2023-08-20,Brasília,0,1.0552378,3055149,19.5714285714286,95.7142857142857,1,0,0,90.7521895714286,79.7142857142857,20.9316501428571,23.1428571428571,,,,,,4872,2017-02-05,5300108,Brasilia,DF,2017,6
1485648000000,201705,5.0,5,5,5,0.15364428,0.16365814,0,2,530010820170519589,2023-08-20,Brasília,0,0.57939285,3055149,19.5714285714286,90.7142857142857,1,0,0,83.3244995714286,74.4285714285714,21.0728368571429,22.8571428571429,,,,,,4872,2017-01-29,5300108,Brasilia,DF,2017,5
1485043200000,201704,5.0,5,5,5,0.095882796,0.16365814,0,2,530010820170419589,2023-08-20,Brasília,0,0.5082528,3055149,18.7142857142857,96.0,1,0,0,85.9585037142857,73.8571428571429,20.4312927142857,23.0,,,,,,4872,2017-01-22,5300108,Brasilia,DF,2017,4
1484438400000,201703,10.0,10,10,10,0.48125532,0.32731628,0,1,530010820170319589,2023-08-20,Brasília,0,0.97972405,3055149,18.7142857142857,94.8571428571429,1,0,0,85.686888,66.5714285714286,20.707794,23.4285714285714,,,,,,4872,2017-01-15,5300108,Brasilia,DF,2017,3
1483833600000,201702,11.0,11,11,11,0.631159,0.3600479,0,1,530010820170219589,2023-08-20,Brasília,0,1.1561446,3055149,19.8571428571429,90.7142857142857,1,0,0,83.31172,68.8571428571429,21.6940901428571,23.7142857142857,,,,,,4872,2017-01-08,5300108,Brasilia,DF,2017,2
1483228800000,201701,8.0,8,8,8,0.65419734,0.261853,0,1,530010820170119589,2023-08-20,Brasília,0,1.2246964,3055149,19.7142857142857,87.4285714285714,0,0,0,72.289117,56.2857142857143,22.7341267142857,25.7142857142857,,,,,,4872,2017-01-01,5300108,Brasilia,DF,2017,1
1482624000000,201652,15.0,15,15,15,0.99653155,0.49097443,0,1,530010820165219589,2023-08-20,Brasília,0,3.8259482,3055149,19.0,92.2857142857143,1,0,0,77.8925728571429,62.8571428571429,21.828456,24.7142857142857,,,,,,4872,2016-12-25,5300108,Brasilia,DF,2016,52
1482019200000,201651,3.0,3,3,3,0.54473186,0.09819488,0,1,530010820165119589,2023-08-20,Brasília,0,1.0910519,3055149,20.1428571428571,85.2857142857143,0,0,0,74.4387757142857,61.2857142857143,22.1479591428571,24.5714285714286,,,,,,4872,2016-12-18,5300108,Brasilia,DF,2016,51
1481414400000,201650,5.0,5,5,5,0.6922417,0.16365814,0,2,530010820165019589,2023-08-20,Brasília,0,1.3884379,3055149,19.7142857142857,95.7142857142857,1,0,0,89.082014,79.2857142857143,20.8965221428571,22.4285714285714,,,,,,4872,2016-12-11,5300108,Brasilia,DF,2016,50
1480809600000,201649,1.0,1,1,1,0.038296573,0.032731626,0,2,530010820164919589,2023-08-20,Brasília,0,0.21246575,3055149,20.0,92.2857142857143,1,0,0,85.1367972857143,72.5714285714286,21.5807042857143,23.8571428571429,,,,,,4872,2016-12-04,5300108,Brasilia,DF,2016,49
1480204800000,201648,2.0,2,2,2,0.20545702,0.06546325,0,2,530010820164819589,2023-08-20,Brasília,0,0.5228123,3055149,18.7142857142857,95.7142857142857,1,0,0,87.5812262857143,75.5714285714286,21.4258894285714,24.5714285714286,,,,,,4872,2016-11-27,5300108,Brasilia,DF,2016,48
1479600000000,201647,9.0,9,9,9,0.9397975,0.29458466,0,2,530010820164719589,2023-08-20,Brasília,0,2.411998,3055149,19.1666666666667,98.0,1,0,0,89.8182611666667,81.1666666666667,20.6537588333333,22.5,,,,,,4872,2016-11-20,5300108,Brasilia,DF,2016,47
1478995200000,201646,2.0,2,2,2,0.11186888,0.06546325,0,2,530010820164619589,2023-08-20,Brasília,0,0.40330717,3055149,19.0,98.2857142857143,1,0,0,88.4113421428571,76.4285714285714,20.5806982857143,22.7142857142857,,,,,,4872,2016-11-13,5300108,Brasilia,DF,2016,46
1478390400000,201645,1.0,1,1,1,0.03288348,0.032731626,0,1,530010820164519589,2023-08-20,Brasília,0,0.20298414,3055149,19.2857142857143,94.1428571428571,1,0,0,86.5108848571429,75.7142857142857,20.9880951428571,23.1428571428571,,,,,,4872,2016-11-06,5300108,Brasilia,DF,2016,45
1477785600000,201644,9.0,9,9,9,0.89023465,0.29458466,0,1,530010820164419589,2023-08-20,Brasília,0,1.9372381,3055149,19.8571428571429,93.4285714285714,1,0,0,85.7820195714286,75.5714285714286,21.1360837142857,22.4285714285714,,,,,,4872,2016-10-30,5300108,Brasilia,DF,2016,44
1477180800000,201643,3.0,3,3,3,0.2802597,0.09819488,0,1,530010820164319589,2023-08-20,Brasília,0,0.6665437,3055149,19.2857142857143,87.0,0,0,0,76.2435685714286,62.8571428571429,21.2112748571429,23.7142857142857,,,,,,4872,2016-10-23,5300108,Brasilia,DF,2016,43
1476576000000,201642,5.0,5,5,5,0.6568315,0.16365814,0,1,530010820164219589,2023-08-20,Brasília,0,1.2967191,3055149,20.2857142857143,80.4285714285714,0,0,0,71.1638888571429,58.2857142857143,21.9146827142857,24.2857142857143,,,,,,4872,2016-10-16,5300108,Brasilia,DF,2016,42
1475971200000,201641,5.0,5,5,5,0.8128265,0.16365814,0,1,530010820164119589,2023-08-20,Brasília,0,1.8585958,3055149,20.1428571428571,75.2857142857143,0,0,0,67.3004545714286,55.7142857142857,21.5955212857143,23.5714285714286,,,,,,4872,2016-10-09,5300108,Brasilia,DF,2016,41
1475366400000,201640,4.0,4,4,4,0.8795925,0.1309265,0,1,530010820164019589,2023-08-20,Brasília,0,2.6453936,3055149,18.0,90.7142857142857,1,0,0,80.3370985714286,68.4285714285714,20.0352565714286,22.2857142857143,,,,,,4872,2016-10-02,5300108,Brasilia,DF,2016,40
1474761600000,201639,3.0,3,3,3,0.8307378,0.09819488,0,1,530010820163919589,2023-08-20,Brasília,0,2.396792,3055149,17.7142857142857,94.0,1,0,0,84.3971092857143,72.5714285714286,19.8089564285714,22.8571428571429,,,,,,4872,2016-09-25,5300108,Brasilia,DF,2016,39
1474156800000,201638,1.0,1,1,1,0.26519638,0.032731626,0,1,530010820163819589,2023-08-20,Brasília,0,0.5222295,3055149,18.2857142857143,80.1428571428571,0,0,0,68.0518615714286,53.7142857142857,20.0165567142857,22.8571428571429,,,,,,4872,2016-09-18,5300108,Brasilia,DF,2016,38
1473552000000,201637,0.0,0,0,0,0.0,0.0,0,1,530010820163719589,2023-08-20,Brasília,0,0.0,3055149,14.7142857142857,73.5714285714286,0,0,0,59.3626411428571,44.1428571428571,17.8866214285714,21.1428571428571,,,,,,4872,2016-09-11,5300108,Brasilia,DF,2016,37
1472947200000,201636,3.0,3,3,3,0.5015487,0.09819488,0,1,530010820163619589,2023-08-20,Brasília,0,1.0029613,3055149,14.5714285714286,73.5714285714286,0,0,0,59.6295342857143,46.8571428571429,17.3146257142857,20.4285714285714,,,,,,4872,2016-09-04,5300108,Brasilia,DF,2016,36
1472342400000,201635,2.0,2,2,2,0.25584504,0.06546325,0,1,530010820163519589,2023-08-20,Brasília,0,0.5883257,3055149,15.2857142857143,79.0,0,0,0,61.1159295714286,42.4285714285714,19.5615075714286,23.8571428571429,,,,,,4872,2016-08-28,5300108,Brasilia,DF,2016,35
1471737600000,201634,3.0,3,3,3,0.3919923,0.09819488,0,1,530010820163419589,2023-08-20,Brasília,0,0.818858,3055149,13.4285714285714,85.0,0,0,0,70.3480991428571,54.7142857142857,17.0159275714286,21.0,,,,,,4872,2016-08-21,5300108,Brasilia,DF,2016,34
1471132800000,201633,4.0,4,4,4,0.42077348,0.1309265,0,1,530010820163319589,2023-08-20,Brasília,0,0.877864,3055149,16.4285714285714,78.7142857142857,0,0,0,68.9680478571429,58.4285714285714,18.7260538571429,20.8571428571429,,,,,,4872,2016-08-14,5300108,Brasilia,DF,2016,33
1470528000000,201632,3.0,3,3,3,0.12647791,0.09819488,0,1,530010820163219589,2023-08-20,Brasília,0,0.4772738,3055149,13.4285714285714,74.1428571428571,0,0,0,61.0568771428571,47.4285714285714,16.3796294285714,20.1428571428571,,,,,,4872,2016-08-07,5300108,Brasilia,DF,2016,32
1469923200000,201631,4.0,4,4,4,0.14881743,0.1309265,0,1,530010820163119589,2023-08-20,Brasília,0,0.5440498,3055149,11.8571428571429,83.8571428571429,0,0,0,67.3651914285714,49.7142857142857,15.1477325714286,18.8571428571429,,,,,,4872,2016-07-31,5300108,Brasilia,DF,2016,31
1469318400000,201630,6.0,6,6,6,0.44728252,0.19638976,0,1,530010820163019589,2023-08-20,Brasília,0,0.92992735,3055149,12.4285714285714,79.1428571428571,0,0,0,65.7624717142857,53.7142857142857,15.5039682857143,18.5714285714286,,,,,,4872,2016-07-24,5300108,Brasilia,DF,2016,30
1468713600000,201629,10.0,10,10,10,0.89148825,0.32731628,0,1,530010820162919589,2023-08-20,Brasília,0,1.8734924,3055149,11.7142857142857,83.0,0,0,0,69.3151912857143,55.1428571428571,14.6000565714286,17.8571428571429,,,,,,4872,2016-07-17,5300108,Brasilia,DF,2016,29
1468108800000,201628,6.0,6,6,6,0.58832294,0.19638976,0,1,530010820162819589,2023-08-20,Brasília,0,1.136795,3055149,10.2857142857143,89.4285714285714,0,0,0,75.4257362857143,57.1428571428571,13.4325398571429,17.4285714285714,,,,,,4872,2016-07-10,5300108,Brasilia,DF,2016,28
1467504000000,201627,4.0,4,4,4,0.26807544,0.1309265,0,1,530010820162719589,2023-08-20,Brasília,0,0.68325156,3055149,14.1428571428571,82.7142857142857,0,0,0,71.2820285714286,56.2857142857143,16.170068,18.8571428571429,,,,,,4872,2016-07-03,5300108,Brasilia,DF,2016,27
1466899200000,201626,6.0,6,6,6,0.3274856,0.19638976,0,1,530010820162619589,2023-08-20,Brasília,0,0.78993595,3055149,12.2857142857143,88.8571428571429,0,0,0,74.8065812857143,57.2857142857143,14.41523,17.0,,,,,,4872,2016-06-26,5300108,Brasilia,DF,2016,26
1466294400000,201625,5.0,5,5,5,0.0901683,0.16365814,0,1,530010820162519589,2023-08-20,Brasília,0,0.50052786,3055149,11.8571428571429,94.0,0,0,0,80.1425732857143,66.1428571428571,14.3024375714286,17.2857142857143,,,,,,4872,2016-06-19,5300108,Brasilia,DF,2016,25
1465689600000,201624,6.0,6,6,6,0.061643798,0.19638976,0,1,530010820162419589,2023-08-20,Brasília,0,0.48446918,3055149,11.5714285714286,94.8571428571429,0,0,0,84.1095234285714,70.8571428571429,14.0441041428571,16.8571428571429,,,,,,4872,2016-06-12,5300108,Brasilia,DF,2016,24
1465084800000,201623,13.0,13,13,13,0.30703902,0.42551115,0,1,530010820162319589,2023-08-20,Brasília,0,0.83022785,3055149,14.7142857142857,96.7142857142857,0,0,0,85.0391148571429,71.2857142857143,17.3015871428571,20.2857142857143,,,,,,4872,2016-06-05,5300108,Brasilia,DF,2016,23
1464480000000,201622,8.0,8,8,8,0.01189953,0.261853,0,1,530010820162219589,2023-08-20,Brasília,0,0.4107153,3055149,13.0,93.1428571428571,0,0,0,81.6394545714286,68.4285714285714,15.8486394285714,18.8571428571429,,,,,,4872,2016-05-29,5300108,Brasilia,DF,2016,22
1463875200000,201621,20.0,20,20,20,0.21146014,0.65463257,0,1,530010820162119589,2023-08-20,Brasília,0,0.789264,3055149,15.4285714285714,95.7142857142857,0,0,0,82.2964865714286,67.5714285714286,18.0731294285714,20.8571428571429,,,,,,4872,2016-05-22,5300108,Brasilia,DF,2016,21
1463270400000,201620,14.0,14,14,14,0.0046419795,0.4582428,0,1,530010820162019589,2023-08-20,Brasília,0,0.45044872,3055149,17.8571428571429,94.0,1,0,0,85.986962,74.7142857142857,19.2891154285714,21.4285714285714,,,,,,4872,2016-05-15,5300108,Brasilia,DF,2016,20
1462665600000,201619,28.0,28,28,28,0.18013705,0.9164856,0,1,530010820161919589,2023-08-20,Brasília,0,0.7950499,3055149,15.5714285714286,88.1428571428571,0,0,0,75.1598618571429,59.2857142857143,18.2619048571429,21.4285714285714,,,,,,4872,2016-05-08,5300108,Brasilia,DF,2016,19
1462060800000,201618,31.0,31,31,31,0.13296956,1.0146805,0,1,530010820161819589,2023-08-20,Brasília,0,0.76871955,3055149,15.4285714285714,94.0,0,0,0,81.981576,68.7142857142857,17.8897392857143,20.8571428571429,,,,,,4872,2016-05-01,5300108,Brasilia,DF,2016,18
1461456000000,201617,38.0,38,38,38,0.14788954,1.2438018,0,1,530010820161719589,2023-08-20,Brasília,0,0.7980377,3055149,17.0,94.0,0,0,0,85.6716438571429,68.8571428571429,18.850505,21.7142857142857,,,,,,4872,2016-04-24,5300108,Brasilia,DF,2016,17
1460851200000,201616,32.0,32,32,32,0.016613154,1.047412,0,1,530010820161619589,2023-08-20,Brasília,0,0.62450176,3055149,16.5714285714286,88.0,0,0,0,67.2322385714286,43.1428571428571,20.5540441428571,24.8571428571429,,,,,,4872,2016-04-17,5300108,Brasilia,DF,2016,16
1460246400000,201615,57.0,57,57,57,0.7160171,1.8657027,0,1,530010820161519589,2023-08-20,Brasília,0,1.1157342,3055149,16.2857142857143,89.0,0,0,0,58.2568032857143,24.5714285714286,22.7471658571429,28.7142857142857,,,,,,4872,2016-04-10,5300108,Brasilia,DF,2016,15
1459641600000,201614,49.0,49,49,49,0.4556655,1.6038498,0,1,530010820161419589,2023-08-20,Brasília,0,0.9779672,3055149,17.1428571428571,91.5714285714286,1,0,0,80.3276642857143,66.1428571428571,19.5107708571429,22.5714285714286,,,,,,4872,2016-04-03,5300108,Brasilia,DF,2016,14
1459036800000,201613,56.0,56,56,56,0.61283433,1.8329712,0,1,530010820161319589,2023-08-20,Brasília,0,1.0562452,3055149,16.4285714285714,96.5714285714286,0,0,0,87.1434238571429,76.0,18.3407027142857,20.5714285714286,,,,,,4872,2016-03-27,5300108,Brasilia,DF,2016,13
1458432000000,201612,44.0,44,44,44,0.049073048,1.4401916,0,2,530010820161219589,2023-08-20,Brasília,0,0.72333485,3055149,17.4285714285714,96.5714285714286,1,0,0,89.8616778571429,80.2857142857143,18.929705,20.8571428571429,,,,,,4872,2016-03-20,5300108,Brasilia,DF,2016,12
1457827200000,201611,54.0,54,54,54,0.0823855,1.7675079,0,2,530010820161119589,2023-08-20,Brasília,0,0.77858,3055149,17.2857142857143,95.8571428571429,1,0,0,87.914682,77.1428571428571,19.1309525714286,21.5714285714286,,,,,,4872,2016-03-13,5300108,Brasilia,DF,2016,11
1457222400000,201610,54.0,54,54,54,0.064269215,1.7675079,0,2,530010820161019589,2023-08-20,Brasília,0,0.76160014,3055149,19.7142857142857,99.1428571428571,1,0,0,90.8820865714286,80.0,20.6164965714286,22.0,,,,,,4872,2016-03-06,5300108,Brasilia,DF,2016,10
1456617600000,201609,82.0,82,82,82,0.90005136,2.6839936,0,2,530010820160919589,2023-08-20,Brasília,0,1.2341819,3055149,19.0,95.7142857142857,1,0,0,88.2529098571429,76.7142857142857,20.6726508571429,22.4285714285714,,,,,,4872,2016-02-28,5300108,Brasilia,DF,2016,9
1456012800000,201608,68.0,68,68,68,0.8629537,2.2257507,0,2,530010820160819589,2023-08-20,Brasília,0,1.2169373,3055149,17.2857142857143,96.8571428571429,1,0,0,89.1411558571429,80.2857142857143,18.72449,20.8571428571429,,,,,,4872,2016-02-21,5300108,Brasilia,DF,2016,8
1455408000000,201607,73.0,73,73,73,0.9974865,2.3894088,0,1,530010820160719589,2023-08-20,Brasília,0,1.6953247,3055149,17.5714285714286,94.0,1,0,0,85.2006808571429,65.7142857142857,19.4691558571429,21.5714285714286,,,,,,4872,2016-02-14,5300108,Brasilia,DF,2016,7
1454803200000,201606,59.0,59,59,59,0.9966052,1.931166,0,1,530010820160619589,2023-08-20,Brasília,0,1.7724658,3055149,18.5714285714286,94.8571428571429,1,0,0,70.5996,37.1428571428571,23.3761632857143,29.1428571428571,,,,,,4872,2016-02-07,5300108,Brasilia,DF,2016,6
1454198400000,201605,37.0,37,37,37,0.9277401,1.2110702,0,1,530010820160519589,2023-08-20,Brasília,0,1.4471258,3055149,16.7142857142857,96.5714285714286,0,0,0,69.3639462857143,34.7142857142857,22.9293205714286,29.0,,,,,,4872,2016-01-31,5300108,Brasilia,DF,2016,5
1453593600000,201604,36.0,36,36,36,0.981387,1.1783386,0,2,530010820160419589,2023-08-20,Brasília,0,1.7517399,3055149,19.1428571428571,97.4285714285714,1,0,0,88.2325914285714,76.2857142857143,20.553884,22.4285714285714,,,,,,4872,2016-01-24,5300108,Brasilia,DF,2016,4
1452988800000,201603,24.0,24,24,24,0.89254546,0.78555906,0,2,530010820160319589,2023-08-20,Brasília,0,1.4778581,3055149,19.4285714285714,96.5714285714286,1,0,0,91.8866034285714,83.8571428571429,20.3352258571429,21.7142857142857,,,,,,4872,2016-01-17,5300108,Brasilia,DF,2016,3
1452384000000,201602,16.0,16,16,16,0.9268669,0.523706,0,2,530010820160219589,2023-08-20,Brasília,0,1.7935487,3055149,19.8571428571429,96.5714285714286,1,0,0,91.8952377142857,85.0,20.4555558571429,21.7142857142857,,,,,,4872,2016-01-10,5300108,Brasilia,DF,2016,2
1451779200000,201601,26.0,26,26,26,0.99999654,0.8510223,0,2,530010820160119589,2023-08-20,Brasília,0,7.46381,3055149,19.8571428571429,95.7142857142857,1,0,0,92.1944434285714,87.0,20.3042657142857,21.2857142857143,,,,,,4872,2016-01-03,5300108,Brasilia,DF,2016,1
1451174400000,201552,2.0,2,2,2,0.72957456,0.06546325,0,1,530010820155219589,2023-08-20,Brasília,0,1.8589696,3055149,18.7142857142857,97.4285714285714,1,0,0,88.9041938571429,79.7142857142857,19.7125842857143,21.4285714285714,,,,,,4872,2015-12-27,5300108,Brasilia,DF,2015,52
1450569600000,201551,4.0,4,4,4,0.9926397,0.1309265,0,1,530010820155119589,2023-08-20,Brasília,0,18.521618,3055149,18.1428571428571,93.4285714285714,1,0,0,81.7665335714286,70.7142857142857,20.3035714285714,22.7142857142857,,,,,,4872,2015-12-20,5300108,Brasilia,DF,2015,51
1449964800000,201550,0.0,0,0,0,0.5,0.0,0,1,530010820155019589,2023-08-20,Brasília,0,0.0,3055149,18.2857142857143,93.1428571428571,0,0,0,82.9737322857143,69.8571428571429,19.9398998571429,22.1428571428571,,,,,,4872,2015-12-13,5300108,Brasilia,DF,2015,50
1449360000000,201549,0.0,0,0,0,0.5,0.0,0,1,530010820154919589,2023-08-20,Brasília,0,0.0,3055149,18.4285714285714,96.5714285714286,0,0,0,81.6306114285714,56.7142857142857,21.272789,25.7142857142857,,,,,,4872,2015-12-06,5300108,Brasilia,DF,2015,49
1448755200000,201548,0.0,0,0,0,0.5,0.0,0,1,530010820154819589,2023-08-20,Brasília,0,0.0,3055149,18.7142857142857,94.8571428571429,0,0,0,70.8344028571429,37.2857142857143,23.9021398571429,30.2857142857143,,,,,,4872,2015-11-29,5300108,Brasilia,DF,2015,48
1448150400000,201547,0.0,0,0,0,0.5,0.0,0,1,530010820154719589,2023-08-20,Brasília,0,0.0,3055149,18.7142857142857,97.4285714285714,0,0,0,77.7202051428571,37.7142857142857,22.4175107142857,29.1428571428571,,,,,,4872,2015-11-22,5300108,Brasilia,DF,2015,47
1447545600000,201546,0.0,0,0,0,0.5,0.0,0,1,530010820154619589,2023-08-20,Brasília,0,0.0,3055149,19.1428571428571,94.8571428571429,0,0,0,79.5603714285714,46.0,22.4648577142857,28.4285714285714,,,,,,4872,2015-11-15,5300108,Brasilia,DF,2015,46
1446940800000,201545,0.0,0,0,0,0.5,0.0,0,1,530010820154519589,2023-08-20,Brasília,0,0.0,3055149,17.5714285714286,82.5714285714286,0,0,0,50.3418361428571,18.0,25.0438774285714,32.5714285714286,,,,,,4872,2015-11-08,5300108,Brasilia,DF,2015,45
1446336000000,201544,0.0,0,0,0,0.5,0.0,0,1,530010820154419589,2023-08-20,Brasília,0,0.0,3055149,18.0,94.25,0,0,0,64.834939875,22.375,23.845613,31.125,,,,,,4872,2015-11-01,5300108,Brasilia,DF,2015,44
1445731200000,201543,0.0,0,0,0,0.5,0.0,0,1,530010820154319589,2023-08-20,Brasília,0,0.0,3055149,18.5714285714286,94.0,0,0,0,74.2970257142857,32.4285714285714,22.5373938571429,28.0,,,,,,4872,2015-10-25,5300108,Brasilia,DF,2015,43
1445126400000,201542,0.0,0,0,0,0.5,0.0,0,1,530010820154219589,2023-08-20,Brasília,0,0.0,3055149,17.1428571428571,77.1428571428571,0,0,0,46.4860485714286,20.1428571428571,25.4464884285714,33.2857142857143,,,,,,4872,2015-10-18,5300108,Brasilia,DF,2015,42
1444521600000,201541,0.0,0,0,0,0.5,0.0,0,1,530010820154119589,2023-08-20,Brasília,0,0.0,3055149,16.1428571428571,66.7142857142857,0,0,0,35.5308012857143,9.85714285714286,25.3737717142857,33.2857142857143,,,,,,4872,2015-10-11,5300108,Brasilia,DF,2015,41
1443916800000,201540,0.0,0,0,0,0.5,0.0,0,1,530010820154019589,2023-08-20,Brasília,0,0.0,3055149,17.5714285714286,84.0,0,0,0,50.7846942857143,20.1428571428571,24.9978081428571,32.7142857142857,,,,,,4872,2015-10-04,5300108,Brasilia,DF,2015,40
1443312000000,201539,0.0,0,0,0,0.5,0.0,0,1,530010820153919589,2023-08-20,Brasília,0,0.0,3055149,16.5714285714286,88.4285714285714,0,0,0,54.077763,20.4285714285714,23.6662562857143,31.0,,,,,,4872,2015-09-27,5300108,Brasilia,DF,2015,39
1442707200000,201538,0.0,0,0,0,0.5,0.0,0,1,530010820153819589,2023-08-20,Brasília,0,0.0,3055149,14.7142857142857,73.8571428571429,0,0,0,40.6734691428571,10.1428571428571,24.3418368571429,33.1428571428571,,,,,,4872,2015-09-20,5300108,Brasilia,DF,2015,38
1442102400000,201537,0.0,0,0,0,0.5,0.0,0,1,530010820153719589,2023-08-20,Brasília,0,0.0,3055149,16.2857142857143,84.1428571428571,0,0,0,57.0918375714286,26.2857142857143,22.607143,29.4285714285714,,,,,,4872,2015-09-13,5300108,Brasilia,DF,2015,37
1441497600000,201536,0.0,0,0,0,0.5,0.0,0,1,530010820153619589,2023-08-20,Brasília,0,0.0,3055149,17.0,81.4285714285714,0,0,0,55.8860647142857,24.2857142857143,23.6015798571429,30.8571428571429,,,,,,4872,2015-09-06,5300108,Brasilia,DF,2015,36
1440892800000,201535,0.0,0,0,0,0.5,0.0,0,1,530010820153519589,2023-08-20,Brasília,0,0.0,3055149,12.7142857142857,80.5714285714286,0,0,0,43.9671204285714,13.0,22.354308,31.2857142857143,,,,,,4872,2015-08-30,5300108,Brasilia,DF,2015,35
1440288000000,201534,0.0,0,0,0,0.5,0.0,0,1,530010820153419589,2023-08-20,Brasília,0,0.0,3055149,14.0,82.5714285714286,0,0,0,47.7384612857143,15.1428571428571,22.6258045714286,30.7142857142857,,,,,,4872,2015-08-23,5300108,Brasilia,DF,2015,34
1439683200000,201533,0.0,0,0,0,0.5,0.0,0,1,530010820153319589,2023-08-20,Brasília,0,0.0,3055149,12.7142857142857,85.5714285714286,0,0,0,53.7023218571429,17.7142857142857,20.4750174285714,28.5714285714286,,,,,,4872,2015-08-16,5300108,Brasilia,DF,2015,33
1439078400000,201532,0.0,0,0,0,0.5,0.0,0,1,530010820153219589,2023-08-20,Brasília,0,0.0,3055149,11.1428571428571,83.1428571428571,0,0,0,55.3128078571429,21.5714285714286,18.1850808571429,25.8571428571429,,,,,,4872,2015-08-09,5300108,Brasilia,DF,2015,32
1438473600000,201531,0.0,0,0,0,0.5,0.0,0,1,530010820153119589,2023-08-20,Brasília,0,0.0,3055149,9.71428571428571,83.5714285714286,0,0,0,49.9438775714286,15.0,18.7755101428571,27.2857142857143,,,,,,4872,2015-08-02,5300108,Brasilia,DF,2015,31
1437868800000,201530,0.0,0,0,0,0.5,0.0,0,1,530010820153019589,2023-08-20,Brasília,0,0.0,3055149,13.4285714285714,82.7142857142857,0,0,0,50.6590141428571,19.7142857142857,20.8265307142857,27.2857142857143,,,,,,4872,2015-07-26,5300108,Brasilia,DF,2015,30
1437264000000,201529,0.0,0,0,0,0.5,0.0,0,1,530010820152919589,2023-08-20,Brasília,0,0.0,3055149,13.0,83.1428571428571,0,0,0,55.1442867142857,24.4285714285714,19.7262584285714,26.0,,,,,,4872,2015-07-19,5300108,Brasilia,DF,2015,29
1436659200000,201528,0.0,0,0,0,0.5,0.0,0,1,530010820152819589,2023-08-20,Brasília,0,0.0,3055149,13.7142857142857,87.1428571428571,0,0,0,59.0944818571429,26.5714285714286,20.080688,26.0,,,,,,4872,2015-07-12,5300108,Brasilia,DF,2015,28
1436054400000,201527,0.0,0,0,0,0.5,0.0,0,1,530010820152719589,2023-08-20,Brasília,0,0.0,3055149,14.2857142857143,89.7142857142857,0,0,0,65.7380361428571,33.5714285714286,19.7841307142857,26.0,,,,,,4872,2015-07-05,5300108,Brasilia,DF,2015,27
1435449600000,201526,0.0,0,0,0,0.5,0.0,0,1,530010820152619589,2023-08-20,Brasília,0,0.0,3055149,12.0,85.2857142857143,0,0,0,59.876417,25.2857142857143,19.1681785714286,25.7142857142857,,,,,,4872,2015-06-28,5300108,Brasilia,DF,2015,26
1434844800000,201525,0.0,0,0,0,0.5,0.0,0,1,530010820152519589,2023-08-20,Brasília,0,0.0,3055149,12.8571428571429,88.4285714285714,0,0,0,66.1838508571429,36.2857142857143,17.8029554285714,22.7142857142857,,,,,,4872,2015-06-21,5300108,Brasilia,DF,2015,25
1434240000000,201524,0.0,0,0,0,0.5,0.0,0,1,530010820152419589,2023-08-20,Brasília,0,0.0,3055149,14.0,87.1428571428571,0,0,0,61.7091842857143,30.4285714285714,20.1428572857143,26.0,,,,,,4872,2015-06-14,5300108,Brasilia,DF,2015,24
1433635200000,201523,0.0,0,0,0,0.5,0.0,0,1,530010820152319589,2023-08-20,Brasília,0,0.0,3055149,13.2857142857143,90.5714285714286,0,0,0,64.2448971428571,31.1428571428571,19.5918364285714,25.2857142857143,,,,,,4872,2015-06-07,5300108,Brasilia,DF,2015,23
1433030400000,201522,0.0,0,0,0,0.5,0.0,0,1,530010820152219589,2023-08-20,Brasília,0,0.0,3055149,14.8571428571429,90.5714285714286,0,0,0,67.945919,36.4285714285714,19.8690475714286,25.0,,,,,,4872,2015-05-31,5300108,Brasilia,DF,2015,22
1432425600000,201521,0.0,0,0,0,0.5,0.0,0,1,530010820152119589,2023-08-20,Brasília,0,0.0,3055149,14.1428571428571,91.4285714285714,0,0,0,67.2397967142857,32.8571428571429,19.9711471428571,26.0,,,,,,4872,2015-05-24,5300108,Brasilia,DF,2015,21
1431820800000,201520,0.0,0,0,0,0.5,0.0,0,1,530010820152019589,2023-08-20,Brasília,0,0.0,3055149,15.4285714285714,92.2857142857143,0,0,0,72.6418005714286,44.7142857142857,19.2973258571429,24.0,,,,,,4872,2015-05-17,5300108,Brasilia,DF,2015,20
1431216000000,201519,0.0,0,0,0,0.5,0.0,0,1,530010820151919589,2023-08-20,Brasília,0,0.0,3055149,15.7142857142857,93.4285714285714,0,0,0,80.1965742857143,59.2857142857143,19.0622945714286,22.8571428571429,,,,,,4872,2015-05-10,5300108,Brasilia,DF,2015,19
1430611200000,201518,0.0,0,0,0,0.5,0.0,0,1,530010820151819589,2023-08-20,Brasília,0,0.0,3055149,17.7142857142857,96.5714285714286,0,0,0,80.4563685714286,57.8571428571429,20.5177691428571,24.5714285714286,,,,,,4872,2015-05-03,5300108,Brasilia,DF,2015,18
1430006400000,201517,0.0,0,0,0,0.5,0.0,0,1,530010820151719589,2023-08-20,Brasília,0,0.0,3055149,16.8571428571429,95.7142857142857,0,0,0,80.6601361428571,54.8571428571429,20.0105428571429,24.7142857142857,,,,,,4872,2015-04-26,5300108,Brasilia,DF,2015,17
1429401600000,201516,0.0,0,0,0,0.5,0.0,0,1,530010820151619589,2023-08-20,Brasília,0,0.0,3055149,18.4285714285714,95.7142857142857,0,0,0,76.4443514285714,44.0,22.134099,27.5714285714286,,,,,,4872,2015-04-19,5300108,Brasilia,DF,2015,16
1428796800000,201515,0.0,0,0,0,0.5,0.0,0,1,530010820151519589,2023-08-20,Brasília,0,0.0,3055149,18.4285714285714,93.1428571428571,0,0,0,75.9855337142857,48.7142857142857,21.6359731428571,26.2857142857143,,,,,,4872,2015-04-12,5300108,Brasilia,DF,2015,15
1428192000000,201514,0.0,0,0,0,0.5,0.0,0,1,530010820151419589,2023-08-20,Brasília,0,0.0,3055149,18.7142857142857,94.0,0,0,0,77.1866985714286,46.1428571428571,21.7334595714286,26.0,,,,,,4872,2015-04-05,5300108,Brasilia,DF,2015,14
1427587200000,201513,0.0,0,0,0,0.5,0.0,0,1,530010820151319589,2023-08-20,Brasília,0,0.0,3055149,18.2857142857143,96.5714285714286,0,0,0,75.3332528571429,37.0,22.202622,27.8571428571429,,,,,,4872,2015-03-29,5300108,Brasilia,DF,2015,13
1426982400000,201512,0.0,0,0,0,0.5,0.0,0,1,530010820151219589,2023-08-20,Brasília,0,0.0,3055149,17.7142857142857,95.7142857142857,0,0,0,80.8270671428571,48.2857142857143,21.0986725714286,25.5714285714286,,,,,,4872,2015-03-22,5300108,Brasilia,DF,2015,12
1426377600000,201511,0.0,0,0,0,0.5,0.0,0,1,530010820151119589,2023-08-20,Brasília,0,0.0,3055149,17.2857142857143,98.2857142857143,0,0,0,84.3561707142857,61.0,19.6327768571429,23.8571428571429,,,,,,4872,2015-03-15,5300108,Brasilia,DF,2015,11
1425772800000,201510,0.0,0,0,0,0.5,0.0,0,1,530010820151019589,2023-08-20,Brasília,0,0.0,3055149,17.8571428571429,97.4285714285714,0,0,0,81.830273,42.8571428571429,20.7808065714286,25.0,,,,,,4872,2015-03-08,5300108,Brasilia,DF,2015,10
1425168000000,201509,0.0,0,0,0,0.5,0.0,0,1,530010820150919589,2023-08-20,Brasília,0,0.0,3055149,17.7142857142857,94.8571428571429,0,0,0,77.6841821428571,53.5714285714286,21.1905647142857,26.1428571428571,,,,,,4872,2015-03-01,5300108,Brasilia,DF,2015,9
1424563200000,201508,0.0,0,0,0,0.5,0.0,0,1,530010820150819589,2023-08-20,Brasília,0,0.0,3055149,18.4285714285714,91.5714285714286,0,0,0,71.7595595714286,43.1428571428571,22.0693454285714,26.8571428571429,,,,,,4872,2015-02-22,5300108,Brasilia,DF,2015,8
1423958400000,201507,0.0,0,0,0,0.5,0.0,0,1,530010820150719589,2023-08-20,Brasília,0,0.0,3055149,18.4285714285714,90.4285714285714,0,0,0,73.3940567142857,41.8571428571429,21.562666,25.8571428571429,,,,,,4872,2015-02-15,5300108,Brasilia,DF,2015,7
1423353600000,201506,0.0,0,0,0,0.5,0.0,0,1,530010820150619589,2023-08-20,Brasília,0,0.0,3055149,18.0,90.5714285714286,0,0,0,67.802691,41.1428571428571,22.5324597142857,27.4285714285714,,,,,,4872,2015-02-08,5300108,Brasilia,DF,2015,6
1422748800000,201505,0.0,0,0,0,0.5,0.0,0,1,530010820150519589,2023-08-20,Brasília,0,0.0,3055149,18.0,88.5714285714286,0,0,0,70.6312791428571,46.4285714285714,21.8600745714286,26.0,,,,,,4872,2015-02-01,5300108,Brasilia,DF,2015,5
1422144000000,201504,0.0,0,0,0,0.5,0.0,0,1,530010820150419589,2023-08-20,Brasília,0,0.0,3055149,17.7142857142857,94.8571428571429,0,0,0,72.687755,46.0,21.8853057142857,27.1428571428571,,,,,,4872,2015-01-25,5300108,Brasilia,DF,2015,4
1421539200000,201503,0.0,0,0,0,0.5,0.0,0,1,530010820150319589,2023-08-20,Brasília,0,0.0,3055149,18.4285714285714,83.2857142857143,0,0,0,60.6201637142857,31.2857142857143,23.1567552857143,29.1428571428571,,,,,,4872,2015-01-18,5300108,Brasilia,DF,2015,3
1420934400000,201502,0.0,0,0,0,0.5,0.0,0,1,530010820150219589,2023-08-20,Brasília,0,0.0,3055149,18.5714285714286,77.1428571428571,0,0,0,50.7448981428571,21.5714285714286,24.6224488571429,30.0,,,,,,4872,2015-01-11,5300108,Brasilia,DF,2015,2
1420329600000,201501,0.0,0,0,0,0.5,0.0,0,1,530010820150119589,2023-08-20,Brasília,0,0.0,3055149,18.5714285714286,81.2857142857143,0,0,0,58.0342871428571,27.2857142857143,24.0890255714286,30.1428571428571,,,,,,4872,2015-01-04,5300108,Brasilia,DF,2015,1
1419724800000,201453,0.0,0,0,0,0.5,0.0,0,1,530010820145319589,2023-08-20,Brasília,0,0.0,3055149,19.5714285714286,79.2857142857143,0,0,0,56.4904285714286,28.0,25.3328994285714,31.2857142857143,,,,,,4872,2014-12-28,5300108,Brasilia,DF,2014,53
1419120000000,201452,0.0,0,0,0,0.5,0.0,0,1,530010820145219589,2023-08-20,Brasília,0,0.0,3055149,20.2857142857143,85.2857142857143,0,0,0,67.0388671428571,38.7142857142857,24.0076002857143,28.2857142857143,,,,,,4872,2014-12-21,5300108,Brasilia,DF,2014,52
1418515200000,201451,0.0,0,0,0,0.5,0.0,0,1,530010820145119589,2023-08-20,Brasília,0,0.0,3055149,20.2857142857143,91.5714285714286,0,0,0,76.6791265714286,48.1428571428571,23.1513462857143,27.5714285714286,,,,,,4872,2014-12-14,5300108,Brasilia,DF,2014,51
1417910400000,201450,0.0,0,0,0,0.5,0.0,0,1,530010820145019589,2023-08-20,Brasília,0,0.0,3055149,19.7142857142857,87.4285714285714,0,0,0,75.6467557142857,51.5714285714286,21.6147557142857,25.1428571428571,,,,,,4872,2014-12-07,5300108,Brasilia,DF,2014,50
1417305600000,201449,0.0,0,0,0,0.5,0.0,0,1,530010820144919589,2023-08-20,Brasília,0,0.0,3055149,19.5714285714286,87.2857142857143,0,0,0,70.9073905714286,44.1428571428571,22.5436531428571,27.0,,,,,,4872,2014-11-30,5300108,Brasilia,DF,2014,49
1416700800000,201448,0.0,0,0,0,0.5,0.0,0,1,530010820144819589,2023-08-20,Brasília,0,0.0,3055149,19.7142857142857,90.7142857142857,0,0,0,73.7014085714286,38.2857142857143,22.7467577142857,27.5714285714286,,,,,,4872,2014-11-23,5300108,Brasilia,DF,2014,48
1416096000000,201447,0.0,0,0,0,0.5,0.0,0,1,530010820144719589,2023-08-20,Brasília,0,0.0,3055149,20.0,80.1428571428571,0,0,0,62.0314897142857,35.5714285714286,23.9725545714286,29.0,,,,,,4872,2014-11-16,5300108,Brasilia,DF,2014,47
1415491200000,201446,0.0,0,0,0,0.5,0.0,0,1,530010820144619589,2023-08-20,Brasília,0,0.0,3055149,20.4285714285714,85.1428571428571,0,0,0,69.7232632857143,41.0,23.4804765714286,27.8571428571429,,,,,,4872,2014-11-09,5300108,Brasilia,DF,2014,46
1414886400000,201445,0.0,0,0,0,0.5,0.0,0,1,530010820144519589,2023-08-20,Brasília,0,0.0,3055149,20.4285714285714,81.5714285714286,0,0,0,59.1109688571429,26.5714285714286,24.9634501428571,30.8571428571429,,,,,,4872,2014-11-02,5300108,Brasilia,DF,2014,45
1414281600000,201444,0.0,0,0,0,0.5,0.0,0,1,530010820144419589,2023-08-20,Brasília,0,0.0,3055149,18.7142857142857,86.7142857142857,0,0,0,69.1197214285714,40.7142857142857,22.9397954285714,28.4285714285714,,,,,,4872,2014-10-26,5300108,Brasilia,DF,2014,44
1413676800000,201443,0.0,0,0,0,0.5,0.0,0,1,530010820144319589,2023-08-20,Brasília,0,0.0,3055149,21.0,71.1428571428571,0,0,0,51.6806957142857,24.8571428571429,25.3099822857143,30.5714285714286,,,,,,4872,2014-10-19,5300108,Brasilia,DF,2014,43
1413072000000,201442,0.0,0,0,0,0.5,0.0,0,1,530010820144219589,2023-08-20,Brasília,0,0.0,3055149,18.8571428571429,56.1428571428571,0,0,0,29.4879067142857,8.57142857142857,27.5274,34.7142857142857,,,,,,4872,2014-10-12,5300108,Brasilia,DF,2014,42
1412467200000,201441,0.0,0,0,0,0.5,0.0,0,1,530010820144119589,2023-08-20,Brasília,0,0.0,3055149,17.5714285714286,54.2857142857143,0,0,0,33.6224492857143,11.5714285714286,24.1836735714286,30.4285714285714,,,,,,4872,2014-10-05,5300108,Brasilia,DF,2014,41
1411862400000,201440,0.0,0,0,0,0.5,0.0,0,1,530010820144019589,2023-08-20,Brasília,0,0.0,3055149,20.2857142857143,68.8571428571429,0,0,0,47.508461,20.8571428571429,25.6130834285714,31.8571428571429,,,,,,4872,2014-09-28,5300108,Brasilia,DF,2014,40
1411257600000,201439,0.0,0,0,0,0.5,0.0,0,1,530010820143919589,2023-08-20,Brasília,0,0.0,3055149,21.1428571428571,69.0,0,0,0,46.7214994285714,19.7142857142857,26.0149544285714,31.7142857142857,,,,,,4872,2014-09-21,5300108,Brasilia,DF,2014,39
1410652800000,201438,0.0,0,0,0,0.5,0.0,0,1,530010820143819589,2023-08-20,Brasília,0,0.0,3055149,18.2857142857143,62.1428571428571,0,0,0,33.3552531428571,10.7142857142857,26.3418368571429,32.8571428571429,,,,,,4872,2014-09-14,5300108,Brasilia,DF,2014,38
1410048000000,201437,0.0,0,0,0,0.5,0.0,0,1,530010820143719589,2023-08-20,Brasília,0,0.0,3055149,16.2857142857143,57.0,0,0,0,35.1071425714286,12.4285714285714,23.2499997142857,29.5714285714286,,,,,,4872,2014-09-07,5300108,Brasilia,DF,2014,37
1409443200000,201436,0.0,0,0,0,0.5,0.0,0,1,530010820143619589,2023-08-20,Brasília,0,0.0,3055149,19.4285714285714,73.0,0,0,0,47.2049047142857,20.4285714285714,24.8238971428571,30.8571428571429,,,,,,4872,2014-08-31,5300108,Brasilia,DF,2014,36
1408838400000,201435,0.0,0,0,0,0.5,0.0,0,1,530010820143519589,2023-08-20,Brasília,0,0.0,3055149,16.4285714285714,60.4285714285714,0,0,0,34.8724491428571,10.1428571428571,24.3877548571429,31.5714285714286,,,,,,4872,2014-08-24,5300108,Brasilia,DF,2014,35
1408233600000,201434,0.0,0,0,0,0.5,0.0,0,1,530010820143419589,2023-08-20,Brasília,0,0.0,3055149,13.8571428571429,71.2857142857143,0,0,0,41.7519352857143,14.0,21.7931032857143,28.4285714285714,,,,,,4872,2014-08-17,5300108,Brasilia,DF,2014,34
1407628800000,201433,0.0,0,0,0,0.5,0.0,0,1,530010820143319589,2023-08-20,Brasília,0,0.0,3055149,13.8571428571429,71.0,0,0,0,40.5595781428571,14.4285714285714,21.5458335714286,28.2857142857143,,,,,,4872,2014-08-10,5300108,Brasilia,DF,2014,33
1407024000000,201432,0.0,0,0,0,0.5,0.0,0,1,530010820143219589,2023-08-20,Brasília,0,0.0,3055149,14.1428571428571,68.0,0,0,0,40.7653051428571,13.2857142857143,21.5969388571429,28.2857142857143,,,,,,4872,2014-08-03,5300108,Brasilia,DF,2014,32
1406419200000,201431,0.0,0,0,0,0.5,0.0,0,1,530010820143119589,2023-08-20,Brasília,0,0.0,3055149,14.8571428571429,80.8571428571429,0,0,0,60.4843962857143,35.7142857142857,19.6590917142857,25.1428571428571,,,,,,4872,2014-07-27,5300108,Brasilia,DF,2014,31
1405814400000,201430,0.0,0,0,0,0.5,0.0,0,1,530010820143019589,2023-08-20,Brasília,0,0.0,3055149,15.5714285714286,77.8571428571429,0,0,0,55.2837485714286,28.8571428571429,20.8577097142857,26.4285714285714,,,,,,4872,2014-07-20,5300108,Brasilia,DF,2014,30
1405209600000,201429,0.0,0,0,0,0.5,0.0,0,1,530010820142919589,2023-08-20,Brasília,0,0.0,3055149,13.5714285714286,77.8571428571429,0,0,0,50.6938775714286,19.4285714285714,20.357143,27.0,,,,,,4872,2014-07-13,5300108,Brasilia,DF,2014,29
1404604800000,201428,0.0,0,0,0,0.5,0.0,0,1,530010820142819589,2023-08-20,Brasília,0,0.0,3055149,14.5714285714286,74.5714285714286,0,0,0,50.923469,21.8571428571429,20.8520405714286,26.1428571428571,,,,,,4872,2014-07-06,5300108,Brasilia,DF,2014,28
1404000000000,201427,0.0,0,0,0,0.5,0.0,0,1,530010820142719589,2023-08-20,Brasília,0,0.0,3055149,13.1428571428571,77.4285714285714,0,0,0,48.0728351428571,17.4285714285714,20.9090431428571,27.8571428571429,,,,,,4872,2014-06-29,5300108,Brasilia,DF,2014,27
1403395200000,201426,0.0,0,0,0,0.5,0.0,0,1,530010820142619589,2023-08-20,Brasília,0,0.0,3055149,13.2857142857143,80.8571428571429,0,0,0,54.574489,24.1428571428571,19.9792517142857,26.5714285714286,,,,,,4872,2014-06-22,5300108,Brasilia,DF,2014,26
1402790400000,201425,0.0,0,0,0,0.5,0.0,0,1,530010820142519589,2023-08-20,Brasília,0,0.0,3055149,15.7142857142857,81.2857142857143,0,0,0,59.2356225714286,28.2857142857143,21.2226344285714,26.5714285714286,,,,,,4872,2014-06-15,5300108,Brasilia,DF,2014,25
1402185600000,201424,0.0,0,0,0,0.5,0.0,0,1,530010820142419589,2023-08-20,Brasília,0,0.0,3055149,15.7142857142857,78.2857142857143,0,0,0,57.1260028571429,28.7142857142857,21.0147077142857,26.4285714285714,,,,,,4872,2014-06-08,5300108,Brasilia,DF,2014,24
1401580800000,201423,0.0,0,0,0,0.5,0.0,0,1,530010820142319589,2023-08-20,Brasília,0,0.0,3055149,16.8571428571429,81.4285714285714,0,0,0,61.0873571428571,30.0,21.9909217142857,27.7142857142857,,,,,,4872,2014-06-01,5300108,Brasilia,DF,2014,23
1400976000000,201422,0.0,0,0,0,0.5,0.0,0,1,530010820142219589,2023-08-20,Brasília,0,0.0,3055149,16.1428571428571,79.0,0,0,0,58.0800491428571,28.8571428571429,21.9535537142857,28.1428571428571,,,,,,4872,2014-05-25,5300108,Brasilia,DF,2014,22
1400371200000,201421,0.0,0,0,0,0.5,0.0,0,1,530010820142119589,2023-08-20,Brasília,0,0.0,3055149,18.0,81.2857142857143,0,0,0,57.814059,28.7142857142857,23.2891152857143,28.5714285714286,,,,,,4872,2014-05-18,5300108,Brasilia,DF,2014,21
1399766400000,201420,0.0,0,0,0,0.5,0.0,0,1,530010820142019589,2023-08-20,Brasília,0,0.0,3055149,15.7142857142857,79.2857142857143,0,0,0,56.2071052857143,28.1428571428571,21.6887757142857,27.1428571428571,,,,,,4872,2014-05-11,5300108,Brasilia,DF,2014,20
1399161600000,201419,0.0,0,0,0,0.5,0.0,0,1,530010820141919589,2023-08-20,Brasília,0,0.0,3055149,17.0,81.7142857142857,0,0,0,58.8106048571429,30.4285714285714,22.5957138571429,27.8571428571429,,,,,,4872,2014-05-04,5300108,Brasilia,DF,2014,19
1398556800000,201418,0.0,0,0,0,0.5,0.0,0,1,530010820141819589,2023-08-20,Brasília,0,0.0,3055149,14.5714285714286,80.4285714285714,0,0,0,58.2117348571429,29.1428571428571,20.994898,27.0,,,,,,4872,2014-04-27,5300108,Brasilia,DF,2014,18
1397952000000,201417,0.0,0,0,0,0.5,0.0,0,1,530010820141719589,2023-08-20,Brasília,0,0.0,3055149,19.4285714285714,83.0,0,0,0,70.4458207142857,42.1428571428571,23.1601132857143,27.8571428571429,,,,,,4872,2014-04-20,5300108,Brasilia,DF,2014,17
1397347200000,201416,0.0,0,0,0,0.5,0.0,0,1,530010820141619589,2023-08-20,Brasília,0,0.0,3055149,20.0,85.2857142857143,0,0,0,65.1334474285714,34.5714285714286,24.4886325714286,29.0,,,,,,4872,2014-04-13,5300108,Brasilia,DF,2014,16
1396742400000,201415,0.0,0,0,0,0.5,0.0,0,1,530010820141519589,2023-08-20,Brasília,0,0.0,3055149,20.5714285714286,88.2857142857143,0,0,0,70.485928,37.1428571428571,24.0806597142857,29.1428571428571,,,,,,4872,2014-04-06,5300108,Brasilia,DF,2014,15
1396137600000,201414,0.0,0,0,0,0.5,0.0,0,1,530010820141419589,2023-08-20,Brasília,0,0.0,3055149,20.1428571428571,89.2857142857143,0,0,0,74.6359222857143,46.0,23.0129837142857,28.0,,,,,,4872,2014-03-30,5300108,Brasilia,DF,2014,14
1395532800000,201413,0.0,0,0,0,0.5,0.0,0,1,530010820141319589,2023-08-20,Brasília,0,0.0,3055149,19.8571428571429,90.8571428571429,0,0,0,77.2736085714286,45.8571428571429,22.1759181428571,26.7142857142857,,,,,,4872,2014-03-23,5300108,Brasilia,DF,2014,13
1394928000000,201412,0.0,0,0,0,0.5,0.0,0,1,530010820141219589,2023-08-20,Brasília,0,0.0,3055149,19.5714285714286,85.2857142857143,0,0,0,67.9831368571429,38.7142857142857,23.3476074285714,29.2857142857143,,,,,,4872,2014-03-16,5300108,Brasilia,DF,2014,12
1394323200000,201411,0.0,0,0,0,0.5,0.0,0,1,530010820141119589,2023-08-20,Brasília,0,0.0,3055149,19.8571428571429,83.8571428571429,0,0,0,63.4616961428571,34.4285714285714,24.1478344285714,28.8571428571429,,,,,,4872,2014-03-09,5300108,Brasilia,DF,2014,11
1393718400000,201410,0.0,0,0,0,0.5,0.0,0,1,530010820141019589,2023-08-20,Brasília,0,0.0,3055149,19.8571428571429,89.7142857142857,0,0,0,74.45122,44.5714285714286,23.0490265714286,27.5714285714286,,,,,,4872,2014-03-02,5300108,Brasilia,DF,2014,10
1393113600000,201409,0.0,0,0,0,0.5,0.0,0,1,530010820140919589,2023-08-20,Brasília,0,0.0,3055149,19.2857142857143,83.0,0,0,0,64.8678975714286,38.8571428571429,23.6188598571429,28.4285714285714,,,,,,4872,2014-02-23,5300108,Brasilia,DF,2014,9
1392508800000,201408,0.0,0,0,0,0.5,0.0,0,1,530010820140819589,2023-08-20,Brasília,0,0.0,3055149,19.1428571428571,92.4285714285714,0,0,0,76.7170394285714,51.0,22.0341674285714,26.4285714285714,,,,,,4872,2014-02-16,5300108,Brasilia,DF,2014,8
1391904000000,201407,0.0,0,0,0,0.5,0.0,0,1,530010820140719589,2023-08-20,Brasília,0,0.0,3055149,18.1428571428571,89.4285714285714,0,0,0,64.5335765714286,38.1428571428571,23.330237,28.4285714285714,,,,,,4872,2014-02-09,5300108,Brasilia,DF,2014,7
1391299200000,201406,0.0,0,0,0,0.5,0.0,0,1,530010820140619589,2023-08-20,Brasília,0,0.0,3055149,18.4285714285714,77.8571428571429,0,0,0,50.6020405714286,21.7142857142857,24.4540815714286,30.1428571428571,,,,,,4872,2014-02-02,5300108,Brasilia,DF,2014,6
1390694400000,201405,0.0,0,0,0,0.5,0.0,0,1,530010820140519589,2023-08-20,Brasília,0,0.0,3055149,18.5714285714286,79.5714285714286,0,0,0,59.0306118571429,32.8571428571429,23.2653058571429,28.5714285714286,,,,,,4872,2014-01-26,5300108,Brasilia,DF,2014,5
1390089600000,201404,0.0,0,0,0,0.5,0.0,0,1,530010820140419589,2023-08-20,Brasília,0,0.0,3055149,18.1428571428571,93.1428571428571,0,0,0,74.4857485714286,36.5714285714286,21.7493897142857,27.1428571428571,,,,,,4872,2014-01-19,5300108,Brasilia,DF,2014,4
1389484800000,201403,0.0,0,0,0,0.5,0.0,0,1,530010820140319589,2023-08-20,Brasília,0,0.0,3055149,19.0,84.8571428571429,0,0,0,61.93049,32.1428571428571,23.8968517142857,29.8571428571429,,,,,,4872,2014-01-12,5300108,Brasilia,DF,2014,3
1388880000000,201402,0.0,0,0,0,0.5,0.0,0,1,530010820140219589,2023-08-20,Brasília,0,0.0,3055149,18.2857142857143,83.8571428571429,0,0,0,55.7462791428571,25.7142857142857,24.1043958571429,29.7142857142857,,,,,,4872,2014-01-05,5300108,Brasilia,DF,2014,2
1388275200000,201401,0.0,0,0,0,0.5,0.0,0,1,530010820140119589,2023-08-20,Brasília,0,0.0,3055149,18.5714285714286,89.8571428571429,0,0,0,65.0826708571429,34.4285714285714,24.1233797142857,29.8571428571429,,,,,,4872,2013-12-29,5300108,Brasilia,DF,2014,1
